{
  "all_pockets": [
    {
      "centroid": [
        37.493404388427734,
        14.891101837158203,
        7.840477466583252
      ],
      "cv_volume": 1.9198467864673188,
      "mean_volume": 660.7636363636364,
      "n_frames": 55,
      "site_id": 1,
      "volumes": [
        8532.0,
        189.0,
        0.0,
        0.0,
        0.0,
        0.0,
        0.0,
        135.0,
        270.0,
        1809.0,
        513.0,
        54.0,
        0.0,
        1944.0,
        216.0,
        216.0,
        0.0,
        1728.0,
        1269.0,
        243.0,
        0.0,
        0.0,
        0.0,
        0.0,
        0.0,
        864.0,
        2538.0,
        1458.0,
        324.0,
        0.0,
        0.0,
        0.0,
        216.0,
        0.0,
        648.0,
        1458.0,
        648.0,
        54.0,
        432.0,
        1512.0,
        405.0,
        27.0,
        0.0,
        0.0,
        1593.0,
        729.0,
        54.0,
        0.0,
        0.0,
        0.0,
        1080.0,
        1512.0,
        1728.0,
        1701.0,
        243.0
      ]
    },
    {
      "centroid": [
        35.937721252441406,
        15.758848190307617,
        1.3470544815063477
      ],
      "cv_volume": 1.6628252437273308,
      "mean_volume": 927.3272727272728,
      "n_frames": 55,
      "site_id": 0,
      "volumes": [
        8721.0,
        0.0,
        0.0,
        0.0,
        0.0,
        27.0,
        54.0,
        54.0,
        54.0,
        1917.0,
        621.0,
        675.0,
        27.0,
        4320.0,
        216.0,
        0.0,
        0.0,
        351.0,
        2673.0,
        621.0,
        27.0,
        378.0,
        270.0,
        0.0,
        0.0,
        1701.0,
        4482.0,
        1647.0,
        378.0,
        0.0,
        216.0,
        216.0,
        0.0,
        0.0,
        324.0,
        2457.0,
        810.0,
        513.0,
        1242.0,
        3078.0,
        432.0,
        0.0,
        0.0,
        0.0,
        1917.0,
        621.0,
        270.0,
        0.0,
        702.0,
        162.0,
        648.0,
        1566.0,
        3645.0,
        2349.0,
        621.0
      ]
    }
  ],
  "binding_sites": 2,
  "consensus_threshold": 4,
  "cryptic_sites": [
    {
      "centroid": [
        37.493404388427734,
        14.891101837158203,
        7.840477466583252
      ],
      "classification": "Unknown",
      "consensus_spike_count": 1346,
      "druggability": 0.7026540040969849,
      "inter_spike_intervals": [
        1.0,
        6.0,
        1.0,
        1.0,
        1.0,
        1.0,
        2.0,
        1.0,
        1.0,
        2.0,
        1.0,
        1.0,
        6.0,
        1.0,
        1.0,
        1.0,
        4.0,
        2.0,
        1.0,
        1.0,
        1.0,
        1.0,
        1.0,
        1.0,
        1.0,
        3.0,
        1.0,
        1.0,
        4.0,
        1.0,
        1.0,
        1.0,
        1.0
      ],
      "site_id": 1,
      "spike_amplitudes": [
        14.652283668518066,
        12.310781478881836,
        11.180570602416992,
        6.531350135803223,
        5.725347518920898,
        6.099876403808594,
        6.261607646942139,
        8.392362594604492,
        9.774652481079102,
        10.106106758117676,
        8.409280776977539,
        5.935427188873291,
        6.0840325355529785,
        18.09433364868164,
        7.547008991241455,
        6.451465129852295,
        8.831616401672363,
        10.1188383102417,
        11.269744873046875,
        5.608034610748291,
        6.051454544067383,
        6.062828063964844,
        6.93212890625,
        8.57498836517334,
        9.56009292602539,
        10.014272689819336,
        5.561543941497803,
        7.206711769104004,
        6.0359721183776855,
        34.91667938232422,
        13.418707847595215,
        7.537659168243408,
        6.755019664764404,
        5.978699207305908
      ],
      "spike_count": 1346,
      "spike_frames": [
        0,
        1,
        7,
        8,
        9,
        10,
        11,
        13,
        14,
        15,
        17,
        18,
        19,
        25,
        26,
        27,
        28,
        32,
        34,
        35,
        36,
        37,
        38,
        39,
        40,
        41,
        44,
        45,
        46,
        50,
        51,
        52,
        53,
        54
      ],
      "spike_source": "cluster_assigned",
      "volume": 143.0
    },
    {
      "centroid": [
        35.937721252441406,
        15.758848190307617,
        1.3470544815063477
      ],
      "classification": "Unknown",
      "consensus_spike_count": 1889,
      "druggability": 0.5930137038230896,
      "inter_spike_intervals": [
        5.0,
        1.0,
        1.0,
        1.0,
        1.0,
        1.0,
        1.0,
        1.0,
        1.0,
        1.0,
        3.0,
        1.0,
        1.0,
        1.0,
        1.0,
        1.0,
        3.0,
        1.0,
        1.0,
        1.0,
        2.0,
        1.0,
        3.0,
        1.0,
        1.0,
        1.0,
        1.0,
        1.0,
        1.0,
        4.0,
        1.0,
        1.0,
        2.0,
        1.0,
        1.0,
        1.0,
        1.0,
        1.0,
        1.0
      ],
      "site_id": 0,
      "spike_amplitudes": [
        8.543938636779785,
        15.196003913879395,
        19.519123077392578,
        12.746076583862305,
        11.926656723022461,
        5.6807661056518555,
        6.306291580200195,
        6.374380588531494,
        6.413701057434082,
        7.575417518615723,
        9.63040828704834,
        11.546006202697754,
        7.036246299743652,
        6.251514434814453,
        6.353557586669922,
        6.637551784515381,
        9.578020095825195,
        10.536786079406738,
        8.287949562072754,
        6.354259490966797,
        6.206394195556641,
        6.484889030456543,
        6.192509174346924,
        11.91845417022705,
        7.421692371368408,
        6.041923522949219,
        6.374885082244873,
        7.63887357711792,
        7.452764987945557,
        7.837100982666016,
        5.610095500946045,
        6.086900234222412,
        6.220274925231934,
        7.480097770690918,
        6.319107532501221,
        15.599507331848145,
        8.375205039978027,
        9.232595443725586,
        5.961892127990723,
        6.15511417388916
      ],
      "spike_count": 1889,
      "spike_frames": [
        0,
        5,
        6,
        7,
        8,
        9,
        10,
        11,
        12,
        13,
        14,
        17,
        18,
        19,
        20,
        21,
        22,
        25,
        26,
        27,
        28,
        30,
        31,
        34,
        35,
        36,
        37,
        38,
        39,
        40,
        44,
        45,
        46,
        48,
        49,
        50,
        51,
        52,
        53,
        54
      ],
      "spike_source": "cluster_assigned",
      "volume": 94.0
    }
  ],
  "druggable_sites": 2,
  "lining_residue_cutoff_angstroms": 8.0,
  "mode": "multi_stream",
  "n_streams": 8,
  "per_stream_stats": [
    {
      "druggable_sites": 0,
      "raw_spikes": 106704,
      "sites_found": 1,
      "stream_id": 0
    },
    {
      "druggable_sites": 0,
      "raw_spikes": 106646,
      "sites_found": 1,
      "stream_id": 1
    },
    {
      "druggable_sites": 0,
      "raw_spikes": 106666,
      "sites_found": 1,
      "stream_id": 2
    },
    {
      "druggable_sites": 0,
      "raw_spikes": 106661,
      "sites_found": 1,
      "stream_id": 3
    },
    {
      "druggable_sites": 0,
      "raw_spikes": 106718,
      "sites_found": 1,
      "stream_id": 4
    },
    {
      "druggable_sites": 0,
      "raw_spikes": 106673,
      "sites_found": 1,
      "stream_id": 5
    },
    {
      "druggable_sites": 0,
      "raw_spikes": 106656,
      "sites_found": 1,
      "stream_id": 6
    },
    {
      "druggable_sites": 0,
      "raw_spikes": 106662,
      "sites_found": 1,