rank,trajectory_id,anchor_id,canonical_smiles,sampling_temperature,sampling_regime,sampled_dihedral_deg,policy_logprob,trajectory_entropy,reward,pi_complement,adjusted_pi_clash,pi_clash_pocket,pi_clash_lock,cryptic_bonus,survival_tier,selected_dihedral_deg,reward_components_json,oracle_valid,generated_by_policy,epistemic_class,training_status
1,focused-000154,ANCHOR_073336,Cc1ccc2[nH]cc(CC[C@@H]3CNCC3=O)c2c1,0.5,focused,180.0,-9.66176986694336,10.308391571044922,67.10585941048511,4.0,3.2157265438479374,2.7772183787777642,57.88307778926287,8.0,cryptic_rescue,180.0,"{""adjusted_pi_clash"":3.2157265438479374,""cryptic_bonus"":8.0,""fragment_pi_complement"":4.0,""lock_proxy_method"":""intracellular_bottom_z_proxy_v1:z_min=117.4241:z_max=132.4266:cutoff=120.4246:lock_atoms=18:total_atoms=132"",""oracle_mode"":""validated_o3a_zmatrix_corpus_lookup"",""pi_clash_lock"":57.88307778926287,""pi_clash_pocket"":2.7772183787777642,""rust_reward_authority"":true,""selected_dihedral_deg"":180.0,""survival_tier"":""cryptic_rescue""}",true,true,PROJECTED,policy_generated_not_validated
2,exploration-001950,ANCHOR_019313,CCCc1ncc2c(n1)CCC[C@@H]2N,2.0,exploration,0.0,-11.763288497924805,11.206197738647461,61.50915793624256,5.0,3.3392311597620017,2.918540619949466,53.42769855619203,6.0,cryptic_rescue,0.0,"{""adjusted_pi_clash"":3.3392311597620017,""cryptic_bonus"":6.0,""fragment_pi_complement"":5.0,""lock_proxy_method"":""intracellular_bottom_z_proxy_v1:z_min=117.4241:z_max=135.7178:cutoff=121.0828:lock_atoms=16:total_atoms=127"",""oracle_mode"":""validated_o3a_zmatrix_corpus_lookup"",""pi_clash_lock"":53.42769855619203,""pi_clash_pocket"":2.918540619949466,""rust_reward_authority"":true,""selected_dihedral_deg"":0.0,""survival_tier"":""cryptic_rescue""}",true,true,PROJECTED,policy_generated_not_validated
3,exploitation-001513,ANCHOR_082471,Cc1nn(Cc2ccccc2)c(Cl)c1C(N)=O,0.1,exploitation,300.0,-9.640461921691895,1.7875181355903873e-25,58.95116646257216,5.0,2.971688551225345,2.567538908258698,50.51870537083086,6.0,cryptic_rescue,300.0,"{""adjusted_pi_clash"":2.971688551225345,""cryptic_bonus"":6.0,""fragment_pi_complement"":5.0,""lock_proxy_method"":""intracellular_bottom_z_proxy_v1:z_min=117.4241:z_max=137.0165:cutoff=121.3426:lock_atoms=17:total_atoms=125"",""oracle_mode"":""validated_o3a_zmatrix_corpus_lookup"",""pi_clash_lock"":50.51870537083086,""pi_clash_pocket"":2.567538908258698,""rust_reward_authority"":true,""selected_dihedral_deg"":300.0,""survival_tier"":""cryptic_rescue""}",true,true,PROJECTED,policy_generated_not_validated
4,exploration-001342,ANCHOR_060522,C[C@H]1C[C@H](CC2CCC(N)CC2)CC[C@@H]1N,2.0,exploration,60.0,-11.498656272888184,11.206197738647461,57.76449790556205,5.0,3.0940594077404007,2.7404526182843547,49.50495052384641,6.0,cryptic_rescue,60.0,"{""adjusted_pi_clash"":3.0940594077404007,""cryptic_bonus"":6.0,""fragment_pi_complement"":5.0,""lock_proxy_method"":""intracellular_bottom_z_proxy_v1:z_min=117.4241:z_max=135.7060:cutoff=121.0805:lock_atoms=16:total_atoms=140"",""oracle_mode"":""validated_o3a_zmatrix_corpus_lookup"",""pi_clash_lock"":49.50495052384641,""pi_clash_pocket"":2.7404526182843547,""rust_reward_authority"":true,""selected_dihedral_deg"":60.0,""survival_tier"":""cryptic_rescue""}",true,true,PROJECTED,policy_generated_not_validated
5,focused-000639,ANCHOR_007255,CC(C)(C)CCOc1ccc(F)cc1C#CCN,0.5,focused,240.0,-11.03486442565918,10.308391571044922,57.7160775978198,3.0,3.2220900286810723,2.837362861077362,51.55344045889716,6.0,cryptic_rescue,240.0,"{""adjusted_pi_clash"":3.2220900286810723,""cryptic_bonus"":6.0,""fragment_pi_complement"":3.0,""lock_proxy_method"":""intracellular_bottom_z_proxy_v1:z_min=117.4241:z_max=135.6618:cutoff=121.0716:lock_atoms=16:total_atoms=134"",""oracle_mode"":""validated_o3a_zmatrix_corpus_lookup"",""pi_clash_lock"":51.55344045889716,""pi_clash_pocket"":2.837362861077362,""rust_reward_authority"":true,""selected_dihedral_deg"":240.0,""survival_tier"":""cryptic_rescue""}",true,true,PROJECTED,policy_generated_not_validated
6,near_random-000016,ANCHOR_077856,Cc1ccn2c(CCN)c(C(C)(C)C)nc2c1,5.0,near_random,120.0,-11.664053916931152,11.239540100097656,57.31781842536161,5.0,2.748073886625847,2.3994376472777916,46.7172560726394,8.0,cryptic_rescue,120.0,"{""adjusted_pi_clash"":2.748073886625847,""cryptic_bonus"":8.0,""fragment_pi_complement"":5.0,""lock_proxy_method"":""intracellular_bottom_z_proxy_v1:z_min=117.4241:z_max=137.3217:cutoff=121.4036:lock_atoms=17:total_atoms=134"",""oracle_mode"":""validated_o3a_zmatrix_corpus_lookup"",""pi_clash_lock"":46.7172560726394,""pi_clash_pocket"":2.3994376472777916,""rust_reward_authority"":true,""selected_dihedral_deg"":120.0,""survival_tier"":""cryptic_rescue""}",true,true,PROJECTED,policy_generated_not_validated
7,balanced-000980,ANCHOR_063982,Cc1cc(C(=O)CN2CCCC2)ccc1F,1.0,balanced,300.0,-10.337788581848145,11.055851936340332,56.832917021324214,5.0,3.343631334165375,2.9779216569910374,46.81083867831525,8.0,cryptic_rescue,300.0,"{""adjusted_pi_clash"":3.343631334165375,""cryptic_bonus"":8.0,""fragment_pi_complement"":5.0,""lock_proxy_method"":""intracellular_bottom_z_proxy_v1:z_min=117.4241:z_max=133.9660:cutoff=120.7325:lock_atoms=14:total_atoms=128"",""oracle_mode"":""validated_o3a_zmatrix_corpus_lookup"",""pi_clash_lock"":46.81083867831525,""pi_clash_pocket"":2.9779216569910374,""rust_reward_authority"":true,""selected_dihedral_deg"":300.0,""survival_tier"":""cryptic_rescue""}",true,true,PROJECTED,policy_generated_not_validated
8,balanced-001451,ANCHOR_098342,Nc1cc(C(=O)NCC2CC2)ccc1Cl,1.0,balanced,300.0,-9.97248363494873,11.055851936340332,56.81172807474445,3.0,3.3858676649162263,2.9762868989989406,50.788014973743394,6.0,cryptic_rescue,300.0,"{""adjusted_pi_clash"":3.3858676649162263,""cryptic_bonus"":6.0,""fragment_pi_complement"":3.0,""lock_proxy_method"":""intracellular_bottom_z_proxy_v1:z_min=117.4241:z_max=134.6871:cutoff=120.8767:lock_atoms=15:total_atoms=124"",""oracle_mode"":""validated_o3a_zmatrix_corpus_lookup"",""pi_clash_lock"":50.788014973743394,""pi_clash_pocket"":2.9762868989989406,""rust_reward_authority"":true,""selected_dihedral_deg"":300.0,""survival_tier"":""cryptic_rescue""}",true,true,PROJECTED,policy_generated_not_validated
9,near_random-001638,ANCHOR_082361,Cc1nn(C)c2c1[C@@H](N)C[C@H](C)C2,5.0,near_random,0.0,-10.743881225585938,11.239540100097656,56.79463898238362,5.0,2.8951335318889484,2.527497527839558,46.322136510223174,8.0,cryptic_rescue,0.0,"{""adjusted_pi_clash"":2.8951335318889484,""cryptic_bonus"":8.0,""fragment_pi_complement"":5.0,""lock_proxy_method"":""intracellular_bottom_z_proxy_v1:z_min=117.4241:z_max=135.6281:cutoff=121.0649:lock_atoms=16:total_atoms=126"",""oracle_mode"":""validated_o3a_zmatrix_corpus_lookup"",""pi_clash_lock"":46.322136510223174,""pi_clash_pocket"":2.527497527839558,""rust_reward_authority"":true,""selected_dihedral_deg"":0.0,""survival_tier"":""cryptic_rescue""}",true,true,PROJECTED,policy_generated_not_validated
10,focused-001163,ANCHOR_013483,CC(C)[C@H]1CNc2cccc3c2N1CCN3C,0.5,focused,120.0,-10.266744613647461,10.308391571044922,56.683950874035474,3.0,3.2861053391514083,2.8937345523870612,52.57768542642253,4.0,cryptic_rescue,120.0,"{""adjusted_pi_clash"":3.2861053391514083,""cryptic_bonus"":4.0,""fragment_pi_complement"":3.0,""lock_proxy_method"":""intracellular_bottom_z_proxy_v1:z_min=117.4241:z_max=135.8726:cutoff=121.1138:lock_atoms=16:total_atoms=134"",""oracle_mode"":""validated_o3a_zmatrix_corpus_lookup"",""pi_clash_lock"":52.57768542642253,""pi_clash_pocket"":2.8937345523870612,""rust_reward_authority"":true,""selected_dihedral_deg"":120.0,""survival_tier"":""cryptic_rescue""}",true,true,PROJECTED,policy_generated_not_validated
11,balanced-000000,ANCHOR_089199,N=C(N)c1ccc(NC2CCCC2)c(F)c1,1.0,balanced,300.0,-11.496030807495117,11.055851936340332,56.47130677958955,5.0,3.362660358487804,2.968598597727514,50.43990537731706,4.0,cryptic_rescue,300.0,"{""adjusted_pi_clash"":3.362660358487804,""cryptic_bonus"":4.0,""fragment_pi_complement"":5.0,""lock_proxy_method"":""intracellular_bottom_z_proxy_v1:z_min=117.4241:z_max=134.4567:cutoff=120.8306:lock_atoms=15:total_atoms=128"",""oracle_mode"":""validated_o3a_zmatrix_corpus_lookup"",""pi_clash_lock"":50.43990537731706,""pi_clash_pocket"":2.968598597727514,""rust_reward_authority"":true,""selected_dihedral_deg"":300.0,""survival_tier"":""cryptic_rescue""}",true,true,PROJECTED,policy_generated_not_validated
12,focused-000077,ANCHOR_069617,Cc1ccc(C)c(-c2nc(N)c3c(n2)CCC3)c1,0.5,focused,300.0,-11.403532981872559,10.308391571044922,56.162404262310986,5.0,3.44570469328057,3.077461443616998,48.23986570592798,6.0,cryptic_rescue,300.0,"{""adjusted_pi_clash"":3.44570469328057,""cryptic_bonus"":6.0,""fragment_pi_complement"":5.0,""lock_proxy_method"":""intracellular_bottom_z_proxy_v1:z_min=117.4241:z_max=134.1382:cutoff=120.7669:lock_atoms=14:total_atoms=131"",""oracle_mode"":""validated_o3a_zmatrix_corpus_lookup"",""pi_clash_lock"":48.23986570592798,""pi_clash_pocket"":3.077461443616998,""rust_reward_authority"":true,""selected_dihedral_deg"":300.0,""survival_tier"":""cryptic_rescue""}",true,true,PROJECTED,policy_generated_not_validated
13,exploration-001667,ANCHOR_098253,Nc1cc(-c2ccc3ncccc3c2)ccn1,2.0,exploration,240.0,-10.417421340942383,11.206197738647461,55.9544257338864,4.0,2.9716885512253444,2.5642796369444505,50.51870537083085,4.0,cryptic_rescue,300.0,"{""adjusted_pi_clash"":2.9716885512253444,""cryptic_bonus"":4.0,""fragment_pi_complement"":4.0,""lock_proxy_method"":""intracellular_bottom_z_proxy_v1:z_min=117.4241:z_max=137.0582:cutoff=121.3509:lock_atoms=17:total_atoms=124"",""oracle_mode"":""validated_o3a_zmatrix_corpus_lookup"",""pi_clash_lock"":50.51870537083085,""pi_clash_pocket"":2.5642796369444505,""rust_reward_authority"":true,""selected_dihedral_deg"":300.0,""survival_tier"":""cryptic_rescue""}",true,true,PROJECTED,policy_generated_not_validated
14,balanced-000033,ANCHOR_046668,COc1cccc([S@+]([O-])C2CCNCC2)c1,1.0,balanced,60.0,-11.370841979980469,11.055851936340332,55.71518083411527,5.0,3.30931264557983,2.924508849582175,49.63968968369745,4.0,cryptic_rescue,60.0,"{""adjusted_pi_clash"":3.30931264557983,""cryptic_bonus"":4.0,""fragment_pi_complement"":5.0,""lock_proxy_method"":""intracellular_bottom_z_proxy_v1:z_min=117.4241:z_max=134.6643:cutoff=120.8721:lock_atoms=15:total_atoms=129"",""oracle_mode"":""validated_o3a_zmatrix_corpus_lookup"",""pi_clash_lock"":49.63968968369745,""pi_clash_pocket"":2.924508849582175,""rust_reward_authority"":true,""selected_dihedral_deg"":60.0,""survival_tier"":""cryptic_rescue""}",true,true,PROJECTED,policy_generated_not_validated
15,exploration-000901,ANCHOR_046997,COc1cccc2cc(-c3cc(N)c[nH]3)[nH]c12,2.0,exploration,180.0,-11.482702255249023,11.206197738647461,55.711600496017745,5.0,2.691323012853219,2.349567709633763,43.061168205651505,10.0,cryptic_rescue,180.0,"{""adjusted_pi_clash"":2.691323012853219,""cryptic_bonus"":10.0,""fragment_pi_complement"":5.0,""lock_proxy_method"":""intracellular_bottom_z_proxy_v1:z_min=116.6421:z_max=132.4266:cutoff=119.7990:lock_atoms=16:total_atoms=126"",""oracle_mode"":""validated_o3a_zmatrix_corpus_lookup"",""pi_clash_lock"":43.061168205651505,""pi_clash_pocket"":2.349567709633763,""rust_reward_authority"":true,""selected_dihedral_deg"":180.0,""survival_tier"":""cryptic_rescue""}",true,true,PROJECTED,policy_generated_not_validated
16,focused-000286,ANCHOR_016681,CC1CCC(OCc2ccnc(N)c2)CC1,0.5,focused,240.0,-9.874138832092285,10.308391571044922,55.06567016816599,5.0,2.914162556211378,2.5609307312160596,46.62660089938205,6.0,cryptic_rescue,300.0,"{""adjusted_pi_clash"":2.914162556211378,""cryptic_bonus"":6.0,""fragment_pi_complement"":5.0,""lock_proxy_method"":""intracellular_bottom_z_proxy_v1:z_min=117.4241:z_max=136.1305:cutoff=121.1654:lock_atoms=16:total_atoms=132"",""oracle_mode"":""validated_o3a_zmatrix_corpus_lookup"",""pi_clash_lock"":46.62660089938205,""pi_clash_pocket"":2.5609307312160596,""rust_reward_authority"":true,""selected_dihedral_deg"":300.0,""survival_tier"":""cryptic_rescue""}",true,true,PROJECTED,policy_generated_not_validated
17,focused-000717,ANCHOR_089149,N=C(N)c1c2c(nc3ccc(F)cc13)CCCC2,0.5,focused,60.0,-9.935909271240234,10.308391571044922,54.78889466982035,5.0,2.895133531888949,2.5332418404028303,46.32213651022318,6.0,cryptic_rescue,0.0,"{""adjusted_pi_clash"":2.895133531888949,""cryptic_bonus"":6.0,""fragment_pi_complement"":5.0,""lock_proxy_method"":""intracellular_bottom_z_proxy_v1:z_min=117.4241:z_max=135.8421:cutoff=121.1077:lock_atoms=16:total_atoms=128"",""oracle_mode"":""validated_o3a_zmatrix_corpus_lookup"",""pi_clash_lock"":46.32213651022318,""pi_clash_pocket"":2.5332418404028303,""rust_reward_authority"":true,""selected_dihedral_deg"":0.0,""survival_tier"":""cryptic_rescue""}",true,true,PROJECTED,policy_generated_not_validated
18,balanced-001842,ANCHOR_090859,NC1CCN(c2cccc(C(F)(F)F)c2)CC1,1.0,balanced,300.0,-10.940449714660645,11.055851936340332,54.486815803408895,5.0,3.317230287745136,2.9544082250230117,46.441224028431904,6.0,cryptic_rescue,300.0,"{""adjusted_pi_clash"":3.317230287745136,""cryptic_bonus"":6.0,""fragment_pi_complement"":5.0,""lock_proxy_method"":""intracellular_bottom_z_proxy_v1:z_min=117.4241:z_max=133.7473:cutoff=120.6887:lock_atoms=14:total_atoms=128"",""oracle_mode"":""validated_o3a_zmatrix_corpus_lookup"",""pi_clash_lock"":46.441224028431904,""pi_clash_pocket"":2.9544082250230117,""rust_reward_authority"":true,""selected_dihedral_deg"":300.0,""survival_tier"":""cryptic_rescue""}",true,true,PROJECTED,policy_generated_not_validated
19,focused-001200,ANCHOR_019129,CCCc1ccc(-c2cc(C)nc(N)n2)cc1,0.5,focused,180.0,-11.506355285644531,10.308391571044922,53.87934153179532,4.0,2.0771897745644377,1.7416437340578748,43.62098526585319,8.0,normal,120.0,"{""adjusted_pi_clash"":2.0771897745644377,""cryptic_bonus"":8.0,""fragment_pi_complement"":4.0,""lock_proxy_method"":""intracellular_bottom_z_proxy_v1:z_min=117.4241:z_max=132.4266:cutoff=120.4246:lock_atoms=21:total_atoms=130"",""oracle_mode"":""validated_o3a_zmatrix_corpus_lookup"",""pi_clash_lock"":43.62098526585319,""pi_clash_pocket"":1.7416437340578748,""rust_reward_authority"":true,""selected_dihedral_deg"":120.0,""survival_tier"":""normal""}",true,true,PROJECTED,policy_generated_not_validated
20,exploitation-001252,ANCHOR_010899,CC(C)C[C@H]1CNCCN1C(=O)N(C)C,0.1,exploitation,0.0,-9.646912574768066,1.7875181355903873e-25,53.67815254558754,5.0,3.362660358487804,3.0364321147539126,43.71458466034145,8.0,cryptic_rescue,0.0,"{""adjusted_pi_clash"":3.362660358487804,""cryptic_bonus"":8.0,""fragment_pi_complement"":5.0,""lock_proxy_method"":""intracellular_bottom_z_proxy_v1:z_min=117.4241:z_max=133.6687:cutoff=120.6730:lock_atoms=13:total_atoms=134"",""oracle_mode"":""validated_o3a_zmatrix_corpus_lookup"",""pi_clash_lock"":43.71458466034145,""pi_clash_pocket"":3.0364321147539126,""rust_reward_authority"":true,""selected_dihedral_deg"":0.0,""survival_tier"":""cryptic_rescue""}",true,true,PROJECTED,policy_generated_not_validated
21,balanced-001011,ANCHOR_046147,COc1ccc2nc([C@H]3CCNC3)ccc2c1,1.0,balanced,240.0,-11.454675674438477,11.055851936340332,53.659951327133406,6.0,3.3306527032526367,2.9691865184035136,46.62913784553692,4.0,cryptic_rescue,240.0,"{""adjusted_pi_clash"":3.3306527032526367,""cryptic_bonus"":4.0,""fragment_pi_complement"":6.0,""lock_proxy_method"":""intracellular_bottom_z_proxy_v1:z_min=117.4241:z_max=134.1087:cutoff=120.7610:lock_atoms=14:total_atoms=129"",""oracle_mode"":""validated_o3a_zmatrix_corpus_lookup"",""pi_clash_lock"":46.62913784553692,""pi_clash_pocket"":2.9691865184035136,""rust_reward_authority"":true,""selected_dihedral_deg"":240.0,""survival_tier"":""cryptic_rescue""}",true,true,PROJECTED,policy_generated_not_validated
22,near_random-001303,ANCHOR_089657,NC(=O)Nc1cc(Cl)ccc1N,5.0,near_random,300.0,-11.777911186218262,11.239540100097656,53.627353246214554,6.0,2.9461702114465456,2.5651999254836304,44.19255317169819,6.0,cryptic_rescue,300.0,"{""adjusted_pi_clash"":2.9461702114465456,""cryptic_bonus"":6.0,""fragment_pi_complement"":6.0,""lock_proxy_method"":""intracellular_bottom_z_proxy_v1:z_min=117.4241:z_max=134.4753:cutoff=120.8343:lock_atoms=15:total_atoms=116"",""oracle_mode"":""validated_o3a_zmatrix_corpus_lookup"",""pi_clash_lock"":44.19255317169819,""pi_clash_pocket"":2.5651999254836304,""rust_reward_authority"":true,""selected_dihedral_deg"":300.0,""survival_tier"":""cryptic_rescue""}",true,true,PROJECTED,policy_generated_not_validated
23,near_random-001334,ANCHOR_019366,CCCn1c(N)nc2ccccc21,5.0,near_random,180.0,-11.332171440124512,11.239540100097656,52.96176873331377,2.0,3.4668228586559953,3.0405741465261595,52.00234287983993,2.0,cryptic_rescue,300.0,"{""adjusted_pi_clash"":3.4668228586559953,""cryptic_bonus"":2.0,""fragment_pi_complement"":2.0,""lock_proxy_method"":""intracellular_bottom_z_proxy_v1:z_min=117.4241:z_max=134.7015:cutoff=120.8796:lock_atoms=15:total_atoms=122"",""oracle_mode"":""validated_o3a_zmatrix_corpus_lookup"",""pi_clash_lock"":52.00234287983993,""pi_clash_pocket"":3.0405741465261595,""rust_reward_authority"":true,""selected_dihedral_deg"":300.0,""survival_tier"":""cryptic_rescue""}",true,true,PROJECTED,policy_generated_not_validated
24,balanced-000561,ANCHOR_053665,C[C@@H]1C[C@H](CC(N)=O)c2cc3c(cc21)OCCO3,1.0,balanced,120.0,-11.793665885925293,11.055851936340332,52.787699361612155,6.0,2.7480738866258476,2.43340893777556,41.221108299387716,8.0,cryptic_rescue,120.0,"{""adjusted_pi_clash"":2.7480738866258476,""cryptic_bonus"":8.0,""fragment_pi_complement"":6.0,""lock_proxy_method"":""intracellular_bottom_z_proxy_v1:z_min=117.4241:z_max=134.7701:cutoff=120.8933:lock_atoms=15:total_atoms=131"",""oracle_mode"":""validated_o3a_zmatrix_corpus_lookup"",""pi_clash_lock"":41.221108299387716,""pi_clash_pocket"":2.43340893777556,""rust_reward_authority"":true,""selected_dihedral_deg"":120.0,""survival_tier"":""cryptic_rescue""}",true,true,PROJECTED,policy_generated_not_validated
25,focused-000246,ANCHOR_069500,Cc1ccc(C(=O)c2occc2N)cc1,0.5,focused,300.0,-10.179544448852539,10.308391571044922,52.60861700264262,5.0,2.946170211446546,2.583936169055577,44.192553171698194,6.0,cryptic_rescue,300.0,"{""adjusted_pi_clash"":2.946170211446546,""cryptic_bonus"":6.0,""fragment_pi_complement"":5.0,""lock_proxy_method"":""intracellular_bottom_z_proxy_v1:z_min=117.4241:z_max=134.7815:cutoff=120.8956:lock_atoms=15:total_atoms=122"",""oracle_mode"":""validated_o3a_zmatrix_corpus_lookup"",""pi_clash_lock"":44.192553171698194,""pi_clash_pocket"":2.583936169055577,""rust_reward_authority"":true,""selected_dihedral_deg"":300.0,""survival_tier"":""cryptic_rescue""}",true,true,PROJECTED,policy_generated_not_validated
26,near_random-001094,ANCHOR_071129,Cc1ccc(F)c([C@H]2CCC[C@@H]2N)c1,5.0,near_random,120.0,-11.718306541442871,11.239540100097656,52.59711750923337,5.0,2.9461702114465456,2.595435662464814,44.19255317169819,6.0,cryptic_rescue,0.0,"{""adjusted_pi_clash"":2.9461702114465456,""cryptic_bonus"":6.0,""fragment_pi_complement"":5.0,""lock_proxy_method"":""intracellular_bottom_z_proxy_v1:z_min=117.4241:z_max=134.8156:cutoff=120.9024:lock_atoms=15:total_atoms=126"",""oracle_mode"":""validated_o3a_zmatrix_corpus_lookup"",""pi_clash_lock"":44.19255317169819,""pi_clash_pocket"":2.595435662464814,""rust_reward_authority"":true,""selected_dihedral_deg"":0.0,""survival_tier"":""cryptic_rescue""}",true,true,PROJECTED,policy_generated_not_validated
27,exploration-000025,ANCHOR_075205,Cc1cccc(CC(=O)N[C@H]2CCC[C@H]2N)c1,2.0,exploration,300.0,-11.421415328979492,11.206197738647461,52.548074721753494,3.0,3.369149673944174,2.989170387409117,50.53724510916261,2.0,cryptic_rescue,0.0,"{""adjusted_pi_clash"":3.369149673944174,""cryptic_bonus"":2.0,""fragment_pi_complement"":3.0,""lock_proxy_method"":""intracellular_bottom_z_proxy_v1:z_min=117.4241:z_max=134.5225:cutoff=120.8438:lock_atoms=15:total_atoms=133"",""oracle_mode"":""validated_o3a_zmatrix_corpus_lookup"",""pi_clash_lock"":50.53724510916261,""pi_clash_pocket"":2.989170387409117,""rust_reward_authority"":true,""selected_dihedral_deg"":0.0,""survival_tier"":""cryptic_rescue""}",true,true,PROJECTED,policy_generated_not_validated
28,exploration-000023,ANCHOR_056402,C[C@H](N)C(=O)c1ccc2[nH]c3ccccc3c2c1,2.0,exploration,240.0,-11.640032768249512,11.206197738647461,52.43868148846353,3.0,3.3603493251374275,2.966558388597885,50.40523987706141,2.0,cryptic_rescue,300.0,"{""adjusted_pi_clash"":3.3603493251374275,""cryptic_bonus"":2.0,""fragment_pi_complement"":3.0,""lock_proxy_method"":""intracellular_bottom_z_proxy_v1:z_min=117.4241:z_max=135.1439:cutoff=120.9681:lock_atoms=15:total_atoms=128"",""oracle_mode"":""validated_o3a_zmatrix_corpus_lookup"",""pi_clash_lock"":50.40523987706141,""pi_clash_pocket"":2.966558388597885,""rust_reward_authority"":true,""selected_dihedral_deg"":300.0,""survival_tier"":""cryptic_rescue""}",true,true,PROJECTED,policy_generated_not_validated
29,exploration-000806,ANCHOR_078587,Cc1cnc(C(=O)N(C)[C@H]2CCC[C@H](C)C2)cn1,2.0,exploration,240.0,-11.254396438598633,11.206197738647461,52.13336669400906,4.0,2.8440968523313512,2.528086090961201,42.661452784970265,8.0,cryptic_rescue,240.0,"{""adjusted_pi_clash"":2.8440968523313512,""cryptic_bonus"":8.0,""fragment_pi_complement"":4.0,""lock_proxy_method"":""intracellular_bottom_z_proxy_v1:z_min=117.4241:z_max=134.6357:cutoff=120.8664:lock_atoms=15:total_atoms=135"",""oracle_mode"":""validated_o3a_zmatrix_corpus_lookup"",""pi_clash_lock"":42.661452784970265,""pi_clash_pocket"":2.528086090961201,""rust_reward_authority"":true,""selected_dihedral_deg"":240.0,""survival_tier"":""cryptic_rescue""}",true,true,PROJECTED,policy_generated_not_validated
30,exploration-000444,ANCHOR_065040,Cc1cc(C)c2c(c1)O[C@@]1(CCNC1)C[C@H]2O,2.0,exploration,60.0,-11.664899826049805,11.206197738647461,52.0163438338359,4.0,2.8352965035246047,2.513103719033172,42.52944755286907,8.0,cryptic_rescue,60.0,"{""adjusted_pi_clash"":2.8352965035246047,""cryptic_bonus"":8.0,""fragment_pi_complement"":4.0,""lock_proxy_method"":""intracellular_bottom_z_proxy_v1:z_min=117.4241:z_max=134.6145:cutoff=120.8622:lock_atoms=15:total_atoms=132"",""oracle_mode"":""validated_o3a_zmatrix_corpus_lookup"",""pi_clash_lock"":42.52944755286907,""pi_clash_pocket"":2.513103719033172,""rust_reward_authority"":true,""selected_dihedral_deg"":60.0,""survival_tier"":""cryptic_rescue""}",true,true,PROJECTED,policy_generated_not_validated
31,exploration-001040,ANCHOR_088296,N#Cc1ccc(Cl)cc1NCc1ncc[nH]1,2.0,exploration,180.0,-11.050129890441895,11.206197738647461,51.85814663642405,3.0,3.4201863535017707,3.0244623126007393,47.88260894902479,4.0,cryptic_rescue,300.0,"{""adjusted_pi_clash"":3.4201863535017707,""cryptic_bonus"":4.0,""fragment_pi_complement"":3.0,""lock_proxy_method"":""intracellular_bottom_z_proxy_v1:z_min=117.4241:z_max=134.3434:cutoff=120.8080:lock_atoms=14:total_atoms=121"",""oracle_mode"":""validated_o3a_zmatrix_corpus_lookup"",""pi_clash_lock"":47.88260894902479,""pi_clash_pocket"":3.0244623126007393,""rust_reward_authority"":true,""selected_dihedral_deg"":300.0,""survival_tier"":""cryptic_rescue""}",true,true,PROJECTED,policy_generated_not_validated
32,near_random-001180,ANCHOR_046568,COc1cccc([C@@H]2[C@@H](CN)CCN2C(C)=O)c1,5.0,near_random,120.0,-11.3345365524292,11.239540100097656,51.834001581803385,3.0,2.780081541861015,2.4273846298338713,47.26138621163726,4.0,cryptic_rescue,120.0,"{""adjusted_pi_clash"":2.780081541861015,""cryptic_bonus"":4.0,""fragment_pi_complement"":3.0,""lock_proxy_method"":""intracellular_bottom_z_proxy_v1:z_min=117.4241:z_max=137.2138:cutoff=121.3820:lock_atoms=17:total_atoms=134"",""oracle_mode"":""validated_o3a_zmatrix_corpus_lookup"",""pi_clash_lock"":47.26138621163726,""pi_clash_pocket"":2.4273846298338713,""rust_reward_authority"":true,""selected_dihedral_deg"":120.0,""survival_tier"":""cryptic_rescue""}",true,true,PROJECTED,policy_generated_not_validated
33,near_random-001826,ANCHOR_089200,N=C(N)c1ccc(Nc2ccccc2)cc1,5.0,near_random,300.0,-11.713586807250977,11.239540100097656,51.5920150211356,3.0,3.1580747182107367,2.7791057520254485,47.37112077316105,4.0,cryptic_rescue,0.0,"{""adjusted_pi_clash"":3.1580747182107367,""cryptic_bonus"":4.0,""fragment_pi_complement"":3.0,""lock_proxy_method"":""intracellular_bottom_z_proxy_v1:z_min=117.4241:z_max=134.4532:cutoff=120.8299:lock_atoms=15:total_atoms=125"",""oracle_mode"":""validated_o3a_zmatrix_corpus_lookup"",""pi_clash_lock"":47.37112077316105,""pi_clash_pocket"":2.7791057520254485,""rust_reward_authority"":true,""selected_dihedral_deg"":0.0,""survival_tier"":""cryptic_rescue""}",true,true,PROJECTED,policy_generated_not_validated
34,exploration-001214,ANCHOR_086941,N#CCCn1c(C(F)(F)F)nc2c1CCCC2,2.0,exploration,0.0,-9.866851806640625,11.206197738647461,51.569662958763345,3.0,2.946170211446546,2.569060424381388,47.138723383144736,4.0,cryptic_rescue,0.0,"{""adjusted_pi_clash"":2.946170211446546,""cryptic_bonus"":4.0,""fragment_pi_complement"":3.0,""lock_proxy_method"":""intracellular_bottom_z_proxy_v1:z_min=117.4241:z_max=136.3317:cutoff=121.2056:lock_atoms=16:total_atoms=125"",""oracle_mode"":""validated_o3a_zmatrix_corpus_lookup"",""pi_clash_lock"":47.138723383144736,""pi_clash_pocket"":2.569060424381388,""rust_reward_authority"":true,""selected_dihedral_deg"":0.0,""survival_tier"":""cryptic_rescue""}",true,true,PROJECTED,policy_generated_not_validated
35,exploration-000127,ANCHOR_007659,CC(C)(C)NCCC(=O)N1CCOCC1,2.0,exploration,180.0,-11.249954223632812,11.206197738647461,51.48801765352738,3.0,3.3946680137229728,3.037334538594239,47.525352192121616,4.0,cryptic_rescue,0.0,"{""adjusted_pi_clash"":3.3946680137229728,""cryptic_bonus"":4.0,""fragment_pi_complement"":3.0,""lock_proxy_method"":""intracellular_bottom_z_proxy_v1:z_min=117.4241:z_max=134.3178:cutoff=120.8028:lock_atoms=14:total_atoms=133"",""oracle_mode"":""validated_o3a_zmatrix_corpus_lookup"",""pi_clash_lock"":47.525352192121616,""pi_clash_pocket"":3.037334538594239,""rust_reward_authority"":true,""selected_dihedral_deg"":0.0,""survival_tier"":""cryptic_rescue""}",true,true,PROJECTED,policy_generated_not_validated
36,near_random-000531,ANCHOR_081827,Cc1ncc2[nH]cc(C3(CN)CCCC3)c2n1,5.0,near_random,240.0,-10.21396255493164,11.239540100097656,51.47820200787254,4.0,3.2220900286810723,2.853148422343545,48.331350430216084,2.0,cryptic_rescue,120.0,"{""adjusted_pi_clash"":3.2220900286810723,""cryptic_bonus"":2.0,""fragment_pi_complement"":4.0,""lock_proxy_method"":""intracellular_bottom_z_proxy_v1:z_min=117.4241:z_max=134.9997:cutoff=120.9392:lock_atoms=15:total_atoms=131"",""oracle_mode"":""validated_o3a_zmatrix_corpus_lookup"",""pi_clash_lock"":48.331350430216084,""pi_clash_pocket"":2.853148422343545,""rust_reward_authority"":true,""selected_dihedral_deg"":120.0,""survival_tier"":""cryptic_rescue""}",true,true,PROJECTED,policy_generated_not_validated
37,exploration-000079,ANCHOR_038545,CN[C@H](c1ccc2c(c1)CCO2)c1ccoc1C,2.0,exploration,0.0,-11.624364852905273,11.206197738647461,51.42666691243108,3.0,2.805599881639814,2.4629311938059435,44.889598106237024,6.0,cryptic_rescue,0.0,"{""adjusted_pi_clash"":2.805599881639814,""cryptic_bonus"":6.0,""fragment_pi_complement"":3.0,""lock_proxy_method"":""intracellular_bottom_z_proxy_v1:z_min=117.4241:z_max=135.8144:cutoff=121.1022:lock_atoms=16:total_atoms=131"",""oracle_mode"":""validated_o3a_zmatrix_corpus_lookup"",""pi_clash_lock"":44.889598106237024,""pi_clash_pocket"":2.4629311938059435,""rust_reward_authority"":true,""selected_dihedral_deg"":0.0,""survival_tier"":""cryptic_rescue""}",true,true,PROJECTED,policy_generated_not_validated
38,near_random-001504,ANCHOR_054065,C[C@@H]1Cc2cccc([C@@H](N)CO)c2O1,5.0,near_random,300.0,-11.158073425292969,11.239540100097656,51.39793562278544,4.0,3.420186353501771,3.064486972737587,44.46242259552302,6.0,cryptic_rescue,300.0,"{""adjusted_pi_clash"":3.420186353501771,""cryptic_bonus"":6.0,""fragment_pi_complement"":4.0,""lock_proxy_method"":""intracellular_bottom_z_proxy_v1:z_min=117.4241:z_max=133.6800:cutoff=120.6753:lock_atoms=13:total_atoms=125"",""oracle_mode"":""validated_o3a_zmatrix_corpus_lookup"",""pi_clash_lock"":44.46242259552302,""pi_clash_pocket"":3.064486972737587,""rust_reward_authority"":true,""selected_dihedral_deg"":300.0,""survival_tier"":""cryptic_rescue""}",true,true,PROJECTED,policy_generated_not_validated
39,exploration-001649,ANCHOR_014843,CC(C)n1cnc2c([C@H](C)CN)cccc21,2.0,exploration,0.0,-11.767021179199219,11.206197738647461,51.381644048093946,4.0,3.420186353501771,3.0807785474290763,44.46242259552302,6.0,cryptic_rescue,0.0,"{""adjusted_pi_clash"":3.420186353501771,""cryptic_bonus"":6.0,""fragment_pi_complement"":4.0,""lock_proxy_method"":""intracellular_bottom_z_proxy_v1:z_min=117.4241:z_max=133.6310:cutoff=120.6655:lock_atoms=13:total_atoms=131"",""oracle_mode"":""validated_o3a_zmatrix_corpus_lookup"",""pi_clash_lock"":44.46242259552302,""pi_clash_pocket"":3.0807785474290763,""rust_reward_authority"":true,""selected_dihedral_deg"":0.0,""survival_tier"":""cryptic_rescue""}",true,true,PROJECTED,policy_generated_not_validated
40,balanced-000717,ANCHOR_088845,N#Cc1cccnc1C(=O)Nc1ccccc1,1.0,balanced,180.0,-10.449869155883789,11.055851936340332,51.318945380739365,4.0,2.6840585761555116,2.3100504139043334,45.6289957946437,4.0,cryptic_rescue,60.0,"{""adjusted_pi_clash"":2.6840585761555116,""cryptic_bonus"":4.0,""fragment_pi_complement"":4.0,""lock_proxy_method"":""intracellular_bottom_z_proxy_v1:z_min=117.4241:z_max=137.8849:cutoff=121.5163:lock_atoms=17:total_atoms=122"",""oracle_mode"":""validated_o3a_zmatrix_corpus_lookup"",""pi_clash_lock"":45.6289957946437,""pi_clash_pocket"":2.3100504139043334,""rust_reward_authority"":true,""selected_dihedral_deg"":60.0,""survival_tier"":""cryptic_rescue""}",true,true,PROJECTED,policy_generated_not_validated
41,exploration-001297,ANCHOR_092186,NCC[C@H]1CN(c2ccccc2)C(=O)CO1,2.0,exploration,60.0,-11.497123718261719,11.206197738647461,51.246932391741055,6.0,2.7800815418610156,2.454290736174178,41.701223127915235,6.0,cryptic_rescue,60.0,"{""adjusted_pi_clash"":2.7800815418610156,""cryptic_bonus"":6.0,""fragment_pi_complement"":6.0,""lock_proxy_method"":""intracellular_bottom_z_proxy_v1:z_min=117.4241:z_max=134.9820:cutoff=120.9357:lock_atoms=15:total_atoms=128"",""oracle_mode"":""validated_o3a_zmatrix_corpus_lookup"",""pi_clash_lock"":41.701223127915235,""pi_clash_pocket"":2.454290736174178,""rust_reward_authority"":true,""selected_dihedral_deg"":60.0,""survival_tier"":""cryptic_rescue""}",true,true,PROJECTED,policy_generated_not_validated
42,exploration-000695,ANCHOR_011160,CC(C)N(C)C(=O)Cc1c[nH]c2ccccc12,2.0,exploration,180.0,-11.7567138671875,11.206197738647461,51.12288549192235,5.0,3.1260670629755687,2.768120452711191,46.891005944633534,2.0,cryptic_rescue,0.0,"{""adjusted_pi_clash"":3.1260670629755687,""cryptic_bonus"":2.0,""fragment_pi_complement"":5.0,""lock_proxy_method"":""intracellular_bottom_z_proxy_v1:z_min=117.4241:z_max=135.2386:cutoff=120.9870:lock_atoms=15:total_atoms=131"",""oracle_mode"":""validated_o3a_zmatrix_corpus_lookup"",""pi_clash_lock"":46.891005944633534,""pi_clash_pocket"":2.768120452711191,""rust_reward_authority"":true,""selected_dihedral_deg"":0.0,""survival_tier"":""cryptic_rescue""}",true,true,PROJECTED,policy_generated_not_validated
43,focused-000337,ANCHOR_055775,C[C@H](CCN)c1ccc2nccn2c1,0.5,focused,120.0,-11.272112846374512,10.308391571044922,51.04396311305617,4.0,3.1900823734459043,2.8072724886323956,47.851235601688565,2.0,cryptic_rescue,60.0,"{""adjusted_pi_clash"":3.1900823734459043,""cryptic_bonus"":2.0,""fragment_pi_complement"":4.0,""lock_proxy_method"":""intracellular_bottom_z_proxy_v1:z_min=117.4241:z_max=134.8706:cutoff=120.9134:lock_atoms=15:total_atoms=125"",""oracle_mode"":""validated_o3a_zmatrix_corpus_lookup"",""pi_clash_lock"":47.851235601688565,""pi_clash_pocket"":2.8072724886323956,""rust_reward_authority"":true,""selected_dihedral_deg"":60.0,""survival_tier"":""cryptic_rescue""}",true,true,PROJECTED,policy_generated_not_validated
44,near_random-001861,ANCHOR_068615,Cc1ccc(-c2ccc(N)cn2)c(C)c1,5.0,near_random,240.0,-11.73975658416748,11.239540100097656,50.95116646257216,1.0,2.971688551225345,2.567538908258698,50.51870537083086,2.0,cryptic_rescue,300.0,"{""adjusted_pi_clash"":2.971688551225345,""cryptic_bonus"":2.0,""fragment_pi_complement"":1.0,""lock_proxy_method"":""intracellular_bottom_z_proxy_v1:z_min=117.4241:z_max=137.1361:cutoff=121.3665:lock_atoms=17:total_atoms=125"",""oracle_mode"":""validated_o3a_zmatrix_corpus_lookup"",""pi_clash_lock"":50.51870537083086,""pi_clash_pocket"":2.567538908258698,""rust_reward_authority"":true,""selected_dihedral_deg"":300.0,""survival_tier"":""cryptic_rescue""}",true,true,PROJECTED,policy_generated_not_validated
45,exploration-001677,ANCHOR_065106,Cc1cc(C)c2c(c1)c(C1(CN)CC1)cn2C,2.0,exploration,0.0,-11.552453994750977,11.206197738647461,50.94128416840901,4.0,3.3842080760710993,3.0534208205152775,43.99470498892429,6.0,cryptic_rescue,0.0,"{""adjusted_pi_clash"":3.3842080760710993,""cryptic_bonus"":6.0,""fragment_pi_complement"":4.0,""lock_proxy_method"":""intracellular_bottom_z_proxy_v1:z_min=117.4241:z_max=133.5689:cutoff=120.6531:lock_atoms=13:total_atoms=133"",""oracle_mode"":""validated_o3a_zmatrix_corpus_lookup"",""pi_clash_lock"":43.99470498892429,""pi_clash_pocket"":3.0534208205152775,""rust_reward_authority"":true,""selected_dihedral_deg"":0.0,""survival_tier"":""cryptic_rescue""}",true,true,PROJECTED,policy_generated_not_validated
46,focused-001440,ANCHOR_080609,Cc1nc(N)ccc1-c1cccs1,0.5,focused,300.0,-9.917607307434082,10.308391571044922,50.90828879543169,4.0,2.9672883768219713,2.5683252337198574,47.47661402915154,2.0,cryptic_rescue,300.0,"{""adjusted_pi_clash"":2.9672883768219713,""cryptic_bonus"":2.0,""fragment_pi_complement"":4.0,""lock_proxy_method"":""intracellular_bottom_z_proxy_v1:z_min=117.4241:z_max=136.3196:cutoff=121.2032:lock_atoms=16:total_atoms=119"",""oracle_mode"":""validated_o3a_zmatrix_corpus_lookup"",""pi_clash_lock"":47.47661402915154,""pi_clash_pocket"":2.5683252337198574,""rust_reward_authority"":true,""selected_dihedral_deg"":300.0,""survival_tier"":""cryptic_rescue""}",true,true,PROJECTED,policy_generated_not_validated
47,near_random-001415,ANCHOR_090903,NCC#Cc1cc(F)ccc1Cn1ccnc1,5.0,near_random,180.0,-11.600629806518555,11.239540100097656,50.8283600806227,5.0,3.1900823734459047,2.8327931476199635,44.66115322824267,4.0,cryptic_rescue,180.0,"{""adjusted_pi_clash"":3.1900823734459047,""cryptic_bonus"":4.0,""fragment_pi_complement"":5.0,""lock_proxy_method"":""intracellular_bottom_z_proxy_v1:z_min=117.4241:z_max=134.2426:cutoff=120.7878:lock_atoms=14:total_atoms=125"",""oracle_mode"":""validated_o3a_zmatrix_corpus_lookup"",""pi_clash_lock"":44.66115322824267,""pi_clash_pocket"":2.8327931476199635,""rust_reward_authority"":true,""selected_dihedral_deg"":180.0,""survival_tier"":""cryptic_rescue""}",true,true,PROJECTED,policy_generated_not_validated
48,balanced-001423,ANCHOR_030976,CN(C)[C@H]1CCN(C(=O)C[C@@H]2CCCNC2)C1,1.0,balanced,180.0,-11.712621688842773,11.055851936340332,50.694100699192795,4.0,3.411386004695025,3.0653033665375586,47.75940406573035,2.0,cryptic_rescue,180.0,"{""adjusted_pi_clash"":3.411386004695025,""cryptic_bonus"":2.0,""fragment_pi_complement"":4.0,""lock_proxy_method"":""intracellular_bottom_z_proxy_v1:z_min=117.4241:z_max=133.8243:cutoff=120.7041:lock_atoms=14:total_atoms=138"",""oracle_mode"":""validated_o3a_zmatrix_corpus_lookup"",""pi_clash_lock"":47.75940406573035,""pi_clash_pocket"":3.0653033665375586,""rust_reward_authority"":true,""selected_dihedral_deg"":180.0,""survival_tier"":""cryptic_rescue""}",true,true,PROJECTED,policy_generated_not_validated
49,balanced-001518,ANCHOR_112185,Oc1cc(F)c2c(c1)[C@H](c1c[nH]cn1)NCC2,1.0,balanced,300.0,-10.196953773498535,11.055851936340332,50.23789225453047,4.0,2.916251697264374,2.5896315071707643,40.82752376170124,8.0,cryptic_rescue,300.0,"{""adjusted_pi_clash"":2.916251697264374,""cryptic_bonus"":8.0,""fragment_pi_complement"":4.0,""lock_proxy_method"":""intracellular_bottom_z_proxy_v1:z_min=117.4241:z_max=134.0474:cutoff=120.7488:lock_atoms=14:total_atoms=125"",""oracle_mode"":""validated_o3a_zmatrix_corpus_lookup"",""pi_clash_lock"":40.82752376170124,""pi_clash_pocket"":2.5896315071707643,""rust_reward_authority"":true,""selected_dihedral_deg"":300.0,""survival_tier"":""cryptic_rescue""}",true,true,PROJECTED,policy_generated_not_validated
50,near_random-000715,ANCHOR_062554,Cc1c(C#N)c(N)n(CC2CCC2)c1C,5.0,near_random,300.0,-11.70378589630127,11.239540100097656,50.107153920389294,3.0,2.911851522861001,2.5706189225257274,43.67777284291502,6.0,cryptic_rescue,300.0,"{""adjusted_pi_clash"":2.911851522861001,""cryptic_bonus"":6.0,""fragment_pi_complement"":3.0,""lock_proxy_method"":""intracellular_bottom_z_proxy_v1:z_min=117.4241:z_max=134.6267:cutoff=120.8646:lock_atoms=15:total_atoms=128"",""oracle_mode"":""validated_o3a_zmatrix_corpus_lookup"",""pi_clash_lock"":43.67777284291502,""pi_clash_pocket"":2.5706189225257274,""rust_reward_authority"":true,""selected_dihedral_deg"":300.0,""survival_tier"":""cryptic_rescue""}",true,true,PROJECTED,policy_generated_not_validated
51,balanced-000484,ANCHOR_072101,Cc1ccc(OC2CCNCC2)cc1,1.0,balanced,240.0,-11.712638854980469,11.055851936340332,50.050500285481874,4.0,3.30931264557983,2.9705641070559103,43.02106439253779,6.0,cryptic_rescue,240.0,"{""adjusted_pi_clash"":3.30931264557983,""cryptic_bonus"":6.0,""fragment_pi_complement"":4.0,""lock_proxy_method"":""intracellular_bottom_z_proxy_v1:z_min=117.4241:z_max=133.6308:cutoff=120.6654:lock_atoms=13:total_atoms=127"",""oracle_mode"":""validated_o3a_zmatrix_corpus_lookup"",""pi_clash_lock"":43.02106439253779,""pi_clash_pocket"":2.9705641070559103,""rust_reward_authority"":true,""selected_dihedral_deg"":240.0,""survival_tier"":""cryptic_rescue""}",true,true,PROJECTED,policy_generated_not_validated
52,exploration-001488,ANCHOR_067565,Cc1cc([C@H](N)C2CCOCC2)c(C)s1,2.0,exploration,120.0,-11.960591316223145,11.206197738647461,49.86592331550939,3.0,2.895133531888949,2.5610796628248393,43.42700297833423,6.0,cryptic_rescue,300.0,"{""adjusted_pi_clash"":2.895133531888949,""cryptic_bonus"":6.0,""fragment_pi_complement"":3.0,""lock_proxy_method"":""intracellular_bottom_z_proxy_v1:z_min=117.4241:z_max=134.8503:cutoff=120.9093:lock_atoms=15:total_atoms=130"",""oracle_mode"":""validated_o3a_zmatrix_corpus_lookup"",""pi_clash_lock"":43.42700297833423,""pi_clash_pocket"":2.5610796628248393,""rust_reward_authority"":true,""selected_dihedral_deg"":300.0,""survival_tier"":""cryptic_rescue""}",true,true,PROJECTED,policy_generated_not_validated
53,near_random-001742,ANCHOR_048548,C[C@@H](CC#N)Oc1ccc2c(c1)CCC2,5.0,near_random,120.0,-11.445741653442383,11.239540100097656,49.70008324772814,4.0,2.6244546113398455,2.291190533709389,41.99127378143753,6.0,cryptic_rescue,120.0,"{""adjusted_pi_clash"":2.6244546113398455,""cryptic_bonus"":6.0,""fragment_pi_complement"":4.0,""lock_proxy_method"":""intracellular_bottom_z_proxy_v1:z_min=116.5500:z_max=132.4266:cutoff=119.7253:lock_atoms=16:total_atoms=126"",""oracle_mode"":""validated_o3a_zmatrix_corpus_lookup"",""pi_clash_lock"":41.99127378143753,""pi_clash_pocket"":2.291190533709389,""rust_reward_authority"":true,""selected_dihedral_deg"":120.0,""survival_tier"":""cryptic_rescue""}",true,true,PROJECTED,policy_generated_not_validated
54,exploration-001119,ANCHOR_022592,CCOc1c(Cl)cc(Cl)cc1CN,2.0,exploration,0.0,-11.640018463134766,11.206197738647461,49.63957649948368,5.0,2.4211173898337233,2.0983017378558935,38.73787823733957,8.0,normal,0.0,"{""adjusted_pi_clash"":2.4211173898337233,""cryptic_bonus"":8.0,""fragment_pi_complement"":5.0,""lock_proxy_method"":""intracellular_bottom_z_proxy_v1:z_min=117.4241:z_max=135.9596:cutoff=121.1312:lock_atoms=16:total_atoms=120"",""oracle_mode"":""validated_o3a_zmatrix_corpus_lookup"",""pi_clash_lock"":38.73787823733957,""pi_clash_pocket"":2.0983017378558935,""rust_reward_authority"":true,""selected_dihedral_deg"":0.0,""survival_tier"":""normal""}",true,true,PROJECTED,policy_generated_not_validated
55,near_random-000872,ANCHOR_062124,Cc1[nH]c2ccccc2c1C(=O)[C@@H](N)C(C)C,5.0,near_random,300.0,-11.408243179321289,11.239540100097656,49.61167393017655,4.0,2.86961519211015,2.562938759365554,40.1746126895421,8.0,cryptic_rescue,300.0,"{""adjusted_pi_clash"":2.86961519211015,""cryptic_bonus"":8.0,""fragment_pi_complement"":4.0,""lock_proxy_method"":""intracellular_bottom_z_proxy_v1:z_min=117.4241:z_max=134.3339:cutoff=120.8060:lock_atoms=14:total_atoms=131"",""oracle_mode"":""validated_o3a_zmatrix_corpus_lookup"",""pi_clash_lock"":40.1746126895421,""pi_clash_pocket"":2.562938759365554,""rust_reward_authority"":true,""selected_dihedral_deg"":300.0,""survival_tier"":""cryptic_rescue""}",true,true,PROJECTED,policy_generated_not_validated
56,balanced-001654,ANCHOR_068058,Cc1cc2c(cc1C)[C@H](C1CCNCC1)NCC2,1.0,balanced,60.0,-11.629180908203125,11.055851936340332,49.507377283642306,3.0,2.812089197096183,2.486049869896626,44.99342715353893,4.0,cryptic_rescue,180.0,"{""adjusted_pi_clash"":2.812089197096183,""cryptic_bonus"":4.0,""fragment_pi_complement"":3.0,""lock_proxy_method"":""intracellular_bottom_z_proxy_v1:z_min=117.4241:z_max=135.7504:cutoff=121.0894:lock_atoms=16:total_atoms=138"",""oracle_mode"":""validated_o3a_zmatrix_corpus_lookup"",""pi_clash_lock"":44.99342715353893,""pi_clash_pocket"":2.486049869896626,""rust_reward_authority"":true,""selected_dihedral_deg"":180.0,""survival_tier"":""cryptic_rescue""}",true,true,PROJECTED,policy_generated_not_validated
57,balanced-000511,ANCHOR_042620,COc1cc(C(=O)Nc2ccccc2)ccc1N,1.0,balanced,240.0,-11.090544700622559,11.055851936340332,49.46316356736067,5.0,3.3436313341653747,3.004043776789204,43.46720734414987,4.0,cryptic_rescue,240.0,"{""adjusted_pi_clash"":3.3436313341653747,""cryptic_bonus"":4.0,""fragment_pi_complement"":5.0,""lock_proxy_method"":""intracellular_bottom_z_proxy_v1:z_min=117.4241:z_max=133.4109:cutoff=120.6215:lock_atoms=13:total_atoms=128"",""oracle_mode"":""validated_o3a_zmatrix_corpus_lookup"",""pi_clash_lock"":43.46720734414987,""pi_clash_pocket"":3.004043776789204,""rust_reward_authority"":true,""selected_dihedral_deg"":240.0,""survival_tier"":""cryptic_rescue""}",true,true,PROJECTED,policy_generated_not_validated
58,balanced-000309,ANCHOR_112890,[H]/N=C1\CSc2cc(Cl)ccc2N1,1.0,balanced,300.0,-10.743162155151367,11.055851936340332,49.322266996001474,4.0,3.411386004695025,3.025751065033848,44.348018061035326,4.0,cryptic_rescue,300.0,"{""adjusted_pi_clash"":3.411386004695025,""cryptic_bonus"":4.0,""fragment_pi_complement"":4.0,""lock_proxy_method"":""intracellular_bottom_z_proxy_v1:z_min=117.4241:z_max=133.5345:cutoff=120.6462:lock_atoms=13:total_atoms=115"",""oracle_mode"":""validated_o3a_zmatrix_corpus_lookup"",""pi_clash_lock"":44.348018061035326,""pi_clash_pocket"":3.025751065033848,""rust_reward_authority"":true,""selected_dihedral_deg"":300.0,""survival_tier"":""cryptic_rescue""}",true,true,PROJECTED,policy_generated_not_validated
59,exploration-000872,ANCHOR_088427,N#Cc1ccc(N[C@@H]2CCNC2)c(Cl)c1,2.0,exploration,240.0,-10.672550201416016,11.206197738647461,49.31295093113481,3.0,2.4677538949879474,2.1066191786482475,44.41957010978305,4.0,normal,300.0,"{""adjusted_pi_clash"":2.4677538949879474,""cryptic_bonus"":4.0,""fragment_pi_complement"":3.0,""lock_proxy_method"":""intracellular_bottom_z_proxy_v1:z_min=117.4241:z_max=138.2955:cutoff=121.5984:lock_atoms=18:total_atoms=123"",""oracle_mode"":""validated_o3a_zmatrix_corpus_lookup"",""pi_clash_lock"":44.41957010978305,""pi_clash_pocket"":2.1066191786482475,""rust_reward_authority"":true,""selected_dihedral_deg"":300.0,""survival_tier"":""normal""}",true,true,PROJECTED,policy_generated_not_validated
60,focused-001026,ANCHOR_043763,COc1ccc(-c2ncc([C@@H]3CCCN3)[nH]2)cc1,0.5,focused,300.0,-9.953324317932129,10.308391571044922,49.25938636304873,2.0,3.3005122967730833,2.9477857917744332,46.20717215482317,4.0,cryptic_rescue,120.0,"{""adjusted_pi_clash"":3.3005122967730833,""cryptic_bonus"":4.0,""fragment_pi_complement"":2.0,""lock_proxy_method"":""intracellular_bottom_z_proxy_v1:z_min=117.4241:z_max=134.3701:cutoff=120.8133:lock_atoms=14:total_atoms=131"",""oracle_mode"":""validated_o3a_zmatrix_corpus_lookup"",""pi_clash_lock"":46.20717215482317,""pi_clash_pocket"":2.9477857917744332,""rust_reward_authority"":true,""selected_dihedral_deg"":120.0,""survival_tier"":""cryptic_rescue""}",true,true,PROJECTED,policy_generated_not_validated
61,near_random-000565,ANCHOR_093060,NC[C@@H]1CCCN1C(=O)c1cccs1,5.0,near_random,120.0,-11.45152473449707,11.239540100097656,49.09145362974932,4.0,2.7160662313906796,2.3656060725015595,43.457059702250874,4.0,cryptic_rescue,120.0,"{""adjusted_pi_clash"":2.7160662313906796,""cryptic_bonus"":4.0,""fragment_pi_complement"":4.0,""lock_proxy_method"":""intracellular_bottom_z_proxy_v1:z_min=117.4241:z_max=135.7362:cutoff=121.0865:lock_atoms=16:total_atoms=124"",""oracle_mode"":""validated_o3a_zmatrix_corpus_lookup"",""pi_clash_lock"":43.457059702250874,""pi_clash_pocket"":2.3656060725015595,""rust_reward_authority"":true,""selected_dihedral_deg"":120.0,""survival_tier"":""cryptic_rescue""}",true,true,PROJECTED,policy_generated_not_validated
62,exploration-001130,ANCHOR_086438,Fc1cccc2c1[C@H](c1ccccn1)NCC2,2.0,exploration,180.0,-11.669513702392578,11.206197738647461,49.06453693279333,4.0,2.4211173898337233,2.0944586943799672,41.1589956271733,6.0,normal,0.0,"{""adjusted_pi_clash"":2.4211173898337233,""cryptic_bonus"":6.0,""fragment_pi_complement"":4.0,""lock_proxy_method"":""intracellular_bottom_z_proxy_v1:z_min=117.4241:z_max=137.5676:cutoff=121.4528:lock_atoms=17:total_atoms=126"",""oracle_mode"":""validated_o3a_zmatrix_corpus_lookup"",""pi_clash_lock"":41.1589956271733,""pi_clash_pocket"":2.0944586943799672,""rust_reward_authority"":true,""selected_dihedral_deg"":0.0,""survival_tier"":""normal""}",true,true,PROJECTED,policy_generated_not_validated
63,focused-000411,ANCHOR_027609,CCc1cc([C@H]2CNC[C@H](C)O2)ccc1OC,0.5,focused,300.0,-10.208528518676758,10.308391571044922,48.974073899589456,4.0,2.4167172154303502,2.1101187627264997,41.08419266231596,6.0,normal,300.0,"{""adjusted_pi_clash"":2.4167172154303502,""cryptic_bonus"":6.0,""fragment_pi_complement"":4.0,""lock_proxy_method"":""intracellular_bottom_z_proxy_v1:z_min=117.4241:z_max=136.7674:cutoff=121.2928:lock_atoms=17:total_atoms=134"",""oracle_mode"":""validated_o3a_zmatrix_corpus_lookup"",""pi_clash_lock"":41.08419266231596,""pi_clash_pocket"":2.1101187627264997,""rust_reward_authority"":true,""selected_dihedral_deg"":300.0,""survival_tier"":""normal""}",true,true,PROJECTED,policy_generated_not_validated
64,balanced-000568,ANCHOR_072484,Cc1ccc([C@@H](O)[C@@H]2CC(=O)N(C)C2)cc1,1.0,balanced,120.0,-10.100969314575195,11.055851936340332,48.69623587528798,3.0,2.812089197096183,2.4851020811547664,42.181337956442746,6.0,cryptic_rescue,120.0,"{""adjusted_pi_clash"":2.812089197096183,""cryptic_bonus"":6.0,""fragment_pi_complement"":3.0,""lock_proxy_method"":""intracellular_bottom_z_proxy_v1:z_min=117.4241:z_max=135.3939:cutoff=121.0181:lock_atoms=15:total_atoms=129"",""oracle_mode"":""validated_o3a_zmatrix_corpus_lookup"",""pi_clash_lock"":42.181337956442746,""pi_clash_pocket"":2.4851020811547664,""rust_reward_authority"":true,""selected_dihedral_deg"":120.0,""survival_tier"":""cryptic_rescue""}",true,true,PROJECTED,policy_generated_not_validated
65,exploration-001081,ANCHOR_079870,Cc1nc(-c2cccc(CCN)c2)c(C)c(=O)[nH]1,2.0,exploration,120.0,-11.405269622802734,11.206197738647461,48.641609135780286,5.0,2.333672880637585,2.030829835058662,39.67243897083895,6.0,normal,120.0,"{""adjusted_pi_clash"":2.333672880637585,""cryptic_bonus"":6.0,""fragment_pi_complement"":5.0,""lock_proxy_method"":""intracellular_bottom_z_proxy_v1:z_min=117.4241:z_max=136.7203:cutoff=121.2833:lock_atoms=17:total_atoms=131"",""oracle_mode"":""validated_o3a_zmatrix_corpus_lookup"",""pi_clash_lock"":39.67243897083895,""pi_clash_pocket"":2.030829835058662,""rust_reward_authority"":true,""selected_dihedral_deg"":120.0,""survival_tier"":""normal""}",true,true,PROJECTED,policy_generated_not_validated
66,balanced-001926,ANCHOR_113516,c1cc2c(cc1[C@@H]1CCCNC1)OCCC2,1.0,balanced,60.0,-10.222731590270996,11.055851936340332,48.588702590565404,4.0,2.684058576155511,2.356234627922777,42.94493721848818,4.0,cryptic_rescue,180.0,"{""adjusted_pi_clash"":2.684058576155511,""cryptic_bonus"":4.0,""fragment_pi_complement"":4.0,""lock_proxy_method"":""intracellular_bottom_z_proxy_v1:z_min=117.4241:z_max=135.9936:cutoff=121.1380:lock_atoms=16:total_atoms=131"",""oracle_mode"":""validated_o3a_zmatrix_corpus_lookup"",""pi_clash_lock"":42.94493721848818,""pi_clash_pocket"":2.356234627922777,""rust_reward_authority"":true,""selected_dihedral_deg"":180.0,""survival_tier"":""cryptic_rescue""}",true,true,PROJECTED,policy_generated_not_validated
67,focused-001346,ANCHOR_072272,Cc1ccc([C@@H](C#N)C(=O)c2ccncc2)cc1,0.5,focused,0.0,-10.242106437683105,10.308391571044922,48.56805869359907,3.0,2.2740577445706225,1.913096197813381,45.48115489141245,2.0,normal,60.0,"{""adjusted_pi_clash"":2.2740577445706225,""cryptic_bonus"":2.0,""fragment_pi_complement"":3.0,""lock_proxy_method"":""intracellular_bottom_z_proxy_v1:z_min=117.4241:z_max=139.0877:cutoff=121.7568:lock_atoms=20:total_atoms=126"",""oracle_mode"":""validated_o3a_zmatrix_corpus_lookup"",""pi_clash_lock"":45.48115489141245,""pi_clash_pocket"":1.913096197813381,""rust_reward_authority"":true,""selected_dihedral_deg"":60.0,""survival_tier"":""normal""}",true,true,PROJECTED,policy_generated_not_validated
68,focused-001382,ANCHOR_087857,N#Cc1c(F)cccc1NC(=O)c1ccccc1,0.5,focused,240.0,-11.625444412231445,10.308391571044922,48.5090546796196,6.0,3.2220900286810723,2.9339356358721957,35.4429903154918,10.0,cryptic_rescue,240.0,"{""adjusted_pi_clash"":3.2220900286810723,""cryptic_bonus"":10.0,""fragment_pi_complement"":6.0,""lock_proxy_method"":""intracellular_bottom_z_proxy_v1:z_min=117.4241:z_max=133.2392:cutoff=120.5871:lock_atoms=11:total_atoms=123"",""oracle_mode"":""validated_o3a_zmatrix_corpus_lookup"",""pi_clash_lock"":35.4429903154918,""pi_clash_pocket"":2.9339356358721957,""rust_reward_authority"":true,""selected_dihedral_deg"":240.0,""survival_tier"":""cryptic_rescue""}",true,true,PROJECTED,policy_generated_not_validated
69,balanced-000849,ANCHOR_114077,c1ccc([C@@H]2CO[C@H](C3CCNCC3)O2)cc1,1.0,balanced,180.0,-11.601140975952148,11.055851936340332,48.37907277683582,3.0,3.420186353501771,3.0833498186872026,44.46242259552302,4.0,cryptic_rescue,0.0,"{""adjusted_pi_clash"":3.420186353501771,""cryptic_bonus"":4.0,""fragment_pi_complement"":3.0,""lock_proxy_method"":""intracellular_bottom_z_proxy_v1:z_min=117.4241:z_max=133.3882:cutoff=120.6169:lock_atoms=13:total_atoms=132"",""oracle_mode"":""validated_o3a_zmatrix_corpus_lookup"",""pi_clash_lock"":44.46242259552302,""pi_clash_pocket"":3.0833498186872026,""rust_reward_authority"":true,""selected_dihedral_deg"":0.0,""survival_tier"":""cryptic_rescue""}",true,true,PROJECTED,policy_generated_not_validated
70,exploitation-001280,ANCHOR_090154,NC(=O)c1ccc2c(c1)CCC2,0.1,exploitation,300.0,-9.553993225097656,1.7875181355903873e-25,48.260472978834365,6.0,3.394668013722972,3.0808751721183274,37.34134815095269,8.0,cryptic_rescue,300.0,"{""adjusted_pi_clash"":3.394668013722972,""cryptic_bonus"":8.0,""fragment_pi_complement"":6.0,""lock_proxy_method"":""intracellular_bottom_z_proxy_v1:z_min=117.4241:z_max=133.1798:cutoff=120.5752:lock_atoms=11:total_atoms=119"",""oracle_mode"":""validated_o3a_zmatrix_corpus_lookup"",""pi_clash_lock"":37.34134815095269,""pi_clash_pocket"":3.0808751721183274,""rust_reward_authority"":true,""selected_dihedral_deg"":300.0,""survival_tier"":""cryptic_rescue""}",true,true,PROJECTED,policy_generated_not_validated
71,exploitation-000198,ANCHOR_076537,Cc1cccc2c1OCC[C@]2(O)CN,0.1,exploitation,300.0,-9.246816635131836,1.7875181355903873e-25,48.2406224292309,4.0,2.395599050054925,2.0889623716478947,38.3295848008788,8.0,normal,300.0,"{""adjusted_pi_clash"":2.395599050054925,""cryptic_bonus"":8.0,""fragment_pi_complement"":4.0,""lock_proxy_method"":""intracellular_bottom_z_proxy_v1:z_min=117.4241:z_max=135.6892:cutoff=121.0771:lock_atoms=16:total_atoms=125"",""oracle_mode"":""validated_o3a_zmatrix_corpus_lookup"",""pi_clash_lock"":38.3295848008788,""pi_clash_pocket"":2.0889623716478947,""rust_reward_authority"":true,""selected_dihedral_deg"":300.0,""survival_tier"":""normal""}",true,true,PROJECTED,policy_generated_not_validated
72,near_random-000606,ANCHOR_037749,CN[C@@H](c1c(F)cc(F)cc1F)[C@H]1CCCO1,5.0,near_random,60.0,-11.185386657714844,11.239540100097656,48.2340850858289,5.0,2.9206518716677468,2.575692989187304,43.809778075016204,2.0,cryptic_rescue,60.0,"{""adjusted_pi_clash"":2.9206518716677468,""cryptic_bonus"":2.0,""fragment_pi_complement"":5.0,""lock_proxy_method"":""intracellular_bottom_z_proxy_v1:z_min=117.4241:z_max=134.4568:cutoff=120.8306:lock_atoms=15:total_atoms=127"",""oracle_mode"":""validated_o3a_zmatrix_corpus_lookup"",""pi_clash_lock"":43.809778075016204,""pi_clash_pocket"":2.575692989187304,""rust_reward_authority"":true,""selected_dihedral_deg"":60.0,""survival_tier"":""cryptic_rescue""}",true,true,PROJECTED,policy_generated_not_validated
73,balanced-000229,ANCHOR_093708,NC[C@H]1CCCC(=O)NC1,1.0,balanced,300.0,-10.997184753417969,11.055851936340332,48.192055223859285,3.0,2.916251697264374,2.5517202351063273,43.743775458965615,4.0,cryptic_rescue,300.0,"{""adjusted_pi_clash"":2.916251697264374,""cryptic_bonus"":4.0,""fragment_pi_complement"":3.0,""lock_proxy_method"":""intracellular_bottom_z_proxy_v1:z_min=117.4241:z_max=134.5972:cutoff=120.8587:lock_atoms=15:total_atoms=120"",""oracle_mode"":""validated_o3a_zmatrix_corpus_lookup"",""pi_clash_lock"":43.743775458965615,""pi_clash_pocket"":2.5517202351063273,""rust_reward_authority"":true,""selected_dihedral_deg"":300.0,""survival_tier"":""cryptic_rescue""}",true,true,PROJECTED,policy_generated_not_validated
74,focused-001799,ANCHOR_114616,c1cnc2nc(C3CCNCC3)ccc2c1,0.5,focused,120.0,-10.141013145446777,10.308391571044922,48.13415940090704,2.0,3.1260670629755682,2.7568465437264855,46.89100594463353,2.0,cryptic_rescue,60.0,"{""adjusted_pi_clash"":3.1260670629755682,""cryptic_bonus"":2.0,""fragment_pi_complement"":2.0,""lock_proxy_method"":""intracellular_bottom_z_proxy_v1:z_min=117.4241:z_max=134.4598:cutoff=120.8312:lock_atoms=15:total_atoms=127"",""oracle_mode"":""validated_o3a_zmatrix_corpus_lookup"",""pi_clash_lock"":46.89100594463353,""pi_clash_pocket"":2.7568465437264855,""rust_reward_authority"":true,""selected_dihedral_deg"":60.0,""survival_tier"":""cryptic_rescue""}",true,true,PROJECTED,policy_generated_not_validated
75,exploration-001668,ANCHOR_025115,CC[C@@]1(C)CN(CCO)c2ccc(C)cc2N1,2.0,exploration,240.0,-11.438475608825684,11.206197738647461,48.13336669400906,4.0,2.8440968523313512,2.528086090961201,42.661452784970265,4.0,cryptic_rescue,240.0,"{""adjusted_pi_clash"":2.8440968523313512,""cryptic_bonus"":4.0,""fragment_pi_complement"":4.0,""lock_proxy_method"":""intracellular_bottom_z_proxy_v1:z_min=117.4241:z_max=134.8585:cutoff=120.9110:lock_atoms=15:total_atoms=135"",""oracle_mode"":""validated_o3a_zmatrix_corpus_lookup"",""pi_clash_lock"":42.661452784970265,""pi_clash_pocket"":2.528086090961201,""rust_reward_authority"":true,""selected_dihedral_deg"":240.0,""survival_tier"":""cryptic_rescue""}",true,true,PROJECTED,policy_generated_not_validated
76,balanced-001964,ANCHOR_083316,Clc1ccc2c(c1)CCN[C@@H]2c1nc[nH]n1,1.0,balanced,240.0,-10.33790397644043,11.055851936340332,48.089493153878685,4.0,3.311623678930207,2.961614672214006,43.05110782609269,4.0,cryptic_rescue,0.0,"{""adjusted_pi_clash"":3.311623678930207,""cryptic_bonus"":4.0,""fragment_pi_complement"":4.0,""lock_proxy_method"":""intracellular_bottom_z_proxy_v1:z_min=117.4241:z_max=133.3726:cutoff=120.6138:lock_atoms=13:total_atoms=123"",""oracle_mode"":""validated_o3a_zmatrix_corpus_lookup"",""pi_clash_lock"":43.05110782609269,""pi_clash_pocket"":2.961614672214006,""rust_reward_authority"":true,""selected_dihedral_deg"":0.0,""survival_tier"":""cryptic_rescue""}",true,true,PROJECTED,policy_generated_not_validated
77,exploitation-000402,ANCHOR_098704,Nc1cc2cc(Cl)ccc2cn1,0.1,exploitation,300.0,-9.543912887573242,1.7875181355903873e-25,47.988780588550654,1.0,2.971688551225345,2.5582362310548623,47.54701681960552,2.0,cryptic_rescue,300.0,"{""adjusted_pi_clash"":2.971688551225345,""cryptic_bonus"":2.0,""fragment_pi_complement"":1.0,""lock_proxy_method"":""intracellular_bottom_z_proxy_v1:z_min=117.4241:z_max=135.6481:cutoff=121.0689:lock_atoms=16:total_atoms=115"",""oracle_mode"":""validated_o3a_zmatrix_corpus_lookup"",""pi_clash_lock"":47.54701681960552,""pi_clash_pocket"":2.5582362310548623,""rust_reward_authority"":true,""selected_dihedral_deg"":300.0,""survival_tier"":""cryptic_rescue""}",true,true,PROJECTED,policy_generated_not_validated
78,balanced-000090,ANCHOR_086044,Fc1ccc([C@@H]2COC3(CCNCC3)O2)cc1,1.0,balanced,0.0,-11.749495506286621,11.055851936340332,47.971623449102545,3.0,3.385867664916226,3.0446561948083892,44.016279643910934,4.0,cryptic_rescue,0.0,"{""adjusted_pi_clash"":3.385867664916226,""cryptic_bonus"":4.0,""fragment_pi_complement"":3.0,""lock_proxy_method"":""intracellular_bottom_z_proxy_v1:z_min=117.4241:z_max=133.5245:cutoff=120.6442:lock_atoms=13:total_atoms=129"",""oracle_mode"":""validated_o3a_zmatrix_corpus_lookup"",""pi_clash_lock"":44.016279643910934,""pi_clash_pocket"":3.0446561948083892,""rust_reward_authority"":true,""selected_dihedral_deg"":0.0,""survival_tier"":""cryptic_rescue""}",true,true,PROJECTED,policy_generated_not_validated
79,near_random-001472,ANCHOR_086944,N#CCCn1cc(CN)c2ccccc21,5.0,near_random,300.0,-10.366999626159668,11.239540100097656,47.96529292082838,3.0,3.384208076071099,3.029412068095903,43.99470498892428,4.0,cryptic_rescue,300.0,"{""adjusted_pi_clash"":3.384208076071099,""cryptic_bonus"":4.0,""fragment_pi_complement"":3.0,""lock_proxy_method"":""intracellular_bottom_z_proxy_v1:z_min=117.4241:z_max=133.5637:cutoff=120.6520:lock_atoms=13:total_atoms=124"",""oracle_mode"":""validated_o3a_zmatrix_corpus_lookup"",""pi_clash_lock"":43.99470498892428,""pi_clash_pocket"":3.029412068095903,""rust_reward_authority"":true,""selected_dihedral_deg"":300.0,""survival_tier"":""cryptic_rescue""}",true,true,PROJECTED,policy_generated_not_validated
80,focused-000686,ANCHOR_042478,COc1c(F)cccc1[C@@]1(CN)C[C@H]1C,0.5,focused,0.0,-10.165514945983887,10.308391571044922,47.95953888023778,3.0,2.9716885512253444,2.6441008369170387,41.60363971715482,6.0,cryptic_rescue,0.0,"{""adjusted_pi_clash"":2.9716885512253444,""cryptic_bonus"":6.0,""fragment_pi_complement"":3.0,""lock_proxy_method"":""intracellular_bottom_z_proxy_v1:z_min=117.4241:z_max=134.0059:cutoff=120.7405:lock_atoms=14:total_atoms=127"",""oracle_mode"":""validated_o3a_zmatrix_corpus_lookup"",""pi_clash_lock"":41.60363971715482,""pi_clash_pocket"":2.6441008369170387,""rust_reward_authority"":true,""selected_dihedral_deg"":0.0,""survival_tier"":""cryptic_rescue""}",true,true,PROJECTED,policy_generated_not_validated
81,exploration-001650,ANCHOR_100241,Nc1ncc(C2CC2)cn1,2.0,exploration,240.0,-9.862015724182129,11.206197738647461,47.929074889875686,4.0,2.9672883768219713,2.580250762453888,44.50932565232957,2.0,cryptic_rescue,300.0,"{""adjusted_pi_clash"":2.9672883768219713,""cryptic_bonus"":2.0,""fragment_pi_complement"":4.0,""lock_proxy_method"":""intracellular_bottom_z_proxy_v1:z_min=117.4241:z_max=134.4994:cutoff=120.8392:lock_atoms=15:total_atoms=115"",""oracle_mode"":""validated_o3a_zmatrix_corpus_lookup"",""pi_clash_lock"":44.50932565232957,""pi_clash_pocket"":2.580250762453888,""rust_reward_authority"":true,""selected_dihedral_deg"":300.0,""survival_tier"":""cryptic_rescue""}",true,true,PROJECTED,policy_generated_not_validated
82,exploitation-000783,ANCHOR_008656,CC(C)(C)c1cc(CN)c(OC2CC2)cn1,0.1,exploitation,0.0,-9.576187133789062,1.7875181355903873e-25,47.85874616991184,4.0,2.888644216432579,2.5822728601442755,40.44101903005611,6.0,cryptic_rescue,0.0,"{""adjusted_pi_clash"":2.888644216432579,""cryptic_bonus"":6.0,""fragment_pi_complement"":4.0,""lock_proxy_method"":""intracellular_bottom_z_proxy_v1:z_min=117.4241:z_max=134.2297:cutoff=120.7852:lock_atoms=14:total_atoms=132"",""oracle_mode"":""validated_o3a_zmatrix_corpus_lookup"",""pi_clash_lock"":40.44101903005611,""pi_clash_pocket"":2.5822728601442755,""rust_reward_authority"":true,""selected_dihedral_deg"":0.0,""survival_tier"":""cryptic_rescue""}",true,true,PROJECTED,policy_generated_not_validated
83,balanced-000803,ANCHOR_067728,Cc1cc([C@H]2NCCC[C@H]2O)ccc1F,1.0,balanced,300.0,-11.319541931152344,11.055851936340332,47.83579662508149,2.0,3.343631334165375,2.975042053233759,46.81083867831525,2.0,cryptic_rescue,300.0,"{""adjusted_pi_clash"":3.343631334165375,""cryptic_bonus"":2.0,""fragment_pi_complement"":2.0,""lock_proxy_method"":""intracellular_bottom_z_proxy_v1:z_min=117.4241:z_max=134.0557:cutoff=120.7504:lock_atoms=14:total_atoms=127"",""oracle_mode"":""validated_o3a_zmatrix_corpus_lookup"",""pi_clash_lock"":46.81083867831525,""pi_clash_pocket"":2.975042053233759,""rust_reward_authority"":true,""selected_dihedral_deg"":300.0,""survival_tier"":""cryptic_rescue""}",true,true,PROJECTED,policy_generated_not_validated
84,exploration-000906,ANCHOR_042942,COc1cc(C)cc2c(C(C)(C)CN)cn(C)c12,2.0,exploration,300.0,-11.755449295043945,11.206197738647461,47.73194049815749,4.0,2.3635913948197564,2.0855218189586084,37.8174623171161,8.0,normal,300.0,"{""adjusted_pi_clash"":2.3635913948197564,""cryptic_bonus"":8.0,""fragment_pi_complement"":4.0,""lock_proxy_method"":""intracellular_bottom_z_proxy_v1:z_min=117.4241:z_max=136.3145:cutoff=121.2022:lock_atoms=16:total_atoms=136"",""oracle_mode"":""validated_o3a_zmatrix_corpus_lookup"",""pi_clash_lock"":37.8174623171161,""pi_clash_pocket"":2.0855218189586084,""rust_reward_authority"":true,""selected_dihedral_deg"":300.0,""survival_tier"":""normal""}",true,true,PROJECTED,policy_generated_not_validated
85,focused-001126,ANCHOR_032635,CN1CCC(NCc2ccc(Cl)s2)CC1,0.5,focused,60.0,-11.447770118713379,10.308391571044922,47.61886165906899,4.0,2.8696151921101496,2.555751030473102,40.174612689542094,6.0,cryptic_rescue,60.0,"{""adjusted_pi_clash"":2.8696151921101496,""cryptic_bonus"":6.0,""fragment_pi_complement"":4.0,""lock_proxy_method"":""intracellular_bottom_z_proxy_v1:z_min=117.4241:z_max=134.4007:cutoff=120.8194:lock_atoms=14:total_atoms=128"",""oracle_mode"":""validated_o3a_zmatrix_corpus_lookup"",""pi_clash_lock"":40.174612689542094,""pi_clash_pocket"":2.555751030473102,""rust_reward_authority"":true,""selected_dihedral_deg"":60.0,""survival_tier"":""cryptic_rescue""}",true,true,PROJECTED,policy_generated_not_validated
86,exploration-001058,ANCHOR_071827,Cc1ccc(NCCO)cc1,2.0,exploration,300.0,-11.062562942504883,11.206197738647461,47.58621698588295,5.0,2.941770037043173,2.5985635327214696,41.18478051860442,4.0,cryptic_rescue,300.0,"{""adjusted_pi_clash"":2.941770037043173,""cryptic_bonus"":4.0,""fragment_pi_complement"":5.0,""lock_proxy_method"":""intracellular_bottom_z_proxy_v1:z_min=117.4241:z_max=133.7594:cutoff=120.6912:lock_atoms=14:total_atoms=120"",""oracle_mode"":""validated_o3a_zmatrix_corpus_lookup"",""pi_clash_lock"":41.18478051860442,""pi_clash_pocket"":2.5985635327214696,""rust_reward_authority"":true,""selected_dihedral_deg"":300.0,""survival_tier"":""cryptic_rescue""}",true,true,PROJECTED,policy_generated_not_validated
87,near_random-001226,ANCHOR_008707,CC(C)(C)c1ccc(C(N)=O)cc1OC1CC1,5.0,near_random,300.0,-11.403318405151367,11.239540100097656,47.409117486409045,3.0,2.863125876653781,2.5377706633976693,42.94688814980671,4.0,cryptic_rescue,300.0,"{""adjusted_pi_clash"":2.863125876653781,""cryptic_bonus"":4.0,""fragment_pi_complement"":3.0,""lock_proxy_method"":""intracellular_bottom_z_proxy_v1:z_min=117.4241:z_max=134.4215:cutoff=120.8236:lock_atoms=15:total_atoms=132"",""oracle_mode"":""validated_o3a_zmatrix_corpus_lookup"",""pi_clash_lock"":42.94688814980671,""pi_clash_pocket"":2.5377706633976693,""rust_reward_authority"":true,""selected_dihedral_deg"":300.0,""survival_tier"":""cryptic_rescue""}",true,true,PROJECTED,policy_generated_not_validated
88,balanced-001413,ANCHOR_089676,NC(=O)Nc1ccc2c(c1)CCCS2(=O)=O,1.0,balanced,180.0,-11.487883567810059,11.055851936340332,47.341199371224654,3.0,2.112087393172749,1.7884610990575696,40.129660470282225,6.0,normal,180.0,"{""adjusted_pi_clash"":2.112087393172749,""cryptic_bonus"":6.0,""fragment_pi_complement"":3.0,""lock_proxy_method"":""intracellular_bottom_z_proxy_v1:z_min=117.1552:z_max=132.4266:cutoff=120.2095:lock_atoms=19:total_atoms=124"",""oracle_mode"":""validated_o3a_zmatrix_corpus_lookup"",""pi_clash_lock"":40.129660470282225,""pi_clash_pocket"":1.7884610990575696,""rust_reward_authority"":true,""selected_dihedral_deg"":180.0,""survival_tier"":""normal""}",true,true,PROJECTED,policy_generated_not_validated
89,exploration-001480,ANCHOR_095833,N[C@@H]1CCCN(C(=O)C[C@H]2C=CCC2)C1,2.0,exploration,60.0,-11.5430269241333,11.206197738647461,47.335927189628755,3.0,2.7160662313906796,2.4050662812314414,40.7409934708602,6.0,cryptic_rescue,60.0,"{""adjusted_pi_clash"":2.7160662313906796,""cryptic_bonus"":6.0,""fragment_pi_complement"":3.0,""lock_proxy_method"":""intracellular_bottom_z_proxy_v1:z_min=117.4241:z_max=135.3024:cutoff=120.9998:lock_atoms=15:total_atoms=131"",""oracle_mode"":""validated_o3a_zmatrix_corpus_lookup"",""pi_clash_lock"":40.7409934708602,""pi_clash_pocket"":2.4050662812314414,""rust_reward_authority"":true,""selected_dihedral_deg"":60.0,""survival_tier"":""cryptic_rescue""}",true,true,PROJECTED,policy_generated_not_validated
90,focused-001821,ANCHOR_075973,Cc1cccc([C@@H]2CCCN2C)n1,0.5,focused,240.0,-9.908063888549805,10.308391571044922,47.2955873413075,5.0,2.920651871667747,2.5935388620409596,40.88912620334846,4.0,cryptic_rescue,240.0,"{""adjusted_pi_clash"":2.920651871667747,""cryptic_bonus"":4.0,""fragment_pi_complement"":5.0,""lock_proxy_method"":""intracellular_bottom_z_proxy_v1:z_min=117.4241:z_max=133.9220:cutoff=120.7237:lock_atoms=14:total_atoms=125"",""oracle_mode"":""validated_o3a_zmatrix_corpus_lookup"",""pi_clash_lock"":40.88912620334846,""pi_clash_pocket"":2.5935388620409596,""rust_reward_authority"":true,""selected_dihedral_deg"":240.0,""survival_tier"":""cryptic_rescue""}",true,true,PROJECTED,policy_generated_not_validated
91,focused-001394,ANCHOR_077331,Cc1ccccc1Oc1ncccc1C(N)=O,0.5,focused,0.0,-11.364572525024414,10.308391571044922,47.29179792776868,4.0,2.8440968523313512,2.52555800487024,39.81735593263892,6.0,cryptic_rescue,0.0,"{""adjusted_pi_clash"":2.8440968523313512,""cryptic_bonus"":6.0,""fragment_pi_complement"":4.0,""lock_proxy_method"":""intracellular_bottom_z_proxy_v1:z_min=117.4241:z_max=134.1379:cutoff=120.7669:lock_atoms=14:total_atoms=125"",""oracle_mode"":""validated_o3a_zmatrix_corpus_lookup"",""pi_clash_lock"":39.81735593263892,""pi_clash_pocket"":2.52555800487024,""rust_reward_authority"":true,""selected_dihedral_deg"":0.0,""survival_tier"":""cryptic_rescue""}",true,true,PROJECTED,policy_generated_not_validated
92,balanced-001764,ANCHOR_088636,N#Cc1cccc(CO[C@@H]2CCCNC2)c1,1.0,balanced,300.0,-10.232471466064453,11.055851936340332,47.20284976033353,3.0,2.9141625562113775,2.5954260266257583,40.79827578695929,6.0,cryptic_rescue,300.0,"{""adjusted_pi_clash"":2.9141625562113775,""cryptic_bonus"":6.0,""fragment_pi_complement"":3.0,""lock_proxy_method"":""intracellular_bottom_z_proxy_v1:z_min=117.4241:z_max=134.3580:cutoff=120.8109:lock_atoms=14:total_atoms=128"",""oracle_mode"":""validated_o3a_zmatrix_corpus_lookup"",""pi_clash_lock"":40.79827578695929,""pi_clash_pocket"":2.5954260266257583,""rust_reward_authority"":true,""selected_dihedral_deg"":300.0,""survival_tier"":""cryptic_rescue""}",true,true,PROJECTED,policy_generated_not_validated
93,exploitation-000320,ANCHOR_050380,C[C@@H](O)C1=CC[C@H](CN)CC1,0.1,exploitation,300.0,-9.530364990234375,1.7875181355903873e-25,47.18029614443483,2.0,2.9162516972643737,2.56347931453078,43.74377545896561,4.0,cryptic_rescue,300.0,"{""adjusted_pi_clash"":2.9162516972643737,""cryptic_bonus"":4.0,""fragment_pi_complement"":2.0,""lock_proxy_method"":""intracellular_bottom_z_proxy_v1:z_min=117.4241:z_max=135.3304:cutoff=121.0053:lock_atoms=15:total_atoms=124"",""oracle_mode"":""validated_o3a_zmatrix_corpus_lookup"",""pi_clash_lock"":43.74377545896561,""pi_clash_pocket"":2.56347931453078,""rust_reward_authority"":true,""selected_dihedral_deg"":300.0,""survival_tier"":""cryptic_rescue""}",true,true,PROJECTED,policy_generated_not_validated
94,focused-001215,ANCHOR_034734,CN1Cc2ccc([C@H]3CCCN3)cc2C1,0.5,focused,60.0,-9.796265602111816,10.308391571044922,47.14832992574297,5.0,2.910191934015874,2.5943571504792677,40.74268707622224,4.0,cryptic_rescue,60.0,"{""adjusted_pi_clash"":2.910191934015874,""cryptic_bonus"":4.0,""fragment_pi_complement"":5.0,""lock_proxy_method"":""intracellular_bottom_z_proxy_v1:z_min=117.4241:z_max=134.3995:cutoff=120.8192:lock_atoms=14:total_atoms=129"",""oracle_mode"":""validated_o3a_zmatrix_corpus_lookup"",""pi_clash_lock"":40.74268707622224,""pi_clash_pocket"":2.5943571504792677,""rust_reward_authority"":true,""selected_dihedral_deg"":60.0,""survival_tier"":""cryptic_rescue""}",true,true,PROJECTED,policy_generated_not_validated
95,focused-001792,ANCHOR_022938,CCOc1ccc2c(c1)[C@@H](NC)C[C@@H](C)O2,0.5,focused,0.0,-11.811431884765625,10.308391571044922,47.05206904365387,4.0,2.4211173898337233,2.1069265835194235,41.1589956271733,4.0,normal,0.0,"{""adjusted_pi_clash"":2.4211173898337233,""cryptic_bonus"":4.0,""fragment_pi_complement"":4.0,""lock_proxy_method"":""intracellular_bottom_z_proxy_v1:z_min=117.4241:z_max=136.5263:cutoff=121.2445:lock_atoms=17:total_atoms=131"",""oracle_mode"":""validated_o3a_zmatrix_corpus_lookup"",""pi_clash_lock"":41.1589956271733,""pi_clash_pocket"":2.1069265835194235,""rust_reward_authority"":true,""selected_dihedral_deg"":0.0,""survival_tier"":""normal""}",true,true,PROJECTED,policy_generated_not_validated
96,balanced-000773,ANCHOR_087175,N#CCc1ccccc1C(=O)NC1CCCC1,1.0,balanced,120.0,-10.056262969970703,11.055851936340332,47.020679606855495,3.0,2.3568801870660065,2.0462835732666105,40.06696318012211,6.0,normal,0.0,"{""adjusted_pi_clash"":2.3568801870660065,""cryptic_bonus"":6.0,""fragment_pi_complement"":3.0,""lock_proxy_method"":""intracellular_bottom_z_proxy_v1:z_min=117.4241:z_max=137.0713:cutoff=121.3535:lock_atoms=17:total_atoms=129"",""oracle_mode"":""validated_o3a_zmatrix_corpus_lookup"",""pi_clash_lock"":40.06696318012211,""pi_clash_pocket"":2.0462835732666105,""rust_reward_authority"":true,""selected_dihedral_deg"":0.0,""survival_tier"":""normal""}",true,true,PROJECTED,policy_generated_not_validated
97,balanced-001067,ANCHOR_065421,Cc1cc(C)cc([C@@H]2C[C@@H](CN)CN2C)c1,1.0,balanced,180.0,-11.713296890258789,11.055851936340332,47.011534986306174,3.0,2.8352965035246047,2.517912566562895,42.52944755286907,4.0,cryptic_rescue,300.0,"{""adjusted_pi_clash"":2.8352965035246047,""cryptic_bonus"":4.0,""fragment_pi_complement"":3.0,""lock_proxy_method"":""intracellular_bottom_z_proxy_v1:z_min=117.4241:z_max=135.4298:cutoff=121.0252:lock_atoms=15:total_atoms=134"",""oracle_mode"":""validated_o3a_zmatrix_corpus_lookup"",""pi_clash_lock"":42.52944755286907,""pi_clash_pocket"":2.517912566562895,""rust_reward_authority"":true,""selected_dihedral_deg"":300.0,""survival_tier"":""cryptic_rescue""}",true,true,PROJECTED,policy_generated_not_validated
98,focused-000053,ANCHOR_062909,Cc1c(Cl)nc(N(C)C)nc1C(F)(F)F,0.5,focused,300.0,-9.762511253356934,10.308391571044922,46.97864816357244,4.0,2.971688551225345,2.624991553582388,41.60363971715483,4.0,cryptic_rescue,300.0,"{""adjusted_pi_clash"":2.971688551225345,""cryptic_bonus"":4.0,""fragment_pi_complement"":4.0,""lock_proxy_method"":""intracellular_bottom_z_proxy_v1:z_min=117.4241:z_max=133.8065:cutoff=120.7006:lock_atoms=14:total_atoms=120"",""oracle_mode"":""validated_o3a_zmatrix_corpus_lookup"",""pi_clash_lock"":41.60363971715483,""pi_clash_pocket"":2.624991553582388,""rust_reward_authority"":true,""selected_dihedral_deg"":300.0,""survival_tier"":""cryptic_rescue""}",true,true,PROJECTED,policy_generated_not_validated
99,focused-000280,ANCHOR_091691,NCCCc1nc2cc(C(F)(F)F)ccc2o1,0.5,focused,300.0,-11.812728881835938,10.308391571044922,46.93980498524665,4.0,2.9695792239671492,2.634304150293439,41.57410913554009,4.0,cryptic_rescue,300.0,"{""adjusted_pi_clash"":2.9695792239671492,""cryptic_bonus"":4.0,""fragment_pi_complement"":4.0,""lock_proxy_method"":""intracellular_bottom_z_proxy_v1:z_min=117.4241:z_max=133.8186:cutoff=120.7030:lock_atoms=14:total_atoms=124"",""oracle_mode"":""validated_o3a_zmatrix_corpus_lookup"",""pi_clash_lock"":41.57410913554009,""pi_clash_pocket"":2.634304150293439,""rust_reward_authority"":true,""selected_dihedral_deg"":300.0,""survival_tier"":""cryptic_rescue""}",true,true,PROJECTED,policy_generated_not_validated
100,exploitation-001587,ANCHOR_024509,CC[C@@H]1CCc2sc(C(=O)N(C)C)cc2C1,0.1,exploitation,240.0,-9.831666946411133,1.7875181355903873e-25,46.88846698322697,5.0,2.8907333574855754,2.5818000215710866,40.47026700479805,4.0,cryptic_rescue,300.0,"{""adjusted_pi_clash"":2.8907333574855754,""cryptic_bonus"":4.0,""fragment_pi_complement"":5.0,""lock_proxy_method"":""intracellular_bottom_z_proxy_v1:z_min=117.4241:z_max=134.2810:cutoff=120.7955:lock_atoms=14:total_atoms=131"",""oracle_mode"":""validated_o3a_zmatrix_corpus_lookup"",""pi_clash_lock"":40.47026700479805,""pi_clash_pocket"":2.5818000215710866,""rust_reward_authority"":true,""selected_dihedral_deg"":300.0,""survival_tier"":""cryptic_rescue""}",true,true,PROJECTED,policy_generated_not_validated
101,balanced-001364,ANCHOR_029376,CCn1c(C(F)(F)F)ccc(N)c1=O,1.0,balanced,300.0,-11.355113983154297,11.055851936340332,46.804180055022286,5.0,2.881933008678829,2.5428820664813196,40.347062121503605,4.0,cryptic_rescue,300.0,"{""adjusted_pi_clash"":2.881933008678829,""cryptic_bonus"":4.0,""fragment_pi_complement"":5.0,""lock_proxy_method"":""intracellular_bottom_z_proxy_v1:z_min=117.4241:z_max=133.9882:cutoff=120.7369:lock_atoms=14:total_atoms=119"",""oracle_mode"":""validated_o3a_zmatrix_corpus_lookup"",""pi_clash_lock"":40.347062121503605,""pi_clash_pocket"":2.5428820664813196,""rust_reward_authority"":true,""selected_dihedral_deg"":300.0,""survival_tier"":""cryptic_rescue""}",true,true,PROJECTED,policy_generated_not_validated
102,exploration-000905,ANCHOR_028846,CCc1n[nH]cc1[C@H]1CNCCCO1,2.0,exploration,60.0,-11.580994606018066,11.206197738647461,46.70138527868863,3.0,2.812089197096183,2.479952677754114,42.181337956442746,4.0,cryptic_rescue,60.0,"{""adjusted_pi_clash"":2.812089197096183,""cryptic_bonus"":4.0,""fragment_pi_complement"":3.0,""lock_proxy_method"":""intracellular_bottom_z_proxy_v1:z_min=117.4241:z_max=135.1316:cutoff=120.9656:lock_atoms=15:total_atoms=127"",""oracle_mode"":""validated_o3a_zmatrix_corpus_lookup"",""pi_clash_lock"":42.181337956442746,""pi_clash_pocket"":2.479952677754114,""rust_reward_authority"":true,""selected_dihedral_deg"":60.0,""survival_tier"":""cryptic_rescue""}",true,true,PROJECTED,policy_generated_not_validated
103,focused-001103,ANCHOR_048699,C[C@@H](CCN)c1cccc2c1CCN2C,0.5,focused,240.0,-11.196685791015625,10.308391571044922,46.69124370557895,3.0,2.812089197096183,2.490094250863796,42.181337956442746,4.0,cryptic_rescue,120.0,"{""adjusted_pi_clash"":2.812089197096183,""cryptic_bonus"":4.0,""fragment_pi_complement"":3.0,""lock_proxy_method"":""intracellular_bottom_z_proxy_v1:z_min=117.4241:z_max=134.6548:cutoff=120.8702:lock_atoms=15:total_atoms=131"",""oracle_mode"":""validated_o3a_zmatrix_corpus_lookup"",""pi_clash_lock"":42.181337956442746,""pi_clash_pocket"":2.490094250863796,""rust_reward_authority"":true,""selected_dihedral_deg"":120.0,""survival_tier"":""cryptic_rescue""}",true,true,PROJECTED,policy_generated_not_validated
104,exploration-001209,ANCHOR_088330,N#Cc1ccc(F)c([C@H](N)c2ccccc2F)c1,2.0,exploration,180.0,-10.831550598144531,11.206197738647461,46.56113980265233,3.0,2.190772029881886,1.8727567352216121,39.43389653787394,6.0,normal,180.0,"{""adjusted_pi_clash"":2.190772029881886,""cryptic_bonus"":6.0,""fragment_pi_complement"":3.0,""lock_proxy_method"":""intracellular_bottom_z_proxy_v1:z_min=117.0523:z_max=132.4266:cutoff=120.1271:lock_atoms=18:total_atoms=124"",""oracle_mode"":""validated_o3a_zmatrix_corpus_lookup"",""pi_clash_lock"":39.43389653787394,""pi_clash_pocket"":1.8727567352216121,""rust_reward_authority"":true,""selected_dihedral_deg"":180.0,""survival_tier"":""normal""}",true,true,PROJECTED,policy_generated_not_validated
105,balanced-000382,ANCHOR_112912,[H]/N=c1\cc(OC2CC2)c(C(N)=O)c[nH]1,1.0,balanced,240.0,-10.480993270874023,11.055851936340332,46.525669190160016,4.0,2.9373698626397995,2.597508886797178,41.123178076957196,4.0,cryptic_rescue,300.0,"{""adjusted_pi_clash"":2.9373698626397995,""cryptic_bonus"":4.0,""fragment_pi_complement"":4.0,""lock_proxy_method"":""intracellular_bottom_z_proxy_v1:z_min=117.4241:z_max=134.3094:cutoff=120.8012:lock_atoms=14:total_atoms=121"",""oracle_mode"":""validated_o3a_zmatrix_corpus_lookup"",""pi_clash_lock"":41.123178076957196,""pi_clash_pocket"":2.597508886797178,""rust_reward_authority"":true,""selected_dihedral_deg"":300.0,""survival_tier"":""cryptic_rescue""}",true,true,PROJECTED,policy_generated_not_validated
106,balanced-001291,ANCHOR_091966,NCC[C@@H]1CCCN1c1cccc2[nH]cnc12,1.0,balanced,120.0,-11.541439056396484,11.055851936340332,46.52460127710916,4.0,2.512410206957549,2.1863722411691646,42.71097351827833,2.0,cryptic_rescue,120.0,"{""adjusted_pi_clash"":2.512410206957549,""cryptic_bonus"":2.0,""fragment_pi_complement"":4.0,""lock_proxy_method"":""intracellular_bottom_z_proxy_v1:z_min=117.4241:z_max=137.1034:cutoff=121.3600:lock_atoms=17:total_atoms=131"",""oracle_mode"":""validated_o3a_zmatrix_corpus_lookup"",""pi_clash_lock"":42.71097351827833,""pi_clash_pocket"":2.1863722411691646,""rust_reward_authority"":true,""selected_dihedral_deg"":120.0,""survival_tier"":""cryptic_rescue""}",true,true,PROJECTED,policy_generated_not_validated
107,focused-001086,ANCHOR_098751,Nc1ccc(-c2cccc(F)c2)cn1,0.5,focused,300.0,-10.017200469970703,10.308391571044922,46.42465967694769,3.0,2.442235555209149,2.093344761607842,41.518004438555536,4.0,normal,300.0,"{""adjusted_pi_clash"":2.442235555209149,""cryptic_bonus"":4.0,""fragment_pi_complement"":3.0,""lock_proxy_method"":""intracellular_bottom_z_proxy_v1:z_min=117.4241:z_max=136.6865:cutoff=121.2766:lock_atoms=17:total_atoms=119"",""oracle_mode"":""validated_o3a_zmatrix_corpus_lookup"",""pi_clash_lock"":41.518004438555536,""pi_clash_pocket"":2.093344761607842,""rust_reward_authority"":true,""selected_dihedral_deg"":300.0,""survival_tier"":""normal""}",true,true,PROJECTED,policy_generated_not_validated
108,near_random-000623,ANCHOR_043967,COc1ccc(C(C)C)cc1[C@H]1CNC(=O)N1,5.0,near_random,300.0,-11.831798553466797,11.239540100097656,46.34890925033151,2.0,3.334830985358629,3.0038935593306735,43.35280280966218,4.0,cryptic_rescue,300.0,"{""adjusted_pi_clash"":3.334830985358629,""cryptic_bonus"":4.0,""fragment_pi_complement"":2.0,""lock_proxy_method"":""intracellular_bottom_z_proxy_v1:z_min=117.4241:z_max=133.3981:cutoff=120.6189:lock_atoms=13:total_atoms=131"",""oracle_mode"":""validated_o3a_zmatrix_corpus_lookup"",""pi_clash_lock"":43.35280280966218,""pi_clash_pocket"":3.0038935593306735,""rust_reward_authority"":true,""selected_dihedral_deg"":300.0,""survival_tier"":""cryptic_rescue""}",true,true,PROJECTED,policy_generated_not_validated
109,near_random-000540,ANCHOR_080601,Cc1nc(N)cc(-c2ccc(F)cc2)n1,5.0,near_random,180.0,-11.067920684814453,11.239540100097656,46.313671199249946,2.0,2.4976724091701192,2.146759756642086,42.46043095589203,4.0,normal,300.0,"{""adjusted_pi_clash"":2.4976724091701192,""cryptic_bonus"":4.0,""fragment_pi_complement"":2.0,""lock_proxy_method"":""intracellular_bottom_z_proxy_v1:z_min=117.4241:z_max=137.2080:cutoff=121.3809:lock_atoms=17:total_atoms=121"",""oracle_mode"":""validated_o3a_zmatrix_corpus_lookup"",""pi_clash_lock"":42.46043095589203,""pi_clash_pocket"":2.146759756642086,""rust_reward_authority"":true,""selected_dihedral_deg"":300.0,""survival_tier"":""normal""}",true,true,PROJECTED,policy_generated_not_validated
110,focused-001137,ANCHOR_069038,Cc1ccc(C(=N)N)cc1C[C@@H]1CN(C)CCN1,0.5,focused,180.0,-10.566584587097168,10.308391571044922,46.31244341255345,3.0,2.0497965356100942,1.7332838352585356,43.04572724781198,2.0,normal,120.0,"{""adjusted_pi_clash"":2.0497965356100942,""cryptic_bonus"":2.0,""fragment_pi_complement"":3.0,""lock_proxy_method"":""intracellular_bottom_z_proxy_v1:z_min=117.4241:z_max=132.4266:cutoff=120.4246:lock_atoms=21:total_atoms=136"",""oracle_mode"":""validated_o3a_zmatrix_corpus_lookup"",""pi_clash_lock"":43.04572724781198,""pi_clash_pocket"":1.7332838352585356,""rust_reward_authority"":true,""selected_dihedral_deg"":120.0,""survival_tier"":""normal""}",true,true,PROJECTED,policy_generated_not_validated
111,balanced-000123,ANCHOR_096041,N[C@@H]1CCN(c2ccc(F)c(Cl)c2)C1,1.0,balanced,120.0,-11.16763973236084,11.055851936340332,46.30014040110289,3.0,3.411386004695025,3.0478776599324404,44.348018061035326,2.0,cryptic_rescue,300.0,"{""adjusted_pi_clash"":3.411386004695025,""cryptic_bonus"":2.0,""fragment_pi_complement"":3.0,""lock_proxy_method"":""intracellular_bottom_z_proxy_v1:z_min=117.4241:z_max=133.3840:cutoff=120.6161:lock_atoms=13:total_atoms=122"",""oracle_mode"":""validated_o3a_zmatrix_corpus_lookup"",""pi_clash_lock"":44.348018061035326,""pi_clash_pocket"":3.0478776599324404,""rust_reward_authority"":true,""selected_dihedral_deg"":300.0,""survival_tier"":""cryptic_rescue""}",true,true,PROJECTED,policy_generated_not_validated
112,balanced-001937,ANCHOR_063640,Cc1cc(-c2cn[nH]c(=O)c2[C@H](C)N)ccc1F,1.0,balanced,0.0,-11.393264770507812,11.055851936340332,46.28792063014437,4.0,2.920651871667747,2.6012055732040875,40.88912620334846,4.0,cryptic_rescue,0.0,"{""adjusted_pi_clash"":2.920651871667747,""cryptic_bonus"":4.0,""fragment_pi_complement"":4.0,""lock_proxy_method"":""intracellular_bottom_z_proxy_v1:z_min=117.4241:z_max=134.2031:cutoff=120.7799:lock_atoms=14:total_atoms=128"",""oracle_mode"":""validated_o3a_zmatrix_corpus_lookup"",""pi_clash_lock"":40.88912620334846,""pi_clash_pocket"":2.6012055732040875,""rust_reward_authority"":true,""selected_dihedral_deg"":0.0,""survival_tier"":""cryptic_rescue""}",true,true,PROJECTED,policy_generated_not_validated
113,near_random-001161,ANCHOR_046213,COc1cccc(-c2cc(N)[nH]n2)c1,5.0,near_random,300.0,-11.796031951904297,11.239540100097656,46.27246163018556,3.0,2.7805546268299897,2.4358577722642885,41.708319402449845,4.0,cryptic_rescue,120.0,"{""adjusted_pi_clash"":2.7805546268299897,""cryptic_bonus"":4.0,""fragment_pi_complement"":3.0,""lock_proxy_method"":""intracellular_bottom_z_proxy_v1:z_min=117.4241:z_max=134.6649:cutoff=120.8723:lock_atoms=15:total_atoms=121"",""oracle_mode"":""validated_o3a_zmatrix_corpus_lookup"",""pi_clash_lock"":41.708319402449845,""pi_clash_pocket"":2.4358577722642885,""rust_reward_authority"":true,""selected_dihedral_deg"":120.0,""survival_tier"":""cryptic_rescue""}",true,true,PROJECTED,policy_generated_not_validated
114,exploration-001833,ANCHOR_071805,Cc1ccc(NCC(=O)N2CCCC2)cc1C,2.0,exploration,240.0,-10.150343894958496,11.206197738647461,46.25944276410276,4.0,2.997206891004143,2.7042468189511064,38.96368958305386,6.0,cryptic_rescue,300.0,"{""adjusted_pi_clash"":2.997206891004143,""cryptic_bonus"":6.0,""fragment_pi_complement"":4.0,""lock_proxy_method"":""intracellular_bottom_z_proxy_v1:z_min=117.4241:z_max=133.6554:cutoff=120.6704:lock_atoms=13:total_atoms=133"",""oracle_mode"":""validated_o3a_zmatrix_corpus_lookup"",""pi_clash_lock"":38.96368958305386,""pi_clash_pocket"":2.7042468189511064,""rust_reward_authority"":true,""selected_dihedral_deg"":300.0,""survival_tier"":""cryptic_rescue""}",true,true,PROJECTED,policy_generated_not_validated
115,near_random-000897,ANCHOR_090621,NC1(c2n[nH]c3ccc(F)cc23)CC1,5.0,near_random,240.0,-11.769360542297363,11.239540100097656,46.25150142911771,4.0,2.916251697264374,2.5760223325835305,40.82752376170124,4.0,cryptic_rescue,300.0,"{""adjusted_pi_clash"":2.916251697264374,""cryptic_bonus"":4.0,""fragment_pi_complement"":4.0,""lock_proxy_method"":""intracellular_bottom_z_proxy_v1:z_min=117.4241:z_max=133.8239:cutoff=120.7041:lock_atoms=14:total_atoms=120"",""oracle_mode"":""validated_o3a_zmatrix_corpus_lookup"",""pi_clash_lock"":40.82752376170124,""pi_clash_pocket"":2.5760223325835305,""rust_reward_authority"":true,""selected_dihedral_deg"":300.0,""survival_tier"":""cryptic_rescue""}",true,true,PROJECTED,policy_generated_not_validated
116,focused-001772,ANCHOR_012799,CC(C)[C@@H]1CN[C@@H](C)CN1S(C)(=O)=O,0.5,focused,120.0,-10.00595760345459,10.308391571044922,46.24192022549971,3.0,2.780081541861015,2.4593029024155135,41.70122312791523,4.0,cryptic_rescue,120.0,"{""adjusted_pi_clash"":2.780081541861015,""cryptic_bonus"":4.0,""fragment_pi_complement"":3.0,""lock_proxy_method"":""intracellular_bottom_z_proxy_v1:z_min=117.4241:z_max=134.9021:cutoff=120.9197:lock_atoms=15:total_atoms=130"",""oracle_mode"":""validated_o3a_zmatrix_corpus_lookup"",""pi_clash_lock"":41.70122312791523,""pi_clash_pocket"":2.4593029024155135,""rust_reward_authority"":true,""selected_dihedral_deg"":120.0,""survival_tier"":""cryptic_rescue""}",true,true,PROJECTED,policy_generated_not_validated
117,exploration-000517,ANCHOR_023963,CC[C@@H](N)/C(O)=N/[C@@H]1CCN(C)C1,2.0,exploration,300.0,-11.577041625976562,11.206197738647461,46.23795319462258,5.0,2.9118515228610007,2.6161166025704303,37.854069797193006,6.0,cryptic_rescue,300.0,"{""adjusted_pi_clash"":2.9118515228610007,""cryptic_bonus"":6.0,""fragment_pi_complement"":5.0,""lock_proxy_method"":""intracellular_bottom_z_proxy_v1:z_min=117.4241:z_max=133.5140:cutoff=120.6421:lock_atoms=13:total_atoms=128"",""oracle_mode"":""validated_o3a_zmatrix_corpus_lookup"",""pi_clash_lock"":37.854069797193006,""pi_clash_pocket"":2.6161166025704303,""rust_reward_authority"":true,""selected_dihedral_deg"":300.0,""survival_tier"":""cryptic_rescue""}",true,true,PROJECTED,policy_generated_not_validated
118,balanced-000130,ANCHOR_097491,N[C@H]1CCN(c2ccccc2OC(F)F)C1,1.0,balanced,300.0,-11.411108016967773,11.055851936340332,46.17760885528868,4.0,2.911851522861001,2.5883124647653344,40.76592132005402,4.0,cryptic_rescue,300.0,"{""adjusted_pi_clash"":2.911851522861001,""cryptic_bonus"":4.0,""fragment_pi_complement"":4.0,""lock_proxy_method"":""intracellular_bottom_z_proxy_v1:z_min=117.4241:z_max=134.2541:cutoff=120.7901:lock_atoms=14:total_atoms=126"",""oracle_mode"":""validated_o3a_zmatrix_corpus_lookup"",""pi_clash_lock"":40.76592132005402,""pi_clash_pocket"":2.5883124647653344,""rust_reward_authority"":true,""selected_dihedral_deg"":300.0,""survival_tier"":""cryptic_rescue""}",true,true,PROJECTED,policy_generated_not_validated
119,balanced-000915,ANCHOR_043418,COc1cc2c(Cl)nccc2cc1C#N,1.0,balanced,120.0,-10.338353157043457,11.055851936340332,46.12041500599445,5.0,2.627599862451917,2.2935829307843005,39.413997936778756,4.0,cryptic_rescue,120.0,"{""adjusted_pi_clash"":2.627599862451917,""cryptic_bonus"":4.0,""fragment_pi_complement"":5.0,""lock_proxy_method"":""intracellular_bottom_z_proxy_v1:z_min=117.4241:z_max=134.4403:cutoff=120.8273:lock_atoms=15:total_atoms=118"",""oracle_mode"":""validated_o3a_zmatrix_corpus_lookup"",""pi_clash_lock"":39.413997936778756,""pi_clash_pocket"":2.2935829307843005,""rust_reward_authority"":true,""selected_dihedral_deg"":120.0,""survival_tier"":""cryptic_rescue""}",true,true,PROJECTED,policy_generated_not_validated
120,exploration-000995,ANCHOR_089642,NC(=O)NCc1ccc2c(c1)CCCC2,2.0,exploration,120.0,-11.883716583251953,11.206197738647461,46.0660513400942,3.0,2.152446212664626,1.830426700533698,40.8964780406279,4.0,normal,120.0,"{""adjusted_pi_clash"":2.152446212664626,""cryptic_bonus"":4.0,""fragment_pi_complement"":3.0,""lock_proxy_method"":""intracellular_bottom_z_proxy_v1:z_min=117.4241:z_max=132.4266:cutoff=120.4246:lock_atoms=19:total_atoms=127"",""oracle_mode"":""validated_o3a_zmatrix_corpus_lookup"",""pi_clash_lock"":40.8964780406279,""pi_clash_pocket"":1.830426700533698,""rust_reward_authority"":true,""selected_dihedral_deg"":120.0,""survival_tier"":""normal""}",true,true,PROJECTED,policy_generated_not_validated
121,exploration-001384,ANCHOR_074719,Cc1cccc(-c2ccnc(CC(C)(C)N)n2)c1,2.0,exploration,240.0,-11.447630882263184,11.206197738647461,46.04734436987472,3.0,2.4211173898337237,2.111651257298586,41.158995627173304,4.0,normal,240.0,"{""adjusted_pi_clash"":2.4211173898337237,""cryptic_bonus"":4.0,""fragment_pi_complement"":3.0,""lock_proxy_method"":""intracellular_bottom_z_proxy_v1:z_min=117.4241:z_max=136.6970:cutoff=121.2787:lock_atoms=17:total_atoms=133"",""oracle_mode"":""validated_o3a_zmatrix_corpus_lookup"",""pi_clash_lock"":41.158995627173304,""pi_clash_pocket"":2.111651257298586,""rust_reward_authority"":true,""selected_dihedral_deg"":240.0,""survival_tier"":""normal""}",true,true,PROJECTED,policy_generated_not_validated
122,near_random-000136,ANCHOR_046202,COc1cccc(-c2c(N)n[nH]c2C2CC2)c1,5.0,near_random,300.0,-9.959436416625977,11.239540100097656,45.9539735004542,2.0,3.4668228586559953,3.1147236620737457,45.06869716252794,2.0,cryptic_rescue,300.0,"{""adjusted_pi_clash"":3.4668228586559953,""cryptic_bonus"":2.0,""fragment_pi_complement"":2.0,""lock_proxy_method"":""intracellular_bottom_z_proxy_v1:z_min=117.4241:z_max=133.3625:cutoff=120.6118:lock_atoms=13:total_atoms=128"",""oracle_mode"":""validated_o3a_zmatrix_corpus_lookup"",""pi_clash_lock"":45.06869716252794,""pi_clash_pocket"":3.1147236620737457,""rust_reward_authority"":true,""selected_dihedral_deg"":300.0,""survival_tier"":""cryptic_rescue""}",true,true,PROJECTED,policy_generated_not_validated
123,near_random-000927,ANCHOR_092254,NCCc1c(F)cccc1N1CCCC1,5.0,near_random,240.0,-11.653204917907715,11.239540100097656,45.953391144606684,4.0,2.8951335318889484,2.5784783018385946,40.53186944644528,4.0,cryptic_rescue,240.0,"{""adjusted_pi_clash"":2.8951335318889484,""cryptic_bonus"":4.0,""fragment_pi_complement"":4.0,""lock_proxy_method"":""intracellular_bottom_z_proxy_v1:z_min=117.4241:z_max=133.7621:cutoff=120.6917:lock_atoms=14:total_atoms=128"",""oracle_mode"":""validated_o3a_zmatrix_corpus_lookup"",""pi_clash_lock"":40.53186944644528,""pi_clash_pocket"":2.5784783018385946,""rust_reward_authority"":true,""selected_dihedral_deg"":240.0,""survival_tier"":""cryptic_rescue""}",true,true,PROJECTED,policy_generated_not_validated
124,focused-000963,ANCHOR_003408,C=CCn1c(C)nc2c(N)cccc21,0.5,focused,0.0,-9.854394912719727,10.308391571044922,45.95122250605061,3.0,2.4422355552091486,2.124546377295763,39.07576888334638,6.0,normal,0.0,"{""adjusted_pi_clash"":2.4422355552091486,""cryptic_bonus"":6.0,""fragment_pi_complement"":3.0,""lock_proxy_method"":""intracellular_bottom_z_proxy_v1:z_min=117.4241:z_max=135.6249:cutoff=121.0643:lock_atoms=16:total_atoms=123"",""oracle_mode"":""validated_o3a_zmatrix_corpus_lookup"",""pi_clash_lock"":39.07576888334638,""pi_clash_pocket"":2.124546377295763,""rust_reward_authority"":true,""selected_dihedral_deg"":0.0,""survival_tier"":""normal""}",true,true,PROJECTED,policy_generated_not_validated
125,near_random-001710,ANCHOR_082396,Cc1nn(C)cc1CN1CCC(C)(C)C1,5.0,near_random,60.0,-11.538843154907227,11.239540100097656,45.9471302546958,3.0,2.9716885512253444,2.6565094624590198,41.60363971715482,4.0,cryptic_rescue,0.0,"{""adjusted_pi_clash"":2.9716885512253444,""cryptic_bonus"":4.0,""fragment_pi_complement"":3.0,""lock_proxy_method"":""intracellular_bottom_z_proxy_v1:z_min=117.4241:z_max=134.2634:cutoff=120.7920:lock_atoms=14:total_atoms=132"",""oracle_mode"":""validated_o3a_zmatrix_corpus_lookup"",""pi_clash_lock"":41.60363971715482,""pi_clash_pocket"":2.6565094624590198,""rust_reward_authority"":true,""selected_dihedral_deg"":0.0,""survival_tier"":""cryptic_rescue""}",true,true,PROJECTED,policy_generated_not_validated
126,exploration-000488,ANCHOR_088242,N#Cc1ccc(CCC2OCCCO2)cc1,2.0,exploration,180.0,-11.812684059143066,11.206197738647461,45.82561384212607,4.0,2.0899646109095134,1.793749154245173,37.61936299637124,6.0,normal,180.0,"{""adjusted_pi_clash"":2.0899646109095134,""cryptic_bonus"":6.0,""fragment_pi_complement"":4.0,""lock_proxy_method"":""intracellular_bottom_z_proxy_v1:z_min=117.4241:z_max=132.4266:cutoff=120.4246:lock_atoms=18:total_atoms=127"",""oracle_mode"":""validated_o3a_zmatrix_corpus_lookup"",""pi_clash_lock"":37.61936299637124,""pi_clash_pocket"":1.793749154245173,""rust_reward_authority"":true,""selected_dihedral_deg"":180.0,""survival_tier"":""normal""}",true,true,PROJECTED,policy_generated_not_validated
127,balanced-001258,ANCHOR_042453,COc1c(F)cccc1C/C(N)=C/O,1.0,balanced,180.0,-10.9802827835083,11.055851936340332,45.810912349642095,3.0,2.7480738866258476,2.4101959497456202,41.221108299387716,4.0,cryptic_rescue,180.0,"{""adjusted_pi_clash"":2.7480738866258476,""cryptic_bonus"":4.0,""fragment_pi_complement"":3.0,""lock_proxy_method"":""intracellular_bottom_z_proxy_v1:z_min=117.4241:z_max=134.5043:cutoff=120.8401:lock_atoms=15:total_atoms=122"",""oracle_mode"":""validated_o3a_zmatrix_corpus_lookup"",""pi_clash_lock"":41.221108299387716,""pi_clash_pocket"":2.4101959497456202,""rust_reward_authority"":true,""selected_dihedral_deg"":180.0,""survival_tier"":""cryptic_rescue""}",true,true,PROJECTED,policy_generated_not_validated
128,near_random-001295,ANCHOR_046728,COc1cccc2c(C3(N)CCC3)c(C)n(C)c12,5.0,near_random,120.0,-11.658061981201172,11.239540100097656,45.79385655974047,3.0,2.890733357485575,2.5671438025431597,43.361000362283626,2.0,cryptic_rescue,0.0,"{""adjusted_pi_clash"":2.890733357485575,""cryptic_bonus"":2.0,""fragment_pi_complement"":3.0,""lock_proxy_method"":""intracellular_bottom_z_proxy_v1:z_min=117.4241:z_max=134.9974:cutoff=120.9388:lock_atoms=15:total_atoms=134"",""oracle_mode"":""validated_o3a_zmatrix_corpus_lookup"",""pi_clash_lock"":43.361000362283626,""pi_clash_pocket"":2.5671438025431597,""rust_reward_authority"":true,""selected_dihedral_deg"":0.0,""survival_tier"":""cryptic_rescue""}",true,true,PROJECTED,policy_generated_not_validated
129,exploration-001861,ANCHOR_089440,NC(=O)CN1C[C@H](c2ccccc2)CC1=O,2.0,exploration,300.0,-11.343147277832031,11.206197738647461,45.73805979399827,3.0,2.743673712222474,2.417045889338846,41.15510568333711,4.0,cryptic_rescue,60.0,"{""adjusted_pi_clash"":2.743673712222474,""cryptic_bonus"":4.0,""fragment_pi_complement"":3.0,""lock_proxy_method"":""intracellular_bottom_z_proxy_v1:z_min=117.4241:z_max=134.6338:cutoff=120.8660:lock_atoms=15:total_atoms=126"",""oracle_mode"":""validated_o3a_zmatrix_corpus_lookup"",""pi_clash_lock"":41.15510568333711,""pi_clash_pocket"":2.417045889338846,""rust_reward_authority"":true,""selected_dihedral_deg"":60.0,""survival_tier"":""cryptic_rescue""}",true,true,PROJECTED,policy_generated_not_validated
130,balanced-000085,ANCHOR_043491,COc1cc2c(cc1F)[C@H](C(C)C)NCC2,1.0,balanced,300.0,-11.976923942565918,11.055851936340332,45.7192359930062,4.0,3.343631334165375,3.0607086828129204,36.779944675819124,8.0,cryptic_rescue,300.0,"{""adjusted_pi_clash"":3.343631334165375,""cryptic_bonus"":8.0,""fragment_pi_complement"":4.0,""lock_proxy_method"":""intracellular_bottom_z_proxy_v1:z_min=117.4241:z_max=133.2084:cutoff=120.5810:lock_atoms=11:total_atoms=130"",""oracle_mode"":""validated_o3a_zmatrix_corpus_lookup"",""pi_clash_lock"":36.779944675819124,""pi_clash_pocket"":3.0607086828129204,""rust_reward_authority"":true,""selected_dihedral_deg"":300.0,""survival_tier"":""cryptic_rescue""}",true,true,PROJECTED,policy_generated_not_validated
131,focused-000505,ANCHOR_064106,Cc1cc(C(=O)N[C@H](C)c2ccccn2)c(C)o1,0.5,focused,300.0,-10.048367500305176,10.308391571044922,45.61749261773011,3.0,2.946170211446546,2.628890342521533,41.246382960251644,4.0,cryptic_rescue,0.0,"{""adjusted_pi_clash"":2.946170211446546,""cryptic_bonus"":4.0,""fragment_pi_complement"":3.0,""lock_proxy_method"":""intracellular_bottom_z_proxy_v1:z_min=117.4241:z_max=133.7517:cutoff=120.6896:lock_atoms=14:total_atoms=130"",""oracle_mode"":""validated_o3a_zmatrix_corpus_lookup"",""pi_clash_lock"":41.246382960251644,""pi_clash_pocket"":2.628890342521533,""rust_reward_authority"":true,""selected_dihedral_deg"":0.0,""survival_tier"":""cryptic_rescue""}",true,true,PROJECTED,policy_generated_not_validated
132,near_random-001256,ANCHOR_114434,c1ccc2nc(OC3CCNCC3)ccc2c1,5.0,near_random,0.0,-11.675634384155273,11.239540100097656,45.564831768627506,5.0,2.8564146689000305,2.5685589270728957,37.1333906957004,6.0,cryptic_rescue,0.0,"{""adjusted_pi_clash"":2.8564146689000305,""cryptic_bonus"":6.0,""fragment_pi_complement"":5.0,""lock_proxy_method"":""intracellular_bottom_z_proxy_v1:z_min=117.4241:z_max=133.3812:cutoff=120.6155:lock_atoms=13:total_atoms=129"",""oracle_mode"":""validated_o3a_zmatrix_corpus_lookup"",""pi_clash_lock"":37.1333906957004,""pi_clash_pocket"":2.5685589270728957,""rust_reward_authority"":true,""selected_dihedral_deg"":0.0,""survival_tier"":""cryptic_rescue""}",true,true,PROJECTED,policy_generated_not_validated
133,near_random-000568,ANCHOR_088912,N#Cc1cnc2ccccc2c1N1CCCC1,5.0,near_random,180.0,-11.364871978759766,11.239540100097656,45.45616066288209,5.0,2.78055462682999,2.471604112737769,38.92776477561986,4.0,cryptic_rescue,120.0,"{""adjusted_pi_clash"":2.78055462682999,""cryptic_bonus"":4.0,""fragment_pi_complement"":5.0,""lock_proxy_method"":""intracellular_bottom_z_proxy_v1:z_min=117.4241:z_max=134.0301:cutoff=120.7453:lock_atoms=14:total_atoms=126"",""oracle_mode"":""validated_o3a_zmatrix_corpus_lookup"",""pi_clash_lock"":38.92776477561986,""pi_clash_pocket"":2.471604112737769,""rust_reward_authority"":true,""selected_dihedral_deg"":120.0,""survival_tier"":""cryptic_rescue""}",true,true,PROJECTED,policy_generated_not_validated
134,focused-001918,ANCHOR_066812,Cc1cc(NC(=O)Cc2ccc[nH]2)cnc1Cl,0.5,focused,300.0,-10.249608039855957,10.308391571044922,45.3987467617519,4.0,2.472154069391321,2.155718348509232,39.554465110261134,4.0,normal,300.0,"{""adjusted_pi_clash"":2.472154069391321,""cryptic_bonus"":4.0,""fragment_pi_complement"":4.0,""lock_proxy_method"":""intracellular_bottom_z_proxy_v1:z_min=117.4241:z_max=136.2525:cutoff=121.1898:lock_atoms=16:total_atoms=125"",""oracle_mode"":""validated_o3a_zmatrix_corpus_lookup"",""pi_clash_lock"":39.554465110261134,""pi_clash_pocket"":2.155718348509232,""rust_reward_authority"":true,""selected_dihedral_deg"":300.0,""survival_tier"":""normal""}",true,true,PROJECTED,policy_generated_not_validated
135,focused-000378,ANCHOR_062514,Cc1c(-c2cn[nH]c2)n[nH]c1N,0.5,focused,300.0,-9.545208930969238,10.308391571044922,45.35377904293722,4.0,2.4677538949879474,2.1302832768699376,39.48406231980716,4.0,normal,300.0,"{""adjusted_pi_clash"":2.4677538949879474,""cryptic_bonus"":4.0,""fragment_pi_complement"":4.0,""lock_proxy_method"":""intracellular_bottom_z_proxy_v1:z_min=117.4241:z_max=135.5838:cutoff=121.0560:lock_atoms=16:total_atoms=117"",""oracle_mode"":""validated_o3a_zmatrix_corpus_lookup"",""pi_clash_lock"":39.48406231980716,""pi_clash_pocket"":2.1302832768699376,""rust_reward_authority"":true,""selected_dihedral_deg"":300.0,""survival_tier"":""normal""}",true,true,PROJECTED,policy_generated_not_validated
136,exploration-000099,ANCHOR_109097,O=C1c2ccccc2C[C@@H]1CN1CCCCC1,2.0,exploration,0.0,-11.193123817443848,11.206197738647461,45.32625237437465,4.0,2.3612803614693796,2.092953047666041,35.41920542204069,8.0,normal,0.0,"{""adjusted_pi_clash"":2.3612803614693796,""cryptic_bonus"":8.0,""fragment_pi_complement"":4.0,""lock_proxy_method"":""intracellular_bottom_z_proxy_v1:z_min=117.4241:z_max=134.5371:cutoff=120.8467:lock_atoms=15:total_atoms=132"",""oracle_mode"":""validated_o3a_zmatrix_corpus_lookup"",""pi_clash_lock"":35.41920542204069,""pi_clash_pocket"":2.092953047666041,""rust_reward_authority"":true,""selected_dihedral_deg"":0.0,""survival_tier"":""normal""}",true,true,PROJECTED,policy_generated_not_validated
137,exploitation-000703,ANCHOR_098957,Nc1ccc(F)c(C(=O)Nc2cccc(F)c2)c1,0.1,exploitation,240.0,-9.625699996948242,1.7875181355903873e-25,45.305181377011365,3.0,2.4976724091701192,2.1552495788806674,42.46043095589203,2.0,normal,300.0,"{""adjusted_pi_clash"":2.4976724091701192,""cryptic_bonus"":2.0,""fragment_pi_complement"":3.0,""lock_proxy_method"":""intracellular_bottom_z_proxy_v1:z_min=117.4241:z_max=137.4726:cutoff=121.4338:lock_atoms=17:total_atoms=124"",""oracle_mode"":""validated_o3a_zmatrix_corpus_lookup"",""pi_clash_lock"":42.46043095589203,""pi_clash_pocket"":2.1552495788806674,""rust_reward_authority"":true,""selected_dihedral_deg"":300.0,""survival_tier"":""normal""}",true,true,PROJECTED,policy_generated_not_validated
138,focused-001312,ANCHOR_068043,Cc1cc2c(cc1C)[C@@H](N)C[C@H](C)N2,0.5,focused,120.0,-11.89156723022461,10.308391571044922,45.203320707804345,4.0,2.30606539980579,1.9997910888940835,39.20311179669843,4.0,normal,120.0,"{""adjusted_pi_clash"":2.30606539980579,""cryptic_bonus"":4.0,""fragment_pi_complement"":4.0,""lock_proxy_method"":""intracellular_bottom_z_proxy_v1:z_min=117.4241:z_max=137.3633:cutoff=121.4119:lock_atoms=17:total_atoms=128"",""oracle_mode"":""validated_o3a_zmatrix_corpus_lookup"",""pi_clash_lock"":39.20311179669843,""pi_clash_pocket"":1.9997910888940835,""rust_reward_authority"":true,""selected_dihedral_deg"":120.0,""survival_tier"":""normal""}",true,true,PROJECTED,policy_generated_not_validated
139,focused-001534,ANCHOR_083386,Clc1cccc(Cl)c1OCC1=NCCN1,0.5,focused,300.0,-10.37137222290039,10.308391571044922,45.18904256714723,2.0,2.9162516972643737,2.554732891818377,43.74377545896561,2.0,cryptic_rescue,0.0,"{""adjusted_pi_clash"":2.9162516972643737,""cryptic_bonus"":2.0,""fragment_pi_complement"":2.0,""lock_proxy_method"":""intracellular_bottom_z_proxy_v1:z_min=117.4241:z_max=135.0089:cutoff=120.9411:lock_atoms=15:total_atoms=121"",""oracle_mode"":""validated_o3a_zmatrix_corpus_lookup"",""pi_clash_lock"":43.74377545896561,""pi_clash_pocket"":2.554732891818377,""rust_reward_authority"":true,""selected_dihedral_deg"":0.0,""survival_tier"":""cryptic_rescue""}",true,true,PROJECTED,policy_generated_not_validated
140,balanced-001936,ANCHOR_043554,COc1cc2c(ccn2C)cc1CN,1.0,balanced,0.0,-11.790435791015625,11.055851936340332,45.188520561281045,5.0,2.4211173898337233,2.128240286224805,36.31676084750585,6.0,normal,0.0,"{""adjusted_pi_clash"":2.4211173898337233,""cryptic_bonus"":6.0,""fragment_pi_complement"":5.0,""lock_proxy_method"":""intracellular_bottom_z_proxy_v1:z_min=117.4241:z_max=134.5440:cutoff=120.8481:lock_atoms=15:total_atoms=124"",""oracle_mode"":""validated_o3a_zmatrix_corpus_lookup"",""pi_clash_lock"":36.31676084750585,""pi_clash_pocket"":2.128240286224805,""rust_reward_authority"":true,""selected_dihedral_deg"":0.0,""survival_tier"":""normal""}",true,true,PROJECTED,policy_generated_not_validated
141,near_random-001918,ANCHOR_070862,Cc1ccc(Cc2nc(CN)n[nH]2)cc1,5.0,near_random,240.0,-10.289910316467285,11.239540100097656,45.08098434303628,4.0,2.451149150121383,2.137402058905846,39.218386401942126,4.0,normal,60.0,"{""adjusted_pi_clash"":2.451149150121383,""cryptic_bonus"":4.0,""fragment_pi_complement"":4.0,""lock_proxy_method"":""intracellular_bottom_z_proxy_v1:z_min=117.4241:z_max=132.4266:cutoff=120.4246:lock_atoms=16:total_atoms=125"",""oracle_mode"":""validated_o3a_zmatrix_corpus_lookup"",""pi_clash_lock"":39.218386401942126,""pi_clash_pocket"":2.137402058905846,""rust_reward_authority"":true,""selected_dihedral_deg"":60.0,""survival_tier"":""normal""}",true,true,PROJECTED,policy_generated_not_validated
142,balanced-000537,ANCHOR_095961,N[C@@H]1CCC[C@H]1OCC1CC1,1.0,balanced,300.0,-10.274849891662598,11.055851936340332,45.06980562142968,2.0,2.4211173898337233,2.089190005743616,41.1589956271733,4.0,normal,300.0,"{""adjusted_pi_clash"":2.4211173898337233,""cryptic_bonus"":4.0,""fragment_pi_complement"":2.0,""lock_proxy_method"":""intracellular_bottom_z_proxy_v1:z_min=117.4241:z_max=136.4979:cutoff=121.2389:lock_atoms=17:total_atoms=124"",""oracle_mode"":""validated_o3a_zmatrix_corpus_lookup"",""pi_clash_lock"":41.1589956271733,""pi_clash_pocket"":2.089190005743616,""rust_reward_authority"":true,""selected_dihedral_deg"":300.0,""survival_tier"":""normal""}",true,true,PROJECTED,policy_generated_not_validated
143,balanced-001583,ANCHOR_027238,CCc1c(C)nn([C@H]2CCCC[C@H]2N)c1C,1.0,balanced,240.0,-11.822198867797852,11.055851936340332,45.04275968642975,2.0,2.4211173898337233,2.1162359407435507,41.1589956271733,4.0,normal,60.0,"{""adjusted_pi_clash"":2.4211173898337233,""cryptic_bonus"":4.0,""fragment_pi_complement"":2.0,""lock_proxy_method"":""intracellular_bottom_z_proxy_v1:z_min=117.4241:z_max=136.7802:cutoff=121.2953:lock_atoms=17:total_atoms=135"",""oracle_mode"":""validated_o3a_zmatrix_corpus_lookup"",""pi_clash_lock"":41.1589956271733,""pi_clash_pocket"":2.1162359407435507,""rust_reward_authority"":true,""selected_dihedral_deg"":60.0,""survival_tier"":""normal""}",true,true,PROJECTED,policy_generated_not_validated
144,balanced-000063,ANCHOR_091301,NCC1(c2ccccn2)CCOCC1,1.0,balanced,300.0,-11.780720710754395,11.055851936340332,44.98562885383369,5.0,3.3691496739441735,3.075017559552222,37.06064641338591,6.0,cryptic_rescue,300.0,"{""adjusted_pi_clash"":3.3691496739441735,""cryptic_bonus"":6.0,""fragment_pi_complement"":5.0,""lock_proxy_method"":""intracellular_bottom_z_proxy_v1:z_min=117.4241:z_max=133.2550:cutoff=120.5903:lock_atoms=11:total_atoms=126"",""oracle_mode"":""validated_o3a_zmatrix_corpus_lookup"",""pi_clash_lock"":37.06064641338591,""pi_clash_pocket"":3.075017559552222,""rust_reward_authority"":true,""selected_dihedral_deg"":300.0,""survival_tier"":""cryptic_rescue""}",true,true,PROJECTED,policy_generated_not_validated
145,focused-001597,ANCHOR_090493,NC1(c2cc3n(n2)CCCCC3)CCC1,0.5,focused,0.0,-10.206188201904297,10.308391571044922,44.93411616570144,4.0,2.442235555209149,2.1416527176449462,39.075768883346385,4.0,normal,0.0,"{""adjusted_pi_clash"":2.442235555209149,""cryptic_bonus"":4.0,""fragment_pi_complement"":4.0,""lock_proxy_method"":""intracellular_bottom_z_proxy_v1:z_min=117.4241:z_max=135.5940:cutoff=121.0581:lock_atoms=16:total_atoms=130"",""oracle_mode"":""validated_o3a_zmatrix_corpus_lookup"",""pi_clash_lock"":39.075768883346385,""pi_clash_pocket"":2.1416527176449462,""rust_reward_authority"":true,""selected_dihedral_deg"":0.0,""survival_tier"":""normal""}",true,true,PROJECTED,policy_generated_not_validated
146,near_random-000990,ANCHOR_114807,c1n[nH]c(CN2CCCC2)n1,5.0,near_random,0.0,-11.863178253173828,11.239540100097656,44.921773030645454,4.0,2.4721540693913204,2.1605380102243474,37.082311040869804,6.0,normal,0.0,"{""adjusted_pi_clash"":2.4721540693913204,""cryptic_bonus"":6.0,""fragment_pi_complement"":4.0,""lock_proxy_method"":""intracellular_bottom_z_proxy_v1:z_min=117.4241:z_max=134.5650:cutoff=120.8523:lock_atoms=15:total_atoms=119"",""oracle_mode"":""validated_o3a_zmatrix_corpus_lookup"",""pi_clash_lock"":37.082311040869804,""pi_clash_pocket"":2.1605380102243474,""rust_reward_authority"":true,""selected_dihedral_deg"":0.0,""survival_tier"":""normal""}",true,true,PROJECTED,policy_generated_not_validated
147,focused-000621,ANCHOR_046380,COc1cccc(C[C@@H]2CCN(C)[C@@H](C#N)C2)c1,0.5,focused,300.0,-11.142364501953125,10.308391571044922,44.866332089600974,4.0,2.30606539980579,2.030714307291666,36.89704639689264,6.0,normal,300.0,"{""adjusted_pi_clash"":2.30606539980579,""cryptic_bonus"":6.0,""fragment_pi_complement"":4.0,""lock_proxy_method"":""intracellular_bottom_z_proxy_v1:z_min=117.4241:z_max=135.6060:cutoff=121.0605:lock_atoms=16:total_atoms=134"",""oracle_mode"":""validated_o3a_zmatrix_corpus_lookup"",""pi_clash_lock"":36.89704639689264,""pi_clash_pocket"":2.030714307291666,""rust_reward_authority"":true,""selected_dihedral_deg"":300.0,""survival_tier"":""normal""}",true,true,PROJECTED,policy_generated_not_validated
148,near_random-000479,ANCHOR_091212,NCC1(c2cc3ccc(F)cc3[nH]2)CC1,5.0,near_random,0.0,-11.938114166259766,11.239540100097656,44.80546270549887,2.0,2.7480738866258476,2.4156455938888497,41.221108299387716,4.0,cryptic_rescue,0.0,"{""adjusted_pi_clash"":2.7480738866258476,""cryptic_bonus"":4.0,""fragment_pi_complement"":2.0,""lock_proxy_method"":""intracellular_bottom_z_proxy_v1:z_min=117.4241:z_max=135.1120:cutoff=120.9617:lock_atoms=15:total_atoms=124"",""oracle_mode"":""validated_o3a_zmatrix_corpus_lookup"",""pi_clash_lock"":41.221108299387716,""pi_clash_pocket"":2.4156455938888497,""rust_reward_authority"":true,""selected_dihedral_deg"":0.0,""survival_tier"":""cryptic_rescue""}",true,true,PROJECTED,policy_generated_not_validated
149,focused-000734,ANCHOR_014092,CC(C)c1ccc2c(c1)C(=O)C[C@@H]2N,0.5,focused,180.0,-10.1716947555542,10.308391571044922,44.80280327915696,4.0,2.748073886625847,2.4183050202307457,41.22110829938771,2.0,cryptic_rescue,120.0,"{""adjusted_pi_clash"":2.748073886625847,""cryptic_bonus"":2.0,""fragment_pi_complement"":4.0,""lock_proxy_method"":""intracellular_bottom_z_proxy_v1:z_min=117.4241:z_max=134.4392:cutoff=120.8271:lock_atoms=15:total_atoms=125"",""oracle_mode"":""validated_o3a_zmatrix_corpus_lookup"",""pi_clash_lock"":41.22110829938771,""pi_clash_pocket"":2.4183050202307457,""rust_reward_authority"":true,""selected_dihedral_deg"":120.0,""survival_tier"":""cryptic_rescue""}",true,true,PROJECTED,policy_generated_not_validated
150,balanced-001946,ANCHOR_069356,Cc1ccc(C(=O)N[C@H]2CCCC[C@@H]2N)cc1C,1.0,balanced,0.0,-11.550028800964355,11.055851936340332,44.740519429230346,5.0,2.3911988756515514,2.127463705542924,35.86798313477327,6.0,normal,0.0,"{""adjusted_pi_clash"":2.3911988756515514,""cryptic_bonus"":6.0,""fragment_pi_complement"":5.0,""lock_proxy_method"":""intracellular_bottom_z_proxy_v1:z_min=117.4241:z_max=134.4488:cutoff=120.8290:lock_atoms=15:total_atoms=136"",""oracle_mode"":""validated_o3a_zmatrix_corpus_lookup"",""pi_clash_lock"":35.86798313477327,""pi_clash_pocket"":2.127463705542924,""rust_reward_authority"":true,""selected_dihedral_deg"":0.0,""survival_tier"":""normal""}",true,true,PROJECTED,policy_generated_not_validated
151,balanced-001659,ANCHOR_097259,N[C@H]1CCCC[C@H]1Oc1ccc(F)cc1F,1.0,balanced,240.0,-10.952775001525879,11.055851936340332,44.72767142443671,6.0,3.3116236789302067,3.076941685935153,29.80461311037186,12.0,cryptic_rescue,240.0,"{""adjusted_pi_clash"":3.3116236789302067,""cryptic_bonus"":12.0,""fragment_pi_complement"":6.0,""lock_proxy_method"":""intracellular_bottom_z_proxy_v1:z_min=117.4241:z_max=132.4266:cutoff=120.4246:lock_atoms=9:total_atoms=127"",""oracle_mode"":""validated_o3a_zmatrix_corpus_lookup"",""pi_clash_lock"":29.80461311037186,""pi_clash_pocket"":3.076941685935153,""rust_reward_authority"":true,""selected_dihedral_deg"":240.0,""survival_tier"":""cryptic_rescue""}",true,true,PROJECTED,policy_generated_not_validated
152,focused-000204,ANCHOR_076912,Cc1ccccc1C(=O)N1CCCCC1,0.5,focused,300.0,-10.440478324890137,10.308391571044922,44.72682759827048,4.0,2.86961519211015,2.578169899161463,37.30499749743195,6.0,cryptic_rescue,300.0,"{""adjusted_pi_clash"":2.86961519211015,""cryptic_bonus"":6.0,""fragment_pi_complement"":4.0,""lock_proxy_method"":""intracellular_bottom_z_proxy_v1:z_min=117.4241:z_max=133.5076:cutoff=120.6408:lock_atoms=13:total_atoms=128"",""oracle_mode"":""validated_o3a_zmatrix_corpus_lookup"",""pi_clash_lock"":37.30499749743195,""pi_clash_pocket"":2.578169899161463,""rust_reward_authority"":true,""selected_dihedral_deg"":300.0,""survival_tier"":""cryptic_rescue""}",true,true,PROJECTED,policy_generated_not_validated
153,exploration-001182,ANCHOR_023943,CC[C@@H](CN)c1ccc2c(c1)nc(C)n2C,2.0,exploration,180.0,-11.709375381469727,11.206197738647461,44.680030643341404,4.0,2.274057744570622,1.9789510143591673,38.65898165770057,4.0,normal,180.0,"{""adjusted_pi_clash"":2.274057744570622,""cryptic_bonus"":4.0,""fragment_pi_complement"":4.0,""lock_proxy_method"":""intracellular_bottom_z_proxy_v1:z_min=117.4241:z_max=137.5215:cutoff=121.4436:lock_atoms=17:total_atoms=131"",""oracle_mode"":""validated_o3a_zmatrix_corpus_lookup"",""pi_clash_lock"":38.65898165770057,""pi_clash_pocket"":1.9789510143591673,""rust_reward_authority"":true,""selected_dihedral_deg"":180.0,""survival_tier"":""normal""}",true,true,PROJECTED,policy_generated_not_validated
154,near_random-000687,ANCHOR_061885,C[S@@+]([O-])c1ccc(C2CCNCC2)cc1,5.0,near_random,120.0,-11.178714752197266,11.239540100097656,44.65420020638353,3.0,2.2100424341002864,1.916521173321342,37.57072137970487,6.0,normal,120.0,"{""adjusted_pi_clash"":2.2100424341002864,""cryptic_bonus"":6.0,""fragment_pi_complement"":3.0,""lock_proxy_method"":""intracellular_bottom_z_proxy_v1:z_min=117.4241:z_max=137.0565:cutoff=121.3506:lock_atoms=17:total_atoms=128"",""oracle_mode"":""validated_o3a_zmatrix_corpus_lookup"",""pi_clash_lock"":37.57072137970487,""pi_clash_pocket"":1.916521173321342,""rust_reward_authority"":true,""selected_dihedral_deg"":120.0,""survival_tier"":""normal""}",true,true,PROJECTED,policy_generated_not_validated
155,near_random-001566,ANCHOR_065145,Cc1cc(C)c2cc(CCN)cc(F)c2n1,5.0,near_random,0.0,-11.829426765441895,11.239540100097656,44.602366511302016,3.0,2.9417700370431725,2.6406439702592257,38.24301048156124,6.0,cryptic_rescue,0.0,"{""adjusted_pi_clash"":2.9417700370431725,""cryptic_bonus"":6.0,""fragment_pi_complement"":3.0,""lock_proxy_method"":""intracellular_bottom_z_proxy_v1:z_min=117.4241:z_max=133.6426:cutoff=120.6678:lock_atoms=13:total_atoms=127"",""oracle_mode"":""validated_o3a_zmatrix_corpus_lookup"",""pi_clash_lock"":38.24301048156124,""pi_clash_pocket"":2.6406439702592257,""rust_reward_authority"":true,""selected_dihedral_deg"":0.0,""survival_tier"":""cryptic_rescue""}",true,true,PROJECTED,policy_generated_not_validated
156,focused-000610,ANCHOR_097416,N[C@H]1CCCc2cc(F)ccc2[C@@H]1O,0.5,focused,300.0,-10.02556324005127,10.308391571044922,44.57514580832419,4.0,2.941770037043173,2.609634710280234,41.18478051860442,2.0,cryptic_rescue,300.0,"{""adjusted_pi_clash"":2.941770037043173,""cryptic_bonus"":2.0,""fragment_pi_complement"":4.0,""lock_proxy_method"":""intracellular_bottom_z_proxy_v1:z_min=117.4241:z_max=133.7265:cutoff=120.6846:lock_atoms=14:total_atoms=124"",""oracle_mode"":""validated_o3a_zmatrix_corpus_lookup"",""pi_clash_lock"":41.18478051860442,""pi_clash_pocket"":2.609634710280234,""rust_reward_authority"":true,""selected_dihedral_deg"":300.0,""survival_tier"":""cryptic_rescue""}",true,true,PROJECTED,policy_generated_not_validated
157,focused-001946,ANCHOR_064657,Cc1cc(C)c(N2CCN[C@@H](C)C2)c(C)c1,0.5,focused,300.0,-10.435401916503906,10.308391571044922,44.550359589909036,4.0,2.9417700370431725,2.6344209286953784,41.18478051860441,2.0,cryptic_rescue,300.0,"{""adjusted_pi_clash"":2.9417700370431725,""cryptic_bonus"":2.0,""fragment_pi_complement"":4.0,""lock_proxy_method"":""intracellular_bottom_z_proxy_v1:z_min=117.4241:z_max=133.9005:cutoff=120.7194:lock_atoms=14:total_atoms=134"",""oracle_mode"":""validated_o3a_zmatrix_corpus_lookup"",""pi_clash_lock"":41.18478051860441,""pi_clash_pocket"":2.6344209286953784,""rust_reward_authority"":true,""selected_dihedral_deg"":300.0,""survival_tier"":""cryptic_rescue""}",true,true,PROJECTED,policy_generated_not_validated
158,exploration-000633,ANCHOR_056961,C[C@H](N)c1ccc(NC(=O)[C@@H]2CCCOC2)cc1,2.0,exploration,180.0,-11.434032440185547,11.206197738647461,44.532222507061775,3.0,2.659607517687085,2.3618902582445007,39.894112765306275,4.0,cryptic_rescue,180.0,"{""adjusted_pi_clash"":2.659607517687085,""cryptic_bonus"":4.0,""fragment_pi_complement"":3.0,""lock_proxy_method"":""intracellular_bottom_z_proxy_v1:z_min=117.4241:z_max=135.1225:cutoff=120.9638:lock_atoms=15:total_atoms=134"",""oracle_mode"":""validated_o3a_zmatrix_corpus_lookup"",""pi_clash_lock"":39.894112765306275,""pi_clash_pocket"":2.3618902582445007,""rust_reward_authority"":true,""selected_dihedral_deg"":180.0,""survival_tier"":""cryptic_rescue""}",true,true,PROJECTED,policy_generated_not_validated
159,exploration-001981,ANCHOR_074775,Cc1cccc(-c2nn(C)c(N)c2C)c1,2.0,exploration,300.0,-11.218461990356445,11.206197738647461,44.472864965366696,1.0,2.9373698626397995,2.5876829742302996,44.060547939596994,2.0,cryptic_rescue,300.0,"{""adjusted_pi_clash"":2.9373698626397995,""cryptic_bonus"":2.0,""fragment_pi_complement"":1.0,""lock_proxy_method"":""intracellular_bottom_z_proxy_v1:z_min=117.4241:z_max=134.7958:cutoff=120.8984:lock_atoms=15:total_atoms=126"",""oracle_mode"":""validated_o3a_zmatrix_corpus_lookup"",""pi_clash_lock"":44.060547939596994,""pi_clash_pocket"":2.5876829742302996,""rust_reward_authority"":true,""selected_dihedral_deg"":300.0,""survival_tier"":""cryptic_rescue""}",true,true,PROJECTED,policy_generated_not_validated
160,balanced-000272,ANCHOR_013716,CC(C)c1c[nH]c([C@@H]2CCCNC2)n1,1.0,balanced,0.0,-10.538687705993652,11.055851936340332,44.415776639451465,4.0,2.8440968523313512,2.557482440856099,36.973259080307564,6.0,cryptic_rescue,0.0,"{""adjusted_pi_clash"":2.8440968523313512,""cryptic_bonus"":6.0,""fragment_pi_complement"":4.0,""lock_proxy_method"":""intracellular_bottom_z_proxy_v1:z_min=117.4241:z_max=133.5427:cutoff=120.6478:lock_atoms=13:total_atoms=129"",""oracle_mode"":""validated_o3a_zmatrix_corpus_lookup"",""pi_clash_lock"":36.973259080307564,""pi_clash_pocket"":2.557482440856099,""rust_reward_authority"":true,""selected_dihedral_deg"":0.0,""survival_tier"":""cryptic_rescue""}",true,true,PROJECTED,policy_generated_not_validated
161,near_random-001100,ANCHOR_075078,Cc1cccc(C)c1-n1ncc(N)c1C,5.0,near_random,300.0,-11.788299560546875,11.239540100097656,44.411679460058544,4.0,3.411386004695025,3.113566591586729,37.525246051645276,6.0,cryptic_rescue,300.0,"{""adjusted_pi_clash"":3.411386004695025,""cryptic_bonus"":6.0,""fragment_pi_complement"":4.0,""lock_proxy_method"":""intracellular_bottom_z_proxy_v1:z_min=117.4241:z_max=133.2947:cutoff=120.5982:lock_atoms=11:total_atoms=126"",""oracle_mode"":""validated_o3a_zmatrix_corpus_lookup"",""pi_clash_lock"":37.525246051645276,""pi_clash_pocket"":3.113566591586729,""rust_reward_authority"":true,""selected_dihedral_deg"":300.0,""survival_tier"":""cryptic_rescue""}",true,true,PROJECTED,policy_generated_not_validated
162,balanced-000925,ANCHOR_088260,N#Cc1ccc(CN2CCNC(=O)CC2)c(F)c1,1.0,balanced,240.0,-11.41207504272461,11.055851936340332,44.391070631666686,3.0,1.612552911338725,1.310199240462714,38.7012698721294,4.0,normal,180.0,"{""adjusted_pi_clash"":1.612552911338725,""cryptic_bonus"":4.0,""fragment_pi_complement"":3.0,""lock_proxy_method"":""intracellular_bottom_z_proxy_v1:z_min=117.4241:z_max=132.4266:cutoff=120.4246:lock_atoms=24:total_atoms=128"",""oracle_mode"":""validated_o3a_zmatrix_corpus_lookup"",""pi_clash_lock"":38.7012698721294,""pi_clash_pocket"":1.310199240462714,""rust_reward_authority"":true,""selected_dihedral_deg"":180.0,""survival_tier"":""normal""}",true,true,PROJECTED,policy_generated_not_validated
163,near_random-000599,ANCHOR_089266,N=C(Nc1ccccc1)c1ccccn1,5.0,near_random,120.0,-10.241290092468262,11.239540100097656,44.38934325762914,4.0,2.840555096432468,2.5378729959929425,36.927216253622085,6.0,cryptic_rescue,120.0,"{""adjusted_pi_clash"":2.840555096432468,""cryptic_bonus"":6.0,""fragment_pi_complement"":4.0,""lock_proxy_method"":""intracellular_bottom_z_proxy_v1:z_min=117.4241:z_max=133.6137:cutoff=120.6620:lock_atoms=13:total_atoms=122"",""oracle_mode"":""validated_o3a_zmatrix_corpus_lookup"",""pi_clash_lock"":36.927216253622085,""pi_clash_pocket"":2.5378729959929425,""rust_reward_authority"":true,""selected_dihedral_deg"":120.0,""survival_tier"":""cryptic_rescue""}",true,true,PROJECTED,policy_generated_not_validated
164,focused-001049,ANCHOR_089602,NC(=O)N1CCN(c2cccc(Cl)c2)CC1,0.5,focused,300.0,-11.742433547973633,10.308391571044922,44.292991206310454,4.0,2.9206518716677468,2.5961349970379968,40.889126203348454,2.0,cryptic_rescue,300.0,"{""adjusted_pi_clash"":2.9206518716677468,""cryptic_bonus"":2.0,""fragment_pi_complement"":4.0,""lock_proxy_method"":""intracellular_bottom_z_proxy_v1:z_min=117.4241:z_max=134.1584:cutoff=120.7710:lock_atoms=14:total_atoms=126"",""oracle_mode"":""validated_o3a_zmatrix_corpus_lookup"",""pi_clash_lock"":40.889126203348454,""pi_clash_pocket"":2.5961349970379968,""rust_reward_authority"":true,""selected_dihedral_deg"":300.0,""survival_tier"":""cryptic_rescue""}",true,true,PROJECTED,policy_generated_not_validated
165,focused-000540,ANCHOR_044711,COc1ccc(N)cc1C(=O)N1C[C@@H]2CC[C@H]1C2,0.5,focused,300.0,-9.66157341003418,10.308391571044922,44.25124013851463,3.0,2.4976724091701192,2.2138459990371513,37.465086137551786,6.0,normal,300.0,"{""adjusted_pi_clash"":2.4976724091701192,""cryptic_bonus"":6.0,""fragment_pi_complement"":3.0,""lock_proxy_method"":""intracellular_bottom_z_proxy_v1:z_min=117.4241:z_max=135.4972:cutoff=121.0387:lock_atoms=15:total_atoms=132"",""oracle_mode"":""validated_o3a_zmatrix_corpus_lookup"",""pi_clash_lock"":37.465086137551786,""pi_clash_pocket"":2.2138459990371513,""rust_reward_authority"":true,""selected_dihedral_deg"":300.0,""survival_tier"":""normal""}",true,true,PROJECTED,policy_generated_not_validated
166,balanced-000242,ANCHOR_023169,CCOc1cnc2c(c1)CNC2,1.0,balanced,300.0,-10.779684066772461,11.055851936340332,44.219952192010176,3.0,2.837607536874982,2.5065533242395674,39.726505516249745,4.0,cryptic_rescue,300.0,"{""adjusted_pi_clash"":2.837607536874982,""cryptic_bonus"":4.0,""fragment_pi_complement"":3.0,""lock_proxy_method"":""intracellular_bottom_z_proxy_v1:z_min=117.4241:z_max=133.8120:cutoff=120.7017:lock_atoms=14:total_atoms=120"",""oracle_mode"":""validated_o3a_zmatrix_corpus_lookup"",""pi_clash_lock"":39.726505516249745,""pi_clash_pocket"":2.5065533242395674,""rust_reward_authority"":true,""selected_dihedral_deg"":300.0,""survival_tier"":""cryptic_rescue""}",true,true,PROJECTED,policy_generated_not_validated
167,exploration-001253,ANCHOR_022713,CCOc1ccc(-c2cc(=O)c(C#N)c[nH]2)cc1,2.0,exploration,240.0,-9.99926471710205,11.206197738647461,44.21968564386945,3.0,1.9427010733751247,1.6343358236330414,38.85402146750249,4.0,normal,300.0,"{""adjusted_pi_clash"":1.9427010733751247,""cryptic_bonus"":4.0,""fragment_pi_complement"":3.0,""lock_proxy_method"":""intracellular_bottom_z_proxy_v1:z_min=117.4241:z_max=139.5684:cutoff=121.8530:lock_atoms=20:total_atoms=126"",""oracle_mode"":""validated_o3a_zmatrix_corpus_lookup"",""pi_clash_lock"":38.85402146750249,""pi_clash_pocket"":1.6343358236330414,""rust_reward_authority"":true,""selected_dihedral_deg"":300.0,""survival_tier"":""normal""}",true,true,PROJECTED,policy_generated_not_validated
168,balanced-001089,ANCHOR_079639,Cc1n[nH]c2c1[C@@H](CCN)CCC2,1.0,balanced,60.0,-11.653196334838867,11.055851936340332,44.19865415694611,4.0,3.3902678393195993,3.0942920755694754,37.29294623251559,6.0,cryptic_rescue,300.0,"{""adjusted_pi_clash"":3.3902678393195993,""cryptic_bonus"":6.0,""fragment_pi_complement"":4.0,""lock_proxy_method"":""intracellular_bottom_z_proxy_v1:z_min=117.4241:z_max=133.1794:cutoff=120.5752:lock_atoms=11:total_atoms=126"",""oracle_mode"":""validated_o3a_zmatrix_corpus_lookup"",""pi_clash_lock"":37.29294623251559,""pi_clash_pocket"":3.0942920755694754,""rust_reward_authority"":true,""selected_dihedral_deg"":300.0,""survival_tier"":""cryptic_rescue""}",true,true,PROJECTED,policy_generated_not_validated
169,exploration-001585,ANCHOR_044233,COc1ccc(C2(N)CC2)c(OC)c1C,2.0,exploration,120.0,-10.104679107666016,11.206197738647461,44.186330396788655,5.0,2.684058576155511,2.390489669388502,37.576820066177156,4.0,cryptic_rescue,120.0,"{""adjusted_pi_clash"":2.684058576155511,""cryptic_bonus"":4.0,""fragment_pi_complement"":5.0,""lock_proxy_method"":""intracellular_bottom_z_proxy_v1:z_min=117.4241:z_max=134.0071:cutoff=120.7407:lock_atoms=14:total_atoms=128"",""oracle_mode"":""validated_o3a_zmatrix_corpus_lookup"",""pi_clash_lock"":37.576820066177156,""pi_clash_pocket"":2.390489669388502,""rust_reward_authority"":true,""selected_dihedral_deg"":120.0,""survival_tier"":""cryptic_rescue""}",true,true,PROJECTED,policy_generated_not_validated
170,focused-000104,ANCHOR_046635,COc1cccc([C@H]2CNC[C@@H]3CCCCN32)c1,0.5,focused,240.0,-11.780030250549316,10.308391571044922,44.18100463758248,5.0,2.837607536874982,2.5455008786672635,39.726505516249745,2.0,cryptic_rescue,0.0,"{""adjusted_pi_clash"":2.837607536874982,""cryptic_bonus"":2.0,""fragment_pi_complement"":5.0,""lock_proxy_method"":""intracellular_bottom_z_proxy_v1:z_min=117.4241:z_max=133.8033:cutoff=120.6999:lock_atoms=14:total_atoms=136"",""oracle_mode"":""validated_o3a_zmatrix_corpus_lookup"",""pi_clash_lock"":39.726505516249745,""pi_clash_pocket"":2.5455008786672635,""rust_reward_authority"":true,""selected_dihedral_deg"":0.0,""survival_tier"":""cryptic_rescue""}",true,true,PROJECTED,policy_generated_not_validated
171,balanced-001398,ANCHOR_029549,CCn1ccc(-c2ccc(C)cc2)c(C#N)c1=O,1.0,balanced,300.0,-10.682220458984375,11.055851936340332,44.17936815179326,4.0,2.4211173898337233,2.1373926957125837,36.31676084750585,6.0,normal,300.0,"{""adjusted_pi_clash"":2.4211173898337233,""cryptic_bonus"":6.0,""fragment_pi_complement"":4.0,""lock_proxy_method"":""intracellular_bottom_z_proxy_v1:z_min=117.4241:z_max=134.6511:cutoff=120.8695:lock_atoms=15:total_atoms=128"",""oracle_mode"":""validated_o3a_zmatrix_corpus_lookup"",""pi_clash_lock"":36.31676084750585,""pi_clash_pocket"":2.1373926957125837,""rust_reward_authority"":true,""selected_dihedral_deg"":300.0,""survival_tier"":""normal""}",true,true,PROJECTED,policy_generated_not_validated
172,near_random-001756,ANCHOR_112836,[H]/N=C(\N)c1ccc(C)cc1N1CCC(CC)CC1,5.0,near_random,240.0,-11.464190483093262,11.239540100097656,44.1788724721941,3.0,2.837607536874982,2.5476330440556407,39.726505516249745,4.0,cryptic_rescue,240.0,"{""adjusted_pi_clash"":2.837607536874982,""cryptic_bonus"":4.0,""fragment_pi_complement"":3.0,""lock_proxy_method"":""intracellular_bottom_z_proxy_v1:z_min=117.4241:z_max=133.7938:cutoff=120.6980:lock_atoms=14:total_atoms=137"",""oracle_mode"":""validated_o3a_zmatrix_corpus_lookup"",""pi_clash_lock"":39.726505516249745,""pi_clash_pocket"":2.5476330440556407,""rust_reward_authority"":true,""selected_dihedral_deg"":240.0,""survival_tier"":""cryptic_rescue""}",true,true,PROJECTED,policy_generated_not_validated
173,balanced-001456,ANCHOR_057388,C[C@H](NC1CCC(N)CC1)c1ccco1,1.0,balanced,60.0,-11.642233848571777,11.055851936340332,44.128445681219375,4.0,2.3891097345985552,2.0973100723575104,38.225755753576884,4.0,normal,60.0,"{""adjusted_pi_clash"":2.3891097345985552,""cryptic_bonus"":4.0,""fragment_pi_complement"":4.0,""lock_proxy_method"":""intracellular_bottom_z_proxy_v1:z_min=117.4241:z_max=136.1742:cutoff=121.1741:lock_atoms=16:total_atoms=131"",""oracle_mode"":""validated_o3a_zmatrix_corpus_lookup"",""pi_clash_lock"":38.225755753576884,""pi_clash_pocket"":2.0973100723575104,""rust_reward_authority"":true,""selected_dihedral_deg"":60.0,""survival_tier"":""normal""}",true,true,PROJECTED,policy_generated_not_validated
174,near_random-000491,ANCHOR_086949,N#CCCn1ccnc1-c1ccccc1,5.0,near_random,60.0,-11.143133163452148,11.239540100097656,44.042753078466355,2.0,2.835296503524605,2.4866944744027273,42.52944755286908,2.0,cryptic_rescue,0.0,"{""adjusted_pi_clash"":2.835296503524605,""cryptic_bonus"":2.0,""fragment_pi_complement"":2.0,""lock_proxy_method"":""intracellular_bottom_z_proxy_v1:z_min=117.4241:z_max=134.5783:cutoff=120.8549:lock_atoms=15:total_atoms=122"",""oracle_mode"":""validated_o3a_zmatrix_corpus_lookup"",""pi_clash_lock"":42.52944755286908,""pi_clash_pocket"":2.4866944744027273,""rust_reward_authority"":true,""selected_dihedral_deg"":0.0,""survival_tier"":""cryptic_rescue""}",true,true,PROJECTED,policy_generated_not_validated
175,near_random-000772,ANCHOR_065270,Cc1cc(C)cc(CN2CCC(C(N)=O)CC2)c1,5.0,near_random,0.0,-11.76740837097168,11.239540100097656,44.018343087921465,3.0,2.8951335318889484,2.618392826634858,37.636735914556326,6.0,cryptic_rescue,0.0,"{""adjusted_pi_clash"":2.8951335318889484,""cryptic_bonus"":6.0,""fragment_pi_complement"":3.0,""lock_proxy_method"":""intracellular_bottom_z_proxy_v1:z_min=117.4241:z_max=133.4653:cutoff=120.6323:lock_atoms=13:total_atoms=136"",""oracle_mode"":""validated_o3a_zmatrix_corpus_lookup"",""pi_clash_lock"":37.636735914556326,""pi_clash_pocket"":2.618392826634858,""rust_reward_authority"":true,""selected_dihedral_deg"":0.0,""survival_tier"":""cryptic_rescue""}",true,true,PROJECTED,policy_generated_not_validated
176,exploration-001242,ANCHOR_100909,O=C(NC1CC1)[C@H]1Cc2cc(Cl)ccc2O1,2.0,exploration,180.0,-11.16611385345459,11.206197738647461,43.991861045047166,5.0,2.8907333574855754,2.5876726022653136,37.57953364731248,4.0,cryptic_rescue,300.0,"{""adjusted_pi_clash"":2.8907333574855754,""cryptic_bonus"":4.0,""fragment_pi_complement"":5.0,""lock_proxy_method"":""intracellular_bottom_z_proxy_v1:z_min=117.4241:z_max=133.5972:cutoff=120.6587:lock_atoms=13:total_atoms=124"",""oracle_mode"":""validated_o3a_zmatrix_corpus_lookup"",""pi_clash_lock"":37.57953364731248,""pi_clash_pocket"":2.5876726022653136,""rust_reward_authority"":true,""selected_dihedral_deg"":300.0,""survival_tier"":""cryptic_rescue""}",true,true,PROJECTED,policy_generated_not_validated
177,near_random-001510,ANCHOR_076970,Cc1ccccc1C(=O)[C@H]1CCNC1,5.0,near_random,300.0,-11.690485000610352,11.239540100097656,43.98943655900541,3.0,2.890733357485576,2.590097088307076,37.57953364731249,6.0,cryptic_rescue,0.0,"{""adjusted_pi_clash"":2.890733357485576,""cryptic_bonus"":6.0,""fragment_pi_complement"":3.0,""lock_proxy_method"":""intracellular_bottom_z_proxy_v1:z_min=117.4241:z_max=133.6753:cutoff=120.6743:lock_atoms=13:total_atoms=125"",""oracle_mode"":""validated_o3a_zmatrix_corpus_lookup"",""pi_clash_lock"":37.57953364731249,""pi_clash_pocket"":2.590097088307076,""rust_reward_authority"":true,""selected_dihedral_deg"":0.0,""survival_tier"":""cryptic_rescue""}",true,true,PROJECTED,policy_generated_not_validated
178,exploration-000272,ANCHOR_028587,CCc1ccccc1OC1CNC1,2.0,exploration,0.0,-9.809332847595215,11.206197738647461,43.97181060797776,4.0,2.9716885512253444,2.6601405579517197,38.63195116592948,4.0,cryptic_rescue,0.0,"{""adjusted_pi_clash"":2.9716885512253444,""cryptic_bonus"":4.0,""fragment_pi_complement"":4.0,""lock_proxy_method"":""intracellular_bottom_z_proxy_v1:z_min=117.4241:z_max=133.5692:cutoff=120.6531:lock_atoms=13:total_atoms=124"",""oracle_mode"":""validated_o3a_zmatrix_corpus_lookup"",""pi_clash_lock"":38.63195116592948,""pi_clash_pocket"":2.6601405579517197,""rust_reward_authority"":true,""selected_dihedral_deg"":0.0,""survival_tier"":""cryptic_rescue""}",true,true,PROJECTED,policy_generated_not_validated
179,exploration-000407,ANCHOR_066674,Cc1cc(N)cnc1N1CCCCC1,2.0,exploration,300.0,-11.901162147521973,11.206197738647461,43.94121654769114,3.0,2.442235555209149,2.1345523356552407,39.075768883346385,4.0,normal,300.0,"{""adjusted_pi_clash"":2.442235555209149,""cryptic_bonus"":4.0,""fragment_pi_complement"":3.0,""lock_proxy_method"":""intracellular_bottom_z_proxy_v1:z_min=117.4241:z_max=136.3783:cutoff=121.2149:lock_atoms=16:total_atoms=127"",""oracle_mode"":""validated_o3a_zmatrix_corpus_lookup"",""pi_clash_lock"":39.075768883346385,""pi_clash_pocket"":2.1345523356552407,""rust_reward_authority"":true,""selected_dihedral_deg"":300.0,""survival_tier"":""normal""}",true,true,PROJECTED,policy_generated_not_validated
180,near_random-001264,ANCHOR_001911,C1=Nc2nc3ccccc3n2CC1,5.0,near_random,240.0,-11.751296997070312,11.239540100097656,43.903667830958824,5.0,2.30606539980579,1.9933785659338186,36.89704639689264,4.0,normal,240.0,"{""adjusted_pi_clash"":2.30606539980579,""cryptic_bonus"":4.0,""fragment_pi_complement"":5.0,""lock_proxy_method"":""intracellular_bottom_z_proxy_v1:z_min=117.4241:z_max=135.6240:cutoff=121.0641:lock_atoms=16:total_atoms=118"",""oracle_mode"":""validated_o3a_zmatrix_corpus_lookup"",""pi_clash_lock"":36.89704639689264,""pi_clash_pocket"":1.9933785659338186,""rust_reward_authority"":true,""selected_dihedral_deg"":240.0,""survival_tier"":""normal""}",true,true,PROJECTED,policy_generated_not_validated
181,exploration-001663,ANCHOR_012477,CC(C)[C@@H](N)C(=O)N1CCC2(CC(CO)C2)C1,2.0,exploration,180.0,-11.965238571166992,11.206197738647461,43.89259660593961,4.0,2.2420500893354545,1.9802048234276641,35.87280142936727,6.0,normal,180.0,"{""adjusted_pi_clash"":2.2420500893354545,""cryptic_bonus"":6.0,""fragment_pi_complement"":4.0,""lock_proxy_method"":""intracellular_bottom_z_proxy_v1:z_min=117.4241:z_max=135.5863:cutoff=121.0565:lock_atoms=16:total_atoms=137"",""oracle_mode"":""validated_o3a_zmatrix_corpus_lookup"",""pi_clash_lock"":35.87280142936727,""pi_clash_pocket"":1.9802048234276641,""rust_reward_authority"":true,""selected_dihedral_deg"":180.0,""survival_tier"":""normal""}",true,true,PROJECTED,policy_generated_not_validated
182,near_random-000805,ANCHOR_088643,N#Cc1cccc(Cn2ccccc2=O)c1,5.0,near_random,300.0,-11.842403411865234,11.239540100097656,43.85196689396912,3.0,2.4677538949879474,2.164341530850085,37.01630842481921,6.0,normal,300.0,"{""adjusted_pi_clash"":2.4677538949879474,""cryptic_bonus"":6.0,""fragment_pi_complement"":3.0,""lock_proxy_method"":""intracellular_bottom_z_proxy_v1:z_min=117.4241:z_max=134.8344:cutoff=120.9062:lock_atoms=15:total_atoms=122"",""oracle_mode"":""validated_o3a_zmatrix_corpus_lookup"",""pi_clash_lock"":37.01630842481921,""pi_clash_pocket"":2.164341530850085,""rust_reward_authority"":true,""selected_dihedral_deg"":300.0,""survival_tier"":""normal""}",true,true,PROJECTED,policy_generated_not_validated
183,focused-000739,ANCHOR_030120,CN(C)C(=O)C[C@@H](C#N)c1c[nH]c2ccccc12,0.5,focused,0.0,-11.048215866088867,10.308391571044922,43.81592033383438,5.0,2.8085474411973004,2.503743842927826,39.3196641767622,2.0,cryptic_rescue,60.0,"{""adjusted_pi_clash"":2.8085474411973004,""cryptic_bonus"":2.0,""fragment_pi_complement"":5.0,""lock_proxy_method"":""intracellular_bottom_z_proxy_v1:z_min=117.4241:z_max=134.3920:cutoff=120.8177:lock_atoms=14:total_atoms=129"",""oracle_mode"":""validated_o3a_zmatrix_corpus_lookup"",""pi_clash_lock"":39.3196641767622,""pi_clash_pocket"":2.503743842927826,""rust_reward_authority"":true,""selected_dihedral_deg"":60.0,""survival_tier"":""cryptic_rescue""}",true,true,PROJECTED,policy_generated_not_validated
184,near_random-001747,ANCHOR_099308,Nc1ccc2c(c1)ncn2C(C1CC1)C1CC1,5.0,near_random,0.0,-11.686943054199219,11.239540100097656,43.80676859838251,2.0,2.4677538949879474,2.1450476164126004,41.95181621479511,2.0,normal,300.0,"{""adjusted_pi_clash"":2.4677538949879474,""cryptic_bonus"":2.0,""fragment_pi_complement"":2.0,""lock_proxy_method"":""intracellular_bottom_z_proxy_v1:z_min=117.4241:z_max=137.4284:cutoff=121.4250:lock_atoms=17:total_atoms=130"",""oracle_mode"":""validated_o3a_zmatrix_corpus_lookup"",""pi_clash_lock"":41.95181621479511,""pi_clash_pocket"":2.1450476164126004,""rust_reward_authority"":true,""selected_dihedral_deg"":300.0,""survival_tier"":""normal""}",true,true,PROJECTED,policy_generated_not_validated
185,focused-001494,ANCHOR_037207,CNCc1ccc2cc[nH]c2n1,0.5,focused,0.0,-11.82229995727539,10.308391571044922,43.74886967924979,3.0,2.8696151921101496,2.55612781818215,37.30499749743194,6.0,cryptic_rescue,0.0,"{""adjusted_pi_clash"":2.8696151921101496,""cryptic_bonus"":6.0,""fragment_pi_complement"":3.0,""lock_proxy_method"":""intracellular_bottom_z_proxy_v1:z_min=117.4241:z_max=133.5904:cutoff=120.6574:lock_atoms=13:total_atoms=119"",""oracle_mode"":""validated_o3a_zmatrix_corpus_lookup"",""pi_clash_lock"":37.30499749743194,""pi_clash_pocket"":2.55612781818215,""rust_reward_authority"":true,""selected_dihedral_deg"":0.0,""survival_tier"":""cryptic_rescue""}",true,true,PROJECTED,policy_generated_not_validated
186,near_random-000045,ANCHOR_050844,C[C@@H](c1ccccc1)n1ncc2c1CCC[C@H]2N,5.0,near_random,0.0,-11.499311447143555,11.239540100097656,43.71587100831001,3.0,2.86961519211015,2.5891264891219397,37.30499749743195,6.0,cryptic_rescue,0.0,"{""adjusted_pi_clash"":2.86961519211015,""cryptic_bonus"":6.0,""fragment_pi_complement"":3.0,""lock_proxy_method"":""intracellular_bottom_z_proxy_v1:z_min=117.4241:z_max=133.6709:cutoff=120.6735:lock_atoms=13:total_atoms=133"",""oracle_mode"":""validated_o3a_zmatrix_corpus_lookup"",""pi_clash_lock"":37.30499749743195,""pi_clash_pocket"":2.5891264891219397,""rust_reward_authority"":true,""selected_dihedral_deg"":0.0,""survival_tier"":""cryptic_rescue""}",true,true,PROJECTED,policy_generated_not_validated
187,near_random-000139,ANCHOR_018840,CCC[C@H](C#N)C(=O)N1C[C@@H](C)O[C@@H](C)C1,5.0,near_random,120.0,-11.898626327514648,11.239540100097656,43.689381144339926,2.0,1.967958192663319,1.6697827089264525,39.35916385326638,4.0,normal,120.0,"{""adjusted_pi_clash"":1.967958192663319,""cryptic_bonus"":4.0,""fragment_pi_complement"":2.0,""lock_proxy_method"":""intracellular_bottom_z_proxy_v1:z_min=117.4241:z_max=132.4266:cutoff=120.4246:lock_atoms=20:total_atoms=132"",""oracle_mode"":""validated_o3a_zmatrix_corpus_lookup"",""pi_clash_lock"":39.35916385326638,""pi_clash_pocket"":1.6697827089264525,""rust_reward_authority"":true,""selected_dihedral_deg"":120.0,""survival_tier"":""normal""}",true,true,PROJECTED,policy_generated_not_validated
188,focused-000480,ANCHOR_113353,c1cc2[nH]c(CN3CCNCC3)cc2cn1,0.5,focused,60.0,-9.846242904663086,10.308391571044922,43.60593075213718,4.0,2.716066231390679,2.4189964873323238,38.024927239469505,4.0,cryptic_rescue,60.0,"{""adjusted_pi_clash"":2.716066231390679,""cryptic_bonus"":4.0,""fragment_pi_complement"":4.0,""lock_proxy_method"":""intracellular_bottom_z_proxy_v1:z_min=117.4241:z_max=134.2403:cutoff=120.7873:lock_atoms=14:total_atoms=128"",""oracle_mode"":""validated_o3a_zmatrix_corpus_lookup"",""pi_clash_lock"":38.024927239469505,""pi_clash_pocket"":2.4189964873323238,""rust_reward_authority"":true,""selected_dihedral_deg"":60.0,""survival_tier"":""cryptic_rescue""}",true,true,PROJECTED,policy_generated_not_validated
189,exploration-001424,ANCHOR_068793,Cc1ccc(-c2nccc(CCN)n2)cc1,2.0,exploration,180.0,-11.657691955566406,11.206197738647461,43.539209523624436,5.0,2.6886659788551093,2.413448201491988,34.952657725116424,6.0,cryptic_rescue,180.0,"{""adjusted_pi_clash"":2.6886659788551093,""cryptic_bonus"":6.0,""fragment_pi_complement"":5.0,""lock_proxy_method"":""intracellular_bottom_z_proxy_v1:z_min=115.5172:z_max=132.4266:cutoff=118.8991:lock_atoms=13:total_atoms=127"",""oracle_mode"":""validated_o3a_zmatrix_corpus_lookup"",""pi_clash_lock"":34.952657725116424,""pi_clash_pocket"":2.413448201491988,""rust_reward_authority"":true,""selected_dihedral_deg"":180.0,""survival_tier"":""cryptic_rescue""}",true,true,PROJECTED,policy_generated_not_validated
190,balanced-001325,ANCHOR_001424,C(c1ccc(N2CCCCC2)o1)=[N+]1CCCCC1,1.0,balanced,240.0,-11.536693572998047,11.055851936340332,43.39904003148211,3.0,2.8440968523313512,2.574219048825457,36.973259080307564,6.0,cryptic_rescue,240.0,"{""adjusted_pi_clash"":2.8440968523313512,""cryptic_bonus"":6.0,""fragment_pi_complement"":3.0,""lock_proxy_method"":""intracellular_bottom_z_proxy_v1:z_min=117.4241:z_max=133.5267:cutoff=120.6446:lock_atoms=13:total_atoms=137"",""oracle_mode"":""validated_o3a_zmatrix_corpus_lookup"",""pi_clash_lock"":36.973259080307564,""pi_clash_pocket"":2.574219048825457,""rust_reward_authority"":true,""selected_dihedral_deg"":240.0,""survival_tier"":""cryptic_rescue""}",true,true,PROJECTED,policy_generated_not_validated
191,focused-001018,ANCHOR_079936,Cc1nc(=O)[nH]c(C2(CN)CCCC2)c1C,0.5,focused,120.0,-10.43011474609375,10.308391571044922,43.39431206005194,4.0,3.3116236789302076,3.0335484081803425,36.42786046823228,6.0,cryptic_rescue,300.0,"{""adjusted_pi_clash"":3.3116236789302076,""cryptic_bonus"":6.0,""fragment_pi_complement"":4.0,""lock_proxy_method"":""intracellular_bottom_z_proxy_v1:z_min=117.4241:z_max=133.3069:cutoff=120.6007:lock_atoms=11:total_atoms=131"",""oracle_mode"":""validated_o3a_zmatrix_corpus_lookup"",""pi_clash_lock"":36.42786046823228,""pi_clash_pocket"":3.0335484081803425,""rust_reward_authority"":true,""selected_dihedral_deg"":300.0,""survival_tier"":""cryptic_rescue""}",true,true,PROJECTED,policy_generated_not_validated
192,near_random-000850,ANCHOR_024690,CC[C@@H]1CN[C@@H](C)CN1c1cc(F)cc(F)c1,5.0,near_random,0.0,-11.442617416381836,11.239540100097656,43.36091976352466,4.0,2.363591394819757,2.0929511587716934,35.45387092229635,6.0,normal,0.0,"{""adjusted_pi_clash"":2.363591394819757,""cryptic_bonus"":6.0,""fragment_pi_complement"":4.0,""lock_proxy_method"":""intracellular_bottom_z_proxy_v1:z_min=117.4241:z_max=134.5271:cutoff=120.8447:lock_atoms=15:total_atoms=131"",""oracle_mode"":""validated_o3a_zmatrix_corpus_lookup"",""pi_clash_lock"":35.45387092229635,""pi_clash_pocket"":2.0929511587716934,""rust_reward_authority"":true,""selected_dihedral_deg"":0.0,""survival_tier"":""normal""}",true,true,PROJECTED,policy_generated_not_validated
193,exploration-000147,ANCHOR_058863,C[C@H]1CCC[C@@](CN)(OC2CCOCC2)C1,2.0,exploration,120.0,-11.95379638671875,11.206197738647461,43.34415545248047,4.0,2.338073055040958,2.065013428174861,37.40916888065533,4.0,normal,120.0,"{""adjusted_pi_clash"":2.338073055040958,""cryptic_bonus"":4.0,""fragment_pi_complement"":4.0,""lock_proxy_method"":""intracellular_bottom_z_proxy_v1:z_min=117.4241:z_max=135.6126:cutoff=121.0618:lock_atoms=16:total_atoms=137"",""oracle_mode"":""validated_o3a_zmatrix_corpus_lookup"",""pi_clash_lock"":37.40916888065533,""pi_clash_pocket"":2.065013428174861,""rust_reward_authority"":true,""selected_dihedral_deg"":120.0,""survival_tier"":""normal""}",true,true,PROJECTED,policy_generated_not_validated
194,focused-000547,ANCHOR_075844,Cc1cccc(O[C@@H](C)C(N)=O)c1,0.5,focused,300.0,-11.747705459594727,10.308391571044922,43.303631103839315,3.0,2.9206518716677476,2.5854950995091537,40.88912620334847,2.0,cryptic_rescue,300.0,"{""adjusted_pi_clash"":2.9206518716677476,""cryptic_bonus"":2.0,""fragment_pi_complement"":3.0,""lock_proxy_method"":""intracellular_bottom_z_proxy_v1:z_min=117.4241:z_max=134.2217:cutoff=120.7836:lock_atoms=14:total_atoms=122"",""oracle_mode"":""validated_o3a_zmatrix_corpus_lookup"",""pi_clash_lock"":40.88912620334847,""pi_clash_pocket"":2.5854950995091537,""rust_reward_authority"":true,""selected_dihedral_deg"":300.0,""survival_tier"":""cryptic_rescue""}",true,true,PROJECTED,policy_generated_not_validated
195,exploration-001629,ANCHOR_086357,Fc1cccc([C@H]2CNC[C@H]3CCCN32)c1,2.0,exploration,240.0,-11.600190162658691,11.206197738647461,43.288906197129364,4.0,2.916251697264374,2.6223658673074994,37.911272064436865,4.0,cryptic_rescue,300.0,"{""adjusted_pi_clash"":2.916251697264374,""cryptic_bonus"":4.0,""fragment_pi_complement"":4.0,""lock_proxy_method"":""intracellular_bottom_z_proxy_v1:z_min=117.4241:z_max=133.5633:cutoff=120.6519:lock_atoms=13:total_atoms=129"",""oracle_mode"":""validated_o3a_zmatrix_corpus_lookup"",""pi_clash_lock"":37.911272064436865,""pi_clash_pocket"":2.6223658673074994,""rust_reward_authority"":true,""selected_dihedral_deg"":300.0,""survival_tier"":""cryptic_rescue""}",true,true,PROJECTED,policy_generated_not_validated
196,near_random-000492,ANCHOR_100521,O=C(CC[C@H]1CCCO1)N1CCCCCC1,5.0,near_random,240.0,-11.788178443908691,11.239540100097656,43.27451103841725,2.0,2.997206891004143,2.6863854356407506,41.960896474058,2.0,cryptic_rescue,300.0,"{""adjusted_pi_clash"":2.997206891004143,""cryptic_bonus"":2.0,""fragment_pi_complement"":2.0,""lock_proxy_method"":""intracellular_bottom_z_proxy_v1:z_min=117.4241:z_max=133.7865:cutoff=120.6966:lock_atoms=14:total_atoms=135"",""oracle_mode"":""validated_o3a_zmatrix_corpus_lookup"",""pi_clash_lock"":41.960896474058,""pi_clash_pocket"":2.6863854356407506,""rust_reward_authority"":true,""selected_dihedral_deg"":300.0,""survival_tier"":""cryptic_rescue""}",true,true,PROJECTED,policy_generated_not_validated
197,near_random-001537,ANCHOR_021214,CCN[C@@H]1CCN(c2cnccc2C)[C@H](C)C1,5.0,near_random,180.0,-11.76431941986084,11.239540100097656,43.27377972058747,4.0,2.916251697264374,2.6374923438493973,37.911272064436865,4.0,cryptic_rescue,180.0,"{""adjusted_pi_clash"":2.916251697264374,""cryptic_bonus"":4.0,""fragment_pi_complement"":4.0,""lock_proxy_method"":""intracellular_bottom_z_proxy_v1:z_min=117.4241:z_max=133.4388:cutoff=120.6270:lock_atoms=13:total_atoms=136"",""oracle_mode"":""validated_o3a_zmatrix_corpus_lookup"",""pi_clash_lock"":37.911272064436865,""pi_clash_pocket"":2.6374923438493973,""rust_reward_authority"":true,""selected_dihedral_deg"":180.0,""survival_tier"":""cryptic_rescue""}",true,true,PROJECTED,policy_generated_not_validated
198,balanced-000951,ANCHOR_003953,CC(=O)C1(c2cc(C)ccc2C)CCN(C)CC1,1.0,balanced,300.0,-10.598960876464844,11.055851936340332,43.08073073200713,3.0,2.3867987012481784,2.10804848796372,38.188779219970854,4.0,normal,300.0,"{""adjusted_pi_clash"":2.3867987012481784,""cryptic_bonus"":4.0,""fragment_pi_complement"":3.0,""lock_proxy_method"":""intracellular_bottom_z_proxy_v1:z_min=117.4241:z_max=136.1590:cutoff=121.1711:lock_atoms=16:total_atoms=137"",""oracle_mode"":""validated_o3a_zmatrix_corpus_lookup"",""pi_clash_lock"":38.188779219970854,""pi_clash_pocket"":2.10804848796372,""rust_reward_authority"":true,""selected_dihedral_deg"":300.0,""survival_tier"":""normal""}",true,true,PROJECTED,policy_generated_not_validated
199,exploration-000261,ANCHOR_085661,Fc1cc(F)c2c(c1)[C@H](c1cnc[nH]1)NCC2,2.0,exploration,120.0,-11.371406555175781,11.206197738647461,43.04512444649445,4.0,2.895133531888949,2.5916114680618816,37.63673591455633,4.0,cryptic_rescue,300.0,"{""adjusted_pi_clash"":2.895133531888949,""cryptic_bonus"":4.0,""fragment_pi_complement"":4.0,""lock_proxy_method"":""intracellular_bottom_z_proxy_v1:z_min=117.4241:z_max=133.5850:cutoff=120.6563:lock_atoms=13:total_atoms=124"",""oracle_mode"":""validated_o3a_zmatrix_corpus_lookup"",""pi_clash_lock"":37.63673591455633,""pi_clash_pocket"":2.5916114680618816,""rust_reward_authority"":true,""selected_dihedral_deg"":300.0,""survival_tier"":""cryptic_rescue""}",true,true,PROJECTED,policy_generated_not_validated
200,exploration-001418,ANCHOR_086125,Fc1ccc2c(c1)CNCC21CCC1,2.0,exploration,300.0,-11.203703880310059,11.206197738647461,43.01523087704106,2.0,2.446635729612522,2.1309407967592935,39.14617167380035,4.0,normal,300.0,"{""adjusted_pi_clash"":2.446635729612522,""cryptic_bonus"":4.0,""fragment_pi_complement"":2.0,""lock_proxy_method"":""intracellular_bottom_z_proxy_v1:z_min=117.4241:z_max=135.9803:cutoff=121.1353:lock_atoms=16:total_atoms=124"",""oracle_mode"":""validated_o3a_zmatrix_corpus_lookup"",""pi_clash_lock"":39.14617167380035,""pi_clash_pocket"":2.1309407967592935,""rust_reward_authority"":true,""selected_dihedral_deg"":300.0,""survival_tier"":""normal""}",true,true,PROJECTED,policy_generated_not_validated
201,balanced-000539,ANCHOR_046330,COc1cccc(C2(CN)CCC2)c1,1.0,balanced,300.0,-11.19731330871582,11.055851936340332,42.98331285293296,3.0,3.369149673944174,3.0773335604529466,37.06064641338591,6.0,cryptic_rescue,300.0,"{""adjusted_pi_clash"":3.369149673944174,""cryptic_bonus"":6.0,""fragment_pi_complement"":3.0,""lock_proxy_method"":""intracellular_bottom_z_proxy_v1:z_min=117.4241:z_max=133.2329:cutoff=120.5859:lock_atoms=11:total_atoms=127"",""oracle_mode"":""validated_o3a_zmatrix_corpus_lookup"",""pi_clash_lock"":37.06064641338591,""pi_clash_pocket"":3.0773335604529466,""rust_reward_authority"":true,""selected_dihedral_deg"":300.0,""survival_tier"":""cryptic_rescue""}",true,true,PROJECTED,policy_generated_not_validated
202,exploration-000845,ANCHOR_063639,Cc1cc(-c2cn[nH]c(=O)c2[C@@H](C)N)ccc1F,2.0,exploration,120.0,-11.35774040222168,11.206197738647461,42.955237777125745,4.0,2.5138679591609625,2.2389136511277323,35.19415142825348,6.0,cryptic_rescue,120.0,"{""adjusted_pi_clash"":2.5138679591609625,""cryptic_bonus"":6.0,""fragment_pi_complement"":4.0,""lock_proxy_method"":""intracellular_bottom_z_proxy_v1:z_min=117.4241:z_max=132.4266:cutoff=120.4246:lock_atoms=14:total_atoms=128"",""oracle_mode"":""validated_o3a_zmatrix_corpus_lookup"",""pi_clash_lock"":35.19415142825348,""pi_clash_pocket"":2.2389136511277323,""rust_reward_authority"":true,""selected_dihedral_deg"":120.0,""survival_tier"":""cryptic_rescue""}",true,true,PROJECTED,policy_generated_not_validated
203,balanced-001651,ANCHOR_091492,NCCC(=O)c1c[nH]c2c(F)cccc12,1.0,balanced,0.0,-11.640031814575195,11.055851936340332,42.91411034066595,4.0,2.472154069391321,2.1682007002038635,37.08231104086981,4.0,normal,0.0,"{""adjusted_pi_clash"":2.472154069391321,""cryptic_bonus"":4.0,""fragment_pi_complement"":4.0,""lock_proxy_method"":""intracellular_bottom_z_proxy_v1:z_min=117.4241:z_max=135.1404:cutoff=120.9674:lock_atoms=15:total_atoms=122"",""oracle_mode"":""validated_o3a_zmatrix_corpus_lookup"",""pi_clash_lock"":37.08231104086981,""pi_clash_pocket"":2.1682007002038635,""rust_reward_authority"":true,""selected_dihedral_deg"":0.0,""survival_tier"":""normal""}",true,true,PROJECTED,policy_generated_not_validated
204,near_random-000786,ANCHOR_085437,FC(F)C1=NCCN1Cc1ccccc1,5.0,near_random,180.0,-11.2550687789917,11.239540100097656,42.911639175062795,4.0,2.472154069391321,2.1706718658070137,37.08231104086981,4.0,normal,300.0,"{""adjusted_pi_clash"":2.472154069391321,""cryptic_bonus"":4.0,""fragment_pi_complement"":4.0,""lock_proxy_method"":""intracellular_bottom_z_proxy_v1:z_min=117.4241:z_max=134.5964:cutoff=120.8586:lock_atoms=15:total_atoms=123"",""oracle_mode"":""validated_o3a_zmatrix_corpus_lookup"",""pi_clash_lock"":37.08231104086981,""pi_clash_pocket"":2.1706718658070137,""rust_reward_authority"":true,""selected_dihedral_deg"":300.0,""survival_tier"":""normal""}",true,true,PROJECTED,policy_generated_not_validated
205,exploration-000618,ANCHOR_081666,Cc1ncc(C2(N)CCCCC2)n1C,2.0,exploration,300.0,-11.720487594604492,11.206197738647461,42.816944729845105,3.0,2.395599050054925,2.1170410209787707,35.93398575082387,6.0,normal,300.0,"{""adjusted_pi_clash"":2.395599050054925,""cryptic_bonus"":6.0,""fragment_pi_complement"":3.0,""lock_proxy_method"":""intracellular_bottom_z_proxy_v1:z_min=117.4241:z_max=134.8074:cutoff=120.9008:lock_atoms=15:total_atoms=129"",""oracle_mode"":""validated_o3a_zmatrix_corpus_lookup"",""pi_clash_lock"":35.93398575082387,""pi_clash_pocket"":2.1170410209787707,""rust_reward_authority"":true,""selected_dihedral_deg"":300.0,""survival_tier"":""normal""}",true,true,PROJECTED,policy_generated_not_validated
206,focused-001988,ANCHOR_044395,COc1ccc(C[C@H]2CCCC[C@@H]2N)cc1,0.5,focused,300.0,-10.459245681762695,10.308391571044922,42.80150406047429,3.0,1.972619587557297,1.7056485155570613,35.507152576031345,6.0,normal,300.0,"{""adjusted_pi_clash"":1.972619587557297,""cryptic_bonus"":6.0,""fragment_pi_complement"":3.0,""lock_proxy_method"":""intracellular_bottom_z_proxy_v1:z_min=117.4241:z_max=138.0649:cutoff=121.5523:lock_atoms=18:total_atoms=133"",""oracle_mode"":""validated_o3a_zmatrix_corpus_lookup"",""pi_clash_lock"":35.507152576031345,""pi_clash_pocket"":1.7056485155570613,""rust_reward_authority"":true,""selected_dihedral_deg"":300.0,""survival_tier"":""normal""}",true,true,PROJECTED,policy_generated_not_validated
207,near_random-000470,ANCHOR_049801,C[C@@H](N)c1ccc([C@H](O)c2ccccc2F)cc1,5.0,near_random,120.0,-11.493045806884766,11.239540100097656,42.77461947008861,6.0,3.3181129943865764,3.088397479390583,29.86301694947919,10.0,cryptic_rescue,120.0,"{""adjusted_pi_clash"":3.3181129943865764,""cryptic_bonus"":10.0,""fragment_pi_complement"":6.0,""lock_proxy_method"":""intracellular_bottom_z_proxy_v1:z_min=117.4241:z_max=132.4266:cutoff=120.4246:lock_atoms=9:total_atoms=130"",""oracle_mode"":""validated_o3a_zmatrix_corpus_lookup"",""pi_clash_lock"":29.86301694947919,""pi_clash_pocket"":3.088397479390583,""rust_reward_authority"":true,""selected_dihedral_deg"":120.0,""survival_tier"":""cryptic_rescue""}",true,true,PROJECTED,policy_generated_not_validated
208,balanced-000875,ANCHOR_016482,CC1=N[C@@H](c2ccc(Cl)cc2)C(N)=N1,1.0,balanced,120.0,-10.452013969421387,11.055851936340332,42.756989763319,5.0,2.4211173898337233,2.1386536943531222,33.89564345767212,6.0,normal,120.0,"{""adjusted_pi_clash"":2.4211173898337233,""cryptic_bonus"":6.0,""fragment_pi_complement"":5.0,""lock_proxy_method"":""intracellular_bottom_z_proxy_v1:z_min=117.4241:z_max=134.0191:cutoff=120.7431:lock_atoms=14:total_atoms=120"",""oracle_mode"":""validated_o3a_zmatrix_corpus_lookup"",""pi_clash_lock"":33.89564345767212,""pi_clash_pocket"":2.1386536943531222,""rust_reward_authority"":true,""selected_dihedral_deg"":120.0,""survival_tier"":""normal""}",true,true,PROJECTED,policy_generated_not_validated
209,exploration-000353,ANCHOR_086131,Fc1ccc2c(c1)C[C@@]1(CCNC1)CCS2,2.0,exploration,240.0,-11.924373626708984,11.206197738647461,42.69879046213127,1.0,2.812089197096183,2.4825474943114743,42.181337956442746,2.0,cryptic_rescue,180.0,"{""adjusted_pi_clash"":2.812089197096183,""cryptic_bonus"":2.0,""fragment_pi_complement"":1.0,""lock_proxy_method"":""intracellular_bottom_z_proxy_v1:z_min=117.4241:z_max=134.9706:cutoff=120.9334:lock_atoms=15:total_atoms=128"",""oracle_mode"":""validated_o3a_zmatrix_corpus_lookup"",""pi_clash_lock"":42.181337956442746,""pi_clash_pocket"":2.4825474943114743,""rust_reward_authority"":true,""selected_dihedral_deg"":180.0,""survival_tier"":""cryptic_rescue""}",true,true,PROJECTED,policy_generated_not_validated
210,exploration-000389,ANCHOR_030132,CN(C)C(=O)C[C@H]1CC(=O)c2cc(F)ccc21,2.0,exploration,120.0,-11.1505708694458,11.206197738647461,42.6556190156956,3.0,2.946170211446546,2.644593733109498,38.300212748805095,4.0,cryptic_rescue,120.0,"{""adjusted_pi_clash"":2.946170211446546,""cryptic_bonus"":4.0,""fragment_pi_complement"":3.0,""lock_proxy_method"":""intracellular_bottom_z_proxy_v1:z_min=117.4241:z_max=133.6626:cutoff=120.6718:lock_atoms=13:total_atoms=127"",""oracle_mode"":""validated_o3a_zmatrix_corpus_lookup"",""pi_clash_lock"":38.300212748805095,""pi_clash_pocket"":2.644593733109498,""rust_reward_authority"":true,""selected_dihedral_deg"":120.0,""survival_tier"":""cryptic_rescue""}",true,true,PROJECTED,policy_generated_not_validated
211,exploration-001873,ANCHOR_088717,N#Cc1cccc2c1CC[C@@H]2N,2.0,exploration,240.0,-11.917437553405762,11.206197738647461,42.53430972344415,2.0,2.9373698626397995,2.5888683535130435,41.123178076957196,2.0,cryptic_rescue,300.0,"{""adjusted_pi_clash"":2.9373698626397995,""cryptic_bonus"":2.0,""fragment_pi_complement"":2.0,""lock_proxy_method"":""intracellular_bottom_z_proxy_v1:z_min=117.4241:z_max=133.8750:cutoff=120.7143:lock_atoms=14:total_atoms=118"",""oracle_mode"":""validated_o3a_zmatrix_corpus_lookup"",""pi_clash_lock"":41.123178076957196,""pi_clash_pocket"":2.5888683535130435,""rust_reward_authority"":true,""selected_dihedral_deg"":300.0,""survival_tier"":""cryptic_rescue""}",true,true,PROJECTED,policy_generated_not_validated
212,focused-001335,ANCHOR_045890,COc1ccc2c(c1)[C@H](CC(N)=O)CC(C)(C)O2,0.5,focused,240.0,-10.574477195739746,10.308391571044922,42.52883657505792,4.0,2.446635729612522,2.170699369129907,36.69953594418783,4.0,normal,300.0,"{""adjusted_pi_clash"":2.446635729612522,""cryptic_bonus"":4.0,""fragment_pi_complement"":4.0,""lock_proxy_method"":""intracellular_bottom_z_proxy_v1:z_min=117.4241:z_max=134.4815:cutoff=120.8356:lock_atoms=15:total_atoms=133"",""oracle_mode"":""validated_o3a_zmatrix_corpus_lookup"",""pi_clash_lock"":36.69953594418783,""pi_clash_pocket"":2.170699369129907,""rust_reward_authority"":true,""selected_dihedral_deg"":300.0,""survival_tier"":""normal""}",true,true,PROJECTED,policy_generated_not_validated
213,focused-000390,ANCHOR_044288,COc1ccc(CC(N)=O)cc1Br,0.5,focused,0.0,-11.41207504272461,10.308391571044922,42.49914259081159,4.0,2.442235555209149,2.134390737325643,36.63353332813723,4.0,normal,0.0,"{""adjusted_pi_clash"":2.442235555209149,""cryptic_bonus"":4.0,""fragment_pi_complement"":4.0,""lock_proxy_method"":""intracellular_bottom_z_proxy_v1:z_min=117.4241:z_max=134.5666:cutoff=120.8526:lock_atoms=15:total_atoms=119"",""oracle_mode"":""validated_o3a_zmatrix_corpus_lookup"",""pi_clash_lock"":36.63353332813723,""pi_clash_pocket"":2.134390737325643,""rust_reward_authority"":true,""selected_dihedral_deg"":0.0,""survival_tier"":""normal""}",true,true,PROJECTED,policy_generated_not_validated
214,focused-001426,ANCHOR_080426,Cc1nc(CNC2CCCC2)c[nH]1,0.5,focused,240.0,-9.95286750793457,10.308391571044922,42.470806475121734,5.0,3.3181129943865764,3.0284364631306055,36.49924293825234,4.0,cryptic_rescue,240.0,"{""adjusted_pi_clash"":3.3181129943865764,""cryptic_bonus"":4.0,""fragment_pi_complement"":5.0,""lock_proxy_method"":""intracellular_bottom_z_proxy_v1:z_min=117.4241:z_max=133.0608:cutoff=120.5514:lock_atoms=11:total_atoms=126"",""oracle_mode"":""validated_o3a_zmatrix_corpus_lookup"",""pi_clash_lock"":36.49924293825234,""pi_clash_pocket"":3.0284364631306055,""rust_reward_authority"":true,""selected_dihedral_deg"":240.0,""survival_tier"":""cryptic_rescue""}",true,true,PROJECTED,policy_generated_not_validated
215,balanced-000083,ANCHOR_050242,C[C@@H](N[C@@H]1CCN(C)C1)C(=O)NC(C)(C)C,1.0,balanced,0.0,-11.186248779296875,11.055851936340332,42.440627831852204,3.0,2.370080710276126,2.110582822289689,35.55121065414189,6.0,normal,240.0,"{""adjusted_pi_clash"":2.370080710276126,""cryptic_bonus"":6.0,""fragment_pi_complement"":3.0,""lock_proxy_method"":""intracellular_bottom_z_proxy_v1:z_min=117.4241:z_max=134.5695:cutoff=120.8532:lock_atoms=15:total_atoms=137"",""oracle_mode"":""validated_o3a_zmatrix_corpus_lookup"",""pi_clash_lock"":35.55121065414189,""pi_clash_pocket"":2.110582822289689,""rust_reward_authority"":true,""selected_dihedral_deg"":240.0,""survival_tier"":""normal""}",true,true,PROJECTED,policy_generated_not_validated
216,exploration-001463,ANCHOR_099075,Nc1ccc(OC2CC2)c(C(F)(F)F)n1,2.0,exploration,300.0,-11.72502326965332,11.206197738647461,42.434424753881586,4.0,2.4378353808057756,2.1331059582050536,36.567530712086636,4.0,normal,300.0,"{""adjusted_pi_clash"":2.4378353808057756,""cryptic_bonus"":4.0,""fragment_pi_complement"":4.0,""lock_proxy_method"":""intracellular_bottom_z_proxy_v1:z_min=117.4241:z_max=134.9058:cutoff=120.9204:lock_atoms=15:total_atoms=120"",""oracle_mode"":""validated_o3a_zmatrix_corpus_lookup"",""pi_clash_lock"":36.567530712086636,""pi_clash_pocket"":2.1331059582050536,""rust_reward_authority"":true,""selected_dihedral_deg"":300.0,""survival_tier"":""normal""}",true,true,PROJECTED,policy_generated_not_validated
217,near_random-001010,ANCHOR_061177,C[C@H]1Oc2c(C(=O)N3CCCC3)cccc2[C@@H]1C,5.0,near_random,300.0,-10.219820022583008,11.239540100097656,42.43370020649436,4.0,2.780081541861015,2.4874413795598556,38.92114158605421,2.0,cryptic_rescue,120.0,"{""adjusted_pi_clash"":2.780081541861015,""cryptic_bonus"":2.0,""fragment_pi_complement"":4.0,""lock_proxy_method"":""intracellular_bottom_z_proxy_v1:z_min=117.4241:z_max=134.1490:cutoff=120.7691:lock_atoms=14:total_atoms=133"",""oracle_mode"":""validated_o3a_zmatrix_corpus_lookup"",""pi_clash_lock"":38.92114158605421,""pi_clash_pocket"":2.4874413795598556,""rust_reward_authority"":true,""selected_dihedral_deg"":120.0,""survival_tier"":""cryptic_rescue""}",true,true,PROJECTED,policy_generated_not_validated
218,focused-000633,ANCHOR_076291,Cc1cccc2c(CO)cn([C@@H](C)C(N)=O)c12,0.5,focused,300.0,-11.119487762451172,10.308391571044922,42.3976138789941,1.0,2.4422355552091486,2.1203905595614314,41.51800443855553,2.0,cryptic_rescue,0.0,"{""adjusted_pi_clash"":2.4422355552091486,""cryptic_bonus"":2.0,""fragment_pi_complement"":1.0,""lock_proxy_method"":""intracellular_bottom_z_proxy_v1:z_min=117.4241:z_max=136.7210:cutoff=121.2835:lock_atoms=17:total_atoms=129"",""oracle_mode"":""validated_o3a_zmatrix_corpus_lookup"",""pi_clash_lock"":41.51800443855553,""pi_clash_pocket"":2.1203905595614314,""rust_reward_authority"":true,""selected_dihedral_deg"":0.0,""survival_tier"":""cryptic_rescue""}",true,true,PROJECTED,policy_generated_not_validated
219,focused-001529,ANCHOR_076526,Cc1cccc2c1OCCC[C@H]2[C@@H](C)CN,0.5,focused,0.0,-10.481595993041992,10.308391571044922,42.33329971062711,3.0,2.9206518716677476,2.635174621053607,37.96847433168072,4.0,cryptic_rescue,240.0,"{""adjusted_pi_clash"":2.9206518716677476,""cryptic_bonus"":4.0,""fragment_pi_complement"":3.0,""lock_proxy_method"":""intracellular_bottom_z_proxy_v1:z_min=117.4241:z_max=133.3657:cutoff=120.6124:lock_atoms=13:total_atoms=133"",""oracle_mode"":""validated_o3a_zmatrix_corpus_lookup"",""pi_clash_lock"":37.96847433168072,""pi_clash_pocket"":2.635174621053607,""rust_reward_authority"":true,""selected_dihedral_deg"":240.0,""survival_tier"":""cryptic_rescue""}",true,true,PROJECTED,policy_generated_not_validated
220,exploration-001289,ANCHOR_088285,N#Cc1ccc(C[C@@H]2COCCC2=O)cc1,2.0,exploration,180.0,-10.947053909301758,11.206197738647461,42.314307517032496,3.0,1.5732105929841564,1.296325528618945,34.61063304565144,6.0,normal,180.0,"{""adjusted_pi_clash"":1.5732105929841564,""cryptic_bonus"":6.0,""fragment_pi_complement"":3.0,""lock_proxy_method"":""intracellular_bottom_z_proxy_v1:z_min=117.4241:z_max=132.4266:cutoff=120.4246:lock_atoms=22:total_atoms=125"",""oracle_mode"":""validated_o3a_zmatrix_corpus_lookup"",""pi_clash_lock"":34.61063304565144,""pi_clash_pocket"":1.296325528618945,""rust_reward_authority"":true,""selected_dihedral_deg"":180.0,""survival_tier"":""normal""}",true,true,PROJECTED,policy_generated_not_validated
221,near_random-000756,ANCHOR_063933,Cc1cc(C#N)ccc1NC1CCOCC1,5.0,near_random,180.0,-11.632068634033203,11.239540100097656,42.30891865498742,3.0,1.6518952296932934,1.3808811685717375,34.68979982355916,6.0,normal,180.0,"{""adjusted_pi_clash"":1.6518952296932934,""cryptic_bonus"":6.0,""fragment_pi_complement"":3.0,""lock_proxy_method"":""intracellular_bottom_z_proxy_v1:z_min=117.4241:z_max=132.4266:cutoff=120.4246:lock_atoms=21:total_atoms=128"",""oracle_mode"":""validated_o3a_zmatrix_corpus_lookup"",""pi_clash_lock"":34.68979982355916,""pi_clash_pocket"":1.3808811685717375,""rust_reward_authority"":true,""selected_dihedral_deg"":180.0,""survival_tier"":""normal""}",true,true,PROJECTED,policy_generated_not_validated
222,balanced-001620,ANCHOR_075999,Cc1cccc([C@@H]2CN[C@@H](C)CN2C)c1,1.0,balanced,60.0,-10.742650985717773,11.055851936340332,42.27720836223611,3.0,2.8440968523313512,2.54014757040281,39.81735593263892,2.0,cryptic_rescue,180.0,"{""adjusted_pi_clash"":2.8440968523313512,""cryptic_bonus"":2.0,""fragment_pi_complement"":3.0,""lock_proxy_method"":""intracellular_bottom_z_proxy_v1:z_min=117.4241:z_max=133.8367:cutoff=120.7066:lock_atoms=14:total_atoms=131"",""oracle_mode"":""validated_o3a_zmatrix_corpus_lookup"",""pi_clash_lock"":39.81735593263892,""pi_clash_pocket"":2.54014757040281,""rust_reward_authority"":true,""selected_dihedral_deg"":180.0,""survival_tier"":""cryptic_rescue""}",true,true,PROJECTED,policy_generated_not_validated
223,focused-000496,ANCHOR_085102,Cn1ncc2cc(C[C@H]3CCCN3)ccc21,0.5,focused,120.0,-11.371406555175781,10.308391571044922,42.227764496698114,2.0,2.916251697264374,2.5997592650031245,40.82752376170124,2.0,cryptic_rescue,120.0,"{""adjusted_pi_clash"":2.916251697264374,""cryptic_bonus"":2.0,""fragment_pi_complement"":2.0,""lock_proxy_method"":""intracellular_bottom_z_proxy_v1:z_min=117.4241:z_max=133.7634:cutoff=120.6920:lock_atoms=14:total_atoms=129"",""oracle_mode"":""validated_o3a_zmatrix_corpus_lookup"",""pi_clash_lock"":40.82752376170124,""pi_clash_pocket"":2.5997592650031245,""rust_reward_authority"":true,""selected_dihedral_deg"":120.0,""survival_tier"":""cryptic_rescue""}",true,true,PROJECTED,policy_generated_not_validated
224,focused-000341,ANCHOR_065887,Cc1cc(CN)nc(C2(c3ccccc3)CC2)n1,0.5,focused,120.0,-11.092935562133789,10.308391571044922,42.19630679228729,3.0,2.3060653998057905,2.006805004411146,39.20311179669844,2.0,normal,120.0,"{""adjusted_pi_clash"":2.3060653998057905,""cryptic_bonus"":2.0,""fragment_pi_complement"":3.0,""lock_proxy_method"":""intracellular_bottom_z_proxy_v1:z_min=117.4241:z_max=137.4507:cutoff=121.4294:lock_atoms=17:total_atoms=131"",""oracle_mode"":""validated_o3a_zmatrix_corpus_lookup"",""pi_clash_lock"":39.20311179669844,""pi_clash_pocket"":2.006805004411146,""rust_reward_authority"":true,""selected_dihedral_deg"":120.0,""survival_tier"":""normal""}",true,true,PROJECTED,policy_generated_not_validated
225,exploration-001062,ANCHOR_041635,COCc1oc2c(c1CC#N)C[C@H](C)CC2,2.0,exploration,120.0,-10.557830810546875,11.206197738647461,42.17861554972962,2.0,2.5629002778226915,2.2648886176107506,38.44350416734037,4.0,cryptic_rescue,120.0,"{""adjusted_pi_clash"":2.5629002778226915,""cryptic_bonus"":4.0,""fragment_pi_complement"":2.0,""lock_proxy_method"":""intracellular_bottom_z_proxy_v1:z_min=117.4241:z_max=132.4266:cutoff=120.4246:lock_atoms=15:total_atoms=129"",""oracle_mode"":""validated_o3a_zmatrix_corpus_lookup"",""pi_clash_lock"":38.44350416734037,""pi_clash_pocket"":2.2648886176107506,""rust_reward_authority"":true,""selected_dihedral_deg"":120.0,""survival_tier"":""cryptic_rescue""}",true,true,PROJECTED,policy_generated_not_validated
226,near_random-000017,ANCHOR_025999,CC[C@H](N)c1cnn(C2CCCC2)c1,5.0,near_random,120.0,-11.477405548095703,11.239540100097656,42.170084691146926,2.0,2.911851522861001,2.595836628907094,40.76592132005402,2.0,cryptic_rescue,300.0,"{""adjusted_pi_clash"":2.911851522861001,""cryptic_bonus"":2.0,""fragment_pi_complement"":2.0,""lock_proxy_method"":""intracellular_bottom_z_proxy_v1:z_min=117.4241:z_max=134.3744:cutoff=120.8142:lock_atoms=14:total_atoms=129"",""oracle_mode"":""validated_o3a_zmatrix_corpus_lookup"",""pi_clash_lock"":40.76592132005402,""pi_clash_pocket"":2.595836628907094,""rust_reward_authority"":true,""selected_dihedral_deg"":300.0,""survival_tier"":""cryptic_rescue""}",true,true,PROJECTED,policy_generated_not_validated
227,exploration-000343,ANCHOR_086650,N#CC1(C(=O)NC[C@H]2CCCCO2)CCCC1,2.0,exploration,60.0,-10.298368453979492,11.206197738647461,42.16859625369674,6.0,3.2436377462643673,3.024143462682568,29.192739716379307,10.0,cryptic_rescue,60.0,"{""adjusted_pi_clash"":3.2436377462643673,""cryptic_bonus"":10.0,""fragment_pi_complement"":6.0,""lock_proxy_method"":""intracellular_bottom_z_proxy_v1:z_min=117.4241:z_max=132.4266:cutoff=120.4246:lock_atoms=9:total_atoms=133"",""oracle_mode"":""validated_o3a_zmatrix_corpus_lookup"",""pi_clash_lock"":29.192739716379307,""pi_clash_pocket"":3.024143462682568,""rust_reward_authority"":true,""selected_dihedral_deg"":60.0,""survival_tier"":""cryptic_rescue""}",true,true,PROJECTED,policy_generated_not_validated
228,near_random-001883,ANCHOR_061946,Cc1[nH]c(=O)c(C#N)c(C)c1C#N,5.0,near_random,300.0,-11.684988975524902,11.239540100097656,42.146547552502966,4.0,2.4167172154303502,2.104210678952288,36.25075823145525,4.0,normal,300.0,"{""adjusted_pi_clash"":2.4167172154303502,""cryptic_bonus"":4.0,""fragment_pi_complement"":4.0,""lock_proxy_method"":""intracellular_bottom_z_proxy_v1:z_min=117.4241:z_max=135.0055:cutoff=120.9404:lock_atoms=15:total_atoms=116"",""oracle_mode"":""validated_o3a_zmatrix_corpus_lookup"",""pi_clash_lock"":36.25075823145525,""pi_clash_pocket"":2.104210678952288,""rust_reward_authority"":true,""selected_dihedral_deg"":300.0,""survival_tier"":""normal""}",true,true,PROJECTED,policy_generated_not_validated
229,focused-001235,ANCHOR_008454,CC(C)(C)[C@H](CN)N1CCc2ccccc21,0.5,focused,120.0,-11.477991104125977,10.308391571044922,42.130808307414576,3.0,3.2861053391514083,3.0163504232509197,36.147158730665495,6.0,cryptic_rescue,180.0,"{""adjusted_pi_clash"":3.2861053391514083,""cryptic_bonus"":6.0,""fragment_pi_complement"":3.0,""lock_proxy_method"":""intracellular_bottom_z_proxy_v1:z_min=117.4241:z_max=133.1457:cutoff=120.5684:lock_atoms=11:total_atoms=134"",""oracle_mode"":""validated_o3a_zmatrix_corpus_lookup"",""pi_clash_lock"":36.147158730665495,""pi_clash_pocket"":3.0163504232509197,""rust_reward_authority"":true,""selected_dihedral_deg"":180.0,""survival_tier"":""cryptic_rescue""}",true,true,PROJECTED,policy_generated_not_validated
230,balanced-000150,ANCHOR_091314,NCC1(c2ccoc2Br)CCCC1,1.0,balanced,0.0,-11.257837295532227,11.055851936340332,42.08474334849591,4.0,2.446635729612522,2.1681568660793897,34.252900214575305,6.0,normal,0.0,"{""adjusted_pi_clash"":2.446635729612522,""cryptic_bonus"":6.0,""fragment_pi_complement"":4.0,""lock_proxy_method"":""intracellular_bottom_z_proxy_v1:z_min=117.4241:z_max=134.3928:cutoff=120.8178:lock_atoms=14:total_atoms=123"",""oracle_mode"":""validated_o3a_zmatrix_corpus_lookup"",""pi_clash_lock"":34.252900214575305,""pi_clash_pocket"":2.1681568660793897,""rust_reward_authority"":true,""selected_dihedral_deg"":0.0,""survival_tier"":""normal""}",true,true,PROJECTED,policy_generated_not_validated
231,focused-000310,ANCHOR_045498,COc1ccc2[nH]cc(C(=O)NC3CC3)c2n1,0.5,focused,0.0,-11.814754486083984,10.308391571044922,42.07811289936417,4.0,2.446635729612522,2.174787315211131,34.252900214575305,6.0,normal,0.0,"{""adjusted_pi_clash"":2.446635729612522,""cryptic_bonus"":6.0,""fragment_pi_complement"":4.0,""lock_proxy_method"":""intracellular_bottom_z_proxy_v1:z_min=117.4241:z_max=133.7584:cutoff=120.6910:lock_atoms=14:total_atoms=126"",""oracle_mode"":""validated_o3a_zmatrix_corpus_lookup"",""pi_clash_lock"":34.252900214575305,""pi_clash_pocket"":2.174787315211131,""rust_reward_authority"":true,""selected_dihedral_deg"":0.0,""survival_tier"":""normal""}",true,true,PROJECTED,policy_generated_not_validated
232,exploration-000406,ANCHOR_008733,CC(C)(C)c1ccc(N)nc1,2.0,exploration,240.0,-11.653846740722656,11.206197738647461,42.07148614144714,4.0,2.4123170410269767,2.1132694739575166,36.184755615404654,4.0,normal,300.0,"{""adjusted_pi_clash"":2.4123170410269767,""cryptic_bonus"":4.0,""fragment_pi_complement"":4.0,""lock_proxy_method"":""intracellular_bottom_z_proxy_v1:z_min=117.4241:z_max=134.9702:cutoff=120.9333:lock_atoms=15:total_atoms=121"",""oracle_mode"":""validated_o3a_zmatrix_corpus_lookup"",""pi_clash_lock"":36.184755615404654,""pi_clash_pocket"":2.1132694739575166,""rust_reward_authority"":true,""selected_dihedral_deg"":300.0,""survival_tier"":""normal""}",true,true,PROJECTED,policy_generated_not_validated
233,near_random-000645,ANCHOR_045721,COc1ccc2c(c1)C[C@@]1(CCNC1)O2,5.0,near_random,0.0,-9.72236156463623,11.239540100097656,42.040306635957506,3.0,2.8951335318889484,2.596429278598819,37.636735914556326,4.0,cryptic_rescue,0.0,"{""adjusted_pi_clash"":2.8951335318889484,""cryptic_bonus"":4.0,""fragment_pi_complement"":3.0,""lock_proxy_method"":""intracellular_bottom_z_proxy_v1:z_min=117.4241:z_max=133.4099:cutoff=120.6213:lock_atoms=13:total_atoms=126"",""oracle_mode"":""validated_o3a_zmatrix_corpus_lookup"",""pi_clash_lock"":37.636735914556326,""pi_clash_pocket"":2.596429278598819,""rust_reward_authority"":true,""selected_dihedral_deg"":0.0,""survival_tier"":""cryptic_rescue""}",true,true,PROJECTED,policy_generated_not_validated
234,focused-000655,ANCHOR_085058,Cn1ncc(Cl)c1-c1ccc(C(=N)N)cc1,0.5,focused,300.0,-9.65998363494873,10.308391571044922,42.02704024839315,4.0,2.442235555209149,2.164257524534937,34.19129777292809,6.0,normal,300.0,"{""adjusted_pi_clash"":2.442235555209149,""cryptic_bonus"":6.0,""fragment_pi_complement"":4.0,""lock_proxy_method"":""intracellular_bottom_z_proxy_v1:z_min=117.4241:z_max=134.1305:cutoff=120.7654:lock_atoms=14:total_atoms=123"",""oracle_mode"":""validated_o3a_zmatrix_corpus_lookup"",""pi_clash_lock"":34.19129777292809,""pi_clash_pocket"":2.164257524534937,""rust_reward_authority"":true,""selected_dihedral_deg"":300.0,""survival_tier"":""normal""}",true,true,PROJECTED,policy_generated_not_validated
235,near_random-000054,ANCHOR_113683,c1cc2cn[nH]c2cc1[C@@H]1CCCN1,5.0,near_random,60.0,-11.476516723632812,11.239540100097656,42.017797502511414,3.0,2.446635729612522,2.1283741712889417,39.14617167380035,2.0,normal,60.0,"{""adjusted_pi_clash"":2.446635729612522,""cryptic_bonus"":2.0,""fragment_pi_complement"":3.0,""lock_proxy_method"":""intracellular_bottom_z_proxy_v1:z_min=117.4241:z_max=135.5265:cutoff=121.0446:lock_atoms=16:total_atoms=123"",""oracle_mode"":""validated_o3a_zmatrix_corpus_lookup"",""pi_clash_lock"":39.14617167380035,""pi_clash_pocket"":2.1283741712889417,""rust_reward_authority"":true,""selected_dihedral_deg"":60.0,""survival_tier"":""normal""}",true,true,PROJECTED,policy_generated_not_validated
236,balanced-001516,ANCHOR_004249,CC(=O)N1CCC[C@@H](C2(CN)CCCC2)C1,1.0,balanced,0.0,-9.898895263671875,11.055851936340332,41.99089847517352,5.0,2.3380730550409585,2.080197350440853,35.07109582561438,4.0,normal,0.0,"{""adjusted_pi_clash"":2.3380730550409585,""cryptic_bonus"":4.0,""fragment_pi_complement"":5.0,""lock_proxy_method"":""intracellular_bottom_z_proxy_v1:z_min=117.4241:z_max=135.2158:cutoff=120.9825:lock_atoms=15:total_atoms=136"",""oracle_mode"":""validated_o3a_zmatrix_corpus_lookup"",""pi_clash_lock"":35.07109582561438,""pi_clash_pocket"":2.080197350440853,""rust_reward_authority"":true,""selected_dihedral_deg"":0.0,""survival_tier"":""normal""}",true,true,PROJECTED,policy_generated_not_validated
237,focused-001974,ANCHOR_044065,COc1ccc(C)cc1-c1nc(C#N)c(C)[nH]1,0.5,focused,180.0,-10.55375862121582,10.308391571044922,41.967010260534884,2.0,2.5474105074915094,2.2441473518377584,38.211157612372645,4.0,cryptic_rescue,180.0,"{""adjusted_pi_clash"":2.5474105074915094,""cryptic_bonus"":4.0,""fragment_pi_complement"":2.0,""lock_proxy_method"":""intracellular_bottom_z_proxy_v1:z_min=117.4241:z_max=132.4266:cutoff=120.4246:lock_atoms=15:total_atoms=126"",""oracle_mode"":""validated_o3a_zmatrix_corpus_lookup"",""pi_clash_lock"":38.211157612372645,""pi_clash_pocket"":2.2441473518377584,""rust_reward_authority"":true,""selected_dihedral_deg"":180.0,""survival_tier"":""cryptic_rescue""}",true,true,PROJECTED,policy_generated_not_validated
238,focused-000109,ANCHOR_065554,Cc1cc(C)n(Cc2ccc(C#CCN)cc2)n1,0.5,focused,300.0,-9.779534339904785,10.308391571044922,41.953655183357654,3.0,2.311422932367417,2.029111734521015,36.98276691787867,4.0,normal,300.0,"{""adjusted_pi_clash"":2.311422932367417,""cryptic_bonus"":4.0,""fragment_pi_complement"":3.0,""lock_proxy_method"":""intracellular_bottom_z_proxy_v1:z_min=117.4241:z_max=136.2122:cutoff=121.1817:lock_atoms=16:total_atoms=131"",""oracle_mode"":""validated_o3a_zmatrix_corpus_lookup"",""pi_clash_lock"":36.98276691787867,""pi_clash_pocket"":2.029111734521015,""rust_reward_authority"":true,""selected_dihedral_deg"":300.0,""survival_tier"":""normal""}",true,true,PROJECTED,policy_generated_not_validated
239,near_random-001842,ANCHOR_046259,COc1cccc(C#N)c1Cl,5.0,near_random,240.0,-11.086278915405273,11.239540100097656,41.94237754714145,1.0,2.9672883768219713,2.599659728366152,41.542037275507596,2.0,cryptic_rescue,300.0,"{""adjusted_pi_clash"":2.9672883768219713,""cryptic_bonus"":2.0,""fragment_pi_complement"":1.0,""lock_proxy_method"":""intracellular_bottom_z_proxy_v1:z_min=117.4241:z_max=133.9801:cutoff=120.7353:lock_atoms=14:total_atoms=113"",""oracle_mode"":""validated_o3a_zmatrix_corpus_lookup"",""pi_clash_lock"":41.542037275507596,""pi_clash_pocket"":2.599659728366152,""rust_reward_authority"":true,""selected_dihedral_deg"":300.0,""survival_tier"":""cryptic_rescue""}",true,true,PROJECTED,policy_generated_not_validated
240,focused-001002,ANCHOR_003419,C=CCn1cc(C#N)cc1C(C)=O,0.5,focused,300.0,-10.661938667297363,10.308391571044922,41.89530689774119,3.0,2.4378353808057756,2.1100591951512175,39.00536609289241,2.0,normal,300.0,"{""adjusted_pi_clash"":2.4378353808057756,""cryptic_bonus"":2.0,""fragment_pi_complement"":3.0,""lock_proxy_method"":""intracellular_bottom_z_proxy_v1:z_min=117.4241:z_max=136.0613:cutoff=121.1515:lock_atoms=16:total_atoms=119"",""oracle_mode"":""validated_o3a_zmatrix_corpus_lookup"",""pi_clash_lock"":39.00536609289241,""pi_clash_pocket"":2.1100591951512175,""rust_reward_authority"":true,""selected_dihedral_deg"":300.0,""survival_tier"":""normal""}",true,true,PROJECTED,policy_generated_not_validated
241,focused-000316,ANCHOR_075493,Cc1cccc(N)c1C(=O)N[C@H](C)[C@H]1CCCO1,0.5,focused,240.0,-10.069192886352539,10.308391571044922,41.88689063596259,3.0,2.4721540693913204,2.1954204049072175,37.082311040869804,4.0,normal,240.0,"{""adjusted_pi_clash"":2.4721540693913204,""cryptic_bonus"":4.0,""fragment_pi_complement"":3.0,""lock_proxy_method"":""intracellular_bottom_z_proxy_v1:z_min=117.4241:z_max=134.8555:cutoff=120.9104:lock_atoms=15:total_atoms=134"",""oracle_mode"":""validated_o3a_zmatrix_corpus_lookup"",""pi_clash_lock"":37.082311040869804,""pi_clash_pocket"":2.1954204049072175,""rust_reward_authority"":true,""selected_dihedral_deg"":240.0,""survival_tier"":""normal""}",true,true,PROJECTED,policy_generated_not_validated
242,balanced-000450,ANCHOR_015372,CC1(C)CNC[C@H](c2ccccc2F)O1,1.0,balanced,180.0,-10.010078430175781,11.055851936340332,41.88150892147184,3.0,2.3060653998057905,2.015537475420809,36.89704639689265,4.0,normal,180.0,"{""adjusted_pi_clash"":2.3060653998057905,""cryptic_bonus"":4.0,""fragment_pi_complement"":3.0,""lock_proxy_method"":""intracellular_bottom_z_proxy_v1:z_min=117.4241:z_max=136.0978:cutoff=121.1588:lock_atoms=16:total_atoms=127"",""oracle_mode"":""validated_o3a_zmatrix_corpus_lookup"",""pi_clash_lock"":36.89704639689265,""pi_clash_pocket"":2.015537475420809,""rust_reward_authority"":true,""selected_dihedral_deg"":180.0,""survival_tier"":""normal""}",true,true,PROJECTED,policy_generated_not_validated
243,balanced-000294,ANCHOR_090516,NC1(c2ccc3c(c2)CCOC3)CCCC1,1.0,balanced,60.0,-10.547263145446777,11.055851936340332,41.872637839811226,3.0,2.3060653998057905,2.024408557081419,36.89704639689265,4.0,normal,60.0,"{""adjusted_pi_clash"":2.3060653998057905,""cryptic_bonus"":4.0,""fragment_pi_complement"":3.0,""lock_proxy_method"":""intracellular_bottom_z_proxy_v1:z_min=117.4241:z_max=136.3737:cutoff=121.2140:lock_atoms=16:total_atoms=131"",""oracle_mode"":""validated_o3a_zmatrix_corpus_lookup"",""pi_clash_lock"":36.89704639689265,""pi_clash_pocket"":2.024408557081419,""rust_reward_authority"":true,""selected_dihedral_deg"":60.0,""survival_tier"":""normal""}",true,true,PROJECTED,policy_generated_not_validated
244,exploration-001526,ANCHOR_100183,Nc1nc2c([nH]1)C[C@H](N)CC2,2.0,exploration,300.0,-11.452878952026367,11.206197738647461,41.85961594516588,3.0,2.4677538949879474,2.156692479653332,37.01630842481921,4.0,normal,300.0,"{""adjusted_pi_clash"":2.4677538949879474,""cryptic_bonus"":4.0,""fragment_pi_complement"":3.0,""lock_proxy_method"":""intracellular_bottom_z_proxy_v1:z_min=117.4241:z_max=134.5250:cutoff=120.8443:lock_atoms=15:total_atoms=119"",""oracle_mode"":""validated_o3a_zmatrix_corpus_lookup"",""pi_clash_lock"":37.01630842481921,""pi_clash_pocket"":2.156692479653332,""rust_reward_authority"":true,""selected_dihedral_deg"":300.0,""survival_tier"":""normal""}",true,true,PROJECTED,policy_generated_not_validated
245,focused-001256,ANCHOR_074759,Cc1cccc(-c2nc3c([nH]2)CNC[C@@H]3O)c1,0.5,focused,0.0,-11.477657318115234,10.308391571044922,41.84789338748175,4.0,3.355949150734054,3.067547270592846,36.915440658074594,4.0,cryptic_rescue,0.0,"{""adjusted_pi_clash"":3.355949150734054,""cryptic_bonus"":4.0,""fragment_pi_complement"":4.0,""lock_proxy_method"":""intracellular_bottom_z_proxy_v1:z_min=117.4241:z_max=133.3165:cutoff=120.6026:lock_atoms=11:total_atoms=128"",""oracle_mode"":""validated_o3a_zmatrix_corpus_lookup"",""pi_clash_lock"":36.915440658074594,""pi_clash_pocket"":3.067547270592846,""rust_reward_authority"":true,""selected_dihedral_deg"":0.0,""survival_tier"":""cryptic_rescue""}",true,true,PROJECTED,policy_generated_not_validated
246,balanced-001038,ANCHOR_028197,CCc1ccc2c(c1)[C@@H](NC)CCO2,1.0,balanced,120.0,-11.072305679321289,11.055851936340332,41.82133147046047,4.0,2.395599050054925,2.1126542803633983,35.93398575082387,4.0,normal,0.0,"{""adjusted_pi_clash"":2.395599050054925,""cryptic_bonus"":4.0,""fragment_pi_complement"":4.0,""lock_proxy_method"":""intracellular_bottom_z_proxy_v1:z_min=117.4241:z_max=135.4777:cutoff=121.0348:lock_atoms=15:total_atoms=127"",""oracle_mode"":""validated_o3a_zmatrix_corpus_lookup"",""pi_clash_lock"":35.93398575082387,""pi_clash_pocket"":2.1126542803633983,""rust_reward_authority"":true,""selected_dihedral_deg"":0.0,""survival_tier"":""normal""}",true,true,PROJECTED,policy_generated_not_validated
247,focused-000826,ANCHOR_113128,c1cc(C2CCNCC2)nc(C2CC2)n1,0.5,focused,240.0,-10.333728790283203,10.308391571044922,41.81912096444725,4.0,2.3955990500549245,2.114864786376613,35.933985750823865,4.0,normal,240.0,"{""adjusted_pi_clash"":2.3955990500549245,""cryptic_bonus"":4.0,""fragment_pi_complement"":4.0,""lock_proxy_method"":""intracellular_bottom_z_proxy_v1:z_min=117.4241:z_max=134.7258:cutoff=120.8844:lock_atoms=15:total_atoms=128"",""oracle_mode"":""validated_o3a_zmatrix_corpus_lookup"",""pi_clash_lock"":35.933985750823865,""pi_clash_pocket"":2.114864786376613,""rust_reward_authority"":true,""selected_dihedral_deg"":240.0,""survival_tier"":""normal""}",true,true,PROJECTED,policy_generated_not_validated
248,near_random-000521,ANCHOR_106768,O=C(c1cccc2ccccc12)N1CCNCC1,5.0,near_random,60.0,-11.780033111572266,11.239540100097656,41.814801975775275,4.0,2.3955990500549245,2.119183775048587,35.933985750823865,4.0,normal,300.0,"{""adjusted_pi_clash"":2.3955990500549245,""cryptic_bonus"":4.0,""fragment_pi_complement"":4.0,""lock_proxy_method"":""intracellular_bottom_z_proxy_v1:z_min=117.4241:z_max=134.9032:cutoff=120.9199:lock_atoms=15:total_atoms=130"",""oracle_mode"":""validated_o3a_zmatrix_corpus_lookup"",""pi_clash_lock"":35.933985750823865,""pi_clash_pocket"":2.119183775048587,""rust_reward_authority"":true,""selected_dihedral_deg"":300.0,""survival_tier"":""normal""}",true,true,PROJECTED,policy_generated_not_validated
249,exploration-000221,ANCHOR_052086,C[C@@H]1CC[C@@H](CNC(=O)CC(C)(C)C)CN1,2.0,exploration,300.0,-11.73678970336914,11.206197738647461,41.79877790186187,4.0,2.3955990500549245,2.135207848961998,35.933985750823865,4.0,normal,300.0,"{""adjusted_pi_clash"":2.3955990500549245,""cryptic_bonus"":4.0,""fragment_pi_complement"":4.0,""lock_proxy_method"":""intracellular_bottom_z_proxy_v1:z_min=117.4241:z_max=135.4697:cutoff=121.0332:lock_atoms=15:total_atoms=138"",""oracle_mode"":""validated_o3a_zmatrix_corpus_lookup"",""pi_clash_lock"":35.933985750823865,""pi_clash_pocket"":2.135207848961998,""rust_reward_authority"":true,""selected_dihedral_deg"":300.0,""survival_tier"":""normal""}",true,true,PROJECTED,policy_generated_not_validated
250,near_random-001232,ANCHOR_008757,CC(C)(C)c1ccc([C@@H]2CO[C@@H](CN)O2)cc1,5.0,near_random,0.0,-11.37775993347168,11.239540100097656,41.76331567894523,2.0,2.4976724091701192,2.199442867776672,39.96275854672191,2.0,normal,0.0,"{""adjusted_pi_clash"":2.4976724091701192,""cryptic_bonus"":2.0,""fragment_pi_complement"":2.0,""lock_proxy_method"":""intracellular_bottom_z_proxy_v1:z_min=117.4241:z_max=136.0365:cutoff=121.1466:lock_atoms=16:total_atoms=134"",""oracle_mode"":""validated_o3a_zmatrix_corpus_lookup"",""pi_clash_lock"":39.96275854672191,""pi_clash_pocket"":2.199442867776672,""rust_reward_authority"":true,""selected_dihedral_deg"":0.0,""survival_tier"":""normal""}",true,true,PROJECTED,policy_generated_not_validated
251,balanced-000455,ANCHOR_047325,COc1ccccc1[C@@H]1CNCC[C@H]2CCCN21,1.0,balanced,0.0,-9.736982345581055,11.055851936340332,41.72375874032128,4.0,2.4211173898337233,2.17188471735084,33.89564345767212,6.0,normal,0.0,"{""adjusted_pi_clash"":2.4211173898337233,""cryptic_bonus"":6.0,""fragment_pi_complement"":4.0,""lock_proxy_method"":""intracellular_bottom_z_proxy_v1:z_min=117.4241:z_max=134.3285:cutoff=120.8050:lock_atoms=14:total_atoms=136"",""oracle_mode"":""validated_o3a_zmatrix_corpus_lookup"",""pi_clash_lock"":33.89564345767212,""pi_clash_pocket"":2.17188471735084,""rust_reward_authority"":true,""selected_dihedral_deg"":0.0,""survival_tier"":""normal""}",true,true,PROJECTED,policy_generated_not_validated
252,near_random-001187,ANCHOR_047574,COc1nc2c(C)c(C)ccc2cc1C#N,5.0,near_random,60.0,-11.72630500793457,11.239540100097656,41.716610425693545,4.0,2.246064930203312,1.9743635273561373,33.690973953049685,6.0,normal,120.0,"{""adjusted_pi_clash"":2.246064930203312,""cryptic_bonus"":6.0,""fragment_pi_complement"":4.0,""lock_proxy_method"":""intracellular_bottom_z_proxy_v1:z_min=117.4241:z_max=135.2069:cutoff=120.9807:lock_atoms=15:total_atoms=124"",""oracle_mode"":""validated_o3a_zmatrix_corpus_lookup"",""pi_clash_lock"":33.690973953049685,""pi_clash_pocket"":1.9743635273561373,""rust_reward_authority"":true,""selected_dihedral_deg"":120.0,""survival_tier"":""normal""}",true,true,PROJECTED,policy_generated_not_validated
253,near_random-001391,ANCHOR_100174,Nc1nc(F)c(Cl)c(Cl)c1Cl,5.0,near_random,300.0,-11.621132850646973,11.239540100097656,41.68333499870901,5.0,2.941770037043173,2.617905445809062,35.30124044451807,4.0,cryptic_rescue,300.0,"{""adjusted_pi_clash"":2.941770037043173,""cryptic_bonus"":4.0,""fragment_pi_complement"":5.0,""lock_proxy_method"":""intracellular_bottom_z_proxy_v1:z_min=117.4241:z_max=133.3508:cutoff=120.6094:lock_atoms=12:total_atoms=109"",""oracle_mode"":""validated_o3a_zmatrix_corpus_lookup"",""pi_clash_lock"":35.30124044451807,""pi_clash_pocket"":2.617905445809062,""rust_reward_authority"":true,""selected_dihedral_deg"":300.0,""survival_tier"":""cryptic_rescue""}",true,true,PROJECTED,policy_generated_not_validated
254,exploration-000386,ANCHOR_100244,Nc1ncc(Cl)c(Cl)c1Cl,2.0,exploration,300.0,-9.95852279663086,11.206197738647461,41.68333499870901,5.0,2.941770037043173,2.617905445809062,35.30124044451807,4.0,cryptic_rescue,300.0,"{""adjusted_pi_clash"":2.941770037043173,""cryptic_bonus"":4.0,""fragment_pi_complement"":5.0,""lock_proxy_method"":""intracellular_bottom_z_proxy_v1:z_min=117.4241:z_max=133.3330:cutoff=120.6059:lock_atoms=12:total_atoms=109"",""oracle_mode"":""validated_o3a_zmatrix_corpus_lookup"",""pi_clash_lock"":35.30124044451807,""pi_clash_pocket"":2.617905445809062,""rust_reward_authority"":true,""selected_dihedral_deg"":300.0,""survival_tier"":""cryptic_rescue""}",true,true,PROJECTED,policy_generated_not_validated
255,exploration-000542,ANCHOR_022737,CCOc1ccc(C(=O)N2CCN(C)CC2)cc1,2.0,exploration,0.0,-9.806844711303711,11.206197738647461,41.66981664399773,4.0,2.4167172154303502,2.164224372027179,33.834041016024905,6.0,normal,0.0,"{""adjusted_pi_clash"":2.4167172154303502,""cryptic_bonus"":6.0,""fragment_pi_complement"":4.0,""lock_proxy_method"":""intracellular_bottom_z_proxy_v1:z_min=117.4241:z_max=133.7066:cutoff=120.6806:lock_atoms=14:total_atoms=134"",""oracle_mode"":""validated_o3a_zmatrix_corpus_lookup"",""pi_clash_lock"":33.834041016024905,""pi_clash_pocket"":2.164224372027179,""rust_reward_authority"":true,""selected_dihedral_deg"":0.0,""survival_tier"":""normal""}",true,true,PROJECTED,policy_generated_not_validated
256,balanced-000818,ANCHOR_028536,CCc1ccccc1-n1nc(C)cc1N,1.0,balanced,300.0,-11.32398509979248,11.055851936340332,41.658012479809386,4.0,2.946170211446546,2.642200268995712,38.300212748805095,2.0,cryptic_rescue,300.0,"{""adjusted_pi_clash"":2.946170211446546,""cryptic_bonus"":2.0,""fragment_pi_complement"":4.0,""lock_proxy_method"":""intracellular_bottom_z_proxy_v1:z_min=117.4241:z_max=133.5263:cutoff=120.6445:lock_atoms=13:total_atoms=126"",""oracle_mode"":""validated_o3a_zmatrix_corpus_lookup"",""pi_clash_lock"":38.300212748805095,""pi_clash_pocket"":2.642200268995712,""rust_reward_authority"":true,""selected_dihedral_deg"":300.0,""survival_tier"":""cryptic_rescue""}",true,true,PROJECTED,policy_generated_not_validated
257,exploration-001012,ANCHOR_045314,COc1ccc([C@H]2CNCCN2C(C)C)cc1,2.0,exploration,0.0,-11.222225189208984,11.206197738647461,41.595230714498136,4.0,2.446635729612522,2.2110337704646494,31.80626448496279,8.0,normal,0.0,"{""adjusted_pi_clash"":2.446635729612522,""cryptic_bonus"":8.0,""fragment_pi_complement"":4.0,""lock_proxy_method"":""intracellular_bottom_z_proxy_v1:z_min=117.4241:z_max=133.4808:cutoff=120.6354:lock_atoms=13:total_atoms=135"",""oracle_mode"":""validated_o3a_zmatrix_corpus_lookup"",""pi_clash_lock"":31.80626448496279,""pi_clash_pocket"":2.2110337704646494,""rust_reward_authority"":true,""selected_dihedral_deg"":0.0,""survival_tier"":""normal""}",true,true,PROJECTED,policy_generated_not_validated
258,exploration-000664,ANCHOR_083932,Cn1c2c(cc(C#N)c1=O)CCCC2,2.0,exploration,300.0,-11.640018463134766,11.206197738647461,41.55371608297028,3.0,2.4466357296125216,2.1458198612175394,36.69953594418782,4.0,normal,300.0,"{""adjusted_pi_clash"":2.4466357296125216,""cryptic_bonus"":4.0,""fragment_pi_complement"":3.0,""lock_proxy_method"":""intracellular_bottom_z_proxy_v1:z_min=117.4241:z_max=134.9393:cutoff=120.9271:lock_atoms=15:total_atoms=122"",""oracle_mode"":""validated_o3a_zmatrix_corpus_lookup"",""pi_clash_lock"":36.69953594418782,""pi_clash_pocket"":2.1458198612175394,""rust_reward_authority"":true,""selected_dihedral_deg"":300.0,""survival_tier"":""normal""}",true,true,PROJECTED,policy_generated_not_validated
259,near_random-001890,ANCHOR_009420,CC(C)(N)Cc1cccc2ccoc12,5.0,near_random,240.0,-11.478353500366211,11.239540100097656,41.54649650212881,3.0,2.446635729612522,2.1530394420590193,36.69953594418783,4.0,normal,0.0,"{""adjusted_pi_clash"":2.446635729612522,""cryptic_bonus"":4.0,""fragment_pi_complement"":3.0,""lock_proxy_method"":""intracellular_bottom_z_proxy_v1:z_min=117.4241:z_max=134.5832:cutoff=120.8559:lock_atoms=15:total_atoms=125"",""oracle_mode"":""validated_o3a_zmatrix_corpus_lookup"",""pi_clash_lock"":36.69953594418783,""pi_clash_pocket"":2.1530394420590193,""rust_reward_authority"":true,""selected_dihedral_deg"":0.0,""survival_tier"":""normal""}",true,true,PROJECTED,policy_generated_not_validated
260,near_random-001103,ANCHOR_098532,Nc1cc(F)c(NC2CCC(O)CC2)c(F)c1,5.0,near_random,240.0,-10.388116836547852,11.239540100097656,41.53669111157887,3.0,1.8983415438234617,1.6334566772434438,34.17014778882231,6.0,normal,180.0,"{""adjusted_pi_clash"":1.8983415438234617,""cryptic_bonus"":6.0,""fragment_pi_complement"":3.0,""lock_proxy_method"":""intracellular_bottom_z_proxy_v1:z_min=117.2926:z_max=132.4266:cutoff=120.3194:lock_atoms=18:total_atoms=129"",""oracle_mode"":""validated_o3a_zmatrix_corpus_lookup"",""pi_clash_lock"":34.17014778882231,""pi_clash_pocket"":1.6334566772434438,""rust_reward_authority"":true,""selected_dihedral_deg"":180.0,""survival_tier"":""normal""}",true,true,PROJECTED,policy_generated_not_validated
261,balanced-001073,ANCHOR_022551,CCO[C@H]1CCc2ccccc2[C@H]1NC,1.0,balanced,120.0,-11.540867805480957,11.055851936340332,41.53520433722291,3.0,2.446635729612522,2.1643316069649234,36.69953594418783,4.0,normal,0.0,"{""adjusted_pi_clash"":2.446635729612522,""cryptic_bonus"":4.0,""fragment_pi_complement"":3.0,""lock_proxy_method"":""intracellular_bottom_z_proxy_v1:z_min=117.4241:z_max=134.7722:cutoff=120.8937:lock_atoms=15:total_atoms=130"",""oracle_mode"":""validated_o3a_zmatrix_corpus_lookup"",""pi_clash_lock"":36.69953594418783,""pi_clash_pocket"":2.1643316069649234,""rust_reward_authority"":true,""selected_dihedral_deg"":0.0,""survival_tier"":""normal""}",true,true,PROJECTED,policy_generated_not_validated
262,balanced-001399,ANCHOR_112480,Oc1ccc2cc(C3CCNCC3)[nH]c2c1,1.0,balanced,180.0,-10.640852928161621,11.055851936340332,41.5138316560572,3.0,2.852014494496657,2.5623567723993403,37.07618842845654,4.0,cryptic_rescue,0.0,"{""adjusted_pi_clash"":2.852014494496657,""cryptic_bonus"":4.0,""fragment_pi_complement"":3.0,""lock_proxy_method"":""intracellular_bottom_z_proxy_v1:z_min=117.4241:z_max=133.5634:cutoff=120.6520:lock_atoms=13:total_atoms=128"",""oracle_mode"":""validated_o3a_zmatrix_corpus_lookup"",""pi_clash_lock"":37.07618842845654,""pi_clash_pocket"":2.5623567723993403,""rust_reward_authority"":true,""selected_dihedral_deg"":0.0,""survival_tier"":""cryptic_rescue""}",true,true,PROJECTED,policy_generated_not_validated
263,near_random-000020,ANCHOR_066332,Cc1cc(F)c2ncc(C#N)c(O)c2c1,5.0,near_random,240.0,-11.873373031616211,11.239540100097656,41.50175144520043,3.0,2.442235555209149,2.1317818829367994,36.63353332813723,4.0,normal,300.0,"{""adjusted_pi_clash"":2.442235555209149,""cryptic_bonus"":4.0,""fragment_pi_complement"":3.0,""lock_proxy_method"":""intracellular_bottom_z_proxy_v1:z_min=117.4241:z_max=135.4168:cutoff=121.0226:lock_atoms=15:total_atoms=118"",""oracle_mode"":""validated_o3a_zmatrix_corpus_lookup"",""pi_clash_lock"":36.63353332813723,""pi_clash_pocket"":2.1317818829367994,""rust_reward_authority"":true,""selected_dihedral_deg"":300.0,""survival_tier"":""normal""}",true,true,PROJECTED,policy_generated_not_validated
264,exploration-001806,ANCHOR_090178,NC(=O)c1cccc(C(=O)Nc2ccccn2)c1,2.0,exploration,300.0,-10.721363067626953,11.206197738647461,41.41842573415384,4.0,1.9471012477784981,1.6822954780806223,33.10072121223447,6.0,normal,300.0,"{""adjusted_pi_clash"":1.9471012477784981,""cryptic_bonus"":6.0,""fragment_pi_complement"":4.0,""lock_proxy_method"":""intracellular_bottom_z_proxy_v1:z_min=117.4241:z_max=136.7505:cutoff=121.2894:lock_atoms=17:total_atoms=125"",""oracle_mode"":""validated_o3a_zmatrix_corpus_lookup"",""pi_clash_lock"":33.10072121223447,""pi_clash_pocket"":1.6822954780806223,""rust_reward_authority"":true,""selected_dihedral_deg"":300.0,""survival_tier"":""normal""}",true,true,PROJECTED,policy_generated_not_validated
265,balanced-000430,ANCHOR_063717,Cc1cc(=O)[nH]c(CC[C@@H]2CCNC2)n1,1.0,balanced,0.0,-11.91545581817627,11.055851936340332,41.418015814541114,3.0,2.8440968523313512,2.5552432657664483,36.973259080307564,4.0,cryptic_rescue,0.0,"{""adjusted_pi_clash"":2.8440968523313512,""cryptic_bonus"":4.0,""fragment_pi_complement"":3.0,""lock_proxy_method"":""intracellular_bottom_z_proxy_v1:z_min=117.4241:z_max=133.6168:cutoff=120.6626:lock_atoms=13:total_atoms=128"",""oracle_mode"":""validated_o3a_zmatrix_corpus_lookup"",""pi_clash_lock"":36.973259080307564,""pi_clash_pocket"":2.5552432657664483,""rust_reward_authority"":true,""selected_dihedral_deg"":0.0,""survival_tier"":""cryptic_rescue""}",true,true,PROJECTED,policy_generated_not_validated
266,balanced-000423,ANCHOR_074134,Cc1ccc2c(c1C)O[C@@H](C)C[C@H]2N,1.0,balanced,120.0,-11.465882301330566,11.055851936340332,41.39376352205297,2.0,2.472154069391321,2.160701588208162,39.554465110261134,2.0,normal,0.0,"{""adjusted_pi_clash"":2.472154069391321,""cryptic_bonus"":2.0,""fragment_pi_complement"":2.0,""lock_proxy_method"":""intracellular_bottom_z_proxy_v1:z_min=117.4241:z_max=135.9966:cutoff=121.1386:lock_atoms=16:total_atoms=127"",""oracle_mode"":""validated_o3a_zmatrix_corpus_lookup"",""pi_clash_lock"":39.554465110261134,""pi_clash_pocket"":2.160701588208162,""rust_reward_authority"":true,""selected_dihedral_deg"":0.0,""survival_tier"":""normal""}",true,true,PROJECTED,policy_generated_not_validated
267,balanced-000482,ANCHOR_072440,Cc1ccc([C@@H](N)c2ccc(F)cc2)c(=O)n1C,1.0,balanced,120.0,-10.541563034057617,11.055851936340332,41.3565650403177,6.0,3.390006618828995,3.153494529143251,30.510059569460953,8.0,cryptic_rescue,120.0,"{""adjusted_pi_clash"":3.390006618828995,""cryptic_bonus"":8.0,""fragment_pi_complement"":6.0,""lock_proxy_method"":""intracellular_bottom_z_proxy_v1:z_min=117.4241:z_max=132.4266:cutoff=120.4246:lock_atoms=9:total_atoms=129"",""oracle_mode"":""validated_o3a_zmatrix_corpus_lookup"",""pi_clash_lock"":30.510059569460953,""pi_clash_pocket"":3.153494529143251,""rust_reward_authority"":true,""selected_dihedral_deg"":120.0,""survival_tier"":""cryptic_rescue""}",true,true,PROJECTED,policy_generated_not_validated
268,near_random-000383,ANCHOR_092845,NC[C@@H](c1c[nH]c2ccccc12)N1CCCCC1,5.0,near_random,180.0,-11.696406364440918,11.239540100097656,41.29278632445695,4.0,2.217599030867028,1.971199138548469,33.26398546300542,6.0,normal,120.0,"{""adjusted_pi_clash"":2.217599030867028,""cryptic_bonus"":6.0,""fragment_pi_complement"":4.0,""lock_proxy_method"":""intracellular_bottom_z_proxy_v1:z_min=117.4241:z_max=135.0160:cutoff=120.9425:lock_atoms=15:total_atoms=135"",""oracle_mode"":""validated_o3a_zmatrix_corpus_lookup"",""pi_clash_lock"":33.26398546300542,""pi_clash_pocket"":1.971199138548469,""rust_reward_authority"":true,""selected_dihedral_deg"":120.0,""survival_tier"":""normal""}",true,true,PROJECTED,policy_generated_not_validated
269,near_random-000829,ANCHOR_065241,Cc1cc(C)cc(C(=O)N[C@@H]2CCC(=O)NC2)c1,5.0,near_random,300.0,-11.711860656738281,11.239540100097656,41.291852057306485,4.0,2.4211173898337233,2.182674010531917,31.474526067838404,8.0,normal,300.0,"{""adjusted_pi_clash"":2.4211173898337233,""cryptic_bonus"":8.0,""fragment_pi_complement"":4.0,""lock_proxy_method"":""intracellular_bottom_z_proxy_v1:z_min=117.4241:z_max=133.3935:cutoff=120.6180:lock_atoms=13:total_atoms=132"",""oracle_mode"":""validated_o3a_zmatrix_corpus_lookup"",""pi_clash_lock"":31.474526067838404,""pi_clash_pocket"":2.182674010531917,""rust_reward_authority"":true,""selected_dihedral_deg"":300.0,""survival_tier"":""normal""}",true,true,PROJECTED,policy_generated_not_validated
270,balanced-001394,ANCHOR_077306,Cc1ccccc1OC[C@@H]1CN[C@H](C)CO1,1.0,balanced,180.0,-10.945247650146484,11.055851936340332,41.261708824397246,4.0,2.3851391124030514,2.1302387492454735,33.39194757364272,6.0,normal,180.0,"{""adjusted_pi_clash"":2.3851391124030514,""cryptic_bonus"":6.0,""fragment_pi_complement"":4.0,""lock_proxy_method"":""intracellular_bottom_z_proxy_v1:z_min=117.4241:z_max=133.7563:cutoff=120.6905:lock_atoms=14:total_atoms=131"",""oracle_mode"":""validated_o3a_zmatrix_corpus_lookup"",""pi_clash_lock"":33.39194757364272,""pi_clash_pocket"":2.1302387492454735,""rust_reward_authority"":true,""selected_dihedral_deg"":180.0,""survival_tier"":""normal""}",true,true,PROJECTED,policy_generated_not_validated
271,exploration-000830,ANCHOR_099784,Nc1ccccc1NC(=O)c1cccs1,2.0,exploration,300.0,-11.661572456359863,11.206197738647461,41.10412710009006,3.0,2.4146280743773536,2.1152940155702438,36.2194211156603,4.0,normal,300.0,"{""adjusted_pi_clash"":2.4146280743773536,""cryptic_bonus"":4.0,""fragment_pi_complement"":3.0,""lock_proxy_method"":""intracellular_bottom_z_proxy_v1:z_min=117.4241:z_max=135.3099:cutoff=121.0013:lock_atoms=15:total_atoms=121"",""oracle_mode"":""validated_o3a_zmatrix_corpus_lookup"",""pi_clash_lock"":36.2194211156603,""pi_clash_pocket"":2.1152940155702438,""rust_reward_authority"":true,""selected_dihedral_deg"":300.0,""survival_tier"":""normal""}",true,true,PROJECTED,policy_generated_not_validated
272,balanced-001903,ANCHOR_063564,Cc1cc(-c2cc(N)ccc2Cl)n[nH]1,1.0,balanced,300.0,-11.420988082885742,11.055851936340332,41.091705320084245,3.0,2.446635729612522,2.1611948944910613,34.252900214575305,6.0,normal,300.0,"{""adjusted_pi_clash"":2.446635729612522,""cryptic_bonus"":6.0,""fragment_pi_complement"":3.0,""lock_proxy_method"":""intracellular_bottom_z_proxy_v1:z_min=117.4241:z_max=133.7029:cutoff=120.6799:lock_atoms=14:total_atoms=120"",""oracle_mode"":""validated_o3a_zmatrix_corpus_lookup"",""pi_clash_lock"":34.252900214575305,""pi_clash_pocket"":2.1611948944910613,""rust_reward_authority"":true,""selected_dihedral_deg"":300.0,""survival_tier"":""normal""}",true,true,PROJECTED,policy_generated_not_validated
273,near_random-000064,ANCHOR_083431,Clc1cccc2c1CCN[C@@H]2[C@@H]1CCCN1,5.0,near_random,120.0,-11.258607864379883,11.239540100097656,41.06826729516999,4.0,2.370080710276126,2.1128626486957716,33.18112994386576,6.0,normal,60.0,"{""adjusted_pi_clash"":2.370080710276126,""cryptic_bonus"":6.0,""fragment_pi_complement"":4.0,""lock_proxy_method"":""intracellular_bottom_z_proxy_v1:z_min=117.4241:z_max=134.3138:cutoff=120.8020:lock_atoms=14:total_atoms=129"",""oracle_mode"":""validated_o3a_zmatrix_corpus_lookup"",""pi_clash_lock"":33.18112994386576,""pi_clash_pocket"":2.1128626486957716,""rust_reward_authority"":true,""selected_dihedral_deg"":60.0,""survival_tier"":""normal""}",true,true,PROJECTED,policy_generated_not_validated
274,balanced-001599,ANCHOR_101925,O=C(Nc1ccncc1)[C@@H]1C[C@@H]2CCCC[C@@H]2N1,1.0,balanced,240.0,-10.427129745483398,11.055851936340332,41.060531413618705,4.0,2.370080710276126,2.1205985302470602,33.18112994386576,6.0,normal,240.0,"{""adjusted_pi_clash"":2.370080710276126,""cryptic_bonus"":6.0,""fragment_pi_complement"":4.0,""lock_proxy_method"":""intracellular_bottom_z_proxy_v1:z_min=117.4241:z_max=133.8362:cutoff=120.7065:lock_atoms=14:total_atoms=133"",""oracle_mode"":""validated_o3a_zmatrix_corpus_lookup"",""pi_clash_lock"":33.18112994386576,""pi_clash_pocket"":2.1205985302470602,""rust_reward_authority"":true,""selected_dihedral_deg"":240.0,""survival_tier"":""normal""}",true,true,PROJECTED,policy_generated_not_validated
275,balanced-001090,ANCHOR_086823,N#CCC1C[C@H]2CC[C@@H](C1)N2Cc1cccnc1,1.0,balanced,240.0,-11.686670303344727,11.055851936340332,40.9909423884162,4.0,1.9215829079996993,1.675967047578685,32.66690943599489,6.0,normal,300.0,"{""adjusted_pi_clash"":1.9215829079996993,""cryptic_bonus"":6.0,""fragment_pi_complement"":4.0,""lock_proxy_method"":""intracellular_bottom_z_proxy_v1:z_min=117.4241:z_max=137.0931:cutoff=121.3579:lock_atoms=17:total_atoms=133"",""oracle_mode"":""validated_o3a_zmatrix_corpus_lookup"",""pi_clash_lock"":32.66690943599489,""pi_clash_pocket"":1.675967047578685,""rust_reward_authority"":true,""selected_dihedral_deg"":300.0,""survival_tier"":""normal""}",true,true,PROJECTED,policy_generated_not_validated
276,balanced-000078,ANCHOR_086654,N#CC1(C(=O)NCc2ccncc2)CCCCC1,1.0,balanced,60.0,-10.5701322555542,11.055851936340332,40.98655180448125,5.0,2.4079168666236037,2.1322011948728097,36.11875299935406,2.0,normal,300.0,"{""adjusted_pi_clash"":2.4079168666236037,""cryptic_bonus"":2.0,""fragment_pi_complement"":5.0,""lock_proxy_method"":""intracellular_bottom_z_proxy_v1:z_min=117.4241:z_max=134.4731:cutoff=120.8339:lock_atoms=15:total_atoms=131"",""oracle_mode"":""validated_o3a_zmatrix_corpus_lookup"",""pi_clash_lock"":36.11875299935406,""pi_clash_pocket"":2.1322011948728097,""rust_reward_authority"":true,""selected_dihedral_deg"":300.0,""survival_tier"":""normal""}",true,true,PROJECTED,policy_generated_not_validated
277,focused-001182,ANCHOR_064702,Cc1cc(C)c(O)c([C@@H](C)CN)c1,0.5,focused,300.0,-10.273139953613281,10.308391571044922,40.98562885383369,3.0,3.369149673944174,3.0750175595522222,37.06064641338591,4.0,cryptic_rescue,300.0,"{""adjusted_pi_clash"":3.369149673944174,""cryptic_bonus"":4.0,""fragment_pi_complement"":3.0,""lock_proxy_method"":""intracellular_bottom_z_proxy_v1:z_min=117.4241:z_max=133.1764:cutoff=120.5746:lock_atoms=11:total_atoms=126"",""oracle_mode"":""validated_o3a_zmatrix_corpus_lookup"",""pi_clash_lock"":37.06064641338591,""pi_clash_pocket"":3.0750175595522222,""rust_reward_authority"":true,""selected_dihedral_deg"":300.0,""survival_tier"":""cryptic_rescue""}",true,true,PROJECTED,policy_generated_not_validated
278,exploration-001887,ANCHOR_025625,CC[C@H](C)[C@@H](N)c1cc(C)c2c(c1)CC(=O)N2,2.0,exploration,180.0,-11.628429412841797,11.206197738647461,40.98516006076881,4.0,2.561234486067279,2.3108882581058157,33.296048318874625,6.0,cryptic_rescue,120.0,"{""adjusted_pi_clash"":2.561234486067279,""cryptic_bonus"":6.0,""fragment_pi_complement"":4.0,""lock_proxy_method"":""intracellular_bottom_z_proxy_v1:z_min=117.4241:z_max=132.4266:cutoff=120.4246:lock_atoms=13:total_atoms=133"",""oracle_mode"":""validated_o3a_zmatrix_corpus_lookup"",""pi_clash_lock"":33.296048318874625,""pi_clash_pocket"":2.3108882581058157,""rust_reward_authority"":true,""selected_dihedral_deg"":120.0,""survival_tier"":""cryptic_rescue""}",true,true,PROJECTED,policy_generated_not_validated
279,focused-001442,ANCHOR_080925,Cc1nc2c(N)cc(C(F)(F)F)cc2[nH]1,0.5,focused,180.0,-9.668336868286133,10.308391571044922,40.97770683914141,4.0,2.334531299142075,2.0402626479897124,35.017969487131126,4.0,normal,120.0,"{""adjusted_pi_clash"":2.334531299142075,""cryptic_bonus"":4.0,""fragment_pi_complement"":4.0,""lock_proxy_method"":""intracellular_bottom_z_proxy_v1:z_min=117.4241:z_max=134.8485:cutoff=120.9090:lock_atoms=15:total_atoms=119"",""oracle_mode"":""validated_o3a_zmatrix_corpus_lookup"",""pi_clash_lock"":35.017969487131126,""pi_clash_pocket"":2.0402626479897124,""rust_reward_authority"":true,""selected_dihedral_deg"":120.0,""survival_tier"":""normal""}",true,true,PROJECTED,policy_generated_not_validated
280,exploration-001345,ANCHOR_071375,Cc1ccc(N)cc1C[C@H]1COCCN1,2.0,exploration,180.0,-11.47576904296875,11.206197738647461,40.936446265217434,2.0,2.4422355552091486,2.139322618128944,39.07576888334638,2.0,normal,300.0,"{""adjusted_pi_clash"":2.4422355552091486,""cryptic_bonus"":2.0,""fragment_pi_complement"":2.0,""lock_proxy_method"":""intracellular_bottom_z_proxy_v1:z_min=117.4241:z_max=136.1110:cutoff=121.1615:lock_atoms=16:total_atoms=129"",""oracle_mode"":""validated_o3a_zmatrix_corpus_lookup"",""pi_clash_lock"":39.07576888334638,""pi_clash_pocket"":2.139322618128944,""rust_reward_authority"":true,""selected_dihedral_deg"":300.0,""survival_tier"":""normal""}",true,true,PROJECTED,policy_generated_not_validated
281,near_random-001321,ANCHOR_071163,Cc1ccc(F)cc1-c1cc(N)on1,5.0,near_random,300.0,-11.664083480834961,11.239540100097656,40.85961594516588,4.0,2.4677538949879474,2.156692479653332,37.01630842481921,2.0,normal,300.0,"{""adjusted_pi_clash"":2.4677538949879474,""cryptic_bonus"":2.0,""fragment_pi_complement"":4.0,""lock_proxy_method"":""intracellular_bottom_z_proxy_v1:z_min=117.4241:z_max=135.4083:cutoff=121.0209:lock_atoms=15:total_atoms=119"",""oracle_mode"":""validated_o3a_zmatrix_corpus_lookup"",""pi_clash_lock"":37.01630842481921,""pi_clash_pocket"":2.156692479653332,""rust_reward_authority"":true,""selected_dihedral_deg"":300.0,""survival_tier"":""normal""}",true,true,PROJECTED,policy_generated_not_validated
282,exploration-000940,ANCHOR_113467,c1cc2c(cc1C1CCNCC1)CCO2,2.0,exploration,60.0,-11.294825553894043,11.206197738647461,40.81268653421156,2.0,2.301665225402417,2.013957072227115,36.82664360643867,4.0,normal,60.0,"{""adjusted_pi_clash"":2.301665225402417,""cryptic_bonus"":4.0,""fragment_pi_complement"":2.0,""lock_proxy_method"":""intracellular_bottom_z_proxy_v1:z_min=117.4241:z_max=135.9614:cutoff=121.1316:lock_atoms=16:total_atoms=128"",""oracle_mode"":""validated_o3a_zmatrix_corpus_lookup"",""pi_clash_lock"":36.82664360643867,""pi_clash_pocket"":2.013957072227115,""rust_reward_authority"":true,""selected_dihedral_deg"":60.0,""survival_tier"":""normal""}",true,true,PROJECTED,policy_generated_not_validated
283,exploration-001928,ANCHOR_088240,N#Cc1ccc(CC(=O)c2ccccc2)cc1,2.0,exploration,300.0,-11.154756546020508,11.206197738647461,40.785610167459055,3.0,2.217599030867028,1.9135733572804192,37.699183524739475,2.0,normal,120.0,"{""adjusted_pi_clash"":2.217599030867028,""cryptic_bonus"":2.0,""fragment_pi_complement"":3.0,""lock_proxy_method"":""intracellular_bottom_z_proxy_v1:z_min=117.4241:z_max=136.6400:cutoff=121.2673:lock_atoms=17:total_atoms=124"",""oracle_mode"":""validated_o3a_zmatrix_corpus_lookup"",""pi_clash_lock"":37.699183524739475,""pi_clash_pocket"":1.9135733572804192,""rust_reward_authority"":true,""selected_dihedral_deg"":120.0,""survival_tier"":""normal""}",true,true,PROJECTED,policy_generated_not_validated
284,exploration-000248,ANCHOR_085435,FC(F)(F)c1sc2c3c1CC[C@@H]3NC2,2.0,exploration,0.0,-9.856315612792969,11.206197738647461,40.78075021789098,3.0,2.3911988756515514,2.0872329168822863,35.86798313477327,4.0,normal,0.0,"{""adjusted_pi_clash"":2.3911988756515514,""cryptic_bonus"":4.0,""fragment_pi_complement"":3.0,""lock_proxy_method"":""intracellular_bottom_z_proxy_v1:z_min=117.4241:z_max=134.5165:cutoff=120.8426:lock_atoms=15:total_atoms=118"",""oracle_mode"":""validated_o3a_zmatrix_corpus_lookup"",""pi_clash_lock"":35.86798313477327,""pi_clash_pocket"":2.0872329168822863,""rust_reward_authority"":true,""selected_dihedral_deg"":0.0,""survival_tier"":""normal""}",true,true,PROJECTED,policy_generated_not_validated
285,near_random-000397,ANCHOR_022867,CCOc1ccc([C@H]2NC(=O)CC[C@H]2N)cc1,5.0,near_random,120.0,-11.699699401855469,11.239540100097656,40.77286591653902,6.0,3.3181129943865764,3.0901510329401702,29.86301694947919,8.0,cryptic_rescue,120.0,"{""adjusted_pi_clash"":3.3181129943865764,""cryptic_bonus"":8.0,""fragment_pi_complement"":6.0,""lock_proxy_method"":""intracellular_bottom_z_proxy_v1:z_min=117.4241:z_max=132.4266:cutoff=120.4246:lock_atoms=9:total_atoms=131"",""oracle_mode"":""validated_o3a_zmatrix_corpus_lookup"",""pi_clash_lock"":29.86301694947919,""pi_clash_pocket"":3.0901510329401702,""rust_reward_authority"":true,""selected_dihedral_deg"":120.0,""survival_tier"":""cryptic_rescue""}",true,true,PROJECTED,policy_generated_not_validated
286,focused-000031,ANCHOR_043340,COc1cc(OC)c2c3c([nH]c2c1N)CCCC3,0.5,focused,240.0,-10.540813446044922,10.308391571044922,40.771138931982605,6.0,3.3181129943865764,3.0918780174965828,29.86301694947919,8.0,cryptic_rescue,240.0,"{""adjusted_pi_clash"":3.3181129943865764,""cryptic_bonus"":8.0,""fragment_pi_complement"":6.0,""lock_proxy_method"":""intracellular_bottom_z_proxy_v1:z_min=117.4241:z_max=132.4266:cutoff=120.4246:lock_atoms=9:total_atoms=132"",""oracle_mode"":""validated_o3a_zmatrix_corpus_lookup"",""pi_clash_lock"":29.86301694947919,""pi_clash_pocket"":3.0918780174965828,""rust_reward_authority"":true,""selected_dihedral_deg"":240.0,""survival_tier"":""cryptic_rescue""}",true,true,PROJECTED,policy_generated_not_validated
287,near_random-000172,ANCHOR_072698,Cc1ccc([C@@H]2OCCC[C@@H]2N)cc1,5.0,near_random,240.0,-11.123262405395508,11.239540100097656,40.741420898213775,3.0,2.4211173898337237,2.1542225594583524,33.89564345767213,6.0,normal,240.0,"{""adjusted_pi_clash"":2.4211173898337237,""cryptic_bonus"":6.0,""fragment_pi_complement"":3.0,""lock_proxy_method"":""intracellular_bottom_z_proxy_v1:z_min=117.4241:z_max=133.8199:cutoff=120.7033:lock_atoms=14:total_atoms=127"",""oracle_mode"":""validated_o3a_zmatrix_corpus_lookup"",""pi_clash_lock"":33.89564345767213,""pi_clash_pocket"":2.1542225594583524,""rust_reward_authority"":true,""selected_dihedral_deg"":240.0,""survival_tier"":""normal""}",true,true,PROJECTED,policy_generated_not_validated
288,focused-000136,ANCHOR_075815,Cc1cccc(OCC(=O)N2CCCC2)c1N,0.5,focused,300.0,-10.849336624145508,10.308391571044922,40.679785816257365,4.0,2.8440968523313512,2.605279559387497,31.285065375644862,8.0,cryptic_rescue,300.0,"{""adjusted_pi_clash"":2.8440968523313512,""cryptic_bonus"":8.0,""fragment_pi_complement"":4.0,""lock_proxy_method"":""intracellular_bottom_z_proxy_v1:z_min=117.4241:z_max=133.2804:cutoff=120.5954:lock_atoms=11:total_atoms=131"",""oracle_mode"":""validated_o3a_zmatrix_corpus_lookup"",""pi_clash_lock"":31.285065375644862,""pi_clash_pocket"":2.605279559387497,""rust_reward_authority"":true,""selected_dihedral_deg"":300.0,""survival_tier"":""cryptic_rescue""}",true,true,PROJECTED,policy_generated_not_validated
289,near_random-000303,ANCHOR_012143,CC(C)Oc1ccc(C2=NCCCN2)cc1,5.0,near_random,300.0,-11.103034973144531,11.239540100097656,40.67758565456398,3.0,2.4167172154303502,2.1564553614609276,33.834041016024905,6.0,normal,300.0,"{""adjusted_pi_clash"":2.4167172154303502,""cryptic_bonus"":6.0,""fragment_pi_complement"":3.0,""lock_proxy_method"":""intracellular_bottom_z_proxy_v1:z_min=117.4241:z_max=134.1830:cutoff=120.7759:lock_atoms=14:total_atoms=130"",""oracle_mode"":""validated_o3a_zmatrix_corpus_lookup"",""pi_clash_lock"":33.834041016024905,""pi_clash_pocket"":2.1564553614609276,""rust_reward_authority"":true,""selected_dihedral_deg"":300.0,""survival_tier"":""normal""}",true,true,PROJECTED,policy_generated_not_validated
290,exploration-000050,ANCHOR_097593,N[C@H]1CC[C@H]2CN(Cc3ccccc3)C[C@H]2C1,2.0,exploration,60.0,-10.998506546020508,11.206197738647461,40.61829032325447,3.0,2.382398526844805,2.117687579417604,35.735977902672076,4.0,normal,0.0,"{""adjusted_pi_clash"":2.382398526844805,""cryptic_bonus"":4.0,""fragment_pi_complement"":3.0,""lock_proxy_method"":""intracellular_bottom_z_proxy_v1:z_min=117.4241:z_max=135.0246:cutoff=120.9442:lock_atoms=15:total_atoms=135"",""oracle_mode"":""validated_o3a_zmatrix_corpus_lookup"",""pi_clash_lock"":35.735977902672076,""pi_clash_pocket"":2.117687579417604,""rust_reward_authority"":true,""selected_dihedral_deg"":0.0,""survival_tier"":""normal""}",true,true,PROJECTED,policy_generated_not_validated
291,exploration-000745,ANCHOR_064758,Cc1cc(C)c([C@@H](C)N[C@@H]2CCN(C)C2)c(C)c1,2.0,exploration,60.0,-11.442935943603516,11.206197738647461,40.581359950739284,5.0,3.420186353501771,3.2003172307766574,30.78167718151594,8.0,cryptic_rescue,60.0,"{""adjusted_pi_clash"":3.420186353501771,""cryptic_bonus"":8.0,""fragment_pi_complement"":5.0,""lock_proxy_method"":""intracellular_bottom_z_proxy_v1:z_min=117.4241:z_max=132.4266:cutoff=120.4246:lock_atoms=9:total_atoms=140"",""oracle_mode"":""validated_o3a_zmatrix_corpus_lookup"",""pi_clash_lock"":30.78167718151594,""pi_clash_pocket"":3.2003172307766574,""rust_reward_authority"":true,""selected_dihedral_deg"":60.0,""survival_tier"":""cryptic_rescue""}",true,true,PROJECTED,policy_generated_not_validated
292,near_random-001708,ANCHOR_033656,CN1CCN[C@@H](c2ccc3c(c2)CCN3)C1,5.0,near_random,180.0,-11.838212966918945,11.239540100097656,40.56968986968677,4.0,2.36128036146938,2.126954829415167,30.69664469910194,8.0,normal,180.0,"{""adjusted_pi_clash"":2.36128036146938,""cryptic_bonus"":8.0,""fragment_pi_complement"":4.0,""lock_proxy_method"":""intracellular_bottom_z_proxy_v1:z_min=117.4241:z_max=133.6548:cutoff=120.6702:lock_atoms=13:total_atoms=131"",""oracle_mode"":""validated_o3a_zmatrix_corpus_lookup"",""pi_clash_lock"":30.69664469910194,""pi_clash_pocket"":2.126954829415167,""rust_reward_authority"":true,""selected_dihedral_deg"":180.0,""survival_tier"":""normal""}",true,true,PROJECTED,policy_generated_not_validated
293,balanced-001870,ANCHOR_085828,Fc1ccc(C2CNC2)cc1,1.0,balanced,0.0,-11.633296012878418,11.055851936340332,40.493089285218346,3.0,3.3181129943865764,3.006153653033992,36.49924293825234,4.0,cryptic_rescue,0.0,"{""adjusted_pi_clash"":3.3181129943865764,""cryptic_bonus"":4.0,""fragment_pi_complement"":3.0,""lock_proxy_method"":""intracellular_bottom_z_proxy_v1:z_min=117.4241:z_max=133.2354:cutoff=120.5864:lock_atoms=11:total_atoms=117"",""oracle_mode"":""validated_o3a_zmatrix_corpus_lookup"",""pi_clash_lock"":36.49924293825234,""pi_clash_pocket"":3.006153653033992,""rust_reward_authority"":true,""selected_dihedral_deg"":0.0,""survival_tier"":""cryptic_rescue""}",true,true,PROJECTED,policy_generated_not_validated
294,near_random-000329,ANCHOR_043875,COc1ccc(C(=O)N[C@@H]2C[C@@H]3CC[C@H]2C3)cc1,5.0,near_random,300.0,-11.197423934936523,11.239540100097656,40.44807639027405,5.0,2.920651871667747,2.6790941980711667,32.12717058834522,6.0,cryptic_rescue,300.0,"{""adjusted_pi_clash"":2.920651871667747,""cryptic_bonus"":6.0,""fragment_pi_complement"":5.0,""lock_proxy_method"":""intracellular_bottom_z_proxy_v1:z_min=117.4241:z_max=133.2600:cutoff=120.5913:lock_atoms=11:total_atoms=133"",""oracle_mode"":""validated_o3a_zmatrix_corpus_lookup"",""pi_clash_lock"":32.12717058834522,""pi_clash_pocket"":2.6790941980711667,""rust_reward_authority"":true,""selected_dihedral_deg"":300.0,""survival_tier"":""cryptic_rescue""}",true,true,PROJECTED,policy_generated_not_validated
295,exploration-000454,ANCHOR_098390,Nc1cc(C2CC(F)C2)[nH]n1,2.0,exploration,300.0,-11.29738998413086,11.206197738647461,40.4338162095357,4.0,2.472154069391321,2.176340761942787,34.61015697147849,4.0,normal,300.0,"{""adjusted_pi_clash"":2.472154069391321,""cryptic_bonus"":4.0,""fragment_pi_complement"":4.0,""lock_proxy_method"":""intracellular_bottom_z_proxy_v1:z_min=117.4241:z_max=134.2278:cutoff=120.7848:lock_atoms=14:total_atoms=117"",""oracle_mode"":""validated_o3a_zmatrix_corpus_lookup"",""pi_clash_lock"":34.61015697147849,""pi_clash_pocket"":2.176340761942787,""rust_reward_authority"":true,""selected_dihedral_deg"":300.0,""survival_tier"":""normal""}",true,true,PROJECTED,policy_generated_not_validated
296,near_random-001716,ANCHOR_068380,Cc1cc2n(c1[C@@H]1CCNC1)CCC2,5.0,near_random,120.0,-11.846633911132812,11.239540100097656,40.418015814541114,2.0,2.8440968523313512,2.5552432657664483,36.973259080307564,4.0,cryptic_rescue,120.0,"{""adjusted_pi_clash"":2.8440968523313512,""cryptic_bonus"":4.0,""fragment_pi_complement"":2.0,""lock_proxy_method"":""intracellular_bottom_z_proxy_v1:z_min=117.4241:z_max=133.3636:cutoff=120.6120:lock_atoms=13:total_atoms=128"",""oracle_mode"":""validated_o3a_zmatrix_corpus_lookup"",""pi_clash_lock"":36.973259080307564,""pi_clash_pocket"":2.5552432657664483,""rust_reward_authority"":true,""selected_dihedral_deg"":120.0,""survival_tier"":""cryptic_rescue""}",true,true,PROJECTED,policy_generated_not_validated
297,balanced-000140,ANCHOR_093131,NC[C@@H]1CCN(C2CCCCCC2)C1,1.0,balanced,60.0,-10.161587715148926,11.055851936340332,40.405082071859105,2.0,2.8440968523313512,2.568177008448459,36.973259080307564,4.0,cryptic_rescue,60.0,"{""adjusted_pi_clash"":2.8440968523313512,""cryptic_bonus"":4.0,""fragment_pi_complement"":2.0,""lock_proxy_method"":""intracellular_bottom_z_proxy_v1:z_min=117.4241:z_max=133.4513:cutoff=120.6295:lock_atoms=13:total_atoms=134"",""oracle_mode"":""validated_o3a_zmatrix_corpus_lookup"",""pi_clash_lock"":36.973259080307564,""pi_clash_pocket"":2.568177008448459,""rust_reward_authority"":true,""selected_dihedral_deg"":60.0,""survival_tier"":""cryptic_rescue""}",true,true,PROJECTED,policy_generated_not_validated
298,balanced-000460,ANCHOR_014121,CC(C)c1ccc2c(c1)N(C)C(=O)[C@H](CN)O2,1.0,balanced,300.0,-11.610431671142578,11.055851936340332,40.402202573625175,4.0,2.4721540693913204,2.207954397853317,34.61015697147849,4.0,normal,300.0,"{""adjusted_pi_clash"":2.4721540693913204,""cryptic_bonus"":4.0,""fragment_pi_complement"":4.0,""lock_proxy_method"":""intracellular_bottom_z_proxy_v1:z_min=117.4241:z_max=133.7196:cutoff=120.6832:lock_atoms=14:total_atoms=131"",""oracle_mode"":""validated_o3a_zmatrix_corpus_lookup"",""pi_clash_lock"":34.61015697147849,""pi_clash_pocket"":2.207954397853317,""rust_reward_authority"":true,""selected_dihedral_deg"":300.0,""survival_tier"":""normal""}",true,true,PROJECTED,policy_generated_not_validated
299,exploitation-000417,ANCHOR_054683,C[C@@](N)(c1ccccc1)[C@@H](O)c1ccccc1,0.1,exploitation,300.0,-9.574930191040039,1.7875181355903873e-25,40.40077524071994,3.0,2.395599050054925,2.1376114600490097,33.538386700768946,6.0,normal,300.0,"{""adjusted_pi_clash"":2.395599050054925,""cryptic_bonus"":6.0,""fragment_pi_complement"":3.0,""lock_proxy_method"":""intracellular_bottom_z_proxy_v1:z_min=117.4241:z_max=134.3282:cutoff=120.8049:lock_atoms=14:total_atoms=130"",""oracle_mode"":""validated_o3a_zmatrix_corpus_lookup"",""pi_clash_lock"":33.538386700768946,""pi_clash_pocket"":2.1376114600490097,""rust_reward_authority"":true,""selected_dihedral_deg"":300.0,""survival_tier"":""normal""}",true,true,PROJECTED,policy_generated_not_validated
300,focused-001994,ANCHOR_070004,Cc1ccc(C)c([C@](C)(O)CN2CCNCC2)c1,0.5,focused,300.0,-10.073690414428711,10.308391571044922,40.38581943840075,3.0,2.395599050054925,2.1525672623681933,33.538386700768946,6.0,normal,300.0,"{""adjusted_pi_clash"":2.395599050054925,""cryptic_bonus"":6.0,""fragment_pi_complement"":3.0,""lock_proxy_method"":""intracellular_bottom_z_proxy_v1:z_min=117.4241:z_max=133.8833:cutoff=120.7159:lock_atoms=14:total_atoms=138"",""oracle_mode"":""validated_o3a_zmatrix_corpus_lookup"",""pi_clash_lock"":33.538386700768946,""pi_clash_pocket"":2.1525672623681933,""rust_reward_authority"":true,""selected_dihedral_deg"":300.0,""survival_tier"":""normal""}",true,true,PROJECTED,policy_generated_not_validated
301,balanced-000864,ANCHOR_074897,Cc1cccc(C(=O)N2CCCOCC2)c1O,1.0,balanced,0.0,-11.017851829528809,11.055851936340332,40.33988764717974,3.0,2.920651871667747,2.6285866845009727,37.96847433168071,2.0,cryptic_rescue,300.0,"{""adjusted_pi_clash"":2.920651871667747,""cryptic_bonus"":2.0,""fragment_pi_complement"":3.0,""lock_proxy_method"":""intracellular_bottom_z_proxy_v1:z_min=117.4241:z_max=133.6596:cutoff=120.6712:lock_atoms=13:total_atoms=130"",""oracle_mode"":""validated_o3a_zmatrix_corpus_lookup"",""pi_clash_lock"":37.96847433168071,""pi_clash_pocket"":2.6285866845009727,""rust_reward_authority"":true,""selected_dihedral_deg"":300.0,""survival_tier"":""cryptic_rescue""}",true,true,PROJECTED,policy_generated_not_validated
302,exploration-000835,ANCHOR_026852,CC[C@H]1[C@@H]2C[C@H](C)CC[C@@H]2NCCN1C,2.0,exploration,300.0,-11.687856674194336,11.206197738647461,40.32994147295281,5.0,2.3911988756515514,2.146842786168911,33.47678425912172,4.0,normal,300.0,"{""adjusted_pi_clash"":2.3911988756515514,""cryptic_bonus"":4.0,""fragment_pi_complement"":5.0,""lock_proxy_method"":""intracellular_bottom_z_proxy_v1:z_min=117.4241:z_max=134.2688:cutoff=120.7930:lock_atoms=14:total_atoms=137"",""oracle_mode"":""validated_o3a_zmatrix_corpus_lookup"",""pi_clash_lock"":33.47678425912172,""pi_clash_pocket"":2.146842786168911,""rust_reward_authority"":true,""selected_dihedral_deg"":300.0,""survival_tier"":""normal""}",true,true,PROJECTED,policy_generated_not_validated
303,balanced-000748,ANCHOR_088267,N#Cc1ccc(CN2[C@@H]3CC[C@H]2CC(N)C3)cc1,1.0,balanced,240.0,-10.775810241699219,11.055851936340332,40.288840197157214,3.0,1.9427010733751247,1.6797791235950326,34.968619320752246,4.0,normal,300.0,"{""adjusted_pi_clash"":1.9427010733751247,""cryptic_bonus"":4.0,""fragment_pi_complement"":3.0,""lock_proxy_method"":""intracellular_bottom_z_proxy_v1:z_min=117.4241:z_max=138.2025:cutoff=121.5798:lock_atoms=18:total_atoms=133"",""oracle_mode"":""validated_o3a_zmatrix_corpus_lookup"",""pi_clash_lock"":34.968619320752246,""pi_clash_pocket"":1.6797791235950326,""rust_reward_authority"":true,""selected_dihedral_deg"":300.0,""survival_tier"":""normal""}",true,true,PROJECTED,policy_generated_not_validated
304,focused-000237,ANCHOR_081314,Cc1nc2ccc(C[C@@H]3CCCN3)cn2c1C,0.5,focused,60.0,-11.328554153442383,10.308391571044922,40.281528433025365,3.0,2.386798701248178,2.1336533844491288,33.41518181747449,6.0,normal,120.0,"{""adjusted_pi_clash"":2.386798701248178,""cryptic_bonus"":6.0,""fragment_pi_complement"":3.0,""lock_proxy_method"":""intracellular_bottom_z_proxy_v1:z_min=117.4241:z_max=134.1976:cutoff=120.7788:lock_atoms=14:total_atoms=132"",""oracle_mode"":""validated_o3a_zmatrix_corpus_lookup"",""pi_clash_lock"":33.41518181747449,""pi_clash_pocket"":2.1336533844491288,""rust_reward_authority"":true,""selected_dihedral_deg"":120.0,""survival_tier"":""normal""}",true,true,PROJECTED,policy_generated_not_validated
305,exploration-001470,ANCHOR_057950,C[C@H](Sc1cc(F)ccc1F)C(N)=O,2.0,exploration,120.0,-11.537145614624023,11.206197738647461,40.25608310209176,2.0,2.3955990500549245,2.0735016987870356,38.32958480087879,2.0,normal,60.0,"{""adjusted_pi_clash"":2.3955990500549245,""cryptic_bonus"":2.0,""fragment_pi_complement"":2.0,""lock_proxy_method"":""intracellular_bottom_z_proxy_v1:z_min=117.4241:z_max=135.6661:cutoff=121.0725:lock_atoms=16:total_atoms=119"",""oracle_mode"":""validated_o3a_zmatrix_corpus_lookup"",""pi_clash_lock"":38.32958480087879,""pi_clash_pocket"":2.0735016987870356,""rust_reward_authority"":true,""selected_dihedral_deg"":60.0,""survival_tier"":""normal""}",true,true,PROJECTED,policy_generated_not_validated
306,near_random-001083,ANCHOR_060187,C[C@H]1COc2cccc3c(CCN)cn1c23,5.0,near_random,0.0,-11.70615005493164,11.239540100097656,40.255987893620606,3.0,2.748073886625847,2.4689726325154098,35.724960526136016,4.0,cryptic_rescue,0.0,"{""adjusted_pi_clash"":2.748073886625847,""cryptic_bonus"":4.0,""fragment_pi_complement"":3.0,""lock_proxy_method"":""intracellular_bottom_z_proxy_v1:z_min=117.4241:z_max=133.6822:cutoff=120.6757:lock_atoms=13:total_atoms=128"",""oracle_mode"":""validated_o3a_zmatrix_corpus_lookup"",""pi_clash_lock"":35.724960526136016,""pi_clash_pocket"":2.4689726325154098,""rust_reward_authority"":true,""selected_dihedral_deg"":0.0,""survival_tier"":""cryptic_rescue""}",true,true,PROJECTED,policy_generated_not_validated
307,focused-000601,ANCHOR_108613,O=C1NCCN[C@H]1c1c[nH]c2ncccc12,0.5,focused,300.0,-11.57660961151123,10.308391571044922,40.188520561281045,2.0,2.4211173898337233,2.128240286224805,36.31676084750585,4.0,normal,300.0,"{""adjusted_pi_clash"":2.4211173898337233,""cryptic_bonus"":4.0,""fragment_pi_complement"":2.0,""lock_proxy_method"":""intracellular_bottom_z_proxy_v1:z_min=117.4241:z_max=134.5461:cutoff=120.8485:lock_atoms=15:total_atoms=124"",""oracle_mode"":""validated_o3a_zmatrix_corpus_lookup"",""pi_clash_lock"":36.31676084750585,""pi_clash_pocket"":2.128240286224805,""rust_reward_authority"":true,""selected_dihedral_deg"":300.0,""survival_tier"":""normal""}",true,true,PROJECTED,policy_generated_not_validated
308,balanced-000072,ANCHOR_045292,COc1ccc([C@H]2CC[C@@H](N)C2)c(OC)c1C,1.0,balanced,300.0,-11.780033111572266,11.055851936340332,40.18342765454548,4.0,1.864056912985733,1.6414829532262425,29.824910607771727,8.0,normal,300.0,"{""adjusted_pi_clash"":1.864056912985733,""cryptic_bonus"":8.0,""fragment_pi_complement"":4.0,""lock_proxy_method"":""intracellular_bottom_z_proxy_v1:z_min=117.4241:z_max=135.6919:cutoff=121.0777:lock_atoms=16:total_atoms=134"",""oracle_mode"":""validated_o3a_zmatrix_corpus_lookup"",""pi_clash_lock"":29.824910607771727,""pi_clash_pocket"":1.6414829532262425,""rust_reward_authority"":true,""selected_dihedral_deg"":300.0,""survival_tier"":""normal""}",true,true,PROJECTED,policy_generated_not_validated
309,near_random-000657,ANCHOR_027937,CCc1ccc(S(=O)(=O)N2CCCC2)cc1,5.0,near_random,60.0,-10.236573219299316,11.239540100097656,40.10123374312484,4.0,2.2740577445706225,2.0096324254345035,34.11086616855934,4.0,normal,60.0,"{""adjusted_pi_clash"":2.2740577445706225,""cryptic_bonus"":4.0,""fragment_pi_complement"":4.0,""lock_proxy_method"":""intracellular_bottom_z_proxy_v1:z_min=117.4241:z_max=134.4335:cutoff=120.8260:lock_atoms=15:total_atoms=129"",""oracle_mode"":""validated_o3a_zmatrix_corpus_lookup"",""pi_clash_lock"":34.11086616855934,""pi_clash_pocket"":2.0096324254345035,""rust_reward_authority"":true,""selected_dihedral_deg"":60.0,""survival_tier"":""normal""}",true,true,PROJECTED,policy_generated_not_validated
310,balanced-000031,ANCHOR_073285,Cc1ccc2[nH]c(C(C)(C)N)c(C)c2c1,1.0,balanced,60.0,-10.477511405944824,11.055851936340332,40.10123374312483,4.0,2.274057744570622,2.009632425434503,34.11086616855933,4.0,normal,60.0,"{""adjusted_pi_clash"":2.274057744570622,""cryptic_bonus"":4.0,""fragment_pi_complement"":4.0,""lock_proxy_method"":""intracellular_bottom_z_proxy_v1:z_min=117.4241:z_max=135.3053:cutoff=121.0003:lock_atoms=15:total_atoms=129"",""oracle_mode"":""validated_o3a_zmatrix_corpus_lookup"",""pi_clash_lock"":34.11086616855933,""pi_clash_pocket"":2.009632425434503,""rust_reward_authority"":true,""selected_dihedral_deg"":60.0,""survival_tier"":""normal""}",true,true,PROJECTED,policy_generated_not_validated
311,balanced-001315,ANCHOR_046678,COc1cccc2[nH]c(C)c(CC(C)(C)N)c12,1.0,balanced,0.0,-10.876007080078125,11.055851936340332,40.0932811019478,4.0,2.274057744570622,2.0175850666115296,34.11086616855933,4.0,normal,0.0,"{""adjusted_pi_clash"":2.274057744570622,""cryptic_bonus"":4.0,""fragment_pi_complement"":4.0,""lock_proxy_method"":""intracellular_bottom_z_proxy_v1:z_min=117.4241:z_max=134.4931:cutoff=120.8379:lock_atoms=15:total_atoms=133"",""oracle_mode"":""validated_o3a_zmatrix_corpus_lookup"",""pi_clash_lock"":34.11086616855933,""pi_clash_pocket"":2.0175850666115296,""rust_reward_authority"":true,""selected_dihedral_deg"":0.0,""survival_tier"":""normal""}",true,true,PROJECTED,policy_generated_not_validated
312,exploration-000738,ANCHOR_001530,C/C=C/C1=NCCN1CCO,2.0,exploration,300.0,-11.607768058776855,11.206197738647461,40.08934630491795,4.0,2.446635729612522,2.163553909657354,34.252900214575305,4.0,normal,300.0,"{""adjusted_pi_clash"":2.446635729612522,""cryptic_bonus"":4.0,""fragment_pi_complement"":4.0,""lock_proxy_method"":""intracellular_bottom_z_proxy_v1:z_min=117.4241:z_max=133.7544:cutoff=120.6902:lock_atoms=14:total_atoms=121"",""oracle_mode"":""validated_o3a_zmatrix_corpus_lookup"",""pi_clash_lock"":34.252900214575305,""pi_clash_pocket"":2.163553909657354,""rust_reward_authority"":true,""selected_dihedral_deg"":300.0,""survival_tier"":""normal""}",true,true,PROJECTED,policy_generated_not_validated
313,exploration-001791,ANCHOR_075922,Cc1cccc([C@@H](CN)N2CCCCCC2)c1,2.0,exploration,240.0,-11.21556568145752,11.206197738647461,40.08459018081152,5.0,3.3579989635938263,3.137400491532918,30.221990672344436,8.0,cryptic_rescue,240.0,"{""adjusted_pi_clash"":3.3579989635938263,""cryptic_bonus"":8.0,""fragment_pi_complement"":5.0,""lock_proxy_method"":""intracellular_bottom_z_proxy_v1:z_min=117.4241:z_max=132.4266:cutoff=120.4246:lock_atoms=9:total_atoms=137"",""oracle_mode"":""validated_o3a_zmatrix_corpus_lookup"",""pi_clash_lock"":30.221990672344436,""pi_clash_pocket"":3.137400491532918,""rust_reward_authority"":true,""selected_dihedral_deg"":240.0,""survival_tier"":""cryptic_rescue""}",true,true,PROJECTED,policy_generated_not_validated
314,exploration-001760,ANCHOR_111437,O[C@@H]1CNCC[C@H]1CCc1c[nH]c2ccccc12,2.0,exploration,120.0,-11.518030166625977,11.206197738647461,40.06538244785072,3.0,3.2796160236950387,3.0103938127946996,36.075776260645426,4.0,cryptic_rescue,120.0,"{""adjusted_pi_clash"":3.2796160236950387,""cryptic_bonus"":4.0,""fragment_pi_complement"":3.0,""lock_proxy_method"":""intracellular_bottom_z_proxy_v1:z_min=117.4241:z_max=133.0489:cutoff=120.5491:lock_atoms=11:total_atoms=134"",""oracle_mode"":""validated_o3a_zmatrix_corpus_lookup"",""pi_clash_lock"":36.075776260645426,""pi_clash_pocket"":3.0103938127946996,""rust_reward_authority"":true,""selected_dihedral_deg"":120.0,""survival_tier"":""cryptic_rescue""}",true,true,PROJECTED,policy_generated_not_validated
315,near_random-001525,ANCHOR_059430,C[C@H]1CCc2oc(C(C)(C)C)c(C(=N)N)c2C1,5.0,near_random,240.0,-11.605594635009766,11.239540100097656,40.056835381321974,3.0,2.370080710276126,2.124294562543787,33.18112994386576,6.0,normal,0.0,"{""adjusted_pi_clash"":2.370080710276126,""cryptic_bonus"":6.0,""fragment_pi_complement"":3.0,""lock_proxy_method"":""intracellular_bottom_z_proxy_v1:z_min=117.4241:z_max=133.8913:cutoff=120.7175:lock_atoms=14:total_atoms=135"",""oracle_mode"":""validated_o3a_zmatrix_corpus_lookup"",""pi_clash_lock"":33.18112994386576,""pi_clash_pocket"":2.124294562543787,""rust_reward_authority"":true,""selected_dihedral_deg"":0.0,""survival_tier"":""normal""}",true,true,PROJECTED,policy_generated_not_validated
316,balanced-001197,ANCHOR_077520,Cc1ccccc1[C@H](N)CN1CCCC1(C)C,1.0,balanced,180.0,-11.458616256713867,11.055851936340332,39.98901617076038,3.0,2.338073055040958,2.0820796548539917,35.07109582561437,4.0,normal,180.0,"{""adjusted_pi_clash"":2.338073055040958,""cryptic_bonus"":4.0,""fragment_pi_complement"":3.0,""lock_proxy_method"":""intracellular_bottom_z_proxy_v1:z_min=117.4241:z_max=134.4708:cutoff=120.8334:lock_atoms=15:total_atoms=137"",""oracle_mode"":""validated_o3a_zmatrix_corpus_lookup"",""pi_clash_lock"":35.07109582561437,""pi_clash_pocket"":2.0820796548539917,""rust_reward_authority"":true,""selected_dihedral_deg"":180.0,""survival_tier"":""normal""}",true,true,PROJECTED,policy_generated_not_validated
317,focused-000247,ANCHOR_110221,OCC1=CCC2=NC=CC2=C1,0.5,focused,300.0,-10.343986511230469,10.308391571044922,39.940001460645426,2.0,2.9672883768219713,2.6347474380401987,38.57474889868563,2.0,cryptic_rescue,300.0,"{""adjusted_pi_clash"":2.9672883768219713,""cryptic_bonus"":2.0,""fragment_pi_complement"":2.0,""lock_proxy_method"":""intracellular_bottom_z_proxy_v1:z_min=117.4241:z_max=133.5700:cutoff=120.6533:lock_atoms=13:total_atoms=116"",""oracle_mode"":""validated_o3a_zmatrix_corpus_lookup"",""pi_clash_lock"":38.57474889868563,""pi_clash_pocket"":2.6347474380401987,""rust_reward_authority"":true,""selected_dihedral_deg"":300.0,""survival_tier"":""cryptic_rescue""}",true,true,PROJECTED,policy_generated_not_validated
318,near_random-000458,ANCHOR_107251,O=C1CCC[C@@H](c2ccc3c(c2)NC(=O)CO3)C1,5.0,near_random,300.0,-11.267107963562012,11.239540100097656,39.8976167469891,3.0,2.4721540693913204,2.184694293880702,37.082311040869804,2.0,normal,300.0,"{""adjusted_pi_clash"":2.4721540693913204,""cryptic_bonus"":2.0,""fragment_pi_complement"":3.0,""lock_proxy_method"":""intracellular_bottom_z_proxy_v1:z_min=117.4241:z_max=134.6778:cutoff=120.8748:lock_atoms=15:total_atoms=129"",""oracle_mode"":""validated_o3a_zmatrix_corpus_lookup"",""pi_clash_lock"":37.082311040869804,""pi_clash_pocket"":2.184694293880702,""rust_reward_authority"":true,""selected_dihedral_deg"":300.0,""survival_tier"":""normal""}",true,true,PROJECTED,policy_generated_not_validated
319,balanced-001938,ANCHOR_114302,c1ccc2c(c1)COC1(CCNCC1)CO2,1.0,balanced,60.0,-11.754311561584473,11.055851936340332,39.8952278785164,3.0,2.356880187066006,2.10109474040768,32.99632261892408,6.0,normal,60.0,"{""adjusted_pi_clash"":2.356880187066006,""cryptic_bonus"":6.0,""fragment_pi_complement"":3.0,""lock_proxy_method"":""intracellular_bottom_z_proxy_v1:z_min=117.4241:z_max=134.2226:cutoff=120.7838:lock_atoms=14:total_atoms=129"",""oracle_mode"":""validated_o3a_zmatrix_corpus_lookup"",""pi_clash_lock"":32.99632261892408,""pi_clash_pocket"":2.10109474040768,""rust_reward_authority"":true,""selected_dihedral_deg"":60.0,""survival_tier"":""normal""}",true,true,PROJECTED,policy_generated_not_validated
320,near_random-001175,ANCHOR_089597,NC(=O)N1CCC[C@H](C(=O)Nc2ccccn2)C1,5.0,near_random,300.0,-11.549371719360352,11.239540100097656,39.891932796641264,3.0,1.9150935925433303,1.6646582765953564,32.55659107323662,6.0,normal,300.0,"{""adjusted_pi_clash"":1.9150935925433303,""cryptic_bonus"":6.0,""fragment_pi_complement"":3.0,""lock_proxy_method"":""intracellular_bottom_z_proxy_v1:z_min=117.4241:z_max=137.7428:cutoff=121.4878:lock_atoms=17:total_atoms=130"",""oracle_mode"":""validated_o3a_zmatrix_corpus_lookup"",""pi_clash_lock"":32.55659107323662,""pi_clash_pocket"":1.6646582765953564,""rust_reward_authority"":true,""selected_dihedral_deg"":300.0,""survival_tier"":""normal""}",true,true,PROJECTED,policy_generated_not_validated
321,exploration-000528,ANCHOR_079043,Cc1cnsc1-c1cccc(N)c1,2.0,exploration,300.0,-11.89639663696289,11.206197738647461,39.882633299812035,4.0,2.4677538949879474,2.1981673350312807,32.080800634843314,6.0,normal,300.0,"{""adjusted_pi_clash"":2.4677538949879474,""cryptic_bonus"":6.0,""fragment_pi_complement"":4.0,""lock_proxy_method"":""intracellular_bottom_z_proxy_v1:z_min=117.4241:z_max=133.6706:cutoff=120.6734:lock_atoms=13:total_atoms=119"",""oracle_mode"":""validated_o3a_zmatrix_corpus_lookup"",""pi_clash_lock"":32.080800634843314,""pi_clash_pocket"":2.1981673350312807,""rust_reward_authority"":true,""selected_dihedral_deg"":300.0,""survival_tier"":""normal""}",true,true,PROJECTED,policy_generated_not_validated
322,exploration-001766,ANCHOR_094193,NCc1c[nH]c2ccc(F)cc2c1=O,2.0,exploration,60.0,-11.554479598999023,11.206197738647461,39.873773970060135,3.0,2.1855913756318595,1.9100966644177595,32.78387063447789,6.0,normal,60.0,"{""adjusted_pi_clash"":2.1855913756318595,""cryptic_bonus"":6.0,""fragment_pi_complement"":3.0,""lock_proxy_method"":""intracellular_bottom_z_proxy_v1:z_min=117.4241:z_max=134.4457:cutoff=120.8284:lock_atoms=15:total_atoms=119"",""oracle_mode"":""validated_o3a_zmatrix_corpus_lookup"",""pi_clash_lock"":32.78387063447789,""pi_clash_pocket"":1.9100966644177595,""rust_reward_authority"":true,""selected_dihedral_deg"":60.0,""survival_tier"":""normal""}",true,true,PROJECTED,policy_generated_not_validated
323,exploitation-001664,ANCHOR_073160,Cc1ccc([C@H]2NC(=O)c3ccccc3N2C)o1,0.1,exploitation,120.0,-9.555301666259766,1.7875181355903873e-25,39.87372730690079,3.0,1.9215829079996993,1.636347945093494,36.51007525199429,2.0,normal,60.0,"{""adjusted_pi_clash"":1.9215829079996993,""cryptic_bonus"":2.0,""fragment_pi_complement"":3.0,""lock_proxy_method"":""intracellular_bottom_z_proxy_v1:z_min=117.4241:z_max=138.7035:cutoff=121.6800:lock_atoms=19:total_atoms=128"",""oracle_mode"":""validated_o3a_zmatrix_corpus_lookup"",""pi_clash_lock"":36.51007525199429,""pi_clash_pocket"":1.636347945093494,""rust_reward_authority"":true,""selected_dihedral_deg"":60.0,""survival_tier"":""normal""}",true,true,PROJECTED,policy_generated_not_validated
324,exploration-001139,ANCHOR_092617,NCCn1cc2cc(F)ccc2n1,2.0,exploration,0.0,-11.484548568725586,11.206197738647461,39.830286884661696,4.0,2.2740577445706225,2.0065215393270197,31.836808423988714,6.0,normal,0.0,"{""adjusted_pi_clash"":2.2740577445706225,""cryptic_bonus"":6.0,""fragment_pi_complement"":4.0,""lock_proxy_method"":""intracellular_bottom_z_proxy_v1:z_min=117.4241:z_max=134.2033:cutoff=120.7799:lock_atoms=14:total_atoms=119"",""oracle_mode"":""validated_o3a_zmatrix_corpus_lookup"",""pi_clash_lock"":31.836808423988714,""pi_clash_pocket"":2.0065215393270197,""rust_reward_authority"":true,""selected_dihedral_deg"":0.0,""survival_tier"":""normal""}",true,true,PROJECTED,policy_generated_not_validated
325,focused-001324,ANCHOR_075304,Cc1cccc(CNC(=O)NC(C)C)c1,0.5,focused,120.0,-10.288631439208984,10.308391571044922,39.816944729845105,2.0,2.395599050054925,2.1170410209787707,35.93398575082387,4.0,normal,240.0,"{""adjusted_pi_clash"":2.395599050054925,""cryptic_bonus"":4.0,""fragment_pi_complement"":2.0,""lock_proxy_method"":""intracellular_bottom_z_proxy_v1:z_min=117.4241:z_max=134.9595:cutoff=120.9312:lock_atoms=15:total_atoms=129"",""oracle_mode"":""validated_o3a_zmatrix_corpus_lookup"",""pi_clash_lock"":35.93398575082387,""pi_clash_pocket"":2.1170410209787707,""rust_reward_authority"":true,""selected_dihedral_deg"":240.0,""survival_tier"":""normal""}",true,true,PROJECTED,policy_generated_not_validated
326,focused-001867,ANCHOR_069972,Cc1ccc(C)c([C@H]2CCC(=O)NC2)c1,0.5,focused,300.0,-11.827593803405762,10.308391571044922,39.80791365749085,6.0,3.44570469328057,3.20342858203428,31.011342239525128,6.0,cryptic_rescue,300.0,"{""adjusted_pi_clash"":3.44570469328057,""cryptic_bonus"":6.0,""fragment_pi_complement"":6.0,""lock_proxy_method"":""intracellular_bottom_z_proxy_v1:z_min=117.4241:z_max=132.4266:cutoff=120.4246:lock_atoms=9:total_atoms=128"",""oracle_mode"":""validated_o3a_zmatrix_corpus_lookup"",""pi_clash_lock"":31.011342239525128,""pi_clash_pocket"":3.20342858203428,""rust_reward_authority"":true,""selected_dihedral_deg"":300.0,""survival_tier"":""cryptic_rescue""}",true,true,PROJECTED,policy_generated_not_validated
327,balanced-001415,ANCHOR_064341,Cc1cc(C(F)(F)F)nn1C[C@H](C)CN,1.0,balanced,300.0,-10.822964668273926,11.055851936340332,39.783808090688446,5.0,3.3181129943865764,3.079208858790743,29.86301694947919,8.0,cryptic_rescue,300.0,"{""adjusted_pi_clash"":3.3181129943865764,""cryptic_bonus"":8.0,""fragment_pi_complement"":5.0,""lock_proxy_method"":""intracellular_bottom_z_proxy_v1:z_min=117.4241:z_max=132.4266:cutoff=120.4246:lock_atoms=9:total_atoms=125"",""oracle_mode"":""validated_o3a_zmatrix_corpus_lookup"",""pi_clash_lock"":29.86301694947919,""pi_clash_pocket"":3.079208858790743,""rust_reward_authority"":true,""selected_dihedral_deg"":300.0,""survival_tier"":""cryptic_rescue""}",true,true,PROJECTED,policy_generated_not_validated
328,focused-001125,ANCHOR_112578,Oc1cccc([C@H]2CNCC[C@H]3CCCN32)c1,0.5,focused,0.0,-9.609419822692871,10.308391571044922,39.746468342841816,4.0,2.3911988756515514,2.121514791931452,35.86798313477327,2.0,normal,300.0,"{""adjusted_pi_clash"":2.3911988756515514,""cryptic_bonus"":2.0,""fragment_pi_complement"":4.0,""lock_proxy_method"":""intracellular_bottom_z_proxy_v1:z_min=117.4241:z_max=135.4021:cutoff=121.0197:lock_atoms=15:total_atoms=133"",""oracle_mode"":""validated_o3a_zmatrix_corpus_lookup"",""pi_clash_lock"":35.86798313477327,""pi_clash_pocket"":2.121514791931452,""rust_reward_authority"":true,""selected_dihedral_deg"":300.0,""survival_tier"":""normal""}",true,true,PROJECTED,policy_generated_not_validated
329,focused-001299,ANCHOR_066724,Cc1cc(N)nn1Cc1cccc(Cl)c1F,0.5,focused,180.0,-11.310242652893066,10.308391571044922,39.73358493752095,3.0,2.176298760688012,1.9108964727992301,32.64448141032018,6.0,normal,180.0,"{""adjusted_pi_clash"":2.176298760688012,""cryptic_bonus"":6.0,""fragment_pi_complement"":3.0,""lock_proxy_method"":""intracellular_bottom_z_proxy_v1:z_min=117.4241:z_max=132.4266:cutoff=120.4246:lock_atoms=15:total_atoms=123"",""oracle_mode"":""validated_o3a_zmatrix_corpus_lookup"",""pi_clash_lock"":32.64448141032018,""pi_clash_pocket"":1.9108964727992301,""rust_reward_authority"":true,""selected_dihedral_deg"":180.0,""survival_tier"":""normal""}",true,true,PROJECTED,policy_generated_not_validated
330,balanced-001161,ANCHOR_027993,CCc1ccc([C@@H]2CO[C@](C)(CN)O2)cc1,1.0,balanced,240.0,-11.665782928466797,11.055851936340332,39.73327143774429,4.0,2.4211173898337233,2.162372019927829,33.89564345767212,4.0,normal,0.0,"{""adjusted_pi_clash"":2.4211173898337233,""cryptic_bonus"":4.0,""fragment_pi_complement"":4.0,""lock_proxy_method"":""intracellular_bottom_z_proxy_v1:z_min=117.4241:z_max=133.8225:cutoff=120.7038:lock_atoms=14:total_atoms=131"",""oracle_mode"":""validated_o3a_zmatrix_corpus_lookup"",""pi_clash_lock"":33.89564345767212,""pi_clash_pocket"":2.162372019927829,""rust_reward_authority"":true,""selected_dihedral_deg"":0.0,""survival_tier"":""normal""}",true,true,PROJECTED,policy_generated_not_validated
331,near_random-001901,ANCHOR_094351,NCc1cc2ccc(F)cc2[nH]c1=O,5.0,near_random,180.0,-11.31196403503418,11.239540100097656,39.722102633175645,4.0,2.1040631846210007,1.838845136139362,31.56094776931501,6.0,normal,180.0,"{""adjusted_pi_clash"":2.1040631846210007,""cryptic_bonus"":6.0,""fragment_pi_complement"":4.0,""lock_proxy_method"":""intracellular_bottom_z_proxy_v1:z_min=117.4241:z_max=132.4266:cutoff=120.4246:lock_atoms=15:total_atoms=119"",""oracle_mode"":""validated_o3a_zmatrix_corpus_lookup"",""pi_clash_lock"":31.56094776931501,""pi_clash_pocket"":1.838845136139362,""rust_reward_authority"":true,""selected_dihedral_deg"":180.0,""survival_tier"":""normal""}",true,true,PROJECTED,policy_generated_not_validated
332,exploration-001640,ANCHOR_028102,CCc1ccc2c(CC(=O)NC)coc2c1,2.0,exploration,300.0,-11.635746002197266,11.206197738647461,39.697087175889635,2.0,2.3867987012481784,2.104893342833039,35.80198051872267,4.0,normal,300.0,"{""adjusted_pi_clash"":2.3867987012481784,""cryptic_bonus"":4.0,""fragment_pi_complement"":2.0,""lock_proxy_method"":""intracellular_bottom_z_proxy_v1:z_min=117.4241:z_max=134.6507:cutoff=120.8694:lock_atoms=15:total_atoms=127"",""oracle_mode"":""validated_o3a_zmatrix_corpus_lookup"",""pi_clash_lock"":35.80198051872267,""pi_clash_pocket"":2.104893342833039,""rust_reward_authority"":true,""selected_dihedral_deg"":300.0,""survival_tier"":""normal""}",true,true,PROJECTED,policy_generated_not_validated
333,balanced-000313,ANCHOR_030102,CN(C)C(=O)CNc1cccc(F)c1C#N,1.0,balanced,120.0,-11.016969680786133,11.055851936340332,39.60973016012316,4.0,3.4201863535017707,3.171947021392771,30.781677181515935,8.0,cryptic_rescue,180.0,"{""adjusted_pi_clash"":3.4201863535017707,""cryptic_bonus"":8.0,""fragment_pi_complement"":4.0,""lock_proxy_method"":""intracellular_bottom_z_proxy_v1:z_min=117.4241:z_max=132.5730:cutoff=120.4539:lock_atoms=9:total_atoms=124"",""oracle_mode"":""validated_o3a_zmatrix_corpus_lookup"",""pi_clash_lock"":30.781677181515935,""pi_clash_pocket"":3.171947021392771,""rust_reward_authority"":true,""selected_dihedral_deg"":180.0,""survival_tier"":""cryptic_rescue""}",true,true,PROJECTED,policy_generated_not_validated
334,balanced-000018,ANCHOR_069689,Cc1ccc(C)c(CC(=O)N(C)[C@@H](C)C#N)c1,1.0,balanced,60.0,-11.220722198486328,11.055851936340332,39.58308727214323,3.0,1.896064568220901,1.6500103876120817,32.233097659755316,6.0,normal,0.0,"{""adjusted_pi_clash"":1.896064568220901,""cryptic_bonus"":6.0,""fragment_pi_complement"":3.0,""lock_proxy_method"":""intracellular_bottom_z_proxy_v1:z_min=117.4241:z_max=137.7037:cutoff=121.4800:lock_atoms=17:total_atoms=131"",""oracle_mode"":""validated_o3a_zmatrix_corpus_lookup"",""pi_clash_lock"":32.233097659755316,""pi_clash_pocket"":1.6500103876120817,""rust_reward_authority"":true,""selected_dihedral_deg"":0.0,""survival_tier"":""normal""}",true,true,PROJECTED,policy_generated_not_validated
335,exploration-001436,ANCHOR_080690,Cc1nc([C@@H](CN)C2CCCCC2)[nH]c1C,2.0,exploration,180.0,-11.483696937561035,11.206197738647461,39.552382483889915,3.0,2.331583739584589,2.089789870294335,32.64217235418425,6.0,normal,180.0,"{""adjusted_pi_clash"":2.331583739584589,""cryptic_bonus"":6.0,""fragment_pi_complement"":3.0,""lock_proxy_method"":""intracellular_bottom_z_proxy_v1:z_min=117.4241:z_max=133.7604:cutoff=120.6914:lock_atoms=14:total_atoms=135"",""oracle_mode"":""validated_o3a_zmatrix_corpus_lookup"",""pi_clash_lock"":32.64217235418425,""pi_clash_pocket"":2.089789870294335,""rust_reward_authority"":true,""selected_dihedral_deg"":180.0,""survival_tier"":""normal""}",true,true,PROJECTED,policy_generated_not_validated
336,exploitation-000064,ANCHOR_078862,Cc1cncc(C[C@H]2[C@H](CN)CCN2C)c1,0.1,exploitation,240.0,-9.38755989074707,1.7875181355903873e-25,39.51121074368015,5.0,3.2861053391514083,3.0637373086825157,29.574948052362675,8.0,cryptic_rescue,240.0,"{""adjusted_pi_clash"":3.2861053391514083,""cryptic_bonus"":8.0,""fragment_pi_complement"":5.0,""lock_proxy_method"":""intracellular_bottom_z_proxy_v1:z_min=117.4241:z_max=132.6232:cutoff=120.4639:lock_atoms=9:total_atoms=133"",""oracle_mode"":""validated_o3a_zmatrix_corpus_lookup"",""pi_clash_lock"":29.574948052362675,""pi_clash_pocket"":3.0637373086825157,""rust_reward_authority"":true,""selected_dihedral_deg"":240.0,""survival_tier"":""cryptic_rescue""}",true,true,PROJECTED,policy_generated_not_validated
337,focused-000111,ANCHOR_027081,CCc1[nH]c(=O)ncc1C1(N)CCCC1,0.5,focused,0.0,-11.841407775878906,10.308391571044922,39.449906372649785,4.0,1.9471012477784981,1.7037135918061859,31.15361996445597,6.0,normal,0.0,"{""adjusted_pi_clash"":1.9471012477784981,""cryptic_bonus"":6.0,""fragment_pi_complement"":4.0,""lock_proxy_method"":""intracellular_bottom_z_proxy_v1:z_min=117.4241:z_max=135.8140:cutoff=121.1021:lock_atoms=16:total_atoms=128"",""oracle_mode"":""validated_o3a_zmatrix_corpus_lookup"",""pi_clash_lock"":31.15361996445597,""pi_clash_pocket"":1.7037135918061859,""rust_reward_authority"":true,""selected_dihedral_deg"":0.0,""survival_tier"":""normal""}",true,true,PROJECTED,policy_generated_not_validated
338,exploration-000547,ANCHOR_041717,CO[C@@H]1CCCN(C(=O)Nc2cccc(C)c2)C1,2.0,exploration,300.0,-11.13894271850586,11.206197738647461,39.44643748606085,2.0,2.370080710276126,2.1047731680810373,35.55121065414189,4.0,normal,180.0,"{""adjusted_pi_clash"":2.370080710276126,""cryptic_bonus"":4.0,""fragment_pi_complement"":2.0,""lock_proxy_method"":""intracellular_bottom_z_proxy_v1:z_min=117.4241:z_max=134.6920:cutoff=120.8777:lock_atoms=15:total_atoms=134"",""oracle_mode"":""validated_o3a_zmatrix_corpus_lookup"",""pi_clash_lock"":35.55121065414189,""pi_clash_pocket"":2.1047731680810373,""rust_reward_authority"":true,""selected_dihedral_deg"":180.0,""survival_tier"":""normal""}",true,true,PROJECTED,policy_generated_not_validated
339,near_random-000097,ANCHOR_056911,C[C@H](N)c1cc(N)cs1,5.0,near_random,0.0,-11.425363540649414,11.239540100097656,39.438960788795676,3.0,2.472154069391321,2.171196182682812,34.61015697147849,4.0,normal,0.0,"{""adjusted_pi_clash"":2.472154069391321,""cryptic_bonus"":4.0,""fragment_pi_complement"":3.0,""lock_proxy_method"":""intracellular_bottom_z_proxy_v1:z_min=117.4241:z_max=134.1332:cutoff=120.7659:lock_atoms=14:total_atoms=115"",""oracle_mode"":""validated_o3a_zmatrix_corpus_lookup"",""pi_clash_lock"":34.61015697147849,""pi_clash_pocket"":2.171196182682812,""rust_reward_authority"":true,""selected_dihedral_deg"":0.0,""survival_tier"":""normal""}",true,true,PROJECTED,policy_generated_not_validated
340,exploration-001180,ANCHOR_056944,C[C@H](N)c1ccc(C(F)(F)F)s1,2.0,exploration,0.0,-11.699703216552734,11.206197738647461,39.43636632425508,3.0,2.472154069391321,2.1737906472234028,34.61015697147849,4.0,normal,0.0,"{""adjusted_pi_clash"":2.472154069391321,""cryptic_bonus"":4.0,""fragment_pi_complement"":3.0,""lock_proxy_method"":""intracellular_bottom_z_proxy_v1:z_min=117.4241:z_max=134.0944:cutoff=120.7582:lock_atoms=14:total_atoms=116"",""oracle_mode"":""validated_o3a_zmatrix_corpus_lookup"",""pi_clash_lock"":34.61015697147849,""pi_clash_pocket"":2.1737906472234028,""rust_reward_authority"":true,""selected_dihedral_deg"":0.0,""survival_tier"":""normal""}",true,true,PROJECTED,policy_generated_not_validated
341,near_random-001132,ANCHOR_066457,Cc1cc(F)ccc1[C@@H]1CCN[C@H]1C,5.0,near_random,180.0,-11.51640796661377,11.239540100097656,39.42642058887818,2.0,3.313712819983203,3.02442043093705,36.45084101981523,4.0,cryptic_rescue,180.0,"{""adjusted_pi_clash"":3.313712819983203,""cryptic_bonus"":4.0,""fragment_pi_complement"":2.0,""lock_proxy_method"":""intracellular_bottom_z_proxy_v1:z_min=117.4241:z_max=133.2402:cutoff=120.5873:lock_atoms=11:total_atoms=126"",""oracle_mode"":""validated_o3a_zmatrix_corpus_lookup"",""pi_clash_lock"":36.45084101981523,""pi_clash_pocket"":3.02442043093705,""rust_reward_authority"":true,""selected_dihedral_deg"":180.0,""survival_tier"":""cryptic_rescue""}",true,true,PROJECTED,policy_generated_not_validated
342,exploration-000658,ANCHOR_076440,Cc1cccc2c1N(C)CC[C@H](CN)C2,2.0,exploration,300.0,-10.292075157165527,11.206197738647461,39.402202573625175,3.0,2.4721540693913204,2.207954397853317,34.61015697147849,4.0,normal,300.0,"{""adjusted_pi_clash"":2.4721540693913204,""cryptic_bonus"":4.0,""fragment_pi_complement"":3.0,""lock_proxy_method"":""intracellular_bottom_z_proxy_v1:z_min=117.4241:z_max=133.7605:cutoff=120.6914:lock_atoms=14:total_atoms=131"",""oracle_mode"":""validated_o3a_zmatrix_corpus_lookup"",""pi_clash_lock"":34.61015697147849,""pi_clash_pocket"":2.207954397853317,""rust_reward_authority"":true,""selected_dihedral_deg"":300.0,""survival_tier"":""normal""}",true,true,PROJECTED,policy_generated_not_validated
343,near_random-001455,ANCHOR_093946,NC[C@H]1CN(c2cccc(F)c2)CCO1,5.0,near_random,60.0,-11.545014381408691,11.239540100097656,39.40115613744149,2.0,2.365680535872753,2.0840519006498064,35.485208038091294,4.0,normal,60.0,"{""adjusted_pi_clash"":2.365680535872753,""cryptic_bonus"":4.0,""fragment_pi_complement"":2.0,""lock_proxy_method"":""intracellular_bottom_z_proxy_v1:z_min=117.4241:z_max=135.0466:cutoff=120.9486:lock_atoms=15:total_atoms=126"",""oracle_mode"":""validated_o3a_zmatrix_corpus_lookup"",""pi_clash_lock"":35.485208038091294,""pi_clash_pocket"":2.0840519006498064,""rust_reward_authority"":true,""selected_dihedral_deg"":60.0,""survival_tier"":""normal""}",true,true,PROJECTED,policy_generated_not_validated
344,exploration-001830,ANCHOR_032912,CN1CCCN(C(=O)Cc2ccccc2)CC1,2.0,exploration,120.0,-11.841361999511719,11.206197738647461,39.394955971772426,4.0,2.3955990500549245,2.1434307289965115,33.53838670076894,4.0,normal,120.0,"{""adjusted_pi_clash"":2.3955990500549245,""cryptic_bonus"":4.0,""fragment_pi_complement"":4.0,""lock_proxy_method"":""intracellular_bottom_z_proxy_v1:z_min=117.4241:z_max=133.7699:cutoff=120.6933:lock_atoms=14:total_atoms=133"",""oracle_mode"":""validated_o3a_zmatrix_corpus_lookup"",""pi_clash_lock"":33.53838670076894,""pi_clash_pocket"":2.1434307289965115,""rust_reward_authority"":true,""selected_dihedral_deg"":120.0,""survival_tier"":""normal""}",true,true,PROJECTED,policy_generated_not_validated
345,near_random-000459,ANCHOR_069698,Cc1ccc(C)c(CC2(CN)CC2)c1,5.0,near_random,60.0,-10.039013862609863,11.239540100097656,39.39291984230452,3.0,2.274057744570622,1.9920040708254285,36.38492391312995,2.0,normal,60.0,"{""adjusted_pi_clash"":2.274057744570622,""cryptic_bonus"":2.0,""fragment_pi_complement"":3.0,""lock_proxy_method"":""intracellular_bottom_z_proxy_v1:z_min=117.4241:z_max=136.1618:cutoff=121.1716:lock_atoms=16:total_atoms=129"",""oracle_mode"":""validated_o3a_zmatrix_corpus_lookup"",""pi_clash_lock"":36.38492391312995,""pi_clash_pocket"":1.9920040708254285,""rust_reward_authority"":true,""selected_dihedral_deg"":60.0,""survival_tier"":""normal""}",true,true,PROJECTED,policy_generated_not_validated
346,balanced-000261,ANCHOR_059798,C[C@H]1CNCCCN(c2ccc(F)c(F)c2)C1,1.0,balanced,180.0,-11.470231056213379,11.055851936340332,39.38861367934659,3.0,2.2740577445706225,1.996310233783371,36.38492391312996,2.0,normal,180.0,"{""adjusted_pi_clash"":2.2740577445706225,""cryptic_bonus"":2.0,""fragment_pi_complement"":3.0,""lock_proxy_method"":""intracellular_bottom_z_proxy_v1:z_min=117.4241:z_max=135.7590:cutoff=121.0911:lock_atoms=16:total_atoms=131"",""oracle_mode"":""validated_o3a_zmatrix_corpus_lookup"",""pi_clash_lock"":36.38492391312996,""pi_clash_pocket"":1.996310233783371,""rust_reward_authority"":true,""selected_dihedral_deg"":180.0,""survival_tier"":""normal""}",true,true,PROJECTED,policy_generated_not_validated
347,exploration-001191,ANCHOR_072378,Cc1ccc([C@@H](CN)N2CCCCCC2)cc1,2.0,exploration,60.0,-11.364753723144531,11.206197738647461,39.3875933930554,4.0,2.3955990500549245,2.1507933077135455,33.53838670076894,4.0,normal,60.0,"{""adjusted_pi_clash"":2.3955990500549245,""cryptic_bonus"":4.0,""fragment_pi_complement"":4.0,""lock_proxy_method"":""intracellular_bottom_z_proxy_v1:z_min=117.4241:z_max=133.9141:cutoff=120.7221:lock_atoms=14:total_atoms=137"",""oracle_mode"":""validated_o3a_zmatrix_corpus_lookup"",""pi_clash_lock"":33.53838670076894,""pi_clash_pocket"":2.1507933077135455,""rust_reward_authority"":true,""selected_dihedral_deg"":60.0,""survival_tier"":""normal""}",true,true,PROJECTED,policy_generated_not_validated
348,near_random-000478,ANCHOR_072382,Cc1ccc([C@@H](CN)[C@H]2CCCN2C)c(C)c1,5.0,near_random,240.0,-10.848346710205078,11.239540100097656,39.380351497546606,4.0,3.3946680137229728,3.1716606259601496,30.552012123506756,8.0,cryptic_rescue,240.0,"{""adjusted_pi_clash"":3.3946680137229728,""cryptic_bonus"":8.0,""fragment_pi_complement"":4.0,""lock_proxy_method"":""intracellular_bottom_z_proxy_v1:z_min=117.4241:z_max=132.9104:cutoff=120.5214:lock_atoms=9:total_atoms=137"",""oracle_mode"":""validated_o3a_zmatrix_corpus_lookup"",""pi_clash_lock"":30.552012123506756,""pi_clash_pocket"":3.1716606259601496,""rust_reward_authority"":true,""selected_dihedral_deg"":240.0,""survival_tier"":""cryptic_rescue""}",true,true,PROJECTED,policy_generated_not_validated
349,exploration-001351,ANCHOR_073630,Cc1ccc2c(c1)C[C@@H](CN)CCN2C,2.0,exploration,300.0,-10.197317123413086,11.206197738647461,39.36826184170022,2.0,1.9471012477784981,1.6795606183127503,35.047822460012966,4.0,normal,300.0,"{""adjusted_pi_clash"":1.9471012477784981,""cryptic_bonus"":4.0,""fragment_pi_complement"":2.0,""lock_proxy_method"":""intracellular_bottom_z_proxy_v1:z_min=117.4241:z_max=138.1819:cutoff=121.5757:lock_atoms=18:total_atoms=131"",""oracle_mode"":""validated_o3a_zmatrix_corpus_lookup"",""pi_clash_lock"":35.047822460012966,""pi_clash_pocket"":1.6795606183127503,""rust_reward_authority"":true,""selected_dihedral_deg"":300.0,""survival_tier"":""normal""}",true,true,PROJECTED,policy_generated_not_validated
350,near_random-001535,ANCHOR_093819,NC[C@H]1CCCc2c1cnn2-c1ccccc1,5.0,near_random,180.0,-11.782580375671387,11.239540100097656,39.36490266515979,4.0,2.911851522861001,2.665464086311224,32.030366751471014,6.0,cryptic_rescue,300.0,"{""adjusted_pi_clash"":2.911851522861001,""cryptic_bonus"":6.0,""fragment_pi_complement"":4.0,""lock_proxy_method"":""intracellular_bottom_z_proxy_v1:z_min=117.4241:z_max=133.2133:cutoff=120.5819:lock_atoms=11:total_atoms=130"",""oracle_mode"":""validated_o3a_zmatrix_corpus_lookup"",""pi_clash_lock"":32.030366751471014,""pi_clash_pocket"":2.665464086311224,""rust_reward_authority"":true,""selected_dihedral_deg"":300.0,""survival_tier"":""cryptic_rescue""}",true,true,PROJECTED,policy_generated_not_validated
351,focused-000881,ANCHOR_043180,COc1cc(F)c2c(c1)[C@@H](C1CC(=O)C1)NCC2,0.5,focused,300.0,-9.787939071655273,10.308391571044922,39.356853564971225,6.0,3.3902678393195993,3.1555569889051656,30.512410553876393,6.0,cryptic_rescue,300.0,"{""adjusted_pi_clash"":3.3902678393195993,""cryptic_bonus"":6.0,""fragment_pi_complement"":6.0,""lock_proxy_method"":""intracellular_bottom_z_proxy_v1:z_min=117.4241:z_max=132.4266:cutoff=120.4246:lock_atoms=9:total_atoms=130"",""oracle_mode"":""validated_o3a_zmatrix_corpus_lookup"",""pi_clash_lock"":30.512410553876393,""pi_clash_pocket"":3.1555569889051656,""rust_reward_authority"":true,""selected_dihedral_deg"":300.0,""survival_tier"":""cryptic_rescue""}",true,true,PROJECTED,policy_generated_not_validated
352,focused-000366,ANCHOR_082778,Cc1oc(CN)nc1-c1ccc2c(c1)CCC2,0.5,focused,180.0,-11.280000686645508,10.308391571044922,39.33850308339992,2.0,3.005357720306492,2.725789560277981,36.0642926436779,4.0,cryptic_rescue,180.0,"{""adjusted_pi_clash"":3.005357720306492,""cryptic_bonus"":4.0,""fragment_pi_complement"":2.0,""lock_proxy_method"":""intracellular_bottom_z_proxy_v1:z_min=117.4241:z_max=132.4266:cutoff=120.4246:lock_atoms=12:total_atoms=129"",""oracle_mode"":""validated_o3a_zmatrix_corpus_lookup"",""pi_clash_lock"":36.0642926436779,""pi_clash_pocket"":2.725789560277981,""rust_reward_authority"":true,""selected_dihedral_deg"":180.0,""survival_tier"":""cryptic_rescue""}",true,true,PROJECTED,policy_generated_not_validated
353,balanced-000315,ANCHOR_097320,N[C@H]1CCC[C@@H](C(=O)NCc2cc[nH]n2)C1,1.0,balanced,120.0,-11.901163101196289,11.055851936340332,39.21799360536083,4.0,2.211628974766707,1.9564410161397792,33.17443462150061,4.0,normal,120.0,"{""adjusted_pi_clash"":2.211628974766707,""cryptic_bonus"":4.0,""fragment_pi_complement"":4.0,""lock_proxy_method"":""intracellular_bottom_z_proxy_v1:z_min=115.9539:z_max=132.4266:cutoff=119.2484:lock_atoms=15:total_atoms=130"",""oracle_mode"":""validated_o3a_zmatrix_corpus_lookup"",""pi_clash_lock"":33.17443462150061,""pi_clash_pocket"":1.9564410161397792,""rust_reward_authority"":true,""selected_dihedral_deg"":120.0,""survival_tier"":""normal""}",true,true,PROJECTED,policy_generated_not_validated
354,near_random-001732,ANCHOR_054364,C[C@@H]1Oc2cc(CCN)ccc2NC1=O,5.0,near_random,180.0,-11.61313533782959,11.239540100097656,39.193376050551066,2.0,2.6840585761555116,2.383444015626094,37.57682006617716,2.0,cryptic_rescue,180.0,"{""adjusted_pi_clash"":2.6840585761555116,""cryptic_bonus"":2.0,""fragment_pi_complement"":2.0,""lock_proxy_method"":""intracellular_bottom_z_proxy_v1:z_min=117.4241:z_max=134.3414:cutoff=120.8076:lock_atoms=14:total_atoms=125"",""oracle_mode"":""validated_o3a_zmatrix_corpus_lookup"",""pi_clash_lock"":37.57682006617716,""pi_clash_pocket"":2.383444015626094,""rust_reward_authority"":true,""selected_dihedral_deg"":180.0,""survival_tier"":""cryptic_rescue""}",true,true,PROJECTED,policy_generated_not_validated
355,near_random-000057,ANCHOR_058809,C[C@H]1CCC[C@@H](N)[C@@H]1C(=O)NC[C@@H]1CCOC1,5.0,near_random,60.0,-11.724040985107422,11.239540100097656,39.19163881723871,3.0,2.261832215336409,1.9976766281438358,36.18931544538255,2.0,normal,120.0,"{""adjusted_pi_clash"":2.261832215336409,""cryptic_bonus"":2.0,""fragment_pi_complement"":3.0,""lock_proxy_method"":""intracellular_bottom_z_proxy_v1:z_min=117.4241:z_max=135.8553:cutoff=121.1103:lock_atoms=16:total_atoms=137"",""oracle_mode"":""validated_o3a_zmatrix_corpus_lookup"",""pi_clash_lock"":36.18931544538255,""pi_clash_pocket"":1.9976766281438358,""rust_reward_authority"":true,""selected_dihedral_deg"":120.0,""survival_tier"":""normal""}",true,true,PROJECTED,policy_generated_not_validated
356,balanced-000245,ANCHOR_047817,CS(=O)(=O)c1ccccc1-c1cccc(N)c1,1.0,balanced,300.0,-11.720890998840332,11.055851936340332,39.11531329918635,4.0,2.8863331830822023,2.634351714717883,31.749665013904227,6.0,cryptic_rescue,300.0,"{""adjusted_pi_clash"":2.8863331830822023,""cryptic_bonus"":6.0,""fragment_pi_complement"":4.0,""lock_proxy_method"":""intracellular_bottom_z_proxy_v1:z_min=117.4241:z_max=133.3251:cutoff=120.6043:lock_atoms=11:total_atoms=126"",""oracle_mode"":""validated_o3a_zmatrix_corpus_lookup"",""pi_clash_lock"":31.749665013904227,""pi_clash_pocket"":2.634351714717883,""rust_reward_authority"":true,""selected_dihedral_deg"":300.0,""survival_tier"":""cryptic_rescue""}",true,true,PROJECTED,policy_generated_not_validated
357,balanced-001699,ANCHOR_028007,CCc1ccc([C@@]2(CN)CCC(=O)N(C)C2)cc1,1.0,balanced,300.0,-11.740175247192383,11.055851936340332,39.10059070890325,3.0,2.4167172154303502,2.1501675225520027,36.25075823145525,2.0,normal,300.0,"{""adjusted_pi_clash"":2.4167172154303502,""cryptic_bonus"":2.0,""fragment_pi_complement"":3.0,""lock_proxy_method"":""intracellular_bottom_z_proxy_v1:z_min=117.4241:z_max=135.4493:cutoff=121.0291:lock_atoms=15:total_atoms=136"",""oracle_mode"":""validated_o3a_zmatrix_corpus_lookup"",""pi_clash_lock"":36.25075823145525,""pi_clash_pocket"":2.1501675225520027,""rust_reward_authority"":true,""selected_dihedral_deg"":300.0,""survival_tier"":""normal""}",true,true,PROJECTED,policy_generated_not_validated
358,exploration-001477,ANCHOR_086975,N#CCS(=O)(=O)Nc1cc(F)c(F)cc1F,2.0,exploration,120.0,-9.867714881896973,11.206197738647461,39.077991302915756,3.0,2.128932233781696,1.8559922038096837,31.93398350672544,6.0,normal,120.0,"{""adjusted_pi_clash"":2.128932233781696,""cryptic_bonus"":6.0,""fragment_pi_complement"":3.0,""lock_proxy_method"":""intracellular_bottom_z_proxy_v1:z_min=117.4241:z_max=132.4266:cutoff=120.4246:lock_atoms=15:total_atoms=117"",""oracle_mode"":""validated_o3a_zmatrix_corpus_lookup"",""pi_clash_lock"":31.93398350672544,""pi_clash_pocket"":1.8559922038096837,""rust_reward_authority"":true,""selected_dihedral_deg"":120.0,""survival_tier"":""normal""}",true,true,PROJECTED,policy_generated_not_validated
359,exploration-000308,ANCHOR_087667,N#C[C@H]1CCCN1S(=O)(=O)c1ccccc1,2.0,exploration,300.0,-11.789609909057617,11.206197738647461,39.0642511196632,3.0,2.412317041026977,2.120504495741456,36.184755615404654,2.0,normal,0.0,"{""adjusted_pi_clash"":2.412317041026977,""cryptic_bonus"":2.0,""fragment_pi_complement"":3.0,""lock_proxy_method"":""intracellular_bottom_z_proxy_v1:z_min=117.4241:z_max=134.9568:cutoff=120.9306:lock_atoms=15:total_atoms=124"",""oracle_mode"":""validated_o3a_zmatrix_corpus_lookup"",""pi_clash_lock"":36.184755615404654,""pi_clash_pocket"":2.120504495741456,""rust_reward_authority"":true,""selected_dihedral_deg"":0.0,""survival_tier"":""normal""}",true,true,PROJECTED,policy_generated_not_validated
360,focused-000435,ANCHOR_026367,CC[C@H]1CC[C@@H](CN)[C@H](n2cnc(C)c2C)C1,0.5,focused,60.0,-10.788259506225586,10.308391571044922,39.05447390680753,3.0,2.446635729612522,2.1984263077677735,34.252900214575305,4.0,normal,0.0,"{""adjusted_pi_clash"":2.446635729612522,""cryptic_bonus"":4.0,""fragment_pi_complement"":3.0,""lock_proxy_method"":""intracellular_bottom_z_proxy_v1:z_min=117.4241:z_max=133.7752:cutoff=120.6943:lock_atoms=14:total_atoms=138"",""oracle_mode"":""validated_o3a_zmatrix_corpus_lookup"",""pi_clash_lock"":34.252900214575305,""pi_clash_pocket"":2.1984263077677735,""rust_reward_authority"":true,""selected_dihedral_deg"":0.0,""survival_tier"":""normal""}",true,true,PROJECTED,policy_generated_not_validated
361,focused-000656,ANCHOR_058848,C[C@H]1CCC[C@@H](c2ncc(CCN)cn2)C1,0.5,focused,60.0,-9.796656608581543,10.308391571044922,39.00286597012187,4.0,2.3656805358727526,2.1166615320966735,33.11952750221854,4.0,normal,60.0,"{""adjusted_pi_clash"":2.3656805358727526,""cryptic_bonus"":4.0,""fragment_pi_complement"":4.0,""lock_proxy_method"":""intracellular_bottom_z_proxy_v1:z_min=117.4241:z_max=134.3093:cutoff=120.8011:lock_atoms=14:total_atoms=133"",""oracle_mode"":""validated_o3a_zmatrix_corpus_lookup"",""pi_clash_lock"":33.11952750221854,""pi_clash_pocket"":2.1166615320966735,""rust_reward_authority"":true,""selected_dihedral_deg"":60.0,""survival_tier"":""normal""}",true,true,PROJECTED,policy_generated_not_validated
362,focused-001407,ANCHOR_046754,COc1cccc2c([C@@H](C)[C@H](C)N)c[nH]c12,0.5,focused,60.0,-10.556857109069824,10.308391571044922,39.00280043077045,4.0,2.338073055040958,2.068295394843924,35.07109582561437,2.0,normal,60.0,"{""adjusted_pi_clash"":2.338073055040958,""cryptic_bonus"":2.0,""fragment_pi_complement"":4.0,""lock_proxy_method"":""intracellular_bottom_z_proxy_v1:z_min=117.4241:z_max=135.1228:cutoff=120.9638:lock_atoms=15:total_atoms=130"",""oracle_mode"":""validated_o3a_zmatrix_corpus_lookup"",""pi_clash_lock"":35.07109582561437,""pi_clash_pocket"":2.068295394843924,""rust_reward_authority"":true,""selected_dihedral_deg"":60.0,""survival_tier"":""normal""}",true,true,PROJECTED,policy_generated_not_validated
363,exploration-001038,ANCHOR_090371,NC1(C(=O)N[C@H]2CCCC[C@H]2O)CCCC1,2.0,exploration,60.0,-10.333809852600098,11.206197738647461,38.99474736628695,2.0,2.338073055040958,2.076348459327418,35.07109582561437,4.0,normal,300.0,"{""adjusted_pi_clash"":2.338073055040958,""cryptic_bonus"":4.0,""fragment_pi_complement"":2.0,""lock_proxy_method"":""intracellular_bottom_z_proxy_v1:z_min=117.4241:z_max=135.1545:cutoff=120.9702:lock_atoms=15:total_atoms=134"",""oracle_mode"":""validated_o3a_zmatrix_corpus_lookup"",""pi_clash_lock"":35.07109582561437,""pi_clash_pocket"":2.076348459327418,""rust_reward_authority"":true,""selected_dihedral_deg"":300.0,""survival_tier"":""normal""}",true,true,PROJECTED,policy_generated_not_validated
364,focused-000647,ANCHOR_046080,COc1ccc2cc3c(cc2c1)[C@H](CO)NCC3,0.5,focused,240.0,-10.255297660827637,10.308391571044922,38.978765803151155,6.0,3.343631334165375,3.1139162043372197,30.092682007488378,6.0,cryptic_rescue,120.0,"{""adjusted_pi_clash"":3.343631334165375,""cryptic_bonus"":6.0,""fragment_pi_complement"":6.0,""lock_proxy_method"":""intracellular_bottom_z_proxy_v1:z_min=117.4241:z_max=132.4266:cutoff=120.4246:lock_atoms=9:total_atoms=131"",""oracle_mode"":""validated_o3a_zmatrix_corpus_lookup"",""pi_clash_lock"":30.092682007488378,""pi_clash_pocket"":3.1139162043372197,""rust_reward_authority"":true,""selected_dihedral_deg"":120.0,""survival_tier"":""cryptic_rescue""}",true,true,PROJECTED,policy_generated_not_validated
365,near_random-001823,ANCHOR_085342,FC(F)(F)c1cccc(N2CCOCC2)n1,5.0,near_random,300.0,-11.512182235717773,11.239540100097656,38.978494897744675,2.0,2.9716885512253444,2.6817677169594574,35.66026261470413,4.0,cryptic_rescue,300.0,"{""adjusted_pi_clash"":2.9716885512253444,""cryptic_bonus"":4.0,""fragment_pi_complement"":2.0,""lock_proxy_method"":""intracellular_bottom_z_proxy_v1:z_min=117.4241:z_max=133.3348:cutoff=120.6062:lock_atoms=12:total_atoms=123"",""oracle_mode"":""validated_o3a_zmatrix_corpus_lookup"",""pi_clash_lock"":35.66026261470413,""pi_clash_pocket"":2.6817677169594574,""rust_reward_authority"":true,""selected_dihedral_deg"":300.0,""survival_tier"":""cryptic_rescue""}",true,true,PROJECTED,policy_generated_not_validated
366,balanced-000684,ANCHOR_037988,CN[C@@H]1CCN(c2c(C)cccc2C)C1=O,1.0,balanced,120.0,-10.429434776306152,11.055851936340332,38.96833608197251,3.0,2.9716885512253444,2.7202379815062767,32.68857406347879,6.0,cryptic_rescue,120.0,"{""adjusted_pi_clash"":2.9716885512253444,""cryptic_bonus"":6.0,""fragment_pi_complement"":3.0,""lock_proxy_method"":""intracellular_bottom_z_proxy_v1:z_min=117.4241:z_max=133.1643:cutoff=120.5721:lock_atoms=11:total_atoms=130"",""oracle_mode"":""validated_o3a_zmatrix_corpus_lookup"",""pi_clash_lock"":32.68857406347879,""pi_clash_pocket"":2.7202379815062767,""rust_reward_authority"":true,""selected_dihedral_deg"":120.0,""survival_tier"":""cryptic_rescue""}",true,true,PROJECTED,policy_generated_not_validated
367,balanced-000152,ANCHOR_070079,Cc1ccc(C)c2c1C[C@@H](CN)CO2,1.0,balanced,240.0,-11.44558048248291,11.055851936340332,38.96445120656185,1.0,2.971688551225345,2.6674999593676323,38.63195116592948,2.0,cryptic_rescue,300.0,"{""adjusted_pi_clash"":2.971688551225345,""cryptic_bonus"":2.0,""fragment_pi_complement"":1.0,""lock_proxy_method"":""intracellular_bottom_z_proxy_v1:z_min=117.4241:z_max=133.5008:cutoff=120.6394:lock_atoms=13:total_atoms=127"",""oracle_mode"":""validated_o3a_zmatrix_corpus_lookup"",""pi_clash_lock"":38.63195116592948,""pi_clash_pocket"":2.6674999593676323,""rust_reward_authority"":true,""selected_dihedral_deg"":300.0,""survival_tier"":""cryptic_rescue""}",true,true,PROJECTED,policy_generated_not_validated
368,focused-000667,ANCHOR_000050,Brc1cc2c(s1)CNCCC2,0.5,focused,60.0,-10.584482192993164,10.308391571044922,38.9600752717799,4.0,2.3911988756515514,2.125510111690268,31.085585383470168,6.0,normal,0.0,"{""adjusted_pi_clash"":2.3911988756515514,""cryptic_bonus"":6.0,""fragment_pi_complement"":4.0,""lock_proxy_method"":""intracellular_bottom_z_proxy_v1:z_min=117.4241:z_max=133.5049:cutoff=120.6403:lock_atoms=13:total_atoms=117"",""oracle_mode"":""validated_o3a_zmatrix_corpus_lookup"",""pi_clash_lock"":31.085585383470168,""pi_clash_pocket"":2.125510111690268,""rust_reward_authority"":true,""selected_dihedral_deg"":0.0,""survival_tier"":""normal""}",true,true,PROJECTED,policy_generated_not_validated
369,focused-000301,ANCHOR_098398,Nc1cc(C2CCCC2)no1,0.5,focused,300.0,-10.246051788330078,10.308391571044922,38.935916083973886,3.0,2.4721540693913204,2.2020868181132767,32.138002902087166,6.0,normal,300.0,"{""adjusted_pi_clash"":2.4721540693913204,""cryptic_bonus"":6.0,""fragment_pi_complement"":3.0,""lock_proxy_method"":""intracellular_bottom_z_proxy_v1:z_min=117.4241:z_max=133.6169:cutoff=120.6627:lock_atoms=13:total_atoms=119"",""oracle_mode"":""validated_o3a_zmatrix_corpus_lookup"",""pi_clash_lock"":32.138002902087166,""pi_clash_pocket"":2.2020868181132767,""rust_reward_authority"":true,""selected_dihedral_deg"":300.0,""survival_tier"":""normal""}",true,true,PROJECTED,policy_generated_not_validated
370,exploration-000637,ANCHOR_007177,CC(C)(C)C1CCC(N)CC1,2.0,exploration,240.0,-11.263315200805664,11.206197738647461,38.899862526485286,2.0,2.472154069391321,2.1824485143845256,37.08231104086981,2.0,normal,300.0,"{""adjusted_pi_clash"":2.472154069391321,""cryptic_bonus"":2.0,""fragment_pi_complement"":2.0,""lock_proxy_method"":""intracellular_bottom_z_proxy_v1:z_min=117.4241:z_max=134.8646:cutoff=120.9122:lock_atoms=15:total_atoms=128"",""oracle_mode"":""validated_o3a_zmatrix_corpus_lookup"",""pi_clash_lock"":37.08231104086981,""pi_clash_pocket"":2.1824485143845256,""rust_reward_authority"":true,""selected_dihedral_deg"":300.0,""survival_tier"":""normal""}",true,true,PROJECTED,policy_generated_not_validated
371,near_random-000290,ANCHOR_082840,Cc1oc2ccc([C@@H](N)CO)cc2c1C,5.0,near_random,120.0,-11.558831214904785,11.239540100097656,38.87302383230783,2.0,2.7160662313906796,2.4358371757710064,35.308861008078836,4.0,cryptic_rescue,120.0,"{""adjusted_pi_clash"":2.7160662313906796,""cryptic_bonus"":4.0,""fragment_pi_complement"":2.0,""lock_proxy_method"":""intracellular_bottom_z_proxy_v1:z_min=117.4241:z_max=133.5161:cutoff=120.6425:lock_atoms=13:total_atoms=126"",""oracle_mode"":""validated_o3a_zmatrix_corpus_lookup"",""pi_clash_lock"":35.308861008078836,""pi_clash_pocket"":2.4358371757710064,""rust_reward_authority"":true,""selected_dihedral_deg"":120.0,""survival_tier"":""cryptic_rescue""}",true,true,PROJECTED,policy_generated_not_validated
372,balanced-000835,ANCHOR_099030,Nc1ccc(NC(=O)[C@H]2CCCO2)c(Cl)c1,1.0,balanced,240.0,-9.984844207763672,11.055851936340332,38.86465937513749,4.0,1.9127825591929533,1.6526441311427116,32.51730350628021,4.0,normal,300.0,"{""adjusted_pi_clash"":1.9127825591929533,""cryptic_bonus"":4.0,""fragment_pi_complement"":4.0,""lock_proxy_method"":""intracellular_bottom_z_proxy_v1:z_min=117.4241:z_max=137.3642:cutoff=121.4121:lock_atoms=17:total_atoms=125"",""oracle_mode"":""validated_o3a_zmatrix_corpus_lookup"",""pi_clash_lock"":32.51730350628021,""pi_clash_pocket"":1.6526441311427116,""rust_reward_authority"":true,""selected_dihedral_deg"":300.0,""survival_tier"":""normal""}",true,true,PROJECTED,policy_generated_not_validated
373,exploration-001448,ANCHOR_098184,Nc1c2c(nc3ccccc13)OCC2,2.0,exploration,60.0,-11.900572776794434,11.206197738647461,38.84136784248736,3.0,1.9726195875572965,1.6931651459866797,33.53453298847404,4.0,normal,0.0,"{""adjusted_pi_clash"":1.9726195875572965,""cryptic_bonus"":4.0,""fragment_pi_complement"":3.0,""lock_proxy_method"":""intracellular_bottom_z_proxy_v1:z_min=117.4241:z_max=137.0959:cutoff=121.3585:lock_atoms=17:total_atoms=120"",""oracle_mode"":""validated_o3a_zmatrix_corpus_lookup"",""pi_clash_lock"":33.53453298847404,""pi_clash_pocket"":1.6931651459866797,""rust_reward_authority"":true,""selected_dihedral_deg"":0.0,""survival_tier"":""normal""}",true,true,PROJECTED,policy_generated_not_validated
374,balanced-001021,ANCHOR_013839,CC(C)c1cc(NC(=O)c2ccccc2O)n[nH]1,1.0,balanced,300.0,-11.494159698486328,11.055851936340332,38.83550265715544,2.0,2.4677538949879474,2.1808057676637675,37.01630842481921,2.0,normal,300.0,"{""adjusted_pi_clash"":2.4677538949879474,""cryptic_bonus"":2.0,""fragment_pi_complement"":2.0,""lock_proxy_method"":""intracellular_bottom_z_proxy_v1:z_min=117.4241:z_max=134.9014:cutoff=120.9196:lock_atoms=15:total_atoms=129"",""oracle_mode"":""validated_o3a_zmatrix_corpus_lookup"",""pi_clash_lock"":37.01630842481921,""pi_clash_pocket"":2.1808057676637675,""rust_reward_authority"":true,""selected_dihedral_deg"":300.0,""survival_tier"":""normal""}",true,true,PROJECTED,policy_generated_not_validated
375,balanced-000144,ANCHOR_095528,N[C@@H](c1ccc2[nH]c(=O)c(=O)[nH]c2c1)C1CCC1,1.0,balanced,120.0,-11.544995307922363,11.055851936340332,38.82187102098244,3.0,1.972619587557297,1.7126619674916066,33.53453298847405,4.0,normal,0.0,"{""adjusted_pi_clash"":1.972619587557297,""cryptic_bonus"":4.0,""fragment_pi_complement"":3.0,""lock_proxy_method"":""intracellular_bottom_z_proxy_v1:z_min=117.4241:z_max=136.7077:cutoff=121.2808:lock_atoms=17:total_atoms=129"",""oracle_mode"":""validated_o3a_zmatrix_corpus_lookup"",""pi_clash_lock"":33.53453298847405,""pi_clash_pocket"":1.7126619674916066,""rust_reward_authority"":true,""selected_dihedral_deg"":0.0,""survival_tier"":""normal""}",true,true,PROJECTED,policy_generated_not_validated
376,exploration-001558,ANCHOR_101913,O=C(Nc1ccncc1)C1(c2ccccc2)CC1,2.0,exploration,300.0,-11.254920959472656,11.206197738647461,38.80791365749084,5.0,3.4457046932805695,3.2034285820342796,31.011342239525124,6.0,cryptic_rescue,300.0,"{""adjusted_pi_clash"":3.4457046932805695,""cryptic_bonus"":6.0,""fragment_pi_complement"":5.0,""lock_proxy_method"":""intracellular_bottom_z_proxy_v1:z_min=117.4241:z_max=132.4266:cutoff=120.4246:lock_atoms=9:total_atoms=128"",""oracle_mode"":""validated_o3a_zmatrix_corpus_lookup"",""pi_clash_lock"":31.011342239525124,""pi_clash_pocket"":3.2034285820342796,""rust_reward_authority"":true,""selected_dihedral_deg"":300.0,""survival_tier"":""cryptic_rescue""}",true,true,PROJECTED,policy_generated_not_validated
377,exploration-000799,ANCHOR_056036,C[C@H](CN)c1nc2cc(F)ccc2o1,2.0,exploration,240.0,-11.558990478515625,11.206197738647461,38.78758685984171,3.0,3.2796160236950387,3.008573377108672,32.796160236950385,6.0,cryptic_rescue,240.0,"{""adjusted_pi_clash"":3.2796160236950387,""cryptic_bonus"":6.0,""fragment_pi_complement"":3.0,""lock_proxy_method"":""intracellular_bottom_z_proxy_v1:z_min=117.4241:z_max=132.9694:cutoff=120.5332:lock_atoms=10:total_atoms=121"",""oracle_mode"":""validated_o3a_zmatrix_corpus_lookup"",""pi_clash_lock"":32.796160236950385,""pi_clash_pocket"":3.008573377108672,""rust_reward_authority"":true,""selected_dihedral_deg"":240.0,""survival_tier"":""cryptic_rescue""}",true,true,PROJECTED,policy_generated_not_validated
378,focused-000499,ANCHOR_002588,C=C(C)[C@@H]1NCCc2cc(O)c(OC)cc21,0.5,focused,0.0,-10.255634307861328,10.308391571044922,38.77640021051493,4.0,3.3181129943865764,3.086616738964257,29.86301694947919,8.0,cryptic_rescue,0.0,"{""adjusted_pi_clash"":3.3181129943865764,""cryptic_bonus"":8.0,""fragment_pi_complement"":4.0,""lock_proxy_method"":""intracellular_bottom_z_proxy_v1:z_min=117.4241:z_max=132.4266:cutoff=120.4246:lock_atoms=9:total_atoms=129"",""oracle_mode"":""validated_o3a_zmatrix_corpus_lookup"",""pi_clash_lock"":29.86301694947919,""pi_clash_pocket"":3.086616738964257,""rust_reward_authority"":true,""selected_dihedral_deg"":0.0,""survival_tier"":""cryptic_rescue""}",true,true,PROJECTED,policy_generated_not_validated
379,focused-001776,ANCHOR_047789,CS(=O)(=O)c1ccc(F)cc1C#N,0.5,focused,240.0,-9.91244888305664,10.308391571044922,38.77380578641487,2.0,2.4976724091701192,2.1936079419668006,34.96741372838167,4.0,normal,300.0,"{""adjusted_pi_clash"":2.4976724091701192,""cryptic_bonus"":4.0,""fragment_pi_complement"":2.0,""lock_proxy_method"":""intracellular_bottom_z_proxy_v1:z_min=117.4241:z_max=133.9811:cutoff=120.7355:lock_atoms=14:total_atoms=115"",""oracle_mode"":""validated_o3a_zmatrix_corpus_lookup"",""pi_clash_lock"":34.96741372838167,""pi_clash_pocket"":2.1936079419668006,""rust_reward_authority"":true,""selected_dihedral_deg"":300.0,""survival_tier"":""normal""}",true,true,PROJECTED,policy_generated_not_validated
380,near_random-001446,ANCHOR_091515,NCCC(=O)c1ccc2occc2c1Cl,5.0,near_random,300.0,-11.819681167602539,11.239540100097656,38.75465535261255,3.0,2.4211173898337233,2.140988105059573,33.89564345767212,4.0,normal,300.0,"{""adjusted_pi_clash"":2.4211173898337233,""cryptic_bonus"":4.0,""fragment_pi_complement"":3.0,""lock_proxy_method"":""intracellular_bottom_z_proxy_v1:z_min=117.4241:z_max=133.7262:cutoff=120.6845:lock_atoms=14:total_atoms=121"",""oracle_mode"":""validated_o3a_zmatrix_corpus_lookup"",""pi_clash_lock"":33.89564345767212,""pi_clash_pocket"":2.140988105059573,""rust_reward_authority"":true,""selected_dihedral_deg"":300.0,""survival_tier"":""normal""}",true,true,PROJECTED,policy_generated_not_validated
381,focused-001473,ANCHOR_065743,Cc1cc(CC(N)=O)nc2c(C)cccc12,0.5,focused,240.0,-10.176739692687988,10.308391571044922,38.74353911115326,3.0,2.4211173898337237,2.1521043465188656,33.89564345767213,4.0,normal,240.0,"{""adjusted_pi_clash"":2.4211173898337237,""cryptic_bonus"":4.0,""fragment_pi_complement"":3.0,""lock_proxy_method"":""intracellular_bottom_z_proxy_v1:z_min=117.4241:z_max=133.7312:cutoff=120.6855:lock_atoms=14:total_atoms=126"",""oracle_mode"":""validated_o3a_zmatrix_corpus_lookup"",""pi_clash_lock"":33.89564345767213,""pi_clash_pocket"":2.1521043465188656,""rust_reward_authority"":true,""selected_dihedral_deg"":240.0,""survival_tier"":""normal""}",true,true,PROJECTED,policy_generated_not_validated
382,exploration-001108,ANCHOR_113088,c1c[nH]c([C@H]2NCCc3ccc4[nH]ccc4c32)c1,2.0,exploration,240.0,-11.241798400878906,11.206197738647461,38.73728299386686,3.0,2.4211173898337233,2.1583604638052574,33.89564345767212,4.0,normal,300.0,"{""adjusted_pi_clash"":2.4211173898337233,""cryptic_bonus"":4.0,""fragment_pi_complement"":3.0,""lock_proxy_method"":""intracellular_bottom_z_proxy_v1:z_min=117.4241:z_max=134.3993:cutoff=120.8191:lock_atoms=14:total_atoms=129"",""oracle_mode"":""validated_o3a_zmatrix_corpus_lookup"",""pi_clash_lock"":33.89564345767212,""pi_clash_pocket"":2.1583604638052574,""rust_reward_authority"":true,""selected_dihedral_deg"":300.0,""survival_tier"":""normal""}",true,true,PROJECTED,policy_generated_not_validated
383,focused-001800,ANCHOR_088063,N#Cc1cc(F)ccc1CN1CCC[C@H](CN)C1,0.5,focused,240.0,-11.605497360229492,10.308391571044922,38.73464596866899,2.0,2.4976724091701192,2.2327677597126825,34.96741372838167,4.0,normal,300.0,"{""adjusted_pi_clash"":2.4976724091701192,""cryptic_bonus"":4.0,""fragment_pi_complement"":2.0,""lock_proxy_method"":""intracellular_bottom_z_proxy_v1:z_min=117.4241:z_max=133.8402:cutoff=120.7073:lock_atoms=14:total_atoms=132"",""oracle_mode"":""validated_o3a_zmatrix_corpus_lookup"",""pi_clash_lock"":34.96741372838167,""pi_clash_pocket"":2.2327677597126825,""rust_reward_authority"":true,""selected_dihedral_deg"":300.0,""survival_tier"":""normal""}",true,true,PROJECTED,policy_generated_not_validated
384,near_random-001926,ANCHOR_074380,Cc1ccc2ccc3c(c2n1)OC[C@@H](CN)C3,5.0,near_random,300.0,-11.477405548095703,11.239540100097656,38.69199094620795,6.0,3.307653056734703,3.076886564404375,29.768877510612327,6.0,cryptic_rescue,60.0,"{""adjusted_pi_clash"":3.307653056734703,""cryptic_bonus"":6.0,""fragment_pi_complement"":6.0,""lock_proxy_method"":""intracellular_bottom_z_proxy_v1:z_min=117.4241:z_max=132.4266:cutoff=120.4246:lock_atoms=9:total_atoms=129"",""oracle_mode"":""validated_o3a_zmatrix_corpus_lookup"",""pi_clash_lock"":29.768877510612327,""pi_clash_pocket"":3.076886564404375,""rust_reward_authority"":true,""selected_dihedral_deg"":60.0,""survival_tier"":""cryptic_rescue""}",true,true,PROJECTED,policy_generated_not_validated
385,balanced-001323,ANCHOR_043133,COc1cc(Cl)ccc1[C@@H]1CCCNC1,1.0,balanced,0.0,-11.251970291137695,11.055851936340332,38.683575210192174,4.0,2.370080710276126,2.1274740233974674,30.81104923358964,6.0,normal,0.0,"{""adjusted_pi_clash"":2.370080710276126,""cryptic_bonus"":6.0,""fragment_pi_complement"":4.0,""lock_proxy_method"":""intracellular_bottom_z_proxy_v1:z_min=117.4241:z_max=133.6362:cutoff=120.6665:lock_atoms=13:total_atoms=127"",""oracle_mode"":""validated_o3a_zmatrix_corpus_lookup"",""pi_clash_lock"":30.81104923358964,""pi_clash_pocket"":2.1274740233974674,""rust_reward_authority"":true,""selected_dihedral_deg"":0.0,""survival_tier"":""normal""}",true,true,PROJECTED,policy_generated_not_validated
386,balanced-000201,ANCHOR_108373,O=C1Cc2ccc(C3CCNCC3)cc2N1,1.0,balanced,60.0,-9.724056243896484,11.055851936340332,38.65144149554036,3.0,2.2420500893354545,1.9793098444914559,33.630751340031814,4.0,normal,60.0,"{""adjusted_pi_clash"":2.2420500893354545,""cryptic_bonus"":4.0,""fragment_pi_complement"":3.0,""lock_proxy_method"":""intracellular_bottom_z_proxy_v1:z_min=117.4241:z_max=134.5263:cutoff=120.8445:lock_atoms=15:total_atoms=128"",""oracle_mode"":""validated_o3a_zmatrix_corpus_lookup"",""pi_clash_lock"":33.630751340031814,""pi_clash_pocket"":1.9793098444914559,""rust_reward_authority"":true,""selected_dihedral_deg"":60.0,""survival_tier"":""normal""}",true,true,PROJECTED,policy_generated_not_validated
387,balanced-000687,ANCHOR_008520,CC(C)(C)[C@H](O)c1cc(C#N)cs1,1.0,balanced,240.0,-10.17834186553955,11.055851936340332,38.636944800353795,3.0,2.4123170410269767,2.135493774023881,33.772438574377674,4.0,normal,300.0,"{""adjusted_pi_clash"":2.4123170410269767,""cryptic_bonus"":4.0,""fragment_pi_complement"":3.0,""lock_proxy_method"":""intracellular_bottom_z_proxy_v1:z_min=117.4241:z_max=134.2860:cutoff=120.7965:lock_atoms=14:total_atoms=122"",""oracle_mode"":""validated_o3a_zmatrix_corpus_lookup"",""pi_clash_lock"":33.772438574377674,""pi_clash_pocket"":2.135493774023881,""rust_reward_authority"":true,""selected_dihedral_deg"":300.0,""survival_tier"":""normal""}",true,true,PROJECTED,policy_generated_not_validated
388,near_random-001570,ANCHOR_060790,C[C@H]1Cc2[nH]cc([C@]3(C)CCCN3)c2C1,5.0,near_random,0.0,-10.899063110351562,11.239540100097656,38.59317182223991,1.0,2.9417700370431725,2.649838659321331,38.24301048156124,2.0,cryptic_rescue,60.0,"{""adjusted_pi_clash"":2.9417700370431725,""cryptic_bonus"":2.0,""fragment_pi_complement"":1.0,""lock_proxy_method"":""intracellular_bottom_z_proxy_v1:z_min=117.4241:z_max=133.4238:cutoff=120.6240:lock_atoms=13:total_atoms=131"",""oracle_mode"":""validated_o3a_zmatrix_corpus_lookup"",""pi_clash_lock"":38.24301048156124,""pi_clash_pocket"":2.649838659321331,""rust_reward_authority"":true,""selected_dihedral_deg"":60.0,""survival_tier"":""cryptic_rescue""}",true,true,PROJECTED,policy_generated_not_validated
389,near_random-001792,ANCHOR_043026,COc1cc(C)nc2ccc(CN)cc12,5.0,near_random,0.0,-10.915905952453613,11.239540100097656,38.5556505319199,4.0,2.3591912204163834,2.1138353334930797,30.669485865412984,6.0,normal,0.0,"{""adjusted_pi_clash"":2.3591912204163834,""cryptic_bonus"":6.0,""fragment_pi_complement"":4.0,""lock_proxy_method"":""intracellular_bottom_z_proxy_v1:z_min=117.4241:z_max=133.3995:cutoff=120.6192:lock_atoms=13:total_atoms=125"",""oracle_mode"":""validated_o3a_zmatrix_corpus_lookup"",""pi_clash_lock"":30.669485865412984,""pi_clash_pocket"":2.1138353334930797,""rust_reward_authority"":true,""selected_dihedral_deg"":0.0,""survival_tier"":""normal""}",true,true,PROJECTED,policy_generated_not_validated
390,focused-001541,ANCHOR_011038,CC(C)Cc1ccc2c(c1)N(C)C(=O)[C@@H](C)CO2,0.5,focused,300.0,-11.78007984161377,10.308391571044922,38.54200490115955,3.0,2.4422355552091486,2.2070573165593785,31.749062217718933,6.0,normal,300.0,"{""adjusted_pi_clash"":2.4422355552091486,""cryptic_bonus"":6.0,""fragment_pi_complement"":3.0,""lock_proxy_method"":""intracellular_bottom_z_proxy_v1:z_min=117.4241:z_max=133.3683:cutoff=120.6129:lock_atoms=13:total_atoms=135"",""oracle_mode"":""validated_o3a_zmatrix_corpus_lookup"",""pi_clash_lock"":31.749062217718933,""pi_clash_pocket"":2.2070573165593785,""rust_reward_authority"":true,""selected_dihedral_deg"":300.0,""survival_tier"":""normal""}",true,true,PROJECTED,policy_generated_not_validated
391,balanced-000562,ANCHOR_041120,COCC#CCN1CCCC[C@@H]1c1cccnc1,1.0,balanced,300.0,-11.95943546295166,11.055851936340332,38.49652492879265,4.0,2.327183565181216,2.0840449837443726,32.58056991253702,4.0,normal,300.0,"{""adjusted_pi_clash"":2.327183565181216,""cryptic_bonus"":4.0,""fragment_pi_complement"":4.0,""lock_proxy_method"":""intracellular_bottom_z_proxy_v1:z_min=117.4241:z_max=133.8062:cutoff=120.7005:lock_atoms=14:total_atoms=134"",""oracle_mode"":""validated_o3a_zmatrix_corpus_lookup"",""pi_clash_lock"":32.58056991253702,""pi_clash_pocket"":2.0840449837443726,""rust_reward_authority"":true,""selected_dihedral_deg"":300.0,""survival_tier"":""normal""}",true,true,PROJECTED,policy_generated_not_validated
392,exploitation-000248,ANCHOR_066172,Cc1cc(Cl)c2ccc(C(N)=O)cc2n1,0.1,exploitation,300.0,-9.732131958007812,1.7875181355903873e-25,38.46613221638127,3.0,1.9471012477784981,1.6874877480746984,31.15361996445597,6.0,normal,300.0,"{""adjusted_pi_clash"":1.9471012477784981,""cryptic_bonus"":6.0,""fragment_pi_complement"":3.0,""lock_proxy_method"":""intracellular_bottom_z_proxy_v1:z_min=117.4241:z_max=136.3369:cutoff=121.2067:lock_atoms=16:total_atoms=120"",""oracle_mode"":""validated_o3a_zmatrix_corpus_lookup"",""pi_clash_lock"":31.15361996445597,""pi_clash_pocket"":1.6874877480746984,""rust_reward_authority"":true,""selected_dihedral_deg"":300.0,""survival_tier"":""normal""}",true,true,PROJECTED,policy_generated_not_validated
393,balanced-001706,ANCHOR_090475,NC1(c2cc3c(o2)CCC3)CCCC1,1.0,balanced,0.0,-11.379858016967773,11.055851936340332,38.45182281088579,3.0,1.9471012477784981,1.7017971535701835,31.15361996445597,6.0,normal,0.0,"{""adjusted_pi_clash"":1.9471012477784981,""cryptic_bonus"":6.0,""fragment_pi_complement"":3.0,""lock_proxy_method"":""intracellular_bottom_z_proxy_v1:z_min=117.4241:z_max=135.9125:cutoff=121.1218:lock_atoms=16:total_atoms=127"",""oracle_mode"":""validated_o3a_zmatrix_corpus_lookup"",""pi_clash_lock"":31.15361996445597,""pi_clash_pocket"":1.7017971535701835,""rust_reward_authority"":true,""selected_dihedral_deg"":0.0,""survival_tier"":""normal""}",true,true,PROJECTED,policy_generated_not_validated
394,near_random-001919,ANCHOR_024185,CC[C@@H](NC)c1nc2c(C)cccc2[nH]1,5.0,near_random,180.0,-9.810824394226074,11.239540100097656,38.42689181576683,3.0,2.2100424341002864,1.9337871298377507,35.36067894560458,2.0,normal,60.0,"{""adjusted_pi_clash"":2.2100424341002864,""cryptic_bonus"":2.0,""fragment_pi_complement"":3.0,""lock_proxy_method"":""intracellular_bottom_z_proxy_v1:z_min=117.4241:z_max=136.2464:cutoff=121.1886:lock_atoms=16:total_atoms=128"",""oracle_mode"":""validated_o3a_zmatrix_corpus_lookup"",""pi_clash_lock"":35.36067894560458,""pi_clash_pocket"":1.9337871298377507,""rust_reward_authority"":true,""selected_dihedral_deg"":60.0,""survival_tier"":""normal""}",true,true,PROJECTED,policy_generated_not_validated
395,focused-001902,ANCHOR_099160,Nc1ccc([C@H]2CCCO2)cn1,0.5,focused,300.0,-9.642354965209961,10.308391571044922,38.42642087684949,2.0,2.472154069391321,2.183736094629,34.61015697147849,4.0,normal,300.0,"{""adjusted_pi_clash"":2.472154069391321,""cryptic_bonus"":4.0,""fragment_pi_complement"":2.0,""lock_proxy_method"":""intracellular_bottom_z_proxy_v1:z_min=117.4241:z_max=134.2792:cutoff=120.7951:lock_atoms=14:total_atoms=120"",""oracle_mode"":""validated_o3a_zmatrix_corpus_lookup"",""pi_clash_lock"":34.61015697147849,""pi_clash_pocket"":2.183736094629,""rust_reward_authority"":true,""selected_dihedral_deg"":300.0,""survival_tier"":""normal""}",true,true,PROJECTED,policy_generated_not_validated
396,focused-000967,ANCHOR_047663,COn1cc(CC#N)c2ccccc21,0.5,focused,180.0,-10.06491470336914,10.308391571044922,38.42227420655376,3.0,2.3955990500549245,2.116112494215183,33.53838670076894,4.0,normal,300.0,"{""adjusted_pi_clash"":2.3955990500549245,""cryptic_bonus"":4.0,""fragment_pi_complement"":3.0,""lock_proxy_method"":""intracellular_bottom_z_proxy_v1:z_min=117.4241:z_max=134.2089:cutoff=120.7810:lock_atoms=14:total_atoms=120"",""oracle_mode"":""validated_o3a_zmatrix_corpus_lookup"",""pi_clash_lock"":33.53838670076894,""pi_clash_pocket"":2.116112494215183,""rust_reward_authority"":true,""selected_dihedral_deg"":300.0,""survival_tier"":""normal""}",true,true,PROJECTED,policy_generated_not_validated
397,balanced-001672,ANCHOR_089264,N=C(Nc1ccc(F)cc1)C(F)(F)F,1.0,balanced,300.0,-11.495550155639648,11.055851936340332,38.420723524641595,5.0,3.3946680137229723,3.1312885988651558,30.55201212350675,6.0,cryptic_rescue,300.0,"{""adjusted_pi_clash"":3.3946680137229723,""cryptic_bonus"":6.0,""fragment_pi_complement"":5.0,""lock_proxy_method"":""intracellular_bottom_z_proxy_v1:z_min=117.4241:z_max=132.4266:cutoff=120.4246:lock_atoms=9:total_atoms=116"",""oracle_mode"":""validated_o3a_zmatrix_corpus_lookup"",""pi_clash_lock"":30.55201212350675,""pi_clash_pocket"":3.1312885988651558,""rust_reward_authority"":true,""selected_dihedral_deg"":300.0,""survival_tier"":""cryptic_rescue""}",true,true,PROJECTED,policy_generated_not_validated
398,exploration-001699,ANCHOR_083186,Clc1ccc(-c2[nH]nc3c2CNCC3)cc1,2.0,exploration,240.0,-9.895745277404785,11.206197738647461,38.420561264554635,3.0,1.9471012477784981,1.680159947679833,33.10072121223447,4.0,normal,300.0,"{""adjusted_pi_clash"":1.9471012477784981,""cryptic_bonus"":4.0,""fragment_pi_complement"":3.0,""lock_proxy_method"":""intracellular_bottom_z_proxy_v1:z_min=117.4241:z_max=136.6183:cutoff=121.2629:lock_atoms=17:total_atoms=124"",""oracle_mode"":""validated_o3a_zmatrix_corpus_lookup"",""pi_clash_lock"":33.10072121223447,""pi_clash_pocket"":1.680159947679833,""rust_reward_authority"":true,""selected_dihedral_deg"":300.0,""survival_tier"":""normal""}",true,true,PROJECTED,policy_generated_not_validated
399,near_random-000166,ANCHOR_027912,CCc1ccc(OC)c(C2(N)CC2)c1,5.0,near_random,60.0,-10.5894775390625,11.239540100097656,38.40686943575945,3.0,2.395599050054925,2.1315172650095002,33.538386700768946,4.0,normal,300.0,"{""adjusted_pi_clash"":2.395599050054925,""cryptic_bonus"":4.0,""fragment_pi_complement"":3.0,""lock_proxy_method"":""intracellular_bottom_z_proxy_v1:z_min=117.4241:z_max=134.3839:cutoff=120.8161:lock_atoms=14:total_atoms=127"",""oracle_mode"":""validated_o3a_zmatrix_corpus_lookup"",""pi_clash_lock"":33.538386700768946,""pi_clash_pocket"":2.1315172650095002,""rust_reward_authority"":true,""selected_dihedral_deg"":300.0,""survival_tier"":""normal""}",true,true,PROJECTED,policy_generated_not_validated
400,exploitation-001342,ANCHOR_098236,Nc1cc(-c2cc(F)ccc2Cl)no1,0.1,exploitation,180.0,-9.780879974365234,1.7875181355903873e-25,38.40658701603942,3.0,3.1111563568407967,2.8161329092093417,34.22271992524876,4.0,cryptic_rescue,180.0,"{""adjusted_pi_clash"":3.1111563568407967,""cryptic_bonus"":4.0,""fragment_pi_complement"":3.0,""lock_proxy_method"":""intracellular_bottom_z_proxy_v1:z_min=117.4241:z_max=132.4266:cutoff=120.4246:lock_atoms=11:total_atoms=116"",""oracle_mode"":""validated_o3a_zmatrix_corpus_lookup"",""pi_clash_lock"":34.22271992524876,""pi_clash_pocket"":2.8161329092093417,""rust_reward_authority"":true,""selected_dihedral_deg"":180.0,""survival_tier"":""cryptic_rescue""}",true,true,PROJECTED,policy_generated_not_validated
401,exploitation-000187,ANCHOR_047548,COc1n[nH]cc1[C@H]1CCCNC1,0.1,exploitation,240.0,-9.481908798217773,1.7875181355903873e-25,38.39978584886653,5.0,2.2420500893354545,1.9889154018298387,31.388701250696364,4.0,normal,240.0,"{""adjusted_pi_clash"":2.2420500893354545,""cryptic_bonus"":4.0,""fragment_pi_complement"":5.0,""lock_proxy_method"":""intracellular_bottom_z_proxy_v1:z_min=117.4241:z_max=134.0789:cutoff=120.7551:lock_atoms=14:total_atoms=124"",""oracle_mode"":""validated_o3a_zmatrix_corpus_lookup"",""pi_clash_lock"":31.388701250696364,""pi_clash_pocket"":1.9889154018298387,""rust_reward_authority"":true,""selected_dihedral_deg"":240.0,""survival_tier"":""normal""}",true,true,PROJECTED,policy_generated_not_validated
402,balanced-000170,ANCHOR_081140,Cc1nc2cc(CN)ccc2n1CC(C)C,1.0,balanced,0.0,-10.81865406036377,11.055851936340332,38.38857894170169,3.0,2.547410507491509,2.2751681631794396,35.663747104881125,2.0,cryptic_rescue,120.0,"{""adjusted_pi_clash"":2.547410507491509,""cryptic_bonus"":2.0,""fragment_pi_complement"":3.0,""lock_proxy_method"":""intracellular_bottom_z_proxy_v1:z_min=117.4241:z_max=132.4266:cutoff=120.4246:lock_atoms=14:total_atoms=131"",""oracle_mode"":""validated_o3a_zmatrix_corpus_lookup"",""pi_clash_lock"":35.663747104881125,""pi_clash_pocket"":2.2751681631794396,""rust_reward_authority"":true,""selected_dihedral_deg"":120.0,""survival_tier"":""cryptic_rescue""}",true,true,PROJECTED,policy_generated_not_validated
403,exploration-000904,ANCHOR_088326,N#Cc1ccc(F)c(Cn2ccnc2)c1,2.0,exploration,300.0,-11.740172386169434,11.206197738647461,38.36074589876988,3.0,1.942701073375125,1.6651723486072503,33.02591824737713,4.0,normal,300.0,"{""adjusted_pi_clash"":1.942701073375125,""cryptic_bonus"":4.0,""fragment_pi_complement"":3.0,""lock_proxy_method"":""intracellular_bottom_z_proxy_v1:z_min=117.4241:z_max=136.4500:cutoff=121.2293:lock_atoms=17:total_atoms=119"",""oracle_mode"":""validated_o3a_zmatrix_corpus_lookup"",""pi_clash_lock"":33.02591824737713,""pi_clash_pocket"":1.6651723486072503,""rust_reward_authority"":true,""selected_dihedral_deg"":300.0,""survival_tier"":""normal""}",true,true,PROJECTED,policy_generated_not_validated
404,exploration-000809,ANCHOR_075176,Cc1cccc(C2(C(=O)NC3CC3)CC2)c1,2.0,exploration,300.0,-10.492158889770508,11.206197738647461,38.34509533896724,3.0,2.3911988756515514,2.1316889201544837,33.47678425912172,4.0,normal,300.0,"{""adjusted_pi_clash"":2.3911988756515514,""cryptic_bonus"":4.0,""fragment_pi_complement"":3.0,""lock_proxy_method"":""intracellular_bottom_z_proxy_v1:z_min=117.4241:z_max=133.7837:cutoff=120.6960:lock_atoms=14:total_atoms=129"",""oracle_mode"":""validated_o3a_zmatrix_corpus_lookup"",""pi_clash_lock"":33.47678425912172,""pi_clash_pocket"":2.1316889201544837,""rust_reward_authority"":true,""selected_dihedral_deg"":300.0,""survival_tier"":""normal""}",true,true,PROJECTED,policy_generated_not_validated
405,balanced-001861,ANCHOR_070142,Cc1ccc(C)c2c1O[C@H]1CNC[C@H]1O2,1.0,balanced,0.0,-10.313958168029785,11.055851936340332,38.303206503939904,3.0,2.4211173898337233,2.171319563898498,31.474526067838404,6.0,normal,0.0,"{""adjusted_pi_clash"":2.4211173898337233,""cryptic_bonus"":6.0,""fragment_pi_complement"":3.0,""lock_proxy_method"":""intracellular_bottom_z_proxy_v1:z_min=117.4241:z_max=133.5468:cutoff=120.6486:lock_atoms=13:total_atoms=126"",""oracle_mode"":""validated_o3a_zmatrix_corpus_lookup"",""pi_clash_lock"":31.474526067838404,""pi_clash_pocket"":2.171319563898498,""rust_reward_authority"":true,""selected_dihedral_deg"":0.0,""survival_tier"":""normal""}",true,true,PROJECTED,policy_generated_not_validated
406,balanced-000062,ANCHOR_087535,N#C[C@H](CN1CCCC1)c1ccccc1,1.0,balanced,300.0,-11.363038063049316,11.055851936340332,38.30123959192467,3.0,2.4211173898337233,2.1732864759137356,31.474526067838404,6.0,normal,300.0,"{""adjusted_pi_clash"":2.4211173898337233,""cryptic_bonus"":6.0,""fragment_pi_complement"":3.0,""lock_proxy_method"":""intracellular_bottom_z_proxy_v1:z_min=117.4241:z_max=133.5286:cutoff=120.6450:lock_atoms=13:total_atoms=127"",""oracle_mode"":""validated_o3a_zmatrix_corpus_lookup"",""pi_clash_lock"":31.474526067838404,""pi_clash_pocket"":2.1732864759137356,""rust_reward_authority"":true,""selected_dihedral_deg"":300.0,""survival_tier"":""normal""}",true,true,PROJECTED,policy_generated_not_validated
407,near_random-000493,ANCHOR_065921,Cc1cc(CN2CC[C@@H](CN)C2)cc(C)c1O,5.0,near_random,0.0,-10.670778274536133,11.239540100097656,38.286553315544225,3.0,2.4211173898337233,2.1879727522941796,31.474526067838404,6.0,normal,0.0,"{""adjusted_pi_clash"":2.4211173898337233,""cryptic_bonus"":6.0,""fragment_pi_complement"":3.0,""lock_proxy_method"":""intracellular_bottom_z_proxy_v1:z_min=117.4241:z_max=133.4855:cutoff=120.6364:lock_atoms=13:total_atoms=135"",""oracle_mode"":""validated_o3a_zmatrix_corpus_lookup"",""pi_clash_lock"":31.474526067838404,""pi_clash_pocket"":2.1879727522941796,""rust_reward_authority"":true,""selected_dihedral_deg"":0.0,""survival_tier"":""normal""}",true,true,PROJECTED,policy_generated_not_validated
408,exploitation-000006,ANCHOR_088654,N#Cc1cccc(N2CCC[C@H](N)C2)c1,0.1,exploitation,300.0,-9.115279197692871,1.7875181355903873e-25,38.23979687519271,2.0,1.9981379273360953,1.7285478895209079,33.96834476471362,4.0,normal,300.0,"{""adjusted_pi_clash"":1.9981379273360953,""cryptic_bonus"":4.0,""fragment_pi_complement"":2.0,""lock_proxy_method"":""intracellular_bottom_z_proxy_v1:z_min=117.4241:z_max=137.0400:cutoff=121.3473:lock_atoms=17:total_atoms=126"",""oracle_mode"":""validated_o3a_zmatrix_corpus_lookup"",""pi_clash_lock"":33.96834476471362,""pi_clash_pocket"":1.7285478895209079,""rust_reward_authority"":true,""selected_dihedral_deg"":300.0,""survival_tier"":""normal""}",true,true,PROJECTED,policy_generated_not_validated
409,balanced-001757,ANCHOR_051646,C[C@@H]1CCC[C@@H](Oc2ccc(N)cn2)C1,1.0,balanced,300.0,-11.41700267791748,11.055851936340332,38.23352733942957,2.0,1.9981379273360953,1.7348174252840518,33.96834476471362,4.0,cryptic_rescue,300.0,"{""adjusted_pi_clash"":1.9981379273360953,""cryptic_bonus"":4.0,""fragment_pi_complement"":2.0,""lock_proxy_method"":""intracellular_bottom_z_proxy_v1:z_min=117.4241:z_max=137.4704:cutoff=121.4334:lock_atoms=17:total_atoms=129"",""oracle_mode"":""validated_o3a_zmatrix_corpus_lookup"",""pi_clash_lock"":33.96834476471362,""pi_clash_pocket"":1.7348174252840518,""rust_reward_authority"":true,""selected_dihedral_deg"":300.0,""survival_tier"":""cryptic_rescue""}",true,true,PROJECTED,policy_generated_not_validated
410,near_random-000384,ANCHOR_074700,Cc1cccc(-c2cc(C(N)=O)n[nH]2)c1,5.0,near_random,300.0,-11.193138122558594,11.239540100097656,38.14934797631547,5.0,3.3626603584878043,3.11459525007477,30.26394322639024,6.0,cryptic_rescue,300.0,"{""adjusted_pi_clash"":3.3626603584878043,""cryptic_bonus"":6.0,""fragment_pi_complement"":5.0,""lock_proxy_method"":""intracellular_bottom_z_proxy_v1:z_min=117.4241:z_max=132.4896:cutoff=120.4372:lock_atoms=9:total_atoms=122"",""oracle_mode"":""validated_o3a_zmatrix_corpus_lookup"",""pi_clash_lock"":30.26394322639024,""pi_clash_pocket"":3.11459525007477,""rust_reward_authority"":true,""selected_dihedral_deg"":300.0,""survival_tier"":""cryptic_rescue""}",true,true,PROJECTED,policy_generated_not_validated
411,balanced-001044,ANCHOR_063464,Cc1c[nH]c2ccc(C3CCNCC3)cc12,1.0,balanced,120.0,-11.62056827545166,11.055851936340332,38.099199702208395,4.0,2.274057744570622,2.0116664663509347,34.11086616855933,2.0,normal,60.0,"{""adjusted_pi_clash"":2.274057744570622,""cryptic_bonus"":2.0,""fragment_pi_complement"":4.0,""lock_proxy_method"":""intracellular_bottom_z_proxy_v1:z_min=117.4241:z_max=135.2121:cutoff=120.9817:lock_atoms=15:total_atoms=130"",""oracle_mode"":""validated_o3a_zmatrix_corpus_lookup"",""pi_clash_lock"":34.11086616855933,""pi_clash_pocket"":2.0116664663509347,""rust_reward_authority"":true,""selected_dihedral_deg"":60.0,""survival_tier"":""normal""}",true,true,PROJECTED,policy_generated_not_validated
412,exploration-000202,ANCHOR_094343,NCc1cc2cc(Cl)ccc2[nH]1,2.0,exploration,120.0,-11.861703872680664,11.206197738647461,38.095756484017514,4.0,1.864056912985733,1.5932110367399426,31.68896752075746,4.0,normal,120.0,"{""adjusted_pi_clash"":1.864056912985733,""cryptic_bonus"":4.0,""fragment_pi_complement"":4.0,""lock_proxy_method"":""intracellular_bottom_z_proxy_v1:z_min=117.4241:z_max=137.4490:cutoff=121.4291:lock_atoms=17:total_atoms=117"",""oracle_mode"":""validated_o3a_zmatrix_corpus_lookup"",""pi_clash_lock"":31.68896752075746,""pi_clash_pocket"":1.5932110367399426,""rust_reward_authority"":true,""selected_dihedral_deg"":120.0,""survival_tier"":""normal""}",true,true,PROJECTED,policy_generated_not_validated
413,balanced-001114,ANCHOR_083299,Clc1ccc2[nH]cc3c2c1CNC3,1.0,balanced,0.0,-10.540377616882324,11.055851936340332,38.09224525006307,3.0,2.370080710276126,2.0888846938026875,33.18112994386576,4.0,normal,0.0,"{""adjusted_pi_clash"":2.370080710276126,""cryptic_bonus"":4.0,""fragment_pi_complement"":3.0,""lock_proxy_method"":""intracellular_bottom_z_proxy_v1:z_min=117.4241:z_max=133.9893:cutoff=120.7371:lock_atoms=14:total_atoms=118"",""oracle_mode"":""validated_o3a_zmatrix_corpus_lookup"",""pi_clash_lock"":33.18112994386576,""pi_clash_pocket"":2.0888846938026875,""rust_reward_authority"":true,""selected_dihedral_deg"":0.0,""survival_tier"":""normal""}",true,true,PROJECTED,policy_generated_not_validated
414,exploration-000026,ANCHOR_043892,COc1ccc(C(=O)Nc2cccnc2)cc1F,2.0,exploration,180.0,-11.842354774475098,11.206197738647461,38.076498273140565,3.0,2.370080710276126,2.1046316707252,33.18112994386576,4.0,normal,180.0,"{""adjusted_pi_clash"":2.370080710276126,""cryptic_bonus"":4.0,""fragment_pi_complement"":3.0,""lock_proxy_method"":""intracellular_bottom_z_proxy_v1:z_min=117.4241:z_max=134.3397:cutoff=120.8072:lock_atoms=14:total_atoms=125"",""oracle_mode"":""validated_o3a_zmatrix_corpus_lookup"",""pi_clash_lock"":33.18112994386576,""pi_clash_pocket"":2.1046316707252,""rust_reward_authority"":true,""selected_dihedral_deg"":180.0,""survival_tier"":""normal""}",true,true,PROJECTED,policy_generated_not_validated
415,focused-000120,ANCHOR_062588,Cc1c(C(=O)Nc2ccc(F)cc2)cnn1C,0.5,focused,300.0,-11.494159698486328,10.308391571044922,38.076498273140565,3.0,2.370080710276126,2.1046316707252,33.18112994386576,4.0,normal,300.0,"{""adjusted_pi_clash"":2.370080710276126,""cryptic_bonus"":4.0,""fragment_pi_complement"":3.0,""lock_proxy_method"":""intracellular_bottom_z_proxy_v1:z_min=117.4241:z_max=134.0682:cutoff=120.7529:lock_atoms=14:total_atoms=125"",""oracle_mode"":""validated_o3a_zmatrix_corpus_lookup"",""pi_clash_lock"":33.18112994386576,""pi_clash_pocket"":2.1046316707252,""rust_reward_authority"":true,""selected_dihedral_deg"":300.0,""survival_tier"":""normal""}",true,true,PROJECTED,policy_generated_not_validated
416,focused-000236,ANCHOR_074493,Cc1ccc2nc(SCC#N)[nH]c2c1,0.5,focused,180.0,-9.712449073791504,10.308391571044922,38.07342333577473,4.0,2.2705159886717388,1.9843164943013516,34.05773983007608,2.0,normal,60.0,"{""adjusted_pi_clash"":2.2705159886717388,""cryptic_bonus"":2.0,""fragment_pi_complement"":4.0,""lock_proxy_method"":""intracellular_bottom_z_proxy_v1:z_min=117.4241:z_max=135.2989:cutoff=120.9991:lock_atoms=15:total_atoms=119"",""oracle_mode"":""validated_o3a_zmatrix_corpus_lookup"",""pi_clash_lock"":34.05773983007608,""pi_clash_pocket"":1.9843164943013516,""rust_reward_authority"":true,""selected_dihedral_deg"":60.0,""survival_tier"":""normal""}",true,true,PROJECTED,policy_generated_not_validated
417,near_random-000684,ANCHOR_098117,Nc1c(F)cc([C@@H]2CCCN2)cc1F,5.0,near_random,300.0,-11.671457290649414,11.239540100097656,38.06903493188099,4.0,2.412317041026977,2.1157206835236604,36.184755615404654,0.0,normal,300.0,"{""adjusted_pi_clash"":2.412317041026977,""cryptic_bonus"":0.0,""fragment_pi_complement"":4.0,""lock_proxy_method"":""intracellular_bottom_z_proxy_v1:z_min=117.4241:z_max=135.2833:cutoff=120.9959:lock_atoms=15:total_atoms=122"",""oracle_mode"":""validated_o3a_zmatrix_corpus_lookup"",""pi_clash_lock"":36.184755615404654,""pi_clash_pocket"":2.1157206835236604,""rust_reward_authority"":true,""selected_dihedral_deg"":300.0,""survival_tier"":""normal""}",true,true,PROJECTED,policy_generated_not_validated
418,near_random-000489,ANCHOR_059664,C[C@H]1CN(Cc2ccc(O)cc2)[C@@H](C)CN1,5.0,near_random,180.0,-10.689485549926758,11.239540100097656,38.06497854353504,4.0,1.864056912985733,1.623988977222419,31.68896752075746,4.0,normal,0.0,"{""adjusted_pi_clash"":1.864056912985733,""cryptic_bonus"":4.0,""fragment_pi_complement"":4.0,""lock_proxy_method"":""intracellular_bottom_z_proxy_v1:z_min=117.4241:z_max=136.4472:cutoff=121.2287:lock_atoms=17:total_atoms=132"",""oracle_mode"":""validated_o3a_zmatrix_corpus_lookup"",""pi_clash_lock"":31.68896752075746,""pi_clash_pocket"":1.623988977222419,""rust_reward_authority"":true,""selected_dihedral_deg"":0.0,""survival_tier"":""normal""}",true,true,PROJECTED,policy_generated_not_validated
419,near_random-000386,ANCHOR_043933,COc1ccc(C(C)(C)C)cc1[C@H](O)C(N)=O,5.0,near_random,240.0,-11.598787307739258,11.239540100097656,38.06242143013407,3.0,2.370080710276126,2.1187085137316886,33.18112994386576,4.0,normal,60.0,"{""adjusted_pi_clash"":2.370080710276126,""cryptic_bonus"":4.0,""fragment_pi_complement"":3.0,""lock_proxy_method"":""intracellular_bottom_z_proxy_v1:z_min=117.4241:z_max=133.9444:cutoff=120.7282:lock_atoms=14:total_atoms=132"",""oracle_mode"":""validated_o3a_zmatrix_corpus_lookup"",""pi_clash_lock"":33.18112994386576,""pi_clash_pocket"":2.1187085137316886,""rust_reward_authority"":true,""selected_dihedral_deg"":60.0,""survival_tier"":""normal""}",true,true,PROJECTED,policy_generated_not_validated
420,exploration-000123,ANCHOR_067254,Cc1cc([C@@H](CN)C2CCCCCC2)no1,2.0,exploration,180.0,-11.561239242553711,11.206197738647461,38.04068711646226,4.0,2.86961519211015,2.6554648046392435,28.6961519211015,8.0,cryptic_rescue,240.0,"{""adjusted_pi_clash"":2.86961519211015,""cryptic_bonus"":8.0,""fragment_pi_complement"":4.0,""lock_proxy_method"":""intracellular_bottom_z_proxy_v1:z_min=117.4241:z_max=132.9660:cutoff=120.5325:lock_atoms=10:total_atoms=134"",""oracle_mode"":""validated_o3a_zmatrix_corpus_lookup"",""pi_clash_lock"":28.6961519211015,""pi_clash_pocket"":2.6554648046392435,""rust_reward_authority"":true,""selected_dihedral_deg"":240.0,""survival_tier"":""cryptic_rescue""}",true,true,PROJECTED,policy_generated_not_validated
421,balanced-000967,ANCHOR_071890,Cc1ccc(NS(=O)(=O)c2ccccc2)nc1,1.0,balanced,300.0,-11.740238189697266,11.055851936340332,38.02259259990236,4.0,2.4422355552091486,2.168705173025724,34.19129777292808,2.0,normal,300.0,"{""adjusted_pi_clash"":2.4422355552091486,""cryptic_bonus"":2.0,""fragment_pi_complement"":4.0,""lock_proxy_method"":""intracellular_bottom_z_proxy_v1:z_min=117.4241:z_max=133.9926:cutoff=120.7378:lock_atoms=14:total_atoms=125"",""oracle_mode"":""validated_o3a_zmatrix_corpus_lookup"",""pi_clash_lock"":34.19129777292808,""pi_clash_pocket"":2.168705173025724,""rust_reward_authority"":true,""selected_dihedral_deg"":300.0,""survival_tier"":""normal""}",true,true,PROJECTED,policy_generated_not_validated
422,balanced-000558,ANCHOR_024564,CC[C@@H]1CN(Cc2c(F)cccc2F)CCN1,1.0,balanced,0.0,-11.74267864227295,11.055851936340332,37.99469224888065,3.0,1.9215829079996998,1.6722171871142426,32.666909435994896,4.0,normal,0.0,"{""adjusted_pi_clash"":1.9215829079996998,""cryptic_bonus"":4.0,""fragment_pi_complement"":3.0,""lock_proxy_method"":""intracellular_bottom_z_proxy_v1:z_min=117.4241:z_max=137.0617:cutoff=121.3516:lock_atoms=17:total_atoms=131"",""oracle_mode"":""validated_o3a_zmatrix_corpus_lookup"",""pi_clash_lock"":32.666909435994896,""pi_clash_pocket"":1.6722171871142426,""rust_reward_authority"":true,""selected_dihedral_deg"":0.0,""survival_tier"":""normal""}",true,true,PROJECTED,policy_generated_not_validated
423,near_random-001834,ANCHOR_013886,CC(C)c1cc2c(s1)CCNCC2,5.0,near_random,300.0,-11.272153854370117,11.239540100097656,37.987881482906246,5.0,3.343631334165375,3.104800524582134,30.092682007488378,6.0,cryptic_rescue,300.0,"{""adjusted_pi_clash"":3.343631334165375,""cryptic_bonus"":6.0,""fragment_pi_complement"":5.0,""lock_proxy_method"":""intracellular_bottom_z_proxy_v1:z_min=117.4241:z_max=132.4266:cutoff=120.4246:lock_atoms=9:total_atoms=126"",""oracle_mode"":""validated_o3a_zmatrix_corpus_lookup"",""pi_clash_lock"":30.092682007488378,""pi_clash_pocket"":3.104800524582134,""rust_reward_authority"":true,""selected_dihedral_deg"":300.0,""survival_tier"":""cryptic_rescue""}",true,true,PROJECTED,policy_generated_not_validated
424,exploration-000635,ANCHOR_054558,C[C@@H]1c2cccn2CCN1C(=O)CC(C)(C)C,2.0,exploration,240.0,-10.66726303100586,11.206197738647461,37.98730363492849,3.0,1.9215829079996993,1.679605801066404,32.66690943599489,4.0,normal,0.0,"{""adjusted_pi_clash"":1.9215829079996993,""cryptic_bonus"":4.0,""fragment_pi_complement"":3.0,""lock_proxy_method"":""intracellular_bottom_z_proxy_v1:z_min=117.4241:z_max=136.8541:cutoff=121.3101:lock_atoms=17:total_atoms=135"",""oracle_mode"":""validated_o3a_zmatrix_corpus_lookup"",""pi_clash_lock"":32.66690943599489,""pi_clash_pocket"":1.679605801066404,""rust_reward_authority"":true,""selected_dihedral_deg"":0.0,""survival_tier"":""normal""}",true,true,PROJECTED,policy_generated_not_validated
425,exploration-001794,ANCHOR_094703,NCc1ccccc1Nc1cccnc1,2.0,exploration,60.0,-10.067002296447754,11.206197738647461,37.97504834456242,4.0,1.9814622662297547,1.7098101813434174,33.68485852590583,2.0,normal,120.0,"{""adjusted_pi_clash"":1.9814622662297547,""cryptic_bonus"":2.0,""fragment_pi_complement"":4.0,""lock_proxy_method"":""intracellular_bottom_z_proxy_v1:z_min=117.4241:z_max=136.8634:cutoff=121.3120:lock_atoms=17:total_atoms=124"",""oracle_mode"":""validated_o3a_zmatrix_corpus_lookup"",""pi_clash_lock"":33.68485852590583,""pi_clash_pocket"":1.7098101813434174,""rust_reward_authority"":true,""selected_dihedral_deg"":120.0,""survival_tier"":""normal""}",true,true,PROJECTED,policy_generated_not_validated
426,balanced-001359,ANCHOR_008960,CC(C)(C)c1nc2c([nH]1)C[C@@H]([C@H](N)C1CC1)CC2,1.0,balanced,240.0,-11.608152389526367,11.055851936340332,37.9706832766107,2.0,2.4079168666236037,2.1480697227433585,36.11875299935406,2.0,normal,240.0,"{""adjusted_pi_clash"":2.4079168666236037,""cryptic_bonus"":2.0,""fragment_pi_complement"":2.0,""lock_proxy_method"":""intracellular_bottom_z_proxy_v1:z_min=117.4241:z_max=134.5841:cutoff=120.8561:lock_atoms=15:total_atoms=139"",""oracle_mode"":""validated_o3a_zmatrix_corpus_lookup"",""pi_clash_lock"":36.11875299935406,""pi_clash_pocket"":2.1480697227433585,""rust_reward_authority"":true,""selected_dihedral_deg"":240.0,""survival_tier"":""normal""}",true,true,PROJECTED,policy_generated_not_validated
427,exploration-000097,ANCHOR_088037,N#Cc1cc(Cl)ccc1NCc1ncc[nH]1,2.0,exploration,240.0,-11.959178924560547,11.206197738647461,37.96431921262587,5.0,2.8440968523313512,2.632552458356292,25.59687167098216,10.0,cryptic_rescue,240.0,"{""adjusted_pi_clash"":2.8440968523313512,""cryptic_bonus"":10.0,""fragment_pi_complement"":5.0,""lock_proxy_method"":""intracellular_bottom_z_proxy_v1:z_min=117.4241:z_max=132.4266:cutoff=120.4246:lock_atoms=9:total_atoms=121"",""oracle_mode"":""validated_o3a_zmatrix_corpus_lookup"",""pi_clash_lock"":25.59687167098216,""pi_clash_pocket"":2.632552458356292,""rust_reward_authority"":true,""selected_dihedral_deg"":240.0,""survival_tier"":""cryptic_rescue""}",true,true,PROJECTED,policy_generated_not_validated
428,exploitation-000190,ANCHOR_076077,Cc1cccc([C@H](CN)n2nc(C)cc2C)c1,0.1,exploitation,240.0,-9.868318557739258,1.7875181355903873e-25,37.909318551651054,4.0,2.4721540693913204,2.2286843504361147,32.138002902087166,4.0,normal,240.0,"{""adjusted_pi_clash"":2.4721540693913204,""cryptic_bonus"":4.0,""fragment_pi_complement"":4.0,""lock_proxy_method"":""intracellular_bottom_z_proxy_v1:z_min=117.4241:z_max=133.5692:cutoff=120.6531:lock_atoms=13:total_atoms=132"",""oracle_mode"":""validated_o3a_zmatrix_corpus_lookup"",""pi_clash_lock"":32.138002902087166,""pi_clash_pocket"":2.2286843504361147,""rust_reward_authority"":true,""selected_dihedral_deg"":240.0,""survival_tier"":""normal""}",true,true,PROJECTED,policy_generated_not_validated
429,near_random-001285,ANCHOR_072323,Cc1ccc([C@@H](C)N2CCCNCCC2)cc1,5.0,near_random,0.0,-10.748343467712402,11.239540100097656,37.88083077469652,1.0,2.472154069391321,2.2014802661732933,37.08231104086981,2.0,cryptic_rescue,0.0,"{""adjusted_pi_clash"":2.472154069391321,""cryptic_bonus"":2.0,""fragment_pi_complement"":1.0,""lock_proxy_method"":""intracellular_bottom_z_proxy_v1:z_min=117.4241:z_max=134.4927:cutoff=120.8378:lock_atoms=15:total_atoms=137"",""oracle_mode"":""validated_o3a_zmatrix_corpus_lookup"",""pi_clash_lock"":37.08231104086981,""pi_clash_pocket"":2.2014802661732933,""rust_reward_authority"":true,""selected_dihedral_deg"":0.0,""survival_tier"":""cryptic_rescue""}",true,true,PROJECTED,policy_generated_not_validated
430,near_random-000101,ANCHOR_067215,Cc1cc([C@@H](C)N)c2ncccc2c1,5.0,near_random,60.0,-11.401814460754395,11.239540100097656,37.86200360441721,3.0,1.8000416025153971,1.5387452408599362,32.40074884527715,4.0,normal,0.0,"{""adjusted_pi_clash"":1.8000416025153971,""cryptic_bonus"":4.0,""fragment_pi_complement"":3.0,""lock_proxy_method"":""intracellular_bottom_z_proxy_v1:z_min=117.4241:z_max=138.3159:cutoff=121.6025:lock_atoms=18:total_atoms=124"",""oracle_mode"":""validated_o3a_zmatrix_corpus_lookup"",""pi_clash_lock"":32.40074884527715,""pi_clash_pocket"":1.5387452408599362,""rust_reward_authority"":true,""selected_dihedral_deg"":0.0,""survival_tier"":""normal""}",true,true,PROJECTED,policy_generated_not_validated
431,exploration-001603,ANCHOR_008763,CC(C)(C)c1ccc([C@@H]2OC[C@H](CN)O2)cc1,2.0,exploration,120.0,-11.718025207519531,11.206197738647461,37.84718739116396,3.0,1.9127825591929528,1.670116115116235,32.5173035062802,4.0,normal,60.0,"{""adjusted_pi_clash"":1.9127825591929528,""cryptic_bonus"":4.0,""fragment_pi_complement"":3.0,""lock_proxy_method"":""intracellular_bottom_z_proxy_v1:z_min=117.4241:z_max=136.9014:cutoff=121.3196:lock_atoms=17:total_atoms=134"",""oracle_mode"":""validated_o3a_zmatrix_corpus_lookup"",""pi_clash_lock"":32.5173035062802,""pi_clash_pocket"":1.670116115116235,""rust_reward_authority"":true,""selected_dihedral_deg"":60.0,""survival_tier"":""normal""}",true,true,PROJECTED,policy_generated_not_validated
432,exploration-000295,ANCHOR_074989,Cc1cccc(C(=O)Nc2ccc(F)cc2)n1,2.0,exploration,300.0,-11.802721977233887,11.206197738647461,37.81572901591815,6.0,3.44570469328057,3.19561322360698,31.011342239525128,4.0,cryptic_rescue,300.0,"{""adjusted_pi_clash"":3.44570469328057,""cryptic_bonus"":4.0,""fragment_pi_complement"":6.0,""lock_proxy_method"":""intracellular_bottom_z_proxy_v1:z_min=117.4241:z_max=132.4266:cutoff=120.4246:lock_atoms=9:total_atoms=124"",""oracle_mode"":""validated_o3a_zmatrix_corpus_lookup"",""pi_clash_lock"":31.011342239525128,""pi_clash_pocket"":3.19561322360698,""rust_reward_authority"":true,""selected_dihedral_deg"":300.0,""survival_tier"":""cryptic_rescue""}",true,true,PROJECTED,policy_generated_not_validated
433,exploration-000573,ANCHOR_065409,Cc1cc(C)cc([C@@H]2CCNCCO2)c1,2.0,exploration,120.0,-11.947877883911133,11.206197738647461,37.81035562213825,3.0,1.58768386217803,1.3556377592443178,30.16599338138257,6.0,normal,120.0,"{""adjusted_pi_clash"":1.58768386217803,""cryptic_bonus"":6.0,""fragment_pi_complement"":3.0,""lock_proxy_method"":""intracellular_bottom_z_proxy_v1:z_min=117.4241:z_max=132.4266:cutoff=120.4246:lock_atoms=19:total_atoms=130"",""oracle_mode"":""validated_o3a_zmatrix_corpus_lookup"",""pi_clash_lock"":30.16599338138257,""pi_clash_pocket"":1.3556377592443178,""rust_reward_authority"":true,""selected_dihedral_deg"":120.0,""survival_tier"":""normal""}",true,true,PROJECTED,policy_generated_not_validated
434,exploitation-001598,ANCHOR_065282,Cc1cc(C)cc(C[C@@H](N)c2ccncc2)c1,0.1,exploitation,120.0,-9.625770568847656,1.7875181355903873e-25,37.80577975135693,4.0,2.274057744570622,2.031028672631777,31.836808423988707,4.0,normal,120.0,"{""adjusted_pi_clash"":2.274057744570622,""cryptic_bonus"":4.0,""fragment_pi_complement"":4.0,""lock_proxy_method"":""intracellular_bottom_z_proxy_v1:z_min=117.4241:z_max=134.2412:cutoff=120.7875:lock_atoms=14:total_atoms=131"",""oracle_mode"":""validated_o3a_zmatrix_corpus_lookup"",""pi_clash_lock"":31.836808423988707,""pi_clash_pocket"":2.031028672631777,""rust_reward_authority"":true,""selected_dihedral_deg"":120.0,""survival_tier"":""normal""}",true,true,PROJECTED,policy_generated_not_validated
435,balanced-000868,ANCHOR_090837,NC1CCN(C[C@H]2CC=CCC2)CC1,1.0,balanced,60.0,-9.62735366821289,11.055851936340332,37.80393862202406,4.0,2.2740577445706225,2.0328698019646474,31.836808423988714,4.0,normal,120.0,"{""adjusted_pi_clash"":2.2740577445706225,""cryptic_bonus"":4.0,""fragment_pi_complement"":4.0,""lock_proxy_method"":""intracellular_bottom_z_proxy_v1:z_min=117.4241:z_max=133.8945:cutoff=120.7182:lock_atoms=14:total_atoms=132"",""oracle_mode"":""validated_o3a_zmatrix_corpus_lookup"",""pi_clash_lock"":31.836808423988714,""pi_clash_pocket"":2.0328698019646474,""rust_reward_authority"":true,""selected_dihedral_deg"":120.0,""survival_tier"":""normal""}",true,true,PROJECTED,policy_generated_not_validated
436,balanced-000071,ANCHOR_044661,COc1ccc(F)cc1[C@H](O)[C@H](C)N,1.0,balanced,300.0,-11.93105411529541,11.055851936340332,37.785734736943255,5.0,3.3181129943865764,3.0772822125359376,29.86301694947919,6.0,cryptic_rescue,300.0,"{""adjusted_pi_clash"":3.3181129943865764,""cryptic_bonus"":6.0,""fragment_pi_complement"":5.0,""lock_proxy_method"":""intracellular_bottom_z_proxy_v1:z_min=117.4241:z_max=132.4266:cutoff=120.4246:lock_atoms=9:total_atoms=124"",""oracle_mode"":""validated_o3a_zmatrix_corpus_lookup"",""pi_clash_lock"":29.86301694947919,""pi_clash_pocket"":3.0772822125359376,""rust_reward_authority"":true,""selected_dihedral_deg"":300.0,""survival_tier"":""cryptic_rescue""}",true,true,PROJECTED,policy_generated_not_validated
437,exploration-000943,ANCHOR_016290,CC1=CCC(N)=NC1,2.0,exploration,300.0,-10.82869815826416,11.206197738647461,37.776473018583324,3.0,2.4976724091701192,2.19094070979835,34.96741372838167,2.0,normal,300.0,"{""adjusted_pi_clash"":2.4976724091701192,""cryptic_bonus"":2.0,""fragment_pi_complement"":3.0,""lock_proxy_method"":""intracellular_bottom_z_proxy_v1:z_min=117.4241:z_max=133.7130:cutoff=120.6819:lock_atoms=14:total_atoms=114"",""oracle_mode"":""validated_o3a_zmatrix_corpus_lookup"",""pi_clash_lock"":34.96741372838167,""pi_clash_pocket"":2.19094070979835,""rust_reward_authority"":true,""selected_dihedral_deg"":300.0,""survival_tier"":""normal""}",true,true,PROJECTED,policy_generated_not_validated
438,balanced-001621,ANCHOR_001062,C#CC[C@]1(CC)C(=O)N(C)c2ccccc21,1.0,balanced,300.0,-10.17711067199707,11.055851936340332,37.74142089821377,4.0,2.4211173898337233,2.154222559458352,33.89564345767212,2.0,normal,300.0,"{""adjusted_pi_clash"":2.4211173898337233,""cryptic_bonus"":2.0,""fragment_pi_complement"":4.0,""lock_proxy_method"":""intracellular_bottom_z_proxy_v1:z_min=117.4241:z_max=134.2124:cutoff=120.7818:lock_atoms=14:total_atoms=127"",""oracle_mode"":""validated_o3a_zmatrix_corpus_lookup"",""pi_clash_lock"":33.89564345767212,""pi_clash_pocket"":2.154222559458352,""rust_reward_authority"":true,""selected_dihedral_deg"":300.0,""survival_tier"":""normal""}",true,true,PROJECTED,policy_generated_not_validated
439,balanced-001503,ANCHOR_041713,CO[C@@H]1CCCC[C@H]1Nc1ccc(O)cc1,1.0,balanced,300.0,-10.359870910644531,11.055851936340332,37.73327143774429,2.0,2.4211173898337233,2.162372019927829,33.89564345767212,4.0,normal,300.0,"{""adjusted_pi_clash"":2.4211173898337233,""cryptic_bonus"":4.0,""fragment_pi_complement"":2.0,""lock_proxy_method"":""intracellular_bottom_z_proxy_v1:z_min=117.4241:z_max=134.2825:cutoff=120.7958:lock_atoms=14:total_atoms=131"",""oracle_mode"":""validated_o3a_zmatrix_corpus_lookup"",""pi_clash_lock"":33.89564345767212,""pi_clash_pocket"":2.162372019927829,""rust_reward_authority"":true,""selected_dihedral_deg"":300.0,""survival_tier"":""normal""}",true,true,PROJECTED,policy_generated_not_validated
440,exploration-000894,ANCHOR_042883,COc1cc(C)c2c(c1C)C(=O)NCCC2,2.0,exploration,300.0,-11.871376037597656,11.206197738647461,37.7129259309454,4.0,2.946170211446546,2.6949463949666077,32.40787232591201,4.0,cryptic_rescue,300.0,"{""adjusted_pi_clash"":2.946170211446546,""cryptic_bonus"":4.0,""fragment_pi_complement"":4.0,""lock_proxy_method"":""intracellular_bottom_z_proxy_v1:z_min=117.4241:z_max=133.2199:cutoff=120.5833:lock_atoms=11:total_atoms=129"",""oracle_mode"":""validated_o3a_zmatrix_corpus_lookup"",""pi_clash_lock"":32.40787232591201,""pi_clash_pocket"":2.6949463949666077,""rust_reward_authority"":true,""selected_dihedral_deg"":300.0,""survival_tier"":""cryptic_rescue""}",true,true,PROJECTED,policy_generated_not_validated
441,exploration-000818,ANCHOR_080051,Cc1nc(C(C)(C)C)c([C@@H](C)N)s1,2.0,exploration,60.0,-11.695612907409668,11.206197738647461,37.711548221565636,4.0,1.8320492577505652,1.6012399024434074,29.312788124009042,6.0,normal,60.0,"{""adjusted_pi_clash"":1.8320492577505652,""cryptic_bonus"":6.0,""fragment_pi_complement"":4.0,""lock_proxy_method"":""intracellular_bottom_z_proxy_v1:z_min=117.4241:z_max=135.6116:cutoff=121.0616:lock_atoms=16:total_atoms=127"",""oracle_mode"":""validated_o3a_zmatrix_corpus_lookup"",""pi_clash_lock"":29.312788124009042,""pi_clash_pocket"":1.6012399024434074,""rust_reward_authority"":true,""selected_dihedral_deg"":60.0,""survival_tier"":""normal""}",true,true,PROJECTED,policy_generated_not_validated
442,balanced-000459,ANCHOR_062003,Cc1[nH]c(CN)nc1-c1c[nH]c2ccccc12,1.0,balanced,120.0,-9.850207328796387,11.055851936340332,37.683575210192174,3.0,2.370080710276126,2.1274740233974674,30.81104923358964,6.0,normal,120.0,"{""adjusted_pi_clash"":2.370080710276126,""cryptic_bonus"":6.0,""fragment_pi_complement"":3.0,""lock_proxy_method"":""intracellular_bottom_z_proxy_v1:z_min=117.4241:z_max=133.3854:cutoff=120.6164:lock_atoms=13:total_atoms=127"",""oracle_mode"":""validated_o3a_zmatrix_corpus_lookup"",""pi_clash_lock"":30.81104923358964,""pi_clash_pocket"":2.1274740233974674,""rust_reward_authority"":true,""selected_dihedral_deg"":120.0,""survival_tier"":""normal""}",true,true,PROJECTED,policy_generated_not_validated
443,exploration-000058,ANCHOR_095194,N[C@@H](CC(=O)N1CCNCC1)C1CC1,2.0,exploration,0.0,-11.704984664916992,11.206197738647461,37.67613932247269,3.0,1.896064568220901,1.6608937690617194,30.337033091534416,6.0,normal,0.0,"{""adjusted_pi_clash"":1.896064568220901,""cryptic_bonus"":6.0,""fragment_pi_complement"":3.0,""lock_proxy_method"":""intracellular_bottom_z_proxy_v1:z_min=117.4241:z_max=135.9246:cutoff=121.1242:lock_atoms=16:total_atoms=129"",""oracle_mode"":""validated_o3a_zmatrix_corpus_lookup"",""pi_clash_lock"":30.337033091534416,""pi_clash_pocket"":1.6608937690617194,""rust_reward_authority"":true,""selected_dihedral_deg"":0.0,""survival_tier"":""normal""}",true,true,PROJECTED,policy_generated_not_validated
444,exploration-001127,ANCHOR_023861,CC[C@@H](C)c1csc(C2(N)CCC2)n1,2.0,exploration,120.0,-11.789609909057617,11.206197738647461,37.651441495540354,4.0,2.242050089335454,1.9793098444914554,33.63075134003181,2.0,normal,120.0,"{""adjusted_pi_clash"":2.242050089335454,""cryptic_bonus"":2.0,""fragment_pi_complement"":4.0,""lock_proxy_method"":""intracellular_bottom_z_proxy_v1:z_min=117.4241:z_max=134.9903:cutoff=120.9373:lock_atoms=15:total_atoms=128"",""oracle_mode"":""validated_o3a_zmatrix_corpus_lookup"",""pi_clash_lock"":33.63075134003181,""pi_clash_pocket"":1.9793098444914554,""rust_reward_authority"":true,""selected_dihedral_deg"":120.0,""survival_tier"":""normal""}",true,true,PROJECTED,policy_generated_not_validated
445,balanced-001112,ANCHOR_114565,c1cnc2c(OC[C@@H]3CCCNC3)cccc2c1,1.0,balanced,0.0,-10.263504981994629,11.055851936340332,37.642927160764074,3.0,2.338073055040958,2.090095609809341,32.73302277057341,4.0,normal,60.0,"{""adjusted_pi_clash"":2.338073055040958,""cryptic_bonus"":4.0,""fragment_pi_complement"":3.0,""lock_proxy_method"":""intracellular_bottom_z_proxy_v1:z_min=117.4241:z_max=134.2794:cutoff=120.7952:lock_atoms=14:total_atoms=132"",""oracle_mode"":""validated_o3a_zmatrix_corpus_lookup"",""pi_clash_lock"":32.73302277057341,""pi_clash_pocket"":2.090095609809341,""rust_reward_authority"":true,""selected_dihedral_deg"":60.0,""survival_tier"":""normal""}",true,true,PROJECTED,policy_generated_not_validated
446,exploration-001358,ANCHOR_065658,Cc1cc(C2(CN)CCC2)c2cc(O)ccc2n1,2.0,exploration,120.0,-11.03721809387207,11.206197738647461,37.642927160764074,3.0,2.338073055040958,2.090095609809341,32.73302277057341,4.0,normal,120.0,"{""adjusted_pi_clash"":2.338073055040958,""cryptic_bonus"":4.0,""fragment_pi_complement"":3.0,""lock_proxy_method"":""intracellular_bottom_z_proxy_v1:z_min=117.4241:z_max=133.7672:cutoff=120.6927:lock_atoms=14:total_atoms=132"",""oracle_mode"":""validated_o3a_zmatrix_corpus_lookup"",""pi_clash_lock"":32.73302277057341,""pi_clash_pocket"":2.090095609809341,""rust_reward_authority"":true,""selected_dihedral_deg"":120.0,""survival_tier"":""normal""}",true,true,PROJECTED,policy_generated_not_validated
447,exploration-000662,ANCHOR_092926,NC[C@@H](c1ccco1)n1cccc1,2.0,exploration,240.0,-11.41207504272461,11.206197738647461,37.61588485430769,4.0,3.420186353501771,3.165792327208251,30.78167718151594,6.0,cryptic_rescue,300.0,"{""adjusted_pi_clash"":3.420186353501771,""cryptic_bonus"":6.0,""fragment_pi_complement"":4.0,""lock_proxy_method"":""intracellular_bottom_z_proxy_v1:z_min=117.4241:z_max=132.4266:cutoff=120.4246:lock_atoms=9:total_atoms=121"",""oracle_mode"":""validated_o3a_zmatrix_corpus_lookup"",""pi_clash_lock"":30.78167718151594,""pi_clash_pocket"":3.165792327208251,""rust_reward_authority"":true,""selected_dihedral_deg"":300.0,""survival_tier"":""cryptic_rescue""}",true,true,PROJECTED,policy_generated_not_validated
448,near_random-001474,ANCHOR_095385,N[C@@H](C[C@H]1CCCO1)c1cnc2ccccc2c1,5.0,near_random,60.0,-11.261677742004395,11.239540100097656,37.58122322532044,3.0,1.896064568220901,1.651874434434876,32.233097659755316,4.0,normal,60.0,"{""adjusted_pi_clash"":1.896064568220901,""cryptic_bonus"":4.0,""fragment_pi_complement"":3.0,""lock_proxy_method"":""intracellular_bottom_z_proxy_v1:z_min=117.4241:z_max=136.7640:cutoff=121.2921:lock_atoms=17:total_atoms=132"",""oracle_mode"":""validated_o3a_zmatrix_corpus_lookup"",""pi_clash_lock"":32.233097659755316,""pi_clash_pocket"":1.651874434434876,""rust_reward_authority"":true,""selected_dihedral_deg"":60.0,""survival_tier"":""normal""}",true,true,PROJECTED,policy_generated_not_validated
449,focused-000273,ANCHOR_093607,NC[C@H](c1ccc2cccc(O)c2n1)C1CCC1,0.5,focused,0.0,-9.746829986572266,10.308391571044922,37.54873386174964,4.0,1.832049257750565,1.5961035200099618,31.144837381759604,4.0,normal,0.0,"{""adjusted_pi_clash"":1.832049257750565,""cryptic_bonus"":4.0,""fragment_pi_complement"":4.0,""lock_proxy_method"":""intracellular_bottom_z_proxy_v1:z_min=117.4241:z_max=137.2582:cutoff=121.3909:lock_atoms=17:total_atoms=132"",""oracle_mode"":""validated_o3a_zmatrix_corpus_lookup"",""pi_clash_lock"":31.144837381759604,""pi_clash_pocket"":1.5961035200099618,""rust_reward_authority"":true,""selected_dihedral_deg"":0.0,""survival_tier"":""normal""}",true,true,PROJECTED,policy_generated_not_validated
450,focused-000242,ANCHOR_064547,Cc1cc(C)c(C)c([C@](C)(N)CO)c1C,0.5,focused,240.0,-11.447935104370117,10.308391571044922,37.53092700203128,1.0,2.446635729612522,2.1686089421565535,36.69953594418783,2.0,cryptic_rescue,0.0,"{""adjusted_pi_clash"":2.446635729612522,""cryptic_bonus"":2.0,""fragment_pi_complement"":1.0,""lock_proxy_method"":""intracellular_bottom_z_proxy_v1:z_min=117.4241:z_max=134.5729:cutoff=120.8539:lock_atoms=15:total_atoms=132"",""oracle_mode"":""validated_o3a_zmatrix_corpus_lookup"",""pi_clash_lock"":36.69953594418783,""pi_clash_pocket"":2.1686089421565535,""rust_reward_authority"":true,""selected_dihedral_deg"":0.0,""survival_tier"":""cryptic_rescue""}",true,true,PROJECTED,policy_generated_not_validated
451,near_random-001138,ANCHOR_076946,Cc1ccccc1C(=O)N[C@@H]1CCCC[C@H]1O,5.0,near_random,0.0,-11.86475944519043,11.239540100097656,37.48067897432835,4.0,1.9471012477784981,1.7258397423491234,29.206518716677472,6.0,normal,0.0,"{""adjusted_pi_clash"":1.9471012477784981,""cryptic_bonus"":6.0,""fragment_pi_complement"":4.0,""lock_proxy_method"":""intracellular_bottom_z_proxy_v1:z_min=117.4241:z_max=134.5333:cutoff=120.8459:lock_atoms=15:total_atoms=132"",""oracle_mode"":""validated_o3a_zmatrix_corpus_lookup"",""pi_clash_lock"":29.206518716677472,""pi_clash_pocket"":1.7258397423491234,""rust_reward_authority"":true,""selected_dihedral_deg"":0.0,""survival_tier"":""normal""}",true,true,PROJECTED,policy_generated_not_validated
452,exploration-000114,ANCHOR_095319,N[C@@H](CO)c1c[nH]c2cc(Cl)cc(Cl)c12,2.0,exploration,0.0,-11.898626327514648,11.206197738647461,37.46398665026802,4.0,1.9471012477784981,1.689633314187953,31.15361996445597,4.0,normal,0.0,"{""adjusted_pi_clash"":1.9471012477784981,""cryptic_bonus"":4.0,""fragment_pi_complement"":4.0,""lock_proxy_method"":""intracellular_bottom_z_proxy_v1:z_min=117.4241:z_max=135.8121:cutoff=121.1017:lock_atoms=16:total_atoms=121"",""oracle_mode"":""validated_o3a_zmatrix_corpus_lookup"",""pi_clash_lock"":31.15361996445597,""pi_clash_pocket"":1.689633314187953,""rust_reward_authority"":true,""selected_dihedral_deg"":0.0,""survival_tier"":""normal""}",true,true,PROJECTED,policy_generated_not_validated
453,exploitation-000015,ANCHOR_099978,Nc1cnc(N)c(I)c1,0.1,exploitation,240.0,-9.177162170410156,1.7875181355903873e-25,37.44980611804643,3.0,2.472154069391321,2.160350853432055,34.61015697147849,2.0,normal,300.0,"{""adjusted_pi_clash"":2.472154069391321,""cryptic_bonus"":2.0,""fragment_pi_complement"":3.0,""lock_proxy_method"":""intracellular_bottom_z_proxy_v1:z_min=117.4241:z_max=133.7365:cutoff=120.6866:lock_atoms=14:total_atoms=111"",""oracle_mode"":""validated_o3a_zmatrix_corpus_lookup"",""pi_clash_lock"":34.61015697147849,""pi_clash_pocket"":2.160350853432055,""rust_reward_authority"":true,""selected_dihedral_deg"":300.0,""survival_tier"":""normal""}",true,true,PROJECTED,policy_generated_not_validated
454,focused-000075,ANCHOR_023279,CCS(=O)(=O)c1ccc(CN)cc1,0.5,focused,60.0,-10.17812728881836,10.308391571044922,37.44680918423804,5.0,3.275645401499535,3.033999429257766,29.480808613495814,6.0,cryptic_rescue,60.0,"{""adjusted_pi_clash"":3.275645401499535,""cryptic_bonus"":6.0,""fragment_pi_complement"":5.0,""lock_proxy_method"":""intracellular_bottom_z_proxy_v1:z_min=117.4241:z_max=132.4266:cutoff=120.4246:lock_atoms=9:total_atoms=122"",""oracle_mode"":""validated_o3a_zmatrix_corpus_lookup"",""pi_clash_lock"":29.480808613495814,""pi_clash_pocket"":3.033999429257766,""rust_reward_authority"":true,""selected_dihedral_deg"":60.0,""survival_tier"":""cryptic_rescue""}",true,true,PROJECTED,policy_generated_not_validated
455,exploitation-000192,ANCHOR_090927,NCC#Cc1ccccc1C(=O)NC1CCC1,0.1,exploitation,60.0,-9.268150329589844,1.7875181355903873e-25,37.423724903433545,3.0,2.009928165566039,1.7450539111891192,34.16877881462266,2.0,normal,120.0,"{""adjusted_pi_clash"":2.009928165566039,""cryptic_bonus"":2.0,""fragment_pi_complement"":3.0,""lock_proxy_method"":""intracellular_bottom_z_proxy_v1:z_min=117.4241:z_max=136.7643:cutoff=121.2921:lock_atoms=17:total_atoms=129"",""oracle_mode"":""validated_o3a_zmatrix_corpus_lookup"",""pi_clash_lock"":34.16877881462266,""pi_clash_pocket"":1.7450539111891192,""rust_reward_authority"":true,""selected_dihedral_deg"":120.0,""survival_tier"":""normal""}",true,true,PROJECTED,policy_generated_not_validated
456,near_random-000207,ANCHOR_055621,C[C@H](CC(=O)N1CCOCC1)c1ccccc1,5.0,near_random,300.0,-11.693870544433594,11.239540100097656,37.400201060962004,3.0,2.4721540693913204,2.2099559105164834,34.61015697147849,2.0,normal,300.0,"{""adjusted_pi_clash"":2.4721540693913204,""cryptic_bonus"":2.0,""fragment_pi_complement"":3.0,""lock_proxy_method"":""intracellular_bottom_z_proxy_v1:z_min=117.4241:z_max=133.7930:cutoff=120.6979:lock_atoms=14:total_atoms=132"",""oracle_mode"":""validated_o3a_zmatrix_corpus_lookup"",""pi_clash_lock"":34.61015697147849,""pi_clash_pocket"":2.2099559105164834,""rust_reward_authority"":true,""selected_dihedral_deg"":300.0,""survival_tier"":""normal""}",true,true,PROJECTED,policy_generated_not_validated
457,exploration-000361,ANCHOR_098819,Nc1ccc(C(=O)N2CCCCC2)cc1N,2.0,exploration,300.0,-10.698810577392578,11.206197738647461,37.33923204413671,4.0,1.942701073375125,1.6866862032404186,33.02591824737713,2.0,normal,300.0,"{""adjusted_pi_clash"":1.942701073375125,""cryptic_bonus"":2.0,""fragment_pi_complement"":4.0,""lock_proxy_method"":""intracellular_bottom_z_proxy_v1:z_min=117.4241:z_max=137.9678:cutoff=121.5328:lock_atoms=17:total_atoms=129"",""oracle_mode"":""validated_o3a_zmatrix_corpus_lookup"",""pi_clash_lock"":33.02591824737713,""pi_clash_pocket"":1.6866862032404186,""rust_reward_authority"":true,""selected_dihedral_deg"":300.0,""survival_tier"":""normal""}",true,true,PROJECTED,policy_generated_not_validated
458,focused-000313,ANCHOR_091764,NCCN1CCOc2ccc(F)cc21,0.5,focused,60.0,-10.457281112670898,10.308391571044922,37.241329186071056,3.0,2.30606539980579,2.043586411210009,32.28491559728106,4.0,normal,60.0,"{""adjusted_pi_clash"":2.30606539980579,""cryptic_bonus"":4.0,""fragment_pi_complement"":3.0,""lock_proxy_method"":""intracellular_bottom_z_proxy_v1:z_min=117.4241:z_max=134.4070:cutoff=120.8207:lock_atoms=14:total_atoms=123"",""oracle_mode"":""validated_o3a_zmatrix_corpus_lookup"",""pi_clash_lock"":32.28491559728106,""pi_clash_pocket"":2.043586411210009,""rust_reward_authority"":true,""selected_dihedral_deg"":60.0,""survival_tier"":""normal""}",true,true,PROJECTED,policy_generated_not_validated
459,near_random-001279,ANCHOR_086324,Fc1cccc(NC[C@@H]2CCOC2)c1F,5.0,near_random,300.0,-11.423269271850586,11.239540100097656,37.22989315872996,3.0,1.9981379273360953,1.7403136786475668,31.970206837377525,4.0,normal,300.0,"{""adjusted_pi_clash"":1.9981379273360953,""cryptic_bonus"":4.0,""fragment_pi_complement"":3.0,""lock_proxy_method"":""intracellular_bottom_z_proxy_v1:z_min=117.4241:z_max=135.5806:cutoff=121.0554:lock_atoms=16:total_atoms=124"",""oracle_mode"":""validated_o3a_zmatrix_corpus_lookup"",""pi_clash_lock"":31.970206837377525,""pi_clash_pocket"":1.7403136786475668,""rust_reward_authority"":true,""selected_dihedral_deg"":300.0,""survival_tier"":""normal""}",true,true,PROJECTED,policy_generated_not_validated
460,near_random-000042,ANCHOR_050345,C[C@@H](Nc1cnn(C)c1)c1ccc(F)c(F)c1,5.0,near_random,180.0,-11.62489128112793,11.239540100097656,37.19755933453021,3.0,1.864056912985733,1.627351273241513,29.824910607771727,6.0,normal,180.0,"{""adjusted_pi_clash"":1.864056912985733,""cryptic_bonus"":6.0,""fragment_pi_complement"":3.0,""lock_proxy_method"":""intracellular_bottom_z_proxy_v1:z_min=117.4241:z_max=135.8520:cutoff=121.1097:lock_atoms=16:total_atoms=126"",""oracle_mode"":""validated_o3a_zmatrix_corpus_lookup"",""pi_clash_lock"":29.824910607771727,""pi_clash_pocket"":1.627351273241513,""rust_reward_authority"":true,""selected_dihedral_deg"":180.0,""survival_tier"":""normal""}",true,true,PROJECTED,policy_generated_not_validated
461,exploration-000095,ANCHOR_078593,Cc1cnc(C(=O)N2C[C@H](C)C[C@@H](C)C2)cn1,2.0,exploration,300.0,-11.553102493286133,11.206197738647461,37.1925964465469,4.0,2.895133531888949,2.6538724042315365,31.846468850778436,4.0,cryptic_rescue,300.0,"{""adjusted_pi_clash"":2.895133531888949,""cryptic_bonus"":4.0,""fragment_pi_complement"":4.0,""lock_proxy_method"":""intracellular_bottom_z_proxy_v1:z_min=117.4241:z_max=133.1636:cutoff=120.5720:lock_atoms=11:total_atoms=132"",""oracle_mode"":""validated_o3a_zmatrix_corpus_lookup"",""pi_clash_lock"":31.846468850778436,""pi_clash_pocket"":2.6538724042315365,""rust_reward_authority"":true,""selected_dihedral_deg"":300.0,""survival_tier"":""cryptic_rescue""}",true,true,PROJECTED,policy_generated_not_validated
462,focused-000722,ANCHOR_058027,C[C@H](c1cccc(C#CCN)c1)N1CCCC1=O,0.5,focused,300.0,-11.210494995117188,10.308391571044922,37.18291214204959,4.0,3.369149673944174,3.1394349234479804,30.322347065497567,6.0,cryptic_rescue,300.0,"{""adjusted_pi_clash"":3.369149673944174,""cryptic_bonus"":6.0,""fragment_pi_complement"":4.0,""lock_proxy_method"":""intracellular_bottom_z_proxy_v1:z_min=117.4241:z_max=132.4266:cutoff=120.4246:lock_atoms=9:total_atoms=132"",""oracle_mode"":""validated_o3a_zmatrix_corpus_lookup"",""pi_clash_lock"":30.322347065497567,""pi_clash_pocket"":3.1394349234479804,""rust_reward_authority"":true,""selected_dihedral_deg"":300.0,""survival_tier"":""cryptic_rescue""}",true,true,PROJECTED,policy_generated_not_validated
463,balanced-001499,ANCHOR_023966,CC[C@@H](N)C(=O)N(C)C(C)C,1.0,balanced,0.0,-10.833871841430664,11.055851936340332,37.13275066095576,4.0,1.9215829079996993,1.6909929590397355,28.82374361999549,6.0,normal,0.0,"{""adjusted_pi_clash"":1.9215829079996993,""cryptic_bonus"":6.0,""fragment_pi_complement"":4.0,""lock_proxy_method"":""intracellular_bottom_z_proxy_v1:z_min=117.4241:z_max=135.3140:cutoff=121.0021:lock_atoms=15:total_atoms=125"",""oracle_mode"":""validated_o3a_zmatrix_corpus_lookup"",""pi_clash_lock"":28.82374361999549,""pi_clash_pocket"":1.6909929590397355,""rust_reward_authority"":true,""selected_dihedral_deg"":0.0,""survival_tier"":""normal""}",true,true,PROJECTED,policy_generated_not_validated
464,balanced-001230,ANCHOR_078919,Cc1cnccc1[C@@H]1NCCc2cc(F)ccc21,1.0,balanced,0.0,-11.488086700439453,11.055851936340332,37.125600585019015,4.0,1.9215829079996993,1.6981430349764786,28.82374361999549,6.0,normal,0.0,"{""adjusted_pi_clash"":1.9215829079996993,""cryptic_bonus"":6.0,""fragment_pi_complement"":4.0,""lock_proxy_method"":""intracellular_bottom_z_proxy_v1:z_min=117.4241:z_max=135.3227:cutoff=121.0038:lock_atoms=15:total_atoms=129"",""oracle_mode"":""validated_o3a_zmatrix_corpus_lookup"",""pi_clash_lock"":28.82374361999549,""pi_clash_pocket"":1.6981430349764786,""rust_reward_authority"":true,""selected_dihedral_deg"":0.0,""survival_tier"":""normal""}",true,true,PROJECTED,policy_generated_not_validated
465,exploration-000856,ANCHOR_092355,NCCc1ccc(-c2ccccc2O)cc1,2.0,exploration,120.0,-11.205972671508789,11.206197738647461,37.117687479633126,3.0,2.2972650509990435,2.0440232343534794,32.16171071398661,4.0,normal,120.0,"{""adjusted_pi_clash"":2.2972650509990435,""cryptic_bonus"":4.0,""fragment_pi_complement"":3.0,""lock_proxy_method"":""intracellular_bottom_z_proxy_v1:z_min=117.4241:z_max=134.1712:cutoff=120.7735:lock_atoms=14:total_atoms=127"",""oracle_mode"":""validated_o3a_zmatrix_corpus_lookup"",""pi_clash_lock"":32.16171071398661,""pi_clash_pocket"":2.0440232343534794,""rust_reward_authority"":true,""selected_dihedral_deg"":120.0,""survival_tier"":""normal""}",true,true,PROJECTED,policy_generated_not_validated
466,balanced-000066,ANCHOR_042905,COc1cc(C)cc(C)c1CC1CNC1,1.0,balanced,120.0,-9.745965957641602,11.055851936340332,37.099199702208395,3.0,2.274057744570622,2.0116664663509347,34.11086616855933,2.0,normal,120.0,"{""adjusted_pi_clash"":2.274057744570622,""cryptic_bonus"":2.0,""fragment_pi_complement"":3.0,""lock_proxy_method"":""intracellular_bottom_z_proxy_v1:z_min=117.4241:z_max=135.0022:cutoff=120.9397:lock_atoms=15:total_atoms=130"",""oracle_mode"":""validated_o3a_zmatrix_corpus_lookup"",""pi_clash_lock"":34.11086616855933,""pi_clash_pocket"":2.0116664663509347,""rust_reward_authority"":true,""selected_dihedral_deg"":120.0,""survival_tier"":""normal""}",true,true,PROJECTED,policy_generated_not_validated
467,near_random-001640,ANCHOR_084285,Cn1cc([C@](C)(O)[C@H]2CCCN2)c2ccccc21,5.0,near_random,300.0,-11.608137130737305,11.239540100097656,37.09136712673915,3.0,2.274057744570622,2.0194990418201795,34.11086616855933,2.0,normal,300.0,"{""adjusted_pi_clash"":2.274057744570622,""cryptic_bonus"":2.0,""fragment_pi_complement"":3.0,""lock_proxy_method"":""intracellular_bottom_z_proxy_v1:z_min=117.4241:z_max=135.3706:cutoff=121.0134:lock_atoms=15:total_atoms=134"",""oracle_mode"":""validated_o3a_zmatrix_corpus_lookup"",""pi_clash_lock"":34.11086616855933,""pi_clash_pocket"":2.0194990418201795,""rust_reward_authority"":true,""selected_dihedral_deg"":300.0,""survival_tier"":""normal""}",true,true,PROJECTED,policy_generated_not_validated
468,focused-001408,ANCHOR_049230,C[C@@H](N)C(=O)Nc1ccc(F)c(C#N)c1,0.5,focused,120.0,-11.332171440124512,10.308391571044922,37.08527344800175,2.0,2.370080710276126,2.095856495864012,33.18112994386576,4.0,normal,120.0,"{""adjusted_pi_clash"":2.370080710276126,""cryptic_bonus"":4.0,""fragment_pi_complement"":2.0,""lock_proxy_method"":""intracellular_bottom_z_proxy_v1:z_min=117.4241:z_max=134.2261:cutoff=120.7845:lock_atoms=14:total_atoms=121"",""oracle_mode"":""validated_o3a_zmatrix_corpus_lookup"",""pi_clash_lock"":33.18112994386576,""pi_clash_pocket"":2.095856495864012,""rust_reward_authority"":true,""selected_dihedral_deg"":120.0,""survival_tier"":""normal""}",true,true,PROJECTED,policy_generated_not_validated
469,exploitation-000285,ANCHOR_037911,CN[C@@H]1CCCOc2c(C)cccc21,0.1,exploitation,240.0,-9.511606216430664,1.7875181355903873e-25,37.0759723606681,3.0,2.446635729612522,2.1769278539072046,34.252900214575305,2.0,normal,240.0,"{""adjusted_pi_clash"":2.446635729612522,""cryptic_bonus"":2.0,""fragment_pi_complement"":3.0,""lock_proxy_method"":""intracellular_bottom_z_proxy_v1:z_min=117.4241:z_max=133.8834:cutoff=120.7160:lock_atoms=14:total_atoms=127"",""oracle_mode"":""validated_o3a_zmatrix_corpus_lookup"",""pi_clash_lock"":34.252900214575305,""pi_clash_pocket"":2.1769278539072046,""rust_reward_authority"":true,""selected_dihedral_deg"":240.0,""survival_tier"":""normal""}",true,true,PROJECTED,policy_generated_not_validated
470,near_random-000067,ANCHOR_003705,C=Cc1ccccc1-c1cc(C(N)=O)ccn1,5.0,near_random,120.0,-11.678135871887207,11.239540100097656,37.06970623221945,4.0,1.9215829079996993,1.6756202957757378,30.74532652799519,4.0,normal,300.0,"{""adjusted_pi_clash"":1.9215829079996993,""cryptic_bonus"":4.0,""fragment_pi_complement"":4.0,""lock_proxy_method"":""intracellular_bottom_z_proxy_v1:z_min=117.4241:z_max=135.8288:cutoff=121.1050:lock_atoms=16:total_atoms=125"",""oracle_mode"":""validated_o3a_zmatrix_corpus_lookup"",""pi_clash_lock"":30.74532652799519,""pi_clash_pocket"":1.6756202957757378,""rust_reward_authority"":true,""selected_dihedral_deg"":300.0,""survival_tier"":""normal""}",true,true,PROJECTED,policy_generated_not_validated
471,exploration-001115,ANCHOR_044085,COc1ccc(C)cc1C1(C(N)=O)CCNCC1,2.0,exploration,120.0,-11.230722427368164,11.206197738647461,37.06188314328051,3.0,2.446635729612522,2.191017071294796,34.252900214575305,2.0,normal,0.0,"{""adjusted_pi_clash"":2.446635729612522,""cryptic_bonus"":2.0,""fragment_pi_complement"":3.0,""lock_proxy_method"":""intracellular_bottom_z_proxy_v1:z_min=117.4241:z_max=133.7643:cutoff=120.6921:lock_atoms=14:total_atoms=134"",""oracle_mode"":""validated_o3a_zmatrix_corpus_lookup"",""pi_clash_lock"":34.252900214575305,""pi_clash_pocket"":2.191017071294796,""rust_reward_authority"":true,""selected_dihedral_deg"":0.0,""survival_tier"":""normal""}",true,true,PROJECTED,policy_generated_not_validated
472,exploitation-000335,ANCHOR_082292,Cc1nn(C)c(C)c1C(=O)N1CCC(C)CC1,0.1,exploitation,0.0,-9.552998542785645,1.7875181355903873e-25,37.061395440016184,3.0,1.864056912985733,1.6275720807412741,31.68896752075746,4.0,normal,120.0,"{""adjusted_pi_clash"":1.864056912985733,""cryptic_bonus"":4.0,""fragment_pi_complement"":3.0,""lock_proxy_method"":""intracellular_bottom_z_proxy_v1:z_min=117.4241:z_max=136.8645:cutoff=121.3122:lock_atoms=17:total_atoms=134"",""oracle_mode"":""validated_o3a_zmatrix_corpus_lookup"",""pi_clash_lock"":31.68896752075746,""pi_clash_pocket"":1.6275720807412741,""rust_reward_authority"":true,""selected_dihedral_deg"":120.0,""survival_tier"":""normal""}",true,true,PROJECTED,policy_generated_not_validated
473,balanced-000688,ANCHOR_082307,Cc1nn(C)c(C)c1CC[C@H](C)N,1.0,balanced,300.0,-10.818656921386719,11.055851936340332,37.05513197762303,3.0,2.4123170410269767,2.129623637781628,36.184755615404654,0.0,normal,0.0,"{""adjusted_pi_clash"":2.4123170410269767,""cryptic_bonus"":0.0,""fragment_pi_complement"":3.0,""lock_proxy_method"":""intracellular_bottom_z_proxy_v1:z_min=117.4241:z_max=134.8138:cutoff=120.9020:lock_atoms=15:total_atoms=128"",""oracle_mode"":""validated_o3a_zmatrix_corpus_lookup"",""pi_clash_lock"":36.184755615404654,""pi_clash_pocket"":2.129623637781628,""rust_reward_authority"":true,""selected_dihedral_deg"":0.0,""survival_tier"":""normal""}",true,true,PROJECTED,policy_generated_not_validated
474,exploitation-000794,ANCHOR_084617,Cn1ccc2cccc([C@H]3CCNCCO3)c21,0.1,exploitation,60.0,-9.634490966796875,1.7875181355903873e-25,37.015869443991846,4.0,3.348229798640427,3.118198743772001,30.134068187763845,6.0,cryptic_rescue,60.0,"{""adjusted_pi_clash"":3.348229798640427,""cryptic_bonus"":6.0,""fragment_pi_complement"":4.0,""lock_proxy_method"":""intracellular_bottom_z_proxy_v1:z_min=117.4241:z_max=132.4266:cutoff=120.4246:lock_atoms=9:total_atoms=131"",""oracle_mode"":""validated_o3a_zmatrix_corpus_lookup"",""pi_clash_lock"":30.134068187763845,""pi_clash_pocket"":3.118198743772001,""rust_reward_authority"":true,""selected_dihedral_deg"":60.0,""survival_tier"":""cryptic_rescue""}",true,true,PROJECTED,policy_generated_not_validated
475,near_random-001547,ANCHOR_086864,N#CCCN1CCO[C@@H](c2ccccc2)C1,5.0,near_random,300.0,-11.817927360534668,11.239540100097656,37.01253681555398,4.0,3.347148801927308,3.111802401791794,30.12433921734577,6.0,cryptic_rescue,300.0,"{""adjusted_pi_clash"":3.347148801927308,""cryptic_bonus"":6.0,""fragment_pi_complement"":4.0,""lock_proxy_method"":""intracellular_bottom_z_proxy_v1:z_min=117.4241:z_max=132.4266:cutoff=120.4246:lock_atoms=9:total_atoms=128"",""oracle_mode"":""validated_o3a_zmatrix_corpus_lookup"",""pi_clash_lock"":30.12433921734577,""pi_clash_pocket"":3.111802401791794,""rust_reward_authority"":true,""selected_dihedral_deg"":300.0,""survival_tier"":""cryptic_rescue""}",true,true,PROJECTED,policy_generated_not_validated
476,focused-001766,ANCHOR_010145,CC(C)C(=O)c1ccc([C@H](C)N)cc1,0.5,focused,180.0,-11.143280029296875,10.308391571044922,37.0044415690272,3.0,3.3049124711764564,3.0446831427373655,33.04912471176456,4.0,cryptic_rescue,0.0,"{""adjusted_pi_clash"":3.3049124711764564,""cryptic_bonus"":4.0,""fragment_pi_complement"":3.0,""lock_proxy_method"":""intracellular_bottom_z_proxy_v1:z_min=117.4241:z_max=132.9656:cutoff=120.5324:lock_atoms=10:total_atoms=127"",""oracle_mode"":""validated_o3a_zmatrix_corpus_lookup"",""pi_clash_lock"":33.04912471176456,""pi_clash_pocket"":3.0446831427373655,""rust_reward_authority"":true,""selected_dihedral_deg"":0.0,""survival_tier"":""cryptic_rescue""}",true,true,PROJECTED,policy_generated_not_validated
477,focused-000342,ANCHOR_045080,COc1ccc([C@@H]2C[C@H]2N)cc1NC(C)=O,0.5,focused,180.0,-10.070871353149414,10.308391571044922,37.0005367579639,2.0,1.9215829079996993,1.6663726780309893,32.66690943599489,4.0,normal,0.0,"{""adjusted_pi_clash"":1.9215829079996993,""cryptic_bonus"":4.0,""fragment_pi_complement"":2.0,""lock_proxy_method"":""intracellular_bottom_z_proxy_v1:z_min=117.4241:z_max=137.6183:cutoff=121.4629:lock_atoms=17:total_atoms=128"",""oracle_mode"":""validated_o3a_zmatrix_corpus_lookup"",""pi_clash_lock"":32.66690943599489,""pi_clash_pocket"":1.6663726780309893,""rust_reward_authority"":true,""selected_dihedral_deg"":0.0,""survival_tier"":""normal""}",true,true,PROJECTED,policy_generated_not_validated
478,near_random-000545,ANCHOR_097486,N[C@H]1CCN(c2cccc(Cl)c2F)C1=O,5.0,near_random,300.0,-11.937355995178223,11.239540100097656,36.99775052462455,4.0,3.3436313341653747,3.094931482863818,30.09268200748837,6.0,cryptic_rescue,300.0,"{""adjusted_pi_clash"":3.3436313341653747,""cryptic_bonus"":6.0,""fragment_pi_complement"":4.0,""lock_proxy_method"":""intracellular_bottom_z_proxy_v1:z_min=117.4241:z_max=132.4266:cutoff=120.4246:lock_atoms=9:total_atoms=121"",""oracle_mode"":""validated_o3a_zmatrix_corpus_lookup"",""pi_clash_lock"":30.09268200748837,""pi_clash_pocket"":3.094931482863818,""rust_reward_authority"":true,""selected_dihedral_deg"":300.0,""survival_tier"":""cryptic_rescue""}",true,true,PROJECTED,policy_generated_not_validated
479,balanced-001248,ANCHOR_060445,C[C@H]1C[C@@]1(CN)c1ccc(F)cc1F,1.0,balanced,120.0,-9.845221519470215,11.055851936340332,36.99370662460339,4.0,3.3436313341653747,3.0989753828849818,30.09268200748837,6.0,cryptic_rescue,120.0,"{""adjusted_pi_clash"":3.3436313341653747,""cryptic_bonus"":6.0,""fragment_pi_complement"":4.0,""lock_proxy_method"":""intracellular_bottom_z_proxy_v1:z_min=117.4241:z_max=132.4266:cutoff=120.4246:lock_atoms=9:total_atoms=123"",""oracle_mode"":""validated_o3a_zmatrix_corpus_lookup"",""pi_clash_lock"":30.09268200748837,""pi_clash_pocket"":3.0989753828849818,""rust_reward_authority"":true,""selected_dihedral_deg"":120.0,""survival_tier"":""cryptic_rescue""}",true,true,PROJECTED,policy_generated_not_validated
480,focused-000574,ANCHOR_093700,NC[C@H]1CCC(=O)N1CC1CCOCC1,0.5,focused,60.0,-9.82456111907959,10.308391571044922,36.97876580315115,4.0,3.3436313341653747,3.1139162043372193,30.09268200748837,6.0,cryptic_rescue,240.0,"{""adjusted_pi_clash"":3.3436313341653747,""cryptic_bonus"":6.0,""fragment_pi_complement"":4.0,""lock_proxy_method"":""intracellular_bottom_z_proxy_v1:z_min=117.4241:z_max=132.4266:cutoff=120.4246:lock_atoms=9:total_atoms=131"",""oracle_mode"":""validated_o3a_zmatrix_corpus_lookup"",""pi_clash_lock"":30.09268200748837,""pi_clash_pocket"":3.1139162043372193,""rust_reward_authority"":true,""selected_dihedral_deg"":240.0,""survival_tier"":""cryptic_rescue""}",true,true,PROJECTED,policy_generated_not_validated
481,balanced-001414,ANCHOR_006856,CC(=O)c1scc2c1CN(C)C2,1.0,balanced,0.0,-11.641812324523926,11.055851936340332,36.97866411292282,3.0,2.4378353808057756,2.151031218358037,34.12969533128086,2.0,normal,0.0,"{""adjusted_pi_clash"":2.4378353808057756,""cryptic_bonus"":2.0,""fragment_pi_complement"":3.0,""lock_proxy_method"":""intracellular_bottom_z_proxy_v1:z_min=117.4241:z_max=134.3517:cutoff=120.8096:lock_atoms=14:total_atoms=119"",""oracle_mode"":""validated_o3a_zmatrix_corpus_lookup"",""pi_clash_lock"":34.12969533128086,""pi_clash_pocket"":2.151031218358037,""rust_reward_authority"":true,""selected_dihedral_deg"":0.0,""survival_tier"":""normal""}",true,true,PROJECTED,policy_generated_not_validated
482,focused-000609,ANCHOR_092850,NC[C@@H](c1cc(F)ccc1F)C1CC1,0.5,focused,0.0,-9.75111198425293,10.308391571044922,36.927133409135585,3.0,2.472154069391321,2.2108694929515877,32.13800290208717,4.0,normal,0.0,"{""adjusted_pi_clash"":2.472154069391321,""cryptic_bonus"":4.0,""fragment_pi_complement"":3.0,""lock_proxy_method"":""intracellular_bottom_z_proxy_v1:z_min=117.4241:z_max=133.5482:cutoff=120.6489:lock_atoms=13:total_atoms=123"",""oracle_mode"":""validated_o3a_zmatrix_corpus_lookup"",""pi_clash_lock"":32.13800290208717,""pi_clash_pocket"":2.2108694929515877,""rust_reward_authority"":true,""selected_dihedral_deg"":0.0,""survival_tier"":""normal""}",true,true,PROJECTED,policy_generated_not_validated
483,near_random-001798,ANCHOR_081897,Cc1nccc(CN[C@H]2CCC[C@@H](C)C2)n1,5.0,near_random,0.0,-11.82551383972168,11.239540100097656,36.90748795226041,3.0,2.4721540693913204,2.2305149498267554,32.138002902087166,4.0,normal,0.0,"{""adjusted_pi_clash"":2.4721540693913204,""cryptic_bonus"":4.0,""fragment_pi_complement"":3.0,""lock_proxy_method"":""intracellular_bottom_z_proxy_v1:z_min=117.4241:z_max=133.6091:cutoff=120.6611:lock_atoms=13:total_atoms=133"",""oracle_mode"":""validated_o3a_zmatrix_corpus_lookup"",""pi_clash_lock"":32.138002902087166,""pi_clash_pocket"":2.2305149498267554,""rust_reward_authority"":true,""selected_dihedral_deg"":0.0,""survival_tier"":""normal""}",true,true,PROJECTED,policy_generated_not_validated
484,near_random-001489,ANCHOR_045319,COc1ccc([C@H]2CNCCO2)cc1C,5.0,near_random,180.0,-11.626153945922852,11.239540100097656,36.906994564837255,3.0,2.30606539980579,2.0718556326380146,29.97885019747527,6.0,normal,180.0,"{""adjusted_pi_clash"":2.30606539980579,""cryptic_bonus"":6.0,""fragment_pi_complement"":3.0,""lock_proxy_method"":""intracellular_bottom_z_proxy_v1:z_min=117.4241:z_max=133.6204:cutoff=120.6634:lock_atoms=13:total_atoms=128"",""oracle_mode"":""validated_o3a_zmatrix_corpus_lookup"",""pi_clash_lock"":29.97885019747527,""pi_clash_pocket"":2.0718556326380146,""rust_reward_authority"":true,""selected_dihedral_deg"":180.0,""survival_tier"":""normal""}",true,true,PROJECTED,policy_generated_not_validated
485,balanced-001570,ANCHOR_081225,Cc1nc2cc([C@@H](O)C(N)=O)ccc2[nH]1,1.0,balanced,180.0,-10.03575325012207,11.055851936340332,36.83678662213375,3.0,1.972619587557297,1.6977463663402965,33.53453298847405,2.0,normal,300.0,"{""adjusted_pi_clash"":1.972619587557297,""cryptic_bonus"":2.0,""fragment_pi_complement"":3.0,""lock_proxy_method"":""intracellular_bottom_z_proxy_v1:z_min=117.4241:z_max=136.9217:cutoff=121.3236:lock_atoms=17:total_atoms=122"",""oracle_mode"":""validated_o3a_zmatrix_corpus_lookup"",""pi_clash_lock"":33.53453298847405,""pi_clash_pocket"":1.6977463663402965,""rust_reward_authority"":true,""selected_dihedral_deg"":300.0,""survival_tier"":""normal""}",true,true,PROJECTED,policy_generated_not_validated
486,exploration-000730,ANCHOR_113474,c1cc2c(cc1CN1CCCNCC1)CCCO2,2.0,exploration,120.0,-11.675729751586914,11.206197738647461,36.79684485900624,3.0,2.2740577445706225,2.0399635649824703,31.836808423988714,4.0,normal,60.0,"{""adjusted_pi_clash"":2.2740577445706225,""cryptic_bonus"":4.0,""fragment_pi_complement"":3.0,""lock_proxy_method"":""intracellular_bottom_z_proxy_v1:z_min=117.4241:z_max=134.3341:cutoff=120.8061:lock_atoms=14:total_atoms=136"",""oracle_mode"":""validated_o3a_zmatrix_corpus_lookup"",""pi_clash_lock"":31.836808423988714,""pi_clash_pocket"":2.0399635649824703,""rust_reward_authority"":true,""selected_dihedral_deg"":60.0,""survival_tier"":""normal""}",true,true,PROJECTED,policy_generated_not_validated
487,near_random-001707,ANCHOR_090494,NC1(c2cc[nH]c3cc(=O)ccc2-3)CCC1,5.0,near_random,240.0,-11.731390953063965,11.239540100097656,36.781912026120224,4.0,3.3181129943865764,3.081104923358964,29.86301694947919,6.0,cryptic_rescue,240.0,"{""adjusted_pi_clash"":3.3181129943865764,""cryptic_bonus"":6.0,""fragment_pi_complement"":4.0,""lock_proxy_method"":""intracellular_bottom_z_proxy_v1:z_min=117.4241:z_max=132.4266:cutoff=120.4246:lock_atoms=9:total_atoms=126"",""oracle_mode"":""validated_o3a_zmatrix_corpus_lookup"",""pi_clash_lock"":29.86301694947919,""pi_clash_pocket"":3.081104923358964,""rust_reward_authority"":true,""selected_dihedral_deg"":240.0,""survival_tier"":""cryptic_rescue""}",true,true,PROJECTED,policy_generated_not_validated
488,near_random-001538,ANCHOR_065149,Cc1cc(C)c2cc(C[C@@H](C)CN)ccc2n1,5.0,near_random,240.0,-11.291952133178711,11.239540100097656,36.76943791711877,4.0,3.3181129943865764,3.093579032360417,29.86301694947919,6.0,cryptic_rescue,0.0,"{""adjusted_pi_clash"":3.3181129943865764,""cryptic_bonus"":6.0,""fragment_pi_complement"":4.0,""lock_proxy_method"":""intracellular_bottom_z_proxy_v1:z_min=117.4241:z_max=132.4266:cutoff=120.4246:lock_atoms=9:total_atoms=133"",""oracle_mode"":""validated_o3a_zmatrix_corpus_lookup"",""pi_clash_lock"":29.86301694947919,""pi_clash_pocket"":3.093579032360417,""rust_reward_authority"":true,""selected_dihedral_deg"":0.0,""survival_tier"":""cryptic_rescue""}",true,true,PROJECTED,policy_generated_not_validated
489,balanced-000594,ANCHOR_077181,Cc1ccccc1N(C)C(=O)[C@H]1CCC[C@H](C)N1,1.0,balanced,300.0,-11.82091999053955,11.055851936340332,36.76432883791809,5.0,2.9461702114465456,2.7512030651008184,26.51553190301891,8.0,cryptic_rescue,300.0,"{""adjusted_pi_clash"":2.9461702114465456,""cryptic_bonus"":8.0,""fragment_pi_complement"":5.0,""lock_proxy_method"":""intracellular_bottom_z_proxy_v1:z_min=117.4241:z_max=132.7675:cutoff=120.4928:lock_atoms=9:total_atoms=136"",""oracle_mode"":""validated_o3a_zmatrix_corpus_lookup"",""pi_clash_lock"":26.51553190301891,""pi_clash_pocket"":2.7512030651008184,""rust_reward_authority"":true,""selected_dihedral_deg"":300.0,""survival_tier"":""cryptic_rescue""}",true,true,PROJECTED,policy_generated_not_validated
490,focused-000361,ANCHOR_106471,O=C([C@@H](O)C1CCCC1)N1CCNCC1,0.5,focused,240.0,-9.935274124145508,10.308391571044922,36.676167372424885,4.0,2.370080710276126,2.1348818611647546,30.81104923358964,4.0,normal,240.0,"{""adjusted_pi_clash"":2.370080710276126,""cryptic_bonus"":4.0,""fragment_pi_complement"":4.0,""lock_proxy_method"":""intracellular_bottom_z_proxy_v1:z_min=117.4241:z_max=133.5013:cutoff=120.6395:lock_atoms=13:total_atoms=131"",""oracle_mode"":""validated_o3a_zmatrix_corpus_lookup"",""pi_clash_lock"":30.81104923358964,""pi_clash_pocket"":2.1348818611647546,""rust_reward_authority"":true,""selected_dihedral_deg"":240.0,""survival_tier"":""normal""}",true,true,PROJECTED,policy_generated_not_validated
491,balanced-001454,ANCHOR_110900,OCc1ccc2c(CN3CCNCC3)c[nH]c2c1,1.0,balanced,300.0,-11.056079864501953,11.055851936340332,36.65789764563649,2.0,1.8000416025153971,1.5428928021560548,34.20079044779254,2.0,normal,120.0,"{""adjusted_pi_clash"":1.8000416025153971,""cryptic_bonus"":2.0,""fragment_pi_complement"":2.0,""lock_proxy_method"":""intracellular_bottom_z_proxy_v1:z_min=117.4241:z_max=138.4040:cutoff=121.6201:lock_atoms=19:total_atoms=133"",""oracle_mode"":""validated_o3a_zmatrix_corpus_lookup"",""pi_clash_lock"":34.20079044779254,""pi_clash_pocket"":1.5428928021560548,""rust_reward_authority"":true,""selected_dihedral_deg"":120.0,""survival_tier"":""normal""}",true,true,PROJECTED,policy_generated_not_validated
492,near_random-001152,ANCHOR_064833,Cc1cc(C)c([C@H]2CCNC2)c(O)c1,5.0,near_random,0.0,-11.56285285949707,11.239540100097656,36.61007178279092,3.0,2.446635729612522,2.19619270217187,31.80626448496279,4.0,normal,0.0,"{""adjusted_pi_clash"":2.446635729612522,""cryptic_bonus"":4.0,""fragment_pi_complement"":3.0,""lock_proxy_method"":""intracellular_bottom_z_proxy_v1:z_min=117.4241:z_max=133.4955:cutoff=120.6384:lock_atoms=13:total_atoms=127"",""oracle_mode"":""validated_o3a_zmatrix_corpus_lookup"",""pi_clash_lock"":31.80626448496279,""pi_clash_pocket"":2.19619270217187,""rust_reward_authority"":true,""selected_dihedral_deg"":0.0,""survival_tier"":""normal""}",true,true,PROJECTED,policy_generated_not_validated
493,balanced-000549,ANCHOR_068122,Cc1cc2c(cc1F)CCN[C@H]2c1cccnc1,1.0,balanced,0.0,-11.801204681396484,11.055851936340332,36.60618894515618,3.0,2.446635729612522,2.200075539806609,31.80626448496279,4.0,normal,0.0,"{""adjusted_pi_clash"":2.446635729612522,""cryptic_bonus"":4.0,""fragment_pi_complement"":3.0,""lock_proxy_method"":""intracellular_bottom_z_proxy_v1:z_min=117.4241:z_max=133.3625:cutoff=120.6118:lock_atoms=13:total_atoms=129"",""oracle_mode"":""validated_o3a_zmatrix_corpus_lookup"",""pi_clash_lock"":31.80626448496279,""pi_clash_pocket"":2.200075539806609,""rust_reward_authority"":true,""selected_dihedral_deg"":0.0,""survival_tier"":""normal""}",true,true,PROJECTED,policy_generated_not_validated
494,balanced-000244,ANCHOR_015546,CC1(C)C[C@@H]1Nc1ccc(C(N)=O)cc1N,1.0,balanced,120.0,-11.23930549621582,11.055851936340332,36.60618894515617,3.0,2.4466357296125216,2.2000755398066087,31.80626448496278,4.0,normal,120.0,"{""adjusted_pi_clash"":2.4466357296125216,""cryptic_bonus"":4.0,""fragment_pi_complement"":3.0,""lock_proxy_method"":""intracellular_bottom_z_proxy_v1:z_min=117.4241:z_max=133.6569:cutoff=120.6707:lock_atoms=13:total_atoms=129"",""oracle_mode"":""validated_o3a_zmatrix_corpus_lookup"",""pi_clash_lock"":31.80626448496278,""pi_clash_pocket"":2.2000755398066087,""rust_reward_authority"":true,""selected_dihedral_deg"":120.0,""survival_tier"":""normal""}",true,true,PROJECTED,policy_generated_not_validated
495,focused-000226,ANCHOR_069288,Cc1ccc(C(=O)NCc2ccco2)cc1O,0.5,focused,300.0,-10.875576972961426,10.308391571044922,36.60578985326429,5.0,3.420186353501771,3.175887328251645,30.78167718151594,4.0,cryptic_rescue,300.0,"{""adjusted_pi_clash"":3.420186353501771,""cryptic_bonus"":4.0,""fragment_pi_complement"":5.0,""lock_proxy_method"":""intracellular_bottom_z_proxy_v1:z_min=117.4241:z_max=132.4266:cutoff=120.4246:lock_atoms=9:total_atoms=126"",""oracle_mode"":""validated_o3a_zmatrix_corpus_lookup"",""pi_clash_lock"":30.78167718151594,""pi_clash_pocket"":3.175887328251645,""rust_reward_authority"":true,""selected_dihedral_deg"":300.0,""survival_tier"":""cryptic_rescue""}",true,true,PROJECTED,policy_generated_not_validated
496,focused-001347,ANCHOR_092504,NCCc1cnccc1N1CCCC1,0.5,focused,180.0,-11.314123153686523,10.308391571044922,36.590837010115166,2.0,1.896064568220901,1.6422606496401504,32.233097659755316,4.0,normal,0.0,"{""adjusted_pi_clash"":1.896064568220901,""cryptic_bonus"":4.0,""fragment_pi_complement"":2.0,""lock_proxy_method"":""intracellular_bottom_z_proxy_v1:z_min=117.4241:z_max=136.7258:cutoff=121.2844:lock_atoms=17:total_atoms=127"",""oracle_mode"":""validated_o3a_zmatrix_corpus_lookup"",""pi_clash_lock"":32.233097659755316,""pi_clash_pocket"":1.6422606496401504,""rust_reward_authority"":true,""selected_dihedral_deg"":0.0,""survival_tier"":""normal""}",true,true,PROJECTED,policy_generated_not_validated
497,balanced-001032,ANCHOR_024272,CC[C@@H]([C@H]1CCN(C)C1)N1CCNCC1,1.0,balanced,180.0,-11.418460845947266,11.055851936340332,36.577978480118944,2.0,2.333672880637585,2.0934418488072453,32.67142032892619,4.0,normal,180.0,"{""adjusted_pi_clash"":2.333672880637585,""cryptic_bonus"":4.0,""fragment_pi_complement"":2.0,""lock_proxy_method"":""intracellular_bottom_z_proxy_v1:z_min=117.4241:z_max=134.2215:cutoff=120.7836:lock_atoms=14:total_atoms=136"",""oracle_mode"":""validated_o3a_zmatrix_corpus_lookup"",""pi_clash_lock"":32.67142032892619,""pi_clash_pocket"":2.0934418488072453,""rust_reward_authority"":true,""selected_dihedral_deg"":180.0,""survival_tier"":""normal""}",true,true,PROJECTED,policy_generated_not_validated
498,near_random-001681,ANCHOR_106724,O=C(c1ccc2[nH]ncc2c1)N1CCNCC1,5.0,near_random,120.0,-11.333320617675781,11.239540100097656,36.55802306402289,3.0,1.832049257750565,1.5868143177367098,31.144837381759604,4.0,normal,120.0,"{""adjusted_pi_clash"":1.832049257750565,""cryptic_bonus"":4.0,""fragment_pi_complement"":3.0,""lock_proxy_method"":""intracellular_bottom_z_proxy_v1:z_min=117.4241:z_max=137.2302:cutoff=121.3853:lock_atoms=17:total_atoms=127"",""oracle_mode"":""validated_o3a_zmatrix_corpus_lookup"",""pi_clash_lock"":31.144837381759604,""pi_clash_pocket"":1.5868143177367098,""rust_reward_authority"":true,""selected_dihedral_deg"":120.0,""survival_tier"":""normal""}",true,true,PROJECTED,policy_generated_not_validated
499,near_random-000504,ANCHOR_001596,C/C=C/[C@@H]1NCCc2ccc(F)c(OC)c21,5.0,near_random,60.0,-11.382858276367188,11.239540100097656,36.55610716605404,3.0,1.8320492577505652,1.5887302157055683,31.144837381759608,4.0,normal,60.0,"{""adjusted_pi_clash"":1.8320492577505652,""cryptic_bonus"":4.0,""fragment_pi_complement"":3.0,""lock_proxy_method"":""intracellular_bottom_z_proxy_v1:z_min=117.4241:z_max=136.9249:cutoff=121.3243:lock_atoms=17:total_atoms=128"",""oracle_mode"":""validated_o3a_zmatrix_corpus_lookup"",""pi_clash_lock"":31.144837381759608,""pi_clash_pocket"":1.5887302157055683,""rust_reward_authority"":true,""selected_dihedral_deg"":60.0,""survival_tier"":""normal""}",true,true,PROJECTED,policy_generated_not_validated
500,balanced-000489,ANCHOR_076300,Cc1cccc2c(N3CCNCC3)c(C)n(C)c12,1.0,balanced,300.0,-10.331883430480957,11.055851936340332,36.54200490115956,3.0,2.442235555209149,2.207057316559379,31.749062217718937,4.0,normal,300.0,"{""adjusted_pi_clash"":2.442235555209149,""cryptic_bonus"":4.0,""fragment_pi_complement"":3.0,""lock_proxy_method"":""intracellular_bottom_z_proxy_v1:z_min=117.4241:z_max=133.5830:cutoff=120.6559:lock_atoms=13:total_atoms=135"",""oracle_mode"":""validated_o3a_zmatrix_corpus_lookup"",""pi_clash_lock"":31.749062217718937,""pi_clash_pocket"":2.207057316559379,""rust_reward_authority"":true,""selected_dihedral_deg"":300.0,""survival_tier"":""normal""}",true,true,PROJECTED,policy_generated_not_validated
