rank,trajectory_id,anchor_id,canonical_smiles,sampling_temperature,sampling_regime,sampled_dihedral_deg,sigma_shear_mean,hysteresis_mean,reversibility_mean,pathway_voxels_occupied,pathway_neighborhood_contacts,pathway_neighborhood_score_mean,pathway_score_mean,species_conservation_score_mean,field_consensus_complement_bonus,charge_feature_mean,u_pose,u_pose_source,policy_logprob,trajectory_entropy,reward,pi_complement,adjusted_pi_clash,pi_clash_pocket,pi_clash_lock,sigma_shear,pi_clash_lock_cold_hold,pi_clash_lock_ramp_up,pi_clash_lock_warm_hold,pi_clash_lock_ramp_down,pi_clash_lock_cold_return,lock_geometry_score,lock_geometry_atom_count,lock_voxel_indices_json,lock_occupancy_cold_hold,lock_occupancy_ramp_up,lock_occupancy_warm_hold,lock_occupancy_ramp_down,lock_occupancy_cold_return,intracellular_penetration_depth_angstrom,lock_steric_volume_angstrom3,cryptic_bonus,consensus_complement_bonus,pathway_voxels,void_atom_count,survival_tier,selected_dihedral_deg,reward_components_json,lock_phase_provenance,nma_disruption_penalty,hydration_blockade_penalty,thermodynamic_trap_penalty,pathway_bonus,u_pose_right,continuity_admissibility,continuity_reward_v1,continuity_provenance,oracle_valid,generated_by_policy,epistemic_class,training_status
1,near_random-000545,ANCHOR_080388,Cc1nc(CN)[nH]c1-c1ccc2c(c1)CCCO2,5.0,near_random,60.0,0.0,0.0,1.0,0.0,0.0,0.0,0.0,1.0,0.0,0.17946739785525265,0.1823215567939546,best_rotamer_rank_proxy,-12.158629417419434,11.235594749450684,46.212384714260466,5.0,2.910298042629729,2.6214898399260154,37.83387455418648,0.0,428.17239398254753,219.2694128417909,10.366431701034312,219.26941284179094,449.5810136816749,37.83387455418648,13.0,"[243012,243109,243204,252133,252324,252419,252420,261444,261445,261446,261637,270758]",428.17239398254753,219.2694128417909,10.366431701034312,219.26941284179094,449.5810136816749,0.0,260.0,6.0,0.0,0,0,cryptic_rescue,60.0,"{""adjusted_pi_clash"":2.910298042629729,""consensus_complement_bonus"":0.0,""cryptic_bonus"":6.0,""fragment_pi_complement"":5.0,""intracellular_penetration_depth_angstrom"":0.0,""lock_geometry_atom_count"":13,""lock_geometry_score"":37.83387455418648,""lock_occupancy_cold_hold"":428.17239398254753,""lock_occupancy_cold_return"":449.5810136816749,""lock_occupancy_ramp_down"":219.26941284179094,""lock_occupancy_ramp_up"":219.2694128417909,""lock_occupancy_warm_hold"":10.366431701034312,""lock_phase_provenance"":""PHASE_RESOLVED"",""lock_proxy_method"":""residue_lock_region_mask_v2:lock_atoms=13:total_atoms=131:phase_lock=PHASE_RESOLVED:steric_volume_proxy=20A3_per_atom"",""lock_steric_volume_angstrom3"":260.0,""lock_voxel_indices"":""[243012,243109,243204,252133,252324,252419,252420,261444,261445,261446,261637,270758]"",""oracle_mode"":""validated_o3a_zmatrix_corpus_lookup"",""pi_clash_lock"":37.83387455418648,""pi_clash_lock_cold_hold"":428.17239398254753,""pi_clash_lock_cold_return"":449.5810136816749,""pi_clash_lock_ramp_down"":219.26941284179094,""pi_clash_lock_ramp_up"":219.2694128417909,""pi_clash_lock_warm_hold"":10.366431701034312,""pi_clash_pocket"":2.6214898399260154,""rust_reward_authority"":true,""selected_dihedral_deg"":60.0,""survival_tier"":""cryptic_rescue""}",PHASE_RESOLVED,0.0,0.0,0.0,0.0,0.0,true,46.212384714260466,NOT_REQUESTED,true,true,PROJECTED,policy_generated_not_validated
2,near_random-000726,ANCHOR_014548,CC(C)c1nc2cc(-c3cc(N)n[nH]3)ccc2[nH]1,5.0,near_random,120.0,0.0,0.0,1.0,0.0,0.0,0.0,0.0,1.0,0.0,0.2201143429367448,0.40546510810816444,best_rotamer_rank_proxy,-11.44006633758545,11.235594749450684,35.00499883313885,4.0,1.9075368713630465,1.700517365943801,26.705516199082652,0.0,478.99522340332715,245.23746337246956,11.479703341612018,245.2374633724696,502.9449845734935,26.705516199082652,14.0,"[206342,215560,215653,215654,215656,224775,224777,225063,234087,234183,243303]",478.99522340332715,245.23746337246956,11.479703341612018,245.2374633724696,502.9449845734935,0.0,280.0,6.0,0.0,0,0,normal,120.0,"{""adjusted_pi_clash"":1.9075368713630465,""consensus_complement_bonus"":0.0,""cryptic_bonus"":6.0,""fragment_pi_complement"":4.0,""intracellular_penetration_depth_angstrom"":0.0,""lock_geometry_atom_count"":14,""lock_geometry_score"":26.705516199082652,""lock_occupancy_cold_hold"":478.99522340332715,""lock_occupancy_cold_return"":502.9449845734935,""lock_occupancy_ramp_down"":245.2374633724696,""lock_occupancy_ramp_up"":245.23746337246956,""lock_occupancy_warm_hold"":11.479703341612018,""lock_phase_provenance"":""PHASE_RESOLVED"",""lock_proxy_method"":""residue_lock_region_mask_v2:lock_atoms=14:total_atoms=129:phase_lock=PHASE_RESOLVED:steric_volume_proxy=20A3_per_atom"",""lock_steric_volume_angstrom3"":280.0,""lock_voxel_indices"":""[206342,215560,215653,215654,215656,224775,224777,225063,234087,234183,243303]"",""oracle_mode"":""validated_o3a_zmatrix_corpus_lookup"",""pi_clash_lock"":26.705516199082652,""pi_clash_lock_cold_hold"":478.99522340332715,""pi_clash_lock_cold_return"":502.9449845734935,""pi_clash_lock_ramp_down"":245.2374633724696,""pi_clash_lock_ramp_up"":245.23746337246956,""pi_clash_lock_warm_hold"":11.479703341612018,""pi_clash_pocket"":1.700517365943801,""rust_reward_authority"":true,""selected_dihedral_deg"":120.0,""survival_tier"":""normal""}",PHASE_RESOLVED,0.0,0.0,0.0,0.0,0.0,true,35.00499883313885,NOT_REQUESTED,true,true,PROJECTED,policy_generated_not_validated
3,exploration-000209,ANCHOR_094963,NCc1ncc(-c2ccc3c(c2)CCC3)[nH]1,2.0,exploration,180.0,0.0,0.0,1.0,0.0,0.0,0.0,0.0,1.0,0.0,0.1757626139658671,0.6931471805599453,best_rotamer_rank_proxy,-11.62912368774414,11.185348510742188,24.86098170555148,4.0,2.104063184621001,1.9715237714165286,16.83250547696801,0.0,251.1885962285687,128.73992662824884,6.291257027928966,128.73992662824887,263.74802603999717,16.83250547696801,8.0,"[215846,215943,215944,216039,225062,225157,234183,234278]",251.1885962285687,128.73992662824884,6.291257027928966,128.73992662824887,263.74802603999717,0.0,160.0,6.0,0.0,0,0,normal,180.0,"{""adjusted_pi_clash"":2.104063184621001,""consensus_complement_bonus"":0.0,""cryptic_bonus"":6.0,""fragment_pi_complement"":4.0,""intracellular_penetration_depth_angstrom"":0.0,""lock_geometry_atom_count"":8,""lock_geometry_score"":16.83250547696801,""lock_occupancy_cold_hold"":251.1885962285687,""lock_occupancy_cold_return"":263.74802603999717,""lock_occupancy_ramp_down"":128.73992662824887,""lock_occupancy_ramp_up"":128.73992662824884,""lock_occupancy_warm_hold"":6.291257027928966,""lock_phase_provenance"":""PHASE_RESOLVED"",""lock_proxy_method"":""residue_lock_region_mask_v2:lock_atoms=8:total_atoms=127:phase_lock=PHASE_RESOLVED:steric_volume_proxy=20A3_per_atom"",""lock_steric_volume_angstrom3"":160.0,""lock_voxel_indices"":""[215846,215943,215944,216039,225062,225157,234183,234278]"",""oracle_mode"":""validated_o3a_zmatrix_corpus_lookup"",""pi_clash_lock"":16.83250547696801,""pi_clash_lock_cold_hold"":251.1885962285687,""pi_clash_lock_cold_return"":263.74802603999717,""pi_clash_lock_ramp_down"":128.73992662824887,""pi_clash_lock_ramp_up"":128.73992662824884,""pi_clash_lock_warm_hold"":6.291257027928966,""pi_clash_pocket"":1.9715237714165286,""rust_reward_authority"":true,""selected_dihedral_deg"":180.0,""survival_tier"":""normal""}",PHASE_RESOLVED,0.0,0.0,0.0,0.0,0.0,true,24.86098170555148,NOT_REQUESTED,true,true,PROJECTED,policy_generated_not_validated
4,focused-001670,ANCHOR_094399,NCc1ccc(-c2ccnn2-c2ccccc2)cc1,0.5,focused,240.0,0.0,0.0,1.0,0.0,0.0,0.0,0.0,1.0,0.0,0.17271299975695392,1.0986122886681098,best_rotamer_rank_proxy,-9.530744552612305,10.18816089630127,24.147558854247993,6.0,3.348179317391469,3.2451584153178854,13.392717269565876,0.0,138.76707094369092,71.22417356187168,3.681276180052447,71.2241735618717,145.7054244908755,13.392717269565876,4.0,"[270565,270757,279877]",138.76707094369092,71.22417356187168,3.681276180052447,71.2241735618717,145.7054244908755,0.0,80.0,8.0,0.0,0,0,cryptic_rescue,240.0,"{""adjusted_pi_clash"":3.348179317391469,""consensus_complement_bonus"":0.0,""cryptic_bonus"":8.0,""fragment_pi_complement"":6.0,""intracellular_penetration_depth_angstrom"":0.0,""lock_geometry_atom_count"":4,""lock_geometry_score"":13.392717269565876,""lock_occupancy_cold_hold"":138.76707094369092,""lock_occupancy_cold_return"":145.7054244908755,""lock_occupancy_ramp_down"":71.2241735618717,""lock_occupancy_ramp_up"":71.22417356187168,""lock_occupancy_warm_hold"":3.681276180052447,""lock_phase_provenance"":""PHASE_RESOLVED"",""lock_proxy_method"":""residue_lock_region_mask_v2:lock_atoms=4:total_atoms=130:phase_lock=PHASE_RESOLVED:steric_volume_proxy=20A3_per_atom"",""lock_steric_volume_angstrom3"":80.0,""lock_voxel_indices"":""[270565,270757,279877]"",""oracle_mode"":""validated_o3a_zmatrix_corpus_lookup"",""pi_clash_lock"":13.392717269565876,""pi_clash_lock_cold_hold"":138.76707094369092,""pi_clash_lock_cold_return"":145.7054244908755,""pi_clash_lock_ramp_down"":71.2241735618717,""pi_clash_lock_ramp_up"":71.22417356187168,""pi_clash_lock_warm_hold"":3.681276180052447,""pi_clash_pocket"":3.2451584153178854,""rust_reward_authority"":true,""selected_dihedral_deg"":240.0,""survival_tier"":""cryptic_rescue""}",PHASE_RESOLVED,0.0,0.0,0.0,0.0,0.0,true,24.147558854247993,NOT_REQUESTED,true,true,PROJECTED,policy_generated_not_validated
5,focused-000347,ANCHOR_088669,N#Cc1cccc(NC(=O)[C@H]2CCCNC2)c1,0.5,focused,120.0,0.0,0.0,1.0,0.0,0.0,0.0,0.0,1.0,0.0,0.18915744972764514,0.40546510810816444,best_rotamer_rank_proxy,-10.280195236206055,10.18816089630127,22.865727346617284,4.0,2.124920129505822,2.0087135599234722,14.874440906540753,0.0,224.71831652964167,115.31835816133946,5.918399793037244,115.31835816133945,235.95423235612375,14.874440906540753,7.0,"[206728,206825,215945,216040,225064,225158]",224.71831652964167,115.31835816133946,5.918399793037244,115.31835816133945,235.95423235612375,0.0,140.0,6.0,0.0,0,0,normal,120.0,"{""adjusted_pi_clash"":2.124920129505822,""consensus_complement_bonus"":0.0,""cryptic_bonus"":6.0,""fragment_pi_complement"":4.0,""intracellular_penetration_depth_angstrom"":0.0,""lock_geometry_atom_count"":7,""lock_geometry_score"":14.874440906540753,""lock_occupancy_cold_hold"":224.71831652964167,""lock_occupancy_cold_return"":235.95423235612375,""lock_occupancy_ramp_down"":115.31835816133945,""lock_occupancy_ramp_up"":115.31835816133946,""lock_occupancy_warm_hold"":5.918399793037244,""lock_phase_provenance"":""PHASE_RESOLVED"",""lock_proxy_method"":""residue_lock_region_mask_v2:lock_atoms=7:total_atoms=128:phase_lock=PHASE_RESOLVED:steric_volume_proxy=20A3_per_atom"",""lock_steric_volume_angstrom3"":140.0,""lock_voxel_indices"":""[206728,206825,215945,216040,225064,225158]"",""oracle_mode"":""validated_o3a_zmatrix_corpus_lookup"",""pi_clash_lock"":14.874440906540753,""pi_clash_lock_cold_hold"":224.71831652964167,""pi_clash_lock_cold_return"":235.95423235612375,""pi_clash_lock_ramp_down"":115.31835816133945,""pi_clash_lock_ramp_up"":115.31835816133946,""pi_clash_lock_warm_hold"":5.918399793037244,""pi_clash_pocket"":2.0087135599234722,""rust_reward_authority"":true,""selected_dihedral_deg"":120.0,""survival_tier"":""normal""}",PHASE_RESOLVED,0.0,0.0,0.0,0.0,0.0,true,22.865727346617284,NOT_REQUESTED,true,true,PROJECTED,policy_generated_not_validated
6,balanced-001663,ANCHOR_081210,Cc1nc2cc([C@@H](C)CCN)ccc2n1C,1.0,balanced,240.0,0.0,0.0,1.0,0.0,0.0,0.0,0.0,1.0,0.0,0.16097280013926177,1.0986122886681098,best_rotamer_rank_proxy,-10.236348152160645,10.99187183380127,22.27661221648396,3.0,2.446741838226377,2.2973224893270565,19.573934705811016,0.0,261.6270638847135,133.94077868304322,6.254493481372988,133.94077868304325,274.7084170789492,19.573934705811016,8.0,"[252325,252421,252422,252515,252517,261635,261637,261730]",261.6270638847135,133.94077868304322,6.254493481372988,133.94077868304325,274.7084170789492,0.0,160.0,2.0,0.0,0,0,normal,60.0,"{""adjusted_pi_clash"":2.446741838226377,""consensus_complement_bonus"":0.0,""cryptic_bonus"":2.0,""fragment_pi_complement"":3.0,""intracellular_penetration_depth_angstrom"":0.0,""lock_geometry_atom_count"":8,""lock_geometry_score"":19.573934705811016,""lock_occupancy_cold_hold"":261.6270638847135,""lock_occupancy_cold_return"":274.7084170789492,""lock_occupancy_ramp_down"":133.94077868304325,""lock_occupancy_ramp_up"":133.94077868304322,""lock_occupancy_warm_hold"":6.254493481372988,""lock_phase_provenance"":""PHASE_RESOLVED"",""lock_proxy_method"":""residue_lock_region_mask_v2:lock_atoms=8:total_atoms=131:phase_lock=PHASE_RESOLVED:steric_volume_proxy=20A3_per_atom"",""lock_steric_volume_angstrom3"":160.0,""lock_voxel_indices"":""[252325,252421,252422,252515,252517,261635,261637,261730]"",""oracle_mode"":""validated_o3a_zmatrix_corpus_lookup"",""pi_clash_lock"":19.573934705811016,""pi_clash_lock_cold_hold"":261.6270638847135,""pi_clash_lock_cold_return"":274.7084170789492,""pi_clash_lock_ramp_down"":133.94077868304325,""pi_clash_lock_ramp_up"":133.94077868304322,""pi_clash_lock_warm_hold"":6.254493481372988,""pi_clash_pocket"":2.2973224893270565,""rust_reward_authority"":true,""selected_dihedral_deg"":60.0,""survival_tier"":""normal""}",PHASE_RESOLVED,0.0,0.0,0.0,0.0,0.0,true,22.27661221648396,NOT_REQUESTED,true,true,PROJECTED,policy_generated_not_validated
7,near_random-000357,ANCHOR_092283,NCCc1cc(-c2ccc3c(c2)CCC3)on1,5.0,near_random,180.0,0.0,0.0,1.0,0.0,0.0,0.0,0.0,1.0,0.0,0.16060914167633178,0.6931471805599453,best_rotamer_rank_proxy,-11.705423355102539,11.235689163208008,20.952511459570715,3.0,1.5370401180910522,1.4178897213398078,15.370401180910523,0.0,325.8480688775859,166.8652597306147,7.8824505836435055,166.8652597306147,342.1404723214652,15.370401180910523,10.0,"[243203,252321,252323,252417,252418,252419,252515,261634,270848,270849]",325.8480688775859,166.8652597306147,7.8824505836435055,166.8652597306147,342.1404723214652,0.0,200.0,4.0,0.0,0,0,normal,180.0,"{""adjusted_pi_clash"":1.5370401180910522,""consensus_complement_bonus"":0.0,""cryptic_bonus"":4.0,""fragment_pi_complement"":3.0,""intracellular_penetration_depth_angstrom"":0.0,""lock_geometry_atom_count"":10,""lock_geometry_score"":15.370401180910523,""lock_occupancy_cold_hold"":325.8480688775859,""lock_occupancy_cold_return"":342.1404723214652,""lock_occupancy_ramp_down"":166.8652597306147,""lock_occupancy_ramp_up"":166.8652597306147,""lock_occupancy_warm_hold"":7.8824505836435055,""lock_phase_provenance"":""PHASE_RESOLVED"",""lock_proxy_method"":""residue_lock_region_mask_v2:lock_atoms=10:total_atoms=129:phase_lock=PHASE_RESOLVED:steric_volume_proxy=20A3_per_atom"",""lock_steric_volume_angstrom3"":200.0,""lock_voxel_indices"":""[243203,252321,252323,252417,252418,252419,252515,261634,270848,270849]"",""oracle_mode"":""validated_o3a_zmatrix_corpus_lookup"",""pi_clash_lock"":15.370401180910523,""pi_clash_lock_cold_hold"":325.8480688775859,""pi_clash_lock_cold_return"":342.1404723214652,""pi_clash_lock_ramp_down"":166.8652597306147,""pi_clash_lock_ramp_up"":166.8652597306147,""pi_clash_lock_warm_hold"":7.8824505836435055,""pi_clash_pocket"":1.4178897213398078,""rust_reward_authority"":true,""selected_dihedral_deg"":180.0,""survival_tier"":""normal""}",PHASE_RESOLVED,0.0,0.0,0.0,0.0,0.0,true,20.952511459570715,NOT_REQUESTED,true,true,PROJECTED,policy_generated_not_validated
8,exploration-000834,ANCHOR_089681,NC(=O)Nc1ccc2nc(C3CC3)[nH]c2c1,2.0,exploration,180.0,0.0,0.0,1.0,0.0,0.0,0.0,0.0,1.0,0.0,0.2726722258922397,0.6931471805599453,best_rotamer_rank_proxy,-11.77543830871582,11.185348510742188,20.707257267006085,3.0,2.7151755608766046,2.583796098253543,16.29105336525963,0.0,190.71137287273626,97.79499251539285,4.878612158049488,97.7949925153929,200.24694151637308,16.29105336525963,6.0,"[206633,206826,215849,215946,216041,225065]",190.71137287273626,97.79499251539285,4.878612158049488,97.7949925153929,200.24694151637308,0.0,120.0,4.0,0.0,0,0,cryptic_rescue,180.0,"{""adjusted_pi_clash"":2.7151755608766046,""consensus_complement_bonus"":0.0,""cryptic_bonus"":4.0,""fragment_pi_complement"":3.0,""intracellular_penetration_depth_angstrom"":0.0,""lock_geometry_atom_count"":6,""lock_geometry_score"":16.29105336525963,""lock_occupancy_cold_hold"":190.71137287273626,""lock_occupancy_cold_return"":200.24694151637308,""lock_occupancy_ramp_down"":97.7949925153929,""lock_occupancy_ramp_up"":97.79499251539285,""lock_occupancy_warm_hold"":4.878612158049488,""lock_phase_provenance"":""PHASE_RESOLVED"",""lock_proxy_method"":""residue_lock_region_mask_v2:lock_atoms=6:total_atoms=124:phase_lock=PHASE_RESOLVED:steric_volume_proxy=20A3_per_atom"",""lock_steric_volume_angstrom3"":120.0,""lock_voxel_indices"":""[206633,206826,215849,215946,216041,225065]"",""oracle_mode"":""validated_o3a_zmatrix_corpus_lookup"",""pi_clash_lock"":16.29105336525963,""pi_clash_lock_cold_hold"":190.71137287273626,""pi_clash_lock_cold_return"":200.24694151637308,""pi_clash_lock_ramp_down"":97.7949925153929,""pi_clash_lock_ramp_up"":97.79499251539285,""pi_clash_lock_warm_hold"":4.878612158049488,""pi_clash_pocket"":2.583796098253543,""rust_reward_authority"":true,""selected_dihedral_deg"":180.0,""survival_tier"":""cryptic_rescue""}",PHASE_RESOLVED,0.0,0.0,0.0,0.0,0.0,true,20.707257267006085,NOT_REQUESTED,true,true,PROJECTED,policy_generated_not_validated
9,exploration-001217,ANCHOR_029034,CCc1nc2cc(-c3cc(N)[nH]n3)ccc2[nH]1,2.0,exploration,240.0,0.0,0.0,1.0,0.0,0.0,0.0,0.0,1.0,0.0,0.23453481828173,1.0986122886681098,best_rotamer_rank_proxy,-12.990073204040527,11.185348510742188,20.28710480029712,4.0,3.3931288084749665,3.2854104336027454,13.572515233899866,0.0,130.31337795568308,66.71374884318304,3.114119730683007,66.71374884318304,136.82904685346725,13.572515233899866,4.0,"[234087,243206,243302,243303]",130.31337795568308,66.71374884318304,3.114119730683007,66.71374884318304,136.82904685346725,0.0,80.0,6.0,0.0,0,0,cryptic_rescue,240.0,"{""adjusted_pi_clash"":3.3931288084749665,""consensus_complement_bonus"":0.0,""cryptic_bonus"":6.0,""fragment_pi_complement"":4.0,""intracellular_penetration_depth_angstrom"":0.0,""lock_geometry_atom_count"":4,""lock_geometry_score"":13.572515233899866,""lock_occupancy_cold_hold"":130.31337795568308,""lock_occupancy_cold_return"":136.82904685346725,""lock_occupancy_ramp_down"":66.71374884318304,""lock_occupancy_ramp_up"":66.71374884318304,""lock_occupancy_warm_hold"":3.114119730683007,""lock_phase_provenance"":""PHASE_RESOLVED"",""lock_proxy_method"":""residue_lock_region_mask_v2:lock_atoms=4:total_atoms=126:phase_lock=PHASE_RESOLVED:steric_volume_proxy=20A3_per_atom"",""lock_steric_volume_angstrom3"":80.0,""lock_voxel_indices"":""[234087,243206,243302,243303]"",""oracle_mode"":""validated_o3a_zmatrix_corpus_lookup"",""pi_clash_lock"":13.572515233899866,""pi_clash_lock_cold_hold"":130.31337795568308,""pi_clash_lock_cold_return"":136.82904685346725,""pi_clash_lock_ramp_down"":66.71374884318304,""pi_clash_lock_ramp_up"":66.71374884318304,""pi_clash_lock_warm_hold"":3.114119730683007,""pi_clash_pocket"":3.2854104336027454,""rust_reward_authority"":true,""selected_dihedral_deg"":240.0,""survival_tier"":""cryptic_rescue""}",PHASE_RESOLVED,0.0,0.0,0.0,0.0,0.0,true,20.28710480029712,NOT_REQUESTED,true,true,PROJECTED,policy_generated_not_validated
10,near_random-000964,ANCHOR_046078,COc1ccc2cc([C@H]3C[C@@H]3CN)ccc2c1,5.0,near_random,60.0,0.0,0.0,1.0,0.0,0.0,0.0,0.0,1.0,0.0,0.14588242370931748,0.1823215567939546,best_rotamer_rank_proxy,-10.325382232666016,11.235690116882324,19.753607406821097,2.0,1.9476786088090878,1.8278214636516055,15.581428870472703,0.0,266.5260716571107,136.37190797378761,6.217744290464514,136.37190797378761,279.85237523996625,15.581428870472703,8.0,"[261255,261350,261352,261447,261541,261542,270471]",266.5260716571107,136.37190797378761,6.217744290464514,136.37190797378761,279.85237523996625,0.0,160.0,4.0,0.0,0,0,normal,60.0,"{""adjusted_pi_clash"":1.9476786088090878,""consensus_complement_bonus"":0.0,""cryptic_bonus"":4.0,""fragment_pi_complement"":2.0,""intracellular_penetration_depth_angstrom"":0.0,""lock_geometry_atom_count"":8,""lock_geometry_score"":15.581428870472703,""lock_occupancy_cold_hold"":266.5260716571107,""lock_occupancy_cold_return"":279.85237523996625,""lock_occupancy_ramp_down"":136.37190797378761,""lock_occupancy_ramp_up"":136.37190797378761,""lock_occupancy_warm_hold"":6.217744290464514,""lock_phase_provenance"":""PHASE_RESOLVED"",""lock_proxy_method"":""residue_lock_region_mask_v2:lock_atoms=8:total_atoms=130:phase_lock=PHASE_RESOLVED:steric_volume_proxy=20A3_per_atom"",""lock_steric_volume_angstrom3"":160.0,""lock_voxel_indices"":""[261255,261350,261352,261447,261541,261542,270471]"",""oracle_mode"":""validated_o3a_zmatrix_corpus_lookup"",""pi_clash_lock"":15.581428870472703,""pi_clash_lock_cold_hold"":266.5260716571107,""pi_clash_lock_cold_return"":279.85237523996625,""pi_clash_lock_ramp_down"":136.37190797378761,""pi_clash_lock_ramp_up"":136.37190797378761,""pi_clash_lock_warm_hold"":6.217744290464514,""pi_clash_pocket"":1.8278214636516055,""rust_reward_authority"":true,""selected_dihedral_deg"":60.0,""survival_tier"":""normal""}",PHASE_RESOLVED,0.0,0.0,0.0,0.0,0.0,true,19.753607406821097,NOT_REQUESTED,true,true,PROJECTED,policy_generated_not_validated
11,near_random-001083,ANCHOR_056941,C[C@H](N)c1ccc(C(=O)NC2CCCC2)cc1,5.0,near_random,180.0,0.0,0.0,1.0,0.0,0.0,0.0,0.0,1.0,0.0,0.1727791998652405,0.6931471805599453,best_rotamer_rank_proxy,-11.01414680480957,11.235527038574219,19.239161000492874,2.0,1.5114156696983985,1.3864113661895086,16.625572366682384,0.0,355.7215999260403,182.24840161616189,8.775203306283405,182.24840161616183,373.50767992234233,16.625572366682384,11.0,"[243205,243395,243397,252418,252422,252515,252517,261540,261636,261730,270852]",355.7215999260403,182.24840161616189,8.775203306283405,182.24840161616183,373.50767992234233,0.0,220.0,2.0,0.0,0,0,normal,180.0,"{""adjusted_pi_clash"":1.5114156696983985,""consensus_complement_bonus"":0.0,""cryptic_bonus"":2.0,""fragment_pi_complement"":2.0,""intracellular_penetration_depth_angstrom"":0.0,""lock_geometry_atom_count"":11,""lock_geometry_score"":16.625572366682384,""lock_occupancy_cold_hold"":355.7215999260403,""lock_occupancy_cold_return"":373.50767992234233,""lock_occupancy_ramp_down"":182.24840161616183,""lock_occupancy_ramp_up"":182.24840161616189,""lock_occupancy_warm_hold"":8.775203306283405,""lock_phase_provenance"":""PHASE_RESOLVED"",""lock_proxy_method"":""residue_lock_region_mask_v2:lock_atoms=11:total_atoms=133:phase_lock=PHASE_RESOLVED:steric_volume_proxy=20A3_per_atom"",""lock_steric_volume_angstrom3"":220.0,""lock_voxel_indices"":""[243205,243395,243397,252418,252422,252515,252517,261540,261636,261730,270852]"",""oracle_mode"":""validated_o3a_zmatrix_corpus_lookup"",""pi_clash_lock"":16.625572366682384,""pi_clash_lock_cold_hold"":355.7215999260403,""pi_clash_lock_cold_return"":373.50767992234233,""pi_clash_lock_ramp_down"":182.24840161616183,""pi_clash_lock_ramp_up"":182.24840161616189,""pi_clash_lock_warm_hold"":8.775203306283405,""pi_clash_pocket"":1.3864113661895086,""rust_reward_authority"":true,""selected_dihedral_deg"":180.0,""survival_tier"":""normal""}",PHASE_RESOLVED,0.0,0.0,0.0,0.0,0.0,true,19.239161000492874,NOT_REQUESTED,true,true,PROJECTED,policy_generated_not_validated
12,balanced-000915,ANCHOR_010988,CC(C)C[S@+]([O-])c1nc2ccc(N)cc2[nH]1,1.0,balanced,120.0,0.0,0.0,1.0,0.0,0.0,0.0,0.0,1.0,0.0,0.20632151771689552,0.40546510810816444,best_rotamer_rank_proxy,-11.099935531616211,10.994539260864258,17.9373204528152,2.0,0.986362848085576,0.8853965722972886,12.822717025112487,0.0,406.80421946242353,208.59582822768746,10.38743699295147,208.59582822768755,427.14443043554473,12.822717025112487,13.0,"[233990,233991,234086,243014,243204,252326,252327,252422,252517,261542,261636]",406.80421946242353,208.59582822768746,10.38743699295147,208.59582822768755,427.14443043554473,0.0,260.0,4.0,0.0,0,0,normal,120.0,"{""adjusted_pi_clash"":0.986362848085576,""consensus_complement_bonus"":0.0,""cryptic_bonus"":4.0,""fragment_pi_complement"":2.0,""intracellular_penetration_depth_angstrom"":0.0,""lock_geometry_atom_count"":13,""lock_geometry_score"":12.822717025112487,""lock_occupancy_cold_hold"":406.80421946242353,""lock_occupancy_cold_return"":427.14443043554473,""lock_occupancy_ramp_down"":208.59582822768755,""lock_occupancy_ramp_up"":208.59582822768746,""lock_occupancy_warm_hold"":10.38743699295147,""lock_phase_provenance"":""PHASE_RESOLVED"",""lock_proxy_method"":""residue_lock_region_mask_v2:lock_atoms=13:total_atoms=127:phase_lock=PHASE_RESOLVED:steric_volume_proxy=20A3_per_atom"",""lock_steric_volume_angstrom3"":260.0,""lock_voxel_indices"":""[233990,233991,234086,243014,243204,252326,252327,252422,252517,261542,261636]"",""oracle_mode"":""validated_o3a_zmatrix_corpus_lookup"",""pi_clash_lock"":12.822717025112487,""pi_clash_lock_cold_hold"":406.80421946242353,""pi_clash_lock_cold_return"":427.14443043554473,""pi_clash_lock_ramp_down"":208.59582822768755,""pi_clash_lock_ramp_up"":208.59582822768746,""pi_clash_lock_warm_hold"":10.38743699295147,""pi_clash_pocket"":0.8853965722972886,""rust_reward_authority"":true,""selected_dihedral_deg"":120.0,""survival_tier"":""normal""}",PHASE_RESOLVED,0.0,0.0,0.0,0.0,0.0,true,17.9373204528152,NOT_REQUESTED,true,true,PROJECTED,policy_generated_not_validated
13,exploration-001854,ANCHOR_072592,Cc1ccc([C@@H]2CNCCCN2C)c(C)c1,2.0,exploration,120.0,0.0,0.0,1.0,0.0,0.0,0.0,0.0,1.0,0.0,0.12430497137649073,0.40546510810816444,best_rotamer_rank_proxy,-11.686178207397461,11.184712409973145,17.822109407819983,4.0,1.9215829079996993,1.864222224178813,7.686331631998797,0.0,125.69295038870882,64.43766875006895,3.1823871114290774,64.43766875006895,131.97759790814428,7.686331631998797,4.0,"[243300,243302,252421,252517]",125.69295038870882,64.43766875006895,3.1823871114290774,64.43766875006895,131.97759790814428,0.0,80.0,8.0,0.0,0,0,normal,120.0,"{""adjusted_pi_clash"":1.9215829079996993,""consensus_complement_bonus"":0.0,""cryptic_bonus"":8.0,""fragment_pi_complement"":4.0,""intracellular_penetration_depth_angstrom"":0.0,""lock_geometry_atom_count"":4,""lock_geometry_score"":7.686331631998797,""lock_occupancy_cold_hold"":125.69295038870882,""lock_occupancy_cold_return"":131.97759790814428,""lock_occupancy_ramp_down"":64.43766875006895,""lock_occupancy_ramp_up"":64.43766875006895,""lock_occupancy_warm_hold"":3.1823871114290774,""lock_phase_provenance"":""PHASE_RESOLVED"",""lock_proxy_method"":""residue_lock_region_mask_v2:lock_atoms=4:total_atoms=134:phase_lock=PHASE_RESOLVED:steric_volume_proxy=20A3_per_atom"",""lock_steric_volume_angstrom3"":80.0,""lock_voxel_indices"":""[243300,243302,252421,252517]"",""oracle_mode"":""validated_o3a_zmatrix_corpus_lookup"",""pi_clash_lock"":7.686331631998797,""pi_clash_lock_cold_hold"":125.69295038870882,""pi_clash_lock_cold_return"":131.97759790814428,""pi_clash_lock_ramp_down"":64.43766875006895,""pi_clash_lock_ramp_up"":64.43766875006895,""pi_clash_lock_warm_hold"":3.1823871114290774,""pi_clash_pocket"":1.864222224178813,""rust_reward_authority"":true,""selected_dihedral_deg"":120.0,""survival_tier"":""normal""}",PHASE_RESOLVED,0.0,0.0,0.0,0.0,0.0,true,17.822109407819983,NOT_REQUESTED,true,true,PROJECTED,policy_generated_not_validated
14,near_random-001493,ANCHOR_095993,N[C@@H]1CCN(C(=O)CC2CCCC2)C1,5.0,near_random,120.0,0.0,0.0,1.0,0.0,0.0,0.0,0.0,1.0,0.0,0.15583487912032842,0.40546510810816444,best_rotamer_rank_proxy,-10.747653007507324,11.23569107055664,17.207009964545186,3.0,2.5274500864588076,2.4302404677488534,12.637250432294039,0.0,161.96012501996853,82.98874855082883,4.017372081689143,82.98874855082884,170.05813127096695,12.637250432294039,5.0,"[224871,233895,234088,243206,243207]",161.96012501996853,82.98874855082883,4.017372081689143,82.98874855082884,170.05813127096695,0.0,100.0,4.0,0.0,0,0,cryptic_rescue,120.0,"{""adjusted_pi_clash"":2.5274500864588076,""consensus_complement_bonus"":0.0,""cryptic_bonus"":4.0,""fragment_pi_complement"":3.0,""intracellular_penetration_depth_angstrom"":0.0,""lock_geometry_atom_count"":5,""lock_geometry_score"":12.637250432294039,""lock_occupancy_cold_hold"":161.96012501996853,""lock_occupancy_cold_return"":170.05813127096695,""lock_occupancy_ramp_down"":82.98874855082884,""lock_occupancy_ramp_up"":82.98874855082883,""lock_occupancy_warm_hold"":4.017372081689143,""lock_phase_provenance"":""PHASE_RESOLVED"",""lock_proxy_method"":""residue_lock_region_mask_v2:lock_atoms=5:total_atoms=130:phase_lock=PHASE_RESOLVED:steric_volume_proxy=20A3_per_atom"",""lock_steric_volume_angstrom3"":100.0,""lock_voxel_indices"":""[224871,233895,234088,243206,243207]"",""oracle_mode"":""validated_o3a_zmatrix_corpus_lookup"",""pi_clash_lock"":12.637250432294039,""pi_clash_lock_cold_hold"":161.96012501996853,""pi_clash_lock_cold_return"":170.05813127096695,""pi_clash_lock_ramp_down"":82.98874855082884,""pi_clash_lock_ramp_up"":82.98874855082883,""pi_clash_lock_warm_hold"":4.017372081689143,""pi_clash_pocket"":2.4302404677488534,""rust_reward_authority"":true,""selected_dihedral_deg"":120.0,""survival_tier"":""cryptic_rescue""}",PHASE_RESOLVED,0.0,0.0,0.0,0.0,0.0,true,17.207009964545186,NOT_REQUESTED,true,true,PROJECTED,policy_generated_not_validated
15,near_random-000785,ANCHOR_094217,NCc1cc(-c2ccc3c(c2)CCCC3)[nH]n1,5.0,near_random,180.0,0.0,0.0,1.0,0.0,0.0,0.0,0.0,1.0,0.0,0.14776017703760455,0.6931471805599453,best_rotamer_rank_proxy,-11.542285919189453,11.235594749450684,16.730101642121323,4.0,2.338073055040958,2.284117523001551,7.014219165122874,0.0,99.57613904121303,50.96703048559132,2.357921929969618,50.96703048559132,104.55494599327368,7.014219165122874,3.0,"[261543,270758,279782]",99.57613904121303,50.96703048559132,2.357921929969618,50.96703048559132,104.55494599327368,0.0,60.0,8.0,0.0,0,0,normal,180.0,"{""adjusted_pi_clash"":2.338073055040958,""consensus_complement_bonus"":0.0,""cryptic_bonus"":8.0,""fragment_pi_complement"":4.0,""intracellular_penetration_depth_angstrom"":0.0,""lock_geometry_atom_count"":3,""lock_geometry_score"":7.014219165122874,""lock_occupancy_cold_hold"":99.57613904121303,""lock_occupancy_cold_return"":104.55494599327368,""lock_occupancy_ramp_down"":50.96703048559132,""lock_occupancy_ramp_up"":50.96703048559132,""lock_occupancy_warm_hold"":2.357921929969618,""lock_phase_provenance"":""PHASE_RESOLVED"",""lock_proxy_method"":""residue_lock_region_mask_v2:lock_atoms=3:total_atoms=130:phase_lock=PHASE_RESOLVED:steric_volume_proxy=20A3_per_atom"",""lock_steric_volume_angstrom3"":60.0,""lock_voxel_indices"":""[261543,270758,279782]"",""oracle_mode"":""validated_o3a_zmatrix_corpus_lookup"",""pi_clash_lock"":7.014219165122874,""pi_clash_lock_cold_hold"":99.57613904121303,""pi_clash_lock_cold_return"":104.55494599327368,""pi_clash_lock_ramp_down"":50.96703048559132,""pi_clash_lock_ramp_up"":50.96703048559132,""pi_clash_lock_warm_hold"":2.357921929969618,""pi_clash_pocket"":2.284117523001551,""rust_reward_authority"":true,""selected_dihedral_deg"":180.0,""survival_tier"":""normal""}",PHASE_RESOLVED,0.0,0.0,0.0,0.0,0.0,true,16.730101642121323,NOT_REQUESTED,true,true,PROJECTED,policy_generated_not_validated
16,focused-000202,ANCHOR_049450,C[C@@H](N)Cc1ccc2nc(C(C)(C)C)n(C)c2c1,0.5,focused,240.0,0.0,0.0,1.0,0.0,0.0,0.0,0.0,1.0,0.0,0.14476168775296083,1.0986122886681098,best_rotamer_rank_proxy,-11.747713088989258,10.177483558654785,16.23830184496639,2.0,1.4505143255019601,1.3658127590492908,11.604114604015681,0.0,261.43989932819903,133.93910114693313,6.438302965667238,133.93910114693315,274.511894294609,11.604114604015681,8.0,"[270659,270755,279684,279778,279873,279875,288993]",261.43989932819903,133.93910114693313,6.438302965667238,133.93910114693315,274.511894294609,0.0,160.0,4.0,0.0,0,0,normal,180.0,"{""adjusted_pi_clash"":1.4505143255019601,""consensus_complement_bonus"":0.0,""cryptic_bonus"":4.0,""fragment_pi_complement"":2.0,""intracellular_penetration_depth_angstrom"":0.0,""lock_geometry_atom_count"":8,""lock_geometry_score"":11.604114604015681,""lock_occupancy_cold_hold"":261.43989932819903,""lock_occupancy_cold_return"":274.511894294609,""lock_occupancy_ramp_down"":133.93910114693315,""lock_occupancy_ramp_up"":133.93910114693313,""lock_occupancy_warm_hold"":6.438302965667238,""lock_phase_provenance"":""PHASE_RESOLVED"",""lock_proxy_method"":""residue_lock_region_mask_v2:lock_atoms=8:total_atoms=137:phase_lock=PHASE_RESOLVED:steric_volume_proxy=20A3_per_atom"",""lock_steric_volume_angstrom3"":160.0,""lock_voxel_indices"":""[270659,270755,279684,279778,279873,279875,288993]"",""oracle_mode"":""validated_o3a_zmatrix_corpus_lookup"",""pi_clash_lock"":11.604114604015681,""pi_clash_lock_cold_hold"":261.43989932819903,""pi_clash_lock_cold_return"":274.511894294609,""pi_clash_lock_ramp_down"":133.93910114693315,""pi_clash_lock_ramp_up"":133.93910114693313,""pi_clash_lock_warm_hold"":6.438302965667238,""pi_clash_pocket"":1.3658127590492908,""rust_reward_authority"":true,""selected_dihedral_deg"":180.0,""survival_tier"":""normal""}",PHASE_RESOLVED,0.0,0.0,0.0,0.0,0.0,true,16.23830184496639,NOT_REQUESTED,true,true,PROJECTED,policy_generated_not_validated
17,focused-000675,ANCHOR_088628,N#Cc1cccc(CNC2Cc3ccccc3C2)c1,0.5,focused,180.0,0.0,0.0,1.0,0.0,0.0,0.0,0.0,1.0,0.0,0.13985983560279924,0.6931471805599453,best_rotamer_rank_proxy,-9.60978889465332,10.177483558654785,16.103819238973234,1.0,1.6240305773940338,1.5124559575730696,14.616275196546304,0.0,286.24609617366804,146.6651738691028,7.084251564537572,146.6651738691028,300.55840098235143,14.616275196546304,9.0,"[206631,206824,215845,215942,215943,216039,225156,225157,234276]",286.24609617366804,146.6651738691028,7.084251564537572,146.6651738691028,300.55840098235143,0.0,180.0,2.0,0.0,0,0,cryptic_rescue,120.0,"{""adjusted_pi_clash"":1.6240305773940338,""consensus_complement_bonus"":0.0,""cryptic_bonus"":2.0,""fragment_pi_complement"":1.0,""intracellular_penetration_depth_angstrom"":0.0,""lock_geometry_atom_count"":9,""lock_geometry_score"":14.616275196546304,""lock_occupancy_cold_hold"":286.24609617366804,""lock_occupancy_cold_return"":300.55840098235143,""lock_occupancy_ramp_down"":146.6651738691028,""lock_occupancy_ramp_up"":146.6651738691028,""lock_occupancy_warm_hold"":7.084251564537572,""lock_phase_provenance"":""PHASE_RESOLVED"",""lock_proxy_method"":""residue_lock_region_mask_v2:lock_atoms=9:total_atoms=131:phase_lock=PHASE_RESOLVED:steric_volume_proxy=20A3_per_atom"",""lock_steric_volume_angstrom3"":180.0,""lock_voxel_indices"":""[206631,206824,215845,215942,215943,216039,225156,225157,234276]"",""oracle_mode"":""validated_o3a_zmatrix_corpus_lookup"",""pi_clash_lock"":14.616275196546304,""pi_clash_lock_cold_hold"":286.24609617366804,""pi_clash_lock_cold_return"":300.55840098235143,""pi_clash_lock_ramp_down"":146.6651738691028,""pi_clash_lock_ramp_up"":146.6651738691028,""pi_clash_lock_warm_hold"":7.084251564537572,""pi_clash_pocket"":1.5124559575730696,""rust_reward_authority"":true,""selected_dihedral_deg"":120.0,""survival_tier"":""cryptic_rescue""}",PHASE_RESOLVED,0.0,0.0,0.0,0.0,0.0,true,16.103819238973234,NOT_REQUESTED,true,true,PROJECTED,policy_generated_not_validated
18,exploration-000585,ANCHOR_011023,CC(C)Cc1ccc(-c2cc(N)[nH]n2)cc1,2.0,exploration,0.0,0.0,0.0,1.0,0.0,0.0,0.0,0.0,1.0,0.0,0.15922158977052725,-0.0,best_rotamer_rank_proxy,-9.720115661621094,11.185347557067871,15.505078537099633,2.0,1.0371454446442017,0.9406667986307876,12.44574533573042,0.0,400.7813489092068,205.14325312922412,9.505157349241424,205.14325312922412,420.8204163546672,12.44574533573042,12.0,"[215560,215657,215752,224872,224967,233992,233993,234087,234183,243302]",400.7813489092068,205.14325312922412,9.505157349241424,205.14325312922412,420.8204163546672,0.0,240.0,2.0,0.0,0,0,normal,120.0,"{""adjusted_pi_clash"":1.0371454446442017,""consensus_complement_bonus"":0.0,""cryptic_bonus"":2.0,""fragment_pi_complement"":2.0,""intracellular_penetration_depth_angstrom"":0.0,""lock_geometry_atom_count"":12,""lock_geometry_score"":12.44574533573042,""lock_occupancy_cold_hold"":400.7813489092068,""lock_occupancy_cold_return"":420.8204163546672,""lock_occupancy_ramp_down"":205.14325312922412,""lock_occupancy_ramp_up"":205.14325312922412,""lock_occupancy_warm_hold"":9.505157349241424,""lock_phase_provenance"":""PHASE_RESOLVED"",""lock_proxy_method"":""residue_lock_region_mask_v2:lock_atoms=12:total_atoms=129:phase_lock=PHASE_RESOLVED:steric_volume_proxy=20A3_per_atom"",""lock_steric_volume_angstrom3"":240.0,""lock_voxel_indices"":""[215560,215657,215752,224872,224967,233992,233993,234087,234183,243302]"",""oracle_mode"":""validated_o3a_zmatrix_corpus_lookup"",""pi_clash_lock"":12.44574533573042,""pi_clash_lock_cold_hold"":400.7813489092068,""pi_clash_lock_cold_return"":420.8204163546672,""pi_clash_lock_ramp_down"":205.14325312922412,""pi_clash_lock_ramp_up"":205.14325312922412,""pi_clash_lock_warm_hold"":9.505157349241424,""pi_clash_pocket"":0.9406667986307876,""rust_reward_authority"":true,""selected_dihedral_deg"":120.0,""survival_tier"":""normal""}",PHASE_RESOLVED,0.0,0.0,0.0,0.0,0.0,true,15.505078537099633,NOT_REQUESTED,true,true,PROJECTED,policy_generated_not_validated
19,balanced-000170,ANCHOR_065161,Cc1cc(C)c2cc([C@H]3CNCCO3)[nH]c2c1,1.0,balanced,120.0,0.0,0.0,1.0,0.0,0.0,0.0,0.0,1.0,0.0,0.14623210487317065,0.40546510810816444,best_rotamer_rank_proxy,-10.270057678222656,10.994539260864258,15.479356364689398,3.0,1.6045287027869772,1.5432871492454896,8.022643513934886,0.0,166.69495619135836,85.35353729793314,4.012118404507945,85.35353729793316,175.02970400092627,8.022643513934886,5.0,"[225063,233992,234087,243207]",166.69495619135836,85.35353729793314,4.012118404507945,85.35353729793316,175.02970400092627,0.0,100.0,6.0,0.0,0,0,normal,120.0,"{""adjusted_pi_clash"":1.6045287027869772,""consensus_complement_bonus"":0.0,""cryptic_bonus"":6.0,""fragment_pi_complement"":3.0,""intracellular_penetration_depth_angstrom"":0.0,""lock_geometry_atom_count"":5,""lock_geometry_score"":8.022643513934886,""lock_occupancy_cold_hold"":166.69495619135836,""lock_occupancy_cold_return"":175.02970400092627,""lock_occupancy_ramp_down"":85.35353729793316,""lock_occupancy_ramp_up"":85.35353729793314,""lock_occupancy_warm_hold"":4.012118404507945,""lock_phase_provenance"":""PHASE_RESOLVED"",""lock_proxy_method"":""residue_lock_region_mask_v2:lock_atoms=5:total_atoms=131:phase_lock=PHASE_RESOLVED:steric_volume_proxy=20A3_per_atom"",""lock_steric_volume_angstrom3"":100.0,""lock_voxel_indices"":""[225063,233992,234087,243207]"",""oracle_mode"":""validated_o3a_zmatrix_corpus_lookup"",""pi_clash_lock"":8.022643513934886,""pi_clash_lock_cold_hold"":166.69495619135836,""pi_clash_lock_cold_return"":175.02970400092627,""pi_clash_lock_ramp_down"":85.35353729793316,""pi_clash_lock_ramp_up"":85.35353729793314,""pi_clash_lock_warm_hold"":4.012118404507945,""pi_clash_pocket"":1.5432871492454896,""rust_reward_authority"":true,""selected_dihedral_deg"":120.0,""survival_tier"":""normal""}",PHASE_RESOLVED,0.0,0.0,0.0,0.0,0.0,true,15.479356364689398,NOT_REQUESTED,true,true,PROJECTED,policy_generated_not_validated
20,near_random-001872,ANCHOR_097975,N[C@]12C[C@H]1CN(C(=O)NC1CCCCC1)C2,5.0,near_random,240.0,0.0,0.0,1.0,0.0,0.0,0.0,0.0,1.0,0.0,0.17497721921796777,1.0986122886681098,best_rotamer_rank_proxy,-12.420967102050781,11.235526084899902,14.746460881361699,2.0,1.0841372760681323,1.0107746032514917,9.75723548461319,0.0,280.556836772506,143.87830347495014,7.199770177394291,143.87830347495017,294.5846786111313,9.75723548461319,9.0,"[215943,224966,224968,225157,225160,234182,234277,243398]",280.556836772506,143.87830347495014,7.199770177394291,143.87830347495017,294.5846786111313,0.0,180.0,4.0,0.0,0,0,normal,120.0,"{""adjusted_pi_clash"":1.0841372760681323,""consensus_complement_bonus"":0.0,""cryptic_bonus"":4.0,""fragment_pi_complement"":2.0,""intracellular_penetration_depth_angstrom"":0.0,""lock_geometry_atom_count"":9,""lock_geometry_score"":9.75723548461319,""lock_occupancy_cold_hold"":280.556836772506,""lock_occupancy_cold_return"":294.5846786111313,""lock_occupancy_ramp_down"":143.87830347495017,""lock_occupancy_ramp_up"":143.87830347495014,""lock_occupancy_warm_hold"":7.199770177394291,""lock_phase_provenance"":""PHASE_RESOLVED"",""lock_proxy_method"":""residue_lock_region_mask_v2:lock_atoms=9:total_atoms=133:phase_lock=PHASE_RESOLVED:steric_volume_proxy=20A3_per_atom"",""lock_steric_volume_angstrom3"":180.0,""lock_voxel_indices"":""[215943,224966,224968,225157,225160,234182,234277,243398]"",""oracle_mode"":""validated_o3a_zmatrix_corpus_lookup"",""pi_clash_lock"":9.75723548461319,""pi_clash_lock_cold_hold"":280.556836772506,""pi_clash_lock_cold_return"":294.5846786111313,""pi_clash_lock_ramp_down"":143.87830347495017,""pi_clash_lock_ramp_up"":143.87830347495014,""pi_clash_lock_warm_hold"":7.199770177394291,""pi_clash_pocket"":1.0107746032514917,""rust_reward_authority"":true,""selected_dihedral_deg"":120.0,""survival_tier"":""normal""}",PHASE_RESOLVED,0.0,0.0,0.0,0.0,0.0,true,14.746460881361699,NOT_REQUESTED,true,true,PROJECTED,policy_generated_not_validated
21,near_random-000116,ANCHOR_061201,C[C@H]1Oc2ccc(C3(CN)CC3)cc2N(C)C1=O,5.0,near_random,60.0,0.0,0.0,1.0,0.0,0.0,0.0,0.0,1.0,0.0,0.17012718733814028,0.1823215567939546,best_rotamer_rank_proxy,-11.065683364868164,11.235594749450684,14.49276186295603,4.0,2.4555564620163897,2.4183510610767476,4.911112924032779,0.0,62.236126255484976,31.897905513959017,1.5596847724330627,31.89790551395902,65.34793256825922,4.911112924032779,2.0,"[243302,243398]",62.236126255484976,31.897905513959017,1.5596847724330627,31.89790551395902,65.34793256825922,0.0,40.0,8.0,0.0,0,0,normal,60.0,"{""adjusted_pi_clash"":2.4555564620163897,""consensus_complement_bonus"":0.0,""cryptic_bonus"":8.0,""fragment_pi_complement"":4.0,""intracellular_penetration_depth_angstrom"":0.0,""lock_geometry_atom_count"":2,""lock_geometry_score"":4.911112924032779,""lock_occupancy_cold_hold"":62.236126255484976,""lock_occupancy_cold_return"":65.34793256825922,""lock_occupancy_ramp_down"":31.89790551395902,""lock_occupancy_ramp_up"":31.897905513959017,""lock_occupancy_warm_hold"":1.5596847724330627,""lock_phase_provenance"":""PHASE_RESOLVED"",""lock_proxy_method"":""residue_lock_region_mask_v2:lock_atoms=2:total_atoms=132:phase_lock=PHASE_RESOLVED:steric_volume_proxy=20A3_per_atom"",""lock_steric_volume_angstrom3"":40.0,""lock_voxel_indices"":""[243302,243398]"",""oracle_mode"":""validated_o3a_zmatrix_corpus_lookup"",""pi_clash_lock"":4.911112924032779,""pi_clash_lock_cold_hold"":62.236126255484976,""pi_clash_lock_cold_return"":65.34793256825922,""pi_clash_lock_ramp_down"":31.89790551395902,""pi_clash_lock_ramp_up"":31.897905513959017,""pi_clash_lock_warm_hold"":1.5596847724330627,""pi_clash_pocket"":2.4183510610767476,""rust_reward_authority"":true,""selected_dihedral_deg"":60.0,""survival_tier"":""normal""}",PHASE_RESOLVED,0.0,0.0,0.0,0.0,0.0,true,14.49276186295603,NOT_REQUESTED,true,true,PROJECTED,policy_generated_not_validated
22,exploration-000013,ANCHOR_093095,NC[C@@H]1CCC[C@H](C(=O)N2CCCC2)C1,2.0,exploration,240.0,0.0,0.0,1.0,0.0,0.0,0.0,0.0,1.0,0.0,0.14433133996168657,1.0986122886681098,best_rotamer_rank_proxy,-11.529714584350586,11.184713363647461,14.40572102170885,4.0,2.370080710276126,2.3344403988434026,4.740161420552252,0.0,62.10009933192142,31.919166938141423,1.7382345443614269,31.919166938141423,65.2051042985175,4.740161420552252,2.0,"[261445,270757]",62.10009933192142,31.919166938141423,1.7382345443614269,31.919166938141423,65.2051042985175,0.0,40.0,8.0,0.0,0,0,normal,240.0,"{""adjusted_pi_clash"":2.370080710276126,""consensus_complement_bonus"":0.0,""cryptic_bonus"":8.0,""fragment_pi_complement"":4.0,""intracellular_penetration_depth_angstrom"":0.0,""lock_geometry_atom_count"":2,""lock_geometry_score"":4.740161420552252,""lock_occupancy_cold_hold"":62.10009933192142,""lock_occupancy_cold_return"":65.2051042985175,""lock_occupancy_ramp_down"":31.919166938141423,""lock_occupancy_ramp_up"":31.919166938141423,""lock_occupancy_warm_hold"":1.7382345443614269,""lock_phase_provenance"":""PHASE_RESOLVED"",""lock_proxy_method"":""residue_lock_region_mask_v2:lock_atoms=2:total_atoms=133:phase_lock=PHASE_RESOLVED:steric_volume_proxy=20A3_per_atom"",""lock_steric_volume_angstrom3"":40.0,""lock_voxel_indices"":""[261445,270757]"",""oracle_mode"":""validated_o3a_zmatrix_corpus_lookup"",""pi_clash_lock"":4.740161420552252,""pi_clash_lock_cold_hold"":62.10009933192142,""pi_clash_lock_cold_return"":65.2051042985175,""pi_clash_lock_ramp_down"":31.919166938141423,""pi_clash_lock_ramp_up"":31.919166938141423,""pi_clash_lock_warm_hold"":1.7382345443614269,""pi_clash_pocket"":2.3344403988434026,""rust_reward_authority"":true,""selected_dihedral_deg"":240.0,""survival_tier"":""normal""}",PHASE_RESOLVED,0.0,0.0,0.0,0.0,0.0,true,14.40572102170885,NOT_REQUESTED,true,true,PROJECTED,policy_generated_not_validated
23,balanced-001034,ANCHOR_049386,C[C@@H](N)COc1ccc2c(c1)CCC(=O)N2,1.0,balanced,240.0,0.0,0.0,1.0,0.0,0.0,0.0,0.0,1.0,0.0,0.19875256788509432,1.0986122886681098,best_rotamer_rank_proxy,-11.88447093963623,10.994539260864258,14.400494619225713,5.0,3.3481793173914687,3.295864015557227,6.696358634782937,0.0,65.58750504498246,33.57097539398675,1.5544457429910272,33.57097539398674,68.86688029723159,6.696358634782937,2.0,"[270756,279779]",65.58750504498246,33.57097539398675,1.5544457429910272,33.57097539398674,68.86688029723159,0.0,40.0,6.0,0.0,0,0,cryptic_rescue,240.0,"{""adjusted_pi_clash"":3.3481793173914687,""consensus_complement_bonus"":0.0,""cryptic_bonus"":6.0,""fragment_pi_complement"":5.0,""intracellular_penetration_depth_angstrom"":0.0,""lock_geometry_atom_count"":2,""lock_geometry_score"":6.696358634782937,""lock_occupancy_cold_hold"":65.58750504498246,""lock_occupancy_cold_return"":68.86688029723159,""lock_occupancy_ramp_down"":33.57097539398674,""lock_occupancy_ramp_up"":33.57097539398675,""lock_occupancy_warm_hold"":1.5544457429910272,""lock_phase_provenance"":""PHASE_RESOLVED"",""lock_proxy_method"":""residue_lock_region_mask_v2:lock_atoms=2:total_atoms=128:phase_lock=PHASE_RESOLVED:steric_volume_proxy=20A3_per_atom"",""lock_steric_volume_angstrom3"":40.0,""lock_voxel_indices"":""[270756,279779]"",""oracle_mode"":""validated_o3a_zmatrix_corpus_lookup"",""pi_clash_lock"":6.696358634782937,""pi_clash_lock_cold_hold"":65.58750504498246,""pi_clash_lock_cold_return"":68.86688029723159,""pi_clash_lock_ramp_down"":33.57097539398674,""pi_clash_lock_ramp_up"":33.57097539398675,""pi_clash_lock_warm_hold"":1.5544457429910272,""pi_clash_pocket"":3.295864015557227,""rust_reward_authority"":true,""selected_dihedral_deg"":240.0,""survival_tier"":""cryptic_rescue""}",PHASE_RESOLVED,0.0,0.0,0.0,0.0,0.0,true,14.400494619225713,NOT_REQUESTED,true,true,PROJECTED,policy_generated_not_validated
24,focused-001440,ANCHOR_012167,CC(C)Oc1ccc([C@@H]2CN[C@@H](C)C2)cc1,0.5,focused,120.0,0.0,0.0,1.0,0.0,0.0,0.0,0.0,1.0,0.0,0.11909410664968197,0.40546510810816444,best_rotamer_rank_proxy,-9.791815757751465,10.18816089630127,14.396691742395799,2.0,1.0407828534376897,0.9703539385434099,9.367045680939208,0.0,288.1072066658363,147.64823671192173,7.189266758007154,147.64823671192175,302.5125669991281,9.367045680939208,9.0,"[215845,215846,215942,234181,234182,234278,243397]",288.1072066658363,147.64823671192173,7.189266758007154,147.64823671192175,302.5125669991281,0.0,180.0,4.0,0.0,0,0,normal,120.0,"{""adjusted_pi_clash"":1.0407828534376897,""consensus_complement_bonus"":0.0,""cryptic_bonus"":4.0,""fragment_pi_complement"":2.0,""intracellular_penetration_depth_angstrom"":0.0,""lock_geometry_atom_count"":9,""lock_geometry_score"":9.367045680939208,""lock_occupancy_cold_hold"":288.1072066658363,""lock_occupancy_cold_return"":302.5125669991281,""lock_occupancy_ramp_down"":147.64823671192175,""lock_occupancy_ramp_up"":147.64823671192173,""lock_occupancy_warm_hold"":7.189266758007154,""lock_phase_provenance"":""PHASE_RESOLVED"",""lock_proxy_method"":""residue_lock_region_mask_v2:lock_atoms=9:total_atoms=133:phase_lock=PHASE_RESOLVED:steric_volume_proxy=20A3_per_atom"",""lock_steric_volume_angstrom3"":180.0,""lock_voxel_indices"":""[215845,215846,215942,234181,234182,234278,243397]"",""oracle_mode"":""validated_o3a_zmatrix_corpus_lookup"",""pi_clash_lock"":9.367045680939208,""pi_clash_lock_cold_hold"":288.1072066658363,""pi_clash_lock_cold_return"":302.5125669991281,""pi_clash_lock_ramp_down"":147.64823671192175,""pi_clash_lock_ramp_up"":147.64823671192173,""pi_clash_lock_warm_hold"":7.189266758007154,""pi_clash_pocket"":0.9703539385434099,""rust_reward_authority"":true,""selected_dihedral_deg"":120.0,""survival_tier"":""normal""}",PHASE_RESOLVED,0.0,0.0,0.0,0.0,0.0,true,14.396691742395799,NOT_REQUESTED,true,true,PROJECTED,policy_generated_not_validated
25,focused-001562,ANCHOR_093194,NC[C@@H]1CCc2c(Cc3ccco3)csc2C1,0.5,focused,180.0,0.0,0.0,1.0,0.0,0.0,0.0,0.0,1.0,0.0,0.14565459281773302,0.6931471805599453,best_rotamer_rank_proxy,-11.699705123901367,10.177483558654785,14.021716745977134,6.0,2.823176977027605,2.80146023105047,2.823176977027605,0.0,35.62191959356556,18.199568123920983,0.7772166542764083,18.199568123920983,37.403015573243835,2.823176977027605,1.0,[279877],35.62191959356556,18.199568123920983,0.7772166542764083,18.199568123920983,37.403015573243835,0.0,20.0,8.0,0.0,0,0,cryptic_rescue,180.0,"{""adjusted_pi_clash"":2.823176977027605,""consensus_complement_bonus"":0.0,""cryptic_bonus"":8.0,""fragment_pi_complement"":6.0,""intracellular_penetration_depth_angstrom"":0.0,""lock_geometry_atom_count"":1,""lock_geometry_score"":2.823176977027605,""lock_occupancy_cold_hold"":35.62191959356556,""lock_occupancy_cold_return"":37.403015573243835,""lock_occupancy_ramp_down"":18.199568123920983,""lock_occupancy_ramp_up"":18.199568123920983,""lock_occupancy_warm_hold"":0.7772166542764083,""lock_phase_provenance"":""PHASE_RESOLVED"",""lock_proxy_method"":""residue_lock_region_mask_v2:lock_atoms=1:total_atoms=130:phase_lock=PHASE_RESOLVED:steric_volume_proxy=20A3_per_atom"",""lock_steric_volume_angstrom3"":20.0,""lock_voxel_indices"":""[279877]"",""oracle_mode"":""validated_o3a_zmatrix_corpus_lookup"",""pi_clash_lock"":2.823176977027605,""pi_clash_lock_cold_hold"":35.62191959356556,""pi_clash_lock_cold_return"":37.403015573243835,""pi_clash_lock_ramp_down"":18.199568123920983,""pi_clash_lock_ramp_up"":18.199568123920983,""pi_clash_lock_warm_hold"":0.7772166542764083,""pi_clash_pocket"":2.80146023105047,""rust_reward_authority"":true,""selected_dihedral_deg"":180.0,""survival_tier"":""cryptic_rescue""}",PHASE_RESOLVED,0.0,0.0,0.0,0.0,0.0,true,14.021716745977134,NOT_REQUESTED,true,true,PROJECTED,policy_generated_not_validated
26,near_random-000389,ANCHOR_068531,Cc1ccc(-c2c[nH]c([C@@H](C)N)n2)cc1,5.0,near_random,60.0,0.0,0.0,1.0,0.0,0.0,0.0,0.0,1.0,0.0,0.19551256676514944,0.1823215567939546,best_rotamer_rank_proxy,-10.995264053344727,11.235527038574219,13.84340610696374,3.0,1.4603789901408013,1.3792468240218678,10.222652930985609,0.0,223.16382805077498,114.33893366916713,5.514039287559254,114.3389336691671,234.32201945331374,10.222652930985609,7.0,"[243108,243301,252230,252325,252517,261444,261637]",223.16382805077498,114.33893366916713,5.514039287559254,114.3389336691671,234.32201945331374,0.0,140.0,2.0,0.0,0,0,normal,60.0,"{""adjusted_pi_clash"":1.4603789901408013,""consensus_complement_bonus"":0.0,""cryptic_bonus"":2.0,""fragment_pi_complement"":3.0,""intracellular_penetration_depth_angstrom"":0.0,""lock_geometry_atom_count"":7,""lock_geometry_score"":10.222652930985609,""lock_occupancy_cold_hold"":223.16382805077498,""lock_occupancy_cold_return"":234.32201945331374,""lock_occupancy_ramp_down"":114.3389336691671,""lock_occupancy_ramp_up"":114.33893366916713,""lock_occupancy_warm_hold"":5.514039287559254,""lock_phase_provenance"":""PHASE_RESOLVED"",""lock_proxy_method"":""residue_lock_region_mask_v2:lock_atoms=7:total_atoms=126:phase_lock=PHASE_RESOLVED:steric_volume_proxy=20A3_per_atom"",""lock_steric_volume_angstrom3"":140.0,""lock_voxel_indices"":""[243108,243301,252230,252325,252517,261444,261637]"",""oracle_mode"":""validated_o3a_zmatrix_corpus_lookup"",""pi_clash_lock"":10.222652930985609,""pi_clash_lock_cold_hold"":223.16382805077498,""pi_clash_lock_cold_return"":234.32201945331374,""pi_clash_lock_ramp_down"":114.3389336691671,""pi_clash_lock_ramp_up"":114.33893366916713,""pi_clash_lock_warm_hold"":5.514039287559254,""pi_clash_pocket"":1.3792468240218678,""rust_reward_authority"":true,""selected_dihedral_deg"":60.0,""survival_tier"":""normal""}",PHASE_RESOLVED,0.0,0.0,0.0,0.0,0.0,true,13.84340610696374,NOT_REQUESTED,true,true,PROJECTED,policy_generated_not_validated
27,balanced-001070,ANCHOR_056472,C[C@H](N)CC(=O)Nc1ccc2ccccc2c1,1.0,balanced,240.0,0.0,0.0,1.0,0.0,0.0,0.0,0.0,1.0,0.0,0.1966883864243497,1.0986122886681098,best_rotamer_rank_proxy,-11.071452140808105,10.991869926452637,13.7619475275939,2.0,1.9343951321960264,1.8444232655822579,11.606370793176158,0.0,200.17587761099279,102.59551391496433,5.015150218935884,102.59551391496434,210.18467149154245,11.606370793176158,6.0,"[252229,252421,261445,261637,270565,270661]",200.17587761099279,102.59551391496433,5.015150218935884,102.59551391496434,210.18467149154245,0.0,120.0,2.0,0.0,0,0,normal,240.0,"{""adjusted_pi_clash"":1.9343951321960264,""consensus_complement_bonus"":0.0,""cryptic_bonus"":2.0,""fragment_pi_complement"":2.0,""intracellular_penetration_depth_angstrom"":0.0,""lock_geometry_atom_count"":6,""lock_geometry_score"":11.606370793176158,""lock_occupancy_cold_hold"":200.17587761099279,""lock_occupancy_cold_return"":210.18467149154245,""lock_occupancy_ramp_down"":102.59551391496434,""lock_occupancy_ramp_up"":102.59551391496433,""lock_occupancy_warm_hold"":5.015150218935884,""lock_phase_provenance"":""PHASE_RESOLVED"",""lock_proxy_method"":""residue_lock_region_mask_v2:lock_atoms=6:total_atoms=129:phase_lock=PHASE_RESOLVED:steric_volume_proxy=20A3_per_atom"",""lock_steric_volume_angstrom3"":120.0,""lock_voxel_indices"":""[252229,252421,261445,261637,270565,270661]"",""oracle_mode"":""validated_o3a_zmatrix_corpus_lookup"",""pi_clash_lock"":11.606370793176158,""pi_clash_lock_cold_hold"":200.17587761099279,""pi_clash_lock_cold_return"":210.18467149154245,""pi_clash_lock_ramp_down"":102.59551391496434,""pi_clash_lock_ramp_up"":102.59551391496433,""pi_clash_lock_warm_hold"":5.015150218935884,""pi_clash_pocket"":1.8444232655822579,""rust_reward_authority"":true,""selected_dihedral_deg"":240.0,""survival_tier"":""normal""}",PHASE_RESOLVED,0.0,0.0,0.0,0.0,0.0,true,13.7619475275939,NOT_REQUESTED,true,true,PROJECTED,policy_generated_not_validated
28,focused-001887,ANCHOR_043656,COc1ccc(-c2cc3c(o2)CCNC3)cc1,0.5,focused,0.0,0.0,0.0,1.0,0.0,0.0,0.0,0.0,1.0,0.0,0.17352298802870791,-0.0,best_rotamer_rank_proxy,-11.677980422973633,10.18816089630127,13.761393464342536,2.0,1.9215829079996993,1.8465210756559611,9.607914539998497,0.0,155.57079140407023,79.85711147234636,4.1434315406224975,79.85711147234638,163.34933097427376,9.607914539998497,5.0,"[270564,270660,270661,279781]",155.57079140407023,79.85711147234636,4.1434315406224975,79.85711147234638,163.34933097427376,0.0,100.0,4.0,0.0,0,0,normal,0.0,"{""adjusted_pi_clash"":1.9215829079996993,""consensus_complement_bonus"":0.0,""cryptic_bonus"":4.0,""fragment_pi_complement"":2.0,""intracellular_penetration_depth_angstrom"":0.0,""lock_geometry_atom_count"":5,""lock_geometry_score"":9.607914539998497,""lock_occupancy_cold_hold"":155.57079140407023,""lock_occupancy_cold_return"":163.34933097427376,""lock_occupancy_ramp_down"":79.85711147234638,""lock_occupancy_ramp_up"":79.85711147234636,""lock_occupancy_warm_hold"":4.1434315406224975,""lock_phase_provenance"":""PHASE_RESOLVED"",""lock_proxy_method"":""residue_lock_region_mask_v2:lock_atoms=5:total_atoms=128:phase_lock=PHASE_RESOLVED:steric_volume_proxy=20A3_per_atom"",""lock_steric_volume_angstrom3"":100.0,""lock_voxel_indices"":""[270564,270660,270661,279781]"",""oracle_mode"":""validated_o3a_zmatrix_corpus_lookup"",""pi_clash_lock"":9.607914539998497,""pi_clash_lock_cold_hold"":155.57079140407023,""pi_clash_lock_cold_return"":163.34933097427376,""pi_clash_lock_ramp_down"":79.85711147234638,""pi_clash_lock_ramp_up"":79.85711147234636,""pi_clash_lock_warm_hold"":4.1434315406224975,""pi_clash_pocket"":1.8465210756559611,""rust_reward_authority"":true,""selected_dihedral_deg"":0.0,""survival_tier"":""normal""}",PHASE_RESOLVED,0.0,0.0,0.0,0.0,0.0,true,13.761393464342536,NOT_REQUESTED,true,true,PROJECTED,policy_generated_not_validated
29,near_random-001059,ANCHOR_098350,Nc1cc(C(=O)Nc2ccccn2)ccc1Cl,5.0,near_random,180.0,0.0,0.0,1.0,0.0,0.0,0.0,0.0,1.0,0.0,0.2844075056607995,0.6931471805599453,best_rotamer_rank_proxy,-11.75305461883545,11.235527038574219,13.734292735759247,3.0,1.5611742801565347,1.5104043848668913,6.244697120626139,0.0,124.45021691027446,63.871442381594356,3.292667852914243,63.87144238159435,130.6727277557882,6.244697120626139,4.0,"[225061,225159,234278,243492]",124.45021691027446,63.871442381594356,3.292667852914243,63.87144238159435,130.6727277557882,0.0,80.0,6.0,0.0,0,0,normal,180.0,"{""adjusted_pi_clash"":1.5611742801565347,""consensus_complement_bonus"":0.0,""cryptic_bonus"":6.0,""fragment_pi_complement"":3.0,""intracellular_penetration_depth_angstrom"":0.0,""lock_geometry_atom_count"":4,""lock_geometry_score"":6.244697120626139,""lock_occupancy_cold_hold"":124.45021691027446,""lock_occupancy_cold_return"":130.6727277557882,""lock_occupancy_ramp_down"":63.87144238159435,""lock_occupancy_ramp_up"":63.871442381594356,""lock_occupancy_warm_hold"":3.292667852914243,""lock_phase_provenance"":""PHASE_RESOLVED"",""lock_proxy_method"":""residue_lock_region_mask_v2:lock_atoms=4:total_atoms=123:phase_lock=PHASE_RESOLVED:steric_volume_proxy=20A3_per_atom"",""lock_steric_volume_angstrom3"":80.0,""lock_voxel_indices"":""[225061,225159,234278,243492]"",""oracle_mode"":""validated_o3a_zmatrix_corpus_lookup"",""pi_clash_lock"":6.244697120626139,""pi_clash_lock_cold_hold"":124.45021691027446,""pi_clash_lock_cold_return"":130.6727277557882,""pi_clash_lock_ramp_down"":63.87144238159435,""pi_clash_lock_ramp_up"":63.871442381594356,""pi_clash_lock_warm_hold"":3.292667852914243,""pi_clash_pocket"":1.5104043848668913,""rust_reward_authority"":true,""selected_dihedral_deg"":180.0,""survival_tier"":""normal""}",PHASE_RESOLVED,0.0,0.0,0.0,0.0,0.0,true,13.734292735759247,NOT_REQUESTED,true,true,PROJECTED,policy_generated_not_validated
30,exploration-000008,ANCHOR_090969,NCC(=O)N1CC[C@H](c2ccc(F)cc2)C1,2.0,exploration,120.0,0.0,0.0,1.0,0.0,0.0,0.0,0.0,1.0,0.0,0.18369740208961713,0.40546510810816444,best_rotamer_rank_proxy,-11.777925491333008,11.184308052062988,13.573115768287101,3.0,2.1682745521362645,2.099982440257957,8.673098208545058,0.0,131.17915980966737,67.20440945405406,3.229659098440755,67.20440945405406,137.73811780015075,8.673098208545058,4.0,"[206825,215943,216041]",131.17915980966737,67.20440945405406,3.229659098440755,67.20440945405406,137.73811780015075,0.0,80.0,4.0,0.0,0,0,normal,120.0,"{""adjusted_pi_clash"":2.1682745521362645,""consensus_complement_bonus"":0.0,""cryptic_bonus"":4.0,""fragment_pi_complement"":3.0,""intracellular_penetration_depth_angstrom"":0.0,""lock_geometry_atom_count"":4,""lock_geometry_score"":8.673098208545058,""lock_occupancy_cold_hold"":131.17915980966737,""lock_occupancy_cold_return"":137.73811780015075,""lock_occupancy_ramp_down"":67.20440945405406,""lock_occupancy_ramp_up"":67.20440945405406,""lock_occupancy_warm_hold"":3.229659098440755,""lock_phase_provenance"":""PHASE_RESOLVED"",""lock_proxy_method"":""residue_lock_region_mask_v2:lock_atoms=4:total_atoms=127:phase_lock=PHASE_RESOLVED:steric_volume_proxy=20A3_per_atom"",""lock_steric_volume_angstrom3"":80.0,""lock_voxel_indices"":""[206825,215943,216041]"",""oracle_mode"":""validated_o3a_zmatrix_corpus_lookup"",""pi_clash_lock"":8.673098208545058,""pi_clash_lock_cold_hold"":131.17915980966737,""pi_clash_lock_cold_return"":137.73811780015075,""pi_clash_lock_ramp_down"":67.20440945405406,""pi_clash_lock_ramp_up"":67.20440945405406,""pi_clash_lock_warm_hold"":3.229659098440755,""pi_clash_pocket"":2.099982440257957,""rust_reward_authority"":true,""selected_dihedral_deg"":120.0,""survival_tier"":""normal""}",PHASE_RESOLVED,0.0,0.0,0.0,0.0,0.0,true,13.573115768287101,NOT_REQUESTED,true,true,PROJECTED,policy_generated_not_validated
31,exploration-001065,ANCHOR_081754,Cc1ncc([C@@H](C)CN)c(C(C)C)n1,2.0,exploration,240.0,0.0,0.0,1.0,0.0,0.0,0.0,0.0,1.0,0.0,0.19346804901806997,1.0986122886681098,best_rotamer_rank_proxy,-11.77513313293457,11.185348510742188,13.517823375110272,4.0,2.48030489869367,2.4033962196644088,9.92121959477468,0.0,128.4029334363131,65.7664048859689,3.129876335624697,65.76640488596891,134.82308010812878,9.92121959477468,4.0,"[252421,261542,261636,261637]",128.4029334363131,65.7664048859689,3.129876335624697,65.76640488596891,134.82308010812878,0.0,80.0,2.0,0.0,0,0,normal,120.0,"{""adjusted_pi_clash"":2.48030489869367,""consensus_complement_bonus"":0.0,""cryptic_bonus"":2.0,""fragment_pi_complement"":4.0,""intracellular_penetration_depth_angstrom"":0.0,""lock_geometry_atom_count"":4,""lock_geometry_score"":9.92121959477468,""lock_occupancy_cold_hold"":128.4029334363131,""lock_occupancy_cold_return"":134.82308010812878,""lock_occupancy_ramp_down"":65.76640488596891,""lock_occupancy_ramp_up"":65.7664048859689,""lock_occupancy_warm_hold"":3.129876335624697,""lock_phase_provenance"":""PHASE_RESOLVED"",""lock_proxy_method"":""residue_lock_region_mask_v2:lock_atoms=4:total_atoms=129:phase_lock=PHASE_RESOLVED:steric_volume_proxy=20A3_per_atom"",""lock_steric_volume_angstrom3"":80.0,""lock_voxel_indices"":""[252421,261542,261636,261637]"",""oracle_mode"":""validated_o3a_zmatrix_corpus_lookup"",""pi_clash_lock"":9.92121959477468,""pi_clash_lock_cold_hold"":128.4029334363131,""pi_clash_lock_cold_return"":134.82308010812878,""pi_clash_lock_ramp_down"":65.76640488596891,""pi_clash_lock_ramp_up"":65.7664048859689,""pi_clash_lock_warm_hold"":3.129876335624697,""pi_clash_pocket"":2.4033962196644088,""rust_reward_authority"":true,""selected_dihedral_deg"":120.0,""survival_tier"":""normal""}",PHASE_RESOLVED,0.0,0.0,0.0,0.0,0.0,true,13.517823375110272,NOT_REQUESTED,true,true,PROJECTED,policy_generated_not_validated
32,focused-000238,ANCHOR_012439,CC(C)[C@@H](CN)c1ccc2c(c1)OCCCO2,0.5,focused,120.0,0.0,0.0,1.0,0.0,0.0,0.0,0.0,1.0,0.0,0.12751970256464631,0.40546510810816444,best_rotamer_rank_proxy,-10.344731330871582,10.170233726501465,13.347616263821301,2.0,1.0407828534376897,0.9786465636802157,8.326262827501518,0.0,256.75131609199025,131.56856244083218,6.3858087896741464,131.56856244083224,269.5888818965898,8.326262827501518,8.0,"[215942,224965,224967,225062,225160,234277,234278,243398]",256.75131609199025,131.56856244083218,6.3858087896741464,131.56856244083224,269.5888818965898,0.0,160.0,4.0,0.0,0,0,normal,120.0,"{""adjusted_pi_clash"":1.0407828534376897,""consensus_complement_bonus"":0.0,""cryptic_bonus"":4.0,""fragment_pi_complement"":2.0,""intracellular_penetration_depth_angstrom"":0.0,""lock_geometry_atom_count"":8,""lock_geometry_score"":8.326262827501518,""lock_occupancy_cold_hold"":256.75131609199025,""lock_occupancy_cold_return"":269.5888818965898,""lock_occupancy_ramp_down"":131.56856244083224,""lock_occupancy_ramp_up"":131.56856244083218,""lock_occupancy_warm_hold"":6.3858087896741464,""lock_phase_provenance"":""PHASE_RESOLVED"",""lock_proxy_method"":""residue_lock_region_mask_v2:lock_atoms=8:total_atoms=134:phase_lock=PHASE_RESOLVED:steric_volume_proxy=20A3_per_atom"",""lock_steric_volume_angstrom3"":160.0,""lock_voxel_indices"":""[215942,224965,224967,225062,225160,234277,234278,243398]"",""oracle_mode"":""validated_o3a_zmatrix_corpus_lookup"",""pi_clash_lock"":8.326262827501518,""pi_clash_lock_cold_hold"":256.75131609199025,""pi_clash_lock_cold_return"":269.5888818965898,""pi_clash_lock_ramp_down"":131.56856244083224,""pi_clash_lock_ramp_up"":131.56856244083218,""pi_clash_lock_warm_hold"":6.3858087896741464,""pi_clash_pocket"":0.9786465636802157,""rust_reward_authority"":true,""selected_dihedral_deg"":120.0,""survival_tier"":""normal""}",PHASE_RESOLVED,0.0,0.0,0.0,0.0,0.0,true,13.347616263821301,NOT_REQUESTED,true,true,PROJECTED,policy_generated_not_validated
33,near_random-001848,ANCHOR_056971,C[C@H](N)c1ccc2[nH]c(-c3ccncc3)nc2c1,5.0,near_random,180.0,0.0,0.0,1.0,0.0,0.0,0.0,0.0,1.0,0.0,0.23662883084034547,0.6931471805599453,best_rotamer_rank_proxy,-10.947436332702637,11.235689163208008,13.255408472555015,2.0,1.5286352057897314,1.4450379679731056,10.70044644052812,0.0,229.15820511851553,117.43066070551811,5.703116292520708,117.43066070551812,240.6161153744413,10.70044644052812,7.0,"[233988,243204,243397,252324,252517,261540,270756]",229.15820511851553,117.43066070551811,5.703116292520708,117.43066070551812,240.6161153744413,0.0,140.0,2.0,0.0,0,0,normal,180.0,"{""adjusted_pi_clash"":1.5286352057897314,""consensus_complement_bonus"":0.0,""cryptic_bonus"":2.0,""fragment_pi_complement"":2.0,""intracellular_penetration_depth_angstrom"":0.0,""lock_geometry_atom_count"":7,""lock_geometry_score"":10.70044644052812,""lock_occupancy_cold_hold"":229.15820511851553,""lock_occupancy_cold_return"":240.6161153744413,""lock_occupancy_ramp_down"":117.43066070551812,""lock_occupancy_ramp_up"":117.43066070551811,""lock_occupancy_warm_hold"":5.703116292520708,""lock_phase_provenance"":""PHASE_RESOLVED"",""lock_proxy_method"":""residue_lock_region_mask_v2:lock_atoms=7:total_atoms=128:phase_lock=PHASE_RESOLVED:steric_volume_proxy=20A3_per_atom"",""lock_steric_volume_angstrom3"":140.0,""lock_voxel_indices"":""[233988,243204,243397,252324,252517,261540,270756]"",""oracle_mode"":""validated_o3a_zmatrix_corpus_lookup"",""pi_clash_lock"":10.70044644052812,""pi_clash_lock_cold_hold"":229.15820511851553,""pi_clash_lock_cold_return"":240.6161153744413,""pi_clash_lock_ramp_down"":117.43066070551812,""pi_clash_lock_ramp_up"":117.43066070551811,""pi_clash_lock_warm_hold"":5.703116292520708,""pi_clash_pocket"":1.4450379679731056,""rust_reward_authority"":true,""selected_dihedral_deg"":180.0,""survival_tier"":""normal""}",PHASE_RESOLVED,0.0,0.0,0.0,0.0,0.0,true,13.255408472555015,NOT_REQUESTED,true,true,PROJECTED,policy_generated_not_validated
34,balanced-001169,ANCHOR_088320,N#Cc1ccc(F)c(CNC2CCOCC2)c1,1.0,balanced,180.0,0.0,0.0,1.0,0.0,0.0,0.0,0.0,1.0,0.0,0.15106175469554728,0.6931471805599453,best_rotamer_rank_proxy,-10.90792465209961,10.991869926452637,13.159764650550219,3.0,2.020212524701021,1.9412979729548876,10.101062623505106,0.0,168.1101906762698,86.0427817406776,3.975372805085386,86.0427817406776,176.5157002100833,10.101062623505106,5.0,"[270661,270663,279780,279782,279877]",168.1101906762698,86.0427817406776,3.975372805085386,86.0427817406776,176.5157002100833,0.0,100.0,2.0,0.0,0,0,normal,180.0,"{""adjusted_pi_clash"":2.020212524701021,""consensus_complement_bonus"":0.0,""cryptic_bonus"":2.0,""fragment_pi_complement"":3.0,""intracellular_penetration_depth_angstrom"":0.0,""lock_geometry_atom_count"":5,""lock_geometry_score"":10.101062623505106,""lock_occupancy_cold_hold"":168.1101906762698,""lock_occupancy_cold_return"":176.5157002100833,""lock_occupancy_ramp_down"":86.0427817406776,""lock_occupancy_ramp_up"":86.0427817406776,""lock_occupancy_warm_hold"":3.975372805085386,""lock_phase_provenance"":""PHASE_RESOLVED"",""lock_proxy_method"":""residue_lock_region_mask_v2:lock_atoms=5:total_atoms=128:phase_lock=PHASE_RESOLVED:steric_volume_proxy=20A3_per_atom"",""lock_steric_volume_angstrom3"":100.0,""lock_voxel_indices"":""[270661,270663,279780,279782,279877]"",""oracle_mode"":""validated_o3a_zmatrix_corpus_lookup"",""pi_clash_lock"":10.101062623505106,""pi_clash_lock_cold_hold"":168.1101906762698,""pi_clash_lock_cold_return"":176.5157002100833,""pi_clash_lock_ramp_down"":86.0427817406776,""pi_clash_lock_ramp_up"":86.0427817406776,""pi_clash_lock_warm_hold"":3.975372805085386,""pi_clash_pocket"":1.9412979729548876,""rust_reward_authority"":true,""selected_dihedral_deg"":180.0,""survival_tier"":""normal""}",PHASE_RESOLVED,0.0,0.0,0.0,0.0,0.0,true,13.159764650550219,NOT_REQUESTED,true,true,PROJECTED,policy_generated_not_validated
35,exploration-001305,ANCHOR_074313,Cc1ccc2cc(CN3CCCC3)c(=O)[nH]c2c1,2.0,exploration,300.0,0.0,0.0,1.0,0.0,0.0,0.0,0.0,1.0,0.0,0.1582599297154373,1.791759469228055,best_rotamer_rank_proxy,-11.705741882324219,11.184308052062988,13.150365977649251,2.0,2.3596207726242526,2.28811711284776,9.43848309049701,0.0,127.83876689401669,65.47382228368778,3.108877673358882,65.47382228368778,134.23070523871752,9.43848309049701,4.0,"[261446,261447,261542,261543]",127.83876689401669,65.47382228368778,3.108877673358882,65.47382228368778,134.23070523871752,0.0,80.0,4.0,0.0,0,0,normal,60.0,"{""adjusted_pi_clash"":2.3596207726242526,""consensus_complement_bonus"":0.0,""cryptic_bonus"":4.0,""fragment_pi_complement"":2.0,""intracellular_penetration_depth_angstrom"":0.0,""lock_geometry_atom_count"":4,""lock_geometry_score"":9.43848309049701,""lock_occupancy_cold_hold"":127.83876689401669,""lock_occupancy_cold_return"":134.23070523871752,""lock_occupancy_ramp_down"":65.47382228368778,""lock_occupancy_ramp_up"":65.47382228368778,""lock_occupancy_warm_hold"":3.108877673358882,""lock_phase_provenance"":""PHASE_RESOLVED"",""lock_proxy_method"":""residue_lock_region_mask_v2:lock_atoms=4:total_atoms=132:phase_lock=PHASE_RESOLVED:steric_volume_proxy=20A3_per_atom"",""lock_steric_volume_angstrom3"":80.0,""lock_voxel_indices"":""[261446,261447,261542,261543]"",""oracle_mode"":""validated_o3a_zmatrix_corpus_lookup"",""pi_clash_lock"":9.43848309049701,""pi_clash_lock_cold_hold"":127.83876689401669,""pi_clash_lock_cold_return"":134.23070523871752,""pi_clash_lock_ramp_down"":65.47382228368778,""pi_clash_lock_ramp_up"":65.47382228368778,""pi_clash_lock_warm_hold"":3.108877673358882,""pi_clash_pocket"":2.28811711284776,""rust_reward_authority"":true,""selected_dihedral_deg"":60.0,""survival_tier"":""normal""}",PHASE_RESOLVED,0.0,0.0,0.0,0.0,0.0,true,13.150365977649251,NOT_REQUESTED,true,true,PROJECTED,policy_generated_not_validated
36,focused-001453,ANCHOR_082446,Cc1nn(CCN)c(C)c1-c1ccccc1F,0.5,focused,240.0,0.0,0.0,1.0,0.0,0.0,0.0,0.0,1.0,0.0,0.15719190143438738,1.0986122886681098,best_rotamer_rank_proxy,-11.163982391357422,10.177483558654785,13.052927734065099,3.0,1.4987095541159268,1.4406200365145343,7.493547770579633,0.0,158.73296123157894,81.29639717297604,3.8598331143731475,81.29639717297604,166.6696092931579,7.493547770579633,5.0,"[252420,261636,261637,261638,261730]",158.73296123157894,81.29639717297604,3.8598331143731475,81.29639717297604,166.6696092931579,0.0,100.0,4.0,0.0,0,0,normal,240.0,"{""adjusted_pi_clash"":1.4987095541159268,""consensus_complement_bonus"":0.0,""cryptic_bonus"":4.0,""fragment_pi_complement"":3.0,""intracellular_penetration_depth_angstrom"":0.0,""lock_geometry_atom_count"":5,""lock_geometry_score"":7.493547770579633,""lock_occupancy_cold_hold"":158.73296123157894,""lock_occupancy_cold_return"":166.6696092931579,""lock_occupancy_ramp_down"":81.29639717297604,""lock_occupancy_ramp_up"":81.29639717297604,""lock_occupancy_warm_hold"":3.8598331143731475,""lock_phase_provenance"":""PHASE_RESOLVED"",""lock_proxy_method"":""residue_lock_region_mask_v2:lock_atoms=5:total_atoms=129:phase_lock=PHASE_RESOLVED:steric_volume_proxy=20A3_per_atom"",""lock_steric_volume_angstrom3"":100.0,""lock_voxel_indices"":""[252420,261636,261637,261638,261730]"",""oracle_mode"":""validated_o3a_zmatrix_corpus_lookup"",""pi_clash_lock"":7.493547770579633,""pi_clash_lock_cold_hold"":158.73296123157894,""pi_clash_lock_cold_return"":166.6696092931579,""pi_clash_lock_ramp_down"":81.29639717297604,""pi_clash_lock_ramp_up"":81.29639717297604,""pi_clash_lock_warm_hold"":3.8598331143731475,""pi_clash_pocket"":1.4406200365145343,""rust_reward_authority"":true,""selected_dihedral_deg"":240.0,""survival_tier"":""normal""}",PHASE_RESOLVED,0.0,0.0,0.0,0.0,0.0,true,13.052927734065099,NOT_REQUESTED,true,true,PROJECTED,policy_generated_not_validated
37,exploration-000056,ANCHOR_024776,CC[C@@H]1CO[C@@H](c2cc3ccccc3o2)CN1,2.0,exploration,240.0,0.0,0.0,1.0,0.0,0.0,0.0,0.0,1.0,0.0,0.137109494184798,1.0986122886681098,best_rotamer_rank_proxy,-10.769227981567383,11.185347557067871,13.021877668094856,5.0,2.8440968523313512,2.822219184236495,2.8440968523313512,0.0,31.17571278996753,15.976465828772445,0.7772188675773604,15.976465828772445,32.73449842946591,2.8440968523313512,1.0,[270758],31.17571278996753,15.976465828772445,0.7772188675773604,15.976465828772445,32.73449842946591,0.0,20.0,8.0,0.0,0,0,cryptic_rescue,240.0,"{""adjusted_pi_clash"":2.8440968523313512,""consensus_complement_bonus"":0.0,""cryptic_bonus"":8.0,""fragment_pi_complement"":5.0,""intracellular_penetration_depth_angstrom"":0.0,""lock_geometry_atom_count"":1,""lock_geometry_score"":2.8440968523313512,""lock_occupancy_cold_hold"":31.17571278996753,""lock_occupancy_cold_return"":32.73449842946591,""lock_occupancy_ramp_down"":15.976465828772445,""lock_occupancy_ramp_up"":15.976465828772445,""lock_occupancy_warm_hold"":0.7772188675773604,""lock_phase_provenance"":""PHASE_RESOLVED"",""lock_proxy_method"":""residue_lock_region_mask_v2:lock_atoms=1:total_atoms=130:phase_lock=PHASE_RESOLVED:steric_volume_proxy=20A3_per_atom"",""lock_steric_volume_angstrom3"":20.0,""lock_voxel_indices"":""[270758]"",""oracle_mode"":""validated_o3a_zmatrix_corpus_lookup"",""pi_clash_lock"":2.8440968523313512,""pi_clash_lock_cold_hold"":31.17571278996753,""pi_clash_lock_cold_return"":32.73449842946591,""pi_clash_lock_ramp_down"":15.976465828772445,""pi_clash_lock_ramp_up"":15.976465828772445,""pi_clash_lock_warm_hold"":0.7772188675773604,""pi_clash_pocket"":2.822219184236495,""rust_reward_authority"":true,""selected_dihedral_deg"":240.0,""survival_tier"":""cryptic_rescue""}",PHASE_RESOLVED,0.0,0.0,0.0,0.0,0.0,true,13.021877668094856,NOT_REQUESTED,true,true,PROJECTED,policy_generated_not_validated
38,exploration-000329,ANCHOR_021076,CCNCc1ccc2nc(C(F)(F)F)oc2c1,2.0,exploration,180.0,0.0,0.0,1.0,0.0,0.0,0.0,0.0,1.0,0.0,0.1893765766420687,0.6931471805599453,best_rotamer_rank_proxy,-10.887678146362305,11.184712409973145,13.019731789017953,5.0,2.446741838226377,2.4270100492084223,2.446741838226377,0.0,34.95738247537457,17.862048100945245,0.7667137265159163,17.862048100945245,36.7052515991433,2.446741838226377,1.0,[261637],34.95738247537457,17.862048100945245,0.7667137265159163,17.862048100945245,36.7052515991433,0.0,20.0,8.0,0.0,0,0,normal,180.0,"{""adjusted_pi_clash"":2.446741838226377,""consensus_complement_bonus"":0.0,""cryptic_bonus"":8.0,""fragment_pi_complement"":5.0,""intracellular_penetration_depth_angstrom"":0.0,""lock_geometry_atom_count"":1,""lock_geometry_score"":2.446741838226377,""lock_occupancy_cold_hold"":34.95738247537457,""lock_occupancy_cold_return"":36.7052515991433,""lock_occupancy_ramp_down"":17.862048100945245,""lock_occupancy_ramp_up"":17.862048100945245,""lock_occupancy_warm_hold"":0.7667137265159163,""lock_phase_provenance"":""PHASE_RESOLVED"",""lock_proxy_method"":""residue_lock_region_mask_v2:lock_atoms=1:total_atoms=124:phase_lock=PHASE_RESOLVED:steric_volume_proxy=20A3_per_atom"",""lock_steric_volume_angstrom3"":20.0,""lock_voxel_indices"":""[261637]"",""oracle_mode"":""validated_o3a_zmatrix_corpus_lookup"",""pi_clash_lock"":2.446741838226377,""pi_clash_lock_cold_hold"":34.95738247537457,""pi_clash_lock_cold_return"":36.7052515991433,""pi_clash_lock_ramp_down"":17.862048100945245,""pi_clash_lock_ramp_up"":17.862048100945245,""pi_clash_lock_warm_hold"":0.7667137265159163,""pi_clash_pocket"":2.4270100492084223,""rust_reward_authority"":true,""selected_dihedral_deg"":180.0,""survival_tier"":""normal""}",PHASE_RESOLVED,0.0,0.0,0.0,0.0,0.0,true,13.019731789017953,NOT_REQUESTED,true,true,PROJECTED,policy_generated_not_validated
39,near_random-000850,ANCHOR_089667,NC(=O)Nc1ccc(C2CCNCC2)cc1,5.0,near_random,120.0,0.0,0.0,1.0,0.0,0.0,0.0,0.0,1.0,0.0,0.20718459583839438,0.40546510810816444,best_rotamer_rank_proxy,-12.074581146240234,11.235526084899902,12.947736940770033,1.0,0.986362848085576,0.902254388171302,10.849991328941336,0.0,343.61539032396064,176.213676656901,8.811962989841303,176.21367665690096,360.7961598401587,10.849991328941336,11.0,"[233987,243202,243203,243298,243300,243394,252323,252417,252421,252516,261635]",343.61539032396064,176.213676656901,8.811962989841303,176.21367665690096,360.7961598401587,0.0,220.0,2.0,0.0,0,0,cryptic_rescue,120.0,"{""adjusted_pi_clash"":0.986362848085576,""consensus_complement_bonus"":0.0,""cryptic_bonus"":2.0,""fragment_pi_complement"":1.0,""intracellular_penetration_depth_angstrom"":0.0,""lock_geometry_atom_count"":11,""lock_geometry_score"":10.849991328941336,""lock_occupancy_cold_hold"":343.61539032396064,""lock_occupancy_cold_return"":360.7961598401587,""lock_occupancy_ramp_down"":176.21367665690096,""lock_occupancy_ramp_up"":176.213676656901,""lock_occupancy_warm_hold"":8.811962989841303,""lock_phase_provenance"":""PHASE_RESOLVED"",""lock_proxy_method"":""residue_lock_region_mask_v2:lock_atoms=11:total_atoms=129:phase_lock=PHASE_RESOLVED:steric_volume_proxy=20A3_per_atom"",""lock_steric_volume_angstrom3"":220.0,""lock_voxel_indices"":""[233987,243202,243203,243298,243300,243394,252323,252417,252421,252516,261635]"",""oracle_mode"":""validated_o3a_zmatrix_corpus_lookup"",""pi_clash_lock"":10.849991328941336,""pi_clash_lock_cold_hold"":343.61539032396064,""pi_clash_lock_cold_return"":360.7961598401587,""pi_clash_lock_ramp_down"":176.21367665690096,""pi_clash_lock_ramp_up"":176.213676656901,""pi_clash_lock_warm_hold"":8.811962989841303,""pi_clash_pocket"":0.902254388171302,""rust_reward_authority"":true,""selected_dihedral_deg"":120.0,""survival_tier"":""cryptic_rescue""}",PHASE_RESOLVED,0.0,0.0,0.0,0.0,0.0,true,12.947736940770033,NOT_REQUESTED,true,true,PROJECTED,policy_generated_not_validated
40,near_random-000106,ANCHOR_023994,CC[C@@H](N)C(=O)Nc1cc(C)cc(C)c1,5.0,near_random,180.0,0.0,0.0,1.0,0.0,0.0,0.0,0.0,1.0,0.0,0.1707524102663534,0.6931471805599453,best_rotamer_rank_proxy,-11.084177017211914,11.235594749450684,12.406826147644747,4.0,2.370080710276126,2.333335272907504,4.740161420552252,0.0,62.000351997459944,31.77739265300638,1.5544333085528166,31.77739265300638,65.10036959733294,4.740161420552252,2.0,"[270756,270852]",62.000351997459944,31.77739265300638,1.5544333085528166,31.77739265300638,65.10036959733294,0.0,40.0,6.0,0.0,0,0,normal,180.0,"{""adjusted_pi_clash"":2.370080710276126,""consensus_complement_bonus"":0.0,""cryptic_bonus"":6.0,""fragment_pi_complement"":4.0,""intracellular_penetration_depth_angstrom"":0.0,""lock_geometry_atom_count"":2,""lock_geometry_score"":4.740161420552252,""lock_occupancy_cold_hold"":62.000351997459944,""lock_occupancy_cold_return"":65.10036959733294,""lock_occupancy_ramp_down"":31.77739265300638,""lock_occupancy_ramp_up"":31.77739265300638,""lock_occupancy_warm_hold"":1.5544333085528166,""lock_phase_provenance"":""PHASE_RESOLVED"",""lock_proxy_method"":""residue_lock_region_mask_v2:lock_atoms=2:total_atoms=129:phase_lock=PHASE_RESOLVED:steric_volume_proxy=20A3_per_atom"",""lock_steric_volume_angstrom3"":40.0,""lock_voxel_indices"":""[270756,270852]"",""oracle_mode"":""validated_o3a_zmatrix_corpus_lookup"",""pi_clash_lock"":4.740161420552252,""pi_clash_lock_cold_hold"":62.000351997459944,""pi_clash_lock_cold_return"":65.10036959733294,""pi_clash_lock_ramp_down"":31.77739265300638,""pi_clash_lock_ramp_up"":31.77739265300638,""pi_clash_lock_warm_hold"":1.5544333085528166,""pi_clash_pocket"":2.333335272907504,""rust_reward_authority"":true,""selected_dihedral_deg"":180.0,""survival_tier"":""normal""}",PHASE_RESOLVED,0.0,0.0,0.0,0.0,0.0,true,12.406826147644747,NOT_REQUESTED,true,true,PROJECTED,policy_generated_not_validated
41,exploitation-000976,ANCHOR_093830,NC[C@H]1CCN(C(=O)Cc2ccncc2)C1,0.1,exploitation,120.0,0.0,0.0,1.0,0.0,0.0,0.0,0.0,1.0,0.0,0.20854110581350502,0.40546510810816444,best_rotamer_rank_proxy,-9.553208351135254,4.289923191070557,12.152878436527722,2.0,1.0162884997593806,0.9611410617879413,7.114019498315664,0.0,214.81125751098315,110.24405051089117,5.676843510799176,110.24405051089116,225.5518203865323,7.114019498315664,7.0,"[233898,243016,243113,252231,252327,261543]",214.81125751098315,110.24405051089117,5.676843510799176,110.24405051089116,225.5518203865323,0.0,140.0,4.0,0.0,0,0,normal,120.0,"{""adjusted_pi_clash"":1.0162884997593806,""consensus_complement_bonus"":0.0,""cryptic_bonus"":4.0,""fragment_pi_complement"":2.0,""intracellular_penetration_depth_angstrom"":0.0,""lock_geometry_atom_count"":7,""lock_geometry_score"":7.114019498315664,""lock_occupancy_cold_hold"":214.81125751098315,""lock_occupancy_cold_return"":225.5518203865323,""lock_occupancy_ramp_down"":110.24405051089116,""lock_occupancy_ramp_up"":110.24405051089117,""lock_occupancy_warm_hold"":5.676843510799176,""lock_phase_provenance"":""PHASE_RESOLVED"",""lock_proxy_method"":""residue_lock_region_mask_v2:lock_atoms=7:total_atoms=129:phase_lock=PHASE_RESOLVED:steric_volume_proxy=20A3_per_atom"",""lock_steric_volume_angstrom3"":140.0,""lock_voxel_indices"":""[233898,243016,243113,252231,252327,261543]"",""oracle_mode"":""validated_o3a_zmatrix_corpus_lookup"",""pi_clash_lock"":7.114019498315664,""pi_clash_lock_cold_hold"":214.81125751098315,""pi_clash_lock_cold_return"":225.5518203865323,""pi_clash_lock_ramp_down"":110.24405051089116,""pi_clash_lock_ramp_up"":110.24405051089117,""pi_clash_lock_warm_hold"":5.676843510799176,""pi_clash_pocket"":0.9611410617879413,""rust_reward_authority"":true,""selected_dihedral_deg"":120.0,""survival_tier"":""normal""}",PHASE_RESOLVED,0.0,0.0,0.0,0.0,0.0,true,12.152878436527722,NOT_REQUESTED,true,true,PROJECTED,policy_generated_not_validated
42,exploration-000757,ANCHOR_083758,Cn1c(C(C)(C)C)nc2c1CC[C@@H](CN)C2,2.0,exploration,60.0,0.0,0.0,1.0,0.0,0.0,0.0,0.0,1.0,0.0,0.13324898950153083,0.1823215567939546,best_rotamer_rank_proxy,-12.678047180175781,11.184309959411621,12.021351314194863,6.0,2.8824274163064767,2.861076102111614,2.8824274163064767,0.0,35.62191959356556,18.199568123920983,0.7772166542764083,18.199568123920983,37.403015573243835,2.8824274163064767,1.0,[279877],35.62191959356556,18.199568123920983,0.7772166542764083,18.199568123920983,37.403015573243835,0.0,20.0,6.0,0.0,0,0,cryptic_rescue,60.0,"{""adjusted_pi_clash"":2.8824274163064767,""consensus_complement_bonus"":0.0,""cryptic_bonus"":6.0,""fragment_pi_complement"":6.0,""intracellular_penetration_depth_angstrom"":0.0,""lock_geometry_atom_count"":1,""lock_geometry_score"":2.8824274163064767,""lock_occupancy_cold_hold"":35.62191959356556,""lock_occupancy_cold_return"":37.403015573243835,""lock_occupancy_ramp_down"":18.199568123920983,""lock_occupancy_ramp_up"":18.199568123920983,""lock_occupancy_warm_hold"":0.7772166542764083,""lock_phase_provenance"":""PHASE_RESOLVED"",""lock_proxy_method"":""residue_lock_region_mask_v2:lock_atoms=1:total_atoms=135:phase_lock=PHASE_RESOLVED:steric_volume_proxy=20A3_per_atom"",""lock_steric_volume_angstrom3"":20.0,""lock_voxel_indices"":""[279877]"",""oracle_mode"":""validated_o3a_zmatrix_corpus_lookup"",""pi_clash_lock"":2.8824274163064767,""pi_clash_lock_cold_hold"":35.62191959356556,""pi_clash_lock_cold_return"":37.403015573243835,""pi_clash_lock_ramp_down"":18.199568123920983,""pi_clash_lock_ramp_up"":18.199568123920983,""pi_clash_lock_warm_hold"":0.7772166542764083,""pi_clash_pocket"":2.861076102111614,""rust_reward_authority"":true,""selected_dihedral_deg"":60.0,""survival_tier"":""cryptic_rescue""}",PHASE_RESOLVED,0.0,0.0,0.0,0.0,0.0,true,12.021351314194863,NOT_REQUESTED,true,true,PROJECTED,policy_generated_not_validated
43,focused-000951,ANCHOR_027044,CC[C@]1(c2nc3ccc(C)cc3o2)CCNC1,0.5,focused,180.0,0.0,0.0,1.0,0.0,0.0,0.0,0.0,1.0,0.0,0.1396140831404803,0.6931471805599453,best_rotamer_rank_proxy,-12.044156074523926,10.170231819152832,11.888250676786509,3.0,2.4164559949397457,2.3611173080327283,7.249367984819237,0.0,102.20299963259706,52.25944760189277,2.315895571188487,52.259447601892774,107.31314961422692,7.249367984819237,3.0,"[252515,252516,270852]",102.20299963259706,52.25944760189277,2.315895571188487,52.259447601892774,107.31314961422692,0.0,60.0,4.0,0.0,0,0,normal,180.0,"{""adjusted_pi_clash"":2.4164559949397457,""consensus_complement_bonus"":0.0,""cryptic_bonus"":4.0,""fragment_pi_complement"":3.0,""intracellular_penetration_depth_angstrom"":0.0,""lock_geometry_atom_count"":3,""lock_geometry_score"":7.249367984819237,""lock_occupancy_cold_hold"":102.20299963259706,""lock_occupancy_cold_return"":107.31314961422692,""lock_occupancy_ramp_down"":52.259447601892774,""lock_occupancy_ramp_up"":52.25944760189277,""lock_occupancy_warm_hold"":2.315895571188487,""lock_phase_provenance"":""PHASE_RESOLVED"",""lock_proxy_method"":""residue_lock_region_mask_v2:lock_atoms=3:total_atoms=131:phase_lock=PHASE_RESOLVED:steric_volume_proxy=20A3_per_atom"",""lock_steric_volume_angstrom3"":60.0,""lock_voxel_indices"":""[252515,252516,270852]"",""oracle_mode"":""validated_o3a_zmatrix_corpus_lookup"",""pi_clash_lock"":7.249367984819237,""pi_clash_lock_cold_hold"":102.20299963259706,""pi_clash_lock_cold_return"":107.31314961422692,""pi_clash_lock_ramp_down"":52.259447601892774,""pi_clash_lock_ramp_up"":52.25944760189277,""pi_clash_lock_warm_hold"":2.315895571188487,""pi_clash_pocket"":2.3611173080327283,""rust_reward_authority"":true,""selected_dihedral_deg"":180.0,""survival_tier"":""normal""}",PHASE_RESOLVED,0.0,0.0,0.0,0.0,0.0,true,11.888250676786509,NOT_REQUESTED,true,true,PROJECTED,policy_generated_not_validated
44,near_random-001022,ANCHOR_036951,CNC[C@H]1CCN(c2ccc(C)c(F)c2)C1,5.0,near_random,180.0,0.0,0.0,1.0,0.0,0.0,0.0,0.0,1.0,0.0,0.14277153556444208,0.6931471805599453,best_rotamer_rank_proxy,-11.878625869750977,11.235527038574219,11.021710662994895,5.0,2.8440968523313512,2.8223861893364552,2.8440968523313512,0.0,38.30743529461367,19.544957923604265,0.782480552594865,19.54495792360427,40.222807059344355,2.8440968523313512,1.0,[279782],38.30743529461367,19.544957923604265,0.782480552594865,19.54495792360427,40.222807059344355,0.0,20.0,6.0,0.0,0,0,cryptic_rescue,180.0,"{""adjusted_pi_clash"":2.8440968523313512,""consensus_complement_bonus"":0.0,""cryptic_bonus"":6.0,""fragment_pi_complement"":5.0,""intracellular_penetration_depth_angstrom"":0.0,""lock_geometry_atom_count"":1,""lock_geometry_score"":2.8440968523313512,""lock_occupancy_cold_hold"":38.30743529461367,""lock_occupancy_cold_return"":40.222807059344355,""lock_occupancy_ramp_down"":19.54495792360427,""lock_occupancy_ramp_up"":19.544957923604265,""lock_occupancy_warm_hold"":0.782480552594865,""lock_phase_provenance"":""PHASE_RESOLVED"",""lock_proxy_method"":""residue_lock_region_mask_v2:lock_atoms=1:total_atoms=131:phase_lock=PHASE_RESOLVED:steric_volume_proxy=20A3_per_atom"",""lock_steric_volume_angstrom3"":20.0,""lock_voxel_indices"":""[279782]"",""oracle_mode"":""validated_o3a_zmatrix_corpus_lookup"",""pi_clash_lock"":2.8440968523313512,""pi_clash_lock_cold_hold"":38.30743529461367,""pi_clash_lock_cold_return"":40.222807059344355,""pi_clash_lock_ramp_down"":19.54495792360427,""pi_clash_lock_ramp_up"":19.544957923604265,""pi_clash_lock_warm_hold"":0.782480552594865,""pi_clash_pocket"":2.8223861893364552,""rust_reward_authority"":true,""selected_dihedral_deg"":180.0,""survival_tier"":""cryptic_rescue""}",PHASE_RESOLVED,0.0,0.0,0.0,0.0,0.0,true,11.021710662994895,NOT_REQUESTED,true,true,PROJECTED,policy_generated_not_validated
45,focused-000569,ANCHOR_078415,Cc1cn(C)c2ccc(C(=O)CN)cc12,0.5,focused,60.0,0.0,0.0,1.0,0.0,0.0,0.0,0.0,1.0,0.0,0.18115297228310534,0.1823215567939546,best_rotamer_rank_proxy,-10.593911170959473,10.177483558654785,10.899931120168837,3.0,1.4603789901408013,1.4019638305351692,7.301894950704007,0.0,159.16429621236296,81.59871134284643,4.033126473329881,81.59871134284641,167.12251102298112,7.301894950704007,5.0,"[252422,252517,261637,270660,270756]",159.16429621236296,81.59871134284643,4.033126473329881,81.59871134284641,167.12251102298112,0.0,100.0,2.0,0.0,0,0,normal,60.0,"{""adjusted_pi_clash"":1.4603789901408013,""consensus_complement_bonus"":0.0,""cryptic_bonus"":2.0,""fragment_pi_complement"":3.0,""intracellular_penetration_depth_angstrom"":0.0,""lock_geometry_atom_count"":5,""lock_geometry_score"":7.301894950704007,""lock_occupancy_cold_hold"":159.16429621236296,""lock_occupancy_cold_return"":167.12251102298112,""lock_occupancy_ramp_down"":81.59871134284641,""lock_occupancy_ramp_up"":81.59871134284643,""lock_occupancy_warm_hold"":4.033126473329881,""lock_phase_provenance"":""PHASE_RESOLVED"",""lock_proxy_method"":""residue_lock_region_mask_v2:lock_atoms=5:total_atoms=125:phase_lock=PHASE_RESOLVED:steric_volume_proxy=20A3_per_atom"",""lock_steric_volume_angstrom3"":100.0,""lock_voxel_indices"":""[252422,252517,261637,270660,270756]"",""oracle_mode"":""validated_o3a_zmatrix_corpus_lookup"",""pi_clash_lock"":7.301894950704007,""pi_clash_lock_cold_hold"":159.16429621236296,""pi_clash_lock_cold_return"":167.12251102298112,""pi_clash_lock_ramp_down"":81.59871134284641,""pi_clash_lock_ramp_up"":81.59871134284643,""pi_clash_lock_warm_hold"":4.033126473329881,""pi_clash_pocket"":1.4019638305351692,""rust_reward_authority"":true,""selected_dihedral_deg"":60.0,""survival_tier"":""normal""}",PHASE_RESOLVED,0.0,0.0,0.0,0.0,0.0,true,10.899931120168837,NOT_REQUESTED,true,true,PROJECTED,policy_generated_not_validated
46,near_random-000278,ANCHOR_028169,CCc1ccc2c(c1)O[C@]1(CCNC1)CC2,5.0,near_random,300.0,0.0,0.0,1.0,0.0,0.0,0.0,0.0,1.0,0.0,0.1199215903878212,1.791759469228055,best_rotamer_rank_proxy,-10.381534576416016,11.235689163208008,10.835550462431595,3.0,1.896064568220901,1.8526432422311092,5.688193704662703,0.0,94.299091850711,48.412530312424245,2.52596877413749,48.41253031242424,99.01404644324654,5.688193704662703,3.0,"[270662,270757,270758]",94.299091850711,48.412530312424245,2.52596877413749,48.41253031242424,99.01404644324654,0.0,60.0,4.0,0.0,0,0,normal,0.0,"{""adjusted_pi_clash"":1.896064568220901,""consensus_complement_bonus"":0.0,""cryptic_bonus"":4.0,""fragment_pi_complement"":3.0,""intracellular_penetration_depth_angstrom"":0.0,""lock_geometry_atom_count"":3,""lock_geometry_score"":5.688193704662703,""lock_occupancy_cold_hold"":94.299091850711,""lock_occupancy_cold_return"":99.01404644324654,""lock_occupancy_ramp_down"":48.41253031242424,""lock_occupancy_ramp_up"":48.412530312424245,""lock_occupancy_warm_hold"":2.52596877413749,""lock_phase_provenance"":""PHASE_RESOLVED"",""lock_proxy_method"":""residue_lock_region_mask_v2:lock_atoms=3:total_atoms=131:phase_lock=PHASE_RESOLVED:steric_volume_proxy=20A3_per_atom"",""lock_steric_volume_angstrom3"":60.0,""lock_voxel_indices"":""[270662,270757,270758]"",""oracle_mode"":""validated_o3a_zmatrix_corpus_lookup"",""pi_clash_lock"":5.688193704662703,""pi_clash_lock_cold_hold"":94.299091850711,""pi_clash_lock_cold_return"":99.01404644324654,""pi_clash_lock_ramp_down"":48.41253031242424,""pi_clash_lock_ramp_up"":48.412530312424245,""pi_clash_lock_warm_hold"":2.52596877413749,""pi_clash_pocket"":1.8526432422311092,""rust_reward_authority"":true,""selected_dihedral_deg"":0.0,""survival_tier"":""normal""}",PHASE_RESOLVED,0.0,0.0,0.0,0.0,0.0,true,10.835550462431595,NOT_REQUESTED,true,true,PROJECTED,policy_generated_not_validated
47,focused-000842,ANCHOR_049940,C[C@@H](N)c1nccc(Cc2ccccc2F)n1,0.5,focused,120.0,0.0,0.0,1.0,0.0,0.0,0.0,0.0,1.0,0.0,0.23300613828863984,0.40546510810816444,best_rotamer_rank_proxy,-11.336566925048828,10.18816089630127,10.815751102805041,3.0,1.885604630569028,1.841062788902043,5.656813891707084,0.0,92.49540856468278,47.42403219151649,2.352655818350209,47.424032191516496,97.12017899291692,5.656813891707084,3.0,"[261447,261543,270663]",92.49540856468278,47.42403219151649,2.352655818350209,47.424032191516496,97.12017899291692,0.0,60.0,4.0,0.0,0,0,normal,120.0,"{""adjusted_pi_clash"":1.885604630569028,""consensus_complement_bonus"":0.0,""cryptic_bonus"":4.0,""fragment_pi_complement"":3.0,""intracellular_penetration_depth_angstrom"":0.0,""lock_geometry_atom_count"":3,""lock_geometry_score"":5.656813891707084,""lock_occupancy_cold_hold"":92.49540856468278,""lock_occupancy_cold_return"":97.12017899291692,""lock_occupancy_ramp_down"":47.424032191516496,""lock_occupancy_ramp_up"":47.42403219151649,""lock_occupancy_warm_hold"":2.352655818350209,""lock_phase_provenance"":""PHASE_RESOLVED"",""lock_proxy_method"":""residue_lock_region_mask_v2:lock_atoms=3:total_atoms=127:phase_lock=PHASE_RESOLVED:steric_volume_proxy=20A3_per_atom"",""lock_steric_volume_angstrom3"":60.0,""lock_voxel_indices"":""[261447,261543,270663]"",""oracle_mode"":""validated_o3a_zmatrix_corpus_lookup"",""pi_clash_lock"":5.656813891707084,""pi_clash_lock_cold_hold"":92.49540856468278,""pi_clash_lock_cold_return"":97.12017899291692,""pi_clash_lock_ramp_down"":47.424032191516496,""pi_clash_lock_ramp_up"":47.42403219151649,""pi_clash_lock_warm_hold"":2.352655818350209,""pi_clash_pocket"":1.841062788902043,""rust_reward_authority"":true,""selected_dihedral_deg"":120.0,""survival_tier"":""normal""}",PHASE_RESOLVED,0.0,0.0,0.0,0.0,0.0,true,10.815751102805041,NOT_REQUESTED,true,true,PROJECTED,policy_generated_not_validated
48,balanced-000315,ANCHOR_025816,CC[C@H](N)C(=O)N1CCC(C(=O)NC)CC1,1.0,balanced,240.0,0.0,0.0,1.0,0.0,0.0,0.0,0.0,1.0,0.0,0.19797115290225903,1.0986122886681098,best_rotamer_rank_proxy,-11.390908241271973,10.994539260864258,10.795127269331395,1.0,1.5450848387795464,1.4753817633458826,9.270509032677278,0.0,195.4143768518141,100.0335877497046,4.652798647595086,100.0335877497046,205.18509569440482,9.270509032677278,6.0,"[233987,243202,243297,252418,252515,252516]",195.4143768518141,100.0335877497046,4.652798647595086,100.0335877497046,205.18509569440482,0.0,120.0,2.0,0.0,0,0,cryptic_rescue,120.0,"{""adjusted_pi_clash"":1.5450848387795464,""consensus_complement_bonus"":0.0,""cryptic_bonus"":2.0,""fragment_pi_complement"":1.0,""intracellular_penetration_depth_angstrom"":0.0,""lock_geometry_atom_count"":6,""lock_geometry_score"":9.270509032677278,""lock_occupancy_cold_hold"":195.4143768518141,""lock_occupancy_cold_return"":205.18509569440482,""lock_occupancy_ramp_down"":100.0335877497046,""lock_occupancy_ramp_up"":100.0335877497046,""lock_occupancy_warm_hold"":4.652798647595086,""lock_phase_provenance"":""PHASE_RESOLVED"",""lock_proxy_method"":""residue_lock_region_mask_v2:lock_atoms=6:total_atoms=133:phase_lock=PHASE_RESOLVED:steric_volume_proxy=20A3_per_atom"",""lock_steric_volume_angstrom3"":120.0,""lock_voxel_indices"":""[233987,243202,243297,252418,252515,252516]"",""oracle_mode"":""validated_o3a_zmatrix_corpus_lookup"",""pi_clash_lock"":9.270509032677278,""pi_clash_lock_cold_hold"":195.4143768518141,""pi_clash_lock_cold_return"":205.18509569440482,""pi_clash_lock_ramp_down"":100.0335877497046,""pi_clash_lock_ramp_up"":100.0335877497046,""pi_clash_lock_warm_hold"":4.652798647595086,""pi_clash_pocket"":1.4753817633458826,""rust_reward_authority"":true,""selected_dihedral_deg"":120.0,""survival_tier"":""cryptic_rescue""}",PHASE_RESOLVED,0.0,0.0,0.0,0.0,0.0,true,10.795127269331395,NOT_REQUESTED,true,true,PROJECTED,policy_generated_not_validated
49,balanced-000703,ANCHOR_091392,NCC1CCC(C(=O)N2CCCC2)CC1,1.0,balanced,180.0,0.0,0.0,1.0,0.0,0.0,0.0,0.0,1.0,0.0,0.1445952185733724,0.6931471805599453,best_rotamer_rank_proxy,-11.067028045654297,10.994539260864258,10.69245845867146,3.0,1.6673850000244763,1.6423115413774918,3.3347700000489526,0.0,65.38722731148573,33.49971336136063,1.6121994112355225,33.49971336136063,68.65658867706001,3.3347700000489526,2.0,"[215945,225065]",65.38722731148573,33.49971336136063,1.6121994112355225,33.49971336136063,68.65658867706001,0.0,40.0,6.0,0.0,0,0,normal,120.0,"{""adjusted_pi_clash"":1.6673850000244763,""consensus_complement_bonus"":0.0,""cryptic_bonus"":6.0,""fragment_pi_complement"":3.0,""intracellular_penetration_depth_angstrom"":0.0,""lock_geometry_atom_count"":2,""lock_geometry_score"":3.3347700000489526,""lock_occupancy_cold_hold"":65.38722731148573,""lock_occupancy_cold_return"":68.65658867706001,""lock_occupancy_ramp_down"":33.49971336136063,""lock_occupancy_ramp_up"":33.49971336136063,""lock_occupancy_warm_hold"":1.6121994112355225,""lock_phase_provenance"":""PHASE_RESOLVED"",""lock_proxy_method"":""residue_lock_region_mask_v2:lock_atoms=2:total_atoms=133:phase_lock=PHASE_RESOLVED:steric_volume_proxy=20A3_per_atom"",""lock_steric_volume_angstrom3"":40.0,""lock_voxel_indices"":""[215945,225065]"",""oracle_mode"":""validated_o3a_zmatrix_corpus_lookup"",""pi_clash_lock"":3.3347700000489526,""pi_clash_lock_cold_hold"":65.38722731148573,""pi_clash_lock_cold_return"":68.65658867706001,""pi_clash_lock_ramp_down"":33.49971336136063,""pi_clash_lock_ramp_up"":33.49971336136063,""pi_clash_lock_warm_hold"":1.6121994112355225,""pi_clash_pocket"":1.6423115413774918,""rust_reward_authority"":true,""selected_dihedral_deg"":120.0,""survival_tier"":""normal""}",PHASE_RESOLVED,0.0,0.0,0.0,0.0,0.0,true,10.69245845867146,NOT_REQUESTED,true,true,PROJECTED,policy_generated_not_validated
50,exploration-001167,ANCHOR_091555,NCCCC(=O)N1CC[C@@H]2CCCC[C@H]2C1,2.0,exploration,180.0,0.0,0.0,1.0,0.0,0.0,0.0,0.0,1.0,0.0,0.13815558448433876,0.6931471805599453,best_rotamer_rank_proxy,-10.913324356079102,11.184712409973145,10.200902045043804,2.0,1.0246934120607014,0.9719518393811064,7.17285388442491,0.0,231.36356276738752,118.42831509138335,5.493067415379155,118.42831509138333,242.9317409057569,7.17285388442491,7.0,"[252418,261632,261729,270752,270753,270848,279968]",231.36356276738752,118.42831509138335,5.493067415379155,118.42831509138333,242.9317409057569,0.0,140.0,2.0,0.0,0,0,normal,180.0,"{""adjusted_pi_clash"":1.0246934120607014,""consensus_complement_bonus"":0.0,""cryptic_bonus"":2.0,""fragment_pi_complement"":2.0,""intracellular_penetration_depth_angstrom"":0.0,""lock_geometry_atom_count"":7,""lock_geometry_score"":7.17285388442491,""lock_occupancy_cold_hold"":231.36356276738752,""lock_occupancy_cold_return"":242.9317409057569,""lock_occupancy_ramp_down"":118.42831509138333,""lock_occupancy_ramp_up"":118.42831509138335,""lock_occupancy_warm_hold"":5.493067415379155,""lock_phase_provenance"":""PHASE_RESOLVED"",""lock_proxy_method"":""residue_lock_region_mask_v2:lock_atoms=7:total_atoms=136:phase_lock=PHASE_RESOLVED:steric_volume_proxy=20A3_per_atom"",""lock_steric_volume_angstrom3"":140.0,""lock_voxel_indices"":""[252418,261632,261729,270752,270753,270848,279968]"",""oracle_mode"":""validated_o3a_zmatrix_corpus_lookup"",""pi_clash_lock"":7.17285388442491,""pi_clash_lock_cold_hold"":231.36356276738752,""pi_clash_lock_cold_return"":242.9317409057569,""pi_clash_lock_ramp_down"":118.42831509138333,""pi_clash_lock_ramp_up"":118.42831509138335,""pi_clash_lock_warm_hold"":5.493067415379155,""pi_clash_pocket"":0.9719518393811064,""rust_reward_authority"":true,""selected_dihedral_deg"":180.0,""survival_tier"":""normal""}",PHASE_RESOLVED,0.0,0.0,0.0,0.0,0.0,true,10.200902045043804,NOT_REQUESTED,true,true,PROJECTED,policy_generated_not_validated
51,exploitation-000605,ANCHOR_056569,C[C@H](N)Cc1cc2n(c1)CCCS2,0.1,exploitation,300.0,0.0,0.0,1.0,0.0,0.0,0.0,0.0,1.0,0.0,0.12965628140640317,1.791759469228055,best_rotamer_rank_proxy,-9.622262954711914,4.313774108886719,10.048139530626425,2.0,1.4970642402540655,1.437181670643903,7.485321201270327,0.0,159.97306948574698,81.98209970913177,3.9911299325165555,81.98209970913176,167.97172296003433,7.485321201270327,5.0,"[243207,243302,243303,252326,261638]",159.97306948574698,81.98209970913177,3.9911299325165555,81.98209970913176,167.97172296003433,0.0,100.0,2.0,0.0,0,0,normal,120.0,"{""adjusted_pi_clash"":1.4970642402540655,""consensus_complement_bonus"":0.0,""cryptic_bonus"":2.0,""fragment_pi_complement"":2.0,""intracellular_penetration_depth_angstrom"":0.0,""lock_geometry_atom_count"":5,""lock_geometry_score"":7.485321201270327,""lock_occupancy_cold_hold"":159.97306948574698,""lock_occupancy_cold_return"":167.97172296003433,""lock_occupancy_ramp_down"":81.98209970913176,""lock_occupancy_ramp_up"":81.98209970913177,""lock_occupancy_warm_hold"":3.9911299325165555,""lock_phase_provenance"":""PHASE_RESOLVED"",""lock_proxy_method"":""residue_lock_region_mask_v2:lock_atoms=5:total_atoms=125:phase_lock=PHASE_RESOLVED:steric_volume_proxy=20A3_per_atom"",""lock_steric_volume_angstrom3"":100.0,""lock_voxel_indices"":""[243207,243302,243303,252326,261638]"",""oracle_mode"":""validated_o3a_zmatrix_corpus_lookup"",""pi_clash_lock"":7.485321201270327,""pi_clash_lock_cold_hold"":159.97306948574698,""pi_clash_lock_cold_return"":167.97172296003433,""pi_clash_lock_ramp_down"":81.98209970913176,""pi_clash_lock_ramp_up"":81.98209970913177,""pi_clash_lock_warm_hold"":3.9911299325165555,""pi_clash_pocket"":1.437181670643903,""rust_reward_authority"":true,""selected_dihedral_deg"":120.0,""survival_tier"":""normal""}",PHASE_RESOLVED,0.0,0.0,0.0,0.0,0.0,true,10.048139530626425,NOT_REQUESTED,true,true,PROJECTED,policy_generated_not_validated
52,exploration-000650,ANCHOR_009424,CC(C)(N)Cc1ccccc1-n1ccnc1,2.0,exploration,300.0,0.0,0.0,1.0,0.0,0.0,0.0,0.0,1.0,0.0,0.16952067364564832,1.791759469228055,best_rotamer_rank_proxy,-12.490493774414062,11.184309959411621,10.026234171132336,4.0,3.3842080760710997,3.3579739049387656,3.3842080760710997,0.0,34.95738247537457,17.862048100945245,0.7667137265159163,17.862048100945245,36.7052515991433,3.3842080760710997,1.0,[261637],34.95738247537457,17.862048100945245,0.7667137265159163,17.862048100945245,36.7052515991433,0.0,20.0,6.0,0.0,0,0,cryptic_rescue,120.0,"{""adjusted_pi_clash"":3.3842080760710997,""consensus_complement_bonus"":0.0,""cryptic_bonus"":6.0,""fragment_pi_complement"":4.0,""intracellular_penetration_depth_angstrom"":0.0,""lock_geometry_atom_count"":1,""lock_geometry_score"":3.3842080760710997,""lock_occupancy_cold_hold"":34.95738247537457,""lock_occupancy_cold_return"":36.7052515991433,""lock_occupancy_ramp_down"":17.862048100945245,""lock_occupancy_ramp_up"":17.862048100945245,""lock_occupancy_warm_hold"":0.7667137265159163,""lock_phase_provenance"":""PHASE_RESOLVED"",""lock_proxy_method"":""residue_lock_region_mask_v2:lock_atoms=1:total_atoms=129:phase_lock=PHASE_RESOLVED:steric_volume_proxy=20A3_per_atom"",""lock_steric_volume_angstrom3"":20.0,""lock_voxel_indices"":""[261637]"",""oracle_mode"":""validated_o3a_zmatrix_corpus_lookup"",""pi_clash_lock"":3.3842080760710997,""pi_clash_lock_cold_hold"":34.95738247537457,""pi_clash_lock_cold_return"":36.7052515991433,""pi_clash_lock_ramp_down"":17.862048100945245,""pi_clash_lock_ramp_up"":17.862048100945245,""pi_clash_lock_warm_hold"":0.7667137265159163,""pi_clash_pocket"":3.3579739049387656,""rust_reward_authority"":true,""selected_dihedral_deg"":120.0,""survival_tier"":""cryptic_rescue""}",PHASE_RESOLVED,0.0,0.0,0.0,0.0,0.0,true,10.026234171132336,NOT_REQUESTED,true,true,PROJECTED,policy_generated_not_validated
53,focused-001931,ANCHOR_056427,C[C@H](N)C(=O)c1coc(C(F)(F)F)c1,0.5,focused,120.0,0.0,0.0,1.0,0.0,0.0,0.0,0.0,1.0,0.0,0.26892590738278777,0.40546510810816444,best_rotamer_rank_proxy,-10.39093017578125,10.18816089630127,10.020735100323952,4.0,2.446741838226377,2.4260067379024246,2.446741838226377,0.0,34.95738247537457,17.862048100945245,0.7667137265159163,17.862048100945245,36.7052515991433,2.446741838226377,1.0,[261637],34.95738247537457,17.862048100945245,0.7667137265159163,17.862048100945245,36.7052515991433,0.0,20.0,6.0,0.0,0,0,normal,120.0,"{""adjusted_pi_clash"":2.446741838226377,""consensus_complement_bonus"":0.0,""cryptic_bonus"":6.0,""fragment_pi_complement"":4.0,""intracellular_penetration_depth_angstrom"":0.0,""lock_geometry_atom_count"":1,""lock_geometry_score"":2.446741838226377,""lock_occupancy_cold_hold"":34.95738247537457,""lock_occupancy_cold_return"":36.7052515991433,""lock_occupancy_ramp_down"":17.862048100945245,""lock_occupancy_ramp_up"":17.862048100945245,""lock_occupancy_warm_hold"":0.7667137265159163,""lock_phase_provenance"":""PHASE_RESOLVED"",""lock_proxy_method"":""residue_lock_region_mask_v2:lock_atoms=1:total_atoms=118:phase_lock=PHASE_RESOLVED:steric_volume_proxy=20A3_per_atom"",""lock_steric_volume_angstrom3"":20.0,""lock_voxel_indices"":""[261637]"",""oracle_mode"":""validated_o3a_zmatrix_corpus_lookup"",""pi_clash_lock"":2.446741838226377,""pi_clash_lock_cold_hold"":34.95738247537457,""pi_clash_lock_cold_return"":36.7052515991433,""pi_clash_lock_ramp_down"":17.862048100945245,""pi_clash_lock_ramp_up"":17.862048100945245,""pi_clash_lock_warm_hold"":0.7667137265159163,""pi_clash_pocket"":2.4260067379024246,""rust_reward_authority"":true,""selected_dihedral_deg"":120.0,""survival_tier"":""normal""}",PHASE_RESOLVED,0.0,0.0,0.0,0.0,0.0,true,10.020735100323952,NOT_REQUESTED,true,true,PROJECTED,policy_generated_not_validated
54,near_random-001947,ANCHOR_011016,CC(C)Cc1cc(CN)nn1C,5.0,near_random,60.0,0.0,0.0,1.0,0.0,0.0,0.0,0.0,1.0,0.0,0.14359966171163444,0.1823215567939546,best_rotamer_rank_proxy,-12.053329467773438,11.235689163208008,9.830050427806219,2.0,0.9480322841104505,0.9101109927460325,4.740161420552252,0.0,155.03735931719834,79.4617212942902,3.8860832713820415,79.46172129429019,162.78922728305827,4.740161420552252,5.0,"[252420,252422,252517,270852]",155.03735931719834,79.4617212942902,3.8860832713820415,79.46172129429019,162.78922728305827,0.0,100.0,4.0,0.0,0,0,normal,60.0,"{""adjusted_pi_clash"":0.9480322841104505,""consensus_complement_bonus"":0.0,""cryptic_bonus"":4.0,""fragment_pi_complement"":2.0,""intracellular_penetration_depth_angstrom"":0.0,""lock_geometry_atom_count"":5,""lock_geometry_score"":4.740161420552252,""lock_occupancy_cold_hold"":155.03735931719834,""lock_occupancy_cold_return"":162.78922728305827,""lock_occupancy_ramp_down"":79.46172129429019,""lock_occupancy_ramp_up"":79.4617212942902,""lock_occupancy_warm_hold"":3.8860832713820415,""lock_phase_provenance"":""PHASE_RESOLVED"",""lock_proxy_method"":""residue_lock_region_mask_v2:lock_atoms=5:total_atoms=125:phase_lock=PHASE_RESOLVED:steric_volume_proxy=20A3_per_atom"",""lock_steric_volume_angstrom3"":100.0,""lock_voxel_indices"":""[252420,252422,252517,270852]"",""oracle_mode"":""validated_o3a_zmatrix_corpus_lookup"",""pi_clash_lock"":4.740161420552252,""pi_clash_lock_cold_hold"":155.03735931719834,""pi_clash_lock_cold_return"":162.78922728305827,""pi_clash_lock_ramp_down"":79.46172129429019,""pi_clash_lock_ramp_up"":79.4617212942902,""pi_clash_lock_warm_hold"":3.8860832713820415,""pi_clash_pocket"":0.9101109927460325,""rust_reward_authority"":true,""selected_dihedral_deg"":60.0,""survival_tier"":""normal""}",PHASE_RESOLVED,0.0,0.0,0.0,0.0,0.0,true,9.830050427806219,NOT_REQUESTED,true,true,PROJECTED,policy_generated_not_validated
55,exploitation-000146,ANCHOR_069904,Cc1ccc(C)c([C@@H]2CNC(=O)N2)c1,0.1,exploitation,120.0,0.0,0.0,1.0,0.0,0.0,0.0,0.0,1.0,0.0,0.17326508623985,0.40546510810816444,best_rotamer_rank_proxy,-9.118062019348145,4.3137736320495605,9.42360909808697,3.0,2.3851391124030514,2.346669126719131,4.770278224806103,0.0,66.05244468888026,33.895339616620845,1.7382345443614269,33.89533961662084,69.35506692332427,4.770278224806103,2.0,"[261637,270757]",66.05244468888026,33.895339616620845,1.7382345443614269,33.89533961662084,69.35506692332427,0.0,40.0,4.0,0.0,0,0,normal,120.0,"{""adjusted_pi_clash"":2.3851391124030514,""consensus_complement_bonus"":0.0,""cryptic_bonus"":4.0,""fragment_pi_complement"":3.0,""intracellular_penetration_depth_angstrom"":0.0,""lock_geometry_atom_count"":2,""lock_geometry_score"":4.770278224806103,""lock_occupancy_cold_hold"":66.05244468888026,""lock_occupancy_cold_return"":69.35506692332427,""lock_occupancy_ramp_down"":33.89533961662084,""lock_occupancy_ramp_up"":33.895339616620845,""lock_occupancy_warm_hold"":1.7382345443614269,""lock_phase_provenance"":""PHASE_RESOLVED"",""lock_proxy_method"":""residue_lock_region_mask_v2:lock_atoms=2:total_atoms=124:phase_lock=PHASE_RESOLVED:steric_volume_proxy=20A3_per_atom"",""lock_steric_volume_angstrom3"":40.0,""lock_voxel_indices"":""[261637,270757]"",""oracle_mode"":""validated_o3a_zmatrix_corpus_lookup"",""pi_clash_lock"":4.770278224806103,""pi_clash_lock_cold_hold"":66.05244468888026,""pi_clash_lock_cold_return"":69.35506692332427,""pi_clash_lock_ramp_down"":33.89533961662084,""pi_clash_lock_ramp_up"":33.895339616620845,""pi_clash_lock_warm_hold"":1.7382345443614269,""pi_clash_pocket"":2.346669126719131,""rust_reward_authority"":true,""selected_dihedral_deg"":120.0,""survival_tier"":""normal""}",PHASE_RESOLVED,0.0,0.0,0.0,0.0,0.0,true,9.42360909808697,NOT_REQUESTED,true,true,PROJECTED,policy_generated_not_validated
56,focused-001280,ANCHOR_044420,COc1ccc(Cc2ccc(N)cn2)cc1C,0.5,focused,240.0,0.0,0.0,1.0,0.0,0.0,0.0,0.0,1.0,0.0,0.17162518211468522,1.0986122886681098,best_rotamer_rank_proxy,-9.68731689453125,10.170231819152832,9.171127219004005,2.0,1.0246934120607014,0.9770332533602037,6.148160472364209,0.0,188.4334163482621,96.70590426666861,4.978392185075114,96.70590426666861,197.85508716567523,6.148160472364209,6.0,"[261348,261730,270563,270660,270755]",188.4334163482621,96.70590426666861,4.978392185075114,96.70590426666861,197.85508716567523,0.0,120.0,2.0,0.0,0,0,normal,60.0,"{""adjusted_pi_clash"":1.0246934120607014,""consensus_complement_bonus"":0.0,""cryptic_bonus"":2.0,""fragment_pi_complement"":2.0,""intracellular_penetration_depth_angstrom"":0.0,""lock_geometry_atom_count"":6,""lock_geometry_score"":6.148160472364209,""lock_occupancy_cold_hold"":188.4334163482621,""lock_occupancy_cold_return"":197.85508716567523,""lock_occupancy_ramp_down"":96.70590426666861,""lock_occupancy_ramp_up"":96.70590426666861,""lock_occupancy_warm_hold"":4.978392185075114,""lock_phase_provenance"":""PHASE_RESOLVED"",""lock_proxy_method"":""residue_lock_region_mask_v2:lock_atoms=6:total_atoms=129:phase_lock=PHASE_RESOLVED:steric_volume_proxy=20A3_per_atom"",""lock_steric_volume_angstrom3"":120.0,""lock_voxel_indices"":""[261348,261730,270563,270660,270755]"",""oracle_mode"":""validated_o3a_zmatrix_corpus_lookup"",""pi_clash_lock"":6.148160472364209,""pi_clash_lock_cold_hold"":188.4334163482621,""pi_clash_lock_cold_return"":197.85508716567523,""pi_clash_lock_ramp_down"":96.70590426666861,""pi_clash_lock_ramp_up"":96.70590426666861,""pi_clash_lock_warm_hold"":4.978392185075114,""pi_clash_pocket"":0.9770332533602037,""rust_reward_authority"":true,""selected_dihedral_deg"":60.0,""survival_tier"":""normal""}",PHASE_RESOLVED,0.0,0.0,0.0,0.0,0.0,true,9.171127219004005,NOT_REQUESTED,true,true,PROJECTED,policy_generated_not_validated
57,balanced-000347,ANCHOR_063117,Cc1c(N)cccc1NC(=O)c1ccccc1F,1.0,balanced,300.0,0.0,0.0,1.0,0.0,0.0,0.0,0.0,1.0,0.0,0.21531957904270363,1.791759469228055,best_rotamer_rank_proxy,-10.629352569580078,10.99013900756836,9.168103917622853,2.0,1.5655610799147945,1.5285793221215318,4.696683239744384,0.0,90.04582673324488,46.27539371928022,2.5049607053155536,46.27539371928022,94.54811806990713,4.696683239744384,3.0,"[233897,243016,261543]",90.04582673324488,46.27539371928022,2.5049607053155536,46.27539371928022,94.54811806990713,0.0,60.0,4.0,0.0,0,0,normal,180.0,"{""adjusted_pi_clash"":1.5655610799147945,""consensus_complement_bonus"":0.0,""cryptic_bonus"":4.0,""fragment_pi_complement"":2.0,""intracellular_penetration_depth_angstrom"":0.0,""lock_geometry_atom_count"":3,""lock_geometry_score"":4.696683239744384,""lock_occupancy_cold_hold"":90.04582673324488,""lock_occupancy_cold_return"":94.54811806990713,""lock_occupancy_ramp_down"":46.27539371928022,""lock_occupancy_ramp_up"":46.27539371928022,""lock_occupancy_warm_hold"":2.5049607053155536,""lock_phase_provenance"":""PHASE_RESOLVED"",""lock_proxy_method"":""residue_lock_region_mask_v2:lock_atoms=3:total_atoms=127:phase_lock=PHASE_RESOLVED:steric_volume_proxy=20A3_per_atom"",""lock_steric_volume_angstrom3"":60.0,""lock_voxel_indices"":""[233897,243016,261543]"",""oracle_mode"":""validated_o3a_zmatrix_corpus_lookup"",""pi_clash_lock"":4.696683239744384,""pi_clash_lock_cold_hold"":90.04582673324488,""pi_clash_lock_cold_return"":94.54811806990713,""pi_clash_lock_ramp_down"":46.27539371928022,""pi_clash_lock_ramp_up"":46.27539371928022,""pi_clash_lock_warm_hold"":2.5049607053155536,""pi_clash_pocket"":1.5285793221215318,""rust_reward_authority"":true,""selected_dihedral_deg"":180.0,""survival_tier"":""normal""}",PHASE_RESOLVED,0.0,0.0,0.0,0.0,0.0,true,9.168103917622853,NOT_REQUESTED,true,true,PROJECTED,policy_generated_not_validated
58,focused-001451,ANCHOR_093939,NC[C@H]1CN(Cc2ccc(F)cc2)CCO1,0.5,focused,120.0,0.0,0.0,1.0,0.0,0.0,0.0,0.0,1.0,0.0,0.17327920078574463,0.40546510810816444,best_rotamer_rank_proxy,-11.126167297363281,10.18816089630127,9.126101883112106,2.0,1.5450848387795464,1.5091526332265337,4.635254516338639,0.0,106.29458778637596,54.30261759653922,2.310647406702497,54.302617596539235,111.60931717569476,4.635254516338639,3.0,"[243299,252515,261634]",106.29458778637596,54.30261759653922,2.310647406702497,54.302617596539235,111.60931717569476,0.0,60.0,4.0,0.0,0,0,normal,120.0,"{""adjusted_pi_clash"":1.5450848387795464,""consensus_complement_bonus"":0.0,""cryptic_bonus"":4.0,""fragment_pi_complement"":2.0,""intracellular_penetration_depth_angstrom"":0.0,""lock_geometry_atom_count"":3,""lock_geometry_score"":4.635254516338639,""lock_occupancy_cold_hold"":106.29458778637596,""lock_occupancy_cold_return"":111.60931717569476,""lock_occupancy_ramp_down"":54.302617596539235,""lock_occupancy_ramp_up"":54.30261759653922,""lock_occupancy_warm_hold"":2.310647406702497,""lock_phase_provenance"":""PHASE_RESOLVED"",""lock_proxy_method"":""residue_lock_region_mask_v2:lock_atoms=3:total_atoms=129:phase_lock=PHASE_RESOLVED:steric_volume_proxy=20A3_per_atom"",""lock_steric_volume_angstrom3"":60.0,""lock_voxel_indices"":""[243299,252515,261634]"",""oracle_mode"":""validated_o3a_zmatrix_corpus_lookup"",""pi_clash_lock"":4.635254516338639,""pi_clash_lock_cold_hold"":106.29458778637596,""pi_clash_lock_cold_return"":111.60931717569476,""pi_clash_lock_ramp_down"":54.302617596539235,""pi_clash_lock_ramp_up"":54.30261759653922,""pi_clash_lock_warm_hold"":2.310647406702497,""pi_clash_pocket"":1.5091526332265337,""rust_reward_authority"":true,""selected_dihedral_deg"":120.0,""survival_tier"":""normal""}",PHASE_RESOLVED,0.0,0.0,0.0,0.0,0.0,true,9.126101883112106,NOT_REQUESTED,true,true,PROJECTED,policy_generated_not_validated
59,balanced-000654,ANCHOR_089374,NC(=O)C1CCN(C[C@H]2CCCNC2)CC1,1.0,balanced,240.0,0.0,0.0,1.0,0.0,0.0,0.0,0.0,1.0,0.0,0.1734562383757697,1.0986122886681098,best_rotamer_rank_proxy,-10.94434928894043,10.990138053894043,9.114863944660577,2.0,1.5403173352717134,1.5060880611545642,4.62095200581514,0.0,100.81057447247507,51.57111304250071,2.3316516125263527,51.571113042500706,105.85110319609882,4.62095200581514,3.0,"[233992,234183,243303]",100.81057447247507,51.57111304250071,2.3316516125263527,51.571113042500706,105.85110319609882,0.0,60.0,4.0,0.0,0,0,normal,180.0,"{""adjusted_pi_clash"":1.5403173352717134,""consensus_complement_bonus"":0.0,""cryptic_bonus"":4.0,""fragment_pi_complement"":2.0,""intracellular_penetration_depth_angstrom"":0.0,""lock_geometry_atom_count"":3,""lock_geometry_score"":4.62095200581514,""lock_occupancy_cold_hold"":100.81057447247507,""lock_occupancy_cold_return"":105.85110319609882,""lock_occupancy_ramp_down"":51.571113042500706,""lock_occupancy_ramp_up"":51.57111304250071,""lock_occupancy_warm_hold"":2.3316516125263527,""lock_phase_provenance"":""PHASE_RESOLVED"",""lock_proxy_method"":""residue_lock_region_mask_v2:lock_atoms=3:total_atoms=135:phase_lock=PHASE_RESOLVED:steric_volume_proxy=20A3_per_atom"",""lock_steric_volume_angstrom3"":60.0,""lock_voxel_indices"":""[233992,234183,243303]"",""oracle_mode"":""validated_o3a_zmatrix_corpus_lookup"",""pi_clash_lock"":4.62095200581514,""pi_clash_lock_cold_hold"":100.81057447247507,""pi_clash_lock_cold_return"":105.85110319609882,""pi_clash_lock_ramp_down"":51.571113042500706,""pi_clash_lock_ramp_up"":51.57111304250071,""pi_clash_lock_warm_hold"":2.3316516125263527,""pi_clash_pocket"":1.5060880611545642,""rust_reward_authority"":true,""selected_dihedral_deg"":180.0,""survival_tier"":""normal""}",PHASE_RESOLVED,0.0,0.0,0.0,0.0,0.0,true,9.114863944660577,NOT_REQUESTED,true,true,PROJECTED,policy_generated_not_validated
60,exploitation-000021,ANCHOR_097585,N[C@H]1CC[C@H](c2ccc3ncoc3c2)C1,0.1,exploitation,240.0,0.0,0.0,1.0,0.0,0.0,0.0,0.0,1.0,0.0,0.16939378264897217,1.0986122886681098,best_rotamer_rank_proxy,-9.112091064453125,4.289923191070557,9.049670652204147,2.0,1.506754274804421,1.4705921722091149,4.520262824413263,0.0,94.0705076231951,48.25622109525378,2.4419345673124706,48.25622109525379,98.77403300435486,4.520262824413263,3.0,"[252323,261635,261636]",94.0705076231951,48.25622109525378,2.4419345673124706,48.25622109525379,98.77403300435486,0.0,60.0,4.0,0.0,0,0,normal,120.0,"{""adjusted_pi_clash"":1.506754274804421,""consensus_complement_bonus"":0.0,""cryptic_bonus"":4.0,""fragment_pi_complement"":2.0,""intracellular_penetration_depth_angstrom"":0.0,""lock_geometry_atom_count"":3,""lock_geometry_score"":4.520262824413263,""lock_occupancy_cold_hold"":94.0705076231951,""lock_occupancy_cold_return"":98.77403300435486,""lock_occupancy_ramp_down"":48.25622109525379,""lock_occupancy_ramp_up"":48.25622109525378,""lock_occupancy_warm_hold"":2.4419345673124706,""lock_phase_provenance"":""PHASE_RESOLVED"",""lock_proxy_method"":""residue_lock_region_mask_v2:lock_atoms=3:total_atoms=125:phase_lock=PHASE_RESOLVED:steric_volume_proxy=20A3_per_atom"",""lock_steric_volume_angstrom3"":60.0,""lock_voxel_indices"":""[252323,261635,261636]"",""oracle_mode"":""validated_o3a_zmatrix_corpus_lookup"",""pi_clash_lock"":4.520262824413263,""pi_clash_lock_cold_hold"":94.0705076231951,""pi_clash_lock_cold_return"":98.77403300435486,""pi_clash_lock_ramp_down"":48.25622109525379,""pi_clash_lock_ramp_up"":48.25622109525378,""pi_clash_lock_warm_hold"":2.4419345673124706,""pi_clash_pocket"":1.4705921722091149,""rust_reward_authority"":true,""selected_dihedral_deg"":120.0,""survival_tier"":""normal""}",PHASE_RESOLVED,0.0,0.0,0.0,0.0,0.0,true,9.049670652204147,NOT_REQUESTED,true,true,PROJECTED,policy_generated_not_validated
61,balanced-000340,ANCHOR_086861,N#CCCN1CCC[C@H](N2CCCC2)C1,1.0,balanced,300.0,0.0,0.0,1.0,0.0,0.0,0.0,0.0,1.0,0.0,0.12323320693807838,1.791759469228055,best_rotamer_rank_proxy,-10.247781753540039,10.99013900756836,9.019179147352137,1.0,0.9944075687740701,0.9416738340663543,6.9608529814184905,0.0,222.63229912338775,114.47753329214765,6.32276746090757,114.47753329214767,233.76391407955714,6.9608529814184905,7.0,"[225063,225158,225160,234277,234278,252518]",222.63229912338775,114.47753329214765,6.32276746090757,114.47753329214767,233.76391407955714,0.0,140.0,2.0,0.0,0,0,cryptic_rescue,120.0,"{""adjusted_pi_clash"":0.9944075687740701,""consensus_complement_bonus"":0.0,""cryptic_bonus"":2.0,""fragment_pi_complement"":1.0,""intracellular_penetration_depth_angstrom"":0.0,""lock_geometry_atom_count"":7,""lock_geometry_score"":6.9608529814184905,""lock_occupancy_cold_hold"":222.63229912338775,""lock_occupancy_cold_return"":233.76391407955714,""lock_occupancy_ramp_down"":114.47753329214767,""lock_occupancy_ramp_up"":114.47753329214765,""lock_occupancy_warm_hold"":6.32276746090757,""lock_phase_provenance"":""PHASE_RESOLVED"",""lock_proxy_method"":""residue_lock_region_mask_v2:lock_atoms=7:total_atoms=132:phase_lock=PHASE_RESOLVED:steric_volume_proxy=20A3_per_atom"",""lock_steric_volume_angstrom3"":140.0,""lock_voxel_indices"":""[225063,225158,225160,234277,234278,252518]"",""oracle_mode"":""validated_o3a_zmatrix_corpus_lookup"",""pi_clash_lock"":6.9608529814184905,""pi_clash_lock_cold_hold"":222.63229912338775,""pi_clash_lock_cold_return"":233.76391407955714,""pi_clash_lock_ramp_down"":114.47753329214767,""pi_clash_lock_ramp_up"":114.47753329214765,""pi_clash_lock_warm_hold"":6.32276746090757,""pi_clash_pocket"":0.9416738340663543,""rust_reward_authority"":true,""selected_dihedral_deg"":120.0,""survival_tier"":""cryptic_rescue""}",PHASE_RESOLVED,0.0,0.0,0.0,0.0,0.0,true,9.019179147352137,NOT_REQUESTED,true,true,PROJECTED,policy_generated_not_validated
62,exploration-000967,ANCHOR_056497,C[C@H](N)CCc1ccc2c(c1)C(C)(C)C(=O)N2,2.0,exploration,240.0,0.0,0.0,1.0,0.0,0.0,0.0,0.0,1.0,0.0,0.1626762928341844,1.0986122886681098,best_rotamer_rank_proxy,-11.6522216796875,11.184712409973145,9.017741509568605,3.0,2.359620772624253,2.3418792630556498,2.359620772624253,0.0,31.17571278996753,15.976465828772445,0.7772188675773604,15.976465828772445,32.73449842946591,2.359620772624253,1.0,[270758],31.17571278996753,15.976465828772445,0.7772188675773604,15.976465828772445,32.73449842946591,0.0,20.0,6.0,0.0,0,0,normal,240.0,"{""adjusted_pi_clash"":2.359620772624253,""consensus_complement_bonus"":0.0,""cryptic_bonus"":6.0,""fragment_pi_complement"":3.0,""intracellular_penetration_depth_angstrom"":0.0,""lock_geometry_atom_count"":1,""lock_geometry_score"":2.359620772624253,""lock_occupancy_cold_hold"":31.17571278996753,""lock_occupancy_cold_return"":32.73449842946591,""lock_occupancy_ramp_down"":15.976465828772445,""lock_occupancy_ramp_up"":15.976465828772445,""lock_occupancy_warm_hold"":0.7772188675773604,""lock_phase_provenance"":""PHASE_RESOLVED"",""lock_proxy_method"":""residue_lock_region_mask_v2:lock_atoms=1:total_atoms=133:phase_lock=PHASE_RESOLVED:steric_volume_proxy=20A3_per_atom"",""lock_steric_volume_angstrom3"":20.0,""lock_voxel_indices"":""[270758]"",""oracle_mode"":""validated_o3a_zmatrix_corpus_lookup"",""pi_clash_lock"":2.359620772624253,""pi_clash_lock_cold_hold"":31.17571278996753,""pi_clash_lock_cold_return"":32.73449842946591,""pi_clash_lock_ramp_down"":15.976465828772445,""pi_clash_lock_ramp_up"":15.976465828772445,""pi_clash_lock_warm_hold"":0.7772188675773604,""pi_clash_pocket"":2.3418792630556498,""rust_reward_authority"":true,""selected_dihedral_deg"":240.0,""survival_tier"":""normal""}",PHASE_RESOLVED,0.0,0.0,0.0,0.0,0.0,true,9.017741509568605,NOT_REQUESTED,true,true,PROJECTED,policy_generated_not_validated
63,near_random-001902,ANCHOR_049499,C[C@@H](N)Cn1c(=O)[nH]c2ccccc21,5.0,near_random,240.0,0.0,0.0,1.0,0.0,0.0,0.0,0.0,1.0,0.0,0.2217941278149725,1.0986122886681098,best_rotamer_rank_proxy,-12.35190486907959,11.235527038574219,9.015849215726202,3.0,1.9494535343229518,1.9336043185967489,1.9494535343229518,0.0,34.95738247537457,17.862048100945245,0.7667137265159163,17.862048100945245,36.7052515991433,1.9494535343229518,1.0,[261637],34.95738247537457,17.862048100945245,0.7667137265159163,17.862048100945245,36.7052515991433,0.0,20.0,6.0,0.0,0,0,normal,120.0,"{""adjusted_pi_clash"":1.9494535343229518,""consensus_complement_bonus"":0.0,""cryptic_bonus"":6.0,""fragment_pi_complement"":3.0,""intracellular_penetration_depth_angstrom"":0.0,""lock_geometry_atom_count"":1,""lock_geometry_score"":1.9494535343229518,""lock_occupancy_cold_hold"":34.95738247537457,""lock_occupancy_cold_return"":36.7052515991433,""lock_occupancy_ramp_down"":17.862048100945245,""lock_occupancy_ramp_up"":17.862048100945245,""lock_occupancy_warm_hold"":0.7667137265159163,""lock_phase_provenance"":""PHASE_RESOLVED"",""lock_proxy_method"":""residue_lock_region_mask_v2:lock_atoms=1:total_atoms=123:phase_lock=PHASE_RESOLVED:steric_volume_proxy=20A3_per_atom"",""lock_steric_volume_angstrom3"":20.0,""lock_voxel_indices"":""[261637]"",""oracle_mode"":""validated_o3a_zmatrix_corpus_lookup"",""pi_clash_lock"":1.9494535343229518,""pi_clash_lock_cold_hold"":34.95738247537457,""pi_clash_lock_cold_return"":36.7052515991433,""pi_clash_lock_ramp_down"":17.862048100945245,""pi_clash_lock_ramp_up"":17.862048100945245,""pi_clash_lock_warm_hold"":0.7667137265159163,""pi_clash_pocket"":1.9336043185967489,""rust_reward_authority"":true,""selected_dihedral_deg"":120.0,""survival_tier"":""normal""}",PHASE_RESOLVED,0.0,0.0,0.0,0.0,0.0,true,9.015849215726202,NOT_REQUESTED,true,true,PROJECTED,policy_generated_not_validated
64,exploration-000064,ANCHOR_098532,Nc1cc(F)c(NC2CCC(O)CC2)c(F)c1,2.0,exploration,240.0,0.0,0.0,1.0,0.0,0.0,0.0,0.0,1.0,0.0,0.19923044158243278,1.0986122886681098,best_rotamer_rank_proxy,-10.175446510314941,11.184712409973145,9.014715825921112,3.0,1.8983415438234617,1.8836257179023495,1.8983415438234617,0.0,31.07760204954472,15.927409351910564,0.7772166542764083,15.927409351910564,32.63148215202196,1.8983415438234617,1.0,[225065],31.07760204954472,15.927409351910564,0.7772166542764083,15.927409351910564,32.63148215202196,0.0,20.0,6.0,0.0,0,0,normal,180.0,"{""adjusted_pi_clash"":1.8983415438234617,""consensus_complement_bonus"":0.0,""cryptic_bonus"":6.0,""fragment_pi_complement"":3.0,""intracellular_penetration_depth_angstrom"":0.0,""lock_geometry_atom_count"":1,""lock_geometry_score"":1.8983415438234617,""lock_occupancy_cold_hold"":31.07760204954472,""lock_occupancy_cold_return"":32.63148215202196,""lock_occupancy_ramp_down"":15.927409351910564,""lock_occupancy_ramp_up"":15.927409351910564,""lock_occupancy_warm_hold"":0.7772166542764083,""lock_phase_provenance"":""PHASE_RESOLVED"",""lock_proxy_method"":""residue_lock_region_mask_v2:lock_atoms=1:total_atoms=129:phase_lock=PHASE_RESOLVED:steric_volume_proxy=20A3_per_atom"",""lock_steric_volume_angstrom3"":20.0,""lock_voxel_indices"":""[225065]"",""oracle_mode"":""validated_o3a_zmatrix_corpus_lookup"",""pi_clash_lock"":1.8983415438234617,""pi_clash_lock_cold_hold"":31.07760204954472,""pi_clash_lock_cold_return"":32.63148215202196,""pi_clash_lock_ramp_down"":15.927409351910564,""pi_clash_lock_ramp_up"":15.927409351910564,""pi_clash_lock_warm_hold"":0.7772166542764083,""pi_clash_pocket"":1.8836257179023495,""rust_reward_authority"":true,""selected_dihedral_deg"":180.0,""survival_tier"":""normal""}",PHASE_RESOLVED,0.0,0.0,0.0,0.0,0.0,true,9.014715825921112,NOT_REQUESTED,true,true,PROJECTED,policy_generated_not_validated
65,exploration-000694,ANCHOR_088174,N#Cc1ccc(-c2ccc3c(c2)C(=O)C(=O)N3)cc1,2.0,exploration,240.0,0.0,0.0,1.0,0.0,0.0,0.0,0.0,1.0,0.0,0.2122060743113277,1.0986122886681098,best_rotamer_rank_proxy,-11.659131050109863,11.184712409973145,9.01230442215622,3.0,1.5134439252151504,1.5011395030589296,1.5134439252151504,0.0,35.32189531143456,18.049556807704047,0.7772183039735361,18.04955680770405,37.08799007700629,1.5134439252151504,1.0,[243303],35.32189531143456,18.049556807704047,0.7772183039735361,18.04955680770405,37.08799007700629,0.0,20.0,6.0,0.0,0,0,normal,240.0,"{""adjusted_pi_clash"":1.5134439252151504,""consensus_complement_bonus"":0.0,""cryptic_bonus"":6.0,""fragment_pi_complement"":3.0,""intracellular_penetration_depth_angstrom"":0.0,""lock_geometry_atom_count"":1,""lock_geometry_score"":1.5134439252151504,""lock_occupancy_cold_hold"":35.32189531143456,""lock_occupancy_cold_return"":37.08799007700629,""lock_occupancy_ramp_down"":18.04955680770405,""lock_occupancy_ramp_up"":18.049556807704047,""lock_occupancy_warm_hold"":0.7772183039735361,""lock_phase_provenance"":""PHASE_RESOLVED"",""lock_proxy_method"":""residue_lock_region_mask_v2:lock_atoms=1:total_atoms=123:phase_lock=PHASE_RESOLVED:steric_volume_proxy=20A3_per_atom"",""lock_steric_volume_angstrom3"":20.0,""lock_voxel_indices"":""[243303]"",""oracle_mode"":""validated_o3a_zmatrix_corpus_lookup"",""pi_clash_lock"":1.5134439252151504,""pi_clash_lock_cold_hold"":35.32189531143456,""pi_clash_lock_cold_return"":37.08799007700629,""pi_clash_lock_ramp_down"":18.04955680770405,""pi_clash_lock_ramp_up"":18.049556807704047,""pi_clash_lock_warm_hold"":0.7772183039735361,""pi_clash_pocket"":1.5011395030589296,""rust_reward_authority"":true,""selected_dihedral_deg"":240.0,""survival_tier"":""normal""}",PHASE_RESOLVED,0.0,0.0,0.0,0.0,0.0,true,9.01230442215622,NOT_REQUESTED,true,true,PROJECTED,policy_generated_not_validated
66,exploration-001888,ANCHOR_091986,NCC[C@@H]1CCN(c2cccc3[nH]ccc23)C1,2.0,exploration,180.0,0.0,0.0,1.0,0.0,0.0,0.0,0.0,1.0,0.0,0.1805265691407301,0.6931471805599453,best_rotamer_rank_proxy,-11.823580741882324,11.184308052062988,9.011997513317441,3.0,1.583671757902156,1.5716742445847154,1.583671757902156,0.0,31.138895860995895,16.013196628378736,0.8874973957615744,16.013196628378736,32.69584065404569,1.583671757902156,1.0,[225159],31.138895860995895,16.013196628378736,0.8874973957615744,16.013196628378736,32.69584065404569,0.0,20.0,6.0,0.0,0,0,normal,180.0,"{""adjusted_pi_clash"":1.583671757902156,""consensus_complement_bonus"":0.0,""cryptic_bonus"":6.0,""fragment_pi_complement"":3.0,""intracellular_penetration_depth_angstrom"":0.0,""lock_geometry_atom_count"":1,""lock_geometry_score"":1.583671757902156,""lock_occupancy_cold_hold"":31.138895860995895,""lock_occupancy_cold_return"":32.69584065404569,""lock_occupancy_ramp_down"":16.013196628378736,""lock_occupancy_ramp_up"":16.013196628378736,""lock_occupancy_warm_hold"":0.8874973957615744,""lock_phase_provenance"":""PHASE_RESOLVED"",""lock_proxy_method"":""residue_lock_region_mask_v2:lock_atoms=1:total_atoms=132:phase_lock=PHASE_RESOLVED:steric_volume_proxy=20A3_per_atom"",""lock_steric_volume_angstrom3"":20.0,""lock_voxel_indices"":""[225159]"",""oracle_mode"":""validated_o3a_zmatrix_corpus_lookup"",""pi_clash_lock"":1.583671757902156,""pi_clash_lock_cold_hold"":31.138895860995895,""pi_clash_lock_cold_return"":32.69584065404569,""pi_clash_lock_ramp_down"":16.013196628378736,""pi_clash_lock_ramp_up"":16.013196628378736,""pi_clash_lock_warm_hold"":0.8874973957615744,""pi_clash_pocket"":1.5716742445847154,""rust_reward_authority"":true,""selected_dihedral_deg"":180.0,""survival_tier"":""normal""}",PHASE_RESOLVED,0.0,0.0,0.0,0.0,0.0,true,9.011997513317441,NOT_REQUESTED,true,true,PROJECTED,policy_generated_not_validated
67,exploration-000006,ANCHOR_090712,NC1CC(NC(=O)Nc2ccc(F)cc2)C1,2.0,exploration,0.0,0.0,0.0,1.0,0.0,0.0,0.0,0.0,1.0,0.0,0.23465078748762608,-0.0,best_rotamer_rank_proxy,-11.42369556427002,11.184309005737305,8.974709869121135,3.0,1.9639742882716196,1.9172129956937238,5.891922864814859,0.0,98.53312036284765,50.5374163719424,2.541712381037145,50.5374163719424,103.45977638099004,5.891922864814859,3.0,"[279873,288897,289089]",98.53312036284765,50.5374163719424,2.541712381037145,50.5374163719424,103.45977638099004,0.0,60.0,2.0,0.0,0,0,normal,120.0,"{""adjusted_pi_clash"":1.9639742882716196,""consensus_complement_bonus"":0.0,""cryptic_bonus"":2.0,""fragment_pi_complement"":3.0,""intracellular_penetration_depth_angstrom"":0.0,""lock_geometry_atom_count"":3,""lock_geometry_score"":5.891922864814859,""lock_occupancy_cold_hold"":98.53312036284765,""lock_occupancy_cold_return"":103.45977638099004,""lock_occupancy_ramp_down"":50.5374163719424,""lock_occupancy_ramp_up"":50.5374163719424,""lock_occupancy_warm_hold"":2.541712381037145,""lock_phase_provenance"":""PHASE_RESOLVED"",""lock_proxy_method"":""residue_lock_region_mask_v2:lock_atoms=3:total_atoms=126:phase_lock=PHASE_RESOLVED:steric_volume_proxy=20A3_per_atom"",""lock_steric_volume_angstrom3"":60.0,""lock_voxel_indices"":""[279873,288897,289089]"",""oracle_mode"":""validated_o3a_zmatrix_corpus_lookup"",""pi_clash_lock"":5.891922864814859,""pi_clash_lock_cold_hold"":98.53312036284765,""pi_clash_lock_cold_return"":103.45977638099004,""pi_clash_lock_ramp_down"":50.5374163719424,""pi_clash_lock_ramp_up"":50.5374163719424,""pi_clash_lock_warm_hold"":2.541712381037145,""pi_clash_pocket"":1.9172129956937238,""rust_reward_authority"":true,""selected_dihedral_deg"":120.0,""survival_tier"":""normal""}",PHASE_RESOLVED,0.0,0.0,0.0,0.0,0.0,true,8.974709869121135,NOT_REQUESTED,true,true,PROJECTED,policy_generated_not_validated
68,focused-001352,ANCHOR_113566,c1cc2c(cc1[C@H]1CNCCN1C1CC1)CCO2,0.5,focused,120.0,0.0,0.0,1.0,0.0,0.0,0.0,0.0,1.0,0.0,0.1433982993179411,0.40546510810816444,best_rotamer_rank_proxy,-10.345300674438477,10.170233726501465,8.963266701333282,3.0,1.9343951321960264,1.9055235630587721,3.868790264392053,0.0,61.77811198296163,31.666272645757225,1.5544333085528166,31.666272645757225,64.86701758210971,3.868790264392053,2.0,"[270755,270850]",61.77811198296163,31.666272645757225,1.5544333085528166,31.666272645757225,64.86701758210971,0.0,40.0,4.0,0.0,0,0,normal,180.0,"{""adjusted_pi_clash"":1.9343951321960264,""consensus_complement_bonus"":0.0,""cryptic_bonus"":4.0,""fragment_pi_complement"":3.0,""intracellular_penetration_depth_angstrom"":0.0,""lock_geometry_atom_count"":2,""lock_geometry_score"":3.868790264392053,""lock_occupancy_cold_hold"":61.77811198296163,""lock_occupancy_cold_return"":64.86701758210971,""lock_occupancy_ramp_down"":31.666272645757225,""lock_occupancy_ramp_up"":31.666272645757225,""lock_occupancy_warm_hold"":1.5544333085528166,""lock_phase_provenance"":""PHASE_RESOLVED"",""lock_proxy_method"":""residue_lock_region_mask_v2:lock_atoms=2:total_atoms=134:phase_lock=PHASE_RESOLVED:steric_volume_proxy=20A3_per_atom"",""lock_steric_volume_angstrom3"":40.0,""lock_voxel_indices"":""[270755,270850]"",""oracle_mode"":""validated_o3a_zmatrix_corpus_lookup"",""pi_clash_lock"":3.868790264392053,""pi_clash_lock_cold_hold"":61.77811198296163,""pi_clash_lock_cold_return"":64.86701758210971,""pi_clash_lock_ramp_down"":31.666272645757225,""pi_clash_lock_ramp_up"":31.666272645757225,""pi_clash_lock_warm_hold"":1.5544333085528166,""pi_clash_pocket"":1.9055235630587721,""rust_reward_authority"":true,""selected_dihedral_deg"":180.0,""survival_tier"":""normal""}",PHASE_RESOLVED,0.0,0.0,0.0,0.0,0.0,true,8.963266701333282,NOT_REQUESTED,true,true,PROJECTED,policy_generated_not_validated
69,focused-000553,ANCHOR_087731,N#C[C@H]1C[C@@H]1c1ccc2c(c1)OCCO2,0.5,focused,300.0,0.0,0.0,1.0,0.0,0.0,0.0,0.0,1.0,0.0,0.12622722584379495,1.791759469228055,best_rotamer_rank_proxy,-9.708477020263672,10.170234680175781,8.828929186586507,2.0,2.3851391124030514,2.3264881506226485,7.155417337209155,0.0,93.19284943142114,47.7517495257123,2.3106496200034488,47.751749525712285,97.8524919029922,7.155417337209155,3.0,"[261542,261638,270758]",93.19284943142114,47.7517495257123,2.3106496200034488,47.751749525712285,97.8524919029922,0.0,60.0,2.0,0.0,0,0,normal,240.0,"{""adjusted_pi_clash"":2.3851391124030514,""consensus_complement_bonus"":0.0,""cryptic_bonus"":2.0,""fragment_pi_complement"":2.0,""intracellular_penetration_depth_angstrom"":0.0,""lock_geometry_atom_count"":3,""lock_geometry_score"":7.155417337209155,""lock_occupancy_cold_hold"":93.19284943142114,""lock_occupancy_cold_return"":97.8524919029922,""lock_occupancy_ramp_down"":47.751749525712285,""lock_occupancy_ramp_up"":47.7517495257123,""lock_occupancy_warm_hold"":2.3106496200034488,""lock_phase_provenance"":""PHASE_RESOLVED"",""lock_proxy_method"":""residue_lock_region_mask_v2:lock_atoms=3:total_atoms=122:phase_lock=PHASE_RESOLVED:steric_volume_proxy=20A3_per_atom"",""lock_steric_volume_angstrom3"":60.0,""lock_voxel_indices"":""[261542,261638,270758]"",""oracle_mode"":""validated_o3a_zmatrix_corpus_lookup"",""pi_clash_lock"":7.155417337209155,""pi_clash_lock_cold_hold"":93.19284943142114,""pi_clash_lock_cold_return"":97.8524919029922,""pi_clash_lock_ramp_down"":47.751749525712285,""pi_clash_lock_ramp_up"":47.7517495257123,""pi_clash_lock_warm_hold"":2.3106496200034488,""pi_clash_pocket"":2.3264881506226485,""rust_reward_authority"":true,""selected_dihedral_deg"":240.0,""survival_tier"":""normal""}",PHASE_RESOLVED,0.0,0.0,0.0,0.0,0.0,true,8.828929186586507,NOT_REQUESTED,true,true,PROJECTED,policy_generated_not_validated
70,near_random-001631,ANCHOR_082264,Cc1nn(C(C)(C)C)c2c1[C@@H](CCN)CCC2,5.0,near_random,300.0,0.0,0.0,1.0,0.0,0.0,0.0,0.0,1.0,0.0,0.11745709287268775,1.791759469228055,best_rotamer_rank_proxy,-11.458089828491211,11.235593795776367,8.622957814387483,2.0,2.5854869884676632,2.5480161625478424,5.1709739769353265,0.0,69.08379132041819,35.3217391530761,1.5596869857340145,35.321739153076095,72.5379808864391,5.1709739769353265,2.0,"[233993,243208]",69.08379132041819,35.3217391530761,1.5596869857340145,35.321739153076095,72.5379808864391,0.0,40.0,4.0,0.0,0,0,cryptic_rescue,120.0,"{""adjusted_pi_clash"":2.5854869884676632,""consensus_complement_bonus"":0.0,""cryptic_bonus"":4.0,""fragment_pi_complement"":2.0,""intracellular_penetration_depth_angstrom"":0.0,""lock_geometry_atom_count"":2,""lock_geometry_score"":5.1709739769353265,""lock_occupancy_cold_hold"":69.08379132041819,""lock_occupancy_cold_return"":72.5379808864391,""lock_occupancy_ramp_down"":35.321739153076095,""lock_occupancy_ramp_up"":35.3217391530761,""lock_occupancy_warm_hold"":1.5596869857340145,""lock_phase_provenance"":""PHASE_RESOLVED"",""lock_proxy_method"":""residue_lock_region_mask_v2:lock_atoms=2:total_atoms=138:phase_lock=PHASE_RESOLVED:steric_volume_proxy=20A3_per_atom"",""lock_steric_volume_angstrom3"":40.0,""lock_voxel_indices"":""[233993,243208]"",""oracle_mode"":""validated_o3a_zmatrix_corpus_lookup"",""pi_clash_lock"":5.1709739769353265,""pi_clash_lock_cold_hold"":69.08379132041819,""pi_clash_lock_cold_return"":72.5379808864391,""pi_clash_lock_ramp_down"":35.321739153076095,""pi_clash_lock_ramp_up"":35.3217391530761,""pi_clash_lock_warm_hold"":1.5596869857340145,""pi_clash_pocket"":2.5480161625478424,""rust_reward_authority"":true,""selected_dihedral_deg"":120.0,""survival_tier"":""cryptic_rescue""}",PHASE_RESOLVED,0.0,0.0,0.0,0.0,0.0,true,8.622957814387483,NOT_REQUESTED,true,true,PROJECTED,policy_generated_not_validated
71,balanced-001063,ANCHOR_063236,Cc1c([C@@H](CN)C2CCCC2)[nH]c2nccn12,1.0,balanced,240.0,0.0,0.0,1.0,0.0,0.0,0.0,0.0,1.0,0.0,0.16122058762129943,1.0986122886681098,best_rotamer_rank_proxy,-11.84721565246582,10.991869926452637,8.584650585121295,3.0,1.5611742801565347,1.5376979751917748,3.1223485603130694,0.0,62.3983485493013,32.01315117608878,1.6279538028762606,32.01315117608878,65.51826597676637,3.1223485603130694,2.0,"[234278,243398]",62.3983485493013,32.01315117608878,1.6279538028762606,32.01315117608878,65.51826597676637,0.0,40.0,4.0,0.0,0,0,normal,120.0,"{""adjusted_pi_clash"":1.5611742801565347,""consensus_complement_bonus"":0.0,""cryptic_bonus"":4.0,""fragment_pi_complement"":3.0,""intracellular_penetration_depth_angstrom"":0.0,""lock_geometry_atom_count"":2,""lock_geometry_score"":3.1223485603130694,""lock_occupancy_cold_hold"":62.3983485493013,""lock_occupancy_cold_return"":65.51826597676637,""lock_occupancy_ramp_down"":32.01315117608878,""lock_occupancy_ramp_up"":32.01315117608878,""lock_occupancy_warm_hold"":1.6279538028762606,""lock_phase_provenance"":""PHASE_RESOLVED"",""lock_proxy_method"":""residue_lock_region_mask_v2:lock_atoms=2:total_atoms=133:phase_lock=PHASE_RESOLVED:steric_volume_proxy=20A3_per_atom"",""lock_steric_volume_angstrom3"":40.0,""lock_voxel_indices"":""[234278,243398]"",""oracle_mode"":""validated_o3a_zmatrix_corpus_lookup"",""pi_clash_lock"":3.1223485603130694,""pi_clash_lock_cold_hold"":62.3983485493013,""pi_clash_lock_cold_return"":65.51826597676637,""pi_clash_lock_ramp_down"":32.01315117608878,""pi_clash_lock_ramp_up"":32.01315117608878,""pi_clash_lock_warm_hold"":1.6279538028762606,""pi_clash_pocket"":1.5376979751917748,""rust_reward_authority"":true,""selected_dihedral_deg"":120.0,""survival_tier"":""normal""}",PHASE_RESOLVED,0.0,0.0,0.0,0.0,0.0,true,8.584650585121295,NOT_REQUESTED,true,true,PROJECTED,policy_generated_not_validated
72,exploration-001138,ANCHOR_055829,C[C@H](CN)C(=O)N1CCN2CCCC[C@@H]2C1,2.0,exploration,120.0,0.0,0.0,1.0,0.0,0.0,0.0,0.0,1.0,0.0,0.1648287128884882,0.40546510810816444,best_rotamer_rank_proxy,-11.442487716674805,11.184308052062988,8.516074525431918,3.0,1.4939420506080938,1.4718095757842702,2.9878841012161876,0.0,62.03211459686492,31.79327395270887,1.5544333085528166,31.79327395270887,65.13372032670817,2.9878841012161876,2.0,"[252517,261730]",62.03211459686492,31.79327395270887,1.5544333085528166,31.79327395270887,65.13372032670817,0.0,40.0,4.0,0.0,0,0,normal,120.0,"{""adjusted_pi_clash"":1.4939420506080938,""consensus_complement_bonus"":0.0,""cryptic_bonus"":4.0,""fragment_pi_complement"":3.0,""intracellular_penetration_depth_angstrom"":0.0,""lock_geometry_atom_count"":2,""lock_geometry_score"":2.9878841012161876,""lock_occupancy_cold_hold"":62.03211459686492,""lock_occupancy_cold_return"":65.13372032670817,""lock_occupancy_ramp_down"":31.79327395270887,""lock_occupancy_ramp_up"":31.79327395270887,""lock_occupancy_warm_hold"":1.5544333085528166,""lock_phase_provenance"":""PHASE_RESOLVED"",""lock_proxy_method"":""residue_lock_region_mask_v2:lock_atoms=2:total_atoms=135:phase_lock=PHASE_RESOLVED:steric_volume_proxy=20A3_per_atom"",""lock_steric_volume_angstrom3"":40.0,""lock_voxel_indices"":""[252517,261730]"",""oracle_mode"":""validated_o3a_zmatrix_corpus_lookup"",""pi_clash_lock"":2.9878841012161876,""pi_clash_lock_cold_hold"":62.03211459686492,""pi_clash_lock_cold_return"":65.13372032670817,""pi_clash_lock_ramp_down"":31.79327395270887,""pi_clash_lock_ramp_up"":31.79327395270887,""pi_clash_lock_warm_hold"":1.5544333085528166,""pi_clash_pocket"":1.4718095757842702,""rust_reward_authority"":true,""selected_dihedral_deg"":120.0,""survival_tier"":""normal""}",PHASE_RESOLVED,0.0,0.0,0.0,0.0,0.0,true,8.516074525431918,NOT_REQUESTED,true,true,PROJECTED,policy_generated_not_validated
73,exploration-001068,ANCHOR_048091,C[C@@H](C#N)C(=O)N[C@H]1CCOc2ccccc21,2.0,exploration,300.0,0.0,0.0,1.0,0.0,0.0,0.0,0.0,1.0,0.0,0.1801005289439232,1.791759469228055,best_rotamer_rank_proxy,-11.638489723205566,11.184308052062988,8.310934205305395,2.0,1.4220484261656758,1.3772594993573082,5.688193704662703,0.0,124.05188878981991,63.572502439141445,3.093116088462975,63.572502439141445,130.25448322931092,5.688193704662703,4.0,"[261636,270756,270852]",124.05188878981991,63.572502439141445,3.093116088462975,63.572502439141445,130.25448322931092,0.0,80.0,2.0,0.0,0,0,normal,180.0,"{""adjusted_pi_clash"":1.4220484261656758,""consensus_complement_bonus"":0.0,""cryptic_bonus"":2.0,""fragment_pi_complement"":2.0,""intracellular_penetration_depth_angstrom"":0.0,""lock_geometry_atom_count"":4,""lock_geometry_score"":5.688193704662703,""lock_occupancy_cold_hold"":124.05188878981991,""lock_occupancy_cold_return"":130.25448322931092,""lock_occupancy_ramp_down"":63.572502439141445,""lock_occupancy_ramp_up"":63.572502439141445,""lock_occupancy_warm_hold"":3.093116088462975,""lock_phase_provenance"":""PHASE_RESOLVED"",""lock_proxy_method"":""residue_lock_region_mask_v2:lock_atoms=4:total_atoms=127:phase_lock=PHASE_RESOLVED:steric_volume_proxy=20A3_per_atom"",""lock_steric_volume_angstrom3"":80.0,""lock_voxel_indices"":""[261636,270756,270852]"",""oracle_mode"":""validated_o3a_zmatrix_corpus_lookup"",""pi_clash_lock"":5.688193704662703,""pi_clash_lock_cold_hold"":124.05188878981991,""pi_clash_lock_cold_return"":130.25448322931092,""pi_clash_lock_ramp_down"":63.572502439141445,""pi_clash_lock_ramp_up"":63.572502439141445,""pi_clash_lock_warm_hold"":3.093116088462975,""pi_clash_pocket"":1.3772594993573082,""rust_reward_authority"":true,""selected_dihedral_deg"":180.0,""survival_tier"":""normal""}",PHASE_RESOLVED,0.0,0.0,0.0,0.0,0.0,true,8.310934205305395,NOT_REQUESTED,true,true,PROJECTED,policy_generated_not_validated
74,balanced-000768,ANCHOR_055186,C[C@H](C#N)N1CCC([C@H](O)c2ccccc2)CC1,1.0,balanced,240.0,0.0,0.0,1.0,0.0,0.0,0.0,0.0,1.0,0.0,0.147074071287985,1.0986122886681098,best_rotamer_rank_proxy,-10.991823196411133,10.990138053894043,8.137008477051042,2.0,1.0246934120607014,0.9864585832524663,5.123467060303507,0.0,173.5950341926358,88.86659468998339,4.138155187330977,88.8665946899834,182.2747859022676,5.123467060303507,5.0,"[243203,252419,252515,261443,261539]",173.5950341926358,88.86659468998339,4.138155187330977,88.8665946899834,182.2747859022676,0.0,100.0,2.0,0.0,0,0,normal,240.0,"{""adjusted_pi_clash"":1.0246934120607014,""consensus_complement_bonus"":0.0,""cryptic_bonus"":2.0,""fragment_pi_complement"":2.0,""intracellular_penetration_depth_angstrom"":0.0,""lock_geometry_atom_count"":5,""lock_geometry_score"":5.123467060303507,""lock_occupancy_cold_hold"":173.5950341926358,""lock_occupancy_cold_return"":182.2747859022676,""lock_occupancy_ramp_down"":88.8665946899834,""lock_occupancy_ramp_up"":88.86659468998339,""lock_occupancy_warm_hold"":4.138155187330977,""lock_phase_provenance"":""PHASE_RESOLVED"",""lock_proxy_method"":""residue_lock_region_mask_v2:lock_atoms=5:total_atoms=134:phase_lock=PHASE_RESOLVED:steric_volume_proxy=20A3_per_atom"",""lock_steric_volume_angstrom3"":100.0,""lock_voxel_indices"":""[243203,252419,252515,261443,261539]"",""oracle_mode"":""validated_o3a_zmatrix_corpus_lookup"",""pi_clash_lock"":5.123467060303507,""pi_clash_lock_cold_hold"":173.5950341926358,""pi_clash_lock_cold_return"":182.2747859022676,""pi_clash_lock_ramp_down"":88.8665946899834,""pi_clash_lock_ramp_up"":88.86659468998339,""pi_clash_lock_warm_hold"":4.138155187330977,""pi_clash_pocket"":0.9864585832524663,""rust_reward_authority"":true,""selected_dihedral_deg"":240.0,""survival_tier"":""normal""}",PHASE_RESOLVED,0.0,0.0,0.0,0.0,0.0,true,8.137008477051042,NOT_REQUESTED,true,true,PROJECTED,policy_generated_not_validated
75,near_random-000786,ANCHOR_055843,C[C@H](CN)C(=O)Nc1cccc(Cl)c1Cl,5.0,near_random,60.0,0.0,0.0,1.0,0.0,0.0,0.0,0.0,1.0,0.0,0.2041650916077963,0.1823215567939546,best_rotamer_rank_proxy,-10.989917755126953,11.235594749450684,8.033972999795656,3.0,1.4987095541159268,1.4621556625521237,4.496128662347781,0.0,98.12665189853543,50.22915714790143,2.3316623972674355,50.22915714790143,103.03298449346221,4.496128662347781,3.0,"[252513,261730,270848]",98.12665189853543,50.22915714790143,2.3316623972674355,50.22915714790143,103.03298449346221,0.0,60.0,2.0,0.0,0,0,normal,60.0,"{""adjusted_pi_clash"":1.4987095541159268,""consensus_complement_bonus"":0.0,""cryptic_bonus"":2.0,""fragment_pi_complement"":3.0,""intracellular_penetration_depth_angstrom"":0.0,""lock_geometry_atom_count"":3,""lock_geometry_score"":4.496128662347781,""lock_occupancy_cold_hold"":98.12665189853543,""lock_occupancy_cold_return"":103.03298449346221,""lock_occupancy_ramp_down"":50.22915714790143,""lock_occupancy_ramp_up"":50.22915714790143,""lock_occupancy_warm_hold"":2.3316623972674355,""lock_phase_provenance"":""PHASE_RESOLVED"",""lock_proxy_method"":""residue_lock_region_mask_v2:lock_atoms=3:total_atoms=123:phase_lock=PHASE_RESOLVED:steric_volume_proxy=20A3_per_atom"",""lock_steric_volume_angstrom3"":60.0,""lock_voxel_indices"":""[252513,261730,270848]"",""oracle_mode"":""validated_o3a_zmatrix_corpus_lookup"",""pi_clash_lock"":4.496128662347781,""pi_clash_lock_cold_hold"":98.12665189853543,""pi_clash_lock_cold_return"":103.03298449346221,""pi_clash_lock_ramp_down"":50.22915714790143,""pi_clash_lock_ramp_up"":50.22915714790143,""pi_clash_lock_warm_hold"":2.3316623972674355,""pi_clash_pocket"":1.4621556625521237,""rust_reward_authority"":true,""selected_dihedral_deg"":60.0,""survival_tier"":""normal""}",PHASE_RESOLVED,0.0,0.0,0.0,0.0,0.0,true,8.033972999795656,NOT_REQUESTED,true,true,PROJECTED,policy_generated_not_validated
76,near_random-001428,ANCHOR_023031,CCOc1cccc2c(C(N)=O)cc(C)nc12,5.0,near_random,60.0,0.0,0.0,1.0,0.0,0.0,0.0,0.0,1.0,0.0,0.21468041903890753,0.1823215567939546,best_rotamer_rank_proxy,-11.03261661529541,11.235527038574219,8.02486986366168,2.0,1.9934765324421178,1.9620832012225569,3.9869530648842355,0.0,68.36727559138211,34.960855274816026,1.5544349582499444,34.960855274816026,71.78563937095122,3.9869530648842355,2.0,"[243208,243303]",68.36727559138211,34.960855274816026,1.5544349582499444,34.960855274816026,71.78563937095122,0.0,40.0,4.0,0.0,0,0,normal,60.0,"{""adjusted_pi_clash"":1.9934765324421178,""consensus_complement_bonus"":0.0,""cryptic_bonus"":4.0,""fragment_pi_complement"":2.0,""intracellular_penetration_depth_angstrom"":0.0,""lock_geometry_atom_count"":2,""lock_geometry_score"":3.9869530648842355,""lock_occupancy_cold_hold"":68.36727559138211,""lock_occupancy_cold_return"":71.78563937095122,""lock_occupancy_ramp_down"":34.960855274816026,""lock_occupancy_ramp_up"":34.960855274816026,""lock_occupancy_warm_hold"":1.5544349582499444,""lock_phase_provenance"":""PHASE_RESOLVED"",""lock_proxy_method"":""residue_lock_region_mask_v2:lock_atoms=2:total_atoms=127:phase_lock=PHASE_RESOLVED:steric_volume_proxy=20A3_per_atom"",""lock_steric_volume_angstrom3"":40.0,""lock_voxel_indices"":""[243208,243303]"",""oracle_mode"":""validated_o3a_zmatrix_corpus_lookup"",""pi_clash_lock"":3.9869530648842355,""pi_clash_lock_cold_hold"":68.36727559138211,""pi_clash_lock_cold_return"":71.78563937095122,""pi_clash_lock_ramp_down"":34.960855274816026,""pi_clash_lock_ramp_up"":34.960855274816026,""pi_clash_lock_warm_hold"":1.5544349582499444,""pi_clash_pocket"":1.9620832012225569,""rust_reward_authority"":true,""selected_dihedral_deg"":60.0,""survival_tier"":""normal""}",PHASE_RESOLVED,0.0,0.0,0.0,0.0,0.0,true,8.02486986366168,NOT_REQUESTED,true,true,PROJECTED,policy_generated_not_validated
77,near_random-000420,ANCHOR_100737,O=C(Cc1ccc(F)cc1)[C@H]1CCCNC1,5.0,near_random,0.0,0.0,0.0,1.0,0.0,0.0,0.0,0.0,1.0,0.0,0.1605206928215921,-0.0,best_rotamer_rank_proxy,-12.211956024169922,11.235526084899902,8.022536512454977,4.0,2.8846735942370754,2.862137081782098,2.8846735942370754,0.0,30.092990956631823,15.445606733214607,0.7982225097973923,15.445606733214609,31.597640504463417,2.8846735942370754,1.0,[261543],30.092990956631823,15.445606733214607,0.7982225097973923,15.445606733214609,31.597640504463417,0.0,20.0,4.0,0.0,0,0,cryptic_rescue,300.0,"{""adjusted_pi_clash"":2.8846735942370754,""consensus_complement_bonus"":0.0,""cryptic_bonus"":4.0,""fragment_pi_complement"":4.0,""intracellular_penetration_depth_angstrom"":0.0,""lock_geometry_atom_count"":1,""lock_geometry_score"":2.8846735942370754,""lock_occupancy_cold_hold"":30.092990956631823,""lock_occupancy_cold_return"":31.597640504463417,""lock_occupancy_ramp_down"":15.445606733214609,""lock_occupancy_ramp_up"":15.445606733214607,""lock_occupancy_warm_hold"":0.7982225097973923,""lock_phase_provenance"":""PHASE_RESOLVED"",""lock_proxy_method"":""residue_lock_region_mask_v2:lock_atoms=1:total_atoms=128:phase_lock=PHASE_RESOLVED:steric_volume_proxy=20A3_per_atom"",""lock_steric_volume_angstrom3"":20.0,""lock_voxel_indices"":""[261543]"",""oracle_mode"":""validated_o3a_zmatrix_corpus_lookup"",""pi_clash_lock"":2.8846735942370754,""pi_clash_lock_cold_hold"":30.092990956631823,""pi_clash_lock_cold_return"":31.597640504463417,""pi_clash_lock_ramp_down"":15.445606733214609,""pi_clash_lock_ramp_up"":15.445606733214607,""pi_clash_lock_warm_hold"":0.7982225097973923,""pi_clash_pocket"":2.862137081782098,""rust_reward_authority"":true,""selected_dihedral_deg"":300.0,""survival_tier"":""cryptic_rescue""}",PHASE_RESOLVED,0.0,0.0,0.0,0.0,0.0,true,8.022536512454977,NOT_REQUESTED,true,true,PROJECTED,policy_generated_not_validated
78,balanced-000021,ANCHOR_056507,C[C@H](N)CN(C(N)=O)c1n[nH]c2ccccc12,1.0,balanced,240.0,0.0,0.0,1.0,0.0,0.0,0.0,0.0,1.0,0.0,0.26762499441974796,1.0986122886681098,best_rotamer_rank_proxy,-10.476983070373535,10.99013900756836,8.01851625554903,4.0,2.370080710276126,2.351564454727094,2.370080710276126,0.0,30.73036965074505,15.753794802207857,0.7772199536706641,15.753794802207858,32.26688813328231,2.370080710276126,1.0,[261638],30.73036965074505,15.753794802207857,0.7772199536706641,15.753794802207858,32.26688813328231,0.0,20.0,4.0,0.0,0,0,normal,240.0,"{""adjusted_pi_clash"":2.370080710276126,""consensus_complement_bonus"":0.0,""cryptic_bonus"":4.0,""fragment_pi_complement"":4.0,""intracellular_penetration_depth_angstrom"":0.0,""lock_geometry_atom_count"":1,""lock_geometry_score"":2.370080710276126,""lock_occupancy_cold_hold"":30.73036965074505,""lock_occupancy_cold_return"":32.26688813328231,""lock_occupancy_ramp_down"":15.753794802207858,""lock_occupancy_ramp_up"":15.753794802207857,""lock_occupancy_warm_hold"":0.7772199536706641,""lock_phase_provenance"":""PHASE_RESOLVED"",""lock_proxy_method"":""residue_lock_region_mask_v2:lock_atoms=1:total_atoms=128:phase_lock=PHASE_RESOLVED:steric_volume_proxy=20A3_per_atom"",""lock_steric_volume_angstrom3"":20.0,""lock_voxel_indices"":""[261638]"",""oracle_mode"":""validated_o3a_zmatrix_corpus_lookup"",""pi_clash_lock"":2.370080710276126,""pi_clash_lock_cold_hold"":30.73036965074505,""pi_clash_lock_cold_return"":32.26688813328231,""pi_clash_lock_ramp_down"":15.753794802207858,""pi_clash_lock_ramp_up"":15.753794802207857,""pi_clash_lock_warm_hold"":0.7772199536706641,""pi_clash_pocket"":2.351564454727094,""rust_reward_authority"":true,""selected_dihedral_deg"":240.0,""survival_tier"":""normal""}",PHASE_RESOLVED,0.0,0.0,0.0,0.0,0.0,true,8.01851625554903,NOT_REQUESTED,true,true,PROJECTED,policy_generated_not_validated
79,exploration-000981,ANCHOR_008984,CC(C)(C)c1ncc(C(N)=O)cc1OC1CC1,2.0,exploration,60.0,0.0,0.0,1.0,0.0,0.0,0.0,0.0,1.0,0.0,0.182405611185395,0.1823215567939546,best_rotamer_rank_proxy,-13.023225784301758,11.184712409973145,8.018481812136134,4.0,2.4211173898337237,2.4026355776975885,2.4211173898337237,0.0,31.286766990708557,16.02148889473199,0.7562107987554243,16.02148889473199,32.85110534024398,2.4211173898337237,1.0,[261542],31.286766990708557,16.02148889473199,0.7562107987554243,16.02148889473199,32.85110534024398,0.0,20.0,4.0,0.0,0,0,normal,60.0,"{""adjusted_pi_clash"":2.4211173898337237,""consensus_complement_bonus"":0.0,""cryptic_bonus"":4.0,""fragment_pi_complement"":4.0,""intracellular_penetration_depth_angstrom"":0.0,""lock_geometry_atom_count"":1,""lock_geometry_score"":2.4211173898337237,""lock_occupancy_cold_hold"":31.286766990708557,""lock_occupancy_cold_return"":32.85110534024398,""lock_occupancy_ramp_down"":16.02148889473199,""lock_occupancy_ramp_up"":16.02148889473199,""lock_occupancy_warm_hold"":0.7562107987554243,""lock_phase_provenance"":""PHASE_RESOLVED"",""lock_proxy_method"":""residue_lock_region_mask_v2:lock_atoms=1:total_atoms=131:phase_lock=PHASE_RESOLVED:steric_volume_proxy=20A3_per_atom"",""lock_steric_volume_angstrom3"":20.0,""lock_voxel_indices"":""[261542]"",""oracle_mode"":""validated_o3a_zmatrix_corpus_lookup"",""pi_clash_lock"":2.4211173898337237,""pi_clash_lock_cold_hold"":31.286766990708557,""pi_clash_lock_cold_return"":32.85110534024398,""pi_clash_lock_ramp_down"":16.02148889473199,""pi_clash_lock_ramp_up"":16.02148889473199,""pi_clash_lock_warm_hold"":0.7562107987554243,""pi_clash_pocket"":2.4026355776975885,""rust_reward_authority"":true,""selected_dihedral_deg"":60.0,""survival_tier"":""normal""}",PHASE_RESOLVED,0.0,0.0,0.0,0.0,0.0,true,8.018481812136134,NOT_REQUESTED,true,true,PROJECTED,policy_generated_not_validated
80,balanced-001525,ANCHOR_097593,N[C@H]1CC[C@H]2CN(Cc3ccccc3)C[C@H]2C1,1.0,balanced,60.0,0.0,0.0,1.0,0.0,0.0,0.0,0.0,1.0,0.0,0.1417962552135826,0.1823215567939546,best_rotamer_rank_proxy,-10.351244926452637,10.990138053894043,7.981983349678806,2.0,0.986362848085576,0.9498308907490732,4.9318142404278795,0.0,155.44330954353947,79.67520044187171,3.9070913402039773,79.67520044187174,163.21547502071644,4.9318142404278795,5.0,"[270661,270756,279875,279876,279970]",155.44330954353947,79.67520044187171,3.9070913402039773,79.67520044187174,163.21547502071644,0.0,100.0,2.0,0.0,0,0,normal,60.0,"{""adjusted_pi_clash"":0.986362848085576,""consensus_complement_bonus"":0.0,""cryptic_bonus"":2.0,""fragment_pi_complement"":2.0,""intracellular_penetration_depth_angstrom"":0.0,""lock_geometry_atom_count"":5,""lock_geometry_score"":4.9318142404278795,""lock_occupancy_cold_hold"":155.44330954353947,""lock_occupancy_cold_return"":163.21547502071644,""lock_occupancy_ramp_down"":79.67520044187174,""lock_occupancy_ramp_up"":79.67520044187171,""lock_occupancy_warm_hold"":3.9070913402039773,""lock_phase_provenance"":""PHASE_RESOLVED"",""lock_proxy_method"":""residue_lock_region_mask_v2:lock_atoms=5:total_atoms=135:phase_lock=PHASE_RESOLVED:steric_volume_proxy=20A3_per_atom"",""lock_steric_volume_angstrom3"":100.0,""lock_voxel_indices"":""[270661,270756,279875,279876,279970]"",""oracle_mode"":""validated_o3a_zmatrix_corpus_lookup"",""pi_clash_lock"":4.9318142404278795,""pi_clash_lock_cold_hold"":155.44330954353947,""pi_clash_lock_cold_return"":163.21547502071644,""pi_clash_lock_ramp_down"":79.67520044187174,""pi_clash_lock_ramp_up"":79.67520044187171,""pi_clash_lock_warm_hold"":3.9070913402039773,""pi_clash_pocket"":0.9498308907490732,""rust_reward_authority"":true,""selected_dihedral_deg"":60.0,""survival_tier"":""normal""}",PHASE_RESOLVED,0.0,0.0,0.0,0.0,0.0,true,7.981983349678806,NOT_REQUESTED,true,true,PROJECTED,policy_generated_not_validated
81,exploration-001843,ANCHOR_009360,CC(C)(N)CN1CCC(C(C)(C)C)CC1,2.0,exploration,240.0,0.0,0.0,1.0,0.0,0.0,0.0,0.0,1.0,0.0,0.11275557358887725,1.0986122886681098,best_rotamer_rank_proxy,-11.035527229309082,11.184712409973145,7.923346072799618,2.0,1.896064568220901,1.868783063642183,3.792129136441802,0.0,66.55914010818347,34.05678670836814,1.5544333085528166,34.05678670836814,69.88709711359265,3.792129136441802,2.0,"[261541,261635]",66.55914010818347,34.05678670836814,1.5544333085528166,34.05678670836814,69.88709711359265,0.0,40.0,4.0,0.0,0,0,normal,240.0,"{""adjusted_pi_clash"":1.896064568220901,""consensus_complement_bonus"":0.0,""cryptic_bonus"":4.0,""fragment_pi_complement"":2.0,""intracellular_penetration_depth_angstrom"":0.0,""lock_geometry_atom_count"":2,""lock_geometry_score"":3.792129136441802,""lock_occupancy_cold_hold"":66.55914010818347,""lock_occupancy_cold_return"":69.88709711359265,""lock_occupancy_ramp_down"":34.05678670836814,""lock_occupancy_ramp_up"":34.05678670836814,""lock_occupancy_warm_hold"":1.5544333085528166,""lock_phase_provenance"":""PHASE_RESOLVED"",""lock_proxy_method"":""residue_lock_region_mask_v2:lock_atoms=2:total_atoms=139:phase_lock=PHASE_RESOLVED:steric_volume_proxy=20A3_per_atom"",""lock_steric_volume_angstrom3"":40.0,""lock_voxel_indices"":""[261541,261635]"",""oracle_mode"":""validated_o3a_zmatrix_corpus_lookup"",""pi_clash_lock"":3.792129136441802,""pi_clash_lock_cold_hold"":66.55914010818347,""pi_clash_lock_cold_return"":69.88709711359265,""pi_clash_lock_ramp_down"":34.05678670836814,""pi_clash_lock_ramp_up"":34.05678670836814,""pi_clash_lock_warm_hold"":1.5544333085528166,""pi_clash_pocket"":1.868783063642183,""rust_reward_authority"":true,""selected_dihedral_deg"":240.0,""survival_tier"":""normal""}",PHASE_RESOLVED,0.0,0.0,0.0,0.0,0.0,true,7.923346072799618,NOT_REQUESTED,true,true,PROJECTED,policy_generated_not_validated
82,near_random-000382,ANCHOR_068550,Cc1ccc(-c2cc(C(=O)N(C)C)n[nH]2)s1,5.0,near_random,180.0,0.0,0.0,1.0,0.0,0.0,0.0,0.0,1.0,0.0,0.15950080479509623,0.6931471805599453,best_rotamer_rank_proxy,-11.709178924560547,11.235527038574219,7.7856669701895544,1.0,0.9480322841104505,0.9025267344731488,5.688193704662703,0.0,186.95919514892478,95.86114348622162,4.763091823518462,95.86114348622162,196.307154906371,5.688193704662703,6.0,"[233990,243206,243207,243398,252326,252518]",186.95919514892478,95.86114348622162,4.763091823518462,95.86114348622162,196.307154906371,0.0,120.0,2.0,0.0,0,0,cryptic_rescue,60.0,"{""adjusted_pi_clash"":0.9480322841104505,""consensus_complement_bonus"":0.0,""cryptic_bonus"":2.0,""fragment_pi_complement"":1.0,""intracellular_penetration_depth_angstrom"":0.0,""lock_geometry_atom_count"":6,""lock_geometry_score"":5.688193704662703,""lock_occupancy_cold_hold"":186.95919514892478,""lock_occupancy_cold_return"":196.307154906371,""lock_occupancy_ramp_down"":95.86114348622162,""lock_occupancy_ramp_up"":95.86114348622162,""lock_occupancy_warm_hold"":4.763091823518462,""lock_phase_provenance"":""PHASE_RESOLVED"",""lock_proxy_method"":""residue_lock_region_mask_v2:lock_atoms=6:total_atoms=125:phase_lock=PHASE_RESOLVED:steric_volume_proxy=20A3_per_atom"",""lock_steric_volume_angstrom3"":120.0,""lock_voxel_indices"":""[233990,243206,243207,243398,252326,252518]"",""oracle_mode"":""validated_o3a_zmatrix_corpus_lookup"",""pi_clash_lock"":5.688193704662703,""pi_clash_lock_cold_hold"":186.95919514892478,""pi_clash_lock_cold_return"":196.307154906371,""pi_clash_lock_ramp_down"":95.86114348622162,""pi_clash_lock_ramp_up"":95.86114348622162,""pi_clash_lock_warm_hold"":4.763091823518462,""pi_clash_pocket"":0.9025267344731488,""rust_reward_authority"":true,""selected_dihedral_deg"":60.0,""survival_tier"":""cryptic_rescue""}",PHASE_RESOLVED,0.0,0.0,0.0,0.0,0.0,true,7.7856669701895544,NOT_REQUESTED,true,true,PROJECTED,policy_generated_not_validated
83,near_random-001293,ANCHOR_056499,C[C@H](N)CCc1ccc2c(c1)OCCO2,5.0,near_random,120.0,0.0,0.0,1.0,0.0,0.0,0.0,0.0,1.0,0.0,0.1383689461799804,0.40546510810816444,best_rotamer_rank_proxy,-10.81756591796875,11.235689163208008,7.629599463768024,2.0,1.6045287027869772,1.5794579418059307,3.2090574055739545,0.0,62.15286329114948,31.90878867059373,1.6647140500379827,31.908788670593733,65.26050645570696,3.2090574055739545,2.0,"[225157,225159]",62.15286329114948,31.90878867059373,1.6647140500379827,31.908788670593733,65.26050645570696,0.0,40.0,4.0,0.0,0,0,normal,120.0,"{""adjusted_pi_clash"":1.6045287027869772,""consensus_complement_bonus"":0.0,""cryptic_bonus"":4.0,""fragment_pi_complement"":2.0,""intracellular_penetration_depth_angstrom"":0.0,""lock_geometry_atom_count"":2,""lock_geometry_score"":3.2090574055739545,""lock_occupancy_cold_hold"":62.15286329114948,""lock_occupancy_cold_return"":65.26050645570696,""lock_occupancy_ramp_down"":31.908788670593733,""lock_occupancy_ramp_up"":31.90878867059373,""lock_occupancy_warm_hold"":1.6647140500379827,""lock_phase_provenance"":""PHASE_RESOLVED"",""lock_proxy_method"":""residue_lock_region_mask_v2:lock_atoms=2:total_atoms=128:phase_lock=PHASE_RESOLVED:steric_volume_proxy=20A3_per_atom"",""lock_steric_volume_angstrom3"":40.0,""lock_voxel_indices"":""[225157,225159]"",""oracle_mode"":""validated_o3a_zmatrix_corpus_lookup"",""pi_clash_lock"":3.2090574055739545,""pi_clash_lock_cold_hold"":62.15286329114948,""pi_clash_lock_cold_return"":65.26050645570696,""pi_clash_lock_ramp_down"":31.908788670593733,""pi_clash_lock_ramp_up"":31.90878867059373,""pi_clash_lock_warm_hold"":1.6647140500379827,""pi_clash_pocket"":1.5794579418059307,""rust_reward_authority"":true,""selected_dihedral_deg"":120.0,""survival_tier"":""normal""}",PHASE_RESOLVED,0.0,0.0,0.0,0.0,0.0,true,7.629599463768024,NOT_REQUESTED,true,true,PROJECTED,policy_generated_not_validated
84,balanced-001298,ANCHOR_096843,N[C@H](Cc1ccc2c(c1)OCO2)C1CCCC1,1.0,balanced,120.0,0.0,0.0,1.0,0.0,0.0,0.0,0.0,1.0,0.0,0.13675332816179706,0.40546510810816444,best_rotamer_rank_proxy,-11.868157386779785,10.99013900756836,7.49067255493277,2.0,1.4684237108292955,1.4461748667258214,2.936847421658591,0.0,62.66188603129899,32.108159669925904,1.5544333085528166,32.108159669925904,65.79498033286394,2.936847421658591,2.0,"[234180,243492]",62.66188603129899,32.108159669925904,1.5544333085528166,32.108159669925904,65.79498033286394,0.0,40.0,4.0,0.0,0,0,normal,120.0,"{""adjusted_pi_clash"":1.4684237108292955,""consensus_complement_bonus"":0.0,""cryptic_bonus"":4.0,""fragment_pi_complement"":2.0,""intracellular_penetration_depth_angstrom"":0.0,""lock_geometry_atom_count"":2,""lock_geometry_score"":2.936847421658591,""lock_occupancy_cold_hold"":62.66188603129899,""lock_occupancy_cold_return"":65.79498033286394,""lock_occupancy_ramp_down"":32.108159669925904,""lock_occupancy_ramp_up"":32.108159669925904,""lock_occupancy_warm_hold"":1.5544333085528166,""lock_phase_provenance"":""PHASE_RESOLVED"",""lock_proxy_method"":""residue_lock_region_mask_v2:lock_atoms=2:total_atoms=132:phase_lock=PHASE_RESOLVED:steric_volume_proxy=20A3_per_atom"",""lock_steric_volume_angstrom3"":40.0,""lock_voxel_indices"":""[234180,243492]"",""oracle_mode"":""validated_o3a_zmatrix_corpus_lookup"",""pi_clash_lock"":2.936847421658591,""pi_clash_lock_cold_hold"":62.66188603129899,""pi_clash_lock_cold_return"":65.79498033286394,""pi_clash_lock_ramp_down"":32.108159669925904,""pi_clash_lock_ramp_up"":32.108159669925904,""pi_clash_lock_warm_hold"":1.5544333085528166,""pi_clash_pocket"":1.4461748667258214,""rust_reward_authority"":true,""selected_dihedral_deg"":120.0,""survival_tier"":""normal""}",PHASE_RESOLVED,0.0,0.0,0.0,0.0,0.0,true,7.49067255493277,NOT_REQUESTED,true,true,PROJECTED,policy_generated_not_validated
85,focused-000671,ANCHOR_114700,c1cnn(-c2ccc3c(c2)CNCC3)c1,0.5,focused,120.0,0.0,0.0,1.0,0.0,0.0,0.0,0.0,1.0,0.0,0.1631616231681285,0.40546510810816444,best_rotamer_rank_proxy,-11.374018669128418,10.177484512329102,7.483933489981783,2.0,1.4603789901408013,1.4368244902998206,2.9207579802816026,0.0,71.30648102051775,36.41995423677479,1.5334274530318326,36.41995423677479,74.87180507154365,2.9207579802816026,2.0,"[252515,270850]",71.30648102051775,36.41995423677479,1.5334274530318326,36.41995423677479,74.87180507154365,0.0,40.0,4.0,0.0,0,0,normal,120.0,"{""adjusted_pi_clash"":1.4603789901408013,""consensus_complement_bonus"":0.0,""cryptic_bonus"":4.0,""fragment_pi_complement"":2.0,""intracellular_penetration_depth_angstrom"":0.0,""lock_geometry_atom_count"":2,""lock_geometry_score"":2.9207579802816026,""lock_occupancy_cold_hold"":71.30648102051775,""lock_occupancy_cold_return"":74.87180507154365,""lock_occupancy_ramp_down"":36.41995423677479,""lock_occupancy_ramp_up"":36.41995423677479,""lock_occupancy_warm_hold"":1.5334274530318326,""lock_phase_provenance"":""PHASE_RESOLVED"",""lock_proxy_method"":""residue_lock_region_mask_v2:lock_atoms=2:total_atoms=124:phase_lock=PHASE_RESOLVED:steric_volume_proxy=20A3_per_atom"",""lock_steric_volume_angstrom3"":40.0,""lock_voxel_indices"":""[252515,270850]"",""oracle_mode"":""validated_o3a_zmatrix_corpus_lookup"",""pi_clash_lock"":2.9207579802816026,""pi_clash_lock_cold_hold"":71.30648102051775,""pi_clash_lock_cold_return"":74.87180507154365,""pi_clash_lock_ramp_down"":36.41995423677479,""pi_clash_lock_ramp_up"":36.41995423677479,""pi_clash_lock_warm_hold"":1.5334274530318326,""pi_clash_pocket"":1.4368244902998206,""rust_reward_authority"":true,""selected_dihedral_deg"":120.0,""survival_tier"":""normal""}",PHASE_RESOLVED,0.0,0.0,0.0,0.0,0.0,true,7.483933489981783,NOT_REQUESTED,true,true,PROJECTED,policy_generated_not_validated
86,near_random-001743,ANCHOR_027989,CCc1ccc([C@@H]2CN(C)CCN2)s1,5.0,near_random,120.0,0.0,0.0,1.0,0.0,0.0,0.0,0.0,1.0,0.0,0.13631409662775695,0.40546510810816444,best_rotamer_rank_proxy,-10.939946174621582,11.235594749450684,7.444267932824514,2.0,1.4220484261656758,1.3998289195068372,2.8440968523313517,0.0,61.25411908675381,31.41477995026237,1.5754408137709284,31.414779950262368,64.3168250410915,2.8440968523313517,2.0,"[252518,261543]",61.25411908675381,31.41477995026237,1.5754408137709284,31.414779950262368,64.3168250410915,0.0,40.0,4.0,0.0,0,0,normal,120.0,"{""adjusted_pi_clash"":1.4220484261656758,""consensus_complement_bonus"":0.0,""cryptic_bonus"":4.0,""fragment_pi_complement"":2.0,""intracellular_penetration_depth_angstrom"":0.0,""lock_geometry_atom_count"":2,""lock_geometry_score"":2.8440968523313517,""lock_occupancy_cold_hold"":61.25411908675381,""lock_occupancy_cold_return"":64.3168250410915,""lock_occupancy_ramp_down"":31.414779950262368,""lock_occupancy_ramp_up"":31.41477995026237,""lock_occupancy_warm_hold"":1.5754408137709284,""lock_phase_provenance"":""PHASE_RESOLVED"",""lock_proxy_method"":""residue_lock_region_mask_v2:lock_atoms=2:total_atoms=128:phase_lock=PHASE_RESOLVED:steric_volume_proxy=20A3_per_atom"",""lock_steric_volume_angstrom3"":40.0,""lock_voxel_indices"":""[252518,261543]"",""oracle_mode"":""validated_o3a_zmatrix_corpus_lookup"",""pi_clash_lock"":2.8440968523313517,""pi_clash_lock_cold_hold"":61.25411908675381,""pi_clash_lock_cold_return"":64.3168250410915,""pi_clash_lock_ramp_down"":31.414779950262368,""pi_clash_lock_ramp_up"":31.41477995026237,""pi_clash_lock_warm_hold"":1.5754408137709284,""pi_clash_pocket"":1.3998289195068372,""rust_reward_authority"":true,""selected_dihedral_deg"":120.0,""survival_tier"":""normal""}",PHASE_RESOLVED,0.0,0.0,0.0,0.0,0.0,true,7.444267932824514,NOT_REQUESTED,true,true,PROJECTED,policy_generated_not_validated
87,focused-001367,ANCHOR_088071,N#Cc1cc(F)nc(N2CCCC2)c1,0.5,focused,120.0,0.0,0.0,1.0,0.0,0.0,0.0,0.0,1.0,0.0,0.2228375484959947,0.40546510810816444,best_rotamer_rank_proxy,-11.176786422729492,10.18816089630127,7.132639002672561,2.0,1.0327381327491956,0.9983135283242224,4.130952530996782,0.0,128.0527966863402,65.67273226962723,3.292667852914243,65.67273226962722,134.45543652065723,4.130952530996782,4.0,"[261637,270756,270757,270852]",128.0527966863402,65.67273226962723,3.292667852914243,65.67273226962722,134.45543652065723,0.0,80.0,2.0,0.0,0,0,normal,120.0,"{""adjusted_pi_clash"":1.0327381327491956,""consensus_complement_bonus"":0.0,""cryptic_bonus"":2.0,""fragment_pi_complement"":2.0,""intracellular_penetration_depth_angstrom"":0.0,""lock_geometry_atom_count"":4,""lock_geometry_score"":4.130952530996782,""lock_occupancy_cold_hold"":128.0527966863402,""lock_occupancy_cold_return"":134.45543652065723,""lock_occupancy_ramp_down"":65.67273226962722,""lock_occupancy_ramp_up"":65.67273226962723,""lock_occupancy_warm_hold"":3.292667852914243,""lock_phase_provenance"":""PHASE_RESOLVED"",""lock_proxy_method"":""residue_lock_region_mask_v2:lock_atoms=4:total_atoms=120:phase_lock=PHASE_RESOLVED:steric_volume_proxy=20A3_per_atom"",""lock_steric_volume_angstrom3"":80.0,""lock_voxel_indices"":""[261637,270756,270757,270852]"",""oracle_mode"":""validated_o3a_zmatrix_corpus_lookup"",""pi_clash_lock"":4.130952530996782,""pi_clash_lock_cold_hold"":128.0527966863402,""pi_clash_lock_cold_return"":134.45543652065723,""pi_clash_lock_ramp_down"":65.67273226962722,""pi_clash_lock_ramp_up"":65.67273226962723,""pi_clash_lock_warm_hold"":3.292667852914243,""pi_clash_pocket"":0.9983135283242224,""rust_reward_authority"":true,""selected_dihedral_deg"":120.0,""survival_tier"":""normal""}",PHASE_RESOLVED,0.0,0.0,0.0,0.0,0.0,true,7.132639002672561,NOT_REQUESTED,true,true,PROJECTED,policy_generated_not_validated
88,balanced-000388,ANCHOR_049218,C[C@@H](N)C(=O)N[C@H](C)c1ccc(Cl)cc1,1.0,balanced,300.0,0.0,0.0,1.0,0.0,0.0,0.0,0.0,1.0,0.0,0.19712900480048523,1.791759469228055,best_rotamer_rank_proxy,-11.932263374328613,10.994539260864258,7.057303216190668,2.0,1.0407828534376897,1.0242624906847106,2.0815657068753795,0.0,62.03772480175197,31.796079055152394,1.5544333085528166,31.796079055152394,65.13961104183957,2.0815657068753795,2.0,"[224969,234183]",62.03772480175197,31.796079055152394,1.5544333085528166,31.796079055152394,65.13961104183957,0.0,40.0,4.0,0.0,0,0,normal,120.0,"{""adjusted_pi_clash"":1.0407828534376897,""consensus_complement_bonus"":0.0,""cryptic_bonus"":4.0,""fragment_pi_complement"":2.0,""intracellular_penetration_depth_angstrom"":0.0,""lock_geometry_atom_count"":2,""lock_geometry_score"":2.0815657068753795,""lock_occupancy_cold_hold"":62.03772480175197,""lock_occupancy_cold_return"":65.13961104183957,""lock_occupancy_ramp_down"":31.796079055152394,""lock_occupancy_ramp_up"":31.796079055152394,""lock_occupancy_warm_hold"":1.5544333085528166,""lock_phase_provenance"":""PHASE_RESOLVED"",""lock_proxy_method"":""residue_lock_region_mask_v2:lock_atoms=2:total_atoms=126:phase_lock=PHASE_RESOLVED:steric_volume_proxy=20A3_per_atom"",""lock_steric_volume_angstrom3"":40.0,""lock_voxel_indices"":""[224969,234183]"",""oracle_mode"":""validated_o3a_zmatrix_corpus_lookup"",""pi_clash_lock"":2.0815657068753795,""pi_clash_lock_cold_hold"":62.03772480175197,""pi_clash_lock_cold_return"":65.13961104183957,""pi_clash_lock_ramp_down"":31.796079055152394,""pi_clash_lock_ramp_up"":31.796079055152394,""pi_clash_lock_warm_hold"":1.5544333085528166,""pi_clash_pocket"":1.0242624906847106,""rust_reward_authority"":true,""selected_dihedral_deg"":120.0,""survival_tier"":""normal""}",PHASE_RESOLVED,0.0,0.0,0.0,0.0,0.0,true,7.057303216190668,NOT_REQUESTED,true,true,PROJECTED,policy_generated_not_validated
89,focused-000313,ANCHOR_087961,N#Cc1cc(-c2ccccc2)nnc1Cl,0.5,focused,180.0,0.0,0.0,1.0,0.0,0.0,0.0,0.0,1.0,0.0,0.17862882500603086,0.6931471805599453,best_rotamer_rank_proxy,-11.537569999694824,10.170231819152832,7.017650389416657,3.0,2.0650955617488185,2.047445172332162,2.0650955617488185,0.0,33.045380279947544,16.911298467111976,0.7772166542764083,16.911298467111976,34.69764929394492,2.0650955617488185,1.0,[243208],33.045380279947544,16.911298467111976,0.7772166542764083,16.911298467111976,34.69764929394492,0.0,20.0,4.0,0.0,0,0,normal,180.0,"{""adjusted_pi_clash"":2.0650955617488185,""consensus_complement_bonus"":0.0,""cryptic_bonus"":4.0,""fragment_pi_complement"":3.0,""intracellular_penetration_depth_angstrom"":0.0,""lock_geometry_atom_count"":1,""lock_geometry_score"":2.0650955617488185,""lock_occupancy_cold_hold"":33.045380279947544,""lock_occupancy_cold_return"":34.69764929394492,""lock_occupancy_ramp_down"":16.911298467111976,""lock_occupancy_ramp_up"":16.911298467111976,""lock_occupancy_warm_hold"":0.7772166542764083,""lock_phase_provenance"":""PHASE_RESOLVED"",""lock_proxy_method"":""residue_lock_region_mask_v2:lock_atoms=1:total_atoms=117:phase_lock=PHASE_RESOLVED:steric_volume_proxy=20A3_per_atom"",""lock_steric_volume_angstrom3"":20.0,""lock_voxel_indices"":""[243208]"",""oracle_mode"":""validated_o3a_zmatrix_corpus_lookup"",""pi_clash_lock"":2.0650955617488185,""pi_clash_lock_cold_hold"":33.045380279947544,""pi_clash_lock_cold_return"":34.69764929394492,""pi_clash_lock_ramp_down"":16.911298467111976,""pi_clash_lock_ramp_up"":16.911298467111976,""pi_clash_lock_warm_hold"":0.7772166542764083,""pi_clash_pocket"":2.047445172332162,""rust_reward_authority"":true,""selected_dihedral_deg"":180.0,""survival_tier"":""normal""}",PHASE_RESOLVED,0.0,0.0,0.0,0.0,0.0,true,7.017650389416657,NOT_REQUESTED,true,true,PROJECTED,policy_generated_not_validated
90,balanced-001626,ANCHOR_074117,Cc1ccc2c(c1C)OCC[C@@H]2C#N,1.0,balanced,60.0,0.0,0.0,1.0,0.0,0.0,0.0,0.0,1.0,0.0,0.10600778167180727,0.1823215567939546,best_rotamer_rank_proxy,-11.665627479553223,10.994539260864258,7.015415159091226,3.0,1.896064568220901,1.8806494091296742,1.896064568220901,0.0,30.96190971369439,15.869563183985399,0.7772166542764083,15.869563183985399,32.51000519937911,1.896064568220901,1.0,[270852],30.96190971369439,15.869563183985399,0.7772166542764083,15.869563183985399,32.51000519937911,0.0,20.0,4.0,0.0,0,0,normal,60.0,"{""adjusted_pi_clash"":1.896064568220901,""consensus_complement_bonus"":0.0,""cryptic_bonus"":4.0,""fragment_pi_complement"":3.0,""intracellular_penetration_depth_angstrom"":0.0,""lock_geometry_atom_count"":1,""lock_geometry_score"":1.896064568220901,""lock_occupancy_cold_hold"":30.96190971369439,""lock_occupancy_cold_return"":32.51000519937911,""lock_occupancy_ramp_down"":15.869563183985399,""lock_occupancy_ramp_up"":15.869563183985399,""lock_occupancy_warm_hold"":0.7772166542764083,""lock_phase_provenance"":""PHASE_RESOLVED"",""lock_proxy_method"":""residue_lock_region_mask_v2:lock_atoms=1:total_atoms=123:phase_lock=PHASE_RESOLVED:steric_volume_proxy=20A3_per_atom"",""lock_steric_volume_angstrom3"":20.0,""lock_voxel_indices"":""[270852]"",""oracle_mode"":""validated_o3a_zmatrix_corpus_lookup"",""pi_clash_lock"":1.896064568220901,""pi_clash_lock_cold_hold"":30.96190971369439,""pi_clash_lock_cold_return"":32.51000519937911,""pi_clash_lock_ramp_down"":15.869563183985399,""pi_clash_lock_ramp_up"":15.869563183985399,""pi_clash_lock_warm_hold"":0.7772166542764083,""pi_clash_pocket"":1.8806494091296742,""rust_reward_authority"":true,""selected_dihedral_deg"":60.0,""survival_tier"":""normal""}",PHASE_RESOLVED,0.0,0.0,0.0,0.0,0.0,true,7.015415159091226,NOT_REQUESTED,true,true,PROJECTED,policy_generated_not_validated
91,near_random-000705,ANCHOR_099249,Nc1ccc2c(c1)CN1C(=O)c3ccccc3C1=N2,5.0,near_random,240.0,0.0,0.0,1.0,0.0,0.0,0.0,0.0,1.0,0.0,0.23935249487559002,1.0986122886681098,best_rotamer_rank_proxy,-10.888638496398926,11.235526084899902,7.015048131493816,3.0,1.896064568220901,1.8810164367270843,1.896064568220901,0.0,31.17571278996753,15.976465828772445,0.7772188675773604,15.976465828772445,32.73449842946591,1.896064568220901,1.0,[270758],31.17571278996753,15.976465828772445,0.7772188675773604,15.976465828772445,32.73449842946591,0.0,20.0,4.0,0.0,0,0,normal,240.0,"{""adjusted_pi_clash"":1.896064568220901,""consensus_complement_bonus"":0.0,""cryptic_bonus"":4.0,""fragment_pi_complement"":3.0,""intracellular_penetration_depth_angstrom"":0.0,""lock_geometry_atom_count"":1,""lock_geometry_score"":1.896064568220901,""lock_occupancy_cold_hold"":31.17571278996753,""lock_occupancy_cold_return"":32.73449842946591,""lock_occupancy_ramp_down"":15.976465828772445,""lock_occupancy_ramp_up"":15.976465828772445,""lock_occupancy_warm_hold"":0.7772188675773604,""lock_phase_provenance"":""PHASE_RESOLVED"",""lock_proxy_method"":""residue_lock_region_mask_v2:lock_atoms=1:total_atoms=126:phase_lock=PHASE_RESOLVED:steric_volume_proxy=20A3_per_atom"",""lock_steric_volume_angstrom3"":20.0,""lock_voxel_indices"":""[270758]"",""oracle_mode"":""validated_o3a_zmatrix_corpus_lookup"",""pi_clash_lock"":1.896064568220901,""pi_clash_lock_cold_hold"":31.17571278996753,""pi_clash_lock_cold_return"":32.73449842946591,""pi_clash_lock_ramp_down"":15.976465828772445,""pi_clash_lock_ramp_up"":15.976465828772445,""pi_clash_lock_warm_hold"":0.7772188675773604,""pi_clash_pocket"":1.8810164367270843,""rust_reward_authority"":true,""selected_dihedral_deg"":240.0,""survival_tier"":""normal""}",PHASE_RESOLVED,0.0,0.0,0.0,0.0,0.0,true,7.015048131493816,NOT_REQUESTED,true,true,PROJECTED,policy_generated_not_validated
92,exploration-000115,ANCHOR_074687,Cc1cccc(-c2c[nH]c([C@@H]3CNC(=O)C3)n2)c1,2.0,exploration,300.0,0.0,0.0,1.0,0.0,0.0,0.0,0.0,1.0,0.0,0.20604931983901778,1.791759469228055,best_rotamer_rank_proxy,-11.018702507019043,11.184712409973145,7.011221447798019,3.0,1.4475667659444742,1.436345318146455,1.4475667659444742,0.0,35.62191959356556,18.199568123920983,0.7772166542764083,18.199568123920983,37.403015573243835,1.4475667659444742,1.0,[279877],35.62191959356556,18.199568123920983,0.7772166542764083,18.199568123920983,37.403015573243835,0.0,20.0,4.0,0.0,0,0,normal,300.0,"{""adjusted_pi_clash"":1.4475667659444742,""consensus_complement_bonus"":0.0,""cryptic_bonus"":4.0,""fragment_pi_complement"":3.0,""intracellular_penetration_depth_angstrom"":0.0,""lock_geometry_atom_count"":1,""lock_geometry_score"":1.4475667659444742,""lock_occupancy_cold_hold"":35.62191959356556,""lock_occupancy_cold_return"":37.403015573243835,""lock_occupancy_ramp_down"":18.199568123920983,""lock_occupancy_ramp_up"":18.199568123920983,""lock_occupancy_warm_hold"":0.7772166542764083,""lock_phase_provenance"":""PHASE_RESOLVED"",""lock_proxy_method"":""residue_lock_region_mask_v2:lock_atoms=1:total_atoms=129:phase_lock=PHASE_RESOLVED:steric_volume_proxy=20A3_per_atom"",""lock_steric_volume_angstrom3"":20.0,""lock_voxel_indices"":""[279877]"",""oracle_mode"":""validated_o3a_zmatrix_corpus_lookup"",""pi_clash_lock"":1.4475667659444742,""pi_clash_lock_cold_hold"":35.62191959356556,""pi_clash_lock_cold_return"":37.403015573243835,""pi_clash_lock_ramp_down"":18.199568123920983,""pi_clash_lock_ramp_up"":18.199568123920983,""pi_clash_lock_warm_hold"":0.7772166542764083,""pi_clash_pocket"":1.436345318146455,""rust_reward_authority"":true,""selected_dihedral_deg"":300.0,""survival_tier"":""normal""}",PHASE_RESOLVED,0.0,0.0,0.0,0.0,0.0,true,7.011221447798019,NOT_REQUESTED,true,true,PROJECTED,policy_generated_not_validated
93,near_random-000124,ANCHOR_058842,C[C@H]1CCC[C@@H](OC2CCNCC2)C1,5.0,near_random,120.0,0.0,0.0,1.0,0.0,0.0,0.0,0.0,1.0,0.0,0.10298589393333243,0.40546510810816444,best_rotamer_rank_proxy,-11.532337188720703,11.235594749450684,7.0106920934298165,3.0,1.4220484261656758,1.4113563327358587,1.4220484261656758,0.0,31.17571278996753,15.976465828772445,0.7772188675773604,15.976465828772445,32.73449842946591,1.4220484261656758,1.0,[270758],31.17571278996753,15.976465828772445,0.7772188675773604,15.976465828772445,32.73449842946591,0.0,20.0,4.0,0.0,0,0,normal,120.0,"{""adjusted_pi_clash"":1.4220484261656758,""consensus_complement_bonus"":0.0,""cryptic_bonus"":4.0,""fragment_pi_complement"":3.0,""intracellular_penetration_depth_angstrom"":0.0,""lock_geometry_atom_count"":1,""lock_geometry_score"":1.4220484261656758,""lock_occupancy_cold_hold"":31.17571278996753,""lock_occupancy_cold_return"":32.73449842946591,""lock_occupancy_ramp_down"":15.976465828772445,""lock_occupancy_ramp_up"":15.976465828772445,""lock_occupancy_warm_hold"":0.7772188675773604,""lock_phase_provenance"":""PHASE_RESOLVED"",""lock_proxy_method"":""residue_lock_region_mask_v2:lock_atoms=1:total_atoms=133:phase_lock=PHASE_RESOLVED:steric_volume_proxy=20A3_per_atom"",""lock_steric_volume_angstrom3"":20.0,""lock_voxel_indices"":""[270758]"",""oracle_mode"":""validated_o3a_zmatrix_corpus_lookup"",""pi_clash_lock"":1.4220484261656758,""pi_clash_lock_cold_hold"":31.17571278996753,""pi_clash_lock_cold_return"":32.73449842946591,""pi_clash_lock_ramp_down"":15.976465828772445,""pi_clash_lock_ramp_up"":15.976465828772445,""pi_clash_lock_warm_hold"":0.7772188675773604,""pi_clash_pocket"":1.4113563327358587,""rust_reward_authority"":true,""selected_dihedral_deg"":120.0,""survival_tier"":""normal""}",PHASE_RESOLVED,0.0,0.0,0.0,0.0,0.0,true,7.0106920934298165,NOT_REQUESTED,true,true,PROJECTED,policy_generated_not_validated
94,exploration-001646,ANCHOR_015716,CC1(C)Cc2cc(CN)ccc2O1,2.0,exploration,60.0,0.0,0.0,1.0,0.0,0.0,0.0,0.0,1.0,0.0,0.1511046626814166,0.1823215567939546,best_rotamer_rank_proxy,-10.976542472839355,11.185348510742188,7.002271926280504,2.0,0.986362848085576,0.9704537698906474,1.972725696171152,0.0,62.820144233366605,32.22667557491012,1.6332069164536345,32.226675574910125,65.96115144503494,1.972725696171152,2.0,"[243397,252518]",62.820144233366605,32.22667557491012,1.6332069164536345,32.226675574910125,65.96115144503494,0.0,40.0,4.0,0.0,0,0,normal,60.0,"{""adjusted_pi_clash"":0.986362848085576,""consensus_complement_bonus"":0.0,""cryptic_bonus"":4.0,""fragment_pi_complement"":2.0,""intracellular_penetration_depth_angstrom"":0.0,""lock_geometry_atom_count"":2,""lock_geometry_score"":1.972725696171152,""lock_occupancy_cold_hold"":62.820144233366605,""lock_occupancy_cold_return"":65.96115144503494,""lock_occupancy_ramp_down"":32.226675574910125,""lock_occupancy_ramp_up"":32.22667557491012,""lock_occupancy_warm_hold"":1.6332069164536345,""lock_phase_provenance"":""PHASE_RESOLVED"",""lock_proxy_method"":""residue_lock_region_mask_v2:lock_atoms=2:total_atoms=124:phase_lock=PHASE_RESOLVED:steric_volume_proxy=20A3_per_atom"",""lock_steric_volume_angstrom3"":40.0,""lock_voxel_indices"":""[243397,252518]"",""oracle_mode"":""validated_o3a_zmatrix_corpus_lookup"",""pi_clash_lock"":1.972725696171152,""pi_clash_lock_cold_hold"":62.820144233366605,""pi_clash_lock_cold_return"":65.96115144503494,""pi_clash_lock_ramp_down"":32.226675574910125,""pi_clash_lock_ramp_up"":32.22667557491012,""pi_clash_lock_warm_hold"":1.6332069164536345,""pi_clash_pocket"":0.9704537698906474,""rust_reward_authority"":true,""selected_dihedral_deg"":60.0,""survival_tier"":""normal""}",PHASE_RESOLVED,0.0,0.0,0.0,0.0,0.0,true,7.002271926280504,NOT_REQUESTED,true,true,PROJECTED,policy_generated_not_validated
95,balanced-001913,ANCHOR_073395,Cc1ccc2c(-c3coc(N)n3)c[nH]c2c1,1.0,balanced,60.0,0.0,0.0,1.0,0.0,0.0,0.0,0.0,1.0,0.0,0.24806875002727585,0.1823215567939546,best_rotamer_rank_proxy,-11.468179702758789,10.990138053894043,6.963447443201677,2.0,0.9480322841104505,0.9326171250192237,1.896064568220901,0.0,63.409407081571004,32.48192641228101,1.5544457429910272,32.48192641228102,66.57987743564955,1.896064568220901,2.0,"[270662,270663]",63.409407081571004,32.48192641228101,1.5544457429910272,32.48192641228102,66.57987743564955,0.0,40.0,4.0,0.0,0,0,normal,60.0,"{""adjusted_pi_clash"":0.9480322841104505,""consensus_complement_bonus"":0.0,""cryptic_bonus"":4.0,""fragment_pi_complement"":2.0,""intracellular_penetration_depth_angstrom"":0.0,""lock_geometry_atom_count"":2,""lock_geometry_score"":1.896064568220901,""lock_occupancy_cold_hold"":63.409407081571004,""lock_occupancy_cold_return"":66.57987743564955,""lock_occupancy_ramp_down"":32.48192641228102,""lock_occupancy_ramp_up"":32.48192641228101,""lock_occupancy_warm_hold"":1.5544457429910272,""lock_phase_provenance"":""PHASE_RESOLVED"",""lock_proxy_method"":""residue_lock_region_mask_v2:lock_atoms=2:total_atoms=123:phase_lock=PHASE_RESOLVED:steric_volume_proxy=20A3_per_atom"",""lock_steric_volume_angstrom3"":40.0,""lock_voxel_indices"":""[270662,270663]"",""oracle_mode"":""validated_o3a_zmatrix_corpus_lookup"",""pi_clash_lock"":1.896064568220901,""pi_clash_lock_cold_hold"":63.409407081571004,""pi_clash_lock_cold_return"":66.57987743564955,""pi_clash_lock_ramp_down"":32.48192641228102,""pi_clash_lock_ramp_up"":32.48192641228101,""pi_clash_lock_warm_hold"":1.5544457429910272,""pi_clash_pocket"":0.9326171250192237,""rust_reward_authority"":true,""selected_dihedral_deg"":60.0,""survival_tier"":""normal""}",PHASE_RESOLVED,0.0,0.0,0.0,0.0,0.0,true,6.963447443201677,NOT_REQUESTED,true,true,PROJECTED,policy_generated_not_validated
96,balanced-001207,ANCHOR_089370,NC(=O)C1CCN(C2CCCCCC2)CC1,1.0,balanced,240.0,0.0,0.0,1.0,0.0,0.0,0.0,0.0,1.0,0.0,0.13975043416023253,1.0986122886681098,best_rotamer_rank_proxy,-10.214164733886719,10.991870880126953,6.875465567614419,2.0,1.4220484261656758,1.3906797108826094,4.266145278497028,0.0,93.55754199418178,48.03124623918004,2.5049504841782952,48.03124623918003,98.23541909389087,4.266145278497028,3.0,"[261542,270757,270758]",93.55754199418178,48.03124623918004,2.5049504841782952,48.03124623918003,98.23541909389087,0.0,60.0,2.0,0.0,0,0,normal,180.0,"{""adjusted_pi_clash"":1.4220484261656758,""consensus_complement_bonus"":0.0,""cryptic_bonus"":2.0,""fragment_pi_complement"":2.0,""intracellular_penetration_depth_angstrom"":0.0,""lock_geometry_atom_count"":3,""lock_geometry_score"":4.266145278497028,""lock_occupancy_cold_hold"":93.55754199418178,""lock_occupancy_cold_return"":98.23541909389087,""lock_occupancy_ramp_down"":48.03124623918003,""lock_occupancy_ramp_up"":48.03124623918004,""lock_occupancy_warm_hold"":2.5049504841782952,""lock_phase_provenance"":""PHASE_RESOLVED"",""lock_proxy_method"":""residue_lock_region_mask_v2:lock_atoms=3:total_atoms=136:phase_lock=PHASE_RESOLVED:steric_volume_proxy=20A3_per_atom"",""lock_steric_volume_angstrom3"":60.0,""lock_voxel_indices"":""[261542,270757,270758]"",""oracle_mode"":""validated_o3a_zmatrix_corpus_lookup"",""pi_clash_lock"":4.266145278497028,""pi_clash_lock_cold_hold"":93.55754199418178,""pi_clash_lock_cold_return"":98.23541909389087,""pi_clash_lock_ramp_down"":48.03124623918003,""pi_clash_lock_ramp_up"":48.03124623918004,""pi_clash_lock_warm_hold"":2.5049504841782952,""pi_clash_pocket"":1.3906797108826094,""rust_reward_authority"":true,""selected_dihedral_deg"":180.0,""survival_tier"":""normal""}",PHASE_RESOLVED,0.0,0.0,0.0,0.0,0.0,true,6.875465567614419,NOT_REQUESTED,true,true,PROJECTED,policy_generated_not_validated
97,near_random-000682,ANCHOR_087044,N#CC[C@H]1CCCOc2c(F)cccc21,5.0,near_random,240.0,0.0,0.0,1.0,0.0,0.0,0.0,0.0,1.0,0.0,0.111971557610483,1.0986122886681098,best_rotamer_rank_proxy,-12.29417896270752,11.235526084899902,6.565363145601335,3.0,1.5403173352717134,1.515271524942092,3.080634670543427,0.0,62.03783197448422,31.79613264151852,1.5544333085528166,31.79613264151852,65.13972357320843,3.080634670543427,2.0,"[234181,252517]",62.03783197448422,31.79613264151852,1.5544333085528166,31.79613264151852,65.13972357320843,0.0,40.0,2.0,0.0,0,0,normal,120.0,"{""adjusted_pi_clash"":1.5403173352717134,""consensus_complement_bonus"":0.0,""cryptic_bonus"":2.0,""fragment_pi_complement"":3.0,""intracellular_penetration_depth_angstrom"":0.0,""lock_geometry_atom_count"":2,""lock_geometry_score"":3.080634670543427,""lock_occupancy_cold_hold"":62.03783197448422,""lock_occupancy_cold_return"":65.13972357320843,""lock_occupancy_ramp_down"":31.79613264151852,""lock_occupancy_ramp_up"":31.79613264151852,""lock_occupancy_warm_hold"":1.5544333085528166,""lock_phase_provenance"":""PHASE_RESOLVED"",""lock_proxy_method"":""residue_lock_region_mask_v2:lock_atoms=2:total_atoms=123:phase_lock=PHASE_RESOLVED:steric_volume_proxy=20A3_per_atom"",""lock_steric_volume_angstrom3"":40.0,""lock_voxel_indices"":""[234181,252517]"",""oracle_mode"":""validated_o3a_zmatrix_corpus_lookup"",""pi_clash_lock"":3.080634670543427,""pi_clash_lock_cold_hold"":62.03783197448422,""pi_clash_lock_cold_return"":65.13972357320843,""pi_clash_lock_ramp_down"":31.79613264151852,""pi_clash_lock_ramp_up"":31.79613264151852,""pi_clash_lock_warm_hold"":1.5544333085528166,""pi_clash_pocket"":1.515271524942092,""rust_reward_authority"":true,""selected_dihedral_deg"":120.0,""survival_tier"":""normal""}",PHASE_RESOLVED,0.0,0.0,0.0,0.0,0.0,true,6.565363145601335,NOT_REQUESTED,true,true,PROJECTED,policy_generated_not_validated
98,near_random-001404,ANCHOR_041926,CO[C@H](CN)c1ccc(C(C)(C)C)cc1C,5.0,near_random,180.0,0.0,0.0,1.0,0.0,0.0,0.0,0.0,1.0,0.0,0.1158762416905827,0.6931471805599453,best_rotamer_rank_proxy,-10.238141059875488,11.235689163208008,6.482014234439184,3.0,1.4603789901408013,1.438743745842419,2.9207579802816026,0.0,61.7492080723663,31.65182069045956,1.5544333085528166,31.65182069045956,64.83666847598462,2.9207579802816026,2.0,"[270849,270850]",61.7492080723663,31.65182069045956,1.5544333085528166,31.65182069045956,64.83666847598462,0.0,40.0,2.0,0.0,0,0,normal,180.0,"{""adjusted_pi_clash"":1.4603789901408013,""consensus_complement_bonus"":0.0,""cryptic_bonus"":2.0,""fragment_pi_complement"":3.0,""intracellular_penetration_depth_angstrom"":0.0,""lock_geometry_atom_count"":2,""lock_geometry_score"":2.9207579802816026,""lock_occupancy_cold_hold"":61.7492080723663,""lock_occupancy_cold_return"":64.83666847598462,""lock_occupancy_ramp_down"":31.65182069045956,""lock_occupancy_ramp_up"":31.65182069045956,""lock_occupancy_warm_hold"":1.5544333085528166,""lock_phase_provenance"":""PHASE_RESOLVED"",""lock_proxy_method"":""residue_lock_region_mask_v2:lock_atoms=2:total_atoms=135:phase_lock=PHASE_RESOLVED:steric_volume_proxy=20A3_per_atom"",""lock_steric_volume_angstrom3"":40.0,""lock_voxel_indices"":""[270849,270850]"",""oracle_mode"":""validated_o3a_zmatrix_corpus_lookup"",""pi_clash_lock"":2.9207579802816026,""pi_clash_lock_cold_hold"":61.7492080723663,""pi_clash_lock_cold_return"":64.83666847598462,""pi_clash_lock_ramp_down"":31.65182069045956,""pi_clash_lock_ramp_up"":31.65182069045956,""pi_clash_lock_warm_hold"":1.5544333085528166,""pi_clash_pocket"":1.438743745842419,""rust_reward_authority"":true,""selected_dihedral_deg"":180.0,""survival_tier"":""normal""}",PHASE_RESOLVED,0.0,0.0,0.0,0.0,0.0,true,6.482014234439184,NOT_REQUESTED,true,true,PROJECTED,policy_generated_not_validated
99,near_random-001096,ANCHOR_097770,N[C@H]1C[C@@H]1c1ccc2c(c1)CCCC2,5.0,near_random,240.0,0.0,0.0,1.0,0.0,0.0,0.0,0.0,1.0,0.0,0.12253904931875223,1.0986122886681098,best_rotamer_rank_proxy,-10.578691482543945,11.235689163208008,6.347972278925488,1.0,0.47401614205522524,0.4441568575163134,3.792129136441802,0.0,252.53053649452232,129.48178987391185,6.433043253301353,129.48178987391185,265.15706331924844,3.792129136441802,8.0,"[252420,252421,252517,261539,261635,261730,270852]",252.53053649452232,129.48178987391185,6.433043253301353,129.48178987391185,265.15706331924844,0.0,160.0,2.0,0.0,0,0,cryptic_rescue,120.0,"{""adjusted_pi_clash"":0.47401614205522524,""consensus_complement_bonus"":0.0,""cryptic_bonus"":2.0,""fragment_pi_complement"":1.0,""intracellular_penetration_depth_angstrom"":0.0,""lock_geometry_atom_count"":8,""lock_geometry_score"":3.792129136441802,""lock_occupancy_cold_hold"":252.53053649452232,""lock_occupancy_cold_return"":265.15706331924844,""lock_occupancy_ramp_down"":129.48178987391185,""lock_occupancy_ramp_up"":129.48178987391185,""lock_occupancy_warm_hold"":6.433043253301353,""lock_phase_provenance"":""PHASE_RESOLVED"",""lock_proxy_method"":""residue_lock_region_mask_v2:lock_atoms=8:total_atoms=127:phase_lock=PHASE_RESOLVED:steric_volume_proxy=20A3_per_atom"",""lock_steric_volume_angstrom3"":160.0,""lock_voxel_indices"":""[252420,252421,252517,261539,261635,261730,270852]"",""oracle_mode"":""validated_o3a_zmatrix_corpus_lookup"",""pi_clash_lock"":3.792129136441802,""pi_clash_lock_cold_hold"":252.53053649452232,""pi_clash_lock_cold_return"":265.15706331924844,""pi_clash_lock_ramp_down"":129.48178987391185,""pi_clash_lock_ramp_up"":129.48178987391185,""pi_clash_lock_warm_hold"":6.433043253301353,""pi_clash_pocket"":0.4441568575163134,""rust_reward_authority"":true,""selected_dihedral_deg"":120.0,""survival_tier"":""cryptic_rescue""}",PHASE_RESOLVED,0.0,0.0,0.0,0.0,0.0,true,6.347972278925488,NOT_REQUESTED,true,true,PROJECTED,policy_generated_not_validated
100,exploration-000353,ANCHOR_097201,N[C@H]1CCCC[C@@H]1N1CCc2ccccc2C1,2.0,exploration,120.0,0.0,0.0,1.0,0.0,0.0,0.0,0.0,1.0,0.0,0.13747795250935432,0.40546510810816444,best_rotamer_rank_proxy,-10.106608390808105,11.185348510742188,6.150189114170697,2.0,1.0632803311833112,1.0396518793792375,3.1898409935499337,0.0,93.35539377153651,47.953802608668035,2.552211445799557,47.953802608668035,98.02316346011334,3.1898409935499337,3.0,"[225065,225159]",93.35539377153651,47.953802608668035,2.552211445799557,47.953802608668035,98.02316346011334,0.0,60.0,2.0,0.0,0,0,normal,120.0,"{""adjusted_pi_clash"":1.0632803311833112,""consensus_complement_bonus"":0.0,""cryptic_bonus"":2.0,""fragment_pi_complement"":2.0,""intracellular_penetration_depth_angstrom"":0.0,""lock_geometry_atom_count"":3,""lock_geometry_score"":3.1898409935499337,""lock_occupancy_cold_hold"":93.35539377153651,""lock_occupancy_cold_return"":98.02316346011334,""lock_occupancy_ramp_down"":47.953802608668035,""lock_occupancy_ramp_up"":47.953802608668035,""lock_occupancy_warm_hold"":2.552211445799557,""lock_phase_provenance"":""PHASE_RESOLVED"",""lock_proxy_method"":""residue_lock_region_mask_v2:lock_atoms=3:total_atoms=135:phase_lock=PHASE_RESOLVED:steric_volume_proxy=20A3_per_atom"",""lock_steric_volume_angstrom3"":60.0,""lock_voxel_indices"":""[225065,225159]"",""oracle_mode"":""validated_o3a_zmatrix_corpus_lookup"",""pi_clash_lock"":3.1898409935499337,""pi_clash_lock_cold_hold"":93.35539377153651,""pi_clash_lock_cold_return"":98.02316346011334,""pi_clash_lock_ramp_down"":47.953802608668035,""pi_clash_lock_ramp_up"":47.953802608668035,""pi_clash_lock_warm_hold"":2.552211445799557,""pi_clash_pocket"":1.0396518793792375,""rust_reward_authority"":true,""selected_dihedral_deg"":120.0,""survival_tier"":""normal""}",PHASE_RESOLVED,0.0,0.0,0.0,0.0,0.0,true,6.150189114170697,NOT_REQUESTED,true,true,PROJECTED,policy_generated_not_validated
