{
  "all_pockets": [
    {
      "centroid": [
        40.1292610168457,
        35.20281219482422,
        19.727144241333008
      ],
      "cv_volume": 1.6264655828570063,
      "mean_volume": 6871.745454545455,
      "n_frames": 55,
      "site_id": 0,
      "volumes": [
        66474.0,
        3861.0,
        0.0,
        0.0,
        27.0,
        0.0,
        216.0,
        297.0,
        81.0,
        12717.0,
        3402.0,
        2403.0,
        1566.0,
        31239.0,
        3321.0,
        1107.0,
        621.0,
        6480.0,
        15255.0,
        1188.0,
        1053.0,
        2025.0,
        1431.0,
        1296.0,
        216.0,
        14202.0,
        31077.0,
        13824.0,
        1809.0,
        1512.0,
        972.0,
        756.0,
        837.0,
        1728.0,
        5373.0,
        9342.0,
        8991.0,
        999.0,
        7020.0,
        23976.0,
        3942.0,
        1269.0,
        1458.0,
        1593.0,
        12960.0,
        4023.0,
        2133.0,
        1728.0,
        2700.0,
        1485.0,
        8208.0,
        11961.0,
        23868.0,
        19440.0,
        2484.0
      ]
    },
    {
      "centroid": [
        39.428775787353516,
        25.80245590209961,
        18.209556579589844
      ],
      "cv_volume": 1.4828044319209355,
      "mean_volume": 702.0,
      "n_frames": 55,
      "site_id": 1,
      "volumes": [
        5751.0,
        27.0,
        0.0,
        0.0,
        0.0,
        0.0,
        27.0,
        81.0,
        54.0,
        1809.0,
        648.0,
        351.0,
        0.0,
        2592.0,
        216.0,
        0.0,
        0.0,
        486.0,
        1971.0,
        621.0,
        162.0,
        162.0,
        54.0,
        432.0,
        216.0,
        756.0,
        3159.0,
        2025.0,
        540.0,
        0.0,
        0.0,
        0.0,
        0.0,
        0.0,
        621.0,
        891.0,
        1674.0,
        486.0,
        324.0,
        2376.0,
        540.0,
        0.0,
        0.0,
        0.0,
        1593.0,
        648.0,
        351.0,
        189.0,
        459.0,
        378.0,
        270.0,
        1053.0,
        2079.0,
        1917.0,
        621.0
      ]
    }
  ],
  "binding_sites": 2,
  "consensus_threshold": 4,
  "cryptic_sites": [
    {
      "centroid": [
        40.1292610168457,
        35.20281219482422,
        19.727144241333008
      ],
      "classification": "ActiveSite",
      "consensus_spike_count": 13998,
      "druggability": 0.5887911319732666,
      "inter_spike_intervals": [
        1.0,
        3.0,
        2.0,
        1.0,
        1.0,
        1.0,
        1.0,
        1.0,
        1.0,
        1.0,
        1.0,
        1.0,
        1.0,
        1.0,
        1.0,
        1.0,
        1.0,
        1.0,
        1.0,
        1.0,
        1.0,
        1.0,
        1.0,
        1.0,
        1.0,
        1.0,
        1.0,
        1.0,
        1.0,
        1.0,
        1.0,
        1.0,
        1.0,
        1.0,
        1.0,
        1.0,
        1.0,
        1.0,
        1.0,
        1.0,
        1.0,
        1.0,
        1.0,
        1.0,
        1.0,
        1.0,
        1.0,
        1.0,
        1.0,
        1.0,
        1.0
      ],
      "site_id": 0,
      "spike_amplitudes": [
        11.097455024719238,
        12.77988338470459,
        11.12901782989502,
        15.129594802856445,
        12.809452056884766,
        11.228134155273438,
        5.875052452087402,
        6.065349578857422,
        6.498907089233398,
        6.630620002746582,
        7.859037399291992,
        9.594441413879395,
        10.242393493652344,
        10.15164852142334,
        10.564913749694824,
        6.26860237121582,
        7.339078903198242,
        7.100227355957031,
        8.402020454406738,
        7.305750846862793,
        9.026034355163574,
        6.590178489685059,
        13.51912784576416,
        7.911536693572998,
        6.794482707977295,
        10.909071922302246,
        11.076251029968262,
        8.028863906860352,
        6.472533226013184,
        7.645716190338135,
        10.406525611877441,
        10.84273624420166,
        6.388070106506348,
        6.474884986877441,
        6.2655534744262695,
        7.336809158325195,
        7.867380619049072,
        9.15865421295166,
        8.758940696716309,
        8.831335067749023,
        7.534282207489014,
        5.939408302307129,
        6.833659648895264,
        7.513427734375,
        8.098089218139648,
        9.73247241973877,
        8.190181732177734,
        16.926891326904297,
        11.615851402282715,
        7.8309102058410645,
        6.844563961029053,
        9.218124389648438
      ],
      "spike_count": 13998,
      "spike_frames": [
        0,
        1,
        4,
        6,
        7,
        8,
        9,
        10,
        11,
        12,
        13,
        14,
        15,
        16,
        17,
        18,
        19,
        20,
        21,
        22,
        23,
        24,
        25,
        26,
        27,
        28,
        29,
        30,
        31,
        32,
        33,
        34,
        35,
        36,
        37,
        38,
        39,
        40,
        41,
        42,
        43,
        44,
        45,
        46,
        47,
        48,
        49,
        50,
        51,
        52,
        53,
        54
      ],
      "spike_source": "cluster_assigned",
      "volume": 1042.0
    },
    {
      "centroid": [
        39.428775787353516,
        25.80245590209961,
        18.209556579589844
      ],
      "classification": "Unknown",
      "consensus_spike_count": 1430,
      "druggability": 0.4898475706577301,
      "inter_spike_intervals": [
        1.0,
        5.0,
        1.0,
        1.0,
        1.0,
        1.0,
        1.0,
        2.0,
        1.0,
        3.0,
        1.0,
        1.0,
        1.0,
        1.0,
        1.0,
        1.0,
        1.0,
        1.0,
        1.0,
        1.0,
        1.0,
        6.0,
        1.0,
        1.0,
        1.0,
        1.0,
        1.0,
        1.0,
        4.0,
        1.0,
        1.0,
        1.0,
        1.0,
        1.0,
        1.0,
        1.0,
        1.0,
        1.0,
        1.0
      ],
      "site_id": 1,
      "spike_amplitudes": [
        9.895242691040039,
        11.309358596801758,
        21.658647537231445,
        13.381951332092285,
        12.947101593017578,
        5.877493381500244,
        6.020129680633545,
        6.439525127410889,
        8.080883026123047,
        8.048852920532227,
        11.141469955444336,
        5.870948314666748,
        6.15366268157959,
        6.34932279586792,
        10.341917991638184,
        10.048638343811035,
        12.881782531738281,
        10.300079345703125,
        13.842370986938477,
        8.052096366882324,
        6.040566921234131,
        6.243923187255859,
        11.037257194519043,
        5.709514617919922,
        6.3678388595581055,
        6.6979217529296875,
        7.12370491027832,
        8.038073539733887,
        11.561918258666992,
        5.8311944007873535,
        5.982852458953857,
        6.244652271270752,
        10.056747436523438,
        12.761027336120605,
        8.501411437988281,
        13.30297565460205,
        10.166646003723145,
        8.083234786987305,
        5.925328254699707,
        6.040652275085449
      ],
      "spike_count": 1430,
      "spike_frames": [
        0,
        1,
        6,
        7,
        8,
        9,
        10,
        11,
        13,
        14,
        17,
        18,
        19,
        20,
        21,
        22,
        23,
        24,
        25,
        26,
        27,
        28,
        34,
        35,
        36,
        37,
        38,
        39,
        40,
        44,
        45,
        46,
        47,
        48,
        49,
        50,
        51,
        52,
        53,
        54
      ],
      "spike_source": "cluster_assigned",
      "volume": 71.0
    }
  ],