scripts/validate_apo_holo.py:5: error: Skipping analyzing "pymol": module is installed, but missing library stubs or py.typed marker  [import-untyped]
scripts/validate_apo_holo.py:12: error: Function is missing a return type annotation  [no-untyped-def]
scripts/validate_apo_holo.py:12: note: Use "-> None" if function does not return a value
scripts/validate_apo_holo.py:85: error: Call to untyped function "build_apo_holo_overlay" in typed context  [no-untyped-call]
scripts/prism-clean.py:15: error: Function is missing a type annotation  [no-untyped-def]
scripts/prism-clean.py:80: error: Function is missing a return type annotation  [no-untyped-def]
scripts/prism-clean.py:80: note: Use "-> None" if function does not return a value
scripts/prism-clean.py:88: error: Call to untyped function "clean_pdb" in typed context  [no-untyped-call]
scripts/prism-clean.py:92: error: Call to untyped function "main" in typed context  [no-untyped-call]
scripts/build_pdf.py:82: error: Function is missing a return type annotation  [no-untyped-def]
scripts/build_pdf.py:173: error: Function is missing a type annotation  [no-untyped-def]
scripts/build_pdf.py:211: error: Call to untyped function "build_pdf_markdown" in typed context  [no-untyped-call]
scripts/build_pdf.py:214: error: Call to untyped function "convert_to_pdf" in typed context  [no-untyped-call]
scripts/auto_parameterize_ligands.py:9: error: Function is missing a type annotation  [no-untyped-def]
scripts/auto_parameterize_ligands.py:96: error: Call to untyped function "auto_parameterize_pdb" in typed context  [no-untyped-call]
scripts/arrow_to_parquet.py:142: error: Function is missing a return type annotation  [no-untyped-def]
scripts/arrow_to_parquet.py:150: error: Call to untyped function "main" in typed context  [no-untyped-call]
scripts/tests/test_writer_contract.py:17: error: Function is missing a return type annotation  [no-untyped-def]
scripts/tests/test_writer_contract.py:17: note: Use "-> None" if function does not return a value
scripts/tests/test_writer_contract.py:28: error: Function is missing a return type annotation  [no-untyped-def]
scripts/tests/test_writer_contract.py:28: note: Use "-> None" if function does not return a value
scripts/tests/test_writer_contract.py:34: error: Function is missing a return type annotation  [no-untyped-def]
scripts/tests/test_writer_contract.py:34: note: Use "-> None" if function does not return a value
scripts/stage1_sanitize_amber.py:155: error: Missing type arguments for generic type "list"  [type-arg]
scripts/stage1_sanitize_amber.py:166: error: Function is missing a return type annotation  [no-untyped-def]
scripts/stage1_sanitize_amber.py:211: error: Call to untyped function "main" in typed context  [no-untyped-call]
scripts/prepare_structure_openmm.py:21: error: Function is missing a return type annotation  [no-untyped-def]
scripts/prepare_structure_openmm.py:21: note: Use "-> None" if function does not return a value
scripts/prepare_structure_openmm.py:33: error: Skipping analyzing "openmm": module is installed, but missing library stubs or py.typed marker  [import-untyped]
scripts/prepare_structure_openmm.py:42: error: Skipping analyzing "pdbfixer": module is installed, but missing library stubs or py.typed marker  [import-untyped]
scripts/prepare_structure_openmm.py:183: error: Call to untyped function "main" in typed context  [no-untyped-call]
scripts/glycan_preprocessor.py:68: error: Function is missing a type annotation  [no-untyped-def]
scripts/glycan_preprocessor.py:104: error: Need type annotation for "glycan_connections"  [var-annotated]
scripts/glycan_preprocessor.py:410: error: Function is missing a return type annotation  [no-untyped-def]
scripts/glycan_preprocessor.py:430: error: Skipping analyzing "openmm": module is installed, but missing library stubs or py.typed marker  [import-untyped]
scripts/glycan_preprocessor.py:452: error: Function is missing a return type annotation  [no-untyped-def]
scripts/glycan_preprocessor.py:517: error: Call to untyped function "main" in typed context  [no-untyped-call]
scripts/coupled_spikes_to_parquet.py:32: error: Skipping analyzing "ijson": module is installed, but missing library stubs or py.typed marker  [import-untyped]
scripts/coupled_spikes_to_parquet.py:55: error: Need type annotation for "cols"  [var-annotated]
scripts/quarantine/pfr_render_panels.py:20: error: Skipping analyzing "pymol": module is installed, but missing library stubs or py.typed marker  [import-untyped]
scripts/quarantine/pfr_render_panels.py:21: error: Skipping analyzing "pymol.cgo": module is installed, but missing library stubs or py.typed marker  [import-untyped]
scripts/quarantine/pfr_render_panels.py:66: error: Function is missing a type annotation for one or more parameters  [no-untyped-def]
scripts/quarantine/pfr_render_panels.py:69: error: Returning Any from function declared to return "float"  [no-any-return]
scripts/quarantine/pfr_render_panels.py:72: error: Returning Any from function declared to return "float"  [no-any-return]
scripts/quarantine/pfr_render_panels.py:75: error: Function is missing a type annotation for one or more parameters  [no-untyped-def]
scripts/quarantine/pfr_render_panels.py:86: error: Function is missing a type annotation  [no-untyped-def]
scripts/quarantine/pfr_render_panels.py:93: error: Function is missing a return type annotation  [no-untyped-def]
scripts/quarantine/pfr_render_panels.py:93: note: Use "-> None" if function does not return a value
scripts/quarantine/pfr_render_panels.py:113: error: Function is missing a type annotation  [no-untyped-def]
scripts/quarantine/pfr_render_panels.py:119: error: Function is missing a type annotation  [no-untyped-def]
scripts/quarantine/pfr_render_panels.py:141: error: Function is missing a type annotation  [no-untyped-def]
scripts/quarantine/pfr_render_panels.py:145: error: Call to untyped function "cgo_sphere" in typed context  [no-untyped-call]
scripts/quarantine/pfr_render_panels.py:159: error: Function is missing a type annotation  [no-untyped-def]
scripts/quarantine/pfr_render_panels.py:199: error: Function is missing a type annotation  [no-untyped-def]
scripts/quarantine/pfr_render_panels.py:208: error: Function is missing a type annotation  [no-untyped-def]
scripts/quarantine/pfr_render_panels.py:209: error: Function is missing a type annotation  [no-untyped-def]
scripts/quarantine/pfr_render_panels.py:210: error: Function is missing a type annotation  [no-untyped-def]
scripts/quarantine/pfr_render_panels.py:214: error: Function is missing a type annotation  [no-untyped-def]
scripts/quarantine/pfr_render_panels.py:218: error: Call to untyped function "feat_xyz" in typed context  [no-untyped-call]
scripts/quarantine/pfr_render_panels.py:219: error: Call to untyped function "feat_vec" in typed context  [no-untyped-call]
scripts/quarantine/pfr_render_panels.py:229: error: Call to untyped function "feat_rgb" in typed context  [no-untyped-call]
scripts/quarantine/pfr_render_panels.py:235: error: Call to untyped function "feat_rgb" in typed context  [no-untyped-call]
scripts/quarantine/pfr_render_panels.py:241: error: Call to untyped function "cgo_sphere" in typed context  [no-untyped-call]
scripts/quarantine/pfr_render_panels.py:242: error: Call to untyped function "cgo_arrow" in typed context  [no-untyped-call]
scripts/quarantine/pfr_render_panels.py:245: error: Function is missing a type annotation  [no-untyped-def]
scripts/quarantine/pfr_render_panels.py:254: error: Function is missing a type annotation  [no-untyped-def]
scripts/quarantine/pfr_render_panels.py:259: error: Call to untyped function "add_tolerance_geometry" in typed context  [no-untyped-call]
scripts/quarantine/pfr_render_panels.py:259: error: Call to untyped function "feat_xyz" in typed context  [no-untyped-call]
scripts/quarantine/pfr_render_panels.py:259: error: Call to untyped function "feat_vec" in typed context  [no-untyped-call]
scripts/quarantine/pfr_render_panels.py:263: error: Function is missing a type annotation  [no-untyped-def]
scripts/quarantine/pfr_render_panels.py:274: error: Function is missing a type annotation  [no-untyped-def]
scripts/quarantine/pfr_render_panels.py:276: error: Call to untyped function "init_scene" in typed context  [no-untyped-call]
scripts/quarantine/pfr_render_panels.py:295: error: Call to untyped function "style_structure" in typed context  [no-untyped-call]
scripts/quarantine/pfr_render_panels.py:298: error: Call to untyped function "draw_features" in typed context  [no-untyped-call]
scripts/quarantine/pfr_render_panels.py:300: error: Call to untyped function "draw_features" in typed context  [no-untyped-call]
scripts/quarantine/pfr_render_panels.py:302: error: Call to untyped function "draw_features" in typed context  [no-untyped-call]
scripts/quarantine/pfr_render_panels.py:303: error: Call to untyped function "draw_features" in typed context  [no-untyped-call]
scripts/quarantine/pfr_render_panels.py:305: error: Call to untyped function "add_tolerance_for_first_hit" in typed context  [no-untyped-call]
scripts/quarantine/pfr_render_panels.py:307: error: Call to untyped function "draw_features" in typed context  [no-untyped-call]
scripts/quarantine/pfr_render_panels.py:314: error: Call to untyped function "focus" in typed context  [no-untyped-call]
scripts/quarantine/pfr_render_panels.py:316: error: Call to untyped function "render" in typed context  [no-untyped-call]
scripts/quarantine/pfr_render_panels.py:321: error: Function is missing a type annotation  [no-untyped-def]
scripts/quarantine/pfr_render_panels.py:335: error: Function is missing a type annotation  [no-untyped-def]
scripts/quarantine/pfr_render_panels.py:336: error: Call to untyped function "parse_args" in typed context  [no-untyped-call]
scripts/quarantine/pfr_render_panels.py:340: error: Call to untyped function "group" in typed context  [no-untyped-call]
scripts/quarantine/pfr_render_panels.py:341: error: Call to untyped function "group" in typed context  [no-untyped-call]
scripts/quarantine/pfr_render_panels.py:365: error: Call to untyped function "scene" in typed context  [no-untyped-call]
scripts/quarantine/pfr_render_panels.py:377: error: Call to untyped function "main" in typed context  [no-untyped-call]
scripts/scratch/raw_kcc_dump.py:18: error: Function is missing a type annotation for one or more parameters  [no-untyped-def]
scripts/scratch/raw_kcc_dump.py:22: error: Returning Any from function declared to return "int"  [no-any-return]
scripts/scratch/raw_kcc_dump.py:25: error: Function is missing a type annotation for one or more parameters  [no-untyped-def]
scripts/scratch/raw_kcc_dump.py:62: error: No overload variant of "int" matches argument type "object"  [call-overload]
scripts/scratch/raw_kcc_dump.py:62: note: Possible overload variants:
scripts/scratch/raw_kcc_dump.py:62: note:     def int(str | Buffer | SupportsInt | SupportsIndex | SupportsTrunc = ..., /) -> int
scripts/scratch/raw_kcc_dump.py:62: note:     def int(str | bytes | bytearray, /, base: SupportsIndex) -> int
scripts/scratch/raw_kcc_dump.py:63: error: No overload variant of "int" matches argument type "object"  [call-overload]
scripts/scratch/raw_kcc_dump.py:63: note: Possible overload variants:
scripts/scratch/raw_kcc_dump.py:63: note:     def int(str | Buffer | SupportsInt | SupportsIndex | SupportsTrunc = ..., /) -> int
scripts/scratch/raw_kcc_dump.py:63: note:     def int(str | bytes | bytearray, /, base: SupportsIndex) -> int
scripts/scratch/raw_kcc_dump.py:69: error: No overload variant of "int" matches argument type "object"  [call-overload]
scripts/scratch/raw_kcc_dump.py:69: note: Possible overload variants:
scripts/scratch/raw_kcc_dump.py:69: note:     def int(str | Buffer | SupportsInt | SupportsIndex | SupportsTrunc = ..., /) -> int
scripts/scratch/raw_kcc_dump.py:69: note:     def int(str | bytes | bytearray, /, base: SupportsIndex) -> int
scripts/verify_dossier.py:9: error: Function is missing a type annotation  [no-untyped-def]
scripts/verify_dossier.py:69: error: Call to untyped function "verify_dossier" in typed context  [no-untyped-call]
scripts/validate_structure.py:139: error: Missing type arguments for generic type "Dict"  [type-arg]
scripts/validate_structure.py:174: error: Function is missing a return type annotation  [no-untyped-def]
scripts/validate_structure.py:174: error: Missing type arguments for generic type "Dict"  [type-arg]
scripts/validate_structure.py:210: error: Function is missing a return type annotation  [no-untyped-def]
scripts/validate_structure.py:210: error: Missing type arguments for generic type "Dict"  [type-arg]
scripts/validate_structure.py:272: error: Function is missing a return type annotation  [no-untyped-def]
scripts/validate_structure.py:272: error: Missing type arguments for generic type "Dict"  [type-arg]
scripts/validate_structure.py:275: error: Need type annotation for "cys_residues"  [var-annotated]
scripts/validate_structure.py:318: error: Function is missing a return type annotation  [no-untyped-def]
scripts/validate_structure.py:318: error: Missing type arguments for generic type "Dict"  [type-arg]
scripts/validate_structure.py:387: error: Unsupported operand types for < ("float" and "object")  [operator]
scripts/validate_structure.py:390: error: Unsupported operand types for * ("object" and "int")  [operator]
scripts/validate_structure.py:398: error: Function is missing a return type annotation  [no-untyped-def]
scripts/validate_structure.py:398: error: Missing type arguments for generic type "Dict"  [type-arg]
scripts/validate_structure.py:403: error: Need type annotation for "residues"  [var-annotated]
scripts/validate_structure.py:449: error: Function is missing a return type annotation  [no-untyped-def]
scripts/validate_structure.py:449: error: Missing type arguments for generic type "Dict"  [type-arg]
scripts/validate_structure.py:476: error: Function is missing a return type annotation  [no-untyped-def]
scripts/validate_structure.py:582: error: Function is missing a return type annotation  [no-untyped-def]
scripts/validate_structure.py:688: error: Function is missing a return type annotation  [no-untyped-def]
scripts/validate_structure.py:726: error: Call to untyped function "main" in typed context  [no-untyped-call]
scripts/test_rerank.py:38: error: Function is missing a return type annotation  [no-untyped-def]
scripts/test_rerank.py:61: error: Function is missing a type annotation  [no-untyped-def]
scripts/test_rerank.py:65: error: Function is missing a type annotation  [no-untyped-def]
scripts/test_rerank.py:98: error: Function is missing a type annotation  [no-untyped-def]
scripts/test_rerank.py:107: error: Call to untyped function "compute_dcc" in typed context  [no-untyped-call]
scripts/test_rerank.py:111: error: Call to untyped function "rerank" in typed context  [no-untyped-call]
scripts/test_rerank.py:129: error: Function is missing a return type annotation  [no-untyped-def]
scripts/test_rerank.py:130: error: Call to untyped function "load_ground_truth" in typed context  [no-untyped-call]
scripts/test_rerank.py:164: error: Call to untyped function "evaluate" in typed context  [no-untyped-call]
scripts/test_rerank.py:190: error: Function is missing a type annotation  [no-untyped-def]
scripts/test_rerank.py:195: error: Call to untyped function "sr" in typed context  [no-untyped-call]
scripts/test_rerank.py:199: error: Call to untyped function "main" in typed context  [no-untyped-call]
scripts/test_coherence_layer.py:20: error: Function is missing a type annotation  [no-untyped-def]
scripts/test_coherence_layer.py:23: error: Function is missing a type annotation  [no-untyped-def]
scripts/test_coherence_layer.py:30: error: Function is missing a type annotation  [no-untyped-def]
scripts/test_coherence_layer.py:37: error: Function is missing a type annotation  [no-untyped-def]
scripts/test_coherence_layer.py:38: error: Call to untyped function "therm_score" in typed context  [no-untyped-call]
scripts/test_coherence_layer.py:38: error: Call to untyped function "coherence_score" in typed context  [no-untyped-call]
scripts/test_coherence_layer.py:40: error: Function is missing a return type annotation  [no-untyped-def]
scripts/test_coherence_layer.py:57: error: Function is missing a return type annotation  [no-untyped-def]
scripts/test_coherence_layer.py:58: error: Call to untyped function "load_gt" in typed context  [no-untyped-call]
scripts/test_coherence_layer.py:88: error: Call to untyped function "dcc" in typed context  [no-untyped-call]
scripts/test_coherence_layer.py:89: error: Call to untyped function "therm_score" in typed context  [no-untyped-call]
scripts/test_coherence_layer.py:90: error: Call to untyped function "coherence_score" in typed context  [no-untyped-call]
scripts/test_coherence_layer.py:91: error: Call to untyped function "combined_score" in typed context  [no-untyped-call]
scripts/test_coherence_layer.py:133: error: Call to untyped function "run" in typed context  [no-untyped-call]
scripts/stage2_topology_glycam.py:29: error: Skipping analyzing "openmm": module is installed, but missing library stubs or py.typed marker  [import-untyped]
scripts/stage2_topology_glycam.py:116: error: Missing type arguments for generic type "dict"  [type-arg]
scripts/stage2_topology_glycam.py:244: error: Name "LangevinMiddleIntegrator" is not defined  [name-defined]
scripts/stage2_topology_glycam.py:308: error: Need type annotation for "exclusions"  [var-annotated]
scripts/stage2_topology_glycam.py:393: error: Call to untyped function "build_h_clusters" in typed context  [no-untyped-call]
scripts/stage2_topology_glycam.py:470: error: Function is missing a type annotation  [no-untyped-def]
scripts/stage2_topology_glycam.py:524: error: Function is missing a return type annotation  [no-untyped-def]
scripts/stage2_topology_glycam.py:595: error: Call to untyped function "main" in typed context  [no-untyped-call]
scripts/stage2_topology.py:30: error: Skipping analyzing "openmm": module is installed, but missing library stubs or py.typed marker  [import-untyped]
scripts/stage2_topology.py:140: error: Function is missing a type annotation  [no-untyped-def]
scripts/stage2_topology.py:149: error: Function is missing a type annotation  [no-untyped-def]
scripts/stage2_topology.py:157: error: Call to untyped function "_residue_key" in typed context  [no-untyped-call]
scripts/stage2_topology.py:162: error: Function is missing a type annotation  [no-untyped-def]
scripts/stage2_topology.py:168: error: Function is missing a type annotation  [no-untyped-def]
scripts/stage2_topology.py:184: error: Call to untyped function "_cys_sg_atoms" in typed context  [no-untyped-call]
scripts/stage2_topology.py:191: error: Call to untyped function "_atom_distance_angstrom" in typed context  [no-untyped-call]
scripts/stage2_topology.py:273: error: Function is missing a type annotation  [no-untyped-def]
scripts/stage2_topology.py:288: error: Need type annotation for "aromatic_targets" (hint: "aromatic_targets: list[<type>] = ...")  [var-annotated]
scripts/stage2_topology.py:378: error: Function is missing a type annotation  [no-untyped-def]
scripts/stage2_topology.py:400: error: Function is missing a type annotation  [no-untyped-def]
scripts/stage2_topology.py:454: error: Missing type arguments for generic type "dict"  [type-arg]
scripts/stage2_topology.py:487: error: Call to untyped function "enforce_disulfides" in typed context  [no-untyped-call]
scripts/stage2_topology.py:493: error: Call to untyped function "add_terminal_caps" in typed context  [no-untyped-call]
scripts/stage2_topology.py:504: error: Call to untyped function "assign_histidine_tautomers" in typed context  [no-untyped-call]
scripts/stage2_topology.py:554: error: Name "LangevinMiddleIntegrator" is not defined  [name-defined]
scripts/stage2_topology.py:651: error: Need type annotation for "impropers" (hint: "impropers: list[<type>] = ...")  [var-annotated]
scripts/stage2_topology.py:654: error: Need type annotation for "exclusions"  [var-annotated]
scripts/stage2_topology.py:767: error: Call to untyped function "build_h_clusters" in typed context  [no-untyped-call]
scripts/stage2_topology.py:856: error: Need type annotation for "residue_to_atom_indices" (hint: "residue_to_atom_indices: dict[<type>, <type>] = ...")  [var-annotated]
scripts/stage2_topology.py:872: error: Call to untyped function "detect_aromatic_targets" in typed context  [no-untyped-call]
scripts/stage2_topology.py:940: error: Function is missing a type annotation  [no-untyped-def]
scripts/stage2_topology.py:994: error: Missing type arguments for generic type "list"  [type-arg]
scripts/stage2_topology.py:1017: error: Need type annotation for "h_count"  [var-annotated]
scripts/stage2_topology.py:1057: error: Function is missing a return type annotation  [no-untyped-def]
scripts/stage2_topology.py:1124: error: Call to untyped function "main" in typed context  [no-untyped-call]
scripts/run_cryptobench.py:62: error: Returning Any from function declared to return "dict[str, Any] | None"  [no-any-return]
scripts/run_cryptobench.py:156: error: Missing type arguments for generic type "Dict"  [type-arg]
scripts/run_cryptobench.py:161: error: Function is missing a type annotation  [no-untyped-def]
scripts/run_cryptobench.py:174: error: Call to untyped function "sr" in typed context  [no-untyped-call]
scripts/run_cryptobench.py:181: error: Function is missing a return type annotation  [no-untyped-def]
scripts/run_cryptobench.py:181: note: Use "-> None" if function does not return a value
scripts/run_cryptobench.py:264: error: Call to untyped function "main" in typed context  [no-untyped-call]
scripts/rerank_sites.py:32: error: Missing type arguments for generic type "dict"  [type-arg]
scripts/rerank_sites.py:72: error: Returning Any from function declared to return "float"  [no-any-return]
scripts/rerank_sites.py:75: error: Missing type arguments for generic type "dict"  [type-arg]
scripts/rerank_sites.py:136: error: Missing type arguments for generic type "list"  [type-arg]
scripts/rerank_sites.py:145: error: Function is missing a return type annotation  [no-untyped-def]
scripts/rerank_sites.py:145: note: Use "-> None" if function does not return a value
scripts/rerank_sites.py:201: error: Call to untyped function "main" in typed context  [no-untyped-call]
scripts/ranking_lab_v2.py:36: error: Function is missing a type annotation  [no-untyped-def]
scripts/ranking_lab_v2.py:38: error: Function is missing a type annotation  [no-untyped-def]
scripts/ranking_lab_v2.py:46: error: Function is missing a type annotation  [no-untyped-def]
scripts/ranking_lab_v2.py:56: error: Call to untyped function "pct_norm" in typed context  [no-untyped-call]
scripts/ranking_lab_v2.py:61: error: Call to untyped function "pct_norm" in typed context  [no-untyped-call]
scripts/ranking_lab_v2.py:67: error: Call to untyped function "pct_norm" in typed context  [no-untyped-call]
scripts/ranking_lab_v2.py:72: error: Call to untyped function "pct_norm" in typed context  [no-untyped-call]
scripts/ranking_lab_v2.py:76: error: Call to untyped function "pct_norm" in typed context  [no-untyped-call]
scripts/ranking_lab_v2.py:80: error: Call to untyped function "pct_norm" in typed context  [no-untyped-call]
scripts/ranking_lab_v2.py:84: error: Call to untyped function "pct_norm" in typed context  [no-untyped-call]
scripts/ranking_lab_v2.py:88: error: Call to untyped function "pct_norm" in typed context  [no-untyped-call]
scripts/ranking_lab_v2.py:92: error: Call to untyped function "pct_norm" in typed context  [no-untyped-call]
scripts/ranking_lab_v2.py:129: error: Function is missing a type annotation  [no-untyped-def]
scripts/ranking_lab_v2.py:136: error: Call to untyped function "rf_ranks" in typed context  [no-untyped-call]
scripts/ranking_lab_v2.py:137: error: Call to untyped function "rf_ranks" in typed context  [no-untyped-call]
scripts/ranking_lab_v2.py:138: error: Call to untyped function "rf_ranks" in typed context  [no-untyped-call]
scripts/ranking_lab_v2.py:139: error: Call to untyped function "rf_ranks" in typed context  [no-untyped-call]
scripts/ranking_lab_v2.py:140: error: Call to untyped function "rf_ranks" in typed context  [no-untyped-call]
scripts/ranking_lab_v2.py:141: error: Call to untyped function "rf_ranks" in typed context  [no-untyped-call]
scripts/ranking_lab_v2.py:142: error: Call to untyped function "rf_ranks" in typed context  [no-untyped-call]
scripts/ranking_lab_v2.py:143: error: Call to untyped function "rf_ranks" in typed context  [no-untyped-call]
scripts/ranking_lab_v2.py:194: error: Call to untyped function "compute_neuromorphic_score" in typed context  [no-untyped-call]
scripts/ranking_lab_v2.py:202: error: Call to untyped function "compute_neuromorphic_score" in typed context  [no-untyped-call]
scripts/ranking_lab_v2.py:208: error: Call to untyped function "dist" in typed context  [no-untyped-call]
scripts/ranking_lab_v2.py:209: error: Call to untyped function "dist" in typed context  [no-untyped-call]
scripts/ranking_lab.py:43: error: Function is missing a type annotation  [no-untyped-def]
scripts/ranking_lab.py:46: error: Function is missing a type annotation  [no-untyped-def]
scripts/ranking_lab.py:56: error: Function is missing a return type annotation  [no-untyped-def]
scripts/ranking_lab.py:74: error: Function is missing a return type annotation  [no-untyped-def]
scripts/ranking_lab.py:114: error: Incompatible types in assignment (expression has type "str", target has type "def <lambda>(s: Any, **kw: Any) -> Any")  [assignment]
scripts/ranking_lab.py:161: error: Function is missing a type annotation  [no-untyped-def]
scripts/ranking_lab.py:181: error: Call to untyped function "dist" in typed context  [no-untyped-call]
scripts/ranking_lab.py:182: error: Call to untyped function "dist" in typed context  [no-untyped-call]
scripts/ranking_lab.py:183: error: Call to untyped function "dist" in typed context  [no-untyped-call]
scripts/ranking_lab.py:195: error: Function is missing a return type annotation  [no-untyped-def]
scripts/ranking_lab.py:197: error: Call to untyped function "load_all" in typed context  [no-untyped-call]
scripts/ranking_lab.py:198: error: Call to untyped function "make_formulas" in typed context  [no-untyped-call]
scripts/ranking_lab.py:217: error: Call to untyped function "evaluate" in typed context  [no-untyped-call]
scripts/ranking_lab.py:261: error: Call to untyped function "main" in typed context  [no-untyped-call]
scripts/rank_search.py:41: error: Function is missing a type annotation for one or more parameters  [no-untyped-def]
scripts/rank_search.py:57: error: Missing type arguments for generic type "Dict"  [type-arg]
scripts/rank_search.py:62: error: Missing type arguments for generic type "Dict"  [type-arg]
scripts/rank_search.py:67: error: Missing type arguments for generic type "Callable"  [type-arg]
scripts/rank_search.py:85: error: Missing type arguments for generic type "Dict"  [type-arg]
scripts/rank_search.py:106: error: Missing type arguments for generic type "Dict"  [type-arg]
scripts/rank_search.py:149: error: Missing type arguments for generic type "Dict"  [type-arg]
scripts/prism_twin_forensic_schema_audit.py:325: error: Incompatible types in assignment (expression has type "str", target has type "dict[str, Any]")  [assignment]
scripts/prism_twin_forensic_schema_audit.py:346: error: "Collection[str]" has no attribute "append"  [attr-defined]
scripts/prism_twin_forensic_schema_audit.py:511: error: Incompatible types in assignment (expression has type "Path | None", variable has type "Path")  [assignment]
scripts/prism_chronic_durability_bridge.py:170: error: Returning Any from function declared to return "dict[str, Any]"  [no-any-return]
scripts/prism_chronic_durability_bridge.py:176: error: Returning Any from function declared to return "int | None"  [no-any-return]
scripts/prism_chronic_durability_bridge.py:208: error: Generator has incompatible item type "Any | None"; expected "bool"  [misc]
scripts/prism-preflight.py:37: error: Function is missing a type annotation  [no-untyped-def]
scripts/prism-preflight.py:60: error: Incompatible types in assignment (expression has type "str", variable has type "TextIOWrapper[_WrappedBuffer]")  [assignment]
scripts/prism-preflight.py:151: error: Incompatible types in assignment (expression has type "str", variable has type "TextIOWrapper[_WrappedBuffer]")  [assignment]
scripts/prism-preflight.py:160: error: Function is missing a type annotation  [no-untyped-def]
scripts/prism-preflight.py:178: error: Function is missing a return type annotation  [no-untyped-def]
scripts/prism-preflight.py:178: note: Use "-> None" if function does not return a value
scripts/prism-preflight.py:185: error: Call to untyped function "preflight" in typed context  [no-untyped-call]
scripts/prism-preflight.py:190: error: Call to untyped function "validate_chain_map" in typed context  [no-untyped-call]
scripts/prism-preflight.py:196: error: Call to untyped function "main" in typed context  [no-untyped-call]
scripts/prism-postflight.py:26: error: Function is missing a type annotation  [no-untyped-def]
scripts/prism-postflight.py:49: error: Incompatible types in assignment (expression has type "TextIOWrapper[_WrappedBuffer]", variable has type "str")  [assignment]
scripts/prism-postflight.py:50: error: Argument 1 to "load" has incompatible type "str"; expected "SupportsRead[str | bytes]"  [arg-type]
scripts/prism-postflight.py:72: error: Incompatible types in assignment (expression has type "TextIOWrapper[_WrappedBuffer]", variable has type "str")  [assignment]
scripts/prism-postflight.py:73: error: Argument 1 to "load" has incompatible type "str"; expected "SupportsRead[str | bytes]"  [arg-type]
scripts/prism-postflight.py:159: error: Incompatible types in assignment (expression has type "TextIOWrapper[_WrappedBuffer]", variable has type "str")  [assignment]
scripts/prism-postflight.py:160: error: Argument 1 to "load" has incompatible type "str"; expected "SupportsRead[str | bytes]"  [arg-type]
scripts/prism-postflight.py:203: error: Call to untyped function "run_dcc_validation" in typed context  [no-untyped-call]
scripts/prism-postflight.py:224: error: Function is missing a type annotation  [no-untyped-def]
scripts/prism-postflight.py:237: error: Function is missing a type annotation  [no-untyped-def]
scripts/prism-postflight.py:241: error: Function is missing a type annotation  [no-untyped-def]
scripts/prism-postflight.py:253: error: Function is missing a type annotation  [no-untyped-def]
scripts/prism-postflight.py:312: error: Call to untyped function "_site_centroid" in typed context  [no-untyped-call]
scripts/prism-postflight.py:322: error: Call to untyped function "_euclid" in typed context  [no-untyped-call]
scripts/prism-postflight.py:340: error: Call to untyped function "_grade" in typed context  [no-untyped-call]
scripts/prism-postflight.py:343: error: Function is missing a type annotation  [no-untyped-def]
scripts/prism-postflight.py:366: error: Need type annotation for "chains_seen" (hint: "chains_seen: set[<type>] = ...")  [var-annotated]
scripts/prism-postflight.py:391: error: Function is missing a return type annotation  [no-untyped-def]
scripts/prism-postflight.py:391: note: Use "-> None" if function does not return a value
scripts/prism-postflight.py:399: error: Call to untyped function "postflight" in typed context  [no-untyped-call]
scripts/prism-postflight.py:402: error: Call to untyped function "translate_residues" in typed context  [no-untyped-call]
scripts/prism-postflight.py:408: error: Call to untyped function "main" in typed context  [no-untyped-call]
scripts/prism-lookup-residue.py:16: error: Function is missing a type annotation  [no-untyped-def]
scripts/prism-lookup-residue.py:24: error: Function is missing a type annotation  [no-untyped-def]
scripts/prism-lookup-residue.py:41: error: Function is missing a return type annotation  [no-untyped-def]
scripts/prism-lookup-residue.py:41: note: Use "-> None" if function does not return a value
scripts/prism-lookup-residue.py:49: error: Call to untyped function "load_chain_map" in typed context  [no-untyped-call]
scripts/prism-lookup-residue.py:70: error: Call to untyped function "lookup" in typed context  [no-untyped-call]
scripts/prism-lookup-residue.py:80: error: Call to untyped function "main" in typed context  [no-untyped-call]
scripts/pocket_fusion.py:56: error: Function is missing a type annotation for one or more parameters  [no-untyped-def]
scripts/pocket_fusion.py:84: error: Missing type arguments for generic type "Dict"  [type-arg]
scripts/pocket_fusion.py:95: error: Missing type arguments for generic type "Dict"  [type-arg]
scripts/pocket_fusion.py:107: error: Missing type arguments for generic type "Dict"  [type-arg]
scripts/pocket_fusion.py:135: error: Missing type arguments for generic type "Dict"  [type-arg]
scripts/pocket_fusion.py:148: error: Function is missing a return type annotation  [no-untyped-def]
scripts/pocket_fusion.py:148: error: Missing type arguments for generic type "Dict"  [type-arg]
scripts/pocket_fusion.py:158: error: Function is missing a type annotation for one or more parameters  [no-untyped-def]
scripts/pocket_fusion.py:158: error: Missing type arguments for generic type "Dict"  [type-arg]
scripts/pocket_fusion.py:159: error: Missing type arguments for generic type "Dict"  [type-arg]
scripts/pocket_fusion.py:166: error: Function is missing a type annotation  [no-untyped-def]
scripts/pocket_fusion.py:171: error: Function is missing a type annotation  [no-untyped-def]
scripts/pocket_fusion.py:172: error: Call to untyped function "find" in typed context  [no-untyped-call]
scripts/pocket_fusion.py:186: error: Call to untyped function "union" in typed context  [no-untyped-call]
scripts/pocket_fusion.py:192: error: Call to untyped function "find" in typed context  [no-untyped-call]
scripts/pocket_fusion.py:256: error: Function is missing a type annotation for one or more parameters  [no-untyped-def]
scripts/pocket_fusion.py:256: error: Missing type arguments for generic type "Dict"  [type-arg]
scripts/pocket_fusion.py:288: error: Missing type arguments for generic type "Dict"  [type-arg]
scripts/pocket_fusion.py:296: error: Missing type arguments for generic type "Dict"  [type-arg]
scripts/pocket_fusion.py:308: error: Function is missing a return type annotation  [no-untyped-def]
scripts/pocket_fusion.py:374: error: Function is missing a type annotation  [no-untyped-def]
scripts/pocket_fusion.py:382: error: Call to untyped function "grade" in typed context  [no-untyped-call]
scripts/pocket_fusion.py:383: error: Call to untyped function "grade" in typed context  [no-untyped-call]
scripts/pocket_fusion.py:384: error: Unsupported operand types for - ("None" and "float")  [operator]
scripts/pocket_fusion.py:384: note: Left operand is of type "float | None"
scripts/pocket_fusion.py:392: error: Argument 1 to "round" has incompatible type "float | None"; expected "_SupportsRound2[float]"  [arg-type]
scripts/pocket_fusion.py:404: error: Call to untyped function "main" in typed context  [no-untyped-call]
scripts/p2rank_rescore.py:108: error: Returning Any from function declared to return "dict[str, Any]"  [no-any-return]
scripts/p2rank_rescore.py:157: error: Returning Any from function declared to return "dict[str, Any]"  [no-any-return]
scripts/multichain_preprocessor.py:67: error: Cannot find implementation or library stub for module named "glycan_preprocessor"  [import-not-found]
scripts/multichain_preprocessor.py:68: error: Cannot find implementation or library stub for module named "interchain_contacts"  [import-not-found]
scripts/multichain_preprocessor.py:71: error: Missing type arguments for generic type "Dict"  [type-arg]
scripts/multichain_preprocessor.py:86: error: Need type annotation for "chains"  [var-annotated]
scripts/multichain_preprocessor.py:316: error: Incompatible default for parameter "work_dir" (default has type "None", parameter has type "str")  [assignment]
scripts/multichain_preprocessor.py:316: note: PEP 484 prohibits implicit Optional. Accordingly, mypy has changed its default to no_implicit_optional=True
scripts/multichain_preprocessor.py:316: note: Use https://github.com/hauntsaninja/no_implicit_optional to automatically upgrade your codebase
scripts/multichain_preprocessor.py:416: error: Incompatible default for parameter "work_dir" (default has type "None", parameter has type "str")  [assignment]
scripts/multichain_preprocessor.py:416: note: PEP 484 prohibits implicit Optional. Accordingly, mypy has changed its default to no_implicit_optional=True
scripts/multichain_preprocessor.py:416: note: Use https://github.com/hauntsaninja/no_implicit_optional to automatically upgrade your codebase
scripts/multichain_preprocessor.py:520: error: Function is missing a return type annotation  [no-untyped-def]
scripts/multichain_preprocessor.py:587: error: Call to untyped function "main" in typed context  [no-untyped-call]
scripts/interchain_contacts.py:414: error: Function is missing a return type annotation  [no-untyped-def]
scripts/interchain_contacts.py:451: error: Call to untyped function "main" in typed context  [no-untyped-call]
scripts/generate_pymol_viz.py:20: error: Library stubs not installed for "pandas"  [import-untyped]
scripts/generate_pymol_viz.py:23: error: Function is missing a return type annotation  [no-untyped-def]
scripts/generate_pymol_viz.py:56: error: Function is missing a return type annotation  [no-untyped-def]
scripts/generate_pymol_viz.py:261: error: Function is missing a return type annotation  [no-untyped-def]
scripts/generate_pymol_viz.py:345: error: Function is missing a return type annotation  [no-untyped-def]
scripts/generate_pymol_viz.py:345: note: Use "-> None" if function does not return a value
scripts/generate_pymol_viz.py:410: error: Call to untyped function "main" in typed context  [no-untyped-call]
scripts/generate_chimerax_viz.py:17: error: Library stubs not installed for "pandas"  [import-untyped]
scripts/generate_chimerax_viz.py:20: error: Function is missing a return type annotation  [no-untyped-def]
scripts/generate_chimerax_viz.py:53: error: Function is missing a return type annotation  [no-untyped-def]
scripts/generate_chimerax_viz.py:194: error: Function is missing a return type annotation  [no-untyped-def]
scripts/generate_chimerax_viz.py:218: error: Function is missing a return type annotation  [no-untyped-def]
scripts/generate_chimerax_viz.py:218: note: Use "-> None" if function does not return a value
scripts/generate_chimerax_viz.py:282: error: Call to untyped function "main" in typed context  [no-untyped-call]
scripts/create_prism_topology.py:5: error: Function is missing a type annotation  [no-untyped-def]
scripts/create_prism_topology.py:6: error: Need type annotation for "atoms" (hint: "atoms: list[<type>] = ...")  [var-annotated]
scripts/create_prism_topology.py:73: error: Value of type "object" is not indexable  [index]
scripts/create_prism_topology.py:74: error: Value of type "object" is not indexable  [index]
scripts/create_prism_topology.py:84: error: Call to untyped function "create_topology" in typed context  [no-untyped-call]
scripts/combine_chain_topologies.py:11: error: Function is missing a type annotation  [no-untyped-def]
scripts/combine_chain_topologies.py:48: error: "object" has no attribute "extend"  [attr-defined]
scripts/combine_chain_topologies.py:49: error: "object" has no attribute "extend"  [attr-defined]
scripts/combine_chain_topologies.py:50: error: "object" has no attribute "extend"  [attr-defined]
scripts/combine_chain_topologies.py:51: error: "object" has no attribute "extend"  [attr-defined]
scripts/combine_chain_topologies.py:52: error: "object" has no attribute "extend"  [attr-defined]
scripts/combine_chain_topologies.py:53: error: "object" has no attribute "extend"  [attr-defined]
scripts/combine_chain_topologies.py:54: error: "object" has no attribute "extend"  [attr-defined]
scripts/combine_chain_topologies.py:55: error: "object" has no attribute "extend"  [attr-defined]
scripts/combine_chain_topologies.py:56: error: "object" has no attribute "extend"  [attr-defined]
scripts/combine_chain_topologies.py:57: error: "object" has no attribute "extend"  [attr-defined]
scripts/combine_chain_topologies.py:67: error: "object" has no attribute "append"  [attr-defined]
scripts/combine_chain_topologies.py:78: error: "object" has no attribute "append"  [attr-defined]
scripts/combine_chain_topologies.py:91: error: "object" has no attribute "append"  [attr-defined]
scripts/combine_chain_topologies.py:96: error: "object" has no attribute "append"  [attr-defined]
scripts/combine_chain_topologies.py:117: error: "object" has no attribute "append"  [attr-defined]
scripts/combine_chain_topologies.py:121: error: "object" has no attribute "append"  [attr-defined]
scripts/combine_chain_topologies.py:126: error: Unsupported operand types for + ("object" and "int")  [operator]
scripts/combine_chain_topologies.py:155: error: Call to untyped function "combine_topologies" in typed context  [no-untyped-call]
scripts/bayesian_rerank.py:95: error: Missing type arguments for generic type "Dict"  [type-arg]
scripts/bayesian_rerank.py:96: error: Missing type arguments for generic type "Dict"  [type-arg]
scripts/bayesian_rerank.py:130: error: Missing type arguments for generic type "Dict"  [type-arg]
scripts/bayesian_rerank.py:165: error: Missing type arguments for generic type "Dict"  [type-arg]
scripts/bayesian_rerank.py:215: error: Missing type arguments for generic type "Dict"  [type-arg]
scripts/bayesian_rerank.py:216: error: Missing type arguments for generic type "Dict"  [type-arg]
scripts/bayesian_rerank.py:279: error: Missing type arguments for generic type "Dict"  [type-arg]
scripts/bayesian_rerank.py:289: error: Function is missing a type annotation  [no-untyped-def]
scripts/bayesian_rerank.py:293: error: Call to untyped function "dcc" in typed context  [no-untyped-call]
scripts/bayesian_rerank.py:296: error: Call to untyped function "dcc" in typed context  [no-untyped-call]
scripts/bayesian_rerank.py:301: error: Call to untyped function "dcc" in typed context  [no-untyped-call]
scripts/bayesian_rerank.py:311: error: Function is missing a type annotation  [no-untyped-def]
scripts/bayesian_rerank.py:317: error: Call to untyped function "grade" in typed context  [no-untyped-call]
scripts/bayesian_rerank.py:318: error: Call to untyped function "grade" in typed context  [no-untyped-call]
scripts/bayesian_rerank.py:328: error: Function is missing a return type annotation  [no-untyped-def]
scripts/bayesian_rerank.py:328: note: Use "-> None" if function does not return a value
scripts/bayesian_rerank.py:372: error: Call to untyped function "main" in typed context  [no-untyped-call]
scripts/tests/test_blob_policy.py:20: error: Function is missing a return type annotation  [no-untyped-def]
scripts/tests/test_blob_policy.py:20: note: Use "-> None" if function does not return a value
scripts/tests/test_blob_policy.py:29: error: Function is missing a return type annotation  [no-untyped-def]
scripts/tests/test_blob_policy.py:29: note: Use "-> None" if function does not return a value
scripts/tests/test_blob_policy.py:34: error: Function is missing a return type annotation  [no-untyped-def]
scripts/tests/test_blob_policy.py:34: note: Use "-> None" if function does not return a value
scripts/tests/test_blob_policy.py:42: error: Function is missing a return type annotation  [no-untyped-def]
scripts/tests/test_blob_policy.py:42: note: Use "-> None" if function does not return a value
scripts/quarantine/verify_twin_provenance.py:34: error: Cannot find implementation or library stub for module named "prism_prov"  [import-not-found]
scripts/quarantine/validate_dcc_smoke5.py:31: error: Function is missing a type annotation  [no-untyped-def]
scripts/quarantine/validate_dcc_smoke5.py:36: error: Need type annotation for "groups" (hint: "groups: dict[<type>, <type>] = ...")  [var-annotated]
scripts/quarantine/validate_dcc_smoke5.py:60: error: Function is missing a type annotation  [no-untyped-def]
scripts/quarantine/validate_dcc_smoke5.py:69: error: Function is missing a type annotation  [no-untyped-def]
scripts/quarantine/validate_dcc_smoke5.py:73: error: Function is missing a type annotation  [no-untyped-def]
scripts/quarantine/validate_dcc_smoke5.py:110: error: Call to untyped function "centroid" in typed context  [no-untyped-call]
scripts/quarantine/validate_dcc_smoke5.py:114: error: Function is missing a type annotation  [no-untyped-def]
scripts/quarantine/validate_dcc_smoke5.py:137: error: Function is missing a type annotation  [no-untyped-def]
scripts/quarantine/validate_dcc_smoke5.py:149: error: Function is missing a type annotation  [no-untyped-def]
scripts/quarantine/validate_dcc_smoke5.py:159: error: Call to untyped function "parse_ligand_atoms" in typed context  [no-untyped-call]
scripts/quarantine/validate_dcc_smoke5.py:164: error: Call to untyped function "select_best_ligand" in typed context  [no-untyped-call]
scripts/quarantine/validate_dcc_smoke5.py:173: error: Call to untyped function "load_engine_sites" in typed context  [no-untyped-call]
scripts/quarantine/validate_dcc_smoke5.py:180: error: Call to untyped function "dist" in typed context  [no-untyped-call]
scripts/quarantine/validate_dcc_smoke5.py:186: error: Call to untyped function "dist" in typed context  [no-untyped-call]
scripts/quarantine/validate_dcc_smoke5.py:190: error: Call to untyped function "grade" in typed context  [no-untyped-call]
scripts/quarantine/validate_dcc_smoke5.py:204: error: Call to untyped function "grade" in typed context  [no-untyped-call]
scripts/quarantine/validate_dcc_smoke5.py:217: error: Function is missing a return type annotation  [no-untyped-def]
scripts/quarantine/validate_dcc_smoke5.py:231: error: Call to untyped function "validate_target" in typed context  [no-untyped-call]
scripts/quarantine/validate_dcc_smoke5.py:281: error: Call to untyped function "main" in typed context  [no-untyped-call]
scripts/quarantine/run_metadata_writer.py:55: error: Missing type arguments for generic type "dict"  [type-arg]
scripts/quarantine/run_metadata_writer.py:149: error: Function is missing a return type annotation  [no-untyped-def]
scripts/quarantine/run_metadata_writer.py:149: note: Use "-> None" if function does not return a value
scripts/quarantine/run_metadata_writer.py:159: error: Call to untyped function "main" in typed context  [no-untyped-call]
scripts/quarantine/reranker_v4_six_pillar_manifold.py:9: error: Function is missing a type annotation  [no-untyped-def]
scripts/quarantine/reranker_v4_six_pillar_manifold.py:14: error: Function is missing a type annotation  [no-untyped-def]
scripts/quarantine/reranker_v4_six_pillar_manifold.py:22: error: Function is missing a type annotation  [no-untyped-def]
scripts/quarantine/reranker_v4_six_pillar_manifold.py:25: error: Function is missing a type annotation  [no-untyped-def]
scripts/quarantine/reranker_v4_six_pillar_manifold.py:38: error: Function is missing a type annotation  [no-untyped-def]
scripts/quarantine/reranker_v4_six_pillar_manifold.py:52: error: Function is missing a type annotation  [no-untyped-def]
scripts/quarantine/reranker_v4_six_pillar_manifold.py:75: error: Function is missing a type annotation  [no-untyped-def]
scripts/quarantine/reranker_v4_six_pillar_manifold.py:77: error: Call to untyped function "sequence_blocks" in typed context  [no-untyped-call]
scripts/quarantine/reranker_v4_six_pillar_manifold.py:91: error: Function is missing a type annotation  [no-untyped-def]
scripts/quarantine/reranker_v4_six_pillar_manifold.py:107: error: Function is missing a type annotation  [no-untyped-def]
scripts/quarantine/reranker_v4_six_pillar_manifold.py:130: error: Function is missing a type annotation  [no-untyped-def]
scripts/quarantine/reranker_v4_six_pillar_manifold.py:134: error: Call to untyped function "euclidean" in typed context  [no-untyped-call]
scripts/quarantine/reranker_v4_six_pillar_manifold.py:146: error: Function is missing a return type annotation  [no-untyped-def]
scripts/quarantine/reranker_v4_six_pillar_manifold.py:152: error: Function is missing a type annotation  [no-untyped-def]
scripts/quarantine/reranker_v4_six_pillar_manifold.py:155: error: Call to untyped function "find_file" in typed context  [no-untyped-call]
scripts/quarantine/reranker_v4_six_pillar_manifold.py:156: error: Call to untyped function "find_file" in typed context  [no-untyped-call]
scripts/quarantine/reranker_v4_six_pillar_manifold.py:157: error: Call to untyped function "find_file" in typed context  [no-untyped-call]
scripts/quarantine/reranker_v4_six_pillar_manifold.py:158: error: Call to untyped function "find_file" in typed context  [no-untyped-call]
scripts/quarantine/reranker_v4_six_pillar_manifold.py:159: error: Call to untyped function "find_file" in typed context  [no-untyped-call]
scripts/quarantine/reranker_v4_six_pillar_manifold.py:160: error: Call to untyped function "find_file" in typed context  [no-untyped-call]
scripts/quarantine/reranker_v4_six_pillar_manifold.py:161: error: Call to untyped function "find_file" in typed context  [no-untyped-call]
scripts/quarantine/reranker_v4_six_pillar_manifold.py:165: error: Call to untyped function "load_json" in typed context  [no-untyped-call]
scripts/quarantine/reranker_v4_six_pillar_manifold.py:166: error: Call to untyped function "load_json" in typed context  [no-untyped-call]
scripts/quarantine/reranker_v4_six_pillar_manifold.py:167: error: Call to untyped function "load_json" in typed context  [no-untyped-call]
scripts/quarantine/reranker_v4_six_pillar_manifold.py:168: error: Call to untyped function "load_json" in typed context  [no-untyped-call]
scripts/quarantine/reranker_v4_six_pillar_manifold.py:169: error: Call to untyped function "load_json" in typed context  [no-untyped-call]
scripts/quarantine/reranker_v4_six_pillar_manifold.py:170: error: Call to untyped function "load_json" in typed context  [no-untyped-call]
scripts/quarantine/reranker_v4_six_pillar_manifold.py:171: error: Call to untyped function "load_json" in typed context  [no-untyped-call]
scripts/quarantine/reranker_v4_six_pillar_manifold.py:191: error: Call to untyped function "p1_spatiotemporal" in typed context  [no-untyped-call]
scripts/quarantine/reranker_v4_six_pillar_manifold.py:192: error: Call to untyped function "p2_mechanistic" in typed context  [no-untyped-call]
scripts/quarantine/reranker_v4_six_pillar_manifold.py:193: error: Call to untyped function "p3_thermodynamic" in typed context  [no-untyped-call]
scripts/quarantine/reranker_v4_six_pillar_manifold.py:194: error: Call to untyped function "p4_topological" in typed context  [no-untyped-call]
scripts/quarantine/reranker_v4_six_pillar_manifold.py:195: error: Call to untyped function "p5_causal_information" in typed context  [no-untyped-call]
scripts/quarantine/reranker_v4_six_pillar_manifold.py:196: error: Call to untyped function "p6_consensus" in typed context  [no-untyped-call]
scripts/quarantine/reranker_v4_six_pillar_manifold.py:199: error: Call to untyped function "compute_dcc_views" in typed context  [no-untyped-call]
scripts/quarantine/reranker_v4_six_pillar_manifold.py:242: error: Call to untyped function "main" in typed context  [no-untyped-call]
scripts/quarantine/r2_manifest_enrich_and_proof.py:23: error: Missing type arguments for generic type "dict"  [type-arg]
scripts/quarantine/r2_manifest_enrich_and_proof.py:46: error: Function is missing a return type annotation  [no-untyped-def]
scripts/quarantine/r2_manifest_enrich_and_proof.py:66: error: Function is missing a return type annotation  [no-untyped-def]
scripts/quarantine/r2_manifest_enrich_and_proof.py:89: error: Need type annotation for "per_target"  [var-annotated]
scripts/quarantine/r2_manifest_enrich_and_proof.py:97: error: Unsupported operand types for + ("object" and "int")  [operator]
scripts/quarantine/r2_manifest_enrich_and_proof.py:100: error: Unsupported operand types for + ("object" and "int")  [operator]
scripts/quarantine/r2_manifest_enrich_and_proof.py:102: error: Unsupported operand types for + ("object" and "int")  [operator]
scripts/quarantine/r2_manifest_enrich_and_proof.py:102: note: Right operand is of type "Any | int"
scripts/quarantine/r2_manifest_enrich_and_proof.py:105: error: Unsupported operand types for + ("object" and "int")  [operator]
scripts/quarantine/r2_manifest_enrich_and_proof.py:107: error: Unsupported operand types for + ("object" and "int")  [operator]
scripts/quarantine/r2_manifest_enrich_and_proof.py:107: note: Right operand is of type "Any | int"
scripts/quarantine/r2_manifest_enrich_and_proof.py:113: error: "object" has no attribute "append"  [attr-defined]
scripts/quarantine/r2_manifest_enrich_and_proof.py:147: error: Argument 1 to "len" has incompatible type "object"; expected "Sized"  [arg-type]
scripts/quarantine/r2_manifest_enrich_and_proof.py:164: error: Call to untyped function "main" in typed context  [no-untyped-call]
scripts/quarantine/prism_postrun_seqalign.py:42: error: Function is missing a type annotation  [no-untyped-def]
scripts/quarantine/prism_postrun_seqalign.py:52: error: Function is missing a type annotation  [no-untyped-def]
scripts/quarantine/prism_postrun_seqalign.py:57: error: Need type annotation for "name_to_topos" (hint: "name_to_topos: dict[<type>, <type>] = ...")  [var-annotated]
scripts/quarantine/prism_postrun_seqalign.py:71: error: Function is missing a type annotation  [no-untyped-def]
scripts/quarantine/prism_postrun_seqalign.py:93: error: Function is missing a type annotation  [no-untyped-def]
scripts/quarantine/prism_postrun_seqalign.py:103: error: Call to untyped function "detect_offset" in typed context  [no-untyped-call]
scripts/quarantine/prism_postrun_seqalign.py:115: error: Function is missing a type annotation  [no-untyped-def]
scripts/quarantine/prism_postrun_seqalign.py:125: error: Function is missing a type annotation  [no-untyped-def]
scripts/quarantine/prism_postrun_seqalign.py:134: error: Call to untyped function "remap_id" in typed context  [no-untyped-call]
scripts/quarantine/prism_postrun_seqalign.py:139: error: Call to untyped function "remap_id" in typed context  [no-untyped-call]
scripts/quarantine/prism_postrun_seqalign.py:144: error: Call to untyped function "remap_id" in typed context  [no-untyped-call]
scripts/quarantine/prism_postrun_seqalign.py:155: error: Function is missing a type annotation  [no-untyped-def]
scripts/quarantine/prism_postrun_seqalign.py:164: error: Call to untyped function "remap_id" in typed context  [no-untyped-call]
scripts/quarantine/prism_postrun_seqalign.py:175: error: Function is missing a type annotation  [no-untyped-def]
scripts/quarantine/prism_postrun_seqalign.py:185: error: Call to untyped function "remap_id" in typed context  [no-untyped-call]
scripts/quarantine/prism_postrun_seqalign.py:196: error: Function is missing a type annotation  [no-untyped-def]
scripts/quarantine/prism_postrun_seqalign.py:206: error: Call to untyped function "remap_id" in typed context  [no-untyped-call]
scripts/quarantine/prism_postrun_seqalign.py:221: error: Function is missing a type annotation  [no-untyped-def]
scripts/quarantine/prism_postrun_seqalign.py:230: error: Call to untyped function "remap_id" in typed context  [no-untyped-call]
scripts/quarantine/prism_postrun_seqalign.py:241: error: Function is missing a type annotation  [no-untyped-def]
scripts/quarantine/prism_postrun_seqalign.py:250: error: Call to untyped function "remap_id" in typed context  [no-untyped-call]
scripts/quarantine/prism_postrun_seqalign.py:261: error: Function is missing a type annotation  [no-untyped-def]
scripts/quarantine/prism_postrun_seqalign.py:270: error: Call to untyped function "remap_id" in typed context  [no-untyped-call]
scripts/quarantine/prism_postrun_seqalign.py:285: error: Function is missing a type annotation  [no-untyped-def]
scripts/quarantine/prism_postrun_seqalign.py:296: error: Function is missing a type annotation  [no-untyped-def]
scripts/quarantine/prism_postrun_seqalign.py:305: error: Function is missing a type annotation  [no-untyped-def]
scripts/quarantine/prism_postrun_seqalign.py:326: error: Call to untyped function "get_anchor_pairs_binding_sites" in typed context  [no-untyped-call]
scripts/quarantine/prism_postrun_seqalign.py:331: error: Call to untyped function "get_anchor_pairs_kcc_visualization" in typed context  [no-untyped-call]
scripts/quarantine/prism_postrun_seqalign.py:356: error: Function is missing a return type annotation  [no-untyped-def]
scripts/quarantine/prism_postrun_seqalign.py:356: note: Use "-> None" if function does not return a value
scripts/quarantine/prism_postrun_seqalign.py:369: error: Call to untyped function "load_residue_map" in typed context  [no-untyped-call]
scripts/quarantine/prism_postrun_seqalign.py:375: error: Call to untyped function "build_lookups" in typed context  [no-untyped-call]
scripts/quarantine/prism_postrun_seqalign.py:390: error: Call to untyped function "get_anchor_pairs_binding_sites" in typed context  [no-untyped-call]
scripts/quarantine/prism_postrun_seqalign.py:392: error: Call to untyped function "detect_file_scheme" in typed context  [no-untyped-call]
scripts/quarantine/prism_postrun_seqalign.py:403: error: Call to untyped function "get_anchor_pairs_kcc_visualization" in typed context  [no-untyped-call]
scripts/quarantine/prism_postrun_seqalign.py:405: error: Call to untyped function "detect_file_scheme" in typed context  [no-untyped-call]
scripts/quarantine/prism_postrun_seqalign.py:416: error: Call to untyped function "get_anchor_pairs_spike_events" in typed context  [no-untyped-call]
scripts/quarantine/prism_postrun_seqalign.py:418: error: Call to untyped function "detect_file_scheme" in typed context  [no-untyped-call]
scripts/quarantine/prism_postrun_seqalign.py:435: error: Call to untyped function "process_binding_sites" in typed context  [no-untyped-call]
scripts/quarantine/prism_postrun_seqalign.py:445: error: Call to untyped function "process_kcc_visualization" in typed context  [no-untyped-call]
scripts/quarantine/prism_postrun_seqalign.py:455: error: Call to untyped function "process_kcc_validation" in typed context  [no-untyped-call]
scripts/quarantine/prism_postrun_seqalign.py:466: error: Call to untyped function "process_prism_therm" in typed context  [no-untyped-call]
scripts/quarantine/prism_postrun_seqalign.py:477: error: Call to untyped function "process_gcpid_synergy" in typed context  [no-untyped-call]
scripts/quarantine/prism_postrun_seqalign.py:488: error: Call to untyped function "process_asc_consensus" in typed context  [no-untyped-call]
scripts/quarantine/prism_postrun_seqalign.py:498: error: Call to untyped function "process_spike_events" in typed context  [no-untyped-call]
scripts/quarantine/prism_postrun_seqalign.py:515: error: Call to untyped function "main" in typed context  [no-untyped-call]
scripts/quarantine/per_target_completion_block.py:18: error: Cannot find implementation or library stub for module named "m1_ablation"  [import-not-found]
scripts/quarantine/per_target_completion_block.py:26: error: Function is missing a type annotation  [no-untyped-def]
scripts/quarantine/per_target_completion_block.py:44: error: Missing type arguments for generic type "list"  [type-arg]
scripts/quarantine/per_target_completion_block.py:49: error: Returning Any from function declared to return "list[Any] | None"  [no-any-return]
scripts/quarantine/per_target_completion_block.py:79: error: Missing type arguments for generic type "dict"  [type-arg]
scripts/quarantine/per_target_completion_block.py:122: error: Call to untyped function "_direct_dcc" in typed context  [no-untyped-call]
scripts/quarantine/per_target_completion_block.py:166: error: Function is missing a return type annotation  [no-untyped-def]
scripts/quarantine/per_target_completion_block.py:166: note: Use "-> None" if function does not return a value
scripts/quarantine/per_target_completion_block.py:175: error: Call to untyped function "main" in typed context  [no-untyped-call]
scripts/quarantine/m1_2b_note_hygiene.py:98: error: Function is missing a type annotation  [no-untyped-def]
scripts/quarantine/m1_2b_note_hygiene.py:112: error: Function is missing a type annotation  [no-untyped-def]
scripts/quarantine/m1_2b_note_hygiene.py:124: error: Function is missing a type annotation  [no-untyped-def]
scripts/quarantine/m1_2b_note_hygiene.py:153: error: Function is missing a type annotation  [no-untyped-def]
scripts/quarantine/m1_2b_note_hygiene.py:182: error: Function is missing a type annotation  [no-untyped-def]
scripts/quarantine/m1_2b_note_hygiene.py:206: error: Function is missing a type annotation  [no-untyped-def]
scripts/quarantine/m1_2b_note_hygiene.py:212: error: Function is missing a type annotation  [no-untyped-def]
scripts/quarantine/m1_2b_note_hygiene.py:220: error: Function is missing a type annotation  [no-untyped-def]
scripts/quarantine/m1_2b_note_hygiene.py:261: error: Function is missing a type annotation  [no-untyped-def]
scripts/quarantine/m1_2b_note_hygiene.py:271: error: Call to untyped function "residue_list_short" in typed context  [no-untyped-call]
scripts/quarantine/m1_2b_note_hygiene.py:290: error: Call to untyped function "residue_list_short" in typed context  [no-untyped-call]
scripts/quarantine/m1_2b_note_hygiene.py:299: error: Function is missing a type annotation  [no-untyped-def]
scripts/quarantine/m1_2b_note_hygiene.py:344: error: Function is missing a type annotation  [no-untyped-def]
scripts/quarantine/m1_2b_note_hygiene.py:345: error: Call to untyped function "centroid_str" in typed context  [no-untyped-call]
scripts/quarantine/m1_2b_note_hygiene.py:363: error: Function is missing a type annotation  [no-untyped-def]
scripts/quarantine/m1_2b_note_hygiene.py:392: error: Function is missing a type annotation  [no-untyped-def]
scripts/quarantine/m1_2b_note_hygiene.py:437: error: Function is missing a return type annotation  [no-untyped-def]
scripts/quarantine/m1_2b_note_hygiene.py:437: note: Use "-> None" if function does not return a value
scripts/quarantine/m1_2b_note_hygiene.py:454: error: Call to untyped function "resolve_kcc_subtree" in typed context  [no-untyped-call]
scripts/quarantine/m1_2b_note_hygiene.py:455: error: Call to untyped function "resolve_open_frequency" in typed context  [no-untyped-call]
scripts/quarantine/m1_2b_note_hygiene.py:487: error: Call to untyped function "action_gate_band" in typed context  [no-untyped-call]
scripts/quarantine/m1_2b_note_hygiene.py:489: error: Call to untyped function "budget_label" in typed context  [no-untyped-call]
scripts/quarantine/m1_2b_note_hygiene.py:490: error: Call to untyped function "pick_framing" in typed context  [no-untyped-call]
scripts/quarantine/m1_2b_note_hygiene.py:498: error: Call to untyped function "build_medchem_summary" in typed context  [no-untyped-call]
scripts/quarantine/m1_2b_note_hygiene.py:499: error: Call to untyped function "build_residue_triage" in typed context  [no-untyped-call]
scripts/quarantine/m1_2b_note_hygiene.py:500: error: Call to untyped function "build_dynamic_note" in typed context  [no-untyped-call]
scripts/quarantine/m1_2b_note_hygiene.py:501: error: Call to untyped function "build_spatial_note" in typed context  [no-untyped-call]
scripts/quarantine/m1_2b_note_hygiene.py:502: error: Call to untyped function "build_real_world" in typed context  [no-untyped-call]
scripts/quarantine/m1_2b_note_hygiene.py:511: error: Call to untyped function "specificity_count" in typed context  [no-untyped-call]
scripts/quarantine/m1_2b_note_hygiene.py:551: error: Incompatible types in assignment (expression has type "TextIOWrapper[_WrappedBuffer]", variable has type "str")  [assignment]
scripts/quarantine/m1_2b_note_hygiene.py:552: error: Argument 1 to "DictWriter" has incompatible type "str"; expected "SupportsWrite[str]"  [arg-type]
scripts/quarantine/m1_2b_note_hygiene.py:572: error: Call to untyped function "main" in typed context  [no-untyped-call]
scripts/quarantine/m1_2_decision_notes.py:38: error: Function is missing a type annotation  [no-untyped-def]
scripts/quarantine/m1_2_decision_notes.py:44: error: Function is missing a type annotation  [no-untyped-def]
scripts/quarantine/m1_2_decision_notes.py:50: error: Function is missing a type annotation  [no-untyped-def]
scripts/quarantine/m1_2_decision_notes.py:62: error: Function is missing a type annotation  [no-untyped-def]
scripts/quarantine/m1_2_decision_notes.py:75: error: Function is missing a type annotation  [no-untyped-def]
scripts/quarantine/m1_2_decision_notes.py:84: error: Function is missing a type annotation  [no-untyped-def]
scripts/quarantine/m1_2_decision_notes.py:97: error: Function is missing a type annotation  [no-untyped-def]
scripts/quarantine/m1_2_decision_notes.py:113: error: Function is missing a type annotation  [no-untyped-def]
scripts/quarantine/m1_2_decision_notes.py:164: error: Function is missing a type annotation  [no-untyped-def]
scripts/quarantine/m1_2_decision_notes.py:177: error: Function is missing a type annotation  [no-untyped-def]
scripts/quarantine/m1_2_decision_notes.py:179: error: Call to untyped function "volume_band" in typed context  [no-untyped-call]
scripts/quarantine/m1_2_decision_notes.py:215: error: Function is missing a type annotation  [no-untyped-def]
scripts/quarantine/m1_2_decision_notes.py:221: error: Call to untyped function "residue_str" in typed context  [no-untyped-call]
scripts/quarantine/m1_2_decision_notes.py:222: error: Call to untyped function "lining_str" in typed context  [no-untyped-call]
scripts/quarantine/m1_2_decision_notes.py:223: error: Call to untyped function "residue_str" in typed context  [no-untyped-call]
scripts/quarantine/m1_2_decision_notes.py:235: error: Function is missing a type annotation  [no-untyped-def]
scripts/quarantine/m1_2_decision_notes.py:244: error: Call to untyped function "phase_bias" in typed context  [no-untyped-call]
scripts/quarantine/m1_2_decision_notes.py:257: error: Function is missing a type annotation  [no-untyped-def]
scripts/quarantine/m1_2_decision_notes.py:258: error: Call to untyped function "centroid_str" in typed context  [no-untyped-call]
scripts/quarantine/m1_2_decision_notes.py:276: error: Function is missing a type annotation  [no-untyped-def]
scripts/quarantine/m1_2_decision_notes.py:278: error: Call to untyped function "real_world_framing" in typed context  [no-untyped-call]
scripts/quarantine/m1_2_decision_notes.py:283: error: Call to untyped function "med_chem_summary" in typed context  [no-untyped-call]
scripts/quarantine/m1_2_decision_notes.py:284: error: Call to untyped function "residue_triage" in typed context  [no-untyped-call]
scripts/quarantine/m1_2_decision_notes.py:285: error: Call to untyped function "dynamic_note" in typed context  [no-untyped-call]
scripts/quarantine/m1_2_decision_notes.py:286: error: Call to untyped function "spatial_note" in typed context  [no-untyped-call]
scripts/quarantine/m1_2_decision_notes.py:288: error: Call to untyped function "next_action" in typed context  [no-untyped-call]
scripts/quarantine/m1_2_decision_notes.py:289: error: Call to untyped function "confidence_state" in typed context  [no-untyped-call]
scripts/quarantine/m1_2_decision_notes.py:295: error: Function is missing a type annotation  [no-untyped-def]
scripts/quarantine/m1_2_decision_notes.py:319: error: Function is missing a return type annotation  [no-untyped-def]
scripts/quarantine/m1_2_decision_notes.py:319: note: Use "-> None" if function does not return a value
scripts/quarantine/m1_2_decision_notes.py:327: error: Call to untyped function "compose_site_notes" in typed context  [no-untyped-call]
scripts/quarantine/m1_2_decision_notes.py:328: error: Call to untyped function "quality_gate" in typed context  [no-untyped-call]
scripts/quarantine/m1_2_decision_notes.py:372: error: Call to untyped function "main" in typed context  [no-untyped-call]
scripts/quarantine/m1_2_25_audit_driver.py:27: error: Function is missing a return type annotation  [no-untyped-def]
scripts/quarantine/m1_2_25_audit_driver.py:37: error: Function is missing a return type annotation  [no-untyped-def]
scripts/quarantine/m1_2_25_audit_driver.py:37: error: Function is missing a type annotation for one or more parameters  [no-untyped-def]
scripts/quarantine/m1_2_25_audit_driver.py:43: error: Missing type arguments for generic type "dict"  [type-arg]
scripts/quarantine/m1_2_25_audit_driver.py:112: error: Missing type arguments for generic type "dict"  [type-arg]
scripts/quarantine/m1_2_25_audit_driver.py:119: error: Need type annotation for "schema_v_dist" (hint: "schema_v_dist: dict[<type>, <type>] = ...")  [var-annotated]
scripts/quarantine/m1_2_25_audit_driver.py:120: error: Need type annotation for "adj_dist" (hint: "adj_dist: dict[<type>, <type>] = ...")  [var-annotated]
scripts/quarantine/m1_2_25_audit_driver.py:138: error: Function is missing a type annotation  [no-untyped-def]
scripts/quarantine/m1_2_25_audit_driver.py:151: error: Call to untyped function "pct" in typed context  [no-untyped-call]
scripts/quarantine/m1_2_25_audit_driver.py:152: error: Call to untyped function "pct" in typed context  [no-untyped-call]
scripts/quarantine/m1_2_25_audit_driver.py:162: error: Missing type arguments for generic type "dict"  [type-arg]
scripts/quarantine/m1_2_25_audit_driver.py:184: error: Missing type arguments for generic type "dict"  [type-arg]
scripts/quarantine/m1_2_25_audit_driver.py:188: error: Need type annotation for "by_stream" (hint: "by_stream: dict[<type>, <type>] = ...")  [var-annotated]
scripts/quarantine/m1_2_25_audit_driver.py:189: error: Need type annotation for "gear_dist" (hint: "gear_dist: dict[<type>, <type>] = ...")  [var-annotated]
scripts/quarantine/m1_2_25_audit_driver.py:189: error: Need type annotation for "dt_dist" (hint: "dt_dist: dict[<type>, <type>] = ...")  [var-annotated]
scripts/quarantine/m1_2_25_audit_driver.py:232: error: Missing type arguments for generic type "dict"  [type-arg]
scripts/quarantine/m1_2_25_audit_driver.py:274: error: Missing type arguments for generic type "dict"  [type-arg]
scripts/quarantine/m1_2_25_audit_driver.py:278: error: Function is missing a type annotation  [no-untyped-def]
scripts/quarantine/m1_2_25_audit_driver.py:319: error: Missing type arguments for generic type "dict"  [type-arg]
scripts/quarantine/m1_2_25_audit_driver.py:359: error: Missing type arguments for generic type "dict"  [type-arg]
scripts/quarantine/m1_2_25_audit_driver.py:417: error: Function is missing a type annotation for one or more parameters  [no-untyped-def]
scripts/quarantine/m1_2_25_audit_driver.py:417: error: Missing type arguments for generic type "dict"  [type-arg]
scripts/quarantine/m1_2_25_audit_driver.py:512: error: Function is missing a type annotation for one or more parameters  [no-untyped-def]
scripts/quarantine/m1_2_25_audit_driver.py:512: error: Missing type arguments for generic type "dict"  [type-arg]
scripts/quarantine/m1_2_25_audit_driver.py:575: error: Function is missing a return type annotation  [no-untyped-def]
scripts/quarantine/m1_2_25_audit_driver.py:575: note: Use "-> None" if function does not return a value
scripts/quarantine/m1_2_25_audit_driver.py:601: error: Call to untyped function "main" in typed context  [no-untyped-call]
scripts/quarantine/m1_1_manifest.py:41: error: Missing type arguments for generic type "dict"  [type-arg]
scripts/quarantine/ghost_v2_native_spatial_probe.py:71: error: Missing type arguments for generic type "dict"  [type-arg]
scripts/quarantine/ghost_v2_native_spatial_probe.py:106: error: Missing type arguments for generic type "dict"  [type-arg]
scripts/quarantine/ghost_v2_native_spatial_probe.py:113: error: Missing type arguments for generic type "dict"  [type-arg]
scripts/quarantine/ghost_v2_native_spatial_probe.py:146: error: "object" has no attribute "add"  [attr-defined]
scripts/quarantine/ghost_v2_native_spatial_probe.py:149: error: Unsupported operand types for + ("object" and "int")  [operator]
scripts/quarantine/ghost_v2_native_spatial_probe.py:152: error: Unsupported operand types for + ("object" and "int")  [operator]
scripts/quarantine/ghost_v2_native_spatial_probe.py:155: error: Unsupported operand types for + ("object" and "int")  [operator]
scripts/quarantine/ghost_v2_native_spatial_probe.py:160: error: No overload variant of "sorted" matches argument type "object"  [call-overload]
scripts/quarantine/ghost_v2_native_spatial_probe.py:160: note: Possible overload variants:
scripts/quarantine/ghost_v2_native_spatial_probe.py:160: note:     def [SupportsRichComparisonT: SupportsDunderLT[Any] | SupportsDunderGT[Any]] sorted(Iterable[SupportsRichComparisonT], /, *, key: None = ..., reverse: bool = ...) -> list[SupportsRichComparisonT]
scripts/quarantine/ghost_v2_native_spatial_probe.py:160: note:     def [_T] sorted(Iterable[_T], /, *, key: Callable[[_T], SupportsDunderLT[Any] | SupportsDunderGT[Any]], reverse: bool = ...) -> list[_T]
scripts/quarantine/ghost_v2_native_spatial_probe.py:205: error: Function is missing a return type annotation  [no-untyped-def]
scripts/quarantine/ghost_v2_native_spatial_probe.py:205: note: Use "-> None" if function does not return a value
scripts/quarantine/ghost_v2_native_spatial_probe.py:228: error: Call to untyped function "main" in typed context  [no-untyped-call]
scripts/quarantine/full_schema_lossless_validator.py:61: error: Function is missing a type annotation for one or more parameters  [no-untyped-def]
scripts/quarantine/full_schema_lossless_validator.py:61: error: Missing type arguments for generic type "set"  [type-arg]
scripts/quarantine/full_schema_lossless_validator.py:62: error: Need type annotation for "keys" (hint: "keys: set[<type>] = ...")  [var-annotated]
scripts/quarantine/full_schema_lossless_validator.py:78: error: Function is missing a type annotation  [no-untyped-def]
scripts/quarantine/full_schema_lossless_validator.py:86: error: Missing type arguments for generic type "dict"  [type-arg]
scripts/quarantine/full_schema_lossless_validator.py:168: error: Function is missing a return type annotation  [no-untyped-def]
scripts/quarantine/full_schema_lossless_validator.py:201: error: "object" has no attribute "exists"  [attr-defined]
scripts/quarantine/full_schema_lossless_validator.py:204: error: "object" has no attribute "stat"  [attr-defined]
scripts/quarantine/full_schema_lossless_validator.py:206: error: Argument 1 to "Path" has incompatible type "object"; expected "str | PathLike[str]"  [arg-type]
scripts/quarantine/full_schema_lossless_validator.py:211: error: Function is missing a return type annotation  [no-untyped-def]
scripts/quarantine/full_schema_lossless_validator.py:277: error: Need type annotation for "by_status"  [var-annotated]
scripts/quarantine/full_schema_lossless_validator.py:278: error: Need type annotation for "by_family_status"  [var-annotated]
scripts/quarantine/full_schema_lossless_validator.py:489: error: Call to untyped function "main" in typed context  [no-untyped-call]
scripts/quarantine/fill_prism_manifold_residues.py:81: error: Function is missing a type annotation  [no-untyped-def]
scripts/quarantine/fill_prism_manifold_residues.py:85: error: Function is missing a type annotation  [no-untyped-def]
scripts/quarantine/fill_prism_manifold_residues.py:138: error: Call to untyped function "dist3" in typed context  [no-untyped-call]
scripts/quarantine/fill_prism_manifold_residues.py:174: error: Function is missing a return type annotation  [no-untyped-def]
scripts/quarantine/fill_prism_manifold_residues.py:174: note: Use "-> None" if function does not return a value
scripts/quarantine/fill_prism_manifold_residues.py:184: error: Call to untyped function "process_target" in typed context  [no-untyped-call]
scripts/quarantine/fill_prism_manifold_residues.py:204: error: Call to untyped function "main" in typed context  [no-untyped-call]
scripts/quarantine/engine_full_harvest.py:135: error: Function is missing a type annotation  [no-untyped-def]
scripts/quarantine/engine_full_harvest.py:143: error: Missing type arguments for generic type "dict"  [type-arg]
scripts/quarantine/engine_full_harvest.py:165: error: Function is missing a type annotation  [no-untyped-def]
scripts/quarantine/engine_full_harvest.py:172: error: Function is missing a return type annotation  [no-untyped-def]
scripts/quarantine/engine_full_harvest.py:202: error: Function is missing a type annotation  [no-untyped-def]
scripts/quarantine/engine_full_harvest.py:253: error: Call to untyped function "_phase" in typed context  [no-untyped-call]
scripts/quarantine/engine_full_harvest.py:268: error: Missing type arguments for generic type "dict"  [type-arg]
scripts/quarantine/engine_full_harvest.py:286: error: Returning Any from function declared to return "dict[Any, Any]"  [no-any-return]
scripts/quarantine/engine_full_harvest.py:313: error: Returning Any from function declared to return "dict[Any, Any]"  [no-any-return]
scripts/quarantine/engine_full_harvest.py:318: error: Function is missing a type annotation  [no-untyped-def]
scripts/quarantine/engine_full_harvest.py:349: error: Call to untyped function "_sample_value" in typed context  [no-untyped-call]
scripts/quarantine/engine_full_harvest.py:367: error: Call to untyped function "_sample_value" in typed context  [no-untyped-call]
scripts/quarantine/engine_full_harvest.py:373: error: Function is missing a type annotation  [no-untyped-def]
scripts/quarantine/engine_full_harvest.py:382: error: Call to untyped function "read_json" in typed context  [no-untyped-call]
scripts/quarantine/engine_full_harvest.py:383: error: Call to untyped function "read_json" in typed context  [no-untyped-call]
scripts/quarantine/engine_full_harvest.py:384: error: Call to untyped function "read_json" in typed context  [no-untyped-call]
scripts/quarantine/engine_full_harvest.py:385: error: Call to untyped function "read_json" in typed context  [no-untyped-call]
scripts/quarantine/engine_full_harvest.py:386: error: Call to untyped function "read_json" in typed context  [no-untyped-call]
scripts/quarantine/engine_full_harvest.py:387: error: Call to untyped function "read_json" in typed context  [no-untyped-call]
scripts/quarantine/engine_full_harvest.py:388: error: Call to untyped function "read_json" in typed context  [no-untyped-call]
scripts/quarantine/engine_full_harvest.py:389: error: Call to untyped function "read_json" in typed context  [no-untyped-call]
scripts/quarantine/engine_full_harvest.py:390: error: Call to untyped function "read_json" in typed context  [no-untyped-call]
scripts/quarantine/engine_full_harvest.py:395: error: Call to untyped function "read_json" in typed context  [no-untyped-call]
scripts/quarantine/engine_full_harvest.py:441: error: Argument 1 to "len" has incompatible type "Any | list[Any] | None"; expected "Sized"  [arg-type]
scripts/quarantine/engine_full_harvest.py:487: error: Function is missing a type annotation  [no-untyped-def]
scripts/quarantine/engine_full_harvest.py:504: error: Need type annotation for "all_ids" (hint: "all_ids: set[<type>] = ...")  [var-annotated]
scripts/quarantine/engine_full_harvest.py:564: error: Function is missing a return type annotation  [no-untyped-def]
scripts/quarantine/engine_full_harvest.py:590: error: Call to untyped function "build_engine_profile" in typed context  [no-untyped-call]
scripts/quarantine/engine_full_harvest.py:593: error: Call to untyped function "coverage_for" in typed context  [no-untyped-call]
scripts/quarantine/engine_full_harvest.py:595: error: Call to untyped function "coverage_for" in typed context  [no-untyped-call]
scripts/quarantine/engine_full_harvest.py:598: error: Call to untyped function "coverage_for" in typed context  [no-untyped-call]
scripts/quarantine/engine_full_harvest.py:601: error: Call to untyped function "coverage_for" in typed context  [no-untyped-call]
scripts/quarantine/engine_full_harvest.py:604: error: Call to untyped function "coverage_for" in typed context  [no-untyped-call]
scripts/quarantine/engine_full_harvest.py:607: error: Call to untyped function "coverage_for" in typed context  [no-untyped-call]
scripts/quarantine/engine_full_harvest.py:610: error: Call to untyped function "coverage_for" in typed context  [no-untyped-call]
scripts/quarantine/engine_full_harvest.py:613: error: Call to untyped function "coverage_for" in typed context  [no-untyped-call]
scripts/quarantine/engine_full_harvest.py:616: error: Call to untyped function "coverage_for" in typed context  [no-untyped-call]
scripts/quarantine/engine_full_harvest.py:619: error: Call to untyped function "coverage_for" in typed context  [no-untyped-call]
scripts/quarantine/engine_full_harvest.py:651: error: Call to untyped function "coverage_for" in typed context  [no-untyped-call]
scripts/quarantine/engine_full_harvest.py:654: error: Call to untyped function "coverage_for" in typed context  [no-untyped-call]
scripts/quarantine/engine_full_harvest.py:667: error: Call to untyped function "build_site_tag_profiles" in typed context  [no-untyped-call]
scripts/quarantine/engine_full_harvest.py:732: error: Call to untyped function "main" in typed context  [no-untyped-call]
scripts/quarantine/d3_parity_harness.py:27: error: Cannot find implementation or library stub for module named "spike_metadata_inventory"  [import-not-found]
scripts/quarantine/d3_parity_harness.py:28: error: Cannot find implementation or library stub for module named "m1_2c_cleanup"  [import-not-found]
scripts/quarantine/d3_parity_harness.py:29: error: Cannot find implementation or library stub for module named "engine_full_harvest"  [import-not-found]
scripts/quarantine/d3_parity_harness.py:30: error: Cannot find implementation or library stub for module named "completeness_certifier"  [import-not-found]
scripts/quarantine/d3_parity_harness.py:33: error: Missing type arguments for generic type "dict"  [type-arg]
scripts/quarantine/d3_parity_harness.py:76: error: Missing type arguments for generic type "dict"  [type-arg]
scripts/quarantine/d3_parity_harness.py:111: error: Missing type arguments for generic type "dict"  [type-arg]
scripts/quarantine/d3_parity_harness.py:157: error: Missing type arguments for generic type "dict"  [type-arg]
scripts/quarantine/d3_parity_harness.py:202: error: Function is missing a return type annotation  [no-untyped-def]
scripts/quarantine/d3_parity_harness.py:202: note: Use "-> None" if function does not return a value
scripts/quarantine/d3_parity_harness.py:215: error: Call to untyped function "main" in typed context  [no-untyped-call]
scripts/quarantine/completeness_certifier.py:145: error: Function is missing a type annotation  [no-untyped-def]
scripts/quarantine/completeness_certifier.py:155: error: Call to untyped function "recursive_keyset" in typed context  [no-untyped-call]
scripts/quarantine/completeness_certifier.py:164: error: Call to untyped function "recursive_keyset" in typed context  [no-untyped-call]
scripts/quarantine/completeness_certifier.py:166: error: Call to untyped function "recursive_keyset" in typed context  [no-untyped-call]
scripts/quarantine/completeness_certifier.py:170: error: Function is missing a type annotation  [no-untyped-def]
scripts/quarantine/completeness_certifier.py:177: error: Function is missing a type annotation  [no-untyped-def]
scripts/quarantine/completeness_certifier.py:181: error: Function is missing a return type annotation  [no-untyped-def]
scripts/quarantine/completeness_certifier.py:212: error: Function is missing a type annotation  [no-untyped-def]
scripts/quarantine/completeness_certifier.py:268: error: Function is missing a type annotation  [no-untyped-def]
scripts/quarantine/completeness_certifier.py:310: error: Function is missing a return type annotation  [no-untyped-def]
scripts/quarantine/completeness_certifier.py:318: error: Skipping analyzing "ijson": module is installed, but missing library stubs or py.typed marker  [import-untyped]
scripts/quarantine/completeness_certifier.py:327: error: Need type annotation for "stack" (hint: "stack: list[<type>] = ...")  [var-annotated]
scripts/quarantine/completeness_certifier.py:363: error: Missing type arguments for generic type "dict"  [type-arg]
scripts/quarantine/completeness_certifier.py:373: error: Returning Any from function declared to return "dict[Any, Any]"  [no-any-return]
scripts/quarantine/completeness_certifier.py:381: error: Returning Any from function declared to return "dict[Any, Any]"  [no-any-return]
scripts/quarantine/completeness_certifier.py:411: error: Missing type arguments for generic type "dict"  [type-arg]
scripts/quarantine/completeness_certifier.py:427: error: Missing type arguments for generic type "dict"  [type-arg]
scripts/quarantine/completeness_certifier.py:433: error: Need type annotation for "unmapped" (hint: "unmapped: list[<type>] = ...")  [var-annotated]
scripts/quarantine/completeness_certifier.py:434: error: Need type annotation for "schema_missing" (hint: "schema_missing: list[<type>] = ...")  [var-annotated]
scripts/quarantine/completeness_certifier.py:444: error: Call to untyped function "read_json" in typed context  [no-untyped-call]
scripts/quarantine/completeness_certifier.py:445: error: Call to untyped function "recursive_keyset" in typed context  [no-untyped-call]
scripts/quarantine/completeness_certifier.py:448: error: Call to untyped function "write_json" in typed context  [no-untyped-call]
scripts/quarantine/completeness_certifier.py:480: error: Need type annotation for "k"  [var-annotated]
scripts/quarantine/completeness_certifier.py:554: error: Call to untyped function "write_json" in typed context  [no-untyped-call]
scripts/quarantine/completeness_certifier.py:567: error: Unsupported target for indexed assignment ("Collection[str]")  [index]
scripts/quarantine/completeness_certifier.py:569: error: Call to untyped function "read_json" in typed context  [no-untyped-call]
scripts/quarantine/completeness_certifier.py:579: error: Call to untyped function "write_json" in typed context  [no-untyped-call]
scripts/quarantine/completeness_certifier.py:582: error: Call to untyped function "read_json" in typed context  [no-untyped-call]
scripts/quarantine/completeness_certifier.py:583: error: Call to untyped function "read_json" in typed context  [no-untyped-call]
scripts/quarantine/completeness_certifier.py:584: error: Call to untyped function "read_json" in typed context  [no-untyped-call]
scripts/quarantine/completeness_certifier.py:644: error: Need type annotation for "raw_only" (hint: "raw_only: list[<type>] = ...")  [var-annotated]
scripts/quarantine/completeness_certifier.py:667: error: Function is missing a type annotation  [no-untyped-def]
scripts/quarantine/completeness_certifier.py:672: error: Function is missing a return type annotation  [no-untyped-def]
scripts/quarantine/completeness_certifier.py:672: note: Use "-> None" if function does not return a value
scripts/quarantine/completeness_certifier.py:697: error: Call to untyped function "write_json" in typed context  [no-untyped-call]
scripts/quarantine/completeness_certifier.py:710: error: Call to untyped function "main" in typed context  [no-untyped-call]
scripts/quarantine/canonical_dcc_audit.py:38: error: Cannot find implementation or library stub for module named "m1_ablation"  [import-not-found]
scripts/quarantine/canonical_dcc_audit.py:60: error: Function is missing a type annotation  [no-untyped-def]
scripts/quarantine/canonical_dcc_audit.py:89: error: Function is missing a type annotation  [no-untyped-def]
scripts/quarantine/canonical_dcc_audit.py:103: error: Function is missing a type annotation  [no-untyped-def]
scripts/quarantine/canonical_dcc_audit.py:111: error: Function is missing a type annotation  [no-untyped-def]
scripts/quarantine/canonical_dcc_audit.py:127: error: Function is missing a type annotation  [no-untyped-def]
scripts/quarantine/canonical_dcc_audit.py:137: error: Function is missing a type annotation  [no-untyped-def]
scripts/quarantine/canonical_dcc_audit.py:138: error: Call to untyped function "find_target_dir" in typed context  [no-untyped-call]
scripts/quarantine/canonical_dcc_audit.py:141: error: Call to untyped function "load_artifacts" in typed context  [no-untyped-call]
scripts/quarantine/canonical_dcc_audit.py:151: error: Call to untyped function "reported_dcc_from_stage7" in typed context  [no-untyped-call]
scripts/quarantine/canonical_dcc_audit.py:152: error: Call to untyped function "canonical_dcc" in typed context  [no-untyped-call]
scripts/quarantine/canonical_dcc_audit.py:168: error: Call to untyped function "verdict_from_dcc" in typed context  [no-untyped-call]
scripts/quarantine/canonical_dcc_audit.py:169: error: Call to untyped function "verdict_from_dcc" in typed context  [no-untyped-call]
scripts/quarantine/canonical_dcc_audit.py:177: error: Call to untyped function "reported_dcc_from_stage7" in typed context  [no-untyped-call]
scripts/quarantine/canonical_dcc_audit.py:178: error: Call to untyped function "canonical_dcc" in typed context  [no-untyped-call]
scripts/quarantine/canonical_dcc_audit.py:194: error: Call to untyped function "verdict_from_dcc" in typed context  [no-untyped-call]
scripts/quarantine/canonical_dcc_audit.py:195: error: Call to untyped function "verdict_from_dcc" in typed context  [no-untyped-call]
scripts/quarantine/canonical_dcc_audit.py:201: error: Function is missing a return type annotation  [no-untyped-def]
scripts/quarantine/canonical_dcc_audit.py:201: note: Use "-> None" if function does not return a value
scripts/quarantine/canonical_dcc_audit.py:208: error: Call to untyped function "audit_target" in typed context  [no-untyped-call]
scripts/quarantine/canonical_dcc_audit.py:278: error: Call to untyped function "main" in typed context  [no-untyped-call]
scripts/quarantine/build_m1_panel.py:83: error: Argument 1 to "Path" has incompatible type "object"; expected "str | PathLike[str]"  [arg-type]
scripts/quarantine/build_m1_panel.py:87: error: "object" has no attribute "upper"  [attr-defined]
scripts/quarantine/build_m1_panel.py:89: error: "object" has no attribute "upper"  [attr-defined]
scripts/quarantine/build_m1_panel.py:98: error: Generator has incompatible item type "object"; expected "bool"  [misc]
scripts/quarantine/audit_compute_kras_holo_pockets.py:28: error: Function is missing a type annotation  [no-untyped-def]
scripts/quarantine/audit_compute_kras_holo_pockets.py:33: error: Need type annotation for "hetatm" (hint: "hetatm: dict[<type>, <type>] = ...")  [var-annotated]
scripts/quarantine/audit_compute_kras_holo_pockets.py:63: error: Function is missing a type annotation  [no-untyped-def]
scripts/quarantine/audit_compute_kras_holo_pockets.py:80: error: Function is missing a type annotation  [no-untyped-def]
scripts/quarantine/audit_compute_kras_holo_pockets.py:85: error: Function is missing a return type annotation  [no-untyped-def]
scripts/quarantine/audit_compute_kras_holo_pockets.py:85: note: Use "-> None" if function does not return a value
scripts/quarantine/audit_compute_kras_holo_pockets.py:112: error: Call to untyped function "parse_pdb" in typed context  [no-untyped-call]
scripts/quarantine/audit_compute_kras_holo_pockets.py:117: error: Call to untyped function "first_chain" in typed context  [no-untyped-call]
scripts/quarantine/audit_compute_kras_holo_pockets.py:122: error: Call to untyped function "contacts_within" in typed context  [no-untyped-call]
scripts/quarantine/audit_compute_kras_holo_pockets.py:127: error: Unsupported target for indexed assignment ("object")  [index]
scripts/quarantine/audit_compute_kras_holo_pockets.py:153: error: "object" has no attribute "items"  [attr-defined]
scripts/quarantine/audit_compute_kras_holo_pockets.py:162: error: Call to untyped function "main" in typed context  [no-untyped-call]
scripts/production/apply_phase4_migration.py:104: error: Function is missing a return type annotation  [no-untyped-def]
scripts/production/apply_phase4_migration.py:104: note: Use "-> None" if function does not return a value
scripts/production/apply_phase4_migration.py:166: error: Call to untyped function "main" in typed context  [no-untyped-call]
scripts/interfaces/viewer_payload.py:28: error: Missing type arguments for generic type "dict"  [type-arg]
scripts/interfaces/viewer_payload.py:29: error: Missing type arguments for generic type "dict"  [type-arg]
scripts/interfaces/viewer_payload.py:30: error: Missing type arguments for generic type "dict"  [type-arg]
scripts/interfaces/viewer_payload.py:31: error: Missing type arguments for generic type "dict"  [type-arg]
scripts/trajectory_anchor_delta.py:350: error: Missing type arguments for generic type "Dict"  [type-arg]
scripts/trajectory_anchor_delta.py:365: error: Returning Any from function declared to return "dict[Any, Any]"  [no-any-return]
scripts/trajectory_anchor_delta.py:407: error: Missing type arguments for generic type "Dict"  [type-arg]
scripts/training/extract_scan_teacher_artifacts.py:121: error: Need type annotation for "row"  [var-annotated]
scripts/training/extract_scan_teacher_artifacts.py:125: error: Unsupported target for indexed assignment ("dict[Any, Any] | Any | None")  [index]
scripts/training/extract_scan_teacher_artifacts.py:131: error: Function is missing a return type annotation  [no-untyped-def]
scripts/training/extract_scan_teacher_artifacts.py:131: error: Function is missing a type annotation for one or more parameters  [no-untyped-def]
scripts/training/extract_scan_teacher_artifacts.py:138: error: Function is missing a type annotation for one or more parameters  [no-untyped-def]
scripts/training/extract_scan_teacher_artifacts.py:143: error: Function is missing a return type annotation  [no-untyped-def]
scripts/training/extract_scan_teacher_artifacts.py:143: error: Function is missing a type annotation for one or more parameters  [no-untyped-def]
scripts/training/extract_scan_teacher_artifacts.py:287: error: Incompatible types in assignment (expression has type "float", target has type "int")  [assignment]
scripts/training/extract_scan_teacher_artifacts.py:287: error: Invalid index type "Any | None" for "Counter[int]"; expected type "int"  [index]
scripts/quarantine/freeze_package_manifest.py:43: error: Function is missing a type annotation for one or more parameters  [no-untyped-def]
scripts/quarantine/freeze_package_manifest.py:51: error: Function is missing a return type annotation  [no-untyped-def]
scripts/quarantine/freeze_package_manifest.py:51: note: Use "-> None" if function does not return a value
scripts/quarantine/freeze_package_manifest.py:73: error: Generator has incompatible item type "object"; expected "bool"  [misc]
scripts/quarantine/freeze_package_manifest.py:103: error: Unsupported left operand type for + ("object")  [operator]
scripts/quarantine/freeze_package_manifest.py:103: error: Argument 1 to "Path" has incompatible type "object"; expected "str | PathLike[str]"  [arg-type]
scripts/quarantine/freeze_package_manifest.py:103: note: Left operand is of type "Any | str"
scripts/quarantine/freeze_package_manifest.py:113: error: Need type annotation for "by_target" (hint: "by_target: dict[<type>, <type>] = ...")  [var-annotated]
scripts/quarantine/freeze_package_manifest.py:128: error: Call to untyped function "main" in typed context  [no-untyped-call]
scripts/quarantine/d3_timing_harness.py:34: error: Cannot find implementation or library stub for module named "spike_metadata_inventory"  [import-not-found]
scripts/quarantine/d3_timing_harness.py:35: error: Cannot find implementation or library stub for module named "m1_2c_cleanup"  [import-not-found]
scripts/quarantine/d3_timing_harness.py:36: error: Cannot find implementation or library stub for module named "engine_full_harvest"  [import-not-found]
scripts/quarantine/d3_timing_harness.py:37: error: Cannot find implementation or library stub for module named "completeness_certifier"  [import-not-found]
scripts/quarantine/d3_timing_harness.py:40: error: Missing type arguments for generic type "dict"  [type-arg]
scripts/quarantine/d3_timing_harness.py:47: error: Incompatible types in assignment (expression has type "dict[int, float]", target has type "str")  [assignment]
scripts/quarantine/d3_timing_harness.py:49: error: Incompatible types in assignment (expression has type "dict[int, dict[str, Any]]", target has type "str")  [assignment]
scripts/quarantine/d3_timing_harness.py:55: error: Incompatible types in assignment (expression has type "dict[int, dict[str, Any]]", target has type "str")  [assignment]
scripts/quarantine/d3_timing_harness.py:66: error: Missing type arguments for generic type "dict"  [type-arg]
scripts/quarantine/d3_timing_harness.py:81: error: Incompatible types in assignment (expression has type "dict[int, float]", target has type "str")  [assignment]
scripts/quarantine/d3_timing_harness.py:94: error: Incompatible types in assignment (expression has type "dict[int, dict[str, Any]]", target has type "str")  [assignment]
scripts/quarantine/d3_timing_harness.py:107: error: Incompatible types in assignment (expression has type "dict[int, dict[str, list[Any] | Any | None]]", target has type "str")  [assignment]
scripts/quarantine/d3_timing_harness.py:111: error: Function is missing a return type annotation  [no-untyped-def]
scripts/quarantine/d3_timing_harness.py:111: note: Use "-> None" if function does not return a value
scripts/quarantine/d3_timing_harness.py:151: error: Call to untyped function "main" in typed context  [no-untyped-call]
scripts/production/prism-strip-hect.py:67: error: Unused "type: ignore" comment  [unused-ignore]
scripts/production/prism-strip-hect.py:82: error: Missing type arguments for generic type "dict"  [type-arg]
scripts/production/prism-strip-hect.py:86: error: Returning Any from function declared to return "dict[Any, Any]"  [no-any-return]
scripts/production/prism-strip-hect.py:89: error: Missing type arguments for generic type "dict"  [type-arg]
scripts/production/prism-strip-hect.py:92: error: Returning Any from function declared to return "dict[Any, Any]"  [no-any-return]
scripts/production/prism-strip-hect.py:167: error: Missing type arguments for generic type "dict"  [type-arg]
scripts/prism-merge-chains.py:19: error: Function is missing a type annotation  [no-untyped-def]
scripts/prism-merge-chains.py:45: error: Function is missing a return type annotation  [no-untyped-def]
scripts/prism-merge-chains.py:45: note: Use "-> None" if function does not return a value
scripts/prism-merge-chains.py:59: error: Call to untyped function "parse_chain_pdb" in typed context  [no-untyped-call]
scripts/prism-merge-chains.py:156: error: Call to untyped function "main" in typed context  [no-untyped-call]
scripts/pin_gflownet_inference_inputs.py:133: error: Argument 1 to "sha256_file" has incompatible type "Path | None"; expected "Path"  [arg-type]
scripts/pin_gflownet_inference_inputs.py:221: error: Item "None" of "Path | None" has no attribute "relative_to"  [union-attr]
scripts/pin_gflownet_inference_inputs.py:223: error: Item "None" of "Path | None" has no attribute "stat"  [union-attr]
scripts/pin_gflownet_inference_inputs.py:251: error: Item "None" of "Path | None" has no attribute "relative_to"  [union-attr]
scripts/kcc_validation_v2.py:20: error: Function is missing a type annotation  [no-untyped-def]
scripts/kcc_validation_v2.py:27: error: Function is missing a type annotation  [no-untyped-def]
scripts/kcc_validation_v2.py:31: error: Function is missing a type annotation  [no-untyped-def]
scripts/kcc_validation_v2.py:35: error: Function is missing a type annotation  [no-untyped-def]
scripts/kcc_validation_v2.py:43: error: Function is missing a type annotation  [no-untyped-def]
scripts/kcc_validation_v2.py:56: error: Call to untyped function "score_residue" in typed context  [no-untyped-call]
scripts/kcc_validation_v2.py:79: error: Call to untyped function "distance" in typed context  [no-untyped-call]
scripts/kcc_validation_v2.py:83: error: Call to untyped function "distance" in typed context  [no-untyped-call]
scripts/kcc_validation_v2.py:90: error: Call to untyped function "normalize_vec" in typed context  [no-untyped-call]
scripts/kcc_validation_v2.py:99: error: Call to untyped function "dot" in typed context  [no-untyped-call]
scripts/kcc_validation_v2.py:120: error: Call to untyped function "distance" in typed context  [no-untyped-call]
scripts/kcc_validation_v2.py:177: error: Function is missing a type annotation  [no-untyped-def]
scripts/kcc_validation_v2.py:212: error: Function is missing a type annotation  [no-untyped-def]
scripts/kcc_validation_v2.py:281: error: Function is missing a return type annotation  [no-untyped-def]
scripts/kcc_validation_v2.py:306: error: Call to untyped function "compute_site_validation" in typed context  [no-untyped-call]
scripts/kcc_validation_v2.py:310: error: Call to untyped function "refine_distributed_verdicts" in typed context  [no-untyped-call]
scripts/kcc_validation_v2.py:364: error: Call to untyped function "generate_pml" in typed context  [no-untyped-call]
scripts/kcc_validation_v2.py:369: error: Call to untyped function "main" in typed context  [no-untyped-call]
scripts/investigate_lock_mask_frames.py:12: error: Cannot find implementation or library stub for module named "lock_mask_forensics_utils"  [import-not-found]
scripts/gpu_dock_fast.py:35: error: Function is missing a type annotation  [no-untyped-def]
scripts/gpu_dock_fast.py:46: error: Function is missing a type annotation  [no-untyped-def]
scripts/gpu_dock_fast.py:70: error: Function is missing a type annotation  [no-untyped-def]
scripts/gpu_dock_fast.py:102: error: Function is missing a return type annotation  [no-untyped-def]
scripts/gpu_dock_fast.py:102: note: Use "-> None" if function does not return a value
scripts/gpu_dock_fast.py:126: error: Call to untyped function "extract_docking_boxes" in typed context  [no-untyped-call]
scripts/gpu_dock_fast.py:142: error: Call to untyped function "fast_prep_ligand_pdbqt" in typed context  [no-untyped-call]
scripts/gpu_dock_fast.py:160: error: Call to untyped function "run_unidock" in typed context  [no-untyped-call]
scripts/gpu_dock_fast.py:175: error: Call to untyped function "main" in typed context  [no-untyped-call]
scripts/generate_lock_region_mask_v2.py:13: error: Cannot find implementation or library stub for module named "lock_mask_forensics_utils"  [import-not-found]
scripts/audit_z_proxy_voxels.py:12: error: Cannot find implementation or library stub for module named "lock_mask_forensics_utils"  [import-not-found]
scripts/quarantine/r2_offload_completed_targets.py:32: error: Skipping analyzing "boto3": module is installed, but missing library stubs or py.typed marker  [import-untyped]
scripts/quarantine/r2_offload_completed_targets.py:33: error: Skipping analyzing "botocore.client": module is installed, but missing library stubs or py.typed marker  [import-untyped]
scripts/quarantine/r2_offload_completed_targets.py:87: error: Function is missing a return type annotation  [no-untyped-def]
scripts/quarantine/r2_offload_completed_targets.py:113: error: Missing type arguments for generic type "dict"  [type-arg]
scripts/quarantine/r2_offload_completed_targets.py:180: error: Missing type arguments for generic type "dict"  [type-arg]
scripts/quarantine/r2_offload_completed_targets.py:217: error: Function is missing a return type annotation  [no-untyped-def]
scripts/quarantine/r2_offload_completed_targets.py:217: error: Missing type arguments for generic type "dict"  [type-arg]
scripts/quarantine/r2_offload_completed_targets.py:222: error: Function is missing a type annotation for one or more parameters  [no-untyped-def]
scripts/quarantine/r2_offload_completed_targets.py:222: error: Missing type arguments for generic type "dict"  [type-arg]
scripts/quarantine/r2_offload_completed_targets.py:289: error: Function is missing a return type annotation  [no-untyped-def]
scripts/quarantine/r2_offload_completed_targets.py:290: error: Call to untyped function "_s3_client" in typed context  [no-untyped-call]
scripts/quarantine/r2_offload_completed_targets.py:341: error: Function is missing a return type annotation  [no-untyped-def]
scripts/quarantine/r2_offload_completed_targets.py:346: error: Need type annotation for "per_target" (hint: "per_target: dict[<type>, <type>] = ...")  [var-annotated]
scripts/quarantine/r2_offload_completed_targets.py:373: error: Function is missing a return type annotation  [no-untyped-def]
scripts/quarantine/r2_offload_completed_targets.py:373: note: Use "-> None" if function does not return a value
scripts/quarantine/r2_offload_completed_targets.py:416: error: Function is missing a return type annotation  [no-untyped-def]
scripts/quarantine/r2_offload_completed_targets.py:416: note: Use "-> None" if function does not return a value
scripts/quarantine/r2_offload_completed_targets.py:425: error: Need type annotation for "counts" (hint: "counts: dict[<type>, <type>] = ...")  [var-annotated]
scripts/quarantine/r2_offload_completed_targets.py:426: error: Need type annotation for "bytes_by" (hint: "bytes_by: dict[<type>, <type>] = ...")  [var-annotated]
scripts/quarantine/r2_offload_completed_targets.py:438: error: Call to untyped function "summarize" in typed context  [no-untyped-call]
scripts/quarantine/r2_offload_completed_targets.py:443: error: Call to untyped function "summarize" in typed context  [no-untyped-call]
scripts/quarantine/r2_offload_completed_targets.py:458: error: Call to untyped function "do_delete" in typed context  [no-untyped-call]
scripts/quarantine/r2_offload_completed_targets.py:462: error: Call to untyped function "main" in typed context  [no-untyped-call]
scripts/quarantine/incremental_delete.py:20: error: Function is missing a return type annotation  [no-untyped-def]
scripts/quarantine/incremental_delete.py:36: error: Function is missing a type annotation  [no-untyped-def]
scripts/quarantine/incremental_delete.py:38: error: Need type annotation for "openf" (hint: "openf: set[<type>] = ...")  [var-annotated]
scripts/quarantine/incremental_delete.py:49: error: Function is missing a return type annotation  [no-untyped-def]
scripts/quarantine/incremental_delete.py:63: error: Function is missing a return type annotation  [no-untyped-def]
scripts/quarantine/incremental_delete.py:64: error: Call to untyped function "load_manifest" in typed context  [no-untyped-call]
scripts/quarantine/incremental_delete.py:68: error: Call to untyped function "already_deleted_paths" in typed context  [no-untyped-call]
scripts/quarantine/incremental_delete.py:69: error: Call to untyped function "uploader_open_files" in typed context  [no-untyped-call]
scripts/quarantine/incremental_delete.py:114: error: Function is missing a return type annotation  [no-untyped-def]
scripts/quarantine/incremental_delete.py:114: note: Use "-> None" if function does not return a value
scripts/quarantine/incremental_delete.py:123: error: Call to untyped function "main" in typed context  [no-untyped-call]
scripts/interfaces/spike_pharmacophore.py:70: error: Returning Any from function declared to return "float"  [no-any-return]
scripts/consensus.py:457: error: Function is missing a type annotation  [no-untyped-def]
scripts/consensus.py:465: error: Call to untyped function "_ranks" in typed context  [no-untyped-call]
scripts/consensus.py:468: error: Call to untyped function "_ranks" in typed context  [no-untyped-call]
scripts/consensus.py:469: error: Call to untyped function "_ranks" in typed context  [no-untyped-call]
scripts/viewer/build_viewer.py:126: error: Argument "indent" to "to_json" of "ViewerPayload" has incompatible type "None"; expected "int"  [arg-type]
scripts/quarantine/prism-aggregate-sites.py:403: error: Missing type arguments for generic type "set"  [type-arg]
scripts/quarantine/prism-aggregate-sites.py:404: error: Missing type arguments for generic type "set"  [type-arg]
scripts/quarantine/prism-aggregate-sites.py:416: error: Missing type arguments for generic type "set"  [type-arg]
scripts/quarantine/prism-aggregate-sites.py:464: error: Missing type arguments for generic type "set"  [type-arg]
scripts/quarantine/prism-aggregate-sites.py:654: error: Missing type arguments for generic type "set"  [type-arg]
scripts/quarantine/prism-aggregate-sites.py:686: error: Missing type arguments for generic type "set"  [type-arg]
scripts/preprocessing/target_classifier.py:67: error: Library stubs not installed for "requests"  [import-untyped]
scripts/preprocessing/target_classifier.py:187: error: Missing type arguments for generic type "tuple"  [type-arg]
scripts/preprocessing/protein_fixer.py:75: error: Skipping analyzing "pdbfixer": module is installed, but missing library stubs or py.typed marker  [import-untyped]
scripts/preprocessing/protein_fixer.py:93: error: Skipping analyzing "openmm.app": module is installed, but missing library stubs or py.typed marker  [import-untyped]
scripts/preprocessing/protein_fixer.py:167: error: Missing type arguments for generic type "set"  [type-arg]
scripts/fep/restraint_selector.py:60: error: Missing type arguments for generic type "Dict"  [type-arg]
scripts/fep/restraint_selector.py:173: error: Missing type arguments for generic type "set"  [type-arg]
scripts/fep/analyze_fep.py:29: error: Cannot find implementation or library stub for module named "interfaces.fep_result"  [import-not-found]
scripts/fep/analyze_fep.py:30: error: Cannot find implementation or library stub for module named "fep.fep_qc"  [import-not-found]
scripts/generate_rmsf_from_bfactors.py:38: error: Incompatible default for parameter "chain" (default has type "None", parameter has type "str")  [assignment]
scripts/generate_rmsf_from_bfactors.py:38: note: PEP 484 prohibits implicit Optional. Accordingly, mypy has changed its default to no_implicit_optional=True
scripts/generate_rmsf_from_bfactors.py:38: note: Use https://github.com/hauntsaninja/no_implicit_optional to automatically upgrade your codebase
scripts/generate_rmsf_from_bfactors.py:276: error: Function is missing a return type annotation  [no-untyped-def]
scripts/generate_rmsf_from_bfactors.py:276: note: Use "-> None" if function does not return a value
scripts/generate_rmsf_from_bfactors.py:292: error: Call to untyped function "main" in typed context  [no-untyped-call]
scripts/quarantine/m1_ablation.py:91: error: Function is missing a type annotation  [no-untyped-def]
scripts/quarantine/m1_ablation.py:97: error: Function is missing a type annotation  [no-untyped-def]
scripts/quarantine/m1_ablation.py:114: error: Function is missing a type annotation  [no-untyped-def]
scripts/quarantine/m1_ablation.py:136: error: Function is missing a type annotation  [no-untyped-def]
scripts/quarantine/m1_ablation.py:158: error: Function is missing a type annotation  [no-untyped-def]
scripts/quarantine/m1_ablation.py:184: error: Function is missing a type annotation  [no-untyped-def]
scripts/quarantine/m1_ablation.py:211: error: Function is missing a type annotation  [no-untyped-def]
scripts/quarantine/m1_ablation.py:213: error: Call to untyped function "score_A" in typed context  [no-untyped-call]
scripts/quarantine/m1_ablation.py:230: error: Function is missing a type annotation  [no-untyped-def]
scripts/quarantine/m1_ablation.py:240: error: Function is missing a type annotation  [no-untyped-def]
scripts/quarantine/m1_ablation.py:250: error: Function is missing a type annotation  [no-untyped-def]
scripts/quarantine/m1_ablation.py:260: error: Need type annotation for "tp_raw"  [var-annotated]
scripts/quarantine/m1_ablation.py:261: error: Need type annotation for "fp_raw"  [var-annotated]
scripts/quarantine/m1_ablation.py:292: error: Function is missing a type annotation  [no-untyped-def]
scripts/quarantine/m1_ablation.py:293: error: Need type annotation for "per_variant" (hint: "per_variant: dict[<type>, <type>] = ...")  [var-annotated]
scripts/quarantine/m1_ablation.py:305: error: Need type annotation for "target_result"  [var-annotated]
scripts/quarantine/m1_ablation.py:311: error: Call to untyped function (unknown) in typed context  [no-untyped-call]
scripts/quarantine/m1_ablation.py:314: error: Call to untyped function "rank" in typed context  [no-untyped-call]
scripts/quarantine/m1_ablation.py:317: error: Call to untyped function "dcc_of" in typed context  [no-untyped-call]
scripts/quarantine/m1_ablation.py:320: error: Call to untyped function "cause_of_demotion" in typed context  [no-untyped-call]
scripts/quarantine/m1_ablation.py:322: error: Unsupported target for indexed assignment ("dict[Any, Any] | str | Any | Literal[False] | None")  [index]
scripts/quarantine/m1_ablation.py:358: error: Function is missing a return type annotation  [no-untyped-def]
scripts/quarantine/m1_ablation.py:362: error: Need type annotation for "results"  [var-annotated]
scripts/quarantine/m1_ablation.py:412: error: Call to untyped function (unknown) in typed context  [no-untyped-call]
scripts/quarantine/m1_ablation.py:413: error: Call to untyped function "rank" in typed context  [no-untyped-call]
scripts/quarantine/m1_ablation.py:439: error: Function is missing a type annotation  [no-untyped-def]
scripts/quarantine/m1_ablation.py:440: error: Function is missing a type annotation  [no-untyped-def]
scripts/quarantine/m1_ablation.py:447: error: Function is missing a return type annotation  [no-untyped-def]
scripts/quarantine/m1_ablation.py:447: note: Use "-> None" if function does not return a value
scripts/quarantine/m1_ablation.py:448: error: Call to untyped function "evaluate_tier_A" in typed context  [no-untyped-call]
scripts/quarantine/m1_ablation.py:449: error: Call to untyped function "evaluate_tier_B" in typed context  [no-untyped-call]
scripts/quarantine/m1_ablation.py:450: error: Call to untyped function "lexicographic_winner" in typed context  [no-untyped-call]
scripts/quarantine/m1_ablation.py:509: error: Call to untyped function "main" in typed context  [no-untyped-call]
scripts/quarantine/m1_2c_cleanup.py:45: error: Function is missing a return type annotation  [no-untyped-def]
scripts/quarantine/m1_2c_cleanup.py:95: error: Function is missing a return type annotation  [no-untyped-def]
scripts/quarantine/m1_2c_cleanup.py:133: error: Incompatible types in assignment (expression has type "TextIOWrapper[_WrappedBuffer]", variable has type "Path")  [assignment]
scripts/quarantine/m1_2c_cleanup.py:134: error: Argument 1 to "DictWriter" has incompatible type "Path"; expected "SupportsWrite[str]"  [arg-type]
scripts/quarantine/m1_2c_cleanup.py:156: error: Function is missing a type annotation  [no-untyped-def]
scripts/quarantine/m1_2c_cleanup.py:172: error: Function is missing a type annotation  [no-untyped-def]
scripts/quarantine/m1_2c_cleanup.py:185: error: Function is missing a type annotation  [no-untyped-def]
scripts/quarantine/m1_2c_cleanup.py:197: error: Function is missing a type annotation  [no-untyped-def]
scripts/quarantine/m1_2c_cleanup.py:207: error: Function is missing a type annotation  [no-untyped-def]
scripts/quarantine/m1_2c_cleanup.py:226: error: Function is missing a return type annotation  [no-untyped-def]
scripts/quarantine/m1_2c_cleanup.py:226: note: Use "-> None" if function does not return a value
scripts/quarantine/m1_2c_cleanup.py:227: error: Call to untyped function "open_frequency_audit" in typed context  [no-untyped-call]
scripts/quarantine/m1_2c_cleanup.py:258: error: Call to untyped function "strip_open_frequency_from_reasoning" in typed context  [no-untyped-call]
scripts/quarantine/m1_2c_cleanup.py:259: error: Call to untyped function "rename_mutagenesis_framing" in typed context  [no-untyped-call]
scripts/quarantine/m1_2c_cleanup.py:261: error: Call to untyped function "chemistry_usable_now" in typed context  [no-untyped-call]
scripts/quarantine/m1_2c_cleanup.py:262: error: Call to untyped function "mechanism_usable_now" in typed context  [no-untyped-call]
scripts/quarantine/m1_2c_cleanup.py:263: error: Call to untyped function "external_dossier_ok" in typed context  [no-untyped-call]
scripts/quarantine/m1_2c_cleanup.py:363: error: Call to untyped function "main" in typed context  [no-untyped-call]
scripts/quarantine/classifier_audit_expanded.py:39: error: Missing type arguments for generic type "dict"  [type-arg]
scripts/quarantine/classifier_audit_expanded.py:83: error: Missing type arguments for generic type "dict"  [type-arg]
scripts/quarantine/classifier_audit_expanded.py:114: error: Function is missing a type annotation for one or more parameters  [no-untyped-def]
scripts/quarantine/classifier_audit_expanded.py:114: error: Missing type arguments for generic type "dict"  [type-arg]
scripts/quarantine/classifier_audit_expanded.py:117: error: Returning Any from function declared to return "int | None"  [no-any-return]
scripts/quarantine/classifier_audit_expanded.py:130: error: Missing type arguments for generic type "dict"  [type-arg]
scripts/quarantine/classifier_audit_expanded.py:184: error: Function is missing a return type annotation  [no-untyped-def]
scripts/quarantine/classifier_audit_expanded.py:254: error: Value of type "object" is not indexable  [index]
scripts/quarantine/classifier_audit_expanded.py:255: error: Value of type "object" is not indexable  [index]
scripts/quarantine/classifier_audit_expanded.py:256: error: Value of type "object" is not indexable  [index]
scripts/quarantine/classifier_audit_expanded.py:257: error: Value of type "object" is not indexable  [index]
scripts/quarantine/classifier_audit_expanded.py:258: error: Value of type "object" is not indexable  [index]
scripts/quarantine/classifier_audit_expanded.py:259: error: Value of type "object" is not indexable  [index]
scripts/quarantine/classifier_audit_expanded.py:266: error: Call to untyped function "main" in typed context  [no-untyped-call]
scripts/quarantine/classifier_audit.py:34: error: Function is missing a type annotation  [no-untyped-def]
scripts/quarantine/classifier_audit.py:45: error: Function is missing a type annotation for one or more parameters  [no-untyped-def]
scripts/quarantine/classifier_audit.py:45: error: Missing type arguments for generic type "dict"  [type-arg]
scripts/quarantine/classifier_audit.py:78: error: Missing type arguments for generic type "dict"  [type-arg]
scripts/quarantine/classifier_audit.py:84: error: Function is missing a return type annotation  [no-untyped-def]
scripts/quarantine/classifier_audit.py:84: error: Missing type arguments for generic type "dict"  [type-arg]
scripts/quarantine/classifier_audit.py:85: error: Call to untyped function "min_max" in typed context  [no-untyped-call]
scripts/quarantine/classifier_audit.py:86: error: Call to untyped function "min_max" in typed context  [no-untyped-call]
scripts/quarantine/classifier_audit.py:87: error: Call to untyped function "min_max" in typed context  [no-untyped-call]
scripts/quarantine/classifier_audit.py:89: error: Function is missing a type annotation  [no-untyped-def]
scripts/quarantine/classifier_audit.py:97: error: Function is missing a type annotation  [no-untyped-def]
scripts/quarantine/classifier_audit.py:104: error: Missing type arguments for generic type "dict"  [type-arg]
scripts/quarantine/classifier_audit.py:123: error: Call to untyped function "dcc_of" in typed context  [no-untyped-call]
scripts/quarantine/classifier_audit.py:173: error: Function is missing a type annotation for one or more parameters  [no-untyped-def]
scripts/quarantine/classifier_audit.py:173: error: Missing type arguments for generic type "dict"  [type-arg]
scripts/quarantine/classifier_audit.py:189: error: Call to untyped function "dcc_of" in typed context  [no-untyped-call]
scripts/quarantine/classifier_audit.py:209: error: Missing type arguments for generic type "dict"  [type-arg]
scripts/quarantine/classifier_audit.py:254: error: Missing type arguments for generic type "dict"  [type-arg]
scripts/quarantine/classifier_audit.py:256: error: Need type annotation for "by_label"  [var-annotated]
scripts/quarantine/classifier_audit.py:280: error: Function is missing a return type annotation  [no-untyped-def]
scripts/quarantine/classifier_audit.py:288: error: Function is missing a type annotation  [no-untyped-def]
scripts/quarantine/classifier_audit.py:386: error: Function is missing a type annotation  [no-untyped-def]
scripts/quarantine/classifier_audit.py:388: error: Call to untyped function "rank" in typed context  [no-untyped-call]
scripts/quarantine/classifier_audit.py:414: error: Call to untyped function "main" in typed context  [no-untyped-call]
scripts/quarantine/b_no_therm_feature_gap.py:64: error: Function is missing a type annotation  [no-untyped-def]
scripts/quarantine/b_no_therm_feature_gap.py:68: error: Function is missing a type annotation  [no-untyped-def]
scripts/quarantine/b_no_therm_feature_gap.py:87: error: Function is missing a type annotation  [no-untyped-def]
scripts/quarantine/b_no_therm_feature_gap.py:88: error: Call to untyped function "compute_B" in typed context  [no-untyped-call]
scripts/quarantine/b_no_therm_feature_gap.py:95: error: Function is missing a type annotation  [no-untyped-def]
scripts/quarantine/b_no_therm_feature_gap.py:104: error: Function is missing a type annotation  [no-untyped-def]
scripts/quarantine/b_no_therm_feature_gap.py:111: error: Function is missing a type annotation  [no-untyped-def]
scripts/quarantine/b_no_therm_feature_gap.py:132: error: Function is missing a type annotation  [no-untyped-def]
scripts/quarantine/b_no_therm_feature_gap.py:137: error: Call to untyped function "rank_B" in typed context  [no-untyped-call]
scripts/quarantine/b_no_therm_feature_gap.py:140: error: Call to untyped function "dcc_for" in typed context  [no-untyped-call]
scripts/quarantine/b_no_therm_feature_gap.py:146: error: Call to untyped function "pocket_by_id" in typed context  [no-untyped-call]
scripts/quarantine/b_no_therm_feature_gap.py:157: error: Call to untyped function "dominant_feature_gap" in typed context  [no-untyped-call]
scripts/quarantine/b_no_therm_feature_gap.py:168: error: Call to untyped function "alias" in typed context  [no-untyped-call]
scripts/quarantine/b_no_therm_feature_gap.py:170: error: Call to untyped function "alias" in typed context  [no-untyped-call]
scripts/quarantine/b_no_therm_feature_gap.py:205: error: Function is missing a return type annotation  [no-untyped-def]
scripts/quarantine/b_no_therm_feature_gap.py:205: note: Use "-> None" if function does not return a value
scripts/quarantine/b_no_therm_feature_gap.py:209: error: Call to untyped function "audit_target" in typed context  [no-untyped-call]
scripts/quarantine/b_no_therm_feature_gap.py:251: error: Need type annotation for "weighted_agg"  [var-annotated]
scripts/quarantine/b_no_therm_feature_gap.py:303: error: Call to untyped function "main" in typed context  [no-untyped-call]
scripts/verify_topology.py:29: error: Function is missing a type annotation  [no-untyped-def]
scripts/verify_topology.py:31: error: Function is missing a type annotation  [no-untyped-def]
scripts/verify_topology.py:34: error: Function is missing a type annotation  [no-untyped-def]
scripts/verify_topology.py:37: error: Function is missing a type annotation  [no-untyped-def]
scripts/verify_topology.py:40: error: Function is missing a type annotation  [no-untyped-def]
scripts/verify_topology.py:41: error: Call to untyped function "dot" in typed context  [no-untyped-call]
scripts/verify_topology.py:43: error: Call to untyped function "subtract" in typed context  [no-untyped-call]
scripts/verify_topology.py:44: error: Call to untyped function "subtract" in typed context  [no-untyped-call]
scripts/verify_topology.py:45: error: Call to untyped function "subtract" in typed context  [no-untyped-call]
scripts/verify_topology.py:47: error: Call to untyped function "cross" in typed context  [no-untyped-call]
scripts/verify_topology.py:48: error: Call to untyped function "cross" in typed context  [no-untyped-call]
scripts/verify_topology.py:50: error: Call to untyped function "norm" in typed context  [no-untyped-call]
scripts/verify_topology.py:53: error: Call to untyped function "cross" in typed context  [no-untyped-call]
scripts/verify_topology.py:55: error: Call to untyped function "dot" in typed context  [no-untyped-call]
scripts/verify_topology.py:56: error: Call to untyped function "dot" in typed context  [no-untyped-call]
scripts/verify_topology.py:61: error: Function is missing a type annotation  [no-untyped-def]
scripts/verify_topology.py:393: error: Function is missing a type annotation  [no-untyped-def]
scripts/verify_topology.py:399: error: Call to untyped function "atom_info" in typed context  [no-untyped-call]
scripts/verify_topology.py:400: error: Call to untyped function "atom_info" in typed context  [no-untyped-call]
scripts/verify_topology.py:420: error: Function is missing a type annotation  [no-untyped-def]
scripts/verify_topology.py:426: error: Call to untyped function "atom_info" in typed context  [no-untyped-call]
scripts/verify_topology.py:472: error: Need type annotation for "res_atom_indices"  [var-annotated]
scripts/verify_topology.py:518: error: Function is missing a type annotation  [no-untyped-def]
scripts/verify_topology.py:520: error: Function is missing a type annotation  [no-untyped-def]
scripts/verify_topology.py:522: error: Function is missing a type annotation  [no-untyped-def]
scripts/verify_topology.py:525: error: Call to untyped function "subtract" in typed context  [no-untyped-call]
scripts/verify_topology.py:526: error: Call to untyped function "subtract" in typed context  [no-untyped-call]
scripts/verify_topology.py:527: error: Call to untyped function "subtract" in typed context  [no-untyped-call]
scripts/verify_topology.py:528: error: Call to untyped function "dot" in typed context  [no-untyped-call]
scripts/verify_topology.py:528: error: Call to untyped function "cross" in typed context  [no-untyped-call]
scripts/verify_topology.py:653: error: Function is missing a return type annotation  [no-untyped-def]
scripts/verify_topology.py:653: note: Use "-> None" if function does not return a value
scripts/verify_topology.py:674: error: Call to untyped function "verify_topology" in typed context  [no-untyped-call]
scripts/verify_topology.py:693: error: Call to untyped function "verify_topology" in typed context  [no-untyped-call]
scripts/verify_topology.py:697: error: Call to untyped function "main" in typed context  [no-untyped-call]
scripts/validate_topology.py:48: error: Missing type arguments for generic type "Dict"  [type-arg]
scripts/validate_topology.py:51: error: Returning Any from function declared to return "dict[Any, Any]"  [no-any-return]
scripts/validate_topology.py:78: error: Missing type arguments for generic type "Dict"  [type-arg]
scripts/validate_topology.py:105: error: Missing type arguments for generic type "Dict"  [type-arg]
scripts/validate_topology.py:160: error: Missing type arguments for generic type "Dict"  [type-arg]
scripts/validate_topology.py:206: error: Missing type arguments for generic type "Dict"  [type-arg]
scripts/validate_topology.py:225: error: Missing type arguments for generic type "Dict"  [type-arg]
scripts/validate_topology.py:364: error: Function is missing a return type annotation  [no-untyped-def]
scripts/validate_topology.py:385: error: Call to untyped function "main" in typed context  [no-untyped-call]
scripts/quarantine/gate_a_validator.py:44: error: Function is missing a type annotation  [no-untyped-def]
scripts/quarantine/gate_a_validator.py:48: error: Function is missing a type annotation  [no-untyped-def]
scripts/quarantine/gate_a_validator.py:52: error: Missing type arguments for generic type "dict"  [type-arg]
scripts/quarantine/gate_a_validator.py:61: error: Missing type arguments for generic type "dict"  [type-arg]
scripts/quarantine/gate_a_validator.py:69: error: Need type annotation for "stream_count_rows_agg"  [var-annotated]
scripts/quarantine/gate_a_validator.py:70: error: Need type annotation for "stream_count_rows_regen"  [var-annotated]
scripts/quarantine/gate_a_validator.py:71: error: Need type annotation for "phase_count_rows_agg"  [var-annotated]
scripts/quarantine/gate_a_validator.py:72: error: Need type annotation for "phase_count_rows_regen"  [var-annotated]
scripts/quarantine/gate_a_validator.py:79: error: Need type annotation for "mismatch_cause_classes"  [var-annotated]
scripts/quarantine/gate_a_validator.py:121: error: Skipping analyzing "ijson": module is installed, but missing library stubs or py.typed marker  [import-untyped]
scripts/quarantine/gate_a_validator.py:122: error: Need type annotation for "stream_legacy"  [var-annotated]
scripts/quarantine/gate_a_validator.py:122: error: Need type annotation for "phase_legacy"  [var-annotated]
scripts/quarantine/gate_a_validator.py:127: error: Need type annotation for "stream_regen"  [var-annotated]
scripts/quarantine/gate_a_validator.py:127: error: Need type annotation for "phase_regen"  [var-annotated]
scripts/quarantine/gate_a_validator.py:161: error: Function is missing a type annotation  [no-untyped-def]
scripts/quarantine/gate_a_validator.py:162: error: Call to untyped function "_norm_int" in typed context  [no-untyped-call]
scripts/quarantine/gate_a_validator.py:163: error: Call to untyped function "_norm_int" in typed context  [no-untyped-call]
scripts/quarantine/gate_a_validator.py:164: error: Call to untyped function "_norm_float" in typed context  [no-untyped-call]
scripts/quarantine/gate_a_validator.py:166: error: Function is missing a type annotation  [no-untyped-def]
scripts/quarantine/gate_a_validator.py:171: error: Call to untyped function "_norm_int" in typed context  [no-untyped-call]
scripts/quarantine/gate_a_validator.py:173: error: Call to untyped function "_norm_float" in typed context  [no-untyped-call]
scripts/quarantine/gate_a_validator.py:176: error: Function is missing a type annotation  [no-untyped-def]
scripts/quarantine/gate_a_validator.py:177: error: Call to untyped function "_canon_field" in typed context  [no-untyped-call]
scripts/quarantine/gate_a_validator.py:181: error: Call to untyped function "_pos_key" in typed context  [no-untyped-call]
scripts/quarantine/gate_a_validator.py:182: error: Need type annotation for "regen_consumed"  [var-annotated]
scripts/quarantine/gate_a_validator.py:186: error: Call to untyped function "_pos_key" in typed context  [no-untyped-call]
scripts/quarantine/gate_a_validator.py:187: error: Call to untyped function "_full_tuple" in typed context  [no-untyped-call]
scripts/quarantine/gate_a_validator.py:194: error: Call to untyped function "_full_tuple" in typed context  [no-untyped-call]
scripts/quarantine/gate_a_validator.py:199: error: Call to untyped function "_norm_int" in typed context  [no-untyped-call]
scripts/quarantine/gate_a_validator.py:200: error: Call to untyped function "_norm_int" in typed context  [no-untyped-call]
scripts/quarantine/gate_a_validator.py:227: error: Incompatible types in assignment (expression has type "str", variable has type "BufferedReader[_BufferedReaderStream]")  [assignment]
scripts/quarantine/gate_a_validator.py:228: error: Call to untyped function "_canon_field" in typed context  [no-untyped-call]
scripts/quarantine/gate_a_validator.py:243: error: Non-overlapping container check (element type: "str", container item type: "BufferedReader[_BufferedReaderStream]")  [comparison-overlap]
scripts/quarantine/gate_a_validator.py:247: error: Item "None" of "Any | None" has no attribute "get"  [union-attr]
scripts/quarantine/gate_a_validator.py:250: error: Non-overlapping container check (element type: "BufferedReader[_BufferedReaderStream]", container item type: "str")  [comparison-overlap]
scripts/quarantine/gate_a_validator.py:271: error: Incompatible types in assignment (expression has type "TextIOWrapper[_WrappedBuffer]", variable has type "BufferedReader[_BufferedReaderStream]")  [assignment]
scripts/quarantine/gate_a_validator.py:272: error: Argument 1 to "DictWriter" has incompatible type "BufferedReader[_BufferedReaderStream]"; expected "SupportsWrite[str]"  [arg-type]
scripts/quarantine/gate_a_validator.py:274: error: Incompatible types in assignment (expression has type "TextIOWrapper[_WrappedBuffer]", variable has type "BufferedReader[_BufferedReaderStream]")  [assignment]
scripts/quarantine/gate_a_validator.py:275: error: Argument 1 to "DictWriter" has incompatible type "BufferedReader[_BufferedReaderStream]"; expected "SupportsWrite[str]"  [arg-type]
scripts/quarantine/gate_a_validator.py:277: error: Incompatible types in assignment (expression has type "TextIOWrapper[_WrappedBuffer]", variable has type "BufferedReader[_BufferedReaderStream]")  [assignment]
scripts/quarantine/gate_a_validator.py:278: error: Incompatible types in assignment (expression has type "Writer", variable has type "DictWriter[str]")  [assignment]
scripts/quarantine/gate_a_validator.py:278: error: Argument 1 to "writer" has incompatible type "BufferedReader[_BufferedReaderStream]"; expected "SupportsWrite[str]"  [arg-type]
scripts/quarantine/gate_a_validator.py:279: error: Argument 1 to "writerow" of "DictWriter" has incompatible type "list[str]"; expected "Mapping[str, Any]"  [arg-type]
scripts/quarantine/gate_a_validator.py:283: error: Argument 1 to "writerow" of "DictWriter" has incompatible type "list[Any]"; expected "Mapping[str, Any]"  [arg-type]
scripts/quarantine/gate_a_validator.py:284: error: Incompatible types in assignment (expression has type "TextIOWrapper[_WrappedBuffer]", variable has type "BufferedReader[_BufferedReaderStream]")  [assignment]
scripts/quarantine/gate_a_validator.py:285: error: Incompatible types in assignment (expression has type "Writer", variable has type "DictWriter[str]")  [assignment]
scripts/quarantine/gate_a_validator.py:285: error: Argument 1 to "writer" has incompatible type "BufferedReader[_BufferedReaderStream]"; expected "SupportsWrite[str]"  [arg-type]
scripts/quarantine/gate_a_validator.py:286: error: Argument 1 to "writerow" of "DictWriter" has incompatible type "list[str]"; expected "Mapping[str, Any]"  [arg-type]
scripts/quarantine/gate_a_validator.py:290: error: Argument 1 to "writerow" of "DictWriter" has incompatible type "list[Any]"; expected "Mapping[str, Any]"  [arg-type]
scripts/quarantine/gate_a_validator.py:291: error: Incompatible types in assignment (expression has type "TextIOWrapper[_WrappedBuffer]", variable has type "BufferedReader[_BufferedReaderStream]")  [assignment]
scripts/quarantine/gate_a_validator.py:296: error: Argument 1 to "DictWriter" has incompatible type "BufferedReader[_BufferedReaderStream]"; expected "SupportsWrite[str]"  [arg-type]
scripts/quarantine/gate_a_validator.py:324: error: Value of type variable "SupportsRichComparisonT" of "sorted" cannot be "BufferedReader[_BufferedReaderStream]"  [type-var]
scripts/quarantine/gate_a_validator.py:330: error: Incompatible types in assignment (expression has type "TextIOWrapper[_WrappedBuffer]", variable has type "BufferedReader[_BufferedReaderStream]")  [assignment]
scripts/quarantine/gate_a_validator.py:332: error: Argument 1 to "write" of "_BufferedIOBase" has incompatible type "str"; expected "Buffer"  [arg-type]
scripts/quarantine/gate_a_validator.py:334: error: Argument 1 to "write" of "_BufferedIOBase" has incompatible type "str"; expected "Buffer"  [arg-type]
scripts/quarantine/gate_a_validator.py:345: error: Value of type variable "SupportsRichComparisonT" of "sorted" cannot be "BufferedReader[_BufferedReaderStream]"  [type-var]
scripts/quarantine/gate_a_validator.py:355: error: Function is missing a return type annotation  [no-untyped-def]
scripts/quarantine/gate_a_validator.py:355: note: Use "-> None" if function does not return a value
scripts/quarantine/gate_a_validator.py:365: error: Call to untyped function "main" in typed context  [no-untyped-call]
scripts/quarantine/aggregate_site_tags.py:57: error: Skipping analyzing "ijson": module is installed, but missing library stubs or py.typed marker  [import-untyped]
scripts/quarantine/aggregate_site_tags.py:91: error: Missing type arguments for generic type "Counter"  [type-arg]
scripts/quarantine/aggregate_site_tags.py:170: error: Missing type arguments for generic type "Counter"  [type-arg]
scripts/quarantine/aggregate_site_tags.py:192: error: Missing type arguments for generic type "Counter"  [type-arg]
scripts/quarantine/aggregate_site_tags.py:316: error: Missing type arguments for generic type "Counter"  [type-arg]
scripts/quarantine/aggregate_site_tags.py:668: error: Missing type arguments for generic type "Counter"  [type-arg]
scripts/quarantine/aggregate_site_tags.py:807: error: Invalid index type "Any | None" for "dict[int, list[dict[str, Any]]]"; expected type "int"  [index]
scripts/stage1_sanitize_hybrid.py:62: error: Missing type arguments for generic type "dict"  [type-arg]
scripts/stage1_sanitize_hybrid.py:68: error: Skipping analyzing "pdbfixer": module is installed, but missing library stubs or py.typed marker  [import-untyped]
scripts/stage1_sanitize_hybrid.py:89: error: Skipping analyzing "openmm.app": module is installed, but missing library stubs or py.typed marker  [import-untyped]
scripts/stage1_sanitize_hybrid.py:197: error: Missing type arguments for generic type "tuple"  [type-arg]
scripts/stage1_sanitize_hybrid.py:264: error: Function is missing a return type annotation  [no-untyped-def]
scripts/stage1_sanitize_hybrid.py:298: error: Call to untyped function "main" in typed context  [no-untyped-call]
scripts/setup_atlas_benchmark.py:32: error: Function is missing a return type annotation  [no-untyped-def]
scripts/setup_atlas_benchmark.py:32: note: Use "-> None" if function does not return a value
scripts/setup_atlas_benchmark.py:107: error: "object" has no attribute "append"  [attr-defined]
scripts/setup_atlas_benchmark.py:148: error: Call to untyped function "main" in typed context  [no-untyped-call]
scripts/run_bench10.py:88: error: Function is missing a type annotation  [no-untyped-def]
scripts/run_bench10.py:92: error: Function is missing a type annotation  [no-untyped-def]
scripts/run_bench10.py:93: error: Call to untyped function "log" in typed context  [no-untyped-call]
scripts/run_bench10.py:99: error: Call to untyped function "log" in typed context  [no-untyped-call]
scripts/run_bench10.py:101: error: Call to untyped function "log" in typed context  [no-untyped-call]
scripts/run_bench10.py:108: error: Function is missing a return type annotation  [no-untyped-def]
scripts/run_bench10.py:117: error: Function is missing a type annotation  [no-untyped-def]
scripts/run_bench10.py:157: error: Function is missing a type annotation  [no-untyped-def]
scripts/run_bench10.py:163: error: Call to untyped function "log" in typed context  [no-untyped-call]
scripts/run_bench10.py:170: error: Call to untyped function "run_cmd" in typed context  [no-untyped-call]
scripts/run_bench10.py:179: error: Function is missing a type annotation  [no-untyped-def]
scripts/run_bench10.py:184: error: Call to untyped function "log" in typed context  [no-untyped-call]
scripts/run_bench10.py:186: error: Call to untyped function "run_cmd" in typed context  [no-untyped-call]
scripts/run_bench10.py:193: error: Function is missing a type annotation  [no-untyped-def]
scripts/run_bench10.py:213: error: Function is missing a type annotation  [no-untyped-def]
scripts/run_bench10.py:223: error: Function is missing a type annotation  [no-untyped-def]
scripts/run_bench10.py:231: error: Function is missing a type annotation  [no-untyped-def]
scripts/run_bench10.py:238: error: Call to untyped function "sr_at_k" in typed context  [no-untyped-call]
scripts/run_bench10.py:241: error: Need type annotation for "rank_hist" (hint: "rank_hist: dict[<type>, <type>] = ...")  [var-annotated]
scripts/run_bench10.py:254: error: Call to untyped function "sr_at_k" in typed context  [no-untyped-call]
scripts/run_bench10.py:255: error: Call to untyped function "sr_at_k" in typed context  [no-untyped-call]
scripts/run_bench10.py:256: error: Call to untyped function "sr_at_k" in typed context  [no-untyped-call]
scripts/run_bench10.py:257: error: Call to untyped function "sr_at_k" in typed context  [no-untyped-call]
scripts/run_bench10.py:278: error: Function is missing a type annotation  [no-untyped-def]
scripts/run_bench10.py:288: error: Call to untyped function "log" in typed context  [no-untyped-call]
scripts/run_bench10.py:308: error: Call to untyped function "log" in typed context  [no-untyped-call]
scripts/run_bench10.py:316: error: Function is missing a return type annotation  [no-untyped-def]
scripts/run_bench10.py:317: error: Call to untyped function "log" in typed context  [no-untyped-call]
scripts/run_bench10.py:318: error: Call to untyped function "log" in typed context  [no-untyped-call]
scripts/run_bench10.py:319: error: Call to untyped function "log" in typed context  [no-untyped-call]
scripts/run_bench10.py:320: error: Call to untyped function "log" in typed context  [no-untyped-call]
scripts/run_bench10.py:321: error: Call to untyped function "log" in typed context  [no-untyped-call]
scripts/run_bench10.py:327: error: Call to untyped function "log" in typed context  [no-untyped-call]
scripts/run_bench10.py:328: error: Call to untyped function "log" in typed context  [no-untyped-call]
scripts/run_bench10.py:354: error: Call to untyped function "log" in typed context  [no-untyped-call]
scripts/run_bench10.py:357: error: Call to untyped function "load_ground_truth" in typed context  [no-untyped-call]
scripts/run_bench10.py:360: error: Call to untyped function "log" in typed context  [no-untyped-call]
scripts/run_bench10.py:361: error: Call to untyped function "check_regressions" in typed context  [no-untyped-call]
scripts/run_bench10.py:363: error: Call to untyped function "log" in typed context  [no-untyped-call]
scripts/run_bench10.py:365: error: Call to untyped function "log" in typed context  [no-untyped-call]
scripts/run_bench10.py:367: error: Call to untyped function "log" in typed context  [no-untyped-call]
scripts/run_bench10.py:374: error: "object" has no attribute "lower"  [attr-defined]
scripts/run_bench10.py:377: error: Call to untyped function "log" in typed context  [no-untyped-call]
scripts/run_bench10.py:378: error: Call to untyped function "log" in typed context  [no-untyped-call]
scripts/run_bench10.py:379: error: Call to untyped function "log" in typed context  [no-untyped-call]
scripts/run_bench10.py:387: error: Call to untyped function "log" in typed context  [no-untyped-call]
scripts/run_bench10.py:388: error: Call to untyped function "validate_ground_truth" in typed context  [no-untyped-call]
scripts/run_bench10.py:390: error: Call to untyped function "log" in typed context  [no-untyped-call]
scripts/run_bench10.py:393: error: Call to untyped function "log" in typed context  [no-untyped-call]
scripts/run_bench10.py:401: error: Call to untyped function "log" in typed context  [no-untyped-call]
scripts/run_bench10.py:404: error: Call to untyped function "log" in typed context  [no-untyped-call]
scripts/run_bench10.py:407: error: Call to untyped function "log" in typed context  [no-untyped-call]
scripts/run_bench10.py:410: error: Call to untyped function "run_engine" in typed context  [no-untyped-call]
scripts/run_bench10.py:418: error: Call to untyped function "log" in typed context  [no-untyped-call]
scripts/run_bench10.py:419: error: Call to untyped function "run_validation" in typed context  [no-untyped-call]
scripts/run_bench10.py:422: error: Call to untyped function "log" in typed context  [no-untyped-call]
scripts/run_bench10.py:423: error: Call to untyped function "compute_dcc" in typed context  [no-untyped-call]
scripts/run_bench10.py:427: error: Call to untyped function "grade" in typed context  [no-untyped-call]
scripts/run_bench10.py:428: error: Call to untyped function "log" in typed context  [no-untyped-call]
scripts/run_bench10.py:429: error: Call to untyped function "log" in typed context  [no-untyped-call]
scripts/run_bench10.py:456: error: Call to untyped function "update_aggregate_metrics" in typed context  [no-untyped-call]
scripts/run_bench10.py:458: error: Call to untyped function "log" in typed context  [no-untyped-call]
scripts/run_bench10.py:461: error: Call to untyped function "log" in typed context  [no-untyped-call]
scripts/run_bench10.py:472: error: Call to untyped function "log" in typed context  [no-untyped-call]
scripts/run_bench10.py:473: error: Call to untyped function "log" in typed context  [no-untyped-call]
scripts/run_bench10.py:474: error: Call to untyped function "log" in typed context  [no-untyped-call]
scripts/run_bench10.py:483: error: Generator has incompatible item type "object"; expected "bool"  [misc]
scripts/run_bench10.py:521: error: Call to untyped function "log" in typed context  [no-untyped-call]
scripts/run_bench10.py:522: error: Call to untyped function "log" in typed context  [no-untyped-call]
scripts/run_bench10.py:523: error: Call to untyped function "log" in typed context  [no-untyped-call]
scripts/run_bench10.py:524: error: Call to untyped function "log" in typed context  [no-untyped-call]
scripts/run_bench10.py:525: error: Call to untyped function "log" in typed context  [no-untyped-call]
scripts/run_bench10.py:526: error: Call to untyped function "log" in typed context  [no-untyped-call]
scripts/run_bench10.py:527: error: Call to untyped function "log" in typed context  [no-untyped-call]
scripts/run_bench10.py:530: error: Call to untyped function "log" in typed context  [no-untyped-call]
scripts/run_bench10.py:531: error: Call to untyped function "log" in typed context  [no-untyped-call]
scripts/run_bench10.py:534: error: Call to untyped function "log" in typed context  [no-untyped-call]
scripts/run_bench10.py:534: error: Value of type "object" is not indexable  [index]
scripts/run_bench10.py:536: error: Call to untyped function "log" in typed context  [no-untyped-call]
scripts/run_bench10.py:540: error: Call to untyped function "update_aggregate_metrics" in typed context  [no-untyped-call]
scripts/run_bench10.py:542: error: Call to untyped function "log" in typed context  [no-untyped-call]
scripts/run_bench10.py:543: error: Call to untyped function "log" in typed context  [no-untyped-call]
scripts/run_bench10.py:544: error: Call to untyped function "log" in typed context  [no-untyped-call]
scripts/run_bench10.py:546: error: Call to untyped function "log" in typed context  [no-untyped-call]
scripts/run_bench10.py:547: error: Call to untyped function "log" in typed context  [no-untyped-call]
scripts/run_bench10.py:548: error: Call to untyped function "log" in typed context  [no-untyped-call]
scripts/run_bench10.py:549: error: Call to untyped function "log" in typed context  [no-untyped-call]
scripts/run_bench10.py:550: error: Call to untyped function "log" in typed context  [no-untyped-call]
scripts/run_bench10.py:551: error: Call to untyped function "log" in typed context  [no-untyped-call]
scripts/run_bench10.py:552: error: Call to untyped function "log" in typed context  [no-untyped-call]
scripts/run_bench10.py:553: error: Call to untyped function "log" in typed context  [no-untyped-call]
scripts/run_bench10.py:556: error: Call to untyped function "main" in typed context  [no-untyped-call]
scripts/prism-corpus-status.py:41: error: Function is missing a type annotation  [no-untyped-def]
scripts/prism-corpus-status.py:48: error: Function is missing a type annotation  [no-untyped-def]
scripts/prism-corpus-status.py:51: error: Function is missing a type annotation  [no-untyped-def]
scripts/prism-corpus-status.py:57: error: Function is missing a return type annotation  [no-untyped-def]
scripts/prism-corpus-status.py:58: error: Call to untyped function "section" in typed context  [no-untyped-call]
scripts/prism-corpus-status.py:89: error: Call to untyped function "run_cmd" in typed context  [no-untyped-call]
scripts/prism-corpus-status.py:90: error: Call to untyped function "run_cmd" in typed context  [no-untyped-call]
scripts/prism-corpus-status.py:119: error: Call to untyped function "run_cmd" in typed context  [no-untyped-call]
scripts/prism-corpus-status.py:120: error: Call to untyped function "run_cmd" in typed context  [no-untyped-call]
scripts/prism-corpus-status.py:165: error: Function is missing a return type annotation  [no-untyped-def]
scripts/prism-corpus-status.py:166: error: Call to untyped function "section" in typed context  [no-untyped-call]
scripts/prism-corpus-status.py:169: error: Call to untyped function "run_cmd" in typed context  [no-untyped-call]
scripts/prism-corpus-status.py:173: error: Call to untyped function "run_cmd" in typed context  [no-untyped-call]
scripts/prism-corpus-status.py:177: error: Call to untyped function "run_cmd" in typed context  [no-untyped-call]
scripts/prism-corpus-status.py:188: error: Call to untyped function "run_cmd" in typed context  [no-untyped-call]
scripts/prism-corpus-status.py:196: error: Function is missing a type annotation  [no-untyped-def]
scripts/prism-corpus-status.py:197: error: Call to untyped function "section" in typed context  [no-untyped-call]
scripts/prism-corpus-status.py:220: error: Call to untyped function "run_cmd" in typed context  [no-untyped-call]
scripts/prism-corpus-status.py:258: error: Call to untyped function "run_cmd" in typed context  [no-untyped-call]
scripts/prism-corpus-status.py:274: error: Call to untyped function "run_cmd" in typed context  [no-untyped-call]
scripts/prism-corpus-status.py:289: error: Call to untyped function "run_cmd" in typed context  [no-untyped-call]
scripts/prism-corpus-status.py:326: error: Function is missing a type annotation  [no-untyped-def]
scripts/prism-corpus-status.py:329: error: Function is missing a type annotation  [no-untyped-def]
scripts/prism-corpus-status.py:335: error: Function is missing a type annotation  [no-untyped-def]
scripts/prism-corpus-status.py:336: error: Call to untyped function "section" in typed context  [no-untyped-call]
scripts/prism-corpus-status.py:353: error: Call to untyped function "run_cmd" in typed context  [no-untyped-call]
scripts/prism-corpus-status.py:384: error: Call to untyped function "run_cmd" in typed context  [no-untyped-call]
scripts/prism-corpus-status.py:415: error: Call to untyped function "_euclid" in typed context  [no-untyped-call]
scripts/prism-corpus-status.py:434: error: Call to untyped function "_grade" in typed context  [no-untyped-call]
scripts/prism-corpus-status.py:482: error: Function is missing a type annotation  [no-untyped-def]
scripts/prism-corpus-status.py:483: error: Call to untyped function "section" in typed context  [no-untyped-call]
scripts/prism-corpus-status.py:490: error: Need type annotation for "families" (hint: "families: dict[<type>, <type>] = ...")  [var-annotated]
scripts/prism-corpus-status.py:495: error: Generator has incompatible item type "int"; expected "bool"  [misc]
scripts/prism-corpus-status.py:520: error: Function is missing a type annotation  [no-untyped-def]
scripts/prism-corpus-status.py:521: error: Call to untyped function "section" in typed context  [no-untyped-call]
scripts/prism-corpus-status.py:537: error: Call to untyped function "run_cmd" in typed context  [no-untyped-call]
scripts/prism-corpus-status.py:539: error: Call to untyped function "run_cmd" in typed context  [no-untyped-call]
scripts/prism-corpus-status.py:590: error: Function is missing a return type annotation  [no-untyped-def]
scripts/prism-corpus-status.py:611: error: Call to untyped function "report_run_state" in typed context  [no-untyped-call]
scripts/prism-corpus-status.py:615: error: Call to untyped function "report_r2_health" in typed context  [no-untyped-call]
scripts/prism-corpus-status.py:618: error: Call to untyped function "report_target_review" in typed context  [no-untyped-call]
scripts/prism-corpus-status.py:622: error: Call to untyped function "report_dcc_validation" in typed context  [no-untyped-call]
scripts/prism-corpus-status.py:626: error: Call to untyped function "report_failures" in typed context  [no-untyped-call]
scripts/prism-corpus-status.py:629: error: Call to untyped function "report_residue_alignment" in typed context  [no-untyped-call]
scripts/prism-corpus-status.py:632: error: Call to untyped function "section" in typed context  [no-untyped-call]
scripts/prism-corpus-status.py:645: error: Function is missing a type annotation  [no-untyped-def]
scripts/prism-corpus-status.py:656: error: Call to untyped function "color" in typed context  [no-untyped-call]
scripts/prism-corpus-status.py:660: error: Call to untyped function "color" in typed context  [no-untyped-call]
scripts/prism-corpus-status.py:716: error: Call to untyped function "main" in typed context  [no-untyped-call]
scripts/quarantine/prism_prov.py:244: error: Missing type arguments for generic type "CompletedProcess"  [type-arg]
scripts/quarantine/prism_prov.py:275: error: Function is missing a return type annotation  [no-untyped-def]
scripts/quarantine/prism_prov.py:285: error: Function is missing a return type annotation  [no-untyped-def]
scripts/quarantine/prism_prov.py:297: error: Missing type arguments for generic type "CompletedProcess"  [type-arg]
scripts/quarantine/prism_prov.py:326: error: Item "int" of "TextIOWrapper[_WrappedBuffer] | int" has no attribute "close"  [union-attr]
scripts/quarantine/prism_prov.py:328: error: Item "int" of "TextIOWrapper[_WrappedBuffer] | int" has no attribute "close"  [union-attr]
scripts/quarantine/prism_prov.py:353: error: Function is missing a return type annotation  [no-untyped-def]
scripts/quarantine/prism_prov.py:356: error: Function is missing a return type annotation  [no-untyped-def]
scripts/quarantine/prism_prov.py:359: error: Function is missing a return type annotation  [no-untyped-def]
scripts/quarantine/prism_prov.py:362: error: Function is missing a type annotation for one or more parameters  [no-untyped-def]
scripts/quarantine/prism_prov.py:362: error: "bool" is invalid as return type for "__exit__" that always returns False  [exit-return]
scripts/quarantine/prism_prov.py:362: note: Use "typing.Literal[False]" as the return type or change it to "None"
scripts/quarantine/prism_prov.py:362: note: If return type of "__exit__" implies that it may return True, the context manager may swallow exceptions
scripts/quarantine/prism_engine_prov.py:43: error: Cannot find implementation or library stub for module named "prism_prov"  [import-not-found]
scripts/quarantine/prism_engine_prov.py:232: error: Missing type arguments for generic type "Popen"  [type-arg]
scripts/quarantine/prism_engine_prov.py:234: error: Function is missing a return type annotation  [no-untyped-def]
scripts/quarantine/prism_engine_prov.py:234: note: Use "-> None" if function does not return a value
scripts/quarantine/prism_engine_prov.py:274: error: Incompatible default for parameter "trace_modes" (default has type "tuple[str, str, str]", parameter has type "list[str]")  [assignment]
scripts/validate_kras_residue_overlap.py:54: error: Need type annotation for "CLAIM_SUMMARY" (hint: "CLAIM_SUMMARY: list[<type>] = ...")  [var-annotated]
scripts/validate_kras_residue_overlap.py:56: error: Function is missing a type annotation  [no-untyped-def]
scripts/validate_kras_residue_overlap.py:63: error: Function is missing a type annotation  [no-untyped-def]
scripts/validate_kras_residue_overlap.py:69: error: Function is missing a type annotation  [no-untyped-def]
scripts/validate_kras_residue_overlap.py:112: error: Function is missing a type annotation  [no-untyped-def]
scripts/validate_kras_residue_overlap.py:119: error: Function is missing a type annotation  [no-untyped-def]
scripts/validate_kras_residue_overlap.py:132: error: Function is missing a type annotation  [no-untyped-def]
scripts/validate_kras_residue_overlap.py:133: error: Call to untyped function "parse_pdb_atoms" in typed context  [no-untyped-call]
scripts/validate_kras_residue_overlap.py:134: error: Call to untyped function "infer_ligand_atoms" in typed context  [no-untyped-call]
scripts/validate_kras_residue_overlap.py:136: error: Need type annotation for "contacts" (hint: "contacts: dict[<type>, <type>] = ...")  [var-annotated]
scripts/validate_kras_residue_overlap.py:143: error: Call to untyped function "dist" in typed context  [no-untyped-call]
scripts/validate_kras_residue_overlap.py:153: error: Function is missing a type annotation  [no-untyped-def]
scripts/validate_kras_residue_overlap.py:168: error: Function is missing a return type annotation  [no-untyped-def]
scripts/validate_kras_residue_overlap.py:186: error: Call to untyped function "safe_float" in typed context  [no-untyped-call]
scripts/validate_kras_residue_overlap.py:187: error: Call to untyped function "extract_spike_count" in typed context  [no-untyped-call]
scripts/validate_kras_residue_overlap.py:199: error: Function is missing a type annotation  [no-untyped-def]
scripts/validate_kras_residue_overlap.py:211: error: Function is missing a type annotation  [no-untyped-def]
scripts/validate_kras_residue_overlap.py:243: error: Function is missing a type annotation  [no-untyped-def]
scripts/validate_kras_residue_overlap.py:245: error: Call to untyped function "evaluate_prediction" in typed context  [no-untyped-call]
scripts/validate_kras_residue_overlap.py:255: error: Function is missing a type annotation  [no-untyped-def]
scripts/validate_kras_residue_overlap.py:264: error: Function is missing a type annotation  [no-untyped-def]
scripts/validate_kras_residue_overlap.py:273: error: Call to untyped function "classify_region" in typed context  [no-untyped-call]
scripts/validate_kras_residue_overlap.py:278: error: Function is missing a type annotation  [no-untyped-def]
scripts/validate_kras_residue_overlap.py:297: error: Call to untyped function "classify_region" in typed context  [no-untyped-call]
scripts/validate_kras_residue_overlap.py:306: error: Call to untyped function "classify_region" in typed context  [no-untyped-call]
scripts/validate_kras_residue_overlap.py:316: error: Function is missing a type annotation  [no-untyped-def]
scripts/validate_kras_residue_overlap.py:320: error: Call to untyped function "summarize_known_contacts" in typed context  [no-untyped-call]
scripts/validate_kras_residue_overlap.py:326: error: Call to untyped function "best_offset_evaluation" in typed context  [no-untyped-call]
scripts/validate_kras_residue_overlap.py:341: error: Call to untyped function "print_eval" in typed context  [no-untyped-call]
scripts/validate_kras_residue_overlap.py:344: error: Function is missing a type annotation  [no-untyped-def]
scripts/validate_kras_residue_overlap.py:368: error: Function is missing a type annotation  [no-untyped-def]
scripts/validate_kras_residue_overlap.py:371: error: Call to untyped function "region_recovery_score" in typed context  [no-untyped-call]
scripts/validate_kras_residue_overlap.py:404: error: Function is missing a type annotation  [no-untyped-def]
scripts/validate_kras_residue_overlap.py:416: error: Function is missing a return type annotation  [no-untyped-def]
scripts/validate_kras_residue_overlap.py:416: note: Use "-> None" if function does not return a value
scripts/validate_kras_residue_overlap.py:441: error: Function is missing a return type annotation  [no-untyped-def]
scripts/validate_kras_residue_overlap.py:441: note: Use "-> None" if function does not return a value
scripts/validate_kras_residue_overlap.py:446: error: Call to untyped function "download_if_missing" in typed context  [no-untyped-call]
scripts/validate_kras_residue_overlap.py:450: error: Call to untyped function "load_prism_sites" in typed context  [no-untyped-call]
scripts/validate_kras_residue_overlap.py:458: error: Call to untyped function "print_site_prediction" in typed context  [no-untyped-call]
scripts/validate_kras_residue_overlap.py:462: error: Call to untyped function "ligand_contact_residues" in typed context  [no-untyped-call]
scripts/validate_kras_residue_overlap.py:473: error: Call to untyped function "score_site_against_contacts" in typed context  [no-untyped-call]
scripts/validate_kras_residue_overlap.py:479: error: Call to untyped function "direct_contact_summary" in typed context  [no-untyped-call]
scripts/validate_kras_residue_overlap.py:484: error: Call to untyped function "ligand_contact_residues" in typed context  [no-untyped-call]
scripts/validate_kras_residue_overlap.py:495: error: Call to untyped function "score_site_against_contacts" in typed context  [no-untyped-call]
scripts/validate_kras_residue_overlap.py:501: error: Call to untyped function "direct_contact_summary" in typed context  [no-untyped-call]
scripts/validate_kras_residue_overlap.py:507: error: Call to untyped function "ligand_contact_residues" in typed context  [no-untyped-call]
scripts/validate_kras_residue_overlap.py:518: error: Call to untyped function "score_site_against_contacts" in typed context  [no-untyped-call]
scripts/validate_kras_residue_overlap.py:524: error: Call to untyped function "direct_contact_summary" in typed context  [no-untyped-call]
scripts/validate_kras_residue_overlap.py:527: error: Call to untyped function "region_recovery_report" in typed context  [no-untyped-call]
scripts/validate_kras_residue_overlap.py:528: error: Call to untyped function "region_recovery_report" in typed context  [no-untyped-call]
scripts/validate_kras_residue_overlap.py:529: error: Call to untyped function "region_recovery_report" in typed context  [no-untyped-call]
scripts/validate_kras_residue_overlap.py:530: error: Call to untyped function "region_recovery_report" in typed context  [no-untyped-call]
scripts/validate_kras_residue_overlap.py:531: error: Call to untyped function "region_recovery_report" in typed context  [no-untyped-call]
scripts/validate_kras_residue_overlap.py:533: error: Call to untyped function "print_claim_summary" in typed context  [no-untyped-call]
scripts/validate_kras_residue_overlap.py:546: error: Call to untyped function "main" in typed context  [no-untyped-call]
scripts/stage1_sanitize.py:32: error: Skipping analyzing "pdbfixer": module is installed, but missing library stubs or py.typed marker  [import-untyped]
scripts/stage1_sanitize.py:33: error: Skipping analyzing "openmm": module is installed, but missing library stubs or py.typed marker  [import-untyped]
scripts/stage1_sanitize.py:74: error: Returning Any from function declared to return "str"  [no-any-return]
scripts/stage1_sanitize.py:87: error: Incompatible default for parameter "chain" (default has type "None", parameter has type "str")  [assignment]
scripts/stage1_sanitize.py:87: note: PEP 484 prohibits implicit Optional. Accordingly, mypy has changed its default to no_implicit_optional=True
scripts/stage1_sanitize.py:87: note: Use https://github.com/hauntsaninja/no_implicit_optional to automatically upgrade your codebase
scripts/stage1_sanitize.py:91: error: Missing type arguments for generic type "dict"  [type-arg]
scripts/stage1_sanitize.py:153: error: Unsupported right operand type for in ("object")  [operator]
scripts/stage1_sanitize.py:154: error: Unsupported target for indexed assignment ("object")  [index]
scripts/stage1_sanitize.py:155: error: Value of type "object" is not indexable  [index]
scripts/stage1_sanitize.py:155: error: Unsupported target for indexed assignment ("object")  [index]
scripts/stage1_sanitize.py:158: error: "object" has no attribute "items"  [attr-defined]
scripts/stage1_sanitize.py:211: error: "object" has no attribute "append"  [attr-defined]
scripts/stage1_sanitize.py:213: error: Unsupported operand types for + ("object" and "int")  [operator]
scripts/stage1_sanitize.py:215: error: Unsupported operand types for + ("object" and "int")  [operator]
scripts/stage1_sanitize.py:253: error: Function is missing a return type annotation  [no-untyped-def]
scripts/stage1_sanitize.py:270: error: Function is missing a return type annotation  [no-untyped-def]
scripts/stage1_sanitize.py:323: error: Call to untyped function "main" in typed context  [no-untyped-call]
scripts/run_hard_targets.py:29: error: Cannot find implementation or library stub for module named "stage2_topology"  [import-not-found]
scripts/run_hard_targets.py:88: error: Function is missing a type annotation  [no-untyped-def]
scripts/run_hard_targets.py:93: error: Function is missing a type annotation  [no-untyped-def]
scripts/run_hard_targets.py:95: error: Call to untyped function "log" in typed context  [no-untyped-call]
scripts/run_hard_targets.py:104: error: Call to untyped function "log" in typed context  [no-untyped-call]
scripts/run_hard_targets.py:106: error: Call to untyped function "log" in typed context  [no-untyped-call]
scripts/run_hard_targets.py:110: error: Function is missing a type annotation  [no-untyped-def]
scripts/run_hard_targets.py:118: error: Function is missing a type annotation  [no-untyped-def]
scripts/run_hard_targets.py:121: error: Call to untyped function "log" in typed context  [no-untyped-call]
scripts/run_hard_targets.py:124: error: Call to untyped function "log" in typed context  [no-untyped-call]
scripts/run_hard_targets.py:128: error: Call to untyped function "log" in typed context  [no-untyped-call]
scripts/run_hard_targets.py:133: error: Function is missing a type annotation  [no-untyped-def]
scripts/run_hard_targets.py:136: error: Call to untyped function "log" in typed context  [no-untyped-call]
scripts/run_hard_targets.py:139: error: Call to untyped function "log" in typed context  [no-untyped-call]
scripts/run_hard_targets.py:161: error: Call to untyped function "log" in typed context  [no-untyped-call]
scripts/run_hard_targets.py:166: error: Function is missing a type annotation  [no-untyped-def]
scripts/run_hard_targets.py:171: error: Call to untyped function "log" in typed context  [no-untyped-call]
scripts/run_hard_targets.py:174: error: Call to untyped function "log" in typed context  [no-untyped-call]
scripts/run_hard_targets.py:176: error: Skipping analyzing "pdbfixer": module is installed, but missing library stubs or py.typed marker  [import-untyped]
scripts/run_hard_targets.py:177: error: Skipping analyzing "openmm.app": module is installed, but missing library stubs or py.typed marker  [import-untyped]
scripts/run_hard_targets.py:200: error: Call to untyped function "log" in typed context  [no-untyped-call]
scripts/run_hard_targets.py:209: error: Function is missing a type annotation  [no-untyped-def]
scripts/run_hard_targets.py:220: error: Call to untyped function "log" in typed context  [no-untyped-call]
scripts/run_hard_targets.py:225: error: Call to untyped function "log" in typed context  [no-untyped-call]
scripts/run_hard_targets.py:226: error: Call to untyped function "log" in typed context  [no-untyped-call]
scripts/run_hard_targets.py:227: error: Call to untyped function "ensure_dir" in typed context  [no-untyped-call]
scripts/run_hard_targets.py:247: error: Call to untyped function "log" in typed context  [no-untyped-call]
scripts/run_hard_targets.py:257: error: Function is missing a type annotation  [no-untyped-def]
scripts/run_hard_targets.py:263: error: Call to untyped function "log" in typed context  [no-untyped-call]
scripts/run_hard_targets.py:266: error: Call to untyped function "log" in typed context  [no-untyped-call]
scripts/run_hard_targets.py:271: error: Call to untyped function "run_cmd" in typed context  [no-untyped-call]
scripts/run_hard_targets.py:281: error: Function is missing a type annotation  [no-untyped-def]
scripts/run_hard_targets.py:289: error: Call to untyped function "log" in typed context  [no-untyped-call]
scripts/run_hard_targets.py:290: error: Call to untyped function "run_cmd" in typed context  [no-untyped-call]
scripts/run_hard_targets.py:306: error: Function is missing a type annotation  [no-untyped-def]
scripts/run_hard_targets.py:332: error: Call to untyped function "log" in typed context  [no-untyped-call]
scripts/run_hard_targets.py:340: error: Function is missing a type annotation  [no-untyped-def]
scripts/run_hard_targets.py:396: error: Function is missing a type annotation  [no-untyped-def]
scripts/run_hard_targets.py:426: error: Function is missing a return type annotation  [no-untyped-def]
scripts/run_hard_targets.py:427: error: Call to untyped function "log" in typed context  [no-untyped-call]
scripts/run_hard_targets.py:428: error: Call to untyped function "log" in typed context  [no-untyped-call]
scripts/run_hard_targets.py:429: error: Call to untyped function "log" in typed context  [no-untyped-call]
scripts/run_hard_targets.py:430: error: Call to untyped function "log" in typed context  [no-untyped-call]
scripts/run_hard_targets.py:431: error: Call to untyped function "log" in typed context  [no-untyped-call]
scripts/run_hard_targets.py:435: error: Call to untyped function "ensure_dir" in typed context  [no-untyped-call]
scripts/run_hard_targets.py:439: error: Call to untyped function "log" in typed context  [no-untyped-call]
scripts/run_hard_targets.py:440: error: Call to untyped function "log" in typed context  [no-untyped-call]
scripts/run_hard_targets.py:450: error: Call to untyped function "log" in typed context  [no-untyped-call]
scripts/run_hard_targets.py:451: error: Call to untyped function "log" in typed context  [no-untyped-call]
scripts/run_hard_targets.py:452: error: Call to untyped function "log" in typed context  [no-untyped-call]
scripts/run_hard_targets.py:453: error: Call to untyped function "log" in typed context  [no-untyped-call]
scripts/run_hard_targets.py:457: error: Call to untyped function "ensure_dir" in typed context  [no-untyped-call]
scripts/run_hard_targets.py:461: error: Call to untyped function "log" in typed context  [no-untyped-call]
scripts/run_hard_targets.py:468: error: Call to untyped function "log" in typed context  [no-untyped-call]
scripts/run_hard_targets.py:473: error: Call to untyped function "download_pdb" in typed context  [no-untyped-call]
scripts/run_hard_targets.py:474: error: Call to untyped function "sanitize_pdb" in typed context  [no-untyped-call]
scripts/run_hard_targets.py:478: error: Call to untyped function "repair_structure" in typed context  [no-untyped-call]
scripts/run_hard_targets.py:481: error: Call to untyped function "log" in typed context  [no-untyped-call]
scripts/run_hard_targets.py:483: error: Call to untyped function "generate_topology" in typed context  [no-untyped-call]
scripts/run_hard_targets.py:490: error: Call to untyped function "log" in typed context  [no-untyped-call]
scripts/run_hard_targets.py:492: error: Call to untyped function "run_nhs_engine" in typed context  [no-untyped-call]
scripts/run_hard_targets.py:500: error: Call to untyped function "log" in typed context  [no-untyped-call]
scripts/run_hard_targets.py:501: error: Call to untyped function "run_validation" in typed context  [no-untyped-call]
scripts/run_hard_targets.py:502: error: Call to untyped function "check_required_outputs" in typed context  [no-untyped-call]
scripts/run_hard_targets.py:505: error: Call to untyped function "log" in typed context  [no-untyped-call]
scripts/run_hard_targets.py:506: error: Call to untyped function "extract_metrics" in typed context  [no-untyped-call]
scripts/run_hard_targets.py:510: error: Call to untyped function "log" in typed context  [no-untyped-call]
scripts/run_hard_targets.py:511: error: Call to untyped function "log" in typed context  [no-untyped-call]
scripts/run_hard_targets.py:512: error: Call to untyped function "log" in typed context  [no-untyped-call]
scripts/run_hard_targets.py:515: error: Call to untyped function "log" in typed context  [no-untyped-call]
scripts/run_hard_targets.py:522: error: Call to untyped function "log" in typed context  [no-untyped-call]
scripts/run_hard_targets.py:532: error: Call to untyped function "log" in typed context  [no-untyped-call]
scripts/run_hard_targets.py:533: error: Call to untyped function "log" in typed context  [no-untyped-call]
scripts/run_hard_targets.py:534: error: Call to untyped function "log" in typed context  [no-untyped-call]
scripts/run_hard_targets.py:535: error: Call to untyped function "log" in typed context  [no-untyped-call]
scripts/run_hard_targets.py:538: error: Call to untyped function "generate_report" in typed context  [no-untyped-call]
scripts/run_hard_targets.py:540: error: Call to untyped function "log" in typed context  [no-untyped-call]
scripts/run_hard_targets.py:541: error: Call to untyped function "log" in typed context  [no-untyped-call]
scripts/run_hard_targets.py:542: error: Call to untyped function "log" in typed context  [no-untyped-call]
scripts/run_hard_targets.py:543: error: Call to untyped function "log" in typed context  [no-untyped-call]
scripts/run_hard_targets.py:544: error: Call to untyped function "log" in typed context  [no-untyped-call]
scripts/run_hard_targets.py:547: error: Call to untyped function "log" in typed context  [no-untyped-call]
scripts/run_hard_targets.py:550: error: Call to untyped function "log" in typed context  [no-untyped-call]
scripts/run_hard_targets.py:552: error: Call to untyped function "log" in typed context  [no-untyped-call]
scripts/run_hard_targets.py:557: error: Call to untyped function "log" in typed context  [no-untyped-call]
scripts/run_hard_targets.py:558: error: Call to untyped function "log" in typed context  [no-untyped-call]
scripts/run_hard_targets.py:563: error: Call to untyped function "run_pipeline" in typed context  [no-untyped-call]
scripts/prism_spike_watcher.py:127: error: Function is missing a return type annotation  [no-untyped-def]
scripts/prism_spike_watcher.py:134: error: Argument 1 to "append" of "list" has incompatible type "FileHandler"; expected "StreamHandler[TextIO | Any]"  [arg-type]
scripts/prism_spike_watcher.py:139: error: Argument 1 to "append" of "list" has incompatible type "FileHandler"; expected "StreamHandler[TextIO | Any]"  [arg-type]
scripts/prism_spike_watcher.py:147: error: Function is missing a return type annotation  [no-untyped-def]
scripts/prism_spike_watcher.py:147: error: Missing type arguments for generic type "dict"  [type-arg]
scripts/prism_spike_watcher.py:281: error: Returning Any from function declared to return "bool"  [no-any-return]
scripts/prism_spike_watcher.py:434: error: Function is missing a return type annotation  [no-untyped-def]
scripts/prism_spike_watcher.py:434: error: Missing type arguments for generic type "dict"  [type-arg]
scripts/prism_spike_watcher.py:474: error: Missing type arguments for generic type "dict"  [type-arg]
scripts/prism_spike_watcher.py:511: error: Need type annotation for "missing_b6_any" (hint: "missing_b6_any: set[<type>] = ...")  [var-annotated]
scripts/prism_spike_watcher.py:741: error: Function is missing a return type annotation  [no-untyped-def]
scripts/prism_spike_watcher.py:791: error: Function is missing a return type annotation  [no-untyped-def]
scripts/prism_spike_watcher.py:797: error: Skipping analyzing "inotify_simple": module is installed, but missing library stubs or py.typed marker  [import-untyped]
scripts/prism_spike_watcher.py:809: error: Function is missing a return type annotation  [no-untyped-def]
scripts/prism_spike_watcher.py:814: error: Need type annotation for "wd_map" (hint: "wd_map: dict[<type>, <type>] = ...")  [var-annotated]
scripts/prism_spike_watcher.py:821: error: Call to untyped function "_add_watches_recursive" in typed context  [no-untyped-call]
scripts/prism_spike_watcher.py:837: error: Call to untyped function "_add_watches_recursive" in typed context  [no-untyped-call]
scripts/prism_spike_watcher.py:864: error: Function is missing a type annotation  [no-untyped-def]
scripts/prism_spike_watcher.py:877: error: Call to untyped function "_add_watches_recursive" in typed context  [no-untyped-call]
scripts/prism_spike_watcher.py:882: error: Function is missing a return type annotation  [no-untyped-def]
scripts/prism_spike_watcher.py:919: error: Function is missing a type annotation  [no-untyped-def]
scripts/prism_spike_watcher.py:930: error: Function is missing a return type annotation  [no-untyped-def]
scripts/prism_spike_watcher.py:930: note: Use "-> None" if function does not return a value
scripts/prism_spike_watcher.py:990: error: Call to untyped function "main" in typed context  [no-untyped-call]
scripts/prism-ground-truth.py:105: error: Function is missing a type annotation  [no-untyped-def]
scripts/prism-ground-truth.py:125: error: Function is missing a type annotation  [no-untyped-def]
scripts/prism-ground-truth.py:162: error: Call to untyped function "topology_alias_key_and_chain" in typed context  [no-untyped-call]
scripts/prism-ground-truth.py:174: error: Function is missing a type annotation  [no-untyped-def]
scripts/prism-ground-truth.py:209: error: Function is missing a type annotation  [no-untyped-def]
scripts/prism-ground-truth.py:230: error: Function is missing a type annotation  [no-untyped-def]
scripts/prism-ground-truth.py:249: error: Function is missing a type annotation  [no-untyped-def]
scripts/prism-ground-truth.py:254: error: Need type annotation for "groups" (hint: "groups: dict[<type>, <type>] = ...")  [var-annotated]
scripts/prism-ground-truth.py:272: error: Function is missing a type annotation  [no-untyped-def]
scripts/prism-ground-truth.py:285: error: Function is missing a type annotation  [no-untyped-def]
scripts/prism-ground-truth.py:298: error: Need type annotation for "on_chain_drug" (hint: "on_chain_drug: list[<type>] = ...")  [var-annotated]
scripts/prism-ground-truth.py:301: error: Need type annotation for "off_chain_drug" (hint: "off_chain_drug: list[<type>] = ...")  [var-annotated]
scripts/prism-ground-truth.py:304: error: Call to untyped function "classify" in typed context  [no-untyped-call]
scripts/prism-ground-truth.py:332: error: Function is missing a type annotation  [no-untyped-def]
scripts/prism-ground-truth.py:345: error: Function is missing a type annotation  [no-untyped-def]
scripts/prism-ground-truth.py:349: error: Call to untyped function "parse_pdb_id_and_chain" in typed context  [no-untyped-call]
scripts/prism-ground-truth.py:369: error: Call to untyped function "fetch_holo_pdb" in typed context  [no-untyped-call]
scripts/prism-ground-truth.py:375: error: Call to untyped function "detect_pandda" in typed context  [no-untyped-call]
scripts/prism-ground-truth.py:380: error: Call to untyped function "detect_nucleic_chains" in typed context  [no-untyped-call]
scripts/prism-ground-truth.py:389: error: Call to untyped function "parse_hetatm_groups" in typed context  [no-untyped-call]
scripts/prism-ground-truth.py:394: error: Call to untyped function "select_ligand" in typed context  [no-untyped-call]
scripts/prism-ground-truth.py:421: error: Call to untyped function "centroid" in typed context  [no-untyped-call]
scripts/prism-ground-truth.py:430: error: Function is missing a return type annotation  [no-untyped-def]
scripts/prism-ground-truth.py:457: error: Call to untyped function "resolve" in typed context  [no-untyped-call]
scripts/prism-ground-truth.py:484: error: Call to untyped function "main" in typed context  [no-untyped-call]
scripts/json_to_pdb.py:12: error: Function is missing a type annotation  [no-untyped-def]
scripts/json_to_pdb.py:19: error: Function is missing a type annotation  [no-untyped-def]
scripts/json_to_pdb.py:38: error: Function is missing a type annotation  [no-untyped-def]
scripts/json_to_pdb.py:84: error: Function is missing a return type annotation  [no-untyped-def]
scripts/json_to_pdb.py:84: note: Use "-> None" if function does not return a value
scripts/json_to_pdb.py:94: error: Call to untyped function "load_predictions" in typed context  [no-untyped-call]
scripts/json_to_pdb.py:106: error: Call to untyped function "fetch_pdb" in typed context  [no-untyped-call]
scripts/json_to_pdb.py:109: error: Call to untyped function "map_scores_to_pdb" in typed context  [no-untyped-call]
scripts/json_to_pdb.py:118: error: Call to untyped function "main" in typed context  [no-untyped-call]
scripts/fetch_bulk_fragments.py:64: error: Returning Any from function declared to return "str | None"  [no-any-return]
scripts/download_expansion_structures.py:143: error: Function is missing a return type annotation  [no-untyped-def]
scripts/download_expansion_structures.py:143: note: Use "-> None" if function does not return a value
scripts/download_expansion_structures.py:177: error: Need type annotation for "by_family" (hint: "by_family: dict[<type>, <type>] = ...")  [var-annotated]
scripts/download_expansion_structures.py:228: error: Call to untyped function "main" in typed context  [no-untyped-call]
scripts/download_and_setup.py:30: error: Function is missing a return type annotation  [no-untyped-def]
scripts/download_and_setup.py:30: note: Use "-> None" if function does not return a value
scripts/download_and_setup.py:34: error: Skipping analyzing "openmm": module is installed, but missing library stubs or py.typed marker  [import-untyped]
scripts/download_and_setup.py:38: error: Skipping analyzing "pdbfixer": module is installed, but missing library stubs or py.typed marker  [import-untyped]
scripts/download_and_setup.py:49: error: Function is missing a return type annotation  [no-untyped-def]
scripts/download_and_setup.py:90: error: Incompatible return value type (got "None", expected "Path")  [return-value]
scripts/download_and_setup.py:93: error: Function is missing a return type annotation  [no-untyped-def]
scripts/download_and_setup.py:103: error: Function is missing a return type annotation  [no-untyped-def]
scripts/download_and_setup.py:121: error: Call to untyped function "check_dependencies" in typed context  [no-untyped-call]
scripts/download_and_setup.py:238: error: Call to untyped function "extract_topology" in typed context  [no-untyped-call]
scripts/download_and_setup.py:267: error: Function is missing a type annotation  [no-untyped-def]
scripts/download_and_setup.py:378: error: Call to untyped function "find_h_clusters" in typed context  [no-untyped-call]
scripts/download_and_setup.py:424: error: Need type annotation for "neighbors"  [var-annotated]
scripts/download_and_setup.py:471: error: Call to untyped function "build_exclusion_list" in typed context  [no-untyped-call]
scripts/download_and_setup.py:490: error: Function is missing a type annotation  [no-untyped-def]
scripts/download_and_setup.py:589: error: Need type annotation for "type_counts"  [var-annotated]
scripts/download_and_setup.py:594: error: Invalid index type "list[Any] | Any | float" for "dict[int, str]"; expected type "int"  [index]
scripts/download_and_setup.py:599: error: Function is missing a type annotation  [no-untyped-def]
scripts/download_and_setup.py:621: error: Function is missing a return type annotation  [no-untyped-def]
scripts/download_and_setup.py:621: note: Use "-> None" if function does not return a value
scripts/download_and_setup.py:656: error: Call to untyped function "get_data_dir" in typed context  [no-untyped-call]
scripts/download_and_setup.py:673: error: Call to untyped function "main" in typed context  [no-untyped-call]
scripts/training/extract_from_r2.py:127: error: Function is missing a return type annotation  [no-untyped-def]
scripts/training/extract_from_r2.py:127: note: Use "-> None" if function does not return a value
scripts/training/extract_from_r2.py:219: error: Call to untyped function "main" in typed context  [no-untyped-call]
scripts/production/w4_pin_runtime.py:56: error: Missing type arguments for generic type "dict"  [type-arg]
scripts/production/w4_pin_runtime.py:69: error: Missing type arguments for generic type "dict"  [type-arg]
scripts/production/w2_dcc_pin.py:39: error: Function is missing a return type annotation  [no-untyped-def]
scripts/production/w2_dcc_pin.py:45: error: Function is missing a return type annotation  [no-untyped-def]
scripts/production/w2_dcc_pin.py:45: error: Function is missing a type annotation for one or more parameters  [no-untyped-def]
scripts/production/w2_dcc_pin.py:62: error: Function is missing a type annotation  [no-untyped-def]
scripts/production/w2_dcc_pin.py:72: error: Function is missing a type annotation for one or more parameters  [no-untyped-def]
scripts/production/w2_dcc_pin.py:81: error: Function is missing a return type annotation  [no-untyped-def]
scripts/production/w2_dcc_pin.py:93: error: Function is missing a return type annotation  [no-untyped-def]
scripts/production/w2_dcc_pin.py:93: error: Missing type arguments for generic type "dict"  [type-arg]
scripts/production/w2_dcc_pin.py:105: error: Function is missing a return type annotation  [no-untyped-def]
scripts/production/w2_dcc_pin.py:113: error: Function is missing a return type annotation  [no-untyped-def]
scripts/production/w2_dcc_pin.py:134: error: Call to untyped function "pass_through_cd" in typed context  [no-untyped-call]
scripts/production/w2_dcc_pin.py:136: error: Value of type "Any | None" is not indexable  [index]
scripts/production/w2_dcc_pin.py:137: error: Value of type "Any | None" is not indexable  [index]
scripts/production/w2_dcc_pin.py:138: error: Value of type "Any | None" is not indexable  [index]
scripts/production/w2_dcc_pin.py:139: error: Call to untyped function "null_site_entries" in typed context  [no-untyped-call]
scripts/production/w2_dcc_pin.py:143: error: Call to untyped function "pass_through_cd" in typed context  [no-untyped-call]
scripts/production/w2_dcc_pin.py:145: error: Call to untyped function "null_site_entries" in typed context  [no-untyped-call]
scripts/production/w2_dcc_pin.py:148: error: Value of type "Any | None" is not indexable  [index]
scripts/production/w2_dcc_pin.py:168: error: Dict entry 1 has incompatible type "str": "float"; expected "str": "str | None"  [dict-item]
scripts/production/w2_dcc_pin.py:169: error: Dict entry 2 has incompatible type "str": "float"; expected "str": "str | None"  [dict-item]
scripts/production/w2_dcc_pin.py:176: error: Call to untyped function "pass_through_cd" in typed context  [no-untyped-call]
scripts/production/w2_dcc_pin.py:186: error: Call to untyped function "grade_dcc" in typed context  [no-untyped-call]
scripts/production/w2_dcc_pin.py:212: error: Missing type arguments for generic type "dict"  [type-arg]
scripts/production/w2_dcc_pin.py:236: error: Missing type arguments for generic type "dict"  [type-arg]
scripts/production/w2_dcc_pin.py:252: error: Missing type arguments for generic type "dict"  [type-arg]
scripts/production/w2_dcc_pin.py:263: error: Missing type arguments for generic type "dict"  [type-arg]
scripts/production/w2_dcc_pin.py:299: error: Missing type arguments for generic type "dict"  [type-arg]
scripts/production/w2_dcc_pin.py:338: error: Dict entry 2 has incompatible type "str": "dict[str, Any]"; expected "str": "str"  [dict-item]
scripts/production/w2_dcc_pin.py:347: error: Dict entry 2 has incompatible type "str": "dict[str, Any]"; expected "str": "str"  [dict-item]
scripts/production/w2_dcc_pin.py:361: error: Missing return statement  [return]
scripts/production/stale_row_purge.py:130: error: Missing type arguments for generic type "dict"  [type-arg]
scripts/production/stale_row_purge.py:162: error: Missing type arguments for generic type "dict"  [type-arg]
scripts/production/stale_row_purge.py:190: error: Missing type arguments for generic type "dict"  [type-arg]
scripts/production/stale_row_purge.py:251: error: Missing type arguments for generic type "dict"  [type-arg]
scripts/production/stale_row_purge.py:270: error: Generator has incompatible item type "object"; expected "bool"  [misc]
scripts/production/stale_row_purge.py:279: error: Missing return statement  [return]
scripts/preprocessing/membrane_builder.py:54: error: Library stubs not installed for "requests"  [import-untyped]
scripts/preprocessing/membrane_builder.py:54: note: Hint: "python3 -m pip install types-requests"
scripts/preprocessing/membrane_builder.py:118: error: Incompatible types in assignment (expression has type "Path", variable has type "str")  [assignment]
scripts/preprocessing/membrane_builder.py:119: error: "str" has no attribute "mkdir"  [attr-defined]
scripts/preprocessing/membrane_builder.py:129: error: Unsupported left operand type for / ("str")  [operator]
scripts/preprocessing/membrane_builder.py:147: error: Unsupported left operand type for / ("str")  [operator]
scripts/target_config.py:20: error: Function is missing a type annotation  [no-untyped-def]
scripts/target_config.py:45: error: Function is missing a type annotation  [no-untyped-def]
scripts/target_config.py:85: error: Need type annotation for "residues" (hint: "residues: set[<type>] = ...")  [var-annotated]
scripts/target_config.py:115: error: Function is missing a type annotation  [no-untyped-def]
scripts/target_config.py:127: error: Call to untyped function "load_target_config" in typed context  [no-untyped-call]
scripts/tests/test_feature_cols_invariant.py:19: error: Function is missing a type annotation  [no-untyped-def]
scripts/tests/test_feature_cols_invariant.py:25: error: Function is missing a return type annotation  [no-untyped-def]
scripts/tests/test_feature_cols_invariant.py:25: note: Use "-> None" if function does not return a value
scripts/tests/test_feature_cols_invariant.py:26: error: Cannot find implementation or library stub for module named "xgboost_ranker_v4"  [import-not-found]
scripts/tests/test_feature_cols_invariant.py:30: error: Function is missing a return type annotation  [no-untyped-def]
scripts/tests/test_feature_cols_invariant.py:30: note: Use "-> None" if function does not return a value
scripts/tests/test_feature_cols_invariant.py:35: error: Function is missing a return type annotation  [no-untyped-def]
scripts/tests/test_feature_cols_invariant.py:35: note: Use "-> None" if function does not return a value
scripts/tests/test_feature_cols_invariant.py:42: error: Function is missing a return type annotation  [no-untyped-def]
scripts/tests/test_feature_cols_invariant.py:42: note: Use "-> None" if function does not return a value
scripts/tests/test_feature_cols_invariant.py:44: error: Call to untyped function "_canonical_hash" in typed context  [no-untyped-call]
scripts/tests/test_event_contract.py:11: error: Function is missing a return type annotation  [no-untyped-def]
scripts/tests/test_event_contract.py:11: note: Use "-> None" if function does not return a value
scripts/tests/test_event_contract.py:19: error: Function is missing a return type annotation  [no-untyped-def]
scripts/tests/test_event_contract.py:19: note: Use "-> None" if function does not return a value
scripts/tests/test_event_contract.py:26: error: Function is missing a return type annotation  [no-untyped-def]
scripts/tests/test_event_contract.py:26: note: Use "-> None" if function does not return a value
scripts/tests/test_event_contract.py:33: error: Function is missing a return type annotation  [no-untyped-def]
scripts/tests/test_event_contract.py:33: note: Use "-> None" if function does not return a value
scripts/tests/test_event_contract.py:40: error: Function is missing a return type annotation  [no-untyped-def]
scripts/tests/test_event_contract.py:40: note: Use "-> None" if function does not return a value
scripts/tests/test_event_contract.py:51: error: Function is missing a return type annotation  [no-untyped-def]
scripts/tests/test_event_contract.py:51: note: Use "-> None" if function does not return a value
scripts/production/validate_v4_contract.py:28: error: Function is missing a type annotation  [no-untyped-def]
scripts/production/validate_v4_contract.py:33: error: Function is missing a type annotation  [no-untyped-def]
scripts/production/validate_v4_contract.py:41: error: Function is missing a return type annotation  [no-untyped-def]
scripts/production/validate_v4_contract.py:56: error: Call to untyped function "check" in typed context  [no-untyped-call]
scripts/production/validate_v4_contract.py:62: error: Call to untyped function "check" in typed context  [no-untyped-call]
scripts/production/validate_v4_contract.py:64: error: Call to untyped function "check" in typed context  [no-untyped-call]
scripts/production/validate_v4_contract.py:74: error: Call to untyped function "check" in typed context  [no-untyped-call]
scripts/production/validate_v4_contract.py:82: error: Function is missing a return type annotation  [no-untyped-def]
scripts/production/validate_v4_contract.py:85: error: Call to untyped function "check" in typed context  [no-untyped-call]
scripts/production/validate_v4_contract.py:101: error: Call to untyped function "check" in typed context  [no-untyped-call]
scripts/production/validate_v4_contract.py:103: error: Call to untyped function "check" in typed context  [no-untyped-call]
scripts/production/validate_v4_contract.py:107: error: Call to untyped function "check" in typed context  [no-untyped-call]
scripts/production/validate_v4_contract.py:121: error: Function is missing a type annotation  [no-untyped-def]
scripts/production/validate_v4_contract.py:126: error: Function is missing a return type annotation  [no-untyped-def]
scripts/production/validate_v4_contract.py:130: error: Cannot find implementation or library stub for module named "xgboost_ranker_v4"  [import-not-found]
scripts/production/validate_v4_contract.py:132: error: Call to untyped function "check" in typed context  [no-untyped-call]
scripts/production/validate_v4_contract.py:133: error: Call to untyped function "check" in typed context  [no-untyped-call]
scripts/production/validate_v4_contract.py:135: error: Call to untyped function "check" in typed context  [no-untyped-call]
scripts/production/validate_v4_contract.py:137: error: Call to untyped function "check" in typed context  [no-untyped-call]
scripts/production/validate_v4_contract.py:143: error: Call to untyped function "load_yaml" in typed context  [no-untyped-call]
scripts/production/validate_v4_contract.py:146: error: Call to untyped function "check" in typed context  [no-untyped-call]
scripts/production/validate_v4_contract.py:147: error: Call to untyped function "check" in typed context  [no-untyped-call]
scripts/production/validate_v4_contract.py:148: error: Call to untyped function "check" in typed context  [no-untyped-call]
scripts/production/validate_v4_contract.py:151: error: Call to untyped function "canonical_feature_cols_hash" in typed context  [no-untyped-call]
scripts/production/validate_v4_contract.py:152: error: Call to untyped function "check" in typed context  [no-untyped-call]
scripts/production/validate_v4_contract.py:153: error: Call to untyped function "canonical_feature_cols_hash" in typed context  [no-untyped-call]
scripts/production/validate_v4_contract.py:179: error: Function is missing a return type annotation  [no-untyped-def]
scripts/production/validate_v4_contract.py:182: error: Call to untyped function "check" in typed context  [no-untyped-call]
scripts/production/validate_v4_contract.py:194: error: Call to untyped function "check" in typed context  [no-untyped-call]
scripts/production/validate_v4_contract.py:211: error: Call to untyped function "check" in typed context  [no-untyped-call]
scripts/production/validate_v4_contract.py:215: error: Call to untyped function "check" in typed context  [no-untyped-call]
scripts/production/validate_v4_contract.py:219: error: Call to untyped function "check" in typed context  [no-untyped-call]
scripts/production/validate_v4_contract.py:258: error: Function is missing a return type annotation  [no-untyped-def]
scripts/production/validate_v4_contract.py:284: error: Call to untyped function "check" in typed context  [no-untyped-call]
scripts/production/validate_v4_contract.py:286: error: Call to untyped function "check" in typed context  [no-untyped-call]
scripts/production/validate_v4_contract.py:293: error: Function is missing a return type annotation  [no-untyped-def]
scripts/production/validate_v4_contract.py:295: error: Call to untyped function "check" in typed context  [no-untyped-call]
scripts/production/validate_v4_contract.py:298: error: Call to untyped function "check" in typed context  [no-untyped-call]
scripts/production/validate_v4_contract.py:299: error: Call to untyped function "check" in typed context  [no-untyped-call]
scripts/production/validate_v4_contract.py:306: error: Call to untyped function "check" in typed context  [no-untyped-call]
scripts/production/validate_v4_contract.py:310: error: Call to untyped function "load_yaml" in typed context  [no-untyped-call]
scripts/production/validate_v4_contract.py:312: error: Call to untyped function "check" in typed context  [no-untyped-call]
scripts/production/validate_v4_contract.py:317: error: Function is missing a type annotation  [no-untyped-def]
scripts/production/validate_v4_contract.py:327: error: Call to untyped function "check" in typed context  [no-untyped-call]
scripts/production/validate_v4_contract.py:329: error: Call to untyped function "check" in typed context  [no-untyped-call]
scripts/production/validate_v4_contract.py:331: error: Function is missing a type annotation  [no-untyped-def]
scripts/production/validate_v4_contract.py:335: error: Call to untyped function "check" in typed context  [no-untyped-call]
scripts/production/validate_v4_contract.py:339: error: Call to untyped function "check" in typed context  [no-untyped-call]
scripts/production/validate_v4_contract.py:345: error: Function is missing a return type annotation  [no-untyped-def]
scripts/production/validate_v4_contract.py:345: note: Use "-> None" if function does not return a value
scripts/production/validate_v4_contract.py:355: error: Call to untyped function "check_writer_contract" in typed context  [no-untyped-call]
scripts/production/validate_v4_contract.py:356: error: Call to untyped function "check_blob_policy" in typed context  [no-untyped-call]
scripts/production/validate_v4_contract.py:357: error: Call to untyped function "check_feature_ordering_hash" in typed context  [no-untyped-call]
scripts/production/validate_v4_contract.py:358: error: Call to untyped function "check_scalar_vs_structured" in typed context  [no-untyped-call]
scripts/production/validate_v4_contract.py:359: error: Call to untyped function "check_dtype_alignment" in typed context  [no-untyped-call]
scripts/production/validate_v4_contract.py:362: error: Call to untyped function "check_persistence_blocked_static" in typed context  [no-untyped-call]
scripts/production/validate_v4_contract.py:363: error: Call to untyped function "check_persistence_blocked_online" in typed context  [no-untyped-call]
scripts/production/validate_v4_contract.py:365: error: Call to untyped function "check_persistence_blocked_static" in typed context  [no-untyped-call]
scripts/production/validate_v4_contract.py:366: error: Call to untyped function "check_persistence_blocked_snapshot" in typed context  [no-untyped-call]
scripts/production/validate_v4_contract.py:368: error: Call to untyped function "check_persistence_blocked_static" in typed context  [no-untyped-call]
scripts/production/validate_v4_contract.py:378: error: Call to untyped function "main" in typed context  [no-untyped-call]
scripts/quarantine/rebuild_patent_docx_v2.py:33: error: Function is missing a type annotation  [no-untyped-def]
scripts/quarantine/rebuild_patent_docx_v2.py:36: error: Function is missing a type annotation  [no-untyped-def]
scripts/quarantine/rebuild_patent_docx_v2.py:39: error: Function is missing a type annotation  [no-untyped-def]
scripts/quarantine/rebuild_patent_docx_v2.py:42: error: Function is missing a type annotation  [no-untyped-def]
scripts/quarantine/rebuild_patent_docx_v2.py:45: error: Function is missing a type annotation  [no-untyped-def]
scripts/quarantine/rebuild_patent_docx_v2.py:50: error: Function is missing a type annotation  [no-untyped-def]
scripts/quarantine/rebuild_patent_docx_v2.py:77: error: Function is missing a type annotation  [no-untyped-def]
scripts/quarantine/rebuild_patent_docx_v2.py:81: error: Call to untyped function "is_para_tag" in typed context  [no-untyped-call]
scripts/quarantine/rebuild_patent_docx_v2.py:81: error: Call to untyped function "is_section_header" in typed context  [no-untyped-call]
scripts/quarantine/rebuild_patent_docx_v2.py:81: error: Call to untyped function "is_claim_start" in typed context  [no-untyped-call]
scripts/quarantine/rebuild_patent_docx_v2.py:106: error: Call to untyped function "is_page_num" in typed context  [no-untyped-call]
scripts/quarantine/rebuild_patent_docx_v2.py:114: error: Call to untyped function "is_new_para_start" in typed context  [no-untyped-call]
scripts/quarantine/rebuild_patent_docx_v2.py:124: error: Call to untyped function "is_page_num" in typed context  [no-untyped-call]
scripts/quarantine/rebuild_patent_docx_v2.py:130: error: Call to untyped function "is_new_para_start" in typed context  [no-untyped-call]
scripts/quarantine/rebuild_patent_docx_v2.py:143: error: Call to untyped function "is_section_header" in typed context  [no-untyped-call]
scripts/quarantine/rebuild_patent_docx_v2.py:154: error: Function is missing a return type annotation  [no-untyped-def]
scripts/quarantine/rebuild_patent_docx_v2.py:154: note: Use "-> None" if function does not return a value
scripts/quarantine/rebuild_patent_docx_v2.py:158: error: Argument 1 to "append" of "list" has incompatible type "tuple[str, str | Any, str]"; expected "tuple[str, str]"  [arg-type]
scripts/quarantine/rebuild_patent_docx_v2.py:162: error: Function is missing a type annotation  [no-untyped-def]
scripts/quarantine/rebuild_patent_docx_v2.py:164: error: Call to untyped function "emit_pending" in typed context  [no-untyped-call]
scripts/quarantine/rebuild_patent_docx_v2.py:209: error: Call to untyped function "emit_header" in typed context  [no-untyped-call]
scripts/quarantine/rebuild_patent_docx_v2.py:212: error: Call to untyped function "emit_pending" in typed context  [no-untyped-call]
scripts/quarantine/rebuild_patent_docx_v2.py:216: error: Call to untyped function "is_section_header" in typed context  [no-untyped-call]
scripts/quarantine/rebuild_patent_docx_v2.py:225: error: Call to untyped function "emit_header" in typed context  [no-untyped-call]
scripts/quarantine/rebuild_patent_docx_v2.py:231: error: Call to untyped function "emit_header" in typed context  [no-untyped-call]
scripts/quarantine/rebuild_patent_docx_v2.py:235: error: Call to untyped function "is_para_tag" in typed context  [no-untyped-call]
scripts/quarantine/rebuild_patent_docx_v2.py:236: error: Call to untyped function "emit_pending" in typed context  [no-untyped-call]
scripts/quarantine/rebuild_patent_docx_v2.py:238: error: Item "None" of "Match[str] | None" has no attribute "group"  [union-attr]
scripts/quarantine/rebuild_patent_docx_v2.py:239: error: Item "None" of "Match[str] | None" has no attribute "group"  [union-attr]
scripts/quarantine/rebuild_patent_docx_v2.py:244: error: Call to untyped function "is_claim_start" in typed context  [no-untyped-call]
scripts/quarantine/rebuild_patent_docx_v2.py:245: error: Call to untyped function "emit_pending" in typed context  [no-untyped-call]
scripts/quarantine/rebuild_patent_docx_v2.py:262: error: Call to untyped function "emit_pending" in typed context  [no-untyped-call]
scripts/quarantine/rebuild_patent_docx_v2.py:280: error: Call to untyped function "emit_header" in typed context  [no-untyped-call]
scripts/quarantine/rebuild_patent_docx_v2.py:281: error: Call to untyped function "emit_pending" in typed context  [no-untyped-call]
scripts/quarantine/rebuild_patent_docx_v2.py:331: error: Call to untyped function "add_page_number_footer" in typed context  [no-untyped-call]
scripts/quarantine/rebuild_patent_docx_v2.py:334: error: Function is missing a type annotation  [no-untyped-def]
scripts/quarantine/rebuild_patent_docx_v2.py:345: error: Function is missing a type annotation  [no-untyped-def]
scripts/quarantine/rebuild_patent_docx_v2.py:347: error: Call to untyped function "clear" in typed context  [no-untyped-call]
scripts/quarantine/rebuild_patent_docx_v2.py:352: error: Call to untyped function "keep_with_next" in typed context  [no-untyped-call]
scripts/quarantine/rebuild_patent_docx_v2.py:355: error: Function is missing a type annotation  [no-untyped-def]
scripts/quarantine/rebuild_patent_docx_v2.py:371: error: Call to untyped function "txt" in typed context  [no-untyped-call]
scripts/quarantine/rebuild_patent_docx_v2.py:373: error: Call to untyped function "txt" in typed context  [no-untyped-call]
scripts/quarantine/rebuild_patent_docx_v2.py:375: error: Call to untyped function "txt" in typed context  [no-untyped-call]
scripts/quarantine/rebuild_patent_docx_v2.py:377: error: Call to untyped function "txt" in typed context  [no-untyped-call]
scripts/quarantine/rebuild_patent_docx_v2.py:379: error: Call to untyped function "txt" in typed context  [no-untyped-call]
scripts/quarantine/rebuild_patent_docx_v2.py:381: error: Call to untyped function "heading" in typed context  [no-untyped-call]
scripts/quarantine/rebuild_patent_docx_v2.py:383: error: Need more than 2 values to unpack (3 expected)  [misc]
scripts/quarantine/rebuild_patent_docx_v2.py:384: error: Call to untyped function "para_block" in typed context  [no-untyped-call]
scripts/quarantine/rebuild_patent_docx_v2.py:386: error: Call to untyped function "txt" in typed context  [no-untyped-call]
scripts/quarantine/rebuild_patent_docx_v2.py:387: error: Call to untyped function "keep_with_next" in typed context  [no-untyped-call]
scripts/quarantine/rebuild_patent_docx_v2.py:389: error: Call to untyped function "txt" in typed context  [no-untyped-call]
scripts/quarantine/rebuild_patent_docx_v2.py:391: error: Call to untyped function "txt" in typed context  [no-untyped-call]
scripts/quarantine/rebuild_patent_docx_v2.py:393: error: Call to untyped function "txt" in typed context  [no-untyped-call]
scripts/quarantine/rebuild_patent_docx_v2.py:394: error: Call to untyped function "keep_with_next" in typed context  [no-untyped-call]
scripts/quarantine/rebuild_patent_docx_v2.py:401: error: Incompatible types in assignment (expression has type "str", variable has type "int")  [assignment]
scripts/quarantine/rebuild_patent_docx.py:50: error: Function is missing a type annotation  [no-untyped-def]
scripts/quarantine/rebuild_patent_docx.py:56: error: Function is missing a type annotation  [no-untyped-def]
scripts/quarantine/rebuild_patent_docx.py:60: error: Call to untyped function "set_font" in typed context  [no-untyped-call]
scripts/quarantine/rebuild_patent_docx.py:64: error: Function is missing a type annotation  [no-untyped-def]
scripts/quarantine/rebuild_patent_docx.py:71: error: Call to untyped function "set_font" in typed context  [no-untyped-call]
scripts/quarantine/rebuild_patent_docx.py:73: error: Call to untyped function "set_font" in typed context  [no-untyped-call]
scripts/quarantine/rebuild_patent_docx.py:75: error: Function is missing a type annotation  [no-untyped-def]
scripts/quarantine/rebuild_patent_docx.py:80: error: Call to untyped function "set_font" in typed context  [no-untyped-call]
scripts/quarantine/rebuild_patent_docx.py:82: error: Function is missing a type annotation  [no-untyped-def]
scripts/quarantine/rebuild_patent_docx.py:86: error: Call to untyped function "set_font" in typed context  [no-untyped-call]
scripts/quarantine/rebuild_patent_docx.py:115: error: Need type annotation for "title_lines" (hint: "title_lines: list[<type>] = ...")  [var-annotated]
scripts/quarantine/rebuild_patent_docx.py:118: error: Need type annotation for "current_para_text" (hint: "current_para_text: list[<type>] = ...")  [var-annotated]
scripts/quarantine/rebuild_patent_docx.py:121: error: Function is missing a type annotation  [no-untyped-def]
scripts/quarantine/rebuild_patent_docx.py:124: error: Call to untyped function "add_paragraph_block" in typed context  [no-untyped-call]
scripts/quarantine/rebuild_patent_docx.py:138: error: Call to untyped function "flush_paragraph" in typed context  [no-untyped-call]
scripts/quarantine/rebuild_patent_docx.py:149: error: Call to untyped function "add_title_block" in typed context  [no-untyped-call]
scripts/quarantine/rebuild_patent_docx.py:151: error: Call to untyped function "add_meta_line" in typed context  [no-untyped-call]
scripts/quarantine/rebuild_patent_docx.py:160: error: Call to untyped function "add_title_block" in typed context  [no-untyped-call]
scripts/quarantine/rebuild_patent_docx.py:167: error: Call to untyped function "flush_paragraph" in typed context  [no-untyped-call]
scripts/quarantine/rebuild_patent_docx.py:172: error: Call to untyped function "add_section_header" in typed context  [no-untyped-call]
scripts/quarantine/rebuild_patent_docx.py:179: error: Call to untyped function "flush_paragraph" in typed context  [no-untyped-call]
scripts/quarantine/rebuild_patent_docx.py:181: error: Item "None" of "Match[str] | None" has no attribute "group"  [union-attr]
scripts/quarantine/rebuild_patent_docx.py:182: error: Item "None" of "Match[str] | None" has no attribute "group"  [union-attr]
scripts/quarantine/rebuild_patent_docx.py:189: error: Call to untyped function "flush_paragraph" in typed context  [no-untyped-call]
scripts/quarantine/rebuild_patent_docx.py:202: error: Call to untyped function "set_font" in typed context  [no-untyped-call]
scripts/quarantine/rebuild_patent_docx.py:208: error: Call to untyped function "flush_paragraph" in typed context  [no-untyped-call]
scripts/quarantine/insert_pfr_section_v6.py:14: error: Library stubs not installed for "lxml"  [import-untyped]
scripts/quarantine/insert_pfr_section_v6.py:14: note: Hint: "python3 -m pip install lxml-stubs"
scripts/quarantine/insert_pfr_section_v6.py:118: error: Function is missing a type annotation for one or more parameters  [no-untyped-def]
scripts/quarantine/insert_pfr_section_v6.py:128: error: Function is missing a type annotation for one or more parameters  [no-untyped-def]
scripts/quarantine/insert_pfr_section_v6.py:128: error: Name "Paragraph" is not defined  [name-defined]
scripts/quarantine/insert_pfr_section_v6.py:138: error: Function is missing a type annotation  [no-untyped-def]
scripts/quarantine/insert_pfr_section_v6.py:154: error: Function is missing a type annotation  [no-untyped-def]
scripts/quarantine/insert_pfr_section_v6.py:208: error: Function is missing a type annotation for one or more parameters  [no-untyped-def]
scripts/quarantine/insert_pfr_section_v6.py:230: error: Argument 1 to "add_heading" of "Document" has incompatible type "str | None"; expected "str"  [arg-type]
scripts/quarantine/insert_pfr_section_v6.py:235: error: Argument 1 to "add_heading" of "Document" has incompatible type "str | None"; expected "str"  [arg-type]
scripts/quarantine/insert_pfr_section_v6.py:240: error: Argument 1 to "add_paragraph" of "Document" has incompatible type "str | None"; expected "str"  [arg-type]
scripts/quarantine/docx_one_panel_per_page.py:36: error: Name "lxml" is not defined  [name-defined]
scripts/quarantine/docx_one_panel_per_page.py:47: error: Function is missing a type annotation for one or more parameters  [no-untyped-def]
scripts/quarantine/docx_one_panel_per_page.py:55: error: Function is missing a return type annotation  [no-untyped-def]
scripts/quarantine/docx_one_panel_per_page.py:55: error: Function is missing a type annotation for one or more parameters  [no-untyped-def]
scripts/quarantine/docx_one_panel_per_page.py:78: error: Function is missing a return type annotation  [no-untyped-def]
scripts/quarantine/docx_one_panel_per_page.py:78: note: Use "-> None" if function does not return a value
scripts/quarantine/docx_one_panel_per_page.py:79: error: Argument 1 to "Document" has incompatible type "Path"; expected "str | IO[bytes] | None"  [arg-type]
scripts/quarantine/docx_one_panel_per_page.py:82: error: Unsupported operand types for - ("Length" and "None")  [operator]
scripts/quarantine/docx_one_panel_per_page.py:82: error: Unsupported operand types for - ("None" and "Length")  [operator]
scripts/quarantine/docx_one_panel_per_page.py:82: error: Unsupported left operand type for - ("None")  [operator]
scripts/quarantine/docx_one_panel_per_page.py:82: note: Both left and right operands are unions
scripts/quarantine/docx_one_panel_per_page.py:82: error: Unsupported operand types for - ("int" and "None")  [operator]
scripts/quarantine/docx_one_panel_per_page.py:83: error: Unsupported operand types for - ("Length" and "None")  [operator]
scripts/quarantine/docx_one_panel_per_page.py:83: error: Unsupported operand types for - ("None" and "Length")  [operator]
scripts/quarantine/docx_one_panel_per_page.py:83: error: Unsupported left operand type for - ("None")  [operator]
scripts/quarantine/docx_one_panel_per_page.py:83: note: Both left and right operands are unions
scripts/quarantine/docx_one_panel_per_page.py:83: error: Unsupported operand types for - ("int" and "None")  [operator]
scripts/quarantine/docx_one_panel_per_page.py:166: error: Argument 1 to "save" of "Document" has incompatible type "Path"; expected "str | IO[bytes]"  [arg-type]
scripts/quarantine/docx_one_panel_per_page.py:171: error: Call to untyped function "main" in typed context  [no-untyped-call]
scripts/fep/prism_to_openfe.py:27: error: Cannot find implementation or library stub for module named "gufe"  [import-not-found]
scripts/fep/prism_to_openfe.py:28: error: Cannot find implementation or library stub for module named "openfe"  [import-not-found]
scripts/fep/prism_to_openfe.py:137: error: Missing type arguments for generic type "list"  [type-arg]
scripts/fep/prism_to_openfe.py:138: error: Missing type arguments for generic type "list"  [type-arg]
scripts/prism_pipeline_batch.py:48: error: Cannot find implementation or library stub for module named "stage1_sanitize"  [import-not-found]
scripts/prism_pipeline_batch.py:49: error: Cannot find implementation or library stub for module named "stage2_topology"  [import-not-found]
scripts/prism_pipeline_batch.py:52: error: Function is missing a type annotation  [no-untyped-def]
scripts/prism_pipeline_batch.py:71: error: Function is missing a type annotation  [no-untyped-def]
scripts/prism_pipeline_batch.py:79: error: Function is missing a type annotation  [no-untyped-def]
scripts/prism_pipeline_batch.py:91: error: Call to untyped function "parse_pdb_spec" in typed context  [no-untyped-call]
scripts/prism_pipeline_batch.py:146: error: Function is missing a type annotation  [no-untyped-def]
scripts/prism_pipeline_batch.py:158: error: Call to untyped function "find_binary" in typed context  [no-untyped-call]
scripts/prism_pipeline_batch.py:162: error: Call to untyped function "find_binary" in typed context  [no-untyped-call]
scripts/prism_pipeline_batch.py:239: error: Function is missing a type annotation  [no-untyped-def]
scripts/prism_pipeline_batch.py:247: error: Call to untyped function "find_binary" in typed context  [no-untyped-call]
scripts/prism_pipeline_batch.py:251: error: Call to untyped function "find_binary" in typed context  [no-untyped-call]
scripts/prism_pipeline_batch.py:304: error: Function is missing a type annotation  [no-untyped-def]
scripts/prism_pipeline_batch.py:384: error: Call to untyped function "run_batch_md" in typed context  [no-untyped-call]
scripts/prism_pipeline_batch.py:410: error: Call to untyped function "run_batch_analysis" in typed context  [no-untyped-call]
scripts/prism_pipeline_batch.py:451: error: Function is missing a return type annotation  [no-untyped-def]
scripts/prism_pipeline_batch.py:507: error: Call to untyped function "run_batch_pipeline" in typed context  [no-untyped-call]
scripts/prism_pipeline_batch.py:527: error: Call to untyped function "main" in typed context  [no-untyped-call]
scripts/prepare_production_topologies.py:30: error: Cannot find implementation or library stub for module named "stage1_sanitize"  [import-not-found]
scripts/prepare_production_topologies.py:31: error: Cannot find implementation or library stub for module named "stage2_topology"  [import-not-found]
scripts/prepare_production_topologies.py:45: error: Missing type arguments for generic type "dict"  [type-arg]
scripts/prepare_production_topologies.py:134: error: Function is missing a return type annotation  [no-untyped-def]
scripts/prepare_production_topologies.py:134: note: Use "-> None" if function does not return a value
scripts/prepare_production_topologies.py:243: error: Call to untyped function "main" in typed context  [no-untyped-call]
scripts/download_biosecurity_dataset.py:81: error: Function is missing a return type annotation  [no-untyped-def]
scripts/download_biosecurity_dataset.py:100: error: Need type annotation for "tiers" (hint: "tiers: dict[<type>, <type>] = ...")  [var-annotated]
scripts/download_biosecurity_dataset.py:124: error: Need type annotation for "results"  [var-annotated]
scripts/download_biosecurity_dataset.py:239: error: Call to untyped function "main" in typed context  [no-untyped-call]
scripts/download_atlas_v2.py:56: error: Missing type arguments for generic type "dict"  [type-arg]
scripts/download_atlas_v2.py:110: error: Missing type arguments for generic type "tuple"  [type-arg]
scripts/download_atlas_v2.py:127: error: Incompatible return value type (got "list[list[float]]", expected "tuple[Any, ...]")  [return-value]
scripts/download_atlas_v2.py:130: error: Incompatible default for parameter "chain" (default has type "None", parameter has type "str")  [assignment]
scripts/download_atlas_v2.py:130: note: PEP 484 prohibits implicit Optional. Accordingly, mypy has changed its default to no_implicit_optional=True
scripts/download_atlas_v2.py:130: note: Use https://github.com/hauntsaninja/no_implicit_optional to automatically upgrade your codebase
scripts/download_atlas_v2.py:130: error: Missing type arguments for generic type "list"  [type-arg]
scripts/download_atlas_v2.py:132: error: Need type annotation for "rmsf_values" (hint: "rmsf_values: list[<type>] = ...")  [var-annotated]
scripts/download_atlas_v2.py:164: error: Missing type arguments for generic type "list"  [type-arg]
scripts/download_atlas_v2.py:169: error: Function is missing a return type annotation  [no-untyped-def]
scripts/download_atlas_v2.py:169: note: Use "-> None" if function does not return a value
scripts/download_atlas_v2.py:290: error: Call to untyped function "main" in typed context  [no-untyped-call]
scripts/download_atlas.py:51: error: Missing type arguments for generic type "dict"  [type-arg]
scripts/download_atlas.py:93: error: Missing type arguments for generic type "tuple"  [type-arg]
scripts/download_atlas.py:113: error: Missing type arguments for generic type "list"  [type-arg]
scripts/download_atlas.py:115: error: Need type annotation for "rmsf_values" (hint: "rmsf_values: list[<type>] = ...")  [var-annotated]
scripts/download_atlas.py:136: error: Missing type arguments for generic type "list"  [type-arg]
scripts/download_atlas.py:141: error: Function is missing a return type annotation  [no-untyped-def]
scripts/download_atlas.py:141: note: Use "-> None" if function does not return a value
scripts/download_atlas.py:245: error: Call to untyped function "main" in typed context  [no-untyped-call]
scripts/quarantine/build_never_bound_manifest.py:61: error: Function is missing a return type annotation  [no-untyped-def]
scripts/quarantine/build_never_bound_manifest.py:122: error: Value of type "Collection[str]" is not indexable  [index]
scripts/quarantine/build_never_bound_manifest.py:150: error: Function is missing a type annotation  [no-untyped-def]
scripts/quarantine/build_never_bound_manifest.py:154: error: Function is missing a type annotation  [no-untyped-def]
scripts/quarantine/build_never_bound_manifest.py:194: error: Function is missing a type annotation  [no-untyped-def]
scripts/quarantine/build_never_bound_manifest.py:279: error: Function is missing a type annotation  [no-untyped-def]
scripts/quarantine/build_never_bound_manifest.py:327: error: Function is missing a type annotation  [no-untyped-def]
scripts/quarantine/build_never_bound_manifest.py:351: error: Function is missing a type annotation  [no-untyped-def]
scripts/quarantine/build_never_bound_manifest.py:356: error: Function is missing a type annotation  [no-untyped-def]
scripts/quarantine/build_never_bound_manifest.py:375: error: Call to untyped function "fetch" in typed context  [no-untyped-call]
scripts/quarantine/build_never_bound_manifest.py:391: error: Function is missing a type annotation  [no-untyped-def]
scripts/quarantine/build_never_bound_manifest.py:434: error: Function is missing a return type annotation  [no-untyped-def]
scripts/quarantine/build_never_bound_manifest.py:434: note: Use "-> None" if function does not return a value
scripts/quarantine/build_never_bound_manifest.py:448: error: Call to untyped function "rcsb_search_apo_entries" in typed context  [no-untyped-call]
scripts/quarantine/build_never_bound_manifest.py:461: error: Call to untyped function "get_uniprot_for_entries" in typed context  [no-untyped-call]
scripts/quarantine/build_never_bound_manifest.py:466: error: Call to untyped function "filter_never_bound" in typed context  [no-untyped-call]
scripts/quarantine/build_never_bound_manifest.py:473: error: Call to untyped function "select_best_entries" in typed context  [no-untyped-call]
scripts/quarantine/build_never_bound_manifest.py:476: error: Call to untyped function "download_and_prep" in typed context  [no-untyped-call]
scripts/quarantine/build_never_bound_manifest.py:479: error: Call to untyped function "build_manifest" in typed context  [no-untyped-call]
scripts/quarantine/build_never_bound_manifest.py:495: error: Call to untyped function "main" in typed context  [no-untyped-call]
scripts/quarantine/audit_manifest_gt.py:65: error: Function is missing a type annotation  [no-untyped-def]
scripts/quarantine/audit_manifest_gt.py:82: error: Function is missing a type annotation  [no-untyped-def]
scripts/quarantine/audit_manifest_gt.py:97: error: Function is missing a type annotation  [no-untyped-def]
scripts/quarantine/audit_manifest_gt.py:108: error: Function is missing a type annotation  [no-untyped-def]
scripts/quarantine/audit_manifest_gt.py:109: error: Need type annotation for "groups" (hint: "groups: dict[<type>, <type>] = ...")  [var-annotated]
scripts/quarantine/audit_manifest_gt.py:127: error: Function is missing a type annotation  [no-untyped-def]
scripts/quarantine/audit_manifest_gt.py:139: error: Function is missing a type annotation  [no-untyped-def]
scripts/quarantine/audit_manifest_gt.py:145: error: Call to untyped function "detect_pandda" in typed context  [no-untyped-call]
scripts/quarantine/audit_manifest_gt.py:149: error: Call to untyped function "detect_nucleic_chains" in typed context  [no-untyped-call]
scripts/quarantine/audit_manifest_gt.py:155: error: Call to untyped function "parse_hetatm_groups" in typed context  [no-untyped-call]
scripts/quarantine/audit_manifest_gt.py:160: error: Need type annotation for "on_chain_drug" (hint: "on_chain_drug: list[<type>] = ...")  [var-annotated]
scripts/quarantine/audit_manifest_gt.py:163: error: Need type annotation for "off_chain_drug" (hint: "off_chain_drug: list[<type>] = ...")  [var-annotated]
scripts/quarantine/audit_manifest_gt.py:167: error: Call to untyped function "classify_ligand" in typed context  [no-untyped-call]
scripts/quarantine/audit_manifest_gt.py:207: error: Function is missing a return type annotation  [no-untyped-def]
scripts/quarantine/audit_manifest_gt.py:249: error: Call to untyped function "classify_chain" in typed context  [no-untyped-call]
scripts/quarantine/audit_manifest_gt.py:256: error: Need type annotation for "categories" (hint: "categories: dict[<type>, <type>] = ...")  [var-annotated]
scripts/quarantine/audit_manifest_gt.py:308: error: Call to untyped function "main" in typed context  [no-untyped-call]
scripts/production/curate_prism5000_chain_targets.py:133: error: Returning Any from function declared to return "dict[str, Any]"  [no-any-return]
scripts/production/curate_prism5000_chain_targets.py:152: error: Returning Any from function declared to return "dict[str, Any]"  [no-any-return]
scripts/production/curate_prism5000_chain_targets.py:851: error: Incompatible types in assignment (expression has type "list[Future[Candidate]]", variable has type "dict[Future[list[Candidate]], str]")  [assignment]
scripts/production/curate_prism5000_chain_targets.py:853: error: Argument 1 to "append" of "list" has incompatible type "list[Candidate]"; expected "Candidate"  [arg-type]
scripts/validate_chainC_aligned.py:141: error: Returning Any from function declared to return "list[dict[str, Any]]"  [no-any-return]
scripts/validate_chainC_aligned.py:344: error: Returning Any from function declared to return "list[dict[str, Any]]"  [no-any-return]
scripts/validate_chainC_aligned.py:478: error: Argument "key" to "sort" of "list" has incompatible type "Callable[[dict[str, object]], object]"; expected "Callable[[dict[str, object]], SupportsDunderLT[Any] | SupportsDunderGT[Any]]"  [arg-type]
scripts/validate_chainC_aligned.py:478: error: Incompatible return value type (got "object", expected "SupportsDunderLT[Any] | SupportsDunderGT[Any]")  [return-value]
scripts/validate_chainC_aligned.py:502: error: Argument "key" to "sort" of "list" has incompatible type "Callable[[dict[str, dict[str, Any | None] | dict[str, Any] | list[dict[str, object]] | Any | dict[str, object] | None]], Any | object]"; expected "Callable[[dict[str, dict[str, Any | None] | dict[str, Any] | list[dict[str, object]] | Any | dict[str, object] | None]], SupportsDunderLT[Any] | SupportsDunderGT[Any]]"  [arg-type]
scripts/validate_chainC_aligned.py:503: error: No overload variant of "__getitem__" of "list" matches argument type "str"  [call-overload]
scripts/validate_chainC_aligned.py:503: note: Possible overload variants:
scripts/validate_chainC_aligned.py:503: note:     def __getitem__(self, SupportsIndex, /) -> dict[str, object]
scripts/validate_chainC_aligned.py:503: note:     def __getitem__(self, slice[SupportsIndex | None, SupportsIndex | None, SupportsIndex | None], /) -> list[dict[str, object]]
scripts/validate_chainC_aligned.py:503: error: Incompatible return value type (got "Any | object", expected "SupportsDunderLT[Any] | SupportsDunderGT[Any]")  [return-value]
scripts/train_hysteresis_predictor.py:27: error: Skipping analyzing "h5py": module is installed, but missing library stubs or py.typed marker  [import-untyped]
scripts/train_hysteresis_predictor.py:29: error: Library stubs not installed for "pandas"  [import-untyped]
scripts/train_hysteresis_predictor.py:30: error: Library stubs not installed for "scipy.stats"  [import-untyped]
scripts/train_hysteresis_predictor.py:31: error: Skipping analyzing "sklearn.ensemble": module is installed, but missing library stubs or py.typed marker  [import-untyped]
scripts/train_hysteresis_predictor.py:32: error: Skipping analyzing "sklearn.metrics": module is installed, but missing library stubs or py.typed marker  [import-untyped]
scripts/train_hysteresis_predictor.py:46: error: Function is missing a type annotation  [no-untyped-def]
scripts/train_hysteresis_predictor.py:52: error: Function is missing a type annotation  [no-untyped-def]
scripts/train_hysteresis_predictor.py:57: error: Function is missing a type annotation  [no-untyped-def]
scripts/train_hysteresis_predictor.py:78: error: Call to untyped function "decode" in typed context  [no-untyped-call]
scripts/train_hysteresis_predictor.py:100: error: Function is missing a type annotation  [no-untyped-def]
scripts/train_hysteresis_predictor.py:155: error: Function is missing a type annotation  [no-untyped-def]
scripts/train_hysteresis_predictor.py:178: error: Call to untyped function "safe_float" in typed context  [no-untyped-call]
scripts/train_hysteresis_predictor.py:179: error: Call to untyped function "decode" in typed context  [no-untyped-call]
scripts/train_hysteresis_predictor.py:183: error: Call to untyped function "safe_float" in typed context  [no-untyped-call]
scripts/train_hysteresis_predictor.py:184: error: Call to untyped function "safe_float" in typed context  [no-untyped-call]
scripts/train_hysteresis_predictor.py:185: error: Call to untyped function "safe_float" in typed context  [no-untyped-call]
scripts/train_hysteresis_predictor.py:186: error: Call to untyped function "safe_float" in typed context  [no-untyped-call]
scripts/train_hysteresis_predictor.py:187: error: Call to untyped function "safe_float" in typed context  [no-untyped-call]
scripts/train_hysteresis_predictor.py:188: error: Call to untyped function "safe_float" in typed context  [no-untyped-call]
scripts/train_hysteresis_predictor.py:189: error: Call to untyped function "safe_float" in typed context  [no-untyped-call]
scripts/train_hysteresis_predictor.py:190: error: Call to untyped function "safe_float" in typed context  [no-untyped-call]
scripts/train_hysteresis_predictor.py:191: error: Call to untyped function "safe_float" in typed context  [no-untyped-call]
scripts/train_hysteresis_predictor.py:192: error: Call to untyped function "safe_float" in typed context  [no-untyped-call]
scripts/train_hysteresis_predictor.py:193: error: Call to untyped function "safe_float" in typed context  [no-untyped-call]
scripts/train_hysteresis_predictor.py:194: error: Call to untyped function "safe_float" in typed context  [no-untyped-call]
scripts/train_hysteresis_predictor.py:195: error: Call to untyped function "safe_float" in typed context  [no-untyped-call]
scripts/train_hysteresis_predictor.py:196: error: Call to untyped function "safe_float" in typed context  [no-untyped-call]
scripts/train_hysteresis_predictor.py:197: error: Call to untyped function "safe_float" in typed context  [no-untyped-call]
scripts/train_hysteresis_predictor.py:198: error: Call to untyped function "safe_float" in typed context  [no-untyped-call]
scripts/train_hysteresis_predictor.py:199: error: Call to untyped function "safe_float" in typed context  [no-untyped-call]
scripts/train_hysteresis_predictor.py:203: error: Call to untyped function "extract_lining_features" in typed context  [no-untyped-call]
scripts/train_hysteresis_predictor.py:206: error: Call to untyped function "extract_spike_features" in typed context  [no-untyped-call]
scripts/train_hysteresis_predictor.py:224: error: Function is missing a return type annotation  [no-untyped-def]
scripts/train_hysteresis_predictor.py:237: error: Call to untyped function "extract_all_features" in typed context  [no-untyped-call]
scripts/train_hysteresis_predictor.py:276: error: Function is missing a type annotation  [no-untyped-def]
scripts/train_hysteresis_predictor.py:330: error: Function is missing a type annotation  [no-untyped-def]
scripts/train_hysteresis_predictor.py:354: error: Call to untyped function "train_and_evaluate" in typed context  [no-untyped-call]
scripts/train_hysteresis_predictor.py:399: error: Function is missing a type annotation  [no-untyped-def]
scripts/train_hysteresis_predictor.py:438: error: Function is missing a type annotation  [no-untyped-def]
scripts/train_hysteresis_predictor.py:473: error: Function is missing a type annotation  [no-untyped-def]
scripts/train_hysteresis_predictor.py:550: error: Function is missing a return type annotation  [no-untyped-def]
scripts/train_hysteresis_predictor.py:550: note: Use "-> None" if function does not return a value
scripts/train_hysteresis_predictor.py:557: error: Call to untyped function "build_feature_matrices" in typed context  [no-untyped-call]
scripts/train_hysteresis_predictor.py:560: error: Call to untyped function "run_cv" in typed context  [no-untyped-call]
scripts/train_hysteresis_predictor.py:563: error: Call to untyped function "feature_importance_analysis" in typed context  [no-untyped-call]
scripts/train_hysteresis_predictor.py:566: error: Call to untyped function "save_outputs" in typed context  [no-untyped-call]
scripts/train_hysteresis_predictor.py:569: error: Call to untyped function "honest_assessment" in typed context  [no-untyped-call]
scripts/train_hysteresis_predictor.py:573: error: Call to untyped function "main" in typed context  [no-untyped-call]
scripts/tier3_persistent_homology.py:19: error: Skipping analyzing "gudhi": module is installed, but missing library stubs or py.typed marker  [import-untyped]
scripts/tier3_persistent_homology.py:22: error: Function is missing a type annotation  [no-untyped-def]
scripts/tier3_persistent_homology.py:47: error: Function is missing a type annotation  [no-untyped-def]
scripts/tier3_persistent_homology.py:82: error: Function is missing a type annotation  [no-untyped-def]
scripts/tier3_persistent_homology.py:101: error: Function is missing a type annotation  [no-untyped-def]
scripts/tier3_persistent_homology.py:107: error: Function is missing a type annotation  [no-untyped-def]
scripts/tier3_persistent_homology.py:108: error: Call to untyped function "find" in typed context  [no-untyped-call]
scripts/tier3_persistent_homology.py:125: error: Call to untyped function "find" in typed context  [no-untyped-call]
scripts/tier3_persistent_homology.py:130: error: Call to untyped function "union" in typed context  [no-untyped-call]
scripts/tier3_persistent_homology.py:143: error: Argument "key" to "sort" of "list" has incompatible type "Callable[[dict[str, object]], object]"; expected "Callable[[dict[str, object]], SupportsDunderLT[Any] | SupportsDunderGT[Any]]"  [arg-type]
scripts/tier3_persistent_homology.py:143: error: Incompatible return value type (got "object", expected "SupportsDunderLT[Any] | SupportsDunderGT[Any]")  [return-value]
scripts/tier3_persistent_homology.py:147: error: Function is missing a type annotation  [no-untyped-def]
scripts/tier3_persistent_homology.py:166: error: Call to untyped function "build_alpha_complex_filtration" in typed context  [no-untyped-call]
scripts/tier3_persistent_homology.py:167: error: Call to untyped function "extract_pocket_persistence" in typed context  [no-untyped-call]
scripts/tier3_persistent_homology.py:170: error: Call to untyped function "assign_residues_to_persistence_components" in typed context  [no-untyped-call]
scripts/tier3_geodesic_centroids.py:22: error: Library stubs not installed for "networkx"  [import-untyped]
scripts/tier3_geodesic_centroids.py:22: note: Hint: "python3 -m pip install types-networkx"
scripts/tier3_geodesic_centroids.py:25: error: Function is missing a type annotation  [no-untyped-def]
scripts/tier3_geodesic_centroids.py:65: error: Function is missing a type annotation  [no-untyped-def]
scripts/tier3_geodesic_centroids.py:108: error: Function is missing a type annotation  [no-untyped-def]
scripts/tier3_geodesic_centroids.py:127: error: Call to untyped function "build_backbone_graph" in typed context  [no-untyped-call]
scripts/tier3_geodesic_centroids.py:132: error: Call to untyped function "geodesic_frechet_centroid" in typed context  [no-untyped-call]
scripts/tier3_geodesic_centroids.py:163: error: Dict entry 1 has incompatible type "str": "int"; expected "str": "str"  [dict-item]
scripts/tier3_geodesic_centroids.py:166: error: Dict entry 4 has incompatible type "str": "float"; expected "str": "str"  [dict-item]
scripts/tier2_wasserstein_alignment.py:18: error: Skipping analyzing "ot": module is installed, but missing library stubs or py.typed marker  [import-untyped]
scripts/tier2_wasserstein_alignment.py:21: error: Function is missing a type annotation  [no-untyped-def]
scripts/tier2_wasserstein_alignment.py:42: error: Function is missing a type annotation  [no-untyped-def]
scripts/tier2_wasserstein_alignment.py:49: error: Call to untyped function "downsample_spike_cloud" in typed context  [no-untyped-call]
scripts/tier2_wasserstein_alignment.py:103: error: Function is missing a type annotation  [no-untyped-def]
scripts/tier2_wasserstein_alignment.py:162: error: Call to untyped function "sinkhorn_procrustes_align" in typed context  [no-untyped-call]
scripts/tier1_anchor_hellinger.py:30: error: Function is missing a type annotation  [no-untyped-def]
scripts/tier1_anchor_hellinger.py:61: error: Function is missing a type annotation  [no-untyped-def]
scripts/tier1_anchor_hellinger.py:74: error: Function is missing a type annotation  [no-untyped-def]
scripts/tier1_anchor_hellinger.py:180: error: Function is missing a type annotation  [no-untyped-def]
scripts/tier1_anchor_hellinger.py:194: error: Function is missing a type annotation  [no-untyped-def]
scripts/tier1_anchor_hellinger.py:252: error: Function is missing a type annotation  [no-untyped-def]
scripts/tier1_anchor_hellinger.py:263: error: Function is missing a type annotation  [no-untyped-def]
scripts/tier1_anchor_hellinger.py:272: error: Call to untyped function "pocket_occupancy_distribution" in typed context  [no-untyped-call]
scripts/tier1_anchor_hellinger.py:280: error: Call to untyped function "reference_contact_shell_distribution" in typed context  [no-untyped-call]
scripts/tier1_anchor_hellinger.py:287: error: Call to untyped function "hellinger_distance" in typed context  [no-untyped-call]
scripts/tier1_anchor_hellinger.py:298: error: Dict entry 2 has incompatible type "str": "float"; expected "str": "str"  [dict-item]
scripts/tier1_anchor_hellinger.py:299: error: Dict entry 3 has incompatible type "str": "float"; expected "str": "str"  [dict-item]
scripts/run_baselines.py:26: error: Function is missing a type annotation  [no-untyped-def]
scripts/run_baselines.py:59: error: Function is missing a type annotation  [no-untyped-def]
scripts/run_baselines.py:117: error: Function is missing a type annotation  [no-untyped-def]
scripts/run_baselines.py:120: error: Need type annotation for "het_groups" (hint: "het_groups: dict[<type>, <type>] = ...")  [var-annotated]
scripts/run_baselines.py:142: error: Function is missing a type annotation  [no-untyped-def]
scripts/run_baselines.py:153: error: Function is missing a type annotation  [no-untyped-def]
scripts/run_baselines.py:174: error: Call to untyped function "get_ligand_atoms" in typed context  [no-untyped-call]
scripts/run_baselines.py:195: error: Call to untyped function "compute_dca" in typed context  [no-untyped-call]
scripts/run_baselines.py:210: error: Function is missing a type annotation  [no-untyped-def]
scripts/run_baselines.py:301: error: Cannot call function of unknown type  [operator]
scripts/run_baselines.py:319: error: Cannot call function of unknown type  [operator]
scripts/run_baselines.py:323: error: Function is missing a return type annotation  [no-untyped-def]
scripts/run_baselines.py:359: error: Call to untyped function "get_ligand_atoms" in typed context  [no-untyped-call]
scripts/run_baselines.py:360: error: Call to untyped function "compute_dca" in typed context  [no-untyped-call]
scripts/run_baselines.py:383: error: Function is missing a type annotation  [no-untyped-def]
scripts/run_baselines.py:385: error: Call to untyped function "run_p2rank" in typed context  [no-untyped-call]
scripts/run_baselines.py:387: error: Call to untyped function "evaluate_method" in typed context  [no-untyped-call]
scripts/run_baselines.py:395: error: Function is missing a type annotation  [no-untyped-def]
scripts/run_baselines.py:397: error: Call to untyped function "run_fpocket" in typed context  [no-untyped-call]
scripts/run_baselines.py:399: error: Call to untyped function "evaluate_method" in typed context  [no-untyped-call]
scripts/run_baselines.py:404: error: Call to untyped function "print_comparison" in typed context  [no-untyped-call]
scripts/run_baselines.py:418: error: Call to untyped function "main" in typed context  [no-untyped-call]
scripts/prt70_panel_sweep.py:88: error: Missing type arguments for generic type "dict"  [type-arg]
scripts/prt70_panel_sweep.py:90: error: Returning Any from function declared to return "dict[Any, Any]"  [no-any-return]
scripts/prt70_panel_sweep.py:149: error: Function is missing a return type annotation  [no-untyped-def]
scripts/prt70_panel_sweep.py:155: error: Missing type arguments for generic type "dict"  [type-arg]
scripts/prt70_panel_sweep.py:178: error: Missing type arguments for generic type "dict"  [type-arg]
scripts/prt70_panel_sweep.py:200: error: Missing type arguments for generic type "dict"  [type-arg]
scripts/prt70_panel_sweep.py:282: error: Need type annotation for "adj"  [var-annotated]
scripts/prt70_panel_sweep.py:321: error: Returning Any from function declared to return "ndarray[tuple[Any, ...], dtype[Any]]"  [no-any-return]
scripts/prt70_panel_sweep.py:322: error: Returning Any from function declared to return "ndarray[tuple[Any, ...], dtype[Any]]"  [no-any-return]
scripts/prt70_panel_sweep.py:417: error: Missing type arguments for generic type "dict"  [type-arg]
scripts/prt70_panel_sweep.py:568: error: Need type annotation for "per_target_best" (hint: "per_target_best: dict[<type>, <type>] = ...")  [var-annotated]
scripts/prt70_panel_sweep.py:631: error: Function is missing a return type annotation  [no-untyped-def]
scripts/prt70_panel_sweep.py:631: error: Missing type arguments for generic type "dict"  [type-arg]
scripts/prt70_panel_sweep.py:667: error: Incompatible types in assignment (expression has type "object", variable has type "SweepConfig")  [assignment]
scripts/prt70_panel_sweep.py:675: error: Value of type "SweepConfig" is not indexable  [index]
scripts/prt70_panel_sweep.py:676: error: Value of type "SweepConfig" is not indexable  [index]
scripts/prt70_panel_sweep.py:677: error: Value of type "SweepConfig" is not indexable  [index]
scripts/prt70_panel_sweep.py:678: error: Value of type "SweepConfig" is not indexable  [index]
scripts/prt70_panel_sweep.py:683: error: Incompatible types in assignment (expression has type "object", variable has type "SweepConfig")  [assignment]
scripts/prt70_panel_sweep.py:687: error: Value of type "SweepConfig" is not indexable  [index]
scripts/prt70_panel_sweep.py:688: error: Value of type "SweepConfig" is not indexable  [index]
scripts/prism_pipeline.py:36: error: Cannot find implementation or library stub for module named "stage1_sanitize"  [import-not-found]
scripts/prism_pipeline.py:37: error: Cannot find implementation or library stub for module named "stage2_topology"  [import-not-found]
scripts/prism_pipeline.py:40: error: Function is missing a return type annotation  [no-untyped-def]
scripts/prism_pipeline.py:61: error: Function is missing a return type annotation  [no-untyped-def]
scripts/prism_pipeline.py:87: error: Missing type arguments for generic type "dict"  [type-arg]
scripts/prism_pipeline.py:93: error: Call to untyped function "find_analyze_ensemble" in typed context  [no-untyped-call]
scripts/prism_pipeline.py:133: error: Returning Any from function declared to return "dict[Any, Any]"  [no-any-return]
scripts/prism_pipeline.py:147: error: Missing type arguments for generic type "dict"  [type-arg]
scripts/prism_pipeline.py:158: error: Call to untyped function "find_generate_ensemble" in typed context  [no-untyped-call]
scripts/prism_pipeline.py:214: error: Name "np" is not defined  [name-defined]
scripts/prism_pipeline.py:255: error: Incompatible default for parameter "reference_pdb" (default has type "None", parameter has type "str")  [assignment]
scripts/prism_pipeline.py:255: note: PEP 484 prohibits implicit Optional. Accordingly, mypy has changed its default to no_implicit_optional=True
scripts/prism_pipeline.py:255: note: Use https://github.com/hauntsaninja/no_implicit_optional to automatically upgrade your codebase
scripts/prism_pipeline.py:257: error: Missing type arguments for generic type "dict"  [type-arg]
scripts/prism_pipeline.py:359: error: Missing type arguments for generic type "list"  [type-arg]
scripts/prism_pipeline.py:362: error: Need type annotation for "current_frame" (hint: "current_frame: list[<type>] = ...")  [var-annotated]
scripts/prism_pipeline.py:391: error: Incompatible default for parameter "chain" (default has type "None", parameter has type "str")  [assignment]
scripts/prism_pipeline.py:391: note: PEP 484 prohibits implicit Optional. Accordingly, mypy has changed its default to no_implicit_optional=True
scripts/prism_pipeline.py:391: note: Use https://github.com/hauntsaninja/no_implicit_optional to automatically upgrade your codebase
scripts/prism_pipeline.py:398: error: Missing type arguments for generic type "dict"  [type-arg]
scripts/prism_pipeline.py:410: error: Incompatible types in assignment (expression has type "Path", variable has type "str")  [assignment]
scripts/prism_pipeline.py:411: error: "str" has no attribute "mkdir"  [attr-defined]
scripts/prism_pipeline.py:437: error: Unsupported left operand type for / ("str")  [operator]
scripts/prism_pipeline.py:449: error: Unsupported target for indexed assignment ("Collection[str]")  [index]
scripts/prism_pipeline.py:461: error: Unsupported left operand type for / ("str")  [operator]
scripts/prism_pipeline.py:473: error: Unsupported target for indexed assignment ("Collection[str]")  [index]
scripts/prism_pipeline.py:487: error: Unsupported left operand type for / ("str")  [operator]
scripts/prism_pipeline.py:501: error: Unsupported target for indexed assignment ("Collection[str]")  [index]
scripts/prism_pipeline.py:517: error: Call to untyped function "find_analyze_ensemble" in typed context  [no-untyped-call]
scripts/prism_pipeline.py:539: error: Unsupported target for indexed assignment ("Collection[str]")  [index]
scripts/prism_pipeline.py:540: error: Unsupported left operand type for / ("str")  [operator]
scripts/prism_pipeline.py:553: error: Incompatible types in assignment (expression has type "float", target has type "Collection[str]")  [assignment]
scripts/prism_pipeline.py:556: error: Unsupported left operand type for / ("str")  [operator]
scripts/prism_pipeline.py:576: error: Function is missing a return type annotation  [no-untyped-def]
scripts/prism_pipeline.py:638: error: Call to untyped function "main" in typed context  [no-untyped-call]
scripts/prepare_protien.py:13: error: Skipping analyzing "openmm": module is installed, but missing library stubs or py.typed marker  [import-untyped]
scripts/prepare_protien.py:19: error: Function is missing a type annotation  [no-untyped-def]
scripts/prepare_protien.py:76: error: Need type annotation for "exclusions"  [var-annotated]
scripts/prepare_protien.py:151: error: Call to untyped function "build_h_clusters" in typed context  [no-untyped-call]
scripts/prepare_protien.py:195: error: Function is missing a type annotation  [no-untyped-def]
scripts/prepare_protien.py:264: error: Call to untyped function "prepare_protein" in typed context  [no-untyped-call]
scripts/prepare_protein.py:13: error: Skipping analyzing "openmm": module is installed, but missing library stubs or py.typed marker  [import-untyped]
scripts/prepare_protein.py:21: error: Skipping analyzing "pdbfixer": module is installed, but missing library stubs or py.typed marker  [import-untyped]
scripts/prepare_protein.py:28: error: Function is missing a type annotation  [no-untyped-def]
scripts/prepare_protein.py:104: error: Name "LangevinMiddleIntegrator" is not defined  [name-defined]
scripts/prepare_protein.py:146: error: Need type annotation for "exclusions"  [var-annotated]
scripts/prepare_protein.py:221: error: Call to untyped function "build_h_clusters" in typed context  [no-untyped-call]
scripts/prepare_protein.py:270: error: Function is missing a type annotation  [no-untyped-def]
scripts/prepare_protein.py:339: error: Call to untyped function "prepare_protein" in typed context  [no-untyped-call]
scripts/postprocess_twin.py:245: error: Library stubs not installed for "scipy.spatial"  [import-untyped]
scripts/postprocess_twin.py:338: error: Skipping analyzing "ijson": module is installed, but missing library stubs or py.typed marker  [import-untyped]
scripts/postprocess_twin.py:425: error: Returning Any from function declared to return "ndarray[tuple[Any, ...], dtype[Any]]"  [no-any-return]
scripts/postprocess_twin.py:616: error: Returning Any from function declared to return "ndarray[tuple[Any, ...], dtype[Any]]"  [no-any-return]
scripts/postprocess_twin.py:632: error: Returning Any from function declared to return "ndarray[tuple[Any, ...], dtype[Any]]"  [no-any-return]
scripts/postprocess_twin.py:702: error: Need type annotation for "nma_resp_modes"  [var-annotated]
scripts/postprocess_twin.py:927: error: Invalid index type "int | None" for "list[dict[str, Any]]"; expected type "SupportsIndex"  [index]
scripts/postprocess_twin.py:928: error: Invalid index type "int | None" for "list[dict[str, Any]]"; expected type "SupportsIndex"  [index]
scripts/postprocess_twin.py:933: error: Invalid index type "int | None" for "list[dict[str, Any]]"; expected type "SupportsIndex"  [index]
scripts/postprocess_twin.py:934: error: Argument 1 to "ix_" has incompatible type "list[int | None]"; expected "_HasDType[Never] | Sequence[_HasDType[Never]] | Sequence[Sequence[_HasDType[Never]]] | Sequence[Sequence[Sequence[_HasDType[Never]]]] | Sequence[Sequence[Sequence[Sequence[_HasDType[Never]]]]]"  [arg-type]
scripts/postprocess_twin.py:934: error: Argument 1 to "ix_" has incompatible type "list[int | None]"; expected "_HasDType[dtype[integer[Any] | numpy.bool[builtins.bool]]] | Sequence[_HasDType[dtype[integer[Any] | numpy.bool[builtins.bool]]]] | Sequence[Sequence[_HasDType[dtype[integer[Any] | numpy.bool[builtins.bool]]]]] | Sequence[Sequence[Sequence[_HasDType[dtype[integer[Any] | numpy.bool[builtins.bool]]]]]] | Sequence[Sequence[Sequence[Sequence[_HasDType[dtype[integer[Any] | numpy.bool[builtins.bool]]]]]]]"  [arg-type]
scripts/postprocess_twin.py:934: error: Argument 2 to "ix_" has incompatible type "list[int | None]"; expected "_HasDType[Never] | Sequence[_HasDType[Never]] | Sequence[Sequence[_HasDType[Never]]] | Sequence[Sequence[Sequence[_HasDType[Never]]]] | Sequence[Sequence[Sequence[Sequence[_HasDType[Never]]]]]"  [arg-type]
scripts/postprocess_twin.py:934: error: Argument 2 to "ix_" has incompatible type "list[int | None]"; expected "_HasDType[dtype[integer[Any] | numpy.bool[builtins.bool]]] | Sequence[_HasDType[dtype[integer[Any] | numpy.bool[builtins.bool]]]] | Sequence[Sequence[_HasDType[dtype[integer[Any] | numpy.bool[builtins.bool]]]]] | Sequence[Sequence[Sequence[_HasDType[dtype[integer[Any] | numpy.bool[builtins.bool]]]]]] | Sequence[Sequence[Sequence[Sequence[_HasDType[dtype[integer[Any] | numpy.bool[builtins.bool]]]]]]]"  [arg-type]
scripts/postprocess_twin.py:943: error: Invalid index type "list[int | None]" for "ndarray[tuple[Any, ...], dtype[Any]]"; expected type "SupportsIndex | slice[Any, Any, Any] | EllipsisType | _SupportsArray[dtype[numpy.bool[builtins.bool] | integer[Any]]] | _NestedSequence[_SupportsArray[dtype[numpy.bool[builtins.bool] | integer[Any]]]] | int | _NestedSequence[int] | None | tuple[SupportsIndex | slice[Any, Any, Any] | EllipsisType | _SupportsArray[dtype[numpy.bool[builtins.bool] | integer[Any]]] | _NestedSequence[_SupportsArray[dtype[numpy.bool[builtins.bool] | integer[Any]]]] | int | _NestedSequence[int] | None, ...]"  [index]
scripts/postprocess_twin.py:947: error: Call to untyped function "_site_ccf_partners" in typed context  [no-untyped-call]
scripts/postprocess_twin.py:953: error: Argument 1 to "ix_" has incompatible type "list[int | None]"; expected "_HasDType[Never] | Sequence[_HasDType[Never]] | Sequence[Sequence[_HasDType[Never]]] | Sequence[Sequence[Sequence[_HasDType[Never]]]] | Sequence[Sequence[Sequence[Sequence[_HasDType[Never]]]]]"  [arg-type]
scripts/postprocess_twin.py:953: error: Argument 1 to "ix_" has incompatible type "list[int | None]"; expected "_HasDType[dtype[integer[Any] | numpy.bool[builtins.bool]]] | Sequence[_HasDType[dtype[integer[Any] | numpy.bool[builtins.bool]]]] | Sequence[Sequence[_HasDType[dtype[integer[Any] | numpy.bool[builtins.bool]]]]] | Sequence[Sequence[Sequence[_HasDType[dtype[integer[Any] | numpy.bool[builtins.bool]]]]]] | Sequence[Sequence[Sequence[Sequence[_HasDType[dtype[integer[Any] | numpy.bool[builtins.bool]]]]]]]"  [arg-type]
scripts/postprocess_twin.py:953: error: Argument 2 to "ix_" has incompatible type "list[int | None]"; expected "_HasDType[Never] | Sequence[_HasDType[Never]] | Sequence[Sequence[_HasDType[Never]]] | Sequence[Sequence[Sequence[_HasDType[Never]]]] | Sequence[Sequence[Sequence[Sequence[_HasDType[Never]]]]]"  [arg-type]
scripts/postprocess_twin.py:953: error: Argument 2 to "ix_" has incompatible type "list[int | None]"; expected "_HasDType[dtype[integer[Any] | numpy.bool[builtins.bool]]] | Sequence[_HasDType[dtype[integer[Any] | numpy.bool[builtins.bool]]]] | Sequence[Sequence[_HasDType[dtype[integer[Any] | numpy.bool[builtins.bool]]]]] | Sequence[Sequence[Sequence[_HasDType[dtype[integer[Any] | numpy.bool[builtins.bool]]]]]] | Sequence[Sequence[Sequence[Sequence[_HasDType[dtype[integer[Any] | numpy.bool[builtins.bool]]]]]]]"  [arg-type]
scripts/postprocess_twin.py:960: error: Call to untyped function "_site_nma_summary" in typed context  [no-untyped-call]
scripts/postprocess_twin.py:963: error: Call to untyped function "_site_druggability" in typed context  [no-untyped-call]
scripts/postprocess_twin.py:967: error: Invalid index type "list[int | None]" for "ndarray[tuple[Any, ...], dtype[Any]]"; expected type "SupportsIndex | slice[Any, Any, Any] | EllipsisType | _SupportsArray[dtype[numpy.bool[builtins.bool] | integer[Any]]] | _NestedSequence[_SupportsArray[dtype[numpy.bool[builtins.bool] | integer[Any]]]] | int | _NestedSequence[int] | None | tuple[SupportsIndex | slice[Any, Any, Any] | EllipsisType | _SupportsArray[dtype[numpy.bool[builtins.bool] | integer[Any]]] | _NestedSequence[_SupportsArray[dtype[numpy.bool[builtins.bool] | integer[Any]]]] | int | _NestedSequence[int] | None, ...]"  [index]
scripts/postprocess_twin.py:985: error: Call to untyped function "_pharmacophore_from_lining" in typed context  [no-untyped-call]
scripts/postprocess_twin.py:988: error: Call to untyped function "_classify_mechanism" in typed context  [no-untyped-call]
scripts/postprocess_twin.py:989: error: Call to untyped function "_build_beacon" in typed context  [no-untyped-call]
scripts/postprocess_twin.py:990: error: Call to untyped function "_quality_flags" in typed context  [no-untyped-call]
scripts/postprocess_twin.py:991: error: Call to untyped function "_screening_strategy" in typed context  [no-untyped-call]
scripts/postprocess_twin.py:994: error: Call to untyped function "_confidence_score" in typed context  [no-untyped-call]
scripts/postprocess_twin.py:1017: error: Invalid index type "list[int | None]" for "ndarray[tuple[Any, ...], dtype[Any]]"; expected type "SupportsIndex | slice[Any, Any, Any] | EllipsisType | _SupportsArray[dtype[numpy.bool[builtins.bool] | integer[Any]]] | _NestedSequence[_SupportsArray[dtype[numpy.bool[builtins.bool] | integer[Any]]]] | int | _NestedSequence[int] | None | tuple[SupportsIndex | slice[Any, Any, Any] | EllipsisType | _SupportsArray[dtype[numpy.bool[builtins.bool] | integer[Any]]] | _NestedSequence[_SupportsArray[dtype[numpy.bool[builtins.bool] | integer[Any]]]] | int | _NestedSequence[int] | None, ...]"  [index]
scripts/postprocess_twin.py:1018: error: Invalid index type "list[int | None]" for "ndarray[tuple[Any, ...], dtype[Any]]"; expected type "SupportsIndex | slice[Any, Any, Any] | EllipsisType | _SupportsArray[dtype[numpy.bool[builtins.bool] | integer[Any]]] | _NestedSequence[_SupportsArray[dtype[numpy.bool[builtins.bool] | integer[Any]]]] | int | _NestedSequence[int] | None | tuple[SupportsIndex | slice[Any, Any, Any] | EllipsisType | _SupportsArray[dtype[numpy.bool[builtins.bool] | integer[Any]]] | _NestedSequence[_SupportsArray[dtype[numpy.bool[builtins.bool] | integer[Any]]]] | int | _NestedSequence[int] | None, ...]"  [index]
scripts/postprocess_twin.py:1102: error: Call to untyped function "_therm_enrichment" in typed context  [no-untyped-call]
scripts/postprocess_twin.py:1113: error: Call to untyped function "_flexibility_class" in typed context  [no-untyped-call]
scripts/postprocess_twin.py:1114: error: Call to untyped function "_recommendation" in typed context  [no-untyped-call]
scripts/postprocess_twin.py:1129: error: Function is missing a type annotation  [no-untyped-def]
scripts/postprocess_twin.py:1147: error: Function is missing a type annotation  [no-untyped-def]
scripts/postprocess_twin.py:1181: error: Function is missing a type annotation  [no-untyped-def]
scripts/postprocess_twin.py:1249: error: Function is missing a type annotation  [no-untyped-def]
scripts/postprocess_twin.py:1276: error: Function is missing a type annotation  [no-untyped-def]
scripts/postprocess_twin.py:1292: error: Function is missing a type annotation  [no-untyped-def]
scripts/postprocess_twin.py:1309: error: Function is missing a type annotation  [no-untyped-def]
scripts/postprocess_twin.py:1321: error: Function is missing a type annotation  [no-untyped-def]
scripts/postprocess_twin.py:1324: error: Function is missing a type annotation  [no-untyped-def]
scripts/postprocess_twin.py:1335: error: Function is missing a type annotation  [no-untyped-def]
scripts/postprocess_twin.py:1348: error: Function is missing a type annotation  [no-untyped-def]
scripts/postprocess_twin.py:1356: error: Function is missing a type annotation  [no-untyped-def]
scripts/postprocess_twin.py:1418: error: Unsupported operand type for unary - ("object")  [operator]
scripts/phase_manifold_ranker.py:10: error: Library stubs not installed for "pandas"  [import-untyped]
scripts/phase_manifold_ranker.py:66: error: Function is missing a type annotation  [no-untyped-def]
scripts/phase_manifold_ranker.py:74: error: Function is missing a type annotation  [no-untyped-def]
scripts/phase_manifold_ranker.py:83: error: Function is missing a return type annotation  [no-untyped-def]
scripts/phase_manifold_ranker.py:96: error: Function is missing a type annotation  [no-untyped-def]
scripts/phase_manifold_ranker.py:111: error: Function is missing a type annotation  [no-untyped-def]
scripts/phase_manifold_ranker.py:124: error: Function is missing a type annotation  [no-untyped-def]
scripts/phase_manifold_ranker.py:149: error: Function is missing a type annotation  [no-untyped-def]
scripts/phase_manifold_ranker.py:170: error: Function is missing a type annotation  [no-untyped-def]
scripts/phase_manifold_ranker.py:181: error: Function is missing a return type annotation  [no-untyped-def]
scripts/phase_manifold_ranker.py:189: error: Function is missing a return type annotation  [no-untyped-def]
scripts/phase_manifold_ranker.py:194: error: Call to untyped function "safe_int" in typed context  [no-untyped-call]
scripts/phase_manifold_ranker.py:200: error: Function is missing a return type annotation  [no-untyped-def]
scripts/phase_manifold_ranker.py:200: error: Function is missing a type annotation for one or more parameters  [no-untyped-def]
scripts/phase_manifold_ranker.py:223: error: Function is missing a return type annotation  [no-untyped-def]
scripts/phase_manifold_ranker.py:263: error: Function is missing a type annotation  [no-untyped-def]
scripts/phase_manifold_ranker.py:295: error: Function is missing a type annotation  [no-untyped-def]
scripts/phase_manifold_ranker.py:301: error: Function is missing a type annotation  [no-untyped-def]
scripts/phase_manifold_ranker.py:316: error: Call to untyped function "zscore_series" in typed context  [no-untyped-call]
scripts/phase_manifold_ranker.py:371: error: Function is missing a type annotation  [no-untyped-def]
scripts/phase_manifold_ranker.py:389: error: Call to untyped function "weighted_centroid" in typed context  [no-untyped-call]
scripts/phase_manifold_ranker.py:390: error: Call to untyped function "aabb_from_points" in typed context  [no-untyped-call]
scripts/phase_manifold_ranker.py:395: error: Call to untyped function "safe_int" in typed context  [no-untyped-call]
scripts/phase_manifold_ranker.py:401: error: Call to untyped function "safe_int" in typed context  [no-untyped-call]
scripts/phase_manifold_ranker.py:402: error: Call to untyped function "finite_float" in typed context  [no-untyped-call]
scripts/phase_manifold_ranker.py:412: error: Call to untyped function "weighted_centroid" in typed context  [no-untyped-call]
scripts/phase_manifold_ranker.py:413: error: Call to untyped function "aabb_from_points" in typed context  [no-untyped-call]
scripts/phase_manifold_ranker.py:416: error: Call to untyped function "centroid_from_residue_positions" in typed context  [no-untyped-call]
scripts/phase_manifold_ranker.py:422: error: Call to untyped function "safe_int" in typed context  [no-untyped-call]
scripts/phase_manifold_ranker.py:430: error: Call to untyped function "safe_int" in typed context  [no-untyped-call]
scripts/phase_manifold_ranker.py:434: error: Call to untyped function "finite_float" in typed context  [no-untyped-call]
scripts/phase_manifold_ranker.py:442: error: Call to untyped function "finite_float" in typed context  [no-untyped-call]
scripts/phase_manifold_ranker.py:448: error: Call to untyped function "centroid_from_residue_positions" in typed context  [no-untyped-call]
scripts/phase_manifold_ranker.py:453: error: Call to untyped function "top_residue_ids" in typed context  [no-untyped-call]
scripts/phase_manifold_ranker.py:454: error: Call to untyped function "top_residue_ids" in typed context  [no-untyped-call]
scripts/phase_manifold_ranker.py:462: error: Call to untyped function "top_residue_ids" in typed context  [no-untyped-call]
scripts/phase_manifold_ranker.py:465: error: Call to untyped function "centroid_from_residue_positions" in typed context  [no-untyped-call]
scripts/phase_manifold_ranker.py:468: error: Call to untyped function "centroid_view" in typed context  [no-untyped-call]
scripts/phase_manifold_ranker.py:477: error: Call to untyped function "centroid_view" in typed context  [no-untyped-call]
scripts/phase_manifold_ranker.py:486: error: Call to untyped function "centroid_view" in typed context  [no-untyped-call]
scripts/phase_manifold_ranker.py:495: error: Call to untyped function "centroid_view" in typed context  [no-untyped-call]
scripts/phase_manifold_ranker.py:497: error: Call to untyped function "weighted_centroid" in typed context  [no-untyped-call]
scripts/phase_manifold_ranker.py:498: error: Call to untyped function "aabb_from_points" in typed context  [no-untyped-call]
scripts/phase_manifold_ranker.py:504: error: Call to untyped function "centroid_view" in typed context  [no-untyped-call]
scripts/phase_manifold_ranker.py:506: error: Call to untyped function "weighted_centroid" in typed context  [no-untyped-call]
scripts/phase_manifold_ranker.py:507: error: Call to untyped function "aabb_from_points" in typed context  [no-untyped-call]
scripts/phase_manifold_ranker.py:513: error: Call to untyped function "centroid_view" in typed context  [no-untyped-call]
scripts/phase_manifold_ranker.py:515: error: Call to untyped function "weighted_centroid" in typed context  [no-untyped-call]
scripts/phase_manifold_ranker.py:516: error: Call to untyped function "aabb_from_points" in typed context  [no-untyped-call]
scripts/phase_manifold_ranker.py:522: error: Call to untyped function "centroid_view" in typed context  [no-untyped-call]
scripts/phase_manifold_ranker.py:531: error: Call to untyped function "centroid_view" in typed context  [no-untyped-call]
scripts/phase_manifold_ranker.py:556: error: Call to untyped function "finite_float" in typed context  [no-untyped-call]
scripts/phase_manifold_ranker.py:561: error: Call to untyped function "finite_float" in typed context  [no-untyped-call]
scripts/phase_manifold_ranker.py:680: error: Function is missing a return type annotation  [no-untyped-def]
scripts/phase_manifold_ranker.py:680: note: Use "-> None" if function does not return a value
scripts/phase_manifold_ranker.py:732: error: Call to untyped function "compute_residue_features" in typed context  [no-untyped-call]
scripts/phase_manifold_ranker.py:752: error: Call to untyped function "build_manifest_for_site" in typed context  [no-untyped-call]
scripts/phase_manifold_ranker.py:763: error: Call to untyped function "rank_sites" in typed context  [no-untyped-call]
scripts/phase_manifold_ranker.py:875: error: Call to untyped function "main" in typed context  [no-untyped-call]
scripts/pharmacophore_extract.py:13: error: Function is missing a type annotation  [no-untyped-def]
scripts/pharmacophore_extract.py:17: error: Function is missing a type annotation  [no-untyped-def]
scripts/pharmacophore_extract.py:48: error: Function is missing a type annotation  [no-untyped-def]
scripts/pharmacophore_extract.py:80: error: Function is missing a type annotation  [no-untyped-def]
scripts/pharmacophore_extract.py:83: error: Need type annotation for "frame_scores" (hint: "frame_scores: dict[<type>, <type>] = ...")  [var-annotated]
scripts/pharmacophore_extract.py:95: error: Argument "key" to "max" has incompatible type overloaded function; expected "Callable[[Any], SupportsDunderLT[Any] | SupportsDunderGT[Any]]"  [arg-type]
scripts/pharmacophore_extract.py:102: error: Function is missing a type annotation  [no-untyped-def]
scripts/pharmacophore_extract.py:143: error: Function is missing a return type annotation  [no-untyped-def]
scripts/pharmacophore_extract.py:143: note: Use "-> None" if function does not return a value
scripts/pharmacophore_extract.py:155: error: Call to untyped function "load_spike_events" in typed context  [no-untyped-call]
scripts/pharmacophore_extract.py:172: error: Call to untyped function "build_density_grid" in typed context  [no-untyped-call]
scripts/pharmacophore_extract.py:174: error: Call to untyped function "write_dx" in typed context  [no-untyped-call]
scripts/pharmacophore_extract.py:180: error: Need type annotation for "type_map" (hint: "type_map: dict[<type>, <type>] = ...")  [var-annotated]
scripts/pharmacophore_extract.py:192: error: Call to untyped function "build_density_grid" in typed context  [no-untyped-call]
scripts/pharmacophore_extract.py:194: error: Call to untyped function "write_dx" in typed context  [no-untyped-call]
scripts/pharmacophore_extract.py:200: error: Call to untyped function "find_open_frame" in typed context  [no-untyped-call]
scripts/pharmacophore_extract.py:207: error: Call to untyped function "extract_frame_pdb" in typed context  [no-untyped-call]
scripts/pharmacophore_extract.py:283: error: Call to untyped function "main" in typed context  [no-untyped-call]
scripts/numbering_audit.py:33: error: Function is missing a type annotation  [no-untyped-def]
scripts/numbering_audit.py:67: error: Function is missing a type annotation  [no-untyped-def]
scripts/numbering_audit.py:77: error: Call to untyped function "parse_pdb_atoms" in typed context  [no-untyped-call]
scripts/numbering_audit.py:131: error: Unsupported left operand type for - ("object")  [operator]
scripts/numbering_audit.py:192: error: Call to untyped function "audit_numbering" in typed context  [no-untyped-call]
scripts/mmgbsa_rescore.py:34: error: Function is missing a type annotation  [no-untyped-def]
scripts/mmgbsa_rescore.py:36: error: Skipping analyzing "openmm": module is installed, but missing library stubs or py.typed marker  [import-untyped]
scripts/mmgbsa_rescore.py:37: error: Skipping analyzing "openmm.app": module is installed, but missing library stubs or py.typed marker  [import-untyped]
scripts/mmgbsa_rescore.py:38: error: Skipping analyzing "openmm.unit": module is installed, but missing library stubs or py.typed marker  [import-untyped]
scripts/mmgbsa_rescore.py:39: error: Cannot find implementation or library stub for module named "openff.toolkit"  [import-not-found]
scripts/mmgbsa_rescore.py:40: error: Cannot find implementation or library stub for module named "openmmforcefields.generators"  [import-not-found]
scripts/mmgbsa_rescore.py:74: error: Function is missing a type annotation  [no-untyped-def]
scripts/mmgbsa_rescore.py:97: error: Function is missing a type annotation  [no-untyped-def]
scripts/mmgbsa_rescore.py:115: error: Function is missing a type annotation  [no-untyped-def]
scripts/mmgbsa_rescore.py:161: error: Call to untyped function "_minimize_and_energy" in typed context  [no-untyped-call]
scripts/mmgbsa_rescore.py:164: error: Call to untyped function "_minimize_and_energy" in typed context  [no-untyped-call]
scripts/mmgbsa_rescore.py:168: error: Call to untyped function "_minimize_and_energy" in typed context  [no-untyped-call]
scripts/mmgbsa_rescore.py:180: error: Function is missing a return type annotation  [no-untyped-def]
scripts/mmgbsa_rescore.py:180: note: Use "-> None" if function does not return a value
scripts/mmgbsa_rescore.py:207: error: Call to untyped function "run_mmgbsa" in typed context  [no-untyped-call]
scripts/mmgbsa_rescore.py:260: error: Call to untyped function "main" in typed context  [no-untyped-call]
scripts/gpu_dock_batched.py:61: error: Function is missing a return type annotation  [no-untyped-def]
scripts/gpu_dock_batched.py:61: note: Use "-> None" if function does not return a value
scripts/gpu_dock_batched.py:78: error: Function is missing a type annotation  [no-untyped-def]
scripts/gpu_dock_batched.py:206: error: Function is missing a type annotation  [no-untyped-def]
scripts/gpu_dock_batched.py:233: error: Function is missing a type annotation  [no-untyped-def]
scripts/gpu_dock_batched.py:272: error: Function is missing a type annotation  [no-untyped-def]
scripts/gpu_dock_batched.py:337: error: Function is missing a type annotation  [no-untyped-def]
scripts/gpu_dock_batched.py:368: error: Function is missing a type annotation  [no-untyped-def]
scripts/gpu_dock_batched.py:460: error: Argument "key" to "sort" of "list" has incompatible type "Callable[[dict[str, object]], object]"; expected "Callable[[dict[str, object]], SupportsDunderLT[Any] | SupportsDunderGT[Any]]"  [arg-type]
scripts/gpu_dock_batched.py:460: error: Incompatible return value type (got "object", expected "SupportsDunderLT[Any] | SupportsDunderGT[Any]")  [return-value]
scripts/gpu_dock_batched.py:474: error: Function is missing a type annotation  [no-untyped-def]
scripts/gpu_dock_batched.py:543: error: Function is missing a type annotation  [no-untyped-def]
scripts/gpu_dock_batched.py:584: error: Call to untyped function "write_docking_pymol" in typed context  [no-untyped-call]
scripts/gpu_dock_batched.py:589: error: Call to untyped function "write_docking_report" in typed context  [no-untyped-call]
scripts/gpu_dock_batched.py:595: error: Function is missing a type annotation  [no-untyped-def]
scripts/gpu_dock_batched.py:678: error: Function is missing a type annotation  [no-untyped-def]
scripts/gpu_dock_batched.py:737: error: Function is missing a return type annotation  [no-untyped-def]
scripts/gpu_dock_batched.py:775: error: Call to untyped function "check_tools" in typed context  [no-untyped-call]
scripts/gpu_dock_batched.py:782: error: Call to untyped function "extract_docking_boxes" in typed context  [no-untyped-call]
scripts/gpu_dock_batched.py:792: error: Call to untyped function "prepare_receptor_pdbqt" in typed context  [no-untyped-call]
scripts/gpu_dock_batched.py:809: error: Call to untyped function "prepare_ligands_from_smiles" in typed context  [no-untyped-call]
scripts/gpu_dock_batched.py:928: error: Call to untyped function "run_unidock_with_pdbqt_ligands" in typed context  [no-untyped-call]
scripts/gpu_dock_batched.py:972: error: Call to untyped function "main" in typed context  [no-untyped-call]
scripts/gpu_dock.py:64: error: Function is missing a return type annotation  [no-untyped-def]
scripts/gpu_dock.py:64: note: Use "-> None" if function does not return a value
scripts/gpu_dock.py:81: error: Function is missing a type annotation  [no-untyped-def]
scripts/gpu_dock.py:209: error: Function is missing a type annotation  [no-untyped-def]
scripts/gpu_dock.py:291: error: Function is missing a type annotation  [no-untyped-def]
scripts/gpu_dock.py:303: error: Call to untyped function "_clean_pdb_for_obabel" in typed context  [no-untyped-call]
scripts/gpu_dock.py:331: error: Function is missing a type annotation  [no-untyped-def]
scripts/gpu_dock.py:370: error: Function is missing a type annotation  [no-untyped-def]
scripts/gpu_dock.py:435: error: Function is missing a type annotation  [no-untyped-def]
scripts/gpu_dock.py:490: error: Function is missing a type annotation  [no-untyped-def]
scripts/gpu_dock.py:542: error: Function is missing a type annotation  [no-untyped-def]
scripts/gpu_dock.py:623: error: Function is missing a type annotation  [no-untyped-def]
scripts/gpu_dock.py:692: error: Function is missing a type annotation  [no-untyped-def]
scripts/gpu_dock.py:733: error: Call to untyped function "write_docking_pymol" in typed context  [no-untyped-call]
scripts/gpu_dock.py:738: error: Call to untyped function "write_docking_report" in typed context  [no-untyped-call]
scripts/gpu_dock.py:744: error: Function is missing a type annotation  [no-untyped-def]
scripts/gpu_dock.py:827: error: Function is missing a type annotation  [no-untyped-def]
scripts/gpu_dock.py:886: error: Function is missing a return type annotation  [no-untyped-def]
scripts/gpu_dock.py:886: note: Use "-> None" if function does not return a value
scripts/gpu_dock.py:924: error: Call to untyped function "check_tools" in typed context  [no-untyped-call]
scripts/gpu_dock.py:931: error: Call to untyped function "extract_docking_boxes" in typed context  [no-untyped-call]
scripts/gpu_dock.py:941: error: Call to untyped function "prepare_receptor_pdbqt" in typed context  [no-untyped-call]
scripts/gpu_dock.py:958: error: Call to untyped function "prepare_ligands_from_smiles" in typed context  [no-untyped-call]
scripts/gpu_dock.py:1185: error: Call to untyped function "run_gnina_dock" in typed context  [no-untyped-call]
scripts/gpu_dock.py:1191: error: Call to untyped function "generate_results" in typed context  [no-untyped-call]
scripts/gpu_dock.py:1301: error: Call to untyped function "generate_results" in typed context  [no-untyped-call]
scripts/gpu_dock.py:1330: error: Call to untyped function "main" in typed context  [no-untyped-call]
scripts/generate_v4_report.py:18: error: Skipping analyzing "h5py": module is installed, but missing library stubs or py.typed marker  [import-untyped]
scripts/generate_v4_report.py:44: error: Function is missing a type annotation  [no-untyped-def]
scripts/generate_v4_report.py:51: error: Function is missing a type annotation  [no-untyped-def]
scripts/generate_v4_report.py:54: error: Call to untyped function "np_to_python" in typed context  [no-untyped-call]
scripts/generate_v4_report.py:56: error: Call to untyped function "np_to_python" in typed context  [no-untyped-call]
scripts/generate_v4_report.py:69: error: Call to untyped function "np_to_python" in typed context  [no-untyped-call]
scripts/generate_v4_report.py:75: error: Function is missing a type annotation  [no-untyped-def]
scripts/generate_v4_report.py:81: error: Call to untyped function "decode_bytes" in typed context  [no-untyped-call]
scripts/generate_v4_report.py:82: error: Call to untyped function "decode_bytes" in typed context  [no-untyped-call]
scripts/generate_v4_report.py:95: error: Function is missing a type annotation  [no-untyped-def]
scripts/generate_v4_report.py:107: error: Call to untyped function "decode_bytes" in typed context  [no-untyped-call]
scripts/generate_v4_report.py:117: error: Function is missing a type annotation  [no-untyped-def]
scripts/generate_v4_report.py:129: error: Call to untyped function "decode_bytes" in typed context  [no-untyped-call]
scripts/generate_v4_report.py:137: error: Function is missing a type annotation  [no-untyped-def]
scripts/generate_v4_report.py:148: error: Function is missing a type annotation  [no-untyped-def]
scripts/generate_v4_report.py:160: error: Call to untyped function "decode_bytes" in typed context  [no-untyped-call]
scripts/generate_v4_report.py:169: error: Function is missing a type annotation  [no-untyped-def]
scripts/generate_v4_report.py:182: error: Function is missing a type annotation  [no-untyped-def]
scripts/generate_v4_report.py:194: error: Call to untyped function "decode_bytes" in typed context  [no-untyped-call]
scripts/generate_v4_report.py:211: error: Call to untyped function "decode_bytes" in typed context  [no-untyped-call]
scripts/generate_v4_report.py:223: error: Function is missing a type annotation  [no-untyped-def]
scripts/generate_v4_report.py:263: error: Function is missing a type annotation  [no-untyped-def]
scripts/generate_v4_report.py:273: error: Function is missing a type annotation  [no-untyped-def]
scripts/generate_v4_report.py:281: error: Call to untyped function "decode_bytes" in typed context  [no-untyped-call]
scripts/generate_v4_report.py:284: error: Call to untyped function "extract_benchmark_summary" in typed context  [no-untyped-call]
scripts/generate_v4_report.py:293: error: Call to untyped function "extract_sites" in typed context  [no-untyped-call]
scripts/generate_v4_report.py:294: error: Call to untyped function "extract_lining_residues" in typed context  [no-untyped-call]
scripts/generate_v4_report.py:295: error: Call to untyped function "extract_tide_triggers" in typed context  [no-untyped-call]
scripts/generate_v4_report.py:296: error: Call to untyped function "extract_kcc" in typed context  [no-untyped-call]
scripts/generate_v4_report.py:297: error: Call to untyped function "extract_kcc_validation" in typed context  [no-untyped-call]
scripts/generate_v4_report.py:298: error: Call to untyped function "extract_prism_therm" in typed context  [no-untyped-call]
scripts/generate_v4_report.py:299: error: Call to untyped function "extract_spike_summary" in typed context  [no-untyped-call]
scripts/generate_v4_report.py:300: error: Call to untyped function "extract_per_stream_stats" in typed context  [no-untyped-call]
scripts/generate_v4_report.py:309: error: Need type annotation for "bm"  [var-annotated]
scripts/generate_v4_report.py:361: error: Call to untyped function "np_to_python" in typed context  [no-untyped-call]
scripts/generate_v4_report.py:364: error: Function is missing a type annotation  [no-untyped-def]
scripts/generate_v4_report.py:366: error: Need type annotation for "lines" (hint: "lines: list[<type>] = ...")  [var-annotated]
scripts/generate_v4_report.py:694: error: Function is missing a return type annotation  [no-untyped-def]
scripts/generate_v4_report.py:694: note: Use "-> None" if function does not return a value
scripts/generate_v4_report.py:707: error: Call to untyped function "build_json_report" in typed context  [no-untyped-call]
scripts/generate_v4_report.py:720: error: Call to untyped function "build_markdown_report" in typed context  [no-untyped-call]
scripts/generate_v4_report.py:748: error: Call to untyped function "main" in typed context  [no-untyped-call]
scripts/generate_md_rmsf.py:33: error: Skipping analyzing "mdtraj": module is installed, but missing library stubs or py.typed marker  [import-untyped]
scripts/generate_md_rmsf.py:43: error: Missing type arguments for generic type "Dict"  [type-arg]
scripts/generate_md_rmsf.py:110: error: Missing type arguments for generic type "Dict"  [type-arg]
scripts/generate_md_rmsf.py:199: error: Function is missing a return type annotation  [no-untyped-def]
scripts/generate_md_rmsf.py:199: note: Use "-> None" if function does not return a value
scripts/generate_md_rmsf.py:299: error: Call to untyped function "main" in typed context  [no-untyped-call]
scripts/evaluate_benchmark.py:50: error: Function is missing a type annotation  [no-untyped-def]
scripts/evaluate_benchmark.py:73: error: Need type annotation for "het_groups" (hint: "het_groups: dict[<type>, <type>] = ...")  [var-annotated]
scripts/evaluate_benchmark.py:94: error: Function is missing a type annotation  [no-untyped-def]
scripts/evaluate_benchmark.py:111: error: Function is missing a type annotation  [no-untyped-def]
scripts/evaluate_benchmark.py:116: error: Function is missing a type annotation  [no-untyped-def]
scripts/evaluate_benchmark.py:133: error: Function is missing a type annotation  [no-untyped-def]
scripts/evaluate_benchmark.py:169: error: Function is missing a type annotation  [no-untyped-def]
scripts/evaluate_benchmark.py:216: error: Function is missing a type annotation  [no-untyped-def]
scripts/evaluate_benchmark.py:281: error: Function is missing a type annotation  [no-untyped-def]
scripts/evaluate_benchmark.py:303: error: Function is missing a type annotation  [no-untyped-def]
scripts/evaluate_benchmark.py:338: error: Incompatible types in assignment (expression has type "str", variable has type "TextIOWrapper[_WrappedBuffer]")  [assignment]
scripts/evaluate_benchmark.py:339: error: "TextIOWrapper[_WrappedBuffer]" has no attribute "endswith"  [attr-defined]
scripts/evaluate_benchmark.py:340: error: No overload variant of "join" matches argument types "str", "TextIOWrapper[_WrappedBuffer]"  [call-overload]
scripts/evaluate_benchmark.py:340: note: Possible overload variants:
scripts/evaluate_benchmark.py:340: note:     def join(str, /, *paths: str) -> str
scripts/evaluate_benchmark.py:340: note:     def join(str | PathLike[str], /, *paths: str | PathLike[str]) -> str
scripts/evaluate_benchmark.py:340: note:     def join(bytes | PathLike[bytes], /, *paths: bytes | PathLike[bytes]) -> bytes
scripts/evaluate_benchmark.py:375: error: Call to untyped function "extract_ligand_atoms" in typed context  [no-untyped-call]
scripts/evaluate_benchmark.py:383: error: Call to untyped function "extract_ligand_atoms" in typed context  [no-untyped-call]
scripts/evaluate_benchmark.py:400: error: Call to untyped function "compute_dcc" in typed context  [no-untyped-call]
scripts/evaluate_benchmark.py:403: error: Call to untyped function "get_lining_residue_coords" in typed context  [no-untyped-call]
scripts/evaluate_benchmark.py:422: error: Call to untyped function "compute_dca" in typed context  [no-untyped-call]
scripts/evaluate_benchmark.py:428: error: Call to untyped function "compute_dvo" in typed context  [no-untyped-call]
scripts/evaluate_benchmark.py:450: error: Call to untyped function "classify_failure" in typed context  [no-untyped-call]
scripts/evaluate_benchmark.py:518: error: Incompatible types in assignment (expression has type "float", variable has type "int")  [assignment]
scripts/evaluate_benchmark.py:580: error: Argument 2 to "next" has incompatible type "None"; expected "dict[str, Any]"  [arg-type]
scripts/evaluate_benchmark.py:645: error: Call to untyped function "compute_pocket_score" in typed context  [no-untyped-call]
scripts/evaluate_benchmark.py:655: error: Need type annotation for "nms_centroids" (hint: "nms_centroids: list[<type>] = ...")  [var-annotated]
scripts/evaluate_benchmark.py:743: error: Function is missing a return type annotation  [no-untyped-def]
scripts/evaluate_benchmark.py:743: note: Use "-> None" if function does not return a value
scripts/evaluate_benchmark.py:755: error: Call to untyped function "evaluate" in typed context  [no-untyped-call]
scripts/evaluate_benchmark.py:760: error: Call to untyped function "main" in typed context  [no-untyped-call]
scripts/dossier_unified.py:16: error: Library stubs not installed for "pandas"  [import-untyped]
scripts/dossier_unified.py:20: error: Library stubs not installed for "scipy.spatial"  [import-untyped]
scripts/dossier_unified.py:21: error: Library stubs not installed for "scipy.spatial.distance"  [import-untyped]
scripts/dossier_unified.py:22: error: Library stubs not installed for "scipy"  [import-untyped]
scripts/dossier_unified.py:28: error: Cannot find implementation or library stub for module named "tier1_anchor_hellinger"  [import-not-found]
scripts/dossier_unified.py:34: error: Cannot find implementation or library stub for module named "tier2_wasserstein_alignment"  [import-not-found]
scripts/dossier_unified.py:35: error: Cannot find implementation or library stub for module named "tier3_persistent_homology"  [import-not-found]
scripts/dossier_unified.py:36: error: Cannot find implementation or library stub for module named "tier3_geodesic_centroids"  [import-not-found]
scripts/dossier_unified.py:48: error: Function is missing a return type annotation  [no-untyped-def]
scripts/dossier_unified.py:92: error: Function is missing a type annotation  [no-untyped-def]
scripts/dossier_unified.py:118: error: Incompatible types in assignment (expression has type "str", variable has type "Path")  [assignment]
scripts/dossier_unified.py:124: error: Function is missing a type annotation  [no-untyped-def]
scripts/dossier_unified.py:130: error: Call to untyped function "discover_arrow_file" in typed context  [no-untyped-call]
scripts/dossier_unified.py:137: error: Call to untyped function "discover_md_pdb" in typed context  [no-untyped-call]
scripts/dossier_unified.py:138: error: Call to untyped function "discover_out_dir" in typed context  [no-untyped-call]
scripts/dossier_unified.py:158: error: Cannot find implementation or library stub for module named "target_config"  [import-not-found]
scripts/dossier_unified.py:217: error: Function is missing a type annotation  [no-untyped-def]
scripts/dossier_unified.py:223: error: Need type annotation for "ca" (hint: "ca: dict[<type>, <type>] = ...")  [var-annotated]
scripts/dossier_unified.py:224: error: Need type annotation for "het_coords"  [var-annotated]
scripts/dossier_unified.py:259: error: Function is missing a type annotation  [no-untyped-def]
scripts/dossier_unified.py:279: error: Function is missing a type annotation  [no-untyped-def]
scripts/dossier_unified.py:289: error: Call to untyped function "_populated" in typed context  [no-untyped-call]
scripts/dossier_unified.py:294: error: Call to untyped function "_populated" in typed context  [no-untyped-call]
scripts/dossier_unified.py:300: error: Call to untyped function "_populated" in typed context  [no-untyped-call]
scripts/dossier_unified.py:310: error: Function is missing a type annotation  [no-untyped-def]
scripts/dossier_unified.py:322: error: Call to untyped function "discover_topology_json" in typed context  [no-untyped-call]
scripts/dossier_unified.py:358: error: Call to untyped function "_g4_check" in typed context  [no-untyped-call]
scripts/dossier_unified.py:402: error: Function is missing a type annotation  [no-untyped-def]
scripts/dossier_unified.py:403: error: Function is missing a type annotation  [no-untyped-def]
scripts/dossier_unified.py:432: error: Function is missing a type annotation  [no-untyped-def]
scripts/dossier_unified.py:450: error: Call to untyped function "cluster" in typed context  [no-untyped-call]
scripts/dossier_unified.py:460: error: Call to untyped function "parse_pdb_ca_and_het" in typed context  [no-untyped-call]
scripts/dossier_unified.py:480: error: Call to untyped function "parse_pdb_ca_and_het" in typed context  [no-untyped-call]
scripts/dossier_unified.py:525: error: Function is missing a type annotation  [no-untyped-def]
scripts/dossier_unified.py:528: error: Function is missing a type annotation  [no-untyped-def]
scripts/dossier_unified.py:536: error: Function is missing a type annotation  [no-untyped-def]
scripts/dossier_unified.py:538: error: Call to untyped function "pocket_spikes" in typed context  [no-untyped-call]
scripts/dossier_unified.py:574: error: Function is missing a type annotation  [no-untyped-def]
scripts/dossier_unified.py:577: error: Call to untyped function "pocket_spikes" in typed context  [no-untyped-call]
scripts/dossier_unified.py:602: error: Function is missing a type annotation  [no-untyped-def]
scripts/dossier_unified.py:603: error: Call to untyped function "pocket_spikes" in typed context  [no-untyped-call]
scripts/dossier_unified.py:629: error: Function is missing a type annotation  [no-untyped-def]
scripts/dossier_unified.py:639: error: Function is missing a type annotation  [no-untyped-def]
scripts/dossier_unified.py:642: error: Call to untyped function "pocket_spikes" in typed context  [no-untyped-call]
scripts/dossier_unified.py:653: error: "ndarray[tuple[Any, ...], dtype[signedinteger[_64Bit]]]" has no attribute "ptp"  [attr-defined]
scripts/dossier_unified.py:664: error: Function is missing a type annotation  [no-untyped-def]
scripts/dossier_unified.py:665: error: Call to untyped function "pocket_spikes" in typed context  [no-untyped-call]
scripts/dossier_unified.py:673: error: Need type annotation for "cross"  [var-annotated]
scripts/dossier_unified.py:685: error: Function is missing a type annotation  [no-untyped-def]
scripts/dossier_unified.py:686: error: Call to untyped function "pocket_spikes" in typed context  [no-untyped-call]
scripts/dossier_unified.py:712: error: Function is missing a type annotation  [no-untyped-def]
scripts/dossier_unified.py:715: error: Call to untyped function "pocket_spikes" in typed context  [no-untyped-call]
scripts/dossier_unified.py:734: error: Function is missing a type annotation  [no-untyped-def]
scripts/dossier_unified.py:735: error: Call to untyped function "pocket_spikes" in typed context  [no-untyped-call]
scripts/dossier_unified.py:748: error: Function is missing a type annotation  [no-untyped-def]
scripts/dossier_unified.py:762: error: Function is missing a type annotation  [no-untyped-def]
scripts/dossier_unified.py:763: error: Call to untyped function "pocket_spikes" in typed context  [no-untyped-call]
scripts/dossier_unified.py:783: error: Function is missing a return type annotation  [no-untyped-def]
scripts/dossier_unified.py:787: error: Skipping analyzing "sklearn.decomposition": module is installed, but missing library stubs or py.typed marker  [import-untyped]
scripts/dossier_unified.py:815: error: Function is missing a type annotation  [no-untyped-def]
scripts/dossier_unified.py:850: error: Argument "key" to "min" has incompatible type overloaded function; expected "Callable[[str], SupportsDunderLT[Any] | SupportsDunderGT[Any]]"  [arg-type]
scripts/dossier_unified.py:874: error: Function is missing a type annotation  [no-untyped-def]
scripts/dossier_unified.py:877: error: Call to untyped function "pocket_spikes" in typed context  [no-untyped-call]
scripts/dossier_unified.py:902: error: Function is missing a type annotation  [no-untyped-def]
scripts/dossier_unified.py:996: error: Call to untyped function "build_voxel_matrix" in typed context  [no-untyped-call]
scripts/dossier_unified.py:1000: error: Call to untyped function "core_diag" in typed context  [no-untyped-call]
scripts/dossier_unified.py:1001: error: Call to untyped function "regional_yields" in typed context  [no-untyped-call]
scripts/dossier_unified.py:1073: error: Call to untyped function "E1_ccns" in typed context  [no-untyped-call]
scripts/dossier_unified.py:1074: error: Call to untyped function "E2_wavelength" in typed context  [no-untyped-call]
scripts/dossier_unified.py:1075: error: Call to untyped function "E3_phase_bits" in typed context  [no-untyped-call]
scripts/dossier_unified.py:1076: error: Call to untyped function "E4_first_passage" in typed context  [no-untyped-call]
scripts/dossier_unified.py:1077: error: Call to untyped function "E5_aromatic" in typed context  [no-untyped-call]
scripts/dossier_unified.py:1078: error: Call to untyped function "E6_coop" in typed context  [no-untyped-call]
scripts/dossier_unified.py:1079: error: Call to untyped function "E7_source" in typed context  [no-untyped-call]
scripts/dossier_unified.py:1080: error: Call to untyped function "E8_voxel" in typed context  [no-untyped-call]
scripts/dossier_unified.py:1081: error: Call to untyped function "E9_wd_dir" in typed context  [no-untyped-call]
scripts/dossier_unified.py:1082: error: Call to untyped function "E11_multi_dcc" in typed context  [no-untyped-call]
scripts/dossier_unified.py:1083: error: Call to untyped function "E12_phase_energy" in typed context  [no-untyped-call]
scripts/dossier_unified.py:1084: error: Call to untyped function "E13_md_anchor" in typed context  [no-untyped-call]
scripts/dossier_unified.py:1277: error: Call to untyped function "E10_tensor" in typed context  [no-untyped-call]
scripts/dossier_unified.py:1321: error: Incompatible types in assignment (expression has type "dict[str, Any]", variable has type "float")  [assignment]
scripts/dossier_unified.py:1323: error: Value of type "float" is not indexable  [index]
scripts/dossier_unified.py:1324: error: Value of type "float" is not indexable  [index]
scripts/dossier_unified.py:1325: error: Value of type "float" is not indexable  [index]
scripts/dossier_unified.py:1326: error: Value of type "float" is not indexable  [index]
scripts/dossier_unified.py:1327: error: "float" has no attribute "get"  [attr-defined]
scripts/dossier_unified.py:1328: error: "float" has no attribute "get"  [attr-defined]
scripts/dossier_unified.py:1329: error: "float" has no attribute "get"  [attr-defined]
scripts/dossier_unified.py:1330: error: "float" has no attribute "get"  [attr-defined]
scripts/dossier_unified.py:1331: error: "float" has no attribute "get"  [attr-defined]
scripts/dossier_unified.py:1332: error: "float" has no attribute "get"  [attr-defined]
scripts/dossier_unified.py:1333: error: "float" has no attribute "get"  [attr-defined]
scripts/dossier_unified.py:1334: error: Value of type "float" is not indexable  [index]
scripts/dossier_unified.py:1335: error: Value of type "float" is not indexable  [index]
scripts/dossier_unified.py:1336: error: Value of type "float" is not indexable  [index]
scripts/dossier_unified.py:1337: error: Value of type "float" is not indexable  [index]
scripts/dossier_unified.py:1338: error: Value of type "float" is not indexable  [index]
scripts/dossier_unified.py:1339: error: Value of type "float" is not indexable  [index]
scripts/dossier_unified.py:1341: error: Value of type "float" is not indexable  [index]
scripts/dossier_unified.py:1342: error: Value of type "float" is not indexable  [index]
scripts/dossier_unified.py:1353: error: Value of type "float" is not indexable  [index]
scripts/dossier_unified.py:1359: error: Value of type "float" is not indexable  [index]
scripts/dossier_unified.py:1383: error: Function is missing a type annotation  [no-untyped-def]
scripts/dossier_unified.py:1389: error: Call to untyped function "to_json" in typed context  [no-untyped-call]
scripts/dossier_unified.py:1390: error: Call to untyped function "to_json" in typed context  [no-untyped-call]
scripts/dossier_unified.py:1395: error: Call to untyped function "to_json" in typed context  [no-untyped-call]
scripts/dossier_unified.py:1409: error: Incompatible types in assignment (expression has type "dict[str, Any]", variable has type "float")  [assignment]
scripts/dossier_unified.py:1410: error: Value of type "float" is not indexable  [index]
scripts/dossier_unified.py:1413: error: Value of type "float" is not indexable  [index]
scripts/dossier_unified.py:1414: error: Value of type "float" is not indexable  [index]
scripts/dossier_unified.py:1415: error: Value of type "float" is not indexable  [index]
scripts/dossier_full.py:15: error: Library stubs not installed for "pandas"  [import-untyped]
scripts/dossier_full.py:19: error: Library stubs not installed for "scipy.spatial"  [import-untyped]
scripts/dossier_full.py:20: error: Library stubs not installed for "scipy"  [import-untyped]
scripts/dossier_full.py:159: error: Function is missing a type annotation  [no-untyped-def]
scripts/dossier_full.py:160: error: Function is missing a type annotation  [no-untyped-def]
scripts/dossier_full.py:195: error: Function is missing a type annotation  [no-untyped-def]
scripts/dossier_full.py:213: error: Call to untyped function "cluster_at_radius" in typed context  [no-untyped-call]
scripts/dossier_full.py:223: error: Function is missing a type annotation  [no-untyped-def]
scripts/dossier_full.py:226: error: Function is missing a type annotation  [no-untyped-def]
scripts/dossier_full.py:234: error: Function is missing a type annotation  [no-untyped-def]
scripts/dossier_full.py:236: error: Call to untyped function "pocket_spike_slice" in typed context  [no-untyped-call]
scripts/dossier_full.py:268: error: Function is missing a type annotation  [no-untyped-def]
scripts/dossier_full.py:273: error: Call to untyped function "pocket_spike_slice" in typed context  [no-untyped-call]
scripts/dossier_full.py:294: error: Call to untyped function "ccns_balance_calc" in typed context  [no-untyped-call]
scripts/dossier_full.py:296: error: Function is missing a type annotation  [no-untyped-def]
scripts/dossier_full.py:305: error: Function is missing a type annotation  [no-untyped-def]
scripts/dossier_full.py:306: error: Call to untyped function "pocket_spike_slice" in typed context  [no-untyped-call]
scripts/dossier_full.py:343: error: Function is missing a type annotation  [no-untyped-def]
scripts/dossier_full.py:353: error: Call to untyped function "pocket_spike_slice" in typed context  [no-untyped-call]
scripts/dossier_full.py:377: error: Function is missing a type annotation  [no-untyped-def]
scripts/dossier_full.py:380: error: Call to untyped function "pocket_spike_slice" in typed context  [no-untyped-call]
scripts/dossier_full.py:395: error: "ndarray[tuple[Any, ...], dtype[signedinteger[_64Bit]]]" has no attribute "ptp"  [attr-defined]
scripts/dossier_full.py:408: error: Function is missing a type annotation  [no-untyped-def]
scripts/dossier_full.py:409: error: Call to untyped function "pocket_spike_slice" in typed context  [no-untyped-call]
scripts/dossier_full.py:419: error: Need type annotation for "cross_pocket_coupling"  [var-annotated]
scripts/dossier_full.py:434: error: Function is missing a type annotation  [no-untyped-def]
scripts/dossier_full.py:435: error: Call to untyped function "pocket_spike_slice" in typed context  [no-untyped-call]
scripts/dossier_full.py:463: error: Function is missing a type annotation  [no-untyped-def]
scripts/dossier_full.py:466: error: Call to untyped function "pocket_spike_slice" in typed context  [no-untyped-call]
scripts/dossier_full.py:489: error: Function is missing a type annotation  [no-untyped-def]
scripts/dossier_full.py:492: error: Call to untyped function "pocket_spike_slice" in typed context  [no-untyped-call]
scripts/dossier_full.py:505: error: Function is missing a type annotation  [no-untyped-def]
scripts/dossier_full.py:520: error: Function is missing a type annotation  [no-untyped-def]
scripts/dossier_full.py:521: error: Call to untyped function "pocket_spike_slice" in typed context  [no-untyped-call]
scripts/dossier_full.py:551: error: Function is missing a return type annotation  [no-untyped-def]
scripts/dossier_full.py:561: error: Skipping analyzing "sklearn.decomposition": module is installed, but missing library stubs or py.typed marker  [import-untyped]
scripts/dossier_full.py:598: error: Call to untyped function "build_voxel_adjacency_matrix" in typed context  [no-untyped-call]
scripts/dossier_full.py:602: error: Call to untyped function "core_diagnostics" in typed context  [no-untyped-call]
scripts/dossier_full.py:603: error: Call to untyped function "regional_yields" in typed context  [no-untyped-call]
scripts/dossier_full.py:606: error: Call to untyped function "pocket_spike_slice" in typed context  [no-untyped-call]
scripts/dossier_full.py:628: error: Call to untyped function "enhance_1_ccns_lifecycle" in typed context  [no-untyped-call]
scripts/dossier_full.py:629: error: Call to untyped function "enhance_2_wavelength_fingerprint" in typed context  [no-untyped-call]
scripts/dossier_full.py:630: error: Call to untyped function "enhance_3_phase_bits_mi" in typed context  [no-untyped-call]
scripts/dossier_full.py:631: error: Call to untyped function "enhance_4_first_passage" in typed context  [no-untyped-call]
scripts/dossier_full.py:632: error: Call to untyped function "enhance_5_aromatic_graph" in typed context  [no-untyped-call]
scripts/dossier_full.py:633: error: Call to untyped function "enhance_6_cooperative_excitation" in typed context  [no-untyped-call]
scripts/dossier_full.py:634: error: Call to untyped function "enhance_7_source_consensus" in typed context  [no-untyped-call]
scripts/dossier_full.py:635: error: Call to untyped function "enhance_8_voxel_for_pocket" in typed context  [no-untyped-call]
scripts/dossier_full.py:636: error: Call to untyped function "enhance_9_wd_directional" in typed context  [no-untyped-call]
scripts/dossier_full.py:708: error: Call to untyped function "enhance_10_tensor_nntf" in typed context  [no-untyped-call]
scripts/dossier_full.py:740: error: Incompatible types in assignment (expression has type "dict[str, Any]", variable has type "float")  [assignment]
scripts/dossier_full.py:742: error: Value of type "float" is not indexable  [index]
scripts/dossier_full.py:743: error: Value of type "float" is not indexable  [index]
scripts/dossier_full.py:744: error: Value of type "float" is not indexable  [index]
scripts/dossier_full.py:745: error: Value of type "float" is not indexable  [index]
scripts/dossier_full.py:746: error: Value of type "float" is not indexable  [index]
scripts/dossier_full.py:747: error: Value of type "float" is not indexable  [index]
scripts/dossier_full.py:748: error: Value of type "float" is not indexable  [index]
scripts/dossier_full.py:749: error: Value of type "float" is not indexable  [index]
scripts/dossier_full.py:750: error: Value of type "float" is not indexable  [index]
scripts/dossier_full.py:751: error: Value of type "float" is not indexable  [index]
scripts/dossier_full.py:752: error: Value of type "float" is not indexable  [index]
scripts/dossier_full.py:753: error: Value of type "float" is not indexable  [index]
scripts/dossier_full.py:754: error: Value of type "float" is not indexable  [index]
scripts/dossier_full.py:755: error: Value of type "float" is not indexable  [index]
scripts/dossier_full.py:757: error: Value of type "float" is not indexable  [index]
scripts/dossier_full.py:759: error: Value of type "float" is not indexable  [index]
scripts/dossier_full.py:778: error: Function is missing a type annotation  [no-untyped-def]
scripts/dossier_full.py:785: error: Call to untyped function "to_json_safe" in typed context  [no-untyped-call]
scripts/dossier_full.py:786: error: Call to untyped function "to_json_safe" in typed context  [no-untyped-call]
scripts/dossier_full.py:791: error: Call to untyped function "to_json_safe" in typed context  [no-untyped-call]
scripts/docking_prep.py:21: error: Function is missing a type annotation  [no-untyped-def]
scripts/docking_prep.py:25: error: Function is missing a type annotation  [no-untyped-def]
scripts/docking_prep.py:54: error: Function is missing a type annotation  [no-untyped-def]
scripts/docking_prep.py:106: error: Function is missing a type annotation  [no-untyped-def]
scripts/docking_prep.py:163: error: Function is missing a type annotation  [no-untyped-def]
scripts/docking_prep.py:169: error: Need type annotation for "frame_scores" (hint: "frame_scores: dict[<type>, <type>] = ...")  [var-annotated]
scripts/docking_prep.py:180: error: Argument "key" to "max" has incompatible type overloaded function; expected "Callable[[Any], SupportsDunderLT[Any] | SupportsDunderGT[Any]]"  [arg-type]
scripts/docking_prep.py:183: error: Function is missing a type annotation  [no-untyped-def]
scripts/docking_prep.py:193: error: Need type annotation for "current" (hint: "current: list[<type>] = ...")  [var-annotated]
scripts/docking_prep.py:217: error: Function is missing a type annotation  [no-untyped-def]
scripts/docking_prep.py:234: error: Function is missing a type annotation  [no-untyped-def]
scripts/docking_prep.py:306: error: Need type annotation for "res_chars"  [var-annotated]
scripts/docking_prep.py:329: error: Function is missing a return type annotation  [no-untyped-def]
scripts/docking_prep.py:329: note: Use "-> None" if function does not return a value
scripts/docking_prep.py:343: error: Call to untyped function "load_json" in typed context  [no-untyped-call]
scripts/docking_prep.py:361: error: Call to untyped function "load_json" in typed context  [no-untyped-call]
scripts/docking_prep.py:364: error: Call to untyped function "pharmacophore_profile" in typed context  [no-untyped-call]
scripts/docking_prep.py:368: error: Call to untyped function "compute_docking_box" in typed context  [no-untyped-call]
scripts/docking_prep.py:372: error: Call to untyped function "fragment_recommendations" in typed context  [no-untyped-call]
scripts/docking_prep.py:378: error: Call to untyped function "find_open_frame" in typed context  [no-untyped-call]
scripts/docking_prep.py:380: error: Call to untyped function "extract_frame" in typed context  [no-untyped-call]
scripts/docking_prep.py:387: error: Call to untyped function "write_vina_config" in typed context  [no-untyped-call]
scripts/docking_prep.py:392: error: Call to untyped function "write_docking_report" in typed context  [no-untyped-call]
scripts/docking_prep.py:399: error: Call to untyped function "main" in typed context  [no-untyped-call]
scripts/coherence_sweep.py:88: error: Missing type arguments for generic type "dict"  [type-arg]
scripts/coherence_sweep.py:90: error: Returning Any from function declared to return "dict[Any, Any]"  [no-any-return]
scripts/coherence_sweep.py:144: error: Function is missing a return type annotation  [no-untyped-def]
scripts/coherence_sweep.py:150: error: Missing type arguments for generic type "dict"  [type-arg]
scripts/coherence_sweep.py:173: error: Missing type arguments for generic type "dict"  [type-arg]
scripts/coherence_sweep.py:195: error: Missing type arguments for generic type "dict"  [type-arg]
scripts/coherence_sweep.py:277: error: Need type annotation for "adj"  [var-annotated]
scripts/coherence_sweep.py:316: error: Returning Any from function declared to return "ndarray[tuple[Any, ...], dtype[Any]]"  [no-any-return]
scripts/coherence_sweep.py:317: error: Returning Any from function declared to return "ndarray[tuple[Any, ...], dtype[Any]]"  [no-any-return]
scripts/coherence_sweep.py:412: error: Missing type arguments for generic type "dict"  [type-arg]
scripts/coherence_sweep.py:587: error: Function is missing a return type annotation  [no-untyped-def]
scripts/coherence_sweep.py:587: error: Missing type arguments for generic type "dict"  [type-arg]
scripts/coherence_sweep.py:603: error: Incompatible types in assignment (expression has type "object", variable has type "SweepConfig")  [assignment]
scripts/coherence_sweep.py:609: error: Value of type "SweepConfig" is not indexable  [index]
scripts/coherence_sweep.py:610: error: Value of type "SweepConfig" is not indexable  [index]
scripts/coherence_sweep.py:611: error: Value of type "SweepConfig" is not indexable  [index]
scripts/coherence_sweep.py:612: error: Value of type "SweepConfig" is not indexable  [index]
scripts/coherence_recluster.py:101: error: Missing type arguments for generic type "dict"  [type-arg]
scripts/coherence_recluster.py:103: error: Returning Any from function declared to return "dict[Any, Any]"  [no-any-return]
scripts/coherence_recluster.py:145: error: Function is missing a return type annotation  [no-untyped-def]
scripts/coherence_recluster.py:167: error: Missing type arguments for generic type "dict"  [type-arg]
scripts/coherence_recluster.py:190: error: Missing type arguments for generic type "dict"  [type-arg]
scripts/coherence_recluster.py:212: error: Missing type arguments for generic type "dict"  [type-arg]
scripts/coherence_recluster.py:298: error: Need type annotation for "adj"  [var-annotated]
scripts/coherence_recluster.py:416: error: Returning Any from function declared to return "ndarray[tuple[Any, ...], dtype[Any]]"  [no-any-return]
scripts/coherence_recluster.py:417: error: Returning Any from function declared to return "ndarray[tuple[Any, ...], dtype[Any]]"  [no-any-return]
scripts/coherence_recluster.py:576: error: Missing type arguments for generic type "dict"  [type-arg]
scripts/coherence_recluster.py:593: error: Missing type arguments for generic type "dict"  [type-arg]
scripts/coherence_recluster.py:618: error: Missing type arguments for generic type "dict"  [type-arg]
scripts/coherence_recluster.py:635: error: Missing type arguments for generic type "dict"  [type-arg]
scripts/coherence_recluster.py:637: error: Missing type arguments for generic type "dict"  [type-arg]
scripts/coherence_prt70_panel_sweep.py:90: error: Missing type arguments for generic type "dict"  [type-arg]
scripts/coherence_prt70_panel_sweep.py:92: error: Returning Any from function declared to return "dict[Any, Any]"  [no-any-return]
scripts/coherence_prt70_panel_sweep.py:146: error: Function is missing a return type annotation  [no-untyped-def]
scripts/coherence_prt70_panel_sweep.py:152: error: Missing type arguments for generic type "dict"  [type-arg]
scripts/coherence_prt70_panel_sweep.py:175: error: Missing type arguments for generic type "dict"  [type-arg]
scripts/coherence_prt70_panel_sweep.py:197: error: Missing type arguments for generic type "dict"  [type-arg]
scripts/coherence_prt70_panel_sweep.py:279: error: Need type annotation for "adj"  [var-annotated]
scripts/coherence_prt70_panel_sweep.py:318: error: Returning Any from function declared to return "ndarray[tuple[Any, ...], dtype[Any]]"  [no-any-return]
scripts/coherence_prt70_panel_sweep.py:319: error: Returning Any from function declared to return "ndarray[tuple[Any, ...], dtype[Any]]"  [no-any-return]
scripts/coherence_prt70_panel_sweep.py:414: error: Missing type arguments for generic type "dict"  [type-arg]
scripts/coherence_prt70_panel_sweep.py:530: error: Missing type arguments for generic type "dict"  [type-arg]
scripts/coherence_prt70_panel_sweep.py:530: error: Missing type arguments for generic type "Tuple"  [type-arg]
scripts/coherence_prt70_panel_sweep.py:546: error: Function is missing a return type annotation  [no-untyped-def]
scripts/coherence_prt70_panel_sweep.py:546: error: Missing type arguments for generic type "dict"  [type-arg]
scripts/coherence_prt70_panel_sweep.py:557: error: Function is missing a return type annotation  [no-untyped-def]
scripts/coherence_prt70_panel_sweep.py:557: error: Missing type arguments for generic type "dict"  [type-arg]
scripts/coherence_prt70_panel_sweep.py:574: error: Missing type arguments for generic type "dict"  [type-arg]
scripts/coherence_prt70_panel_sweep.py:634: error: Need type annotation for "config_win_counter"  [var-annotated]
scripts/coherence_prt70_panel_sweep.py:647: error: Argument 1 to "cfg_key" has incompatible type "object"; expected "dict[Any, Any]"  [arg-type]
scripts/coherence_prt70_panel_sweep.py:659: error: Unpacked dict entry 9 has incompatible type "object"; expected "SupportsKeysAndGetItem[str, object]"  [dict-item]
scripts/cluster_voxel_void_mapper.py:80: error: Missing type arguments for generic type "dict"  [type-arg]
scripts/cluster_voxel_void_mapper.py:82: error: Returning Any from function declared to return "dict[Any, Any]"  [no-any-return]
scripts/cluster_voxel_void_mapper.py:182: error: Function is missing a return type annotation  [no-untyped-def]
scripts/cluster_voxel_void_mapper.py:188: error: Missing type arguments for generic type "dict"  [type-arg]
scripts/cluster_voxel_void_mapper.py:211: error: Missing type arguments for generic type "dict"  [type-arg]
scripts/cluster_voxel_void_mapper.py:233: error: Missing type arguments for generic type "dict"  [type-arg]
scripts/cluster_voxel_void_mapper.py:315: error: Need type annotation for "adj"  [var-annotated]
scripts/cluster_voxel_void_mapper.py:346: error: Returning Any from function declared to return "ndarray[tuple[Any, ...], dtype[Any]]"  [no-any-return]
scripts/cluster_voxel_void_mapper.py:347: error: Returning Any from function declared to return "ndarray[tuple[Any, ...], dtype[Any]]"  [no-any-return]
scripts/cluster_voxel_void_mapper.py:521: error: Missing type arguments for generic type "dict"  [type-arg]
scripts/cluster_voxel_void_mapper.py:560: error: Missing type arguments for generic type "dict"  [type-arg]
scripts/cluster_voxel_void_mapper.py:601: error: Missing type arguments for generic type "dict"  [type-arg]
scripts/cluster_voxel_void_mapper.py:603: error: Argument 1 to "load_json" has incompatible type "Path | None"; expected "Path"  [arg-type]
scripts/cluster_voxel_void_mapper.py:604: error: Argument 1 to "load_json" has incompatible type "Path | None"; expected "Path"  [arg-type]
scripts/cluster_voxel_void_mapper.py:677: error: Missing type arguments for generic type "dict"  [type-arg]
scripts/cluster_voxel_void_mapper.py:678: error: Missing type arguments for generic type "dict"  [type-arg]
scripts/cluster_voxel_void_mapper.py:698: error: Missing type arguments for generic type "dict"  [type-arg]
scripts/cluster_voxel_void_mapper.py:707: error: Missing type arguments for generic type "dict"  [type-arg]
scripts/cluster_voxel_void_mapper.py:713: error: Missing type arguments for generic type "dict"  [type-arg]
scripts/cluster_void_center_mapper.py:81: error: Missing type arguments for generic type "dict"  [type-arg]
scripts/cluster_void_center_mapper.py:83: error: Returning Any from function declared to return "dict[Any, Any]"  [no-any-return]
scripts/cluster_void_center_mapper.py:183: error: Function is missing a return type annotation  [no-untyped-def]
scripts/cluster_void_center_mapper.py:189: error: Missing type arguments for generic type "dict"  [type-arg]
scripts/cluster_void_center_mapper.py:212: error: Missing type arguments for generic type "dict"  [type-arg]
scripts/cluster_void_center_mapper.py:234: error: Missing type arguments for generic type "dict"  [type-arg]
scripts/cluster_void_center_mapper.py:316: error: Need type annotation for "adj"  [var-annotated]
scripts/cluster_void_center_mapper.py:347: error: Returning Any from function declared to return "ndarray[tuple[Any, ...], dtype[Any]]"  [no-any-return]
scripts/cluster_void_center_mapper.py:348: error: Returning Any from function declared to return "ndarray[tuple[Any, ...], dtype[Any]]"  [no-any-return]
scripts/cluster_void_center_mapper.py:482: error: Incompatible types in assignment (expression has type "ndarray[tuple[Any, ...], dtype[Any]]", variable has type "float")  [assignment]
scripts/cluster_void_center_mapper.py:483: error: Argument 1 to "euclidean" has incompatible type "float"; expected "ndarray[tuple[Any, ...], dtype[Any]]"  [arg-type]
scripts/cluster_void_center_mapper.py:487: error: Argument 1 to "euclidean" has incompatible type "float"; expected "ndarray[tuple[Any, ...], dtype[Any]]"  [arg-type]
scripts/cluster_void_center_mapper.py:492: error: Argument 1 to "append" of "list" has incompatible type "float"; expected "ndarray[tuple[Any, ...], dtype[Any]]"  [arg-type]
scripts/cluster_void_center_mapper.py:505: error: Missing type arguments for generic type "dict"  [type-arg]
scripts/cluster_void_center_mapper.py:597: error: Missing type arguments for generic type "dict"  [type-arg]
scripts/cluster_void_center_mapper.py:613: error: Incompatible return value type (got "tuple[ndarray[tuple[Any, ...], dtype[Any]] | None, float, dict[Any, Any] | None, int]", expected "tuple[ndarray[tuple[Any, ...], dtype[Any]], float, dict[Any, Any], int]")  [return-value]
scripts/cluster_void_center_mapper.py:616: error: Missing type arguments for generic type "dict"  [type-arg]
scripts/cluster_void_center_mapper.py:618: error: Argument 1 to "load_json" has incompatible type "Path | None"; expected "Path"  [arg-type]
scripts/cluster_void_center_mapper.py:619: error: Argument 1 to "load_json" has incompatible type "Path | None"; expected "Path"  [arg-type]
scripts/cluster_void_center_mapper.py:696: error: Missing type arguments for generic type "dict"  [type-arg]
scripts/cluster_void_center_mapper.py:697: error: Missing type arguments for generic type "dict"  [type-arg]
scripts/cluster_void_center_mapper.py:717: error: Missing type arguments for generic type "dict"  [type-arg]
scripts/cluster_void_center_mapper.py:726: error: Missing type arguments for generic type "dict"  [type-arg]
scripts/cluster_void_center_mapper.py:732: error: Missing type arguments for generic type "dict"  [type-arg]
scripts/cluster_to_pocket_mapper.py:79: error: Missing type arguments for generic type "dict"  [type-arg]
scripts/cluster_to_pocket_mapper.py:81: error: Returning Any from function declared to return "dict[Any, Any]"  [no-any-return]
scripts/cluster_to_pocket_mapper.py:177: error: Function is missing a return type annotation  [no-untyped-def]
scripts/cluster_to_pocket_mapper.py:183: error: Missing type arguments for generic type "dict"  [type-arg]
scripts/cluster_to_pocket_mapper.py:206: error: Missing type arguments for generic type "dict"  [type-arg]
scripts/cluster_to_pocket_mapper.py:228: error: Missing type arguments for generic type "dict"  [type-arg]
scripts/cluster_to_pocket_mapper.py:310: error: Need type annotation for "adj"  [var-annotated]
scripts/cluster_to_pocket_mapper.py:341: error: Returning Any from function declared to return "ndarray[tuple[Any, ...], dtype[Any]]"  [no-any-return]
scripts/cluster_to_pocket_mapper.py:342: error: Returning Any from function declared to return "ndarray[tuple[Any, ...], dtype[Any]]"  [no-any-return]
scripts/cluster_to_pocket_mapper.py:431: error: Argument "key" to "sorted" has incompatible type "Callable[[dict[str, object]], object]"; expected "Callable[[dict[str, object]], SupportsDunderLT[Any] | SupportsDunderGT[Any]]"  [arg-type]
scripts/cluster_to_pocket_mapper.py:431: error: Incompatible return value type (got "object", expected "SupportsDunderLT[Any] | SupportsDunderGT[Any]")  [return-value]
scripts/cluster_to_pocket_mapper.py:433: error: Need type annotation for "added" (hint: "added: list[<type>] = ...")  [var-annotated]
scripts/cluster_to_pocket_mapper.py:436: error: Unsupported operand types for > ("float" and "object")  [operator]
scripts/cluster_to_pocket_mapper.py:440: error: Incompatible types in assignment (expression has type "object", variable has type "ResidueKCC")  [assignment]
scripts/cluster_to_pocket_mapper.py:442: error: No overload variant of "max" matches argument types "float", "object"  [call-overload]
scripts/cluster_to_pocket_mapper.py:442: note: Possible overload variants:
scripts/cluster_to_pocket_mapper.py:442: note:     def [SupportsRichComparisonT: SupportsDunderLT[Any] | SupportsDunderGT[Any]] max(SupportsRichComparisonT, SupportsRichComparisonT, /, *_args: SupportsRichComparisonT, key: None = ...) -> SupportsRichComparisonT
scripts/cluster_to_pocket_mapper.py:442: note:     def [_T] max(_T, _T, /, *_args: _T, key: Callable[[_T], SupportsDunderLT[Any] | SupportsDunderGT[Any]]) -> _T
scripts/cluster_to_pocket_mapper.py:442: note:     def [SupportsRichComparisonT: SupportsDunderLT[Any] | SupportsDunderGT[Any]] max(Iterable[SupportsRichComparisonT], /, *, key: None = ...) -> SupportsRichComparisonT
scripts/cluster_to_pocket_mapper.py:442: note:     def [_T] max(Iterable[_T], /, *, key: Callable[[_T], SupportsDunderLT[Any] | SupportsDunderGT[Any]]) -> _T
scripts/cluster_to_pocket_mapper.py:442: note:     def [SupportsRichComparisonT: SupportsDunderLT[Any] | SupportsDunderGT[Any], _T] max(Iterable[SupportsRichComparisonT], /, *, key: None = ..., default: _T) -> SupportsRichComparisonT | _T
scripts/cluster_to_pocket_mapper.py:442: note:     def [_T1, _T2] max(Iterable[_T1], /, *, key: Callable[[_T1], SupportsDunderLT[Any] | SupportsDunderGT[Any]], default: _T2) -> _T1 | _T2
scripts/cluster_to_pocket_mapper.py:498: error: Missing type arguments for generic type "dict"  [type-arg]
scripts/cluster_to_pocket_mapper.py:500: error: Argument 1 to "load_json" has incompatible type "Path | None"; expected "Path"  [arg-type]
scripts/cluster_to_pocket_mapper.py:501: error: Argument 1 to "load_json" has incompatible type "Path | None"; expected "Path"  [arg-type]
scripts/cluster_to_pocket_mapper.py:570: error: Missing type arguments for generic type "dict"  [type-arg]
scripts/cluster_to_pocket_mapper.py:571: error: Missing type arguments for generic type "dict"  [type-arg]
scripts/cluster_to_pocket_mapper.py:592: error: Missing type arguments for generic type "dict"  [type-arg]
scripts/cluster_to_pocket_mapper.py:601: error: Missing type arguments for generic type "dict"  [type-arg]
scripts/cluster_to_pocket_mapper.py:607: error: Need type annotation for "by_target" (hint: "by_target: dict[<type>, <type>] = ...")  [var-annotated]
scripts/cluster_objective_analysis.py:74: error: Missing type arguments for generic type "dict"  [type-arg]
scripts/cluster_objective_analysis.py:76: error: Returning Any from function declared to return "dict[Any, Any]"  [no-any-return]
scripts/cluster_objective_analysis.py:141: error: Function is missing a return type annotation  [no-untyped-def]
scripts/cluster_objective_analysis.py:185: error: Missing type arguments for generic type "dict"  [type-arg]
scripts/cluster_objective_analysis.py:186: error: Missing type arguments for generic type "dict"  [type-arg]
scripts/cluster_objective_analysis.py:209: error: Missing type arguments for generic type "dict"  [type-arg]
scripts/cluster_objective_analysis.py:232: error: Missing type arguments for generic type "dict"  [type-arg]
scripts/cluster_objective_analysis.py:254: error: Missing type arguments for generic type "dict"  [type-arg]
scripts/cluster_objective_analysis.py:344: error: Need type annotation for "adj"  [var-annotated]
scripts/cluster_objective_analysis.py:394: error: Returning Any from function declared to return "ndarray[tuple[Any, ...], dtype[Any]]"  [no-any-return]
scripts/cluster_objective_analysis.py:395: error: Returning Any from function declared to return "ndarray[tuple[Any, ...], dtype[Any]]"  [no-any-return]
scripts/cluster_objective_analysis.py:408: error: Missing type arguments for generic type "dict"  [type-arg]
scripts/cluster_objective_analysis.py:545: error: Missing type arguments for generic type "dict"  [type-arg]
scripts/cluster_objective_analysis.py:547: error: Argument 1 to "load_json" has incompatible type "Path | None"; expected "Path"  [arg-type]
scripts/cluster_objective_analysis.py:548: error: Argument 1 to "load_json" has incompatible type "Path | None"; expected "Path"  [arg-type]
scripts/cluster_objective_analysis.py:584: error: Missing type arguments for generic type "dict"  [type-arg]
scripts/cluster_objective_analysis.py:626: error: Argument 1 to "abs" has incompatible type "str | float"; expected "SupportsAbs[float]"  [arg-type]
scripts/cluster_objective_analysis.py:637: error: Need type annotation for "by_target" (hint: "by_target: dict[<type>, <type>] = ...")  [var-annotated]
scripts/cluster_objective_analysis.py:669: error: Missing type arguments for generic type "dict"  [type-arg]
scripts/blind_benchmark_viral.py:80: error: Missing type arguments for generic type "Dict"  [type-arg]
scripts/blind_benchmark_viral.py:100: error: Missing type arguments for generic type "Dict"  [type-arg]
scripts/blind_benchmark_viral.py:175: error: Missing type arguments for generic type "Dict"  [type-arg]
scripts/blind_benchmark_viral.py:178: error: Returning Any from function declared to return "dict[Any, Any]"  [no-any-return]
scripts/blind_benchmark_viral.py:180: error: Missing type arguments for generic type "Dict"  [type-arg]
scripts/blind_benchmark_viral.py:310: error: Function is missing a return type annotation  [no-untyped-def]
scripts/blind_benchmark_viral.py:310: note: Use "-> None" if function does not return a value
scripts/blind_benchmark_viral.py:461: error: Call to untyped function "main" in typed context  [no-untyped-call]
scripts/benchmark_comparison.py:126: error: Function is missing a return type annotation  [no-untyped-def]
scripts/benchmark_comparison.py:126: note: Use "-> None" if function does not return a value
scripts/benchmark_comparison.py:132: error: Function is missing a return type annotation  [no-untyped-def]
scripts/benchmark_comparison.py:132: note: Use "-> None" if function does not return a value
scripts/benchmark_comparison.py:159: error: Function is missing a type annotation  [no-untyped-def]
scripts/benchmark_comparison.py:179: error: Function is missing a type annotation  [no-untyped-def]
scripts/benchmark_comparison.py:191: error: Function is missing a type annotation  [no-untyped-def]
scripts/benchmark_comparison.py:203: error: Function is missing a type annotation  [no-untyped-def]
scripts/benchmark_comparison.py:215: error: Function is missing a type annotation  [no-untyped-def]
scripts/benchmark_comparison.py:226: error: Function is missing a type annotation  [no-untyped-def]
scripts/benchmark_comparison.py:228: error: Call to untyped function "get_ca_atoms" in typed context  [no-untyped-call]
scripts/benchmark_comparison.py:229: error: Call to untyped function "get_ca_atoms" in typed context  [no-untyped-call]
scripts/benchmark_comparison.py:231: error: Call to untyped function "extract_ligand" in typed context  [no-untyped-call]
scripts/benchmark_comparison.py:253: error: Incompatible types in assignment (expression has type "ndarray[tuple[Any, ...], dtype[Any]]", variable has type "list[Any]")  [assignment]
scripts/benchmark_comparison.py:254: error: Call to untyped function "kabsch_align" in typed context  [no-untyped-call]
scripts/benchmark_comparison.py:261: error: Function is missing a type annotation  [no-untyped-def]
scripts/benchmark_comparison.py:268: error: Function is missing a type annotation  [no-untyped-def]
scripts/benchmark_comparison.py:272: error: Need type annotation for "residue_atoms" (hint: "residue_atoms: dict[<type>, <type>] = ...")  [var-annotated]
scripts/benchmark_comparison.py:304: error: Function is missing a type annotation  [no-untyped-def]
scripts/benchmark_comparison.py:343: error: Function is missing a type annotation  [no-untyped-def]
scripts/benchmark_comparison.py:373: error: Function is missing a type annotation  [no-untyped-def]
scripts/benchmark_comparison.py:410: error: Function is missing a type annotation  [no-untyped-def]
scripts/benchmark_comparison.py:412: error: Call to untyped function "get_apo_pdb_path" in typed context  [no-untyped-call]
scripts/benchmark_comparison.py:430: error: Function is missing a type annotation  [no-untyped-def]
scripts/benchmark_comparison.py:432: error: Need type annotation for "sites" (hint: "sites: list[<type>] = ...")  [var-annotated]
scripts/benchmark_comparison.py:433: error: Call to untyped function "get_apo_pdb_path" in typed context  [no-untyped-call]
scripts/benchmark_comparison.py:471: error: Function is missing a type annotation  [no-untyped-def]
scripts/benchmark_comparison.py:473: error: Call to untyped function "get_apo_pdb_path" in typed context  [no-untyped-call]
scripts/benchmark_comparison.py:506: error: Function is missing a type annotation  [no-untyped-def]
scripts/benchmark_comparison.py:508: error: Need type annotation for "sites" (hint: "sites: list[<type>] = ...")  [var-annotated]
scripts/benchmark_comparison.py:509: error: Call to untyped function "get_apo_pdb_path" in typed context  [no-untyped-call]
scripts/benchmark_comparison.py:538: error: Call to untyped function "parse_fpocket_score" in typed context  [no-untyped-call]
scripts/benchmark_comparison.py:550: error: Function is missing a type annotation  [no-untyped-def]
scripts/benchmark_comparison.py:578: error: Function is missing a type annotation  [no-untyped-def]
scripts/benchmark_comparison.py:580: error: Need type annotation for "sites" (hint: "sites: list[<type>] = ...")  [var-annotated]
scripts/benchmark_comparison.py:599: error: Function is missing a type annotation  [no-untyped-def]
scripts/benchmark_comparison.py:611: error: Need type annotation for "results" (hint: "results: dict[<type>, <type>] = ...")  [var-annotated]
scripts/benchmark_comparison.py:615: error: Incompatible types in assignment (expression has type "None", target has type "list[dict[str, Any]]")  [assignment]
scripts/benchmark_comparison.py:620: error: Incompatible types in assignment (expression has type "None", target has type "list[dict[str, Any]]")  [assignment]
scripts/benchmark_comparison.py:632: error: Call to untyped function "compute_multi_reference_distance" in typed context  [no-untyped-call]
scripts/benchmark_comparison.py:654: error: Function is missing a type annotation  [no-untyped-def]
scripts/benchmark_comparison.py:658: error: Need type annotation for "success" (hint: "success: dict[<type>, <type>] = ...")  [var-annotated]
scripts/benchmark_comparison.py:676: error: Function is missing a type annotation  [no-untyped-def]
scripts/benchmark_comparison.py:820: error: Function is missing a type annotation  [no-untyped-def]
scripts/benchmark_comparison.py:843: error: Function is missing a return type annotation  [no-untyped-def]
scripts/benchmark_comparison.py:843: note: Use "-> None" if function does not return a value
scripts/benchmark_comparison.py:852: error: Call to untyped function "ensure_dirs" in typed context  [no-untyped-call]
scripts/benchmark_comparison.py:872: error: Call to untyped function "download_holo_pdbs" in typed context  [no-untyped-call]
scripts/benchmark_comparison.py:878: error: Call to untyped function "run_prism" in typed context  [no-untyped-call]
scripts/benchmark_comparison.py:883: error: Call to untyped function "run_p2rank" in typed context  [no-untyped-call]
scripts/benchmark_comparison.py:888: error: Call to untyped function "run_fpocket" in typed context  [no-untyped-call]
scripts/benchmark_comparison.py:897: error: Call to untyped function "get_apo_pdb_path" in typed context  [no-untyped-call]
scripts/benchmark_comparison.py:907: error: Call to untyped function "find_holo_pdb" in typed context  [no-untyped-call]
scripts/benchmark_comparison.py:910: error: Call to untyped function "align_and_transform_ligand" in typed context  [no-untyped-call]
scripts/benchmark_comparison.py:914: error: Call to untyped function "get_contacting_residues" in typed context  [no-untyped-call]
scripts/benchmark_comparison.py:918: error: Call to untyped function "get_ca_atoms" in typed context  [no-untyped-call]
scripts/benchmark_comparison.py:919: error: Call to untyped function "get_ca_atoms" in typed context  [no-untyped-call]
scripts/benchmark_comparison.py:937: error: Call to untyped function "find_holo_pdb" in typed context  [no-untyped-call]
scripts/benchmark_comparison.py:939: error: Call to untyped function "align_and_transform_ligand" in typed context  [no-untyped-call]
scripts/benchmark_comparison.py:941: error: Call to untyped function "get_contacting_residues" in typed context  [no-untyped-call]
scripts/benchmark_comparison.py:957: error: Call to untyped function "evaluate_method" in typed context  [no-untyped-call]
scripts/benchmark_comparison.py:961: error: Call to untyped function "evaluate_method" in typed context  [no-untyped-call]
scripts/benchmark_comparison.py:965: error: Call to untyped function "evaluate_method" in typed context  [no-untyped-call]
scripts/benchmark_comparison.py:970: error: Call to untyped function "evaluate_method" in typed context  [no-untyped-call]
scripts/benchmark_comparison.py:976: error: Call to untyped function "print_comparison_table" in typed context  [no-untyped-call]
scripts/benchmark_comparison.py:979: error: Call to untyped function "save_results_json" in typed context  [no-untyped-call]
scripts/benchmark_comparison.py:983: error: Call to untyped function "main" in typed context  [no-untyped-call]
scripts/benchmark_compare.py:97: error: Missing type arguments for generic type "dict"  [type-arg]
scripts/benchmark_compare.py:99: error: Missing type arguments for generic type "dict"  [type-arg]
scripts/benchmark_compare.py:129: error: Missing type arguments for generic type "dict"  [type-arg]
scripts/benchmark_compare.py:158: error: Argument "key" to "min" has incompatible type "Callable[[dict[str, float | str | Any | int | None]], float | str | Any | int | None]"; expected "Callable[[dict[str, float | str | Any | int | None]], SupportsDunderLT[Any] | SupportsDunderGT[Any]]"  [arg-type]
scripts/benchmark_compare.py:158: error: Incompatible return value type (got "float | str | Any | int | None", expected "SupportsDunderLT[Any] | SupportsDunderGT[Any]")  [return-value]
scripts/benchmark_compare.py:159: error: Argument 1 to "__call__" of "_UFunc_Nin1_Nout1" has incompatible type "float | str | Any | int | None"; expected "complex | str | bytes | generic[Any]"  [arg-type]
scripts/benchmark_compare.py:172: error: Missing type arguments for generic type "dict"  [type-arg]
scripts/benchmark_compare.py:182: error: Incompatible types in assignment (expression has type "Path | None", variable has type "Path")  [assignment]
scripts/benchmark_compare.py:227: error: Argument "key" to "min" has incompatible type "Callable[[dict[str, object]], object]"; expected "Callable[[dict[str, object]], SupportsDunderLT[Any] | SupportsDunderGT[Any]]"  [arg-type]
scripts/benchmark_compare.py:227: error: Incompatible return value type (got "object", expected "SupportsDunderLT[Any] | SupportsDunderGT[Any]")  [return-value]
scripts/benchmark_compare.py:228: error: No overload variant of "__call__" of "_UFunc_Nin1_Nout1" matches argument type "object"  [call-overload]
scripts/benchmark_compare.py:228: note: Possible overload variants:
scripts/benchmark_compare.py:228: note:     def __call__(self, complex | str | bytes | generic[Any], /, out: None = ..., *, dtype: type[Any] | dtype[Any] | _HasDType[dtype[Any]] | _HasNumPyDType[dtype[Any]] | tuple[Any, Any] | list[Any] | _DTypeDict | str | None = ..., where: _SupportsArray[dtype[numpy.bool[builtins.bool]]] | _NestedSequence[_SupportsArray[dtype[numpy.bool[builtins.bool]]]] | builtins.bool | _NestedSequence[builtins.bool] | None = ..., casting: Literal['no', 'equiv', 'safe', 'same_kind', 'same_value', 'unsafe'] = ..., order: Literal['K', 'A', 'C', 'F'] | None = ..., subok: bool = ..., signature: str | tuple[str | None, str | None] = ...) -> Any
scripts/benchmark_compare.py:228: note:     def __call__(self, Buffer | _SupportsArray[dtype[Any]] | _NestedSequence[_SupportsArray[dtype[Any]]] | complex | bytes | str | _NestedSequence[complex | bytes | str], /, out: ndarray[tuple[Any, ...], dtype[Any]] | tuple[ndarray[tuple[Any, ...], dtype[Any]]] | EllipsisType | None = ..., *, dtype: type[Any] | dtype[Any] | _HasDType[dtype[Any]] | _HasNumPyDType[dtype[Any]] | tuple[Any, Any] | list[Any] | _DTypeDict | str | None = ..., where: _SupportsArray[dtype[numpy.bool[builtins.bool]]] | _NestedSequence[_SupportsArray[dtype[numpy.bool[builtins.bool]]]] | builtins.bool | _NestedSequence[builtins.bool] | None = ..., casting: Literal['no', 'equiv', 'safe', 'same_kind', 'same_value', 'unsafe'] = ..., order: Literal['K', 'A', 'C', 'F'] | None = ..., subok: bool = ..., signature: str | tuple[str | None, str | None] = ...) -> ndarray[tuple[Any, ...], dtype[Any]]
scripts/benchmark_compare.py:228: note:     def __call__(self, _SupportsArrayUFunc, /, out: ndarray[tuple[Any, ...], dtype[Any]] | tuple[ndarray[tuple[Any, ...], dtype[Any]]] | EllipsisType | None = ..., *, dtype: type[Any] | dtype[Any] | _HasDType[dtype[Any]] | _HasNumPyDType[dtype[Any]] | tuple[Any, Any] | list[Any] | _DTypeDict | str | None = ..., where: _SupportsArray[dtype[numpy.bool[builtins.bool]]] | _NestedSequence[_SupportsArray[dtype[numpy.bool[builtins.bool]]]] | builtins.bool | _NestedSequence[builtins.bool] | None = ..., casting: Literal['no', 'equiv', 'safe', 'same_kind', 'same_value', 'unsafe'] = ..., order: Literal['K', 'A', 'C', 'F'] | None = ..., subok: bool = ..., signature: str | tuple[str | None, str | None] = ...) -> Any
scripts/benchmark_compare.py:241: error: Function is missing a return type annotation  [no-untyped-def]
scripts/benchmark_compare.py:241: note: Use "-> None" if function does not return a value
scripts/benchmark_compare.py:401: error: Call to untyped function "main" in typed context  [no-untyped-call]
scripts/analyze_ensemble_pockets.py:51: error: Function is missing a type annotation  [no-untyped-def]
scripts/analyze_ensemble_pockets.py:54: error: Need type annotation for "current_model" (hint: "current_model: list[<type>] = ...")  [var-annotated]
scripts/analyze_ensemble_pockets.py:55: error: Need type annotation for "residue_info" (hint: "residue_info: list[<type>] = ...")  [var-annotated]
scripts/analyze_ensemble_pockets.py:94: error: Function is missing a type annotation  [no-untyped-def]
scripts/analyze_ensemble_pockets.py:111: error: Function is missing a type annotation  [no-untyped-def]
scripts/analyze_ensemble_pockets.py:136: error: Function is missing a type annotation  [no-untyped-def]
scripts/analyze_ensemble_pockets.py:165: error: Function is missing a type annotation  [no-untyped-def]
scripts/analyze_ensemble_pockets.py:175: error: Need type annotation for "current_cluster" (hint: "current_cluster: list[<type>] = ...")  [var-annotated]
scripts/analyze_ensemble_pockets.py:209: error: Function is missing a type annotation  [no-untyped-def]
scripts/analyze_ensemble_pockets.py:211: error: Call to untyped function "parse_multi_model_pdb" in typed context  [no-untyped-call]
scripts/analyze_ensemble_pockets.py:221: error: Call to untyped function "compute_rmsf" in typed context  [no-untyped-call]
scripts/analyze_ensemble_pockets.py:228: error: Call to untyped function "identify_flexible_regions" in typed context  [no-untyped-call]
scripts/analyze_ensemble_pockets.py:232: error: Call to untyped function "map_to_functional_sites" in typed context  [no-untyped-call]
scripts/analyze_ensemble_pockets.py:236: error: Call to untyped function "identify_cryptic_pocket_candidates" in typed context  [no-untyped-call]
scripts/analyze_ensemble_pockets.py:347: error: Function is missing a return type annotation  [no-untyped-def]
scripts/analyze_ensemble_pockets.py:347: note: Use "-> None" if function does not return a value
scripts/analyze_ensemble_pockets.py:357: error: Call to untyped function "analyze_ensemble" in typed context  [no-untyped-call]
scripts/analyze_ensemble_pockets.py:361: error: Call to untyped function "main" in typed context  [no-untyped-call]
scripts/validation/pfr/pfr_d_vectorial_pfr_scorer.py:97: error: Missing type arguments for generic type "dict"  [type-arg]
scripts/validation/pfr/pfr_d_vectorial_pfr_scorer.py:119: error: Missing type arguments for generic type "tuple"  [type-arg]
scripts/validation/pfr/pfr_d_vectorial_pfr_scorer.py:135: error: Missing type arguments for generic type "list"  [type-arg]
scripts/validation/pfr/pfr_d_vectorial_pfr_scorer.py:136: error: Missing type arguments for generic type "list"  [type-arg]
scripts/validation/pfr/pfr_d_vectorial_pfr_scorer.py:176: error: Missing type arguments for generic type "list"  [type-arg]
scripts/validation/pfr/pfr_d_vectorial_pfr_scorer.py:192: error: Missing type arguments for generic type "dict"  [type-arg]
scripts/validation/pfr/pfr_d_vectorial_pfr_scorer.py:192: error: Missing type arguments for generic type "list"  [type-arg]
scripts/validation/pfr/pfr_d_vectorial_pfr_scorer.py:192: error: Missing type arguments for generic type "tuple"  [type-arg]
scripts/validation/pfr/pfr_d_vectorial_pfr_scorer.py:230: error: Missing type arguments for generic type "list"  [type-arg]
scripts/validation/pfr/pfr_d_vectorial_pfr_scorer.py:230: error: Missing type arguments for generic type "dict"  [type-arg]
scripts/validation/pfr/pfr_d_vectorial_pfr_scorer.py:286: error: Missing type arguments for generic type "list"  [type-arg]
scripts/validation/pfr/pfr_d_vectorial_pfr_scorer.py:326: error: Missing type arguments for generic type "dict"  [type-arg]
scripts/validation/pfr/pfr_d_vectorial_pfr_scorer.py:327: error: Missing type arguments for generic type "dict"  [type-arg]
scripts/validation/pfr/pfr_d_vectorial_pfr_scorer.py:380: error: Missing type arguments for generic type "dict"  [type-arg]
scripts/validation/pfr/pfr_d_vectorial_pfr_scorer.py:397: error: Missing type arguments for generic type "list"  [type-arg]
scripts/validation/pfr/pfr_d_vectorial_pfr_scorer.py:413: error: Argument 5 to "align_holo_interactions" has incompatible type "object"; expected "str | None"  [arg-type]
scripts/validation/pfr/pfr_d_vectorial_pfr_scorer.py:493: error: Missing type arguments for generic type "list"  [type-arg]
scripts/validation/pfr/pfr_d_vectorial_pfr_scorer.py:493: error: Missing type arguments for generic type "dict"  [type-arg]
scripts/validation/pfr/pfr_d_vectorial_pfr_scorer.py:596: error: Function is missing a return type annotation  [no-untyped-def]
scripts/validation/pfr/pfr_d_vectorial_pfr_scorer.py:596: error: Missing type arguments for generic type "dict"  [type-arg]
scripts/validation/pfr/pfr_d_vectorial_pfr_scorer.py:596: error: Missing type arguments for generic type "list"  [type-arg]
scripts/validation/pfr/pfr_d_vectorial_pfr_scorer.py:692: error: Function is missing a return type annotation  [no-untyped-def]
scripts/validation/pfr/pfr_d_vectorial_pfr_scorer.py:692: note: Use "-> None" if function does not return a value
scripts/validation/pfr/pfr_d_vectorial_pfr_scorer.py:794: error: Call to untyped function "main" in typed context  [no-untyped-call]
scripts/validation/pfr/pfr_c_holo_interaction_extractor.py:62: error: Missing type arguments for generic type "dict"  [type-arg]
scripts/validation/pfr/pfr_c_holo_interaction_extractor.py:155: error: Missing type arguments for generic type "dict"  [type-arg]
scripts/validation/pfr/pfr_c_holo_interaction_extractor.py:212: error: Missing type arguments for generic type "list"  [type-arg]
scripts/validation/pfr/pfr_c_holo_interaction_extractor.py:243: error: Function is missing a type annotation  [no-untyped-def]
scripts/validation/pfr/pfr_c_holo_interaction_extractor.py:259: error: Call to untyped function "bfs" in typed context  [no-untyped-call]
scripts/validation/pfr/pfr_c_holo_interaction_extractor.py:284: error: Function is missing a return type annotation  [no-untyped-def]
scripts/validation/pfr/pfr_c_holo_interaction_extractor.py:284: error: Missing type arguments for generic type "list"  [type-arg]
scripts/validation/pfr/pfr_c_holo_interaction_extractor.py:292: error: Missing type arguments for generic type "list"  [type-arg]
scripts/validation/pfr/pfr_c_holo_interaction_extractor.py:293: error: Missing type arguments for generic type "set"  [type-arg]
scripts/validation/pfr/pfr_c_holo_interaction_extractor.py:293: error: Missing type arguments for generic type "tuple"  [type-arg]
scripts/validation/pfr/pfr_c_holo_interaction_extractor.py:312: error: Missing type arguments for generic type "dict"  [type-arg]
scripts/validation/pfr/pfr_c_holo_interaction_extractor.py:313: error: Missing type arguments for generic type "list"  [type-arg]
scripts/validation/pfr/pfr_c_holo_interaction_extractor.py:523: error: Missing type arguments for generic type "list"  [type-arg]
scripts/validation/pfr/pfr_c_holo_interaction_extractor.py:528: error: Need type annotation for "kept" (hint: "kept: list[<type>] = ...")  [var-annotated]
scripts/validation/pfr/pfr_c_holo_interaction_extractor.py:559: error: Missing type arguments for generic type "dict"  [type-arg]
scripts/validation/pfr/pfr_c_holo_interaction_extractor.py:560: error: Missing type arguments for generic type "list"  [type-arg]
scripts/validation/pfr/pfr_c_holo_interaction_extractor.py:590: error: Need type annotation for "type_counts" (hint: "type_counts: dict[<type>, <type>] = ...")  [var-annotated]
scripts/validation/pfr/pfr_c_holo_interaction_extractor.py:621: error: Function is missing a return type annotation  [no-untyped-def]
scripts/validation/pfr/pfr_c_holo_interaction_extractor.py:621: note: Use "-> None" if function does not return a value
scripts/validation/pfr/pfr_c_holo_interaction_extractor.py:676: error: Call to untyped function "main" in typed context  [no-untyped-call]
scripts/validation/pfr/pfr_b_temporal_scramble_null.py:79: error: Missing type arguments for generic type "dict"  [type-arg]
scripts/validation/pfr/pfr_b_temporal_scramble_null.py:94: error: Function is missing a type annotation  [no-untyped-def]
scripts/validation/pfr/pfr_b_temporal_scramble_null.py:97: error: Call to untyped function "_col" in typed context  [no-untyped-call]
scripts/validation/pfr/pfr_b_temporal_scramble_null.py:98: error: Call to untyped function "_col" in typed context  [no-untyped-call]
scripts/validation/pfr/pfr_b_temporal_scramble_null.py:99: error: Call to untyped function "_col" in typed context  [no-untyped-call]
scripts/validation/pfr/pfr_b_temporal_scramble_null.py:100: error: Call to untyped function "_col" in typed context  [no-untyped-call]
scripts/validation/pfr/pfr_b_temporal_scramble_null.py:101: error: Call to untyped function "_col" in typed context  [no-untyped-call]
scripts/validation/pfr/pfr_b_temporal_scramble_null.py:102: error: Call to untyped function "_col" in typed context  [no-untyped-call]
scripts/validation/pfr/pfr_b_temporal_scramble_null.py:110: error: Missing type arguments for generic type "dict"  [type-arg]
scripts/validation/pfr/pfr_b_temporal_scramble_null.py:138: error: Missing type arguments for generic type "list"  [type-arg]
scripts/validation/pfr/pfr_b_temporal_scramble_null.py:165: error: Missing type arguments for generic type "dict"  [type-arg]
scripts/validation/pfr/pfr_b_temporal_scramble_null.py:165: error: Missing type arguments for generic type "list"  [type-arg]
scripts/validation/pfr/pfr_b_temporal_scramble_null.py:196: error: Missing type arguments for generic type "dict"  [type-arg]
scripts/validation/pfr/pfr_b_temporal_scramble_null.py:196: error: Missing type arguments for generic type "list"  [type-arg]
scripts/validation/pfr/pfr_b_temporal_scramble_null.py:196: error: Missing type arguments for generic type "tuple"  [type-arg]
scripts/validation/pfr/pfr_b_temporal_scramble_null.py:252: error: Missing type arguments for generic type "dict"  [type-arg]
scripts/validation/pfr/pfr_b_temporal_scramble_null.py:253: error: Missing type arguments for generic type "list"  [type-arg]
scripts/validation/pfr/pfr_b_temporal_scramble_null.py:340: error: Function is missing a return type annotation  [no-untyped-def]
scripts/validation/pfr/pfr_b_temporal_scramble_null.py:340: note: Use "-> None" if function does not return a value
scripts/validation/pfr/pfr_b_temporal_scramble_null.py:388: error: Call to untyped function "main" in typed context  [no-untyped-call]
scripts/validation/pfr/pfr_a_vectorial_pharmacophore_gen.py:53: error: Missing type arguments for generic type "dict"  [type-arg]
scripts/validation/pfr/pfr_a_vectorial_pharmacophore_gen.py:95: error: Missing type arguments for generic type "dict"  [type-arg]
scripts/validation/pfr/pfr_a_vectorial_pharmacophore_gen.py:168: error: Missing type arguments for generic type "dict"  [type-arg]
scripts/validation/pfr/pfr_a_vectorial_pharmacophore_gen.py:188: error: Function is missing a type annotation  [no-untyped-def]
scripts/validation/pfr/pfr_a_vectorial_pharmacophore_gen.py:191: error: Call to untyped function "_col" in typed context  [no-untyped-call]
scripts/validation/pfr/pfr_a_vectorial_pharmacophore_gen.py:192: error: Call to untyped function "_col" in typed context  [no-untyped-call]
scripts/validation/pfr/pfr_a_vectorial_pharmacophore_gen.py:193: error: Call to untyped function "_col" in typed context  [no-untyped-call]
scripts/validation/pfr/pfr_a_vectorial_pharmacophore_gen.py:194: error: Call to untyped function "_col" in typed context  [no-untyped-call]
scripts/validation/pfr/pfr_a_vectorial_pharmacophore_gen.py:195: error: Call to untyped function "_col" in typed context  [no-untyped-call]
scripts/validation/pfr/pfr_a_vectorial_pharmacophore_gen.py:198: error: Call to untyped function "_col" in typed context  [no-untyped-call]
scripts/validation/pfr/pfr_a_vectorial_pharmacophore_gen.py:216: error: Missing type arguments for generic type "dict"  [type-arg]
scripts/validation/pfr/pfr_a_vectorial_pharmacophore_gen.py:333: error: Missing type arguments for generic type "dict"  [type-arg]
scripts/validation/pfr/pfr_a_vectorial_pharmacophore_gen.py:404: error: Missing type arguments for generic type "list"  [type-arg]
scripts/validation/pfr/pfr_a_vectorial_pharmacophore_gen.py:406: error: Returning Any from function declared to return "list[Any]"  [no-any-return]
scripts/validation/pfr/pfr_a_vectorial_pharmacophore_gen.py:411: error: Missing type arguments for generic type "dict"  [type-arg]
scripts/validation/pfr/pfr_a_vectorial_pharmacophore_gen.py:412: error: Missing type arguments for generic type "list"  [type-arg]
scripts/validation/pfr/pfr_a_vectorial_pharmacophore_gen.py:474: error: Function is missing a return type annotation  [no-untyped-def]
scripts/validation/pfr/pfr_a_vectorial_pharmacophore_gen.py:474: note: Use "-> None" if function does not return a value
scripts/validation/pfr/pfr_a_vectorial_pharmacophore_gen.py:527: error: Call to untyped function "main" in typed context  [no-untyped-call]
scripts/training/validate_tide_coverage.py:28: error: Function is missing a return type annotation  [no-untyped-def]
scripts/training/validate_tide_coverage.py:28: note: Use "-> None" if function does not return a value
scripts/training/validate_tide_coverage.py:37: error: Function "builtins.any" is not valid as a type  [valid-type]
scripts/training/validate_tide_coverage.py:37: note: Perhaps you meant "typing.Any" instead of "any"?
scripts/training/validate_tide_coverage.py:97: error: Call to untyped function "main" in typed context  [no-untyped-call]
scripts/training/validate_176_gate.py:39: error: Function "builtins.any" is not valid as a type  [valid-type]
scripts/training/validate_176_gate.py:39: note: Perhaps you meant "typing.Any" instead of "any"?
scripts/training/validate_176_gate.py:54: error: Incompatible types in assignment (expression has type "float", target has type "Sequence[Any]")  [assignment]
scripts/training/validate_176_gate.py:55: error: Incompatible types in assignment (expression has type "float", target has type "Sequence[Any]")  [assignment]
scripts/training/validate_176_gate.py:56: error: Incompatible types in assignment (expression has type "bool", target has type "Sequence[Any]")  [assignment]
scripts/training/validate_176_gate.py:65: error: Incompatible types in assignment (expression has type "int", target has type "Sequence[Any]")  [assignment]
scripts/training/validate_176_gate.py:71: error: Incompatible types in assignment (expression has type "bool", target has type "Sequence[Any]")  [assignment]
scripts/training/validate_176_gate.py:83: error: Function is missing a return type annotation  [no-untyped-def]
scripts/training/validate_176_gate.py:97: error: Function "builtins.any" is not valid as a type  [valid-type]
scripts/training/validate_176_gate.py:97: note: Perhaps you meant "typing.Any" instead of "any"?
scripts/training/validate_176_gate.py:124: error: any? has no attribute "__iter__" (not iterable)  [attr-defined]
scripts/training/validate_176_gate.py:161: error: Value of type "object" is not indexable  [index]
scripts/training/validate_176_gate.py:164: error: Value of type "object" is not indexable  [index]
scripts/training/validate_176_gate.py:171: error: Call to untyped function "main" in typed context  [no-untyped-call]
scripts/training/temporal_tokenizer.py:203: error: Missing type arguments for generic type "Dict"  [type-arg]
scripts/training/temporal_tokenizer.py:276: error: Function is missing a return type annotation  [no-untyped-def]
scripts/training/temporal_tokenizer.py:276: note: Use "-> None" if function does not return a value
scripts/training/temporal_tokenizer.py:353: error: Skipping analyzing "sklearn.cluster": module is installed, but missing library stubs or py.typed marker  [import-untyped]
scripts/training/temporal_tokenizer.py:403: error: Call to untyped function "main" in typed context  [no-untyped-call]
scripts/training/post_campaign_analysis.py:247: error: Function is missing a type annotation  [no-untyped-def]
scripts/training/post_campaign_analysis.py:248: error: Function is missing a type annotation  [no-untyped-def]
scripts/training/post_campaign_analysis.py:263: error: Call to untyped function "sqle" in typed context  [no-untyped-call]
scripts/training/post_campaign_analysis.py:264: error: Call to untyped function "sqle" in typed context  [no-untyped-call]
scripts/training/post_campaign_analysis.py:265: error: Call to untyped function "sqle" in typed context  [no-untyped-call]
scripts/training/post_campaign_analysis.py:272: error: Call to untyped function "sqle" in typed context  [no-untyped-call]
scripts/training/post_campaign_analysis.py:273: error: Call to untyped function "sqln" in typed context  [no-untyped-call]
scripts/training/post_campaign_analysis.py:274: error: Call to untyped function "sqln" in typed context  [no-untyped-call]
scripts/training/post_campaign_analysis.py:275: error: Call to untyped function "sqle" in typed context  [no-untyped-call]
scripts/training/post_campaign_analysis.py:277: error: Call to untyped function "sqle" in typed context  [no-untyped-call]
scripts/training/post_campaign_analysis.py:277: error: Argument 1 to "grade" has incompatible type "Any | None"; expected "float"  [arg-type]
scripts/training/post_campaign_analysis.py:289: error: Call to untyped function "sqle" in typed context  [no-untyped-call]
scripts/training/post_campaign_analysis.py:293: error: Call to untyped function "sqln" in typed context  [no-untyped-call]
scripts/training/post_campaign_analysis.py:294: error: Call to untyped function "sqln" in typed context  [no-untyped-call]
scripts/training/post_campaign_analysis.py:295: error: Call to untyped function "sqle" in typed context  [no-untyped-call]
scripts/training/post_campaign_analysis.py:296: error: Call to untyped function "sqle" in typed context  [no-untyped-call]
scripts/training/post_campaign_analysis.py:299: error: Function is missing a type annotation  [no-untyped-def]
scripts/training/post_campaign_analysis.py:307: error: Call to untyped function "write_batch" in typed context  [no-untyped-call]
scripts/training/post_campaign_analysis.py:308: error: Call to untyped function "write_batch" in typed context  [no-untyped-call]
scripts/training/post_campaign_analysis.py:309: error: Call to untyped function "write_batch" in typed context  [no-untyped-call]
scripts/training/post_campaign_analysis.py:312: error: Returning Any from function declared to return "list[Path]"  [no-any-return]
scripts/training/post_campaign_analysis.py:338: error: Need type annotation for "gd70" (hint: "gd70: dict[<type>, <type>] = ...")  [var-annotated]
scripts/training/post_campaign_analysis.py:338: error: Need type annotation for "gd95" (hint: "gd95: dict[<type>, <type>] = ...")  [var-annotated]
scripts/training/post_campaign_analysis.py:346: error: Argument 1 to "grade" has incompatible type "Any | None"; expected "float"  [arg-type]
scripts/training/post_campaign_analysis.py:364: error: Argument 1 to "median" has incompatible type "list[Any | None]"; expected "_SupportsArray[dtype[Never]] | _NestedSequence[_SupportsArray[dtype[Never]]]"  [arg-type]
scripts/training/post_campaign_analysis.py:376: error: Function is missing a return type annotation  [no-untyped-def]
scripts/training/post_campaign_analysis.py:376: note: Use "-> None" if function does not return a value
scripts/training/post_campaign_analysis.py:431: error: Incompatible types in assignment (expression has type "dict[str, Any] | None", variable has type "CompletedProcess[str]")  [assignment]
scripts/training/post_campaign_analysis.py:445: error: Argument 1 to "generate_d1_updates" has incompatible type "list[CompletedProcess[str]]"; expected "list[dict[str, Any]]"  [arg-type]
scripts/training/post_campaign_analysis.py:451: error: Argument 1 to "compare" has incompatible type "list[CompletedProcess[str]]"; expected "list[dict[str, Any]]"  [arg-type]
scripts/training/post_campaign_analysis.py:470: error: Call to untyped function "main" in typed context  [no-untyped-call]
scripts/training/extract_structural_nma_v2.py:80: error: Function is missing a return type annotation  [no-untyped-def]
scripts/training/extract_structural_nma_v2.py:81: error: Cannot find implementation or library stub for module named "predict"  [import-not-found]
scripts/training/extract_structural_nma_v2.py:109: error: Function is missing a type annotation for one or more parameters  [no-untyped-def]
scripts/training/extract_structural_nma_v2.py:118: error: Function is missing a return type annotation  [no-untyped-def]
scripts/training/extract_structural_nma_v2.py:118: error: Function is missing a type annotation for one or more parameters  [no-untyped-def]
scripts/training/extract_structural_nma_v2.py:139: error: Skipping analyzing "mdtraj": module is installed, but missing library stubs or py.typed marker  [import-untyped]
scripts/training/extract_structural_nma_v2.py:185: error: Library stubs not installed for "scipy.spatial"  [import-untyped]
scripts/training/extract_structural_nma_v2.py:208: error: Function is missing a type annotation for one or more parameters  [no-untyped-def]
scripts/training/extract_structural_nma_v2.py:214: error: Skipping analyzing "prody": module is installed, but missing library stubs or py.typed marker  [import-untyped]
scripts/training/extract_structural_nma_v2.py:299: error: Function is missing a return type annotation  [no-untyped-def]
scripts/training/extract_structural_nma_v2.py:299: note: Use "-> None" if function does not return a value
scripts/training/extract_structural_nma_v2.py:354: error: Call to untyped function "main" in typed context  [no-untyped-call]
scripts/training/extract_structural_nma_batch.py:36: error: Cannot find implementation or library stub for module named "predict"  [import-not-found]
scripts/training/extract_structural_nma_batch.py:127: error: Function is missing a return type annotation  [no-untyped-def]
scripts/training/extract_structural_nma_batch.py:127: note: Use "-> None" if function does not return a value
scripts/training/extract_structural_nma_batch.py:170: error: Call to untyped function "main" in typed context  [no-untyped-call]
scripts/training/extract_channel_features.py:160: error: Function is missing a type annotation for one or more parameters  [no-untyped-def]
scripts/training/extract_channel_features.py:168: error: Function is missing a type annotation for one or more parameters  [no-untyped-def]
scripts/training/extract_channel_features.py:181: error: Library stubs not installed for "scipy.spatial"  [import-untyped]
scripts/training/extract_channel_features.py:187: error: Returning Any from function declared to return "ndarray[tuple[Any, ...], dtype[Any]]"  [no-any-return]
scripts/training/extract_channel_features.py:425: error: Missing type arguments for generic type "Dict"  [type-arg]
scripts/training/extract_channel_features.py:426: error: Missing type arguments for generic type "Dict"  [type-arg]
scripts/training/extract_channel_features.py:491: error: Function is missing a return type annotation  [no-untyped-def]
scripts/training/extract_channel_features.py:491: note: Use "-> None" if function does not return a value
scripts/training/extract_channel_features.py:516: error: Missing type arguments for generic type "Dict"  [type-arg]
scripts/training/extract_channel_features.py:557: error: Call to untyped function "main" in typed context  [no-untyped-call]
scripts/training/differential_analysis.py:113: error: Need type annotation for "therm_class"  [var-annotated]
scripts/training/differential_analysis.py:179: error: Dict entry 3 has incompatible type "str": "None"; expected "str": "float"  [dict-item]
scripts/training/differential_analysis.py:183: error: Generator has incompatible item type "int"; expected "bool"  [misc]
scripts/training/differential_analysis.py:183: error: Unsupported operand types for >= ("float" and "None")  [operator]
scripts/training/differential_analysis.py:183: note: Left operand is of type "Any | None"
scripts/training/differential_analysis.py:184: error: Generator has incompatible item type "int"; expected "bool"  [misc]
scripts/training/differential_analysis.py:184: error: Unsupported operand types for >= ("float" and "None")  [operator]
scripts/training/differential_analysis.py:184: note: Left operand is of type "Any | None"
scripts/training/differential_analysis.py:185: error: Value of type variable "_NumberT" of "median" cannot be "Any | None"  [type-var]
scripts/training/differential_analysis.py:185: error: Argument 1 to "float" has incompatible type "Any | None"; expected "str | Buffer | SupportsFloat | SupportsIndex"  [arg-type]
scripts/training/differential_analysis.py:186: error: Value of type variable "_NumberT" of "mean" cannot be "Any | None"  [type-var]
scripts/training/differential_analysis.py:186: error: Argument 1 to "float" has incompatible type "Any | None"; expected "str | Buffer | SupportsFloat | SupportsIndex"  [arg-type]
scripts/training/differential_analysis.py:253: error: Function is missing a return type annotation  [no-untyped-def]
scripts/training/differential_analysis.py:308: error: Function is missing a type annotation  [no-untyped-def]
scripts/training/differential_analysis.py:316: error: Call to untyped function "site_agg" in typed context  [no-untyped-call]
scripts/training/differential_analysis.py:317: error: Call to untyped function "site_agg" in typed context  [no-untyped-call]
scripts/training/differential_analysis.py:320: error: Function is missing a type annotation  [no-untyped-def]
scripts/training/differential_analysis.py:329: error: Call to untyped function "quality_agg" in typed context  [no-untyped-call]
scripts/training/differential_analysis.py:330: error: Call to untyped function "quality_agg" in typed context  [no-untyped-call]
scripts/training/differential_analysis.py:333: error: Function is missing a type annotation  [no-untyped-def]
scripts/training/differential_analysis.py:339: error: Need type annotation for "tc"  [var-annotated]
scripts/training/differential_analysis.py:351: error: Call to untyped function "tide_agg" in typed context  [no-untyped-call]
scripts/training/differential_analysis.py:352: error: Call to untyped function "tide_agg" in typed context  [no-untyped-call]
scripts/training/differential_analysis.py:436: error: Call to untyped function "main" in typed context  [no-untyped-call]
scripts/training/cluster_split.py:117: error: Unsupported operand types for // ("None" and "int")  [operator]
scripts/training/cluster_split.py:117: note: Left operand is of type "int | None"
scripts/training/cluster_split.py:254: error: Function is missing a type annotation  [no-untyped-def]
scripts/training/cluster_split.py:256: error: Call to untyped function "_n_clusters" in typed context  [no-untyped-call]
scripts/training/cluster_split.py:257: error: Call to untyped function "_n_clusters" in typed context  [no-untyped-call]
scripts/training/cluster_split.py:258: error: Call to untyped function "_n_clusters" in typed context  [no-untyped-call]
scripts/training/add_temporal_to_npz.py:48: error: Cannot find implementation or library stub for module named "extract_all_features"  [import-not-found]
scripts/training/add_temporal_to_npz.py:69: error: Function is missing a type annotation  [no-untyped-def]
scripts/training/add_temporal_to_npz.py:77: error: Call to untyped function "_clean" in typed context  [no-untyped-call]
scripts/training/add_temporal_to_npz.py:78: error: Call to untyped function "_clean" in typed context  [no-untyped-call]
scripts/training/add_temporal_to_npz.py:97: error: Missing type arguments for generic type "Dict"  [type-arg]
scripts/training/add_temporal_to_npz.py:99: error: Missing type arguments for generic type "Dict"  [type-arg]
scripts/training/add_temporal_to_npz.py:130: error: Missing type arguments for generic type "Dict"  [type-arg]
scripts/training/add_temporal_to_npz.py:195: error: Function is missing a return type annotation  [no-untyped-def]
scripts/training/add_temporal_to_npz.py:195: note: Use "-> None" if function does not return a value
scripts/training/add_temporal_to_npz.py:246: error: Call to untyped function "main" in typed context  [no-untyped-call]
scripts/quarantine/twin10_audit.py:37: error: Cannot find implementation or library stub for module named "prism_prov"  [import-not-found]
scripts/quarantine/twin10_audit.py:66: error: Function is missing a return type annotation  [no-untyped-def]
scripts/quarantine/twin10_audit.py:69: error: Function is missing a return type annotation  [no-untyped-def]
scripts/quarantine/twin10_audit.py:69: note: Use "-> None" if function does not return a value
scripts/quarantine/twin10_audit.py:100: error: Function is missing a return type annotation  [no-untyped-def]
scripts/quarantine/twin10_audit.py:161: error: Function is missing a return type annotation  [no-untyped-def]
scripts/quarantine/twin10_audit.py:204: error: Function is missing a return type annotation  [no-untyped-def]
scripts/quarantine/twin10_audit.py:234: error: Function is missing a return type annotation  [no-untyped-def]
scripts/quarantine/twin10_audit.py:313: error: Function is missing a return type annotation  [no-untyped-def]
scripts/quarantine/twin10_audit.py:357: error: Function is missing a type annotation  [no-untyped-def]
scripts/quarantine/twin10_audit.py:361: error: Call to untyped function "_has_nan" in typed context  [no-untyped-call]
scripts/quarantine/twin10_audit.py:363: error: Call to untyped function "_has_nan" in typed context  [no-untyped-call]
scripts/quarantine/twin10_audit.py:365: error: Generator has incompatible item type "int"; expected "bool"  [misc]
scripts/quarantine/twin10_audit.py:365: error: Call to untyped function "_has_nan" in typed context  [no-untyped-call]
scripts/quarantine/twin10_audit.py:403: error: Function is missing a return type annotation  [no-untyped-def]
scripts/quarantine/twin10_audit.py:480: error: Function is missing a return type annotation  [no-untyped-def]
scripts/quarantine/twin10_audit.py:537: error: Call to untyped function "finalize" in typed context  [no-untyped-call]
scripts/quarantine/spike_metadata_inventory.py:37: error: Missing type arguments for generic type "dict"  [type-arg]
scripts/quarantine/spike_metadata_inventory.py:52: error: Incompatible return value type (got "tuple[dict[str, list[Path] | Path | None], str | None]", expected "dict[Any, Any]")  [return-value]
scripts/quarantine/spike_metadata_inventory.py:55: error: Function is missing a type annotation  [no-untyped-def]
scripts/quarantine/spike_metadata_inventory.py:62: error: Function is missing a return type annotation  [no-untyped-def]
scripts/quarantine/spike_metadata_inventory.py:94: error: Function is missing a type annotation  [no-untyped-def]
scripts/quarantine/spike_metadata_inventory.py:149: error: Call to untyped function "_phase" in typed context  [no-untyped-call]
scripts/quarantine/spike_metadata_inventory.py:164: error: Missing type arguments for generic type "dict"  [type-arg]
scripts/quarantine/spike_metadata_inventory.py:168: error: Call to untyped function "read" in typed context  [no-untyped-call]
scripts/quarantine/spike_metadata_inventory.py:172: error: Call to untyped function "read" in typed context  [no-untyped-call]
scripts/quarantine/spike_metadata_inventory.py:176: error: Call to untyped function "read" in typed context  [no-untyped-call]
scripts/quarantine/spike_metadata_inventory.py:180: error: Call to untyped function "read" in typed context  [no-untyped-call]
scripts/quarantine/spike_metadata_inventory.py:184: error: Call to untyped function "read" in typed context  [no-untyped-call]
scripts/quarantine/spike_metadata_inventory.py:201: error: Call to untyped function "read" in typed context  [no-untyped-call]
scripts/quarantine/spike_metadata_inventory.py:490: error: Function is missing a return type annotation  [no-untyped-def]
scripts/quarantine/spike_metadata_inventory.py:490: note: Use "-> None" if function does not return a value
scripts/quarantine/spike_metadata_inventory.py:569: error: Call to untyped function "main" in typed context  [no-untyped-call]
scripts/quarantine/site2_pymol_render.py:54: error: Skipping analyzing "ijson": module is installed, but missing library stubs or py.typed marker  [import-untyped]
scripts/quarantine/site2_pymol_render.py:60: error: Skipping analyzing "mrcfile": module is installed, but missing library stubs or py.typed marker  [import-untyped]
scripts/quarantine/site2_pymol_render.py:137: error: Argument "centroid" to "SiteMetadata" has incompatible type "tuple[float, ...]"; expected "tuple[float, float, float]"  [arg-type]
scripts/quarantine/site2_pymol_render.py:151: error: Argument "ligand_centroid" to "SiteMetadata" has incompatible type "tuple[float, ...] | None"; expected "tuple[float, float, float] | None"  [arg-type]
scripts/quarantine/site2_pymol_render.py:255: error: Missing type arguments for generic type "Counter"  [type-arg]
scripts/quarantine/site2_pymol_render.py:256: error: Missing type arguments for generic type "Counter"  [type-arg]
scripts/quarantine/site2_pymol_render.py:257: error: Missing type arguments for generic type "Counter"  [type-arg]
scripts/quarantine/site2_pymol_render.py:258: error: Missing type arguments for generic type "Counter"  [type-arg]
scripts/quarantine/site2_pymol_render.py:259: error: Missing type arguments for generic type "Counter"  [type-arg]
scripts/quarantine/site2_pymol_render.py:325: error: Argument "shape" to "DensityGrids" has incompatible type "tuple[int, ...]"; expected "tuple[int, int, int]"  [arg-type]
scripts/quarantine/site2_pymol_render.py:545: error: Value of type variable "SupportsRichComparisonT" of "sorted" cannot be "Any | None"  [type-var]
scripts/quarantine/site2_pymol_render.py:546: error: Value of type variable "SupportsRichComparisonT" of "sorted" cannot be "Any | None"  [type-var]
scripts/quarantine/site2_pymol_render.py:568: error: Argument 1 to "pymol_resid_selection" has incompatible type "list[Any | None]"; expected "list[int]"  [arg-type]
scripts/quarantine/site2_pymol_render.py:569: error: Argument 1 to "pymol_resid_selection" has incompatible type "list[Any | None]"; expected "list[int]"  [arg-type]
scripts/quarantine/process_cryptobank.py:31: error: Library stubs not installed for "pandas"  [import-untyped]
scripts/quarantine/process_cryptobank.py:52: error: Function is missing a type annotation  [no-untyped-def]
scripts/quarantine/process_cryptobank.py:71: error: Function is missing a type annotation  [no-untyped-def]
scripts/quarantine/process_cryptobank.py:90: error: Function is missing a type annotation  [no-untyped-def]
scripts/quarantine/process_cryptobank.py:115: error: Function is missing a type annotation  [no-untyped-def]
scripts/quarantine/process_cryptobank.py:128: error: Function is missing a type annotation  [no-untyped-def]
scripts/quarantine/process_cryptobank.py:141: error: Function is missing a return type annotation  [no-untyped-def]
scripts/quarantine/process_cryptobank.py:208: error: Function is missing a type annotation  [no-untyped-def]
scripts/quarantine/process_cryptobank.py:317: error: Call to untyped function "is_xray" in typed context  [no-untyped-call]
scripts/quarantine/process_cryptobank.py:319: error: Call to untyped function "has_nucleic" in typed context  [no-untyped-call]
scripts/quarantine/process_cryptobank.py:340: error: Call to untyped function "get_ligand_atoms" in typed context  [no-untyped-call]
scripts/quarantine/process_cryptobank.py:344: error: Call to untyped function "get_binding_residues" in typed context  [no-untyped-call]
scripts/quarantine/process_cryptobank.py:434: error: Call to untyped function "main" in typed context  [no-untyped-call]
scripts/quarantine/prism_pub_baseline_validator.py:46: error: Missing type arguments for generic type "dict"  [type-arg]
scripts/quarantine/prism_pub_baseline_validator.py:167: error: Function is missing a type annotation for one or more parameters  [no-untyped-def]
scripts/quarantine/prism_pub_baseline_validator.py:171: error: Function is missing a type annotation for one or more parameters  [no-untyped-def]
scripts/quarantine/prism_pub_baseline_validator.py:176: error: Function is missing a return type annotation  [no-untyped-def]
scripts/quarantine/prism_pub_baseline_validator.py:219: error: Missing type arguments for generic type "dict"  [type-arg]
scripts/quarantine/prism_pub_baseline_validator.py:225: error: Missing type arguments for generic type "dict"  [type-arg]
scripts/quarantine/prism_pub_baseline_validator.py:268: error: Missing type arguments for generic type "dict"  [type-arg]
scripts/quarantine/prism_pub_baseline_validator.py:270: error: Missing type arguments for generic type "dict"  [type-arg]
scripts/quarantine/prism_pub_baseline_validator.py:286: error: Missing type arguments for generic type "dict"  [type-arg]
scripts/quarantine/prism_pub_baseline_validator.py:309: error: Incompatible return value type (got "tuple[None, None, None, None, float, float]", expected "tuple[str, str, ndarray[tuple[Any, ...], dtype[Any]], ndarray[tuple[Any, ...], dtype[Any]], float, float]")  [return-value]
scripts/quarantine/prism_pub_baseline_validator.py:326: error: Incompatible return value type (got "tuple[Any, Any, None, None, float, float]", expected "tuple[str, str, ndarray[tuple[Any, ...], dtype[Any]], ndarray[tuple[Any, ...], dtype[Any]], float, float]")  [return-value]
scripts/quarantine/prism_pub_baseline_validator.py:334: error: Missing type arguments for generic type "dict"  [type-arg]
scripts/quarantine/prism_pub_baseline_validator.py:334: error: Missing type arguments for generic type "tuple"  [type-arg]
scripts/quarantine/prism_pub_baseline_validator.py:344: error: Missing type arguments for generic type "dict"  [type-arg]
scripts/quarantine/prism_pub_baseline_validator.py:344: error: Missing type arguments for generic type "tuple"  [type-arg]
scripts/quarantine/prism_pub_baseline_validator.py:387: error: Missing type arguments for generic type "dict"  [type-arg]
scripts/quarantine/prism_pub_baseline_validator.py:407: error: Missing type arguments for generic type "dict"  [type-arg]
scripts/quarantine/prism_pub_baseline_validator.py:425: error: Missing type arguments for generic type "dict"  [type-arg]
scripts/quarantine/prism_pub_baseline_validator.py:484: error: Missing type arguments for generic type "dict"  [type-arg]
scripts/quarantine/prism_pub_baseline_validator.py:542: error: Missing type arguments for generic type "dict"  [type-arg]
scripts/quarantine/prism_pub_baseline_validator.py:543: error: Missing type arguments for generic type "tuple"  [type-arg]
scripts/quarantine/prism_pub_baseline_validator.py:545: error: Missing type arguments for generic type "dict"  [type-arg]
scripts/quarantine/prism_pub_baseline_validator.py:639: error: Missing type arguments for generic type "dict"  [type-arg]
scripts/quarantine/prism_pub_baseline_validator.py:664: error: Need type annotation for "proposals" (hint: "proposals: list[<type>] = ...")  [var-annotated]
scripts/quarantine/prism_pub_baseline_validator.py:685: error: Missing type arguments for generic type "dict"  [type-arg]
scripts/quarantine/prism_pub_baseline_validator.py:711: error: Function is missing a type annotation  [no-untyped-def]
scripts/quarantine/prism_pub_baseline_validator.py:718: error: Call to untyped function "get" in typed context  [no-untyped-call]
scripts/quarantine/prism_pub_baseline_validator.py:719: error: Call to untyped function "get" in typed context  [no-untyped-call]
scripts/quarantine/prism_pub_baseline_validator.py:720: error: Call to untyped function "get" in typed context  [no-untyped-call]
scripts/quarantine/prism_pub_baseline_validator.py:721: error: Call to untyped function "get" in typed context  [no-untyped-call]
scripts/quarantine/prism_pub_baseline_validator.py:730: error: Missing type arguments for generic type "dict"  [type-arg]
scripts/quarantine/prism_pub_baseline_validator.py:730: error: Missing type arguments for generic type "list"  [type-arg]
scripts/quarantine/prism_pub_baseline_validator.py:731: error: Missing type arguments for generic type "tuple"  [type-arg]
scripts/quarantine/prism_pub_baseline_validator.py:732: error: Missing type arguments for generic type "dict"  [type-arg]
scripts/quarantine/prism_pub_baseline_validator.py:782: error: Missing type arguments for generic type "dict"  [type-arg]
scripts/quarantine/prism_pub_baseline_validator.py:783: error: Missing type arguments for generic type "tuple"  [type-arg]
scripts/quarantine/prism_pub_baseline_validator.py:783: error: Missing type arguments for generic type "dict"  [type-arg]
scripts/quarantine/prism_pub_baseline_validator.py:792: error: Missing type arguments for generic type "dict"  [type-arg]
scripts/quarantine/prism_pub_baseline_validator.py:829: error: Missing type arguments for generic type "dict"  [type-arg]
scripts/quarantine/prism_pub_baseline_validator.py:830: error: Missing type arguments for generic type "dict"  [type-arg]
scripts/quarantine/prism_pub_baseline_validator.py:851: error: Missing type arguments for generic type "dict"  [type-arg]
scripts/quarantine/prism_pub_baseline_validator.py:890: error: Missing type arguments for generic type "dict"  [type-arg]
scripts/quarantine/prism_pub_baseline_validator.py:898: error: Missing type arguments for generic type "dict"  [type-arg]
scripts/quarantine/prism_pub_baseline_validator.py:906: error: Function is missing a type annotation  [no-untyped-def]
scripts/quarantine/prism_pub_baseline_validator.py:912: error: Function is missing a type annotation  [no-untyped-def]
scripts/quarantine/prism_pub_baseline_validator.py:913: error: Call to untyped function "find" in typed context  [no-untyped-call]
scripts/quarantine/prism_pub_baseline_validator.py:920: error: Call to untyped function "union" in typed context  [no-untyped-call]
scripts/quarantine/prism_pub_baseline_validator.py:922: error: Missing type arguments for generic type "dict"  [type-arg]
scripts/quarantine/prism_pub_baseline_validator.py:924: error: Call to untyped function "find" in typed context  [no-untyped-call]
scripts/quarantine/prism_pub_baseline_validator.py:927: error: Missing type arguments for generic type "dict"  [type-arg]
scripts/quarantine/prism_pub_baseline_validator.py:962: error: Function is missing a return type annotation  [no-untyped-def]
scripts/quarantine/prism_pub_baseline_validator.py:962: error: Missing type arguments for generic type "dict"  [type-arg]
scripts/quarantine/prism_pub_baseline_validator.py:974: error: Missing type arguments for generic type "dict"  [type-arg]
scripts/quarantine/prism_pub_baseline_validator.py:975: error: Missing type arguments for generic type "dict"  [type-arg]
scripts/quarantine/prism_pub_baseline_validator.py:976: error: Missing type arguments for generic type "dict"  [type-arg]
scripts/quarantine/prism_pub_baseline_validator.py:977: error: Missing type arguments for generic type "dict"  [type-arg]
scripts/quarantine/prism_pub_baseline_validator.py:978: error: Missing type arguments for generic type "dict"  [type-arg]
scripts/quarantine/prism_pub_baseline_validator.py:979: error: Missing type arguments for generic type "dict"  [type-arg]
scripts/quarantine/prism_pub_baseline_validator.py:980: error: Missing type arguments for generic type "dict"  [type-arg]
scripts/quarantine/prism_pub_baseline_validator.py:1003: error: Missing type arguments for generic type "dict"  [type-arg]
scripts/quarantine/prism_pub_baseline_validator.py:1014: error: Missing type arguments for generic type "dict"  [type-arg]
scripts/quarantine/prism_pub_baseline_validator.py:1068: error: Missing type arguments for generic type "dict"  [type-arg]
scripts/quarantine/prism_pub_baseline_validator.py:1162: error: Missing type arguments for generic type "dict"  [type-arg]
scripts/quarantine/prism_pub_baseline_validator.py:1178: error: Missing type arguments for generic type "dict"  [type-arg]
scripts/quarantine/prism_pub_baseline_validator.py:1264: error: Function is missing a return type annotation  [no-untyped-def]
scripts/quarantine/prism_pub_baseline_validator.py:1312: error: Missing type arguments for generic type "list"  [type-arg]
scripts/quarantine/prism_pub_baseline_validator.py:1356: error: Missing type arguments for generic type "dict"  [type-arg]
scripts/quarantine/prism_pub_baseline_validator.py:1357: error: Missing type arguments for generic type "dict"  [type-arg]
scripts/quarantine/prism_pub_baseline_validator.py:1358: error: Missing type arguments for generic type "dict"  [type-arg]
scripts/quarantine/prism_pub_baseline_validator.py:1495: error: Missing type arguments for generic type "dict"  [type-arg]
scripts/quarantine/prism_pub_baseline_validator.py:1547: error: Call to untyped function "main" in typed context  [no-untyped-call]
scripts/quarantine/prism_manifold_shell_validator.py:49: error: Missing type arguments for generic type "dict"  [type-arg]
scripts/quarantine/prism_manifold_shell_validator.py:138: error: Function is missing a type annotation for one or more parameters  [no-untyped-def]
scripts/quarantine/prism_manifold_shell_validator.py:141: error: Function is missing a type annotation for one or more parameters  [no-untyped-def]
scripts/quarantine/prism_manifold_shell_validator.py:145: error: Function is missing a return type annotation  [no-untyped-def]
scripts/quarantine/prism_manifold_shell_validator.py:192: error: Missing type arguments for generic type "dict"  [type-arg]
scripts/quarantine/prism_manifold_shell_validator.py:195: error: Missing type arguments for generic type "dict"  [type-arg]
scripts/quarantine/prism_manifold_shell_validator.py:239: error: Missing type arguments for generic type "dict"  [type-arg]
scripts/quarantine/prism_manifold_shell_validator.py:241: error: Missing type arguments for generic type "dict"  [type-arg]
scripts/quarantine/prism_manifold_shell_validator.py:255: error: Missing type arguments for generic type "dict"  [type-arg]
scripts/quarantine/prism_manifold_shell_validator.py:277: error: Incompatible return value type (got "tuple[None, None, None, None, float, float]", expected "tuple[str, str, ndarray[tuple[Any, ...], dtype[Any]], ndarray[tuple[Any, ...], dtype[Any]], float, float]")  [return-value]
scripts/quarantine/prism_manifold_shell_validator.py:295: error: Incompatible return value type (got "tuple[Any, Any, None, None, float, float]", expected "tuple[str, str, ndarray[tuple[Any, ...], dtype[Any]], ndarray[tuple[Any, ...], dtype[Any]], float, float]")  [return-value]
scripts/quarantine/prism_manifold_shell_validator.py:301: error: Missing type arguments for generic type "dict"  [type-arg]
scripts/quarantine/prism_manifold_shell_validator.py:301: error: Missing type arguments for generic type "tuple"  [type-arg]
scripts/quarantine/prism_manifold_shell_validator.py:310: error: Missing type arguments for generic type "dict"  [type-arg]
scripts/quarantine/prism_manifold_shell_validator.py:310: error: Missing type arguments for generic type "tuple"  [type-arg]
scripts/quarantine/prism_manifold_shell_validator.py:349: error: Missing type arguments for generic type "dict"  [type-arg]
scripts/quarantine/prism_manifold_shell_validator.py:369: error: Missing type arguments for generic type "dict"  [type-arg]
scripts/quarantine/prism_manifold_shell_validator.py:387: error: Missing type arguments for generic type "dict"  [type-arg]
scripts/quarantine/prism_manifold_shell_validator.py:446: error: Missing type arguments for generic type "dict"  [type-arg]
scripts/quarantine/prism_manifold_shell_validator.py:506: error: Missing type arguments for generic type "dict"  [type-arg]
scripts/quarantine/prism_manifold_shell_validator.py:507: error: Missing type arguments for generic type "tuple"  [type-arg]
scripts/quarantine/prism_manifold_shell_validator.py:509: error: Missing type arguments for generic type "dict"  [type-arg]
scripts/quarantine/prism_manifold_shell_validator.py:579: error: Function is missing a type annotation  [no-untyped-def]
scripts/quarantine/prism_manifold_shell_validator.py:604: error: Call to untyped function "is_good" in typed context  [no-untyped-call]
scripts/quarantine/prism_manifold_shell_validator.py:608: error: Missing type arguments for generic type "dict"  [type-arg]
scripts/quarantine/prism_manifold_shell_validator.py:640: error: Missing type arguments for generic type "dict"  [type-arg]
scripts/quarantine/prism_manifold_shell_validator.py:671: error: Missing type arguments for generic type "dict"  [type-arg]
scripts/quarantine/prism_manifold_shell_validator.py:672: error: Missing type arguments for generic type "tuple"  [type-arg]
scripts/quarantine/prism_manifold_shell_validator.py:672: error: Missing type arguments for generic type "dict"  [type-arg]
scripts/quarantine/prism_manifold_shell_validator.py:702: error: Missing type arguments for generic type "dict"  [type-arg]
scripts/quarantine/prism_manifold_shell_validator.py:705: error: Missing type arguments for generic type "tuple"  [type-arg]
scripts/quarantine/prism_manifold_shell_validator.py:705: error: Missing type arguments for generic type "dict"  [type-arg]
scripts/quarantine/prism_manifold_shell_validator.py:707: error: Missing type arguments for generic type "dict"  [type-arg]
scripts/quarantine/prism_manifold_shell_validator.py:722: error: Missing type arguments for generic type "dict"  [type-arg]
scripts/quarantine/prism_manifold_shell_validator.py:722: error: Missing type arguments for generic type "set"  [type-arg]
scripts/quarantine/prism_manifold_shell_validator.py:730: error: Function is missing a type annotation  [no-untyped-def]
scripts/quarantine/prism_manifold_shell_validator.py:736: error: Function is missing a type annotation  [no-untyped-def]
scripts/quarantine/prism_manifold_shell_validator.py:737: error: Call to untyped function "find" in typed context  [no-untyped-call]
scripts/quarantine/prism_manifold_shell_validator.py:754: error: Call to untyped function "union" in typed context  [no-untyped-call]
scripts/quarantine/prism_manifold_shell_validator.py:756: error: Missing type arguments for generic type "dict"  [type-arg]
scripts/quarantine/prism_manifold_shell_validator.py:758: error: Call to untyped function "find" in typed context  [no-untyped-call]
scripts/quarantine/prism_manifold_shell_validator.py:762: error: Missing type arguments for generic type "dict"  [type-arg]
scripts/quarantine/prism_manifold_shell_validator.py:804: error: Function is missing a return type annotation  [no-untyped-def]
scripts/quarantine/prism_manifold_shell_validator.py:804: error: Missing type arguments for generic type "dict"  [type-arg]
scripts/quarantine/prism_manifold_shell_validator.py:814: error: Function is missing a return type annotation  [no-untyped-def]
scripts/quarantine/prism_manifold_shell_validator.py:814: error: Missing type arguments for generic type "dict"  [type-arg]
scripts/quarantine/prism_manifold_shell_validator.py:815: error: Missing type arguments for generic type "dict"  [type-arg]
scripts/quarantine/prism_manifold_shell_validator.py:846: error: Function is missing a return type annotation  [no-untyped-def]
scripts/quarantine/prism_manifold_shell_validator.py:846: error: Missing type arguments for generic type "dict"  [type-arg]
scripts/quarantine/prism_manifold_shell_validator.py:847: error: Missing type arguments for generic type "set"  [type-arg]
scripts/quarantine/prism_manifold_shell_validator.py:847: error: Missing type arguments for generic type "dict"  [type-arg]
scripts/quarantine/prism_manifold_shell_validator.py:848: error: Missing type arguments for generic type "dict"  [type-arg]
scripts/quarantine/prism_manifold_shell_validator.py:849: error: Missing type arguments for generic type "dict"  [type-arg]
scripts/quarantine/prism_manifold_shell_validator.py:928: error: Function is missing a return type annotation  [no-untyped-def]
scripts/quarantine/prism_manifold_shell_validator.py:1003: error: Missing type arguments for generic type "dict"  [type-arg]
scripts/quarantine/prism_manifold_shell_validator.py:1004: error: Missing type arguments for generic type "dict"  [type-arg]
scripts/quarantine/prism_manifold_shell_validator.py:1005: error: Missing type arguments for generic type "dict"  [type-arg]
scripts/quarantine/prism_manifold_shell_validator.py:1006: error: Missing type arguments for generic type "dict"  [type-arg]
scripts/quarantine/prism_manifold_shell_validator.py:1053: error: Argument 3 to "transform_atoms" has incompatible type "ndarray[tuple[Any, ...], dtype[Any]] | None"; expected "ndarray[tuple[Any, ...], dtype[Any]]"  [arg-type]
scripts/quarantine/prism_manifold_shell_validator.py:1091: error: Need type annotation for "p"  [var-annotated]
scripts/quarantine/prism_manifold_shell_validator.py:1129: error: Missing type arguments for generic type "dict"  [type-arg]
scripts/quarantine/prism_manifold_shell_validator.py:1198: error: Call to untyped function "main" in typed context  [no-untyped-call]
scripts/quarantine/fix_tem1_v3.py:401: error: Incompatible types in assignment (expression has type "ndarray[tuple[Any, ...], dtype[Any]]", variable has type "list[ndarray[tuple[Any, ...], dtype[Any]]]")  [assignment]
scripts/quarantine/fix_tem1_v3.py:404: error: Unsupported operand types for ** ("list[ndarray[tuple[Any, ...], dtype[Any]]]" and "int")  [operator]
scripts/quarantine/fix_tem1_v3.py:406: error: Unsupported operand types for ** ("list[ndarray[tuple[Any, ...], dtype[Any]]]" and "int")  [operator]
scripts/quarantine/fix_tem1_v3.py:418: error: Function is missing a type annotation  [no-untyped-def]
scripts/quarantine/fix_tem1_v3.py:448: error: Call to untyped function "mechanism_class" in typed context  [no-untyped-call]
scripts/quarantine/fix_tem1_v3.py:458: error: No overload variant of "__getitem__" of "list" matches argument type "tuple[int, Any, slice[None, None, None]]"  [call-overload]
scripts/quarantine/fix_tem1_v3.py:458: note: Possible overload variants:
scripts/quarantine/fix_tem1_v3.py:458: note:     def __getitem__(self, SupportsIndex, /) -> ndarray[tuple[Any, ...], dtype[Any]]
scripts/quarantine/fix_tem1_v3.py:458: note:     def __getitem__(self, slice[SupportsIndex | None, SupportsIndex | None, SupportsIndex | None], /) -> list[ndarray[tuple[Any, ...], dtype[Any]]]
scripts/quarantine/enrich_tem1_report.py:30: error: Library stubs not installed for "scipy.spatial"  [import-untyped]
scripts/quarantine/enrich_tem1_report.py:40: error: Skipping analyzing "ijson": module is installed, but missing library stubs or py.typed marker  [import-untyped]
scripts/quarantine/enrich_tem1_report.py:72: error: Function is missing a type annotation  [no-untyped-def]
scripts/quarantine/enrich_tem1_report.py:79: error: Function is missing a return type annotation  [no-untyped-def]
scripts/quarantine/enrich_tem1_report.py:99: error: Function is missing a type annotation  [no-untyped-def]
scripts/quarantine/enrich_tem1_report.py:121: error: Call to untyped function "_process_batch" in typed context  [no-untyped-call]
scripts/quarantine/enrich_tem1_report.py:129: error: Call to untyped function "_process_batch" in typed context  [no-untyped-call]
scripts/quarantine/enrich_tem1_report.py:180: error: Function is missing a type annotation  [no-untyped-def]
scripts/quarantine/enrich_tem1_report.py:200: error: Function is missing a type annotation  [no-untyped-def]
scripts/quarantine/enrich_tem1_report.py:262: error: Function is missing a type annotation  [no-untyped-def]
scripts/quarantine/enrich_tem1_report.py:280: error: Call to untyped function "_process_phase_batch" in typed context  [no-untyped-call]
scripts/quarantine/enrich_tem1_report.py:286: error: Call to untyped function "_process_phase_batch" in typed context  [no-untyped-call]
scripts/quarantine/enrich_tem1_report.py:315: error: Function is missing a type annotation  [no-untyped-def]
scripts/quarantine/enrich_tem1_report.py:322: error: Call to untyped function "phase_of" in typed context  [no-untyped-call]
scripts/quarantine/enrich_tem1_report.py:333: error: Function is missing a type annotation  [no-untyped-def]
scripts/quarantine/enrich_tem1_report.py:456: error: Function is missing a type annotation  [no-untyped-def]
scripts/quarantine/enrich_tem1_report.py:466: error: Need type annotation for "phase_totals"  [var-annotated]
scripts/quarantine/enrich_tem1_report.py:531: error: Function is missing a type annotation  [no-untyped-def]
scripts/quarantine/enrich_tem1_report.py:602: error: Function is missing a type annotation  [no-untyped-def]
scripts/quarantine/enrich_tem1_report.py:684: error: Function is missing a type annotation  [no-untyped-def]
scripts/quarantine/enrich_tem1_report.py:857: error: Function is missing a return type annotation  [no-untyped-def]
scripts/quarantine/enrich_tem1_report.py:857: note: Use "-> None" if function does not return a value
scripts/quarantine/enrich_tem1_report.py:864: error: Call to untyped function "load_ca_positions" in typed context  [no-untyped-call]
scripts/quarantine/enrich_tem1_report.py:875: error: Call to untyped function "gate1_per_residue_spikes" in typed context  [no-untyped-call]
scripts/quarantine/enrich_tem1_report.py:879: error: Call to untyped function "gate2_ccf_propagation" in typed context  [no-untyped-call]
scripts/quarantine/enrich_tem1_report.py:888: error: Call to untyped function "gate3_phase_profiles" in typed context  [no-untyped-call]
scripts/quarantine/enrich_tem1_report.py:892: error: Call to untyped function "gate4_site_mechanisms" in typed context  [no-untyped-call]
scripts/quarantine/enrich_tem1_report.py:900: error: Call to untyped function "gate5_thermo_enrichment" in typed context  [no-untyped-call]
scripts/quarantine/enrich_tem1_report.py:903: error: Call to untyped function "gate6_druggability" in typed context  [no-untyped-call]
scripts/quarantine/enrich_tem1_report.py:906: error: Call to untyped function "gate7_beacon_maps" in typed context  [no-untyped-call]
scripts/quarantine/enrich_tem1_report.py:909: error: Call to untyped function "gate8_assembly" in typed context  [no-untyped-call]
scripts/quarantine/enrich_tem1_report.py:914: error: Call to untyped function "main" in typed context  [no-untyped-call]
scripts/quarantine/build_true_apo_manifest.py:63: error: Function is missing a return type annotation  [no-untyped-def]
scripts/quarantine/build_true_apo_manifest.py:96: error: Function is missing a return type annotation  [no-untyped-def]
scripts/quarantine/build_true_apo_manifest.py:133: error: Function is missing a type annotation  [no-untyped-def]
scripts/quarantine/build_true_apo_manifest.py:207: error: Incompatible types in assignment (expression has type "float", target has type "str")  [assignment]
scripts/quarantine/build_true_apo_manifest.py:209: error: Incompatible types in assignment (expression has type "float", target has type "str")  [assignment]
scripts/quarantine/build_true_apo_manifest.py:214: error: Incompatible types in assignment (expression has type "float", target has type "str")  [assignment]
scripts/quarantine/build_true_apo_manifest.py:216: error: Incompatible types in assignment (expression has type "float", target has type "str")  [assignment]
scripts/quarantine/build_true_apo_manifest.py:220: error: Incompatible types in assignment (expression has type "int", target has type "str")  [assignment]
scripts/quarantine/build_true_apo_manifest.py:222: error: Incompatible types in assignment (expression has type "int", target has type "str")  [assignment]
scripts/quarantine/build_true_apo_manifest.py:256: error: Dict entry 5 has incompatible type "str": "float"; expected "str": "str"  [dict-item]
scripts/quarantine/build_true_apo_manifest.py:256: error: Argument 1 to "float" has incompatible type "Any | None"; expected "str | Buffer | SupportsFloat | SupportsIndex"  [arg-type]
scripts/quarantine/build_true_apo_manifest.py:257: error: Dict entry 6 has incompatible type "str": "float"; expected "str": "str"  [dict-item]
scripts/quarantine/build_true_apo_manifest.py:258: error: Dict entry 7 has incompatible type "str": "float"; expected "str": "str"  [dict-item]
scripts/quarantine/build_true_apo_manifest.py:259: error: Dict entry 8 has incompatible type "str": "int"; expected "str": "str"  [dict-item]
scripts/quarantine/build_true_apo_manifest.py:259: error: Argument 1 to "int" has incompatible type "Any | None"; expected "str | Buffer | SupportsInt | SupportsIndex | SupportsTrunc"  [arg-type]
scripts/quarantine/build_true_apo_manifest.py:269: error: Function is missing a type annotation  [no-untyped-def]
scripts/quarantine/build_true_apo_manifest.py:291: error: Function is missing a type annotation  [no-untyped-def]
scripts/quarantine/build_true_apo_manifest.py:307: error: Function is missing a type annotation  [no-untyped-def]
scripts/quarantine/build_true_apo_manifest.py:330: error: Function is missing a type annotation  [no-untyped-def]
scripts/quarantine/build_true_apo_manifest.py:361: error: Function is missing a type annotation  [no-untyped-def]
scripts/quarantine/build_true_apo_manifest.py:377: error: Function is missing a type annotation  [no-untyped-def]
scripts/quarantine/build_true_apo_manifest.py:393: error: Function is missing a type annotation  [no-untyped-def]
scripts/quarantine/build_true_apo_manifest.py:435: error: Function is missing a type annotation  [no-untyped-def]
scripts/quarantine/build_true_apo_manifest.py:467: error: Function is missing a type annotation  [no-untyped-def]
scripts/quarantine/build_true_apo_manifest.py:471: error: Need type annotation for "reasons"  [var-annotated]
scripts/quarantine/build_true_apo_manifest.py:485: error: Call to untyped function "check_xray" in typed context  [no-untyped-call]
scripts/quarantine/build_true_apo_manifest.py:490: error: Call to untyped function "check_nucleic_chains" in typed context  [no-untyped-call]
scripts/quarantine/build_true_apo_manifest.py:496: error: Call to untyped function "get_resolution_from_pdb" in typed context  [no-untyped-call]
scripts/quarantine/build_true_apo_manifest.py:504: error: Call to untyped function "get_resolution_from_pdb" in typed context  [no-untyped-call]
scripts/quarantine/build_true_apo_manifest.py:512: error: Call to untyped function "get_ligand_atoms_from_holo" in typed context  [no-untyped-call]
scripts/quarantine/build_true_apo_manifest.py:534: error: Function is missing a type annotation  [no-untyped-def]
scripts/quarantine/build_true_apo_manifest.py:564: error: Need type annotation for "seen_apo" (hint: "seen_apo: dict[<type>, <type>] = ...")  [var-annotated]
scripts/quarantine/build_true_apo_manifest.py:575: error: Function is missing a type annotation  [no-untyped-def]
scripts/quarantine/build_true_apo_manifest.py:585: error: Call to untyped function "get_binding_residues" in typed context  [no-untyped-call]
scripts/quarantine/build_true_apo_manifest.py:611: error: Function is missing a type annotation  [no-untyped-def]
scripts/quarantine/build_true_apo_manifest.py:640: error: Function is missing a type annotation  [no-untyped-def]
scripts/quarantine/build_true_apo_manifest.py:674: error: "object" has no attribute "append"  [attr-defined]
scripts/quarantine/build_true_apo_manifest.py:691: error: Function is missing a type annotation  [no-untyped-def]
scripts/quarantine/build_true_apo_manifest.py:724: error: Function is missing a return type annotation  [no-untyped-def]
scripts/quarantine/build_true_apo_manifest.py:724: note: Use "-> None" if function does not return a value
scripts/quarantine/build_true_apo_manifest.py:732: error: Call to untyped function "download_cryptobank" in typed context  [no-untyped-call]
scripts/quarantine/build_true_apo_manifest.py:741: error: Call to untyped function "load_cryptobank" in typed context  [no-untyped-call]
scripts/quarantine/build_true_apo_manifest.py:742: error: Call to untyped function "inspect_and_extract_pairs" in typed context  [no-untyped-call]
scripts/quarantine/build_true_apo_manifest.py:750: error: Call to untyped function "filter_pairs" in typed context  [no-untyped-call]
scripts/quarantine/build_true_apo_manifest.py:757: error: Call to untyped function "download_pdbs_parallel" in typed context  [no-untyped-call]
scripts/quarantine/build_true_apo_manifest.py:760: error: Call to untyped function "validate_pdbs" in typed context  [no-untyped-call]
scripts/quarantine/build_true_apo_manifest.py:768: error: Call to untyped function "deduplicate_by_sequence" in typed context  [no-untyped-call]
scripts/quarantine/build_true_apo_manifest.py:772: error: Call to untyped function "check_overlap_with_corpus" in typed context  [no-untyped-call]
scripts/quarantine/build_true_apo_manifest.py:776: error: Call to untyped function "generate_ground_truth" in typed context  [no-untyped-call]
scripts/quarantine/build_true_apo_manifest.py:777: error: Call to untyped function "build_manifest" in typed context  [no-untyped-call]
scripts/quarantine/build_true_apo_manifest.py:778: error: Call to untyped function "print_summary" in typed context  [no-untyped-call]
scripts/quarantine/build_true_apo_manifest.py:785: error: Call to untyped function "main" in typed context  [no-untyped-call]
scripts/quarantine/arrow_to_legacy_json.py:28: error: Missing type arguments for generic type "dict"  [type-arg]
scripts/quarantine/arrow_to_legacy_json.py:41: error: Missing type arguments for generic type "dict"  [type-arg]
scripts/quarantine/arrow_to_legacy_json.py:80: error: Argument 1 to "set" has incompatible type "dict_keys[Any | None, Any | None]"; expected "Iterable[int]"  [arg-type]
scripts/quarantine/arrow_to_legacy_json.py:181: error: Function is missing a return type annotation  [no-untyped-def]
scripts/quarantine/arrow_to_legacy_json.py:181: note: Use "-> None" if function does not return a value
scripts/quarantine/arrow_to_legacy_json.py:196: error: Call to untyped function "main" in typed context  [no-untyped-call]
scripts/production/w3b_event_aggregates_pin.py:41: error: Function is missing a return type annotation  [no-untyped-def]
scripts/production/w3b_event_aggregates_pin.py:47: error: Function is missing a return type annotation  [no-untyped-def]
scripts/production/w3b_event_aggregates_pin.py:47: error: Function is missing a type annotation for one or more parameters  [no-untyped-def]
scripts/production/w3b_event_aggregates_pin.py:125: error: Function is missing a return type annotation  [no-untyped-def]
scripts/production/w3b_event_aggregates_pin.py:134: error: Function is missing a return type annotation  [no-untyped-def]
scripts/production/w3b_event_aggregates_pin.py:149: error: Need type annotation for "out"  [var-annotated]
scripts/production/w3b_event_aggregates_pin.py:156: error: Missing type arguments for generic type "dict"  [type-arg]
scripts/production/w3b_event_aggregates_pin.py:161: error: Function is missing a type annotation  [no-untyped-def]
scripts/production/w3b_event_aggregates_pin.py:162: error: Function is missing a type annotation  [no-untyped-def]
scripts/production/w3b_event_aggregates_pin.py:168: error: Function is missing a type annotation  [no-untyped-def]
scripts/production/w3b_event_aggregates_pin.py:169: error: Function is missing a type annotation  [no-untyped-def]
scripts/production/w3b_event_aggregates_pin.py:180: error: Need type annotation for "phase_ctr"  [var-annotated]
scripts/production/w3b_event_aggregates_pin.py:180: error: Call to untyped function "col_list" in typed context  [no-untyped-call]
scripts/production/w3b_event_aggregates_pin.py:181: error: Need type annotation for "source_ctr"  [var-annotated]
scripts/production/w3b_event_aggregates_pin.py:181: error: Call to untyped function "col_list" in typed context  [no-untyped-call]
scripts/production/w3b_event_aggregates_pin.py:182: error: Need type annotation for "type_ctr"  [var-annotated]
scripts/production/w3b_event_aggregates_pin.py:182: error: Call to untyped function "col_list" in typed context  [no-untyped-call]
scripts/production/w3b_event_aggregates_pin.py:191: error: Call to untyped function "col_numpy" in typed context  [no-untyped-call]
scripts/production/w3b_event_aggregates_pin.py:192: error: Call to untyped function "col_numpy" in typed context  [no-untyped-call]
scripts/production/w3b_event_aggregates_pin.py:193: error: Call to untyped function "col_numpy" in typed context  [no-untyped-call]
scripts/production/w3b_event_aggregates_pin.py:194: error: Call to untyped function "col_numpy" in typed context  [no-untyped-call]
scripts/production/w3b_event_aggregates_pin.py:195: error: Call to untyped function "col_numpy" in typed context  [no-untyped-call]
scripts/production/w3b_event_aggregates_pin.py:196: error: Call to untyped function "col_numpy" in typed context  [no-untyped-call]
scripts/production/w3b_event_aggregates_pin.py:273: error: Missing type arguments for generic type "dict"  [type-arg]
scripts/production/w3b_event_aggregates_pin.py:306: error: Missing type arguments for generic type "dict"  [type-arg]
scripts/production/w3b_event_aggregates_pin.py:307: error: Missing type arguments for generic type "dict"  [type-arg]
scripts/production/w3b_event_aggregates_pin.py:333: error: Function is missing a type annotation for one or more parameters  [no-untyped-def]
scripts/production/w3b_event_aggregates_pin.py:333: error: Missing type arguments for generic type "dict"  [type-arg]
scripts/production/w3b_event_aggregates_pin.py:355: error: Function is missing a type annotation for one or more parameters  [no-untyped-def]
scripts/production/w3b_event_aggregates_pin.py:355: error: Missing type arguments for generic type "dict"  [type-arg]
scripts/production/w3b_event_aggregates_pin.py:393: error: Missing return statement  [return]
scripts/explicit_solvent/water_map_analysis.py:136: error: Returning Any from function declared to return "ndarray[tuple[Any, ...], dtype[Any]]"  [no-any-return]
scripts/explicit_solvent/water_map_analysis.py:250: error: Skipping analyzing "sklearn.cluster": module is installed, but missing library stubs or py.typed marker  [import-untyped]
scripts/explicit_solvent/water_map_analysis.py:363: error: Skipping analyzing "mdtraj": module is installed, but missing library stubs or py.typed marker  [import-untyped]
scripts/explicit_solvent/structural_water_finder.py:71: error: Returning Any from function declared to return "float"  [no-any-return]
scripts/explicit_solvent/structural_water_finder.py:118: error: Skipping analyzing "mdtraj": module is installed, but missing library stubs or py.typed marker  [import-untyped]
scripts/explicit_solvent/structural_water_finder.py:226: error: Missing type arguments for generic type "Dict"  [type-arg]
scripts/explicit_solvent/structural_water_finder.py:228: error: Missing type arguments for generic type "Dict"  [type-arg]
scripts/explicit_solvent/structural_water_finder.py:297: error: Need type annotation for "residue_contacts" (hint: "residue_contacts: dict[<type>, <type>] = ...")  [var-annotated]
scripts/explicit_solvent/solvent_setup.py:133: error: Skipping analyzing "openmm": module is installed, but missing library stubs or py.typed marker  [import-untyped]
scripts/explicit_solvent/solvent_setup.py:135: error: Skipping analyzing "pdbfixer": module is installed, but missing library stubs or py.typed marker  [import-untyped]
scripts/explicit_solvent/refine_from_prism.py:37: error: Function is missing a type annotation  [no-untyped-def]
scripts/explicit_solvent/refine_from_prism.py:47: error: Need type annotation for "model_lines" (hint: "model_lines: list[<type>] = ...")  [var-annotated]
scripts/explicit_solvent/refine_from_prism.py:48: error: Need type annotation for "ca_coords" (hint: "ca_coords: list[<type>] = ...")  [var-annotated]
scripts/explicit_solvent/refine_from_prism.py:91: error: Function is missing a type annotation  [no-untyped-def]
scripts/explicit_solvent/refine_from_prism.py:93: error: Skipping analyzing "openmm.unit": module is installed, but missing library stubs or py.typed marker  [import-untyped]
scripts/explicit_solvent/refine_from_prism.py:93: error: Skipping analyzing "openmm": module is installed, but missing library stubs or py.typed marker  [import-untyped]
scripts/explicit_solvent/refine_from_prism.py:106: error: Function is missing a return type annotation  [no-untyped-def]
scripts/explicit_solvent/refine_from_prism.py:106: note: Use "-> None" if function does not return a value
scripts/explicit_solvent/refine_from_prism.py:148: error: Call to untyped function "find_best_snapshot" in typed context  [no-untyped-call]
scripts/explicit_solvent/refine_from_prism.py:172: error: Skipping analyzing "openmm.app": module is installed, but missing library stubs or py.typed marker  [import-untyped]
scripts/explicit_solvent/refine_from_prism.py:234: error: Call to untyped function "get_pocket_lining_indices" in typed context  [no-untyped-call]
scripts/explicit_solvent/refine_from_prism.py:274: error: Incompatible types in assignment (expression has type "ndarray[tuple[Any, ...], dtype[Any]]", variable has type "list[Any]")  [assignment]
scripts/explicit_solvent/refine_from_prism.py:275: error: Incompatible types in assignment (expression has type "ndarray[tuple[Any, ...], dtype[Any]]", variable has type "list[Any]")  [assignment]
scripts/explicit_solvent/refine_from_prism.py:279: error: "list[Any]" has no attribute "mean"  [attr-defined]
scripts/explicit_solvent/refine_from_prism.py:331: error: Function is missing a type annotation  [no-untyped-def]
scripts/explicit_solvent/refine_from_prism.py:447: error: Function is missing a return type annotation  [no-untyped-def]
scripts/explicit_solvent/refine_from_prism.py:447: note: Use "-> None" if function does not return a value
scripts/explicit_solvent/refine_from_prism.py:488: error: Incompatible types in assignment (expression has type "float", variable has type "int")  [assignment]
scripts/explicit_solvent/refine_from_prism.py:497: error: Call to untyped function "find_best_snapshot" in typed context  [no-untyped-call]
scripts/explicit_solvent/refine_from_prism.py:584: error: Incompatible types in assignment (expression has type "ndarray[tuple[Any, ...], dtype[Any]]", variable has type "list[Any]")  [assignment]
scripts/explicit_solvent/refine_from_prism.py:585: error: Incompatible types in assignment (expression has type "ndarray[tuple[Any, ...], dtype[Any]]", variable has type "list[Any]")  [assignment]
scripts/explicit_solvent/refine_from_prism.py:588: error: "list[Any]" has no attribute "mean"  [attr-defined]
scripts/explicit_solvent/refine_from_prism.py:622: error: Call to untyped function "run_prism_redetect" in typed context  [no-untyped-call]
scripts/explicit_solvent/refine_from_prism.py:639: error: Call to untyped function "main_with_redetect" in typed context  [no-untyped-call]
scripts/explicit_solvent/refine_from_prism.py:641: error: Call to untyped function "main" in typed context  [no-untyped-call]
scripts/pipeline/prism_fep_pipeline.py:126: error: Returning Any from function declared to return "dict[str, Any]"  [no-any-return]
scripts/pipeline/prism_fep_pipeline.py:174: error: Returning Any from function declared to return "dict[str, Any]"  [no-any-return]
scripts/pipeline/prism_fep_pipeline.py:236: error: Returning Any from function declared to return "bool"  [no-any-return]
scripts/production/prepare_prism5000_chain_targets.py:34: error: Incompatible types in assignment (expression has type "None", variable has type Module)  [assignment]
scripts/production/prepare_prism5000_chain_targets.py:123: error: Argument 1 to "Model" has incompatible type "str"; expected "int"  [arg-type]
scripts/validate_reaction_registry.py:43: error: Call to untyped function "GetAtoms" in typed context  [no-untyped-call]
scripts/validate_reaction_registry.py:70: error: Module has no attribute "ReactionFromSmarts"  [attr-defined]
scripts/quarantine/pfr_build_feature_csvs.py:110: error: Module has no attribute "BuildFeatureFactory"  [attr-defined]
scripts/quarantine/pfr_build_feature_csvs.py:131: error: Missing type arguments for generic type "Dict"  [type-arg]
scripts/quarantine/pfr_build_feature_csvs.py:159: error: Missing type arguments for generic type "Dict"  [type-arg]
scripts/quarantine/pfr_build_feature_csvs.py:168: error: Missing type arguments for generic type "Dict"  [type-arg]
scripts/quarantine/pfr_build_feature_csvs.py:184: error: Missing type arguments for generic type "Dict"  [type-arg]
scripts/quarantine/pfr_build_feature_csvs.py:205: error: Missing type arguments for generic type "Dict"  [type-arg]
scripts/quarantine/pfr_build_feature_csvs.py:234: error: Call to untyped function "GetAtoms" in typed context  [no-untyped-call]
scripts/quarantine/pfr_build_feature_csvs.py:250: error: Function is missing a type annotation  [no-untyped-def]
scripts/quarantine/pfr_build_feature_csvs.py:263: error: Function is missing a type annotation  [no-untyped-def]
scripts/quarantine/pfr_build_feature_csvs.py:275: error: Function is missing a return type annotation  [no-untyped-def]
scripts/quarantine/pfr_build_feature_csvs.py:308: error: Missing type arguments for generic type "Dict"  [type-arg]
scripts/quarantine/pfr_build_feature_csvs.py:351: error: Call to untyped function "nearest_protein_atom" in typed context  [no-untyped-call]
scripts/quarantine/pfr_build_feature_csvs.py:354: error: Call to untyped function "direction_to_protein" in typed context  [no-untyped-call]
scripts/quarantine/pfr_build_feature_csvs.py:447: error: Missing type arguments for generic type "Dict"  [type-arg]
scripts/quarantine/pfr_build_feature_csvs.py:455: error: Function is missing a return type annotation  [no-untyped-def]
scripts/quarantine/pfr_build_feature_csvs.py:455: note: Use "-> None" if function does not return a value
scripts/quarantine/pfr_build_feature_csvs.py:475: error: Call to untyped function "main" in typed context  [no-untyped-call]
scripts/genphore/run_pgmg.py:100: error: Module has no attribute "ETKDGv3"  [attr-defined]
scripts/genphore/run_pgmg.py:102: error: Module has no attribute "EmbedMolecule"  [attr-defined]
scripts/genphore/run_pgmg.py:106: error: Module has no attribute "EmbedMolecule"  [attr-defined]
scripts/genphore/run_pgmg.py:110: error: Module has no attribute "MMFFOptimizeMolecule"  [attr-defined]
scripts/explicit_solvent/pocket_refinement.py:120: error: Skipping analyzing "mdtraj": module is installed, but missing library stubs or py.typed marker  [import-untyped]
scripts/explicit_solvent/pocket_refinement.py:135: error: Returning Any from function declared to return "ndarray[tuple[Any, ...], dtype[Any]]"  [no-any-return]
scripts/explicit_solvent/pocket_refinement.py:166: error: Library stubs not installed for "scipy.spatial"  [import-untyped]
scripts/explicit_solvent/pocket_refinement.py:166: note: Hint: "python3 -m pip install scipy-stubs"
scripts/explicit_solvent/pocket_refinement.py:166: note: (or run "mypy --install-types" to install all missing stub packages)
scripts/explicit_solvent/pocket_refinement.py:166: note: See https://mypy.readthedocs.io/en/stable/running_mypy.html#missing-imports
scripts/explicit_solvent/pocket_refinement.py:375: error: Skipping analyzing "openmm": module is installed, but missing library stubs or py.typed marker  [import-untyped]
scripts/explicit_solvent/pocket_refinement.py:428: error: "object" has no attribute "addForce"  [attr-defined]
scripts/test_target_config.py:23: error: Function is missing a type annotation  [no-untyped-def]
scripts/test_target_config.py:43: error: Function is missing a return type annotation  [no-untyped-def]
scripts/test_target_config.py:43: note: Use "-> None" if function does not return a value
scripts/test_target_config.py:51: error: Call to untyped function "run_dossier" in typed context  [no-untyped-call]
scripts/test_target_config.py:69: error: Function is missing a return type annotation  [no-untyped-def]
scripts/test_target_config.py:80: error: Call to untyped function "run_dossier" in typed context  [no-untyped-call]
scripts/test_probe_panel.py:48: error: Function is missing a type annotation  [no-untyped-def]
scripts/test_probe_panel.py:52: error: Function is missing a type annotation  [no-untyped-def]
scripts/test_probe_panel.py:59: error: Function is missing a type annotation  [no-untyped-def]
scripts/test_probe_panel.py:61: error: Call to untyped function "lining_composition" in typed context  [no-untyped-call]
scripts/test_probe_panel.py:71: error: Function is missing a type annotation  [no-untyped-def]
scripts/test_probe_panel.py:73: error: Call to untyped function "lining_composition" in typed context  [no-untyped-call]
scripts/test_probe_panel.py:83: error: Function is missing a type annotation  [no-untyped-def]
scripts/test_probe_panel.py:85: error: Call to untyped function "lining_composition" in typed context  [no-untyped-call]
scripts/test_probe_panel.py:95: error: Function is missing a type annotation  [no-untyped-def]
scripts/test_probe_panel.py:97: error: Call to untyped function "lining_composition" in typed context  [no-untyped-call]
scripts/test_probe_panel.py:109: error: Function is missing a type annotation  [no-untyped-def]
scripts/test_probe_panel.py:112: error: Call to untyped function "probe_a_score" in typed context  [no-untyped-call]
scripts/test_probe_panel.py:113: error: Call to untyped function "probe_b_score" in typed context  [no-untyped-call]
scripts/test_probe_panel.py:114: error: Call to untyped function "probe_c_score" in typed context  [no-untyped-call]
scripts/test_probe_panel.py:115: error: Call to untyped function "probe_d_score" in typed context  [no-untyped-call]
scripts/test_probe_panel.py:119: error: Function is missing a type annotation  [no-untyped-def]
scripts/test_probe_panel.py:121: error: Call to untyped function "probe_response_matrix" in typed context  [no-untyped-call]
scripts/test_probe_panel.py:122: error: Call to untyped function "probe_response_matrix" in typed context  [no-untyped-call]
scripts/test_probe_panel.py:178: error: Call to untyped function "dcc" in typed context  [no-untyped-call]
scripts/test_probe_panel.py:181: error: Call to untyped function "dcc" in typed context  [no-untyped-call]
scripts/test_probe_panel.py:182: error: Call to untyped function "dcc" in typed context  [no-untyped-call]
scripts/test_probe_panel.py:189: error: Call to untyped function "response_comparison" in typed context  [no-untyped-call]
scripts/test_probe_panel.py:204: error: Dict entry 6 has incompatible type "str": "int"; expected "str": "str"  [dict-item]
scripts/test_probe_panel.py:205: error: Dict entry 7 has incompatible type "str": "int"; expected "str": "str"  [dict-item]
scripts/test_four_stage_decision.py:32: error: Function is missing a type annotation  [no-untyped-def]
scripts/test_four_stage_decision.py:33: error: Function is missing a type annotation  [no-untyped-def]
scripts/test_four_stage_decision.py:37: error: Function is missing a type annotation  [no-untyped-def]
scripts/test_four_stage_decision.py:38: error: Function is missing a type annotation  [no-untyped-def]
scripts/test_four_stage_decision.py:39: error: Function is missing a type annotation  [no-untyped-def]
scripts/test_four_stage_decision.py:40: error: Call to untyped function "therm_score" in typed context  [no-untyped-call]
scripts/test_four_stage_decision.py:42: error: Call to untyped function "norm_asym" in typed context  [no-untyped-call]
scripts/test_four_stage_decision.py:43: error: Call to untyped function "norm_offset" in typed context  [no-untyped-call]
scripts/test_four_stage_decision.py:44: error: Function is missing a type annotation  [no-untyped-def]
scripts/test_four_stage_decision.py:68: error: Call to untyped function "dcc" in typed context  [no-untyped-call]
scripts/test_four_stage_decision.py:69: error: Call to untyped function "therm_score" in typed context  [no-untyped-call]
scripts/test_four_stage_decision.py:70: error: Call to untyped function "loc_score" in typed context  [no-untyped-call]
scripts/test_four_stage_decision.py:80: error: Call to untyped function "coherence_ok" in typed context  [no-untyped-call]
scripts/test_dccm.py:29: error: Function is missing a type annotation  [no-untyped-def]
scripts/test_dccm.py:31: error: Need type annotation for "cas" (hint: "cas: dict[<type>, <type>] = ...")  [var-annotated]
scripts/test_dccm.py:48: error: Function is missing a type annotation  [no-untyped-def]
scripts/test_dccm.py:69: error: Function is missing a type annotation  [no-untyped-def]
scripts/test_dccm.py:106: error: Function is missing a type annotation  [no-untyped-def]
scripts/test_dccm.py:118: error: Call to untyped function "parse_traj" in typed context  [no-untyped-call]
scripts/test_dccm.py:122: error: Call to untyped function "compute_dccm" in typed context  [no-untyped-call]
scripts/test_dccm.py:135: error: Call to untyped function "dcc" in typed context  [no-untyped-call]
scripts/test_dccm.py:137: error: Call to untyped function "site_metrics" in typed context  [no-untyped-call]
scripts/test_dccm.py:138: error: Call to untyped function "site_metrics" in typed context  [no-untyped-call]
scripts/test_dccm.py:146: error: Call to untyped function "dcc" in typed context  [no-untyped-call]
scripts/test_dccm.py:147: error: Call to untyped function "dcc" in typed context  [no-untyped-call]
scripts/test_contact_reorg.py:41: error: Function is missing a type annotation  [no-untyped-def]
scripts/test_contact_reorg.py:44: error: Need type annotation for "current_cas" (hint: "current_cas: dict[<type>, <type>] = ...")  [var-annotated]
scripts/test_contact_reorg.py:70: error: Function is missing a type annotation  [no-untyped-def]
scripts/test_contact_reorg.py:84: error: Function is missing a type annotation  [no-untyped-def]
scripts/test_contact_reorg.py:99: error: Function is missing a type annotation  [no-untyped-def]
scripts/test_contact_reorg.py:105: error: Call to untyped function "compute_contacts" in typed context  [no-untyped-call]
scripts/test_contact_reorg.py:106: error: Call to untyped function "local_contacts" in typed context  [no-untyped-call]
scripts/test_contact_reorg.py:115: error: Call to untyped function "compute_contacts" in typed context  [no-untyped-call]
scripts/test_contact_reorg.py:116: error: Call to untyped function "local_contacts" in typed context  [no-untyped-call]
scripts/test_contact_reorg.py:125: error: Call to untyped function "local_contacts" in typed context  [no-untyped-call]
scripts/test_contact_reorg.py:126: error: Call to untyped function "local_contacts" in typed context  [no-untyped-call]
scripts/test_contact_reorg.py:143: error: Call to untyped function "compute_contacts" in typed context  [no-untyped-call]
scripts/test_contact_reorg.py:144: error: Call to untyped function "local_contacts" in typed context  [no-untyped-call]
scripts/test_contact_reorg.py:145: error: Call to untyped function "compute_contacts" in typed context  [no-untyped-call]
scripts/test_contact_reorg.py:152: error: Call to untyped function "local_contacts" in typed context  [no-untyped-call]
scripts/test_contact_reorg.py:152: error: Call to untyped function "compute_contacts" in typed context  [no-untyped-call]
scripts/test_contact_reorg.py:168: error: Function is missing a type annotation  [no-untyped-def]
scripts/test_contact_reorg.py:172: error: Function is missing a return type annotation  [no-untyped-def]
scripts/test_contact_reorg.py:192: error: Call to untyped function "parse_trajectory_ca" in typed context  [no-untyped-call]
scripts/test_contact_reorg.py:209: error: Call to untyped function "dcc" in typed context  [no-untyped-call]
scripts/test_contact_reorg.py:211: error: Call to untyped function "dcc" in typed context  [no-untyped-call]
scripts/test_contact_reorg.py:212: error: Call to untyped function "dcc" in typed context  [no-untyped-call]
scripts/test_contact_reorg.py:217: error: Call to untyped function "contact_reorg_metrics" in typed context  [no-untyped-call]
scripts/test_contact_reorg.py:230: error: Call to untyped function "main" in typed context  [no-untyped-call]
scripts/tests/test_wrn_1522_validation.py:34: error: Missing type arguments for generic type "dict"  [type-arg]
scripts/tests/test_wrn_1522_validation.py:55: error: Returning Any from function declared to return "dict[Any, Any]"  [no-any-return]
scripts/tests/test_wrn_1522_validation.py:58: error: Missing type arguments for generic type "dict"  [type-arg]
scripts/tests/test_wrn_1522_validation.py:63: error: Missing type arguments for generic type "dict"  [type-arg]
scripts/tests/test_wrn_1522_validation.py:68: error: Missing type arguments for generic type "dict"  [type-arg]
scripts/tests/test_wrn_1522_validation.py:74: error: Missing type arguments for generic type "dict"  [type-arg]
scripts/tests/test_wrn_1522_validation.py:79: error: Missing type arguments for generic type "dict"  [type-arg]
scripts/tests/test_wrn_1522_validation.py:84: error: Missing type arguments for generic type "dict"  [type-arg]
scripts/tests/test_wrn_1522_validation.py:89: error: Missing type arguments for generic type "dict"  [type-arg]
scripts/tests/test_m1_1_panel_integrity.py:51: error: Function is missing a return type annotation  [no-untyped-def]
scripts/tests/test_m1_1_panel_integrity.py:51: note: Use "-> None" if function does not return a value
scripts/tests/test_m1_1_panel_integrity.py:80: error: Function is missing a return type annotation  [no-untyped-def]
scripts/tests/test_m1_1_panel_integrity.py:92: error: Function is missing a return type annotation  [no-untyped-def]
scripts/tests/test_m1_1_panel_integrity.py:99: error: Function is missing a return type annotation  [no-untyped-def]
scripts/tests/test_m1_1_panel_integrity.py:99: note: Use "-> None" if function does not return a value
scripts/quarantine/docx_split_panels_per_page.py:32: error: Function is missing a type annotation for one or more parameters  [no-untyped-def]
scripts/quarantine/docx_split_panels_per_page.py:56: error: Returning Any from function declared to return "int"  [no-any-return]
scripts/quarantine/docx_split_panels_per_page.py:60: error: Function is missing a return type annotation  [no-untyped-def]
scripts/quarantine/docx_split_panels_per_page.py:70: error: Function is missing a return type annotation  [no-untyped-def]
scripts/quarantine/docx_split_panels_per_page.py:80: error: Function is missing a type annotation  [no-untyped-def]
scripts/quarantine/docx_split_panels_per_page.py:85: error: Function is missing a type annotation  [no-untyped-def]
scripts/quarantine/docx_split_panels_per_page.py:105: error: Function is missing a return type annotation  [no-untyped-def]
scripts/quarantine/docx_split_panels_per_page.py:105: note: Use "-> None" if function does not return a value
scripts/quarantine/docx_split_panels_per_page.py:106: error: Argument 1 to "Document" has incompatible type "Path"; expected "str | IO[bytes] | None"  [arg-type]
scripts/quarantine/docx_split_panels_per_page.py:108: error: Unsupported operand types for - ("Length" and "None")  [operator]
scripts/quarantine/docx_split_panels_per_page.py:108: error: Unsupported operand types for - ("None" and "Length")  [operator]
scripts/quarantine/docx_split_panels_per_page.py:108: error: Unsupported left operand type for - ("None")  [operator]
scripts/quarantine/docx_split_panels_per_page.py:108: note: Both left and right operands are unions
scripts/quarantine/docx_split_panels_per_page.py:108: error: Unsupported operand types for - ("int" and "None")  [operator]
scripts/quarantine/docx_split_panels_per_page.py:109: error: Unsupported operand types for - ("Length" and "None")  [operator]
scripts/quarantine/docx_split_panels_per_page.py:109: error: Unsupported operand types for - ("None" and "Length")  [operator]
scripts/quarantine/docx_split_panels_per_page.py:109: error: Unsupported left operand type for - ("None")  [operator]
scripts/quarantine/docx_split_panels_per_page.py:109: note: Both left and right operands are unions
scripts/quarantine/docx_split_panels_per_page.py:109: error: Unsupported operand types for - ("int" and "None")  [operator]
scripts/quarantine/docx_split_panels_per_page.py:156: error: Call to untyped function "set_para_pb_center" in typed context  [no-untyped-call]
scripts/quarantine/docx_split_panels_per_page.py:160: error: Call to untyped function "set_para_pb_center" in typed context  [no-untyped-call]
scripts/quarantine/docx_split_panels_per_page.py:171: error: Call to untyped function "find_caption" in typed context  [no-untyped-call]
scripts/quarantine/docx_split_panels_per_page.py:177: error: Call to untyped function "make_page_break_elem" in typed context  [no-untyped-call]
scripts/quarantine/docx_split_panels_per_page.py:178: error: Call to untyped function "make_page_break_elem" in typed context  [no-untyped-call]
scripts/quarantine/docx_split_panels_per_page.py:197: error: Argument 1 to "save" of "Document" has incompatible type "Path"; expected "str | IO[bytes]"  [arg-type]
scripts/quarantine/docx_split_panels_per_page.py:205: error: Call to untyped function "main" in typed context  [no-untyped-call]
scripts/query_real_aleniglipron_analogs.py:13: error: Library stubs not installed for "requests"  [import-untyped]
scripts/query_real_aleniglipron_analogs.py:191: error: Module has no attribute "MolWt"  [attr-defined]
scripts/admet_predict.py:27: error: Function is missing a type annotation  [no-untyped-def]
scripts/admet_predict.py:29: error: Module has no attribute "MolWt"  [attr-defined]
scripts/admet_predict.py:30: error: Module has no attribute "MolLogP"  [attr-defined]
scripts/admet_predict.py:31: error: Module has no attribute "NumHAcceptors"  [attr-defined]
scripts/admet_predict.py:32: error: Module has no attribute "NumHDonors"  [attr-defined]
scripts/admet_predict.py:33: error: Module has no attribute "TPSA"  [attr-defined]
scripts/admet_predict.py:34: error: Module has no attribute "NumRotatableBonds"  [attr-defined]
scripts/admet_predict.py:35: error: Module has no attribute "RingCount"  [attr-defined]
scripts/admet_predict.py:36: error: Module has no attribute "NumAromaticRings"  [attr-defined]
scripts/admet_predict.py:39: error: Call to untyped function "qed" in typed context  [no-untyped-call]
scripts/admet_predict.py:54: error: Module has no attribute "MolMR"  [attr-defined]
scripts/admet_predict.py:117: error: Function is missing a type annotation  [no-untyped-def]
scripts/admet_predict.py:194: error: Function is missing a return type annotation  [no-untyped-def]
scripts/admet_predict.py:194: note: Use "-> None" if function does not return a value
scripts/admet_predict.py:231: error: Call to untyped function "compute_admet" in typed context  [no-untyped-call]
scripts/admet_predict.py:242: error: Call to untyped function "generate_admet_report" in typed context  [no-untyped-call]
scripts/admet_predict.py:249: error: Call to untyped function "main" in typed context  [no-untyped-call]
scripts/preprocessing/tautomer_enumeration.py:39: error: Call to untyped function "setLevel" in typed context  [no-untyped-call]
scripts/preprocessing/tautomer_enumeration.py:56: error: Skipping analyzing "dimorphite_dl": module is installed, but missing library stubs or py.typed marker  [import-untyped]
scripts/filters/stage2_druglikeness.py:36: error: Module has no attribute "MolWt"  [attr-defined]
scripts/filters/stage2_druglikeness.py:38: error: Module has no attribute "MolLogP"  [attr-defined]
scripts/filters/stage2_druglikeness.py:40: error: Module has no attribute "NumHDonors"  [attr-defined]
scripts/filters/stage2_druglikeness.py:42: error: Module has no attribute "NumHAcceptors"  [attr-defined]
scripts/filters/stage2_druglikeness.py:50: error: Call to untyped function "qed" in typed context  [no-untyped-call]
scripts/filters/stage2_druglikeness.py:53: error: Module has no attribute "MolWt"  [attr-defined]
scripts/filters/stage2_druglikeness.py:54: error: Module has no attribute "MolLogP"  [attr-defined]
scripts/filters/stage2_druglikeness.py:55: error: Module has no attribute "NumHDonors"  [attr-defined]
scripts/filters/stage2_druglikeness.py:56: error: Module has no attribute "NumHAcceptors"  [attr-defined]
scripts/quarantine/remap_topo_resids.py:35: error: Function is missing a type annotation  [no-untyped-def]
scripts/quarantine/remap_topo_resids.py:50: error: Function is missing a type annotation  [no-untyped-def]
scripts/quarantine/remap_topo_resids.py:63: error: Function is missing a type annotation  [no-untyped-def]
scripts/quarantine/remap_topo_resids.py:74: error: Function is missing a type annotation  [no-untyped-def]
scripts/quarantine/remap_topo_resids.py:76: error: Call to untyped function "PairwiseAligner" in typed context  [no-untyped-call]
scripts/quarantine/remap_topo_resids.py:85: error: Call to untyped function "align" in typed context  [no-untyped-call]
scripts/quarantine/remap_topo_resids.py:90: error: Function is missing a type annotation  [no-untyped-def]
scripts/quarantine/remap_topo_resids.py:104: error: Function is missing a return type annotation  [no-untyped-def]
scripts/quarantine/remap_topo_resids.py:104: note: Use "-> None" if function does not return a value
scripts/quarantine/remap_topo_resids.py:114: error: Call to untyped function "extract_pdb_sequence" in typed context  [no-untyped-call]
scripts/quarantine/remap_topo_resids.py:118: error: Call to untyped function "extract_topo_resnames" in typed context  [no-untyped-call]
scripts/quarantine/remap_topo_resids.py:146: error: Call to untyped function "build_topo_sequence_string" in typed context  [no-untyped-call]
scripts/quarantine/remap_topo_resids.py:156: error: Call to untyped function "align_sequences" in typed context  [no-untyped-call]
scripts/quarantine/remap_topo_resids.py:160: error: Call to untyped function "build_mapping_from_alignment" in typed context  [no-untyped-call]
scripts/quarantine/remap_topo_resids.py:222: error: Call to untyped function "main" in typed context  [no-untyped-call]
scripts/genphore/generate.py:70: error: Missing type arguments for generic type "dict"  [type-arg]
scripts/genphore/generate.py:76: error: "object" has no attribute "append"  [attr-defined]
scripts/filters/stage5_novelty.py:32: error: Returning Any from function declared to return "ExplicitBitVect"  [no-any-return]
scripts/filters/stage5_novelty.py:32: error: Module has no attribute "GetMorganFingerprintAsBitVect"  [attr-defined]
scripts/filters/stage4_pharmacophore.py:81: error: Missing type arguments for generic type "set"  [type-arg]
scripts/filters/stage4_pharmacophore.py:110: error: Missing type arguments for generic type "set"  [type-arg]
scripts/filters/stage4_pharmacophore.py:140: error: Module has no attribute "ETKDGv3"  [attr-defined]
scripts/filters/stage4_pharmacophore.py:142: error: Module has no attribute "EmbedMolecule"  [attr-defined]
scripts/filters/stage4_pharmacophore.py:146: error: Module has no attribute "EmbedMolecule"  [attr-defined]
scripts/filters/stage4_pharmacophore.py:150: error: Module has no attribute "MMFFOptimizeMolecule"  [attr-defined]
scripts/filters/ranking.py:109: error: Argument 1 to "pareto_fronts" has incompatible type "list[tuple[float, float, float, float]]"; expected "list[tuple[float, ...]]"  [arg-type]
scripts/filters/ranking.py:109: note: "list" is invariant -- see https://mypy.readthedocs.io/en/stable/common_issues.html#variance
scripts/filters/ranking.py:109: note: Consider using "Sequence" instead, which is covariant
scripts/training/xgboost_ranker_v4.py:40: error: Library stubs not installed for "pandas"  [import-untyped]
scripts/training/xgboost_ranker_v4.py:43: error: Cannot find implementation or library stub for module named "cluster_split"  [import-not-found]
scripts/training/xgboost_ranker_v4.py:296: error: Skipping analyzing "onnxmltools.convert": module is installed, but missing library stubs or py.typed marker  [import-untyped]
scripts/training/xgboost_ranker_v4.py:297: error: Skipping analyzing "onnxconverter_common": module is installed, but missing library stubs or py.typed marker  [import-untyped]
scripts/training/xgboost_ranker_v4.py:298: error: Skipping analyzing "onnxmltools": module is installed, but missing library stubs or py.typed marker  [import-untyped]
scripts/training/xgboost_ranker_v4.py:323: error: Function is missing a return type annotation  [no-untyped-def]
scripts/training/xgboost_ranker_v4.py:404: error: Unsupported operand type for unary - ("float | list[float]")  [operator]
scripts/training/xgboost_ranker_v4.py:417: error: Call to untyped function "main" in typed context  [no-untyped-call]
scripts/training/xgboost_ranker_v3.py:90: error: Returning Any from function declared to return "dict[str, Any] | None"  [no-any-return]
scripts/training/xgboost_ranker_v3.py:431: error: Incompatible types in assignment (expression has type "ndarray[tuple[Any, ...], dtype[Any]]", variable has type "list[ndarray[tuple[Any, ...], dtype[Any]]]")  [assignment]
scripts/training/xgboost_ranker_v3.py:432: error: Incompatible types in assignment (expression has type "ndarray[tuple[Any, ...], dtype[floating[_32Bit]]]", variable has type "list[Any]")  [assignment]
scripts/training/xgboost_ranker_v3.py:433: error: "list[Any]" has no attribute "round"  [attr-defined]
scripts/training/xgboost_ranker_v3.py:453: error: Skipping analyzing "onnxmltools": module is installed, but missing library stubs or py.typed marker  [import-untyped]
scripts/training/xgboost_ranker_v3.py:454: error: Skipping analyzing "onnxmltools.convert": module is installed, but missing library stubs or py.typed marker  [import-untyped]
scripts/training/xgboost_ranker_v3.py:455: error: Skipping analyzing "onnxconverter_common": module is installed, but missing library stubs or py.typed marker  [import-untyped]
scripts/training/xgboost_ranker_v3.py:472: error: Function is missing a return type annotation  [no-untyped-def]
scripts/training/xgboost_ranker_v3.py:539: error: Unsupported operand type for unary - ("float | list[float]")  [operator]
scripts/training/xgboost_ranker_v3.py:557: error: Call to untyped function "main" in typed context  [no-untyped-call]
scripts/training/xgboost_ranker_v2.py:43: error: Library stubs not installed for "pandas"  [import-untyped]
scripts/training/xgboost_ranker_v2.py:82: error: Missing type arguments for generic type "dict"  [type-arg]
scripts/training/xgboost_ranker_v2.py:87: error: Missing type arguments for generic type "dict"  [type-arg]
scripts/training/xgboost_ranker_v2.py:260: error: Function is missing a return type annotation  [no-untyped-def]
scripts/training/xgboost_ranker_v2.py:316: error: Unsupported operand type for unary - ("float | list[float]")  [operator]
scripts/training/xgboost_ranker_v2.py:328: error: Call to untyped function "main" in typed context  [no-untyped-call]
scripts/training/xgboost_ranker.py:58: error: Library stubs not installed for "pandas"  [import-untyped]
scripts/training/xgboost_ranker.py:162: error: Function is missing a type annotation for one or more parameters  [no-untyped-def]
scripts/training/xgboost_ranker.py:320: error: Function is missing a return type annotation  [no-untyped-def]
scripts/training/xgboost_ranker.py:394: error: Unsupported operand type for unary - ("float | list[float]")  [operator]
scripts/training/xgboost_ranker.py:407: error: Call to untyped function "main" in typed context  [no-untyped-call]
scripts/production/export_v4_snapshot.py:33: error: Function is missing a type annotation for one or more parameters  [no-untyped-def]
scripts/production/export_v4_snapshot.py:36: error: Function is missing a type annotation  [no-untyped-def]
scripts/production/export_v4_snapshot.py:38: error: Function is missing a type annotation  [no-untyped-def]
scripts/production/export_v4_snapshot.py:43: error: Function is missing a type annotation  [no-untyped-def]
scripts/production/export_v4_snapshot.py:46: error: Call to untyped function "die" in typed context  [no-untyped-call]
scripts/production/export_v4_snapshot.py:49: error: Missing type arguments for generic type "dict"  [type-arg]
scripts/production/export_v4_snapshot.py:70: error: Returning Any from function declared to return "str"  [no-any-return]
scripts/production/export_v4_snapshot.py:74: error: Function is missing a type annotation  [no-untyped-def]
scripts/production/export_v4_snapshot.py:84: error: Function is missing a return type annotation  [no-untyped-def]
scripts/production/export_v4_snapshot.py:103: error: Library stubs not installed for "pandas"  [import-untyped]
scripts/production/export_v4_snapshot.py:103: note: Hint: "python3 -m pip install pandas-stubs"
scripts/production/export_v4_snapshot.py:104: error: Skipping analyzing "onnxmltools": module is installed, but missing library stubs or py.typed marker  [import-untyped]
scripts/production/export_v4_snapshot.py:106: error: Call to untyped function "die" in typed context  [no-untyped-call]
scripts/production/export_v4_snapshot.py:114: error: Call to untyped function "api_get" in typed context  [no-untyped-call]
scripts/production/export_v4_snapshot.py:123: error: Call to untyped function "die" in typed context  [no-untyped-call]
scripts/production/export_v4_snapshot.py:128: error: Need type annotation for "event_contract_versions" (hint: "event_contract_versions: dict[<type>, <type>] = ...")  [var-annotated]
scripts/production/export_v4_snapshot.py:131: error: Call to untyped function "api_get" in typed context  [no-untyped-call]
scripts/production/export_v4_snapshot.py:135: error: Call to untyped function "api_get" in typed context  [no-untyped-call]
scripts/production/export_v4_snapshot.py:137: error: Call to untyped function "api_get" in typed context  [no-untyped-call]
scripts/production/export_v4_snapshot.py:140: error: Call to untyped function "api_get" in typed context  [no-untyped-call]
scripts/production/export_v4_snapshot.py:146: error: Call to untyped function "api_get" in typed context  [no-untyped-call]
scripts/production/export_v4_snapshot.py:156: error: Call to untyped function "api_get" in typed context  [no-untyped-call]
scripts/production/export_v4_snapshot.py:159: error: Call to untyped function "api_get" in typed context  [no-untyped-call]
scripts/production/export_v4_snapshot.py:185: error: Function is missing a type annotation  [no-untyped-def]
scripts/production/export_v4_snapshot.py:188: error: Call to untyped function "write_parquet" in typed context  [no-untyped-call]
scripts/production/export_v4_snapshot.py:189: error: Call to untyped function "write_parquet" in typed context  [no-untyped-call]
scripts/production/export_v4_snapshot.py:190: error: Call to untyped function "write_parquet" in typed context  [no-untyped-call]
scripts/production/export_v4_snapshot.py:191: error: Call to untyped function "write_parquet" in typed context  [no-untyped-call]
scripts/production/export_v4_snapshot.py:192: error: Call to untyped function "write_parquet" in typed context  [no-untyped-call]
scripts/production/export_v4_snapshot.py:193: error: Call to untyped function "write_parquet" in typed context  [no-untyped-call]
scripts/production/export_v4_snapshot.py:255: error: Call to untyped function "die" in typed context  [no-untyped-call]
scripts/production/export_v4_snapshot.py:281: error: Call to untyped function "git_sha" in typed context  [no-untyped-call]
scripts/production/export_v4_snapshot.py:314: error: Function is missing a type annotation  [no-untyped-def]
scripts/production/export_v4_snapshot.py:316: error: Call to untyped function "die" in typed context  [no-untyped-call]
scripts/production/export_v4_snapshot.py:321: error: Call to untyped function "require" in typed context  [no-untyped-call]
scripts/production/export_v4_snapshot.py:323: error: Call to untyped function "die" in typed context  [no-untyped-call]
scripts/production/export_v4_snapshot.py:325: error: Call to untyped function "die" in typed context  [no-untyped-call]
scripts/production/export_v4_snapshot.py:327: error: Call to untyped function "die" in typed context  [no-untyped-call]
scripts/production/export_v4_snapshot.py:329: error: Call to untyped function "die" in typed context  [no-untyped-call]
scripts/production/export_v4_snapshot.py:338: error: Call to untyped function "main" in typed context  [no-untyped-call]
scripts/filters/stage6_diversity.py:61: error: Call to untyped function "ClusterData" in typed context  [no-untyped-call]
scripts/post_dock_analysis.py:48: error: Cannot find implementation or library stub for module named "plip.structure.preparation"  [import-not-found]
scripts/post_dock_analysis.py:48: note: Did you mean "pip"?
scripts/post_dock_analysis.py:53: error: Function is missing a type annotation  [no-untyped-def]
scripts/post_dock_analysis.py:102: error: Function is missing a type annotation  [no-untyped-def]
scripts/post_dock_analysis.py:112: error: Need type annotation for "interactions"  [var-annotated]
scripts/post_dock_analysis.py:195: error: Function is missing a type annotation  [no-untyped-def]
scripts/post_dock_analysis.py:297: error: Function is missing a type annotation  [no-untyped-def]
scripts/post_dock_analysis.py:310: error: Module "matplotlib.pyplot" does not explicitly export attribute "Circle"  [attr-defined]
scripts/post_dock_analysis.py:360: error: Module "matplotlib.pyplot" does not explicitly export attribute "Circle"  [attr-defined]
scripts/post_dock_analysis.py:397: error: Function is missing a type annotation  [no-untyped-def]
scripts/post_dock_analysis.py:527: error: Need type annotation for "type_counts"  [var-annotated]
scripts/post_dock_analysis.py:601: error: Function is missing a type annotation  [no-untyped-def]
scripts/post_dock_analysis.py:632: error: Function is missing a type annotation  [no-untyped-def]
scripts/post_dock_analysis.py:687: error: Need type annotation for "best_per_type" (hint: "best_per_type: dict[<type>, <type>] = ...")  [var-annotated]
scripts/post_dock_analysis.py:752: error: Function is missing a return type annotation  [no-untyped-def]
scripts/post_dock_analysis.py:752: note: Use "-> None" if function does not return a value
scripts/post_dock_analysis.py:826: error: Call to untyped function "merge_ligand_into_receptor" in typed context  [no-untyped-call]
scripts/post_dock_analysis.py:830: error: Call to untyped function "run_plip_analysis" in typed context  [no-untyped-call]
scripts/post_dock_analysis.py:851: error: Incompatible types in assignment (expression has type "str", variable has type "Path")  [assignment]
scripts/post_dock_analysis.py:852: error: Call to untyped function "score_pharmacophore_overlap" in typed context  [no-untyped-call]
scripts/post_dock_analysis.py:864: error: Call to untyped function "generate_2d_interaction_diagram" in typed context  [no-untyped-call]
scripts/post_dock_analysis.py:882: error: Call to untyped function "generate_sota_pymol" in typed context  [no-untyped-call]
scripts/post_dock_analysis.py:892: error: Call to untyped function "ray_trace_figure" in typed context  [no-untyped-call]
scripts/post_dock_analysis.py:897: error: Call to untyped function "generate_report" in typed context  [no-untyped-call]
scripts/post_dock_analysis.py:921: error: Call to untyped function "main" in typed context  [no-untyped-call]
scripts/generate_publication_data.py:17: error: Library stubs not installed for "pandas"  [import-untyped]
scripts/generate_publication_data.py:90: error: Missing type arguments for generic type "Dict"  [type-arg]
scripts/generate_publication_data.py:94: error: Returning Any from function declared to return "dict[Any, Any]"  [no-any-return]
scripts/generate_publication_data.py:111: error: Returning Any from function declared to return "ndarray[tuple[Any, ...], dtype[Any]]"  [no-any-return]
scripts/generate_publication_data.py:118: error: Need type annotation for "current" (hint: "current: list[<type>] = ...")  [var-annotated]
scripts/generate_publication_data.py:120: error: Need type annotation for "seen_resids" (hint: "seen_resids: set[<type>] = ...")  [var-annotated]
scripts/generate_publication_data.py:159: error: Returning Any from function declared to return "ndarray[tuple[Any, ...], dtype[Any]]"  [no-any-return]
scripts/generate_publication_data.py:187: error: Function is missing a return type annotation  [no-untyped-def]
scripts/generate_publication_data.py:226: error: Function is missing a return type annotation  [no-untyped-def]
scripts/generate_publication_data.py:286: error: Function is missing a return type annotation  [no-untyped-def]
scripts/generate_publication_data.py:313: error: Function is missing a return type annotation  [no-untyped-def]
scripts/generate_publication_data.py:373: error: Function is missing a return type annotation  [no-untyped-def]
scripts/generate_publication_data.py:420: error: Function is missing a return type annotation  [no-untyped-def]
scripts/generate_publication_data.py:477: error: Function is missing a return type annotation  [no-untyped-def]
scripts/generate_publication_data.py:518: error: Function is missing a return type annotation  [no-untyped-def]
scripts/generate_publication_data.py:561: error: Function is missing a return type annotation  [no-untyped-def]
scripts/generate_publication_data.py:574: error: Need type annotation for "data" (hint: "data: list[<type>] = ...")  [var-annotated]
scripts/generate_publication_data.py:611: error: Function is missing a return type annotation  [no-untyped-def]
scripts/generate_publication_data.py:611: error: Missing type arguments for generic type "Dict"  [type-arg]
scripts/generate_publication_data.py:644: error: Function is missing a return type annotation  [no-untyped-def]
scripts/generate_publication_data.py:714: error: Function is missing a return type annotation  [no-untyped-def]
scripts/generate_publication_data.py:770: error: Function is missing a return type annotation  [no-untyped-def]
scripts/generate_publication_data.py:824: error: Function is missing a return type annotation  [no-untyped-def]
scripts/generate_publication_data.py:825: error: Missing type arguments for generic type "Dict"  [type-arg]
scripts/generate_publication_data.py:1042: error: Function is missing a return type annotation  [no-untyped-def]
scripts/generate_publication_data.py:1042: note: Use "-> None" if function does not return a value
scripts/generate_publication_data.py:1081: error: Call to untyped function "generate_table1_simulation_parameters" in typed context  [no-untyped-call]
scripts/generate_publication_data.py:1082: error: Call to untyped function "generate_table2_system_composition" in typed context  [no-untyped-call]
scripts/generate_publication_data.py:1116: error: Call to untyped function "main" in typed context  [no-untyped-call]
scripts/generate_figures.py:25: error: Library stubs not installed for "scipy"  [import-untyped]
scripts/generate_figures.py:71: error: Function is missing a return type annotation  [no-untyped-def]
scripts/generate_figures.py:71: note: Use "-> None" if function does not return a value
scripts/generate_figures.py:93: error: Function is missing a return type annotation  [no-untyped-def]
scripts/generate_figures.py:93: note: Use "-> None" if function does not return a value
scripts/generate_figures.py:103: error: Module has no attribute "Compute2DCoords"  [attr-defined]
scripts/generate_figures.py:108: error: Incompatible types in assignment (expression has type "bool", variable has type "MolDrawOptions")  [assignment]
scripts/generate_figures.py:109: error: Incompatible types in assignment (expression has type "bool", variable has type "MolDrawOptions")  [assignment]
scripts/generate_figures.py:110: error: Incompatible types in assignment (expression has type "float", variable has type "MolDrawOptions")  [assignment]
scripts/generate_figures.py:111: error: Incompatible types in assignment (expression has type "float", variable has type "MolDrawOptions")  [assignment]
scripts/generate_figures.py:112: error: Incompatible types in assignment (expression has type "tuple[float, float, float, float]", variable has type "MolDrawOptions")  [assignment]
scripts/generate_figures.py:128: error: Function is missing a return type annotation  [no-untyped-def]
scripts/generate_figures.py:128: note: Use "-> None" if function does not return a value
scripts/generate_figures.py:131: error: Call to untyped function "_setup_font" in typed context  [no-untyped-call]
scripts/generate_figures.py:226: error: Function is missing a return type annotation  [no-untyped-def]
scripts/generate_figures.py:226: note: Use "-> None" if function does not return a value
scripts/generate_figures.py:229: error: Call to untyped function "_setup_font" in typed context  [no-untyped-call]
scripts/generate_figures.py:295: error: Function is missing a return type annotation  [no-untyped-def]
scripts/generate_figures.py:295: note: Use "-> None" if function does not return a value
scripts/generate_figures.py:299: error: Call to untyped function "generate_2d_structures" in typed context  [no-untyped-call]
scripts/generate_figures.py:300: error: Call to untyped function "generate_correlation_plot" in typed context  [no-untyped-call]
scripts/generate_figures.py:301: error: Call to untyped function "generate_multi_score_comparison" in typed context  [no-untyped-call]
scripts/generate_figures.py:307: error: Call to untyped function "main" in typed context  [no-untyped-call]
scripts/generate_comprehensive_figures.py:61: error: Function is missing a type annotation  [no-untyped-def]
scripts/generate_comprehensive_figures.py:74: error: Function is missing a type annotation  [no-untyped-def]
scripts/generate_comprehensive_figures.py:84: error: Need type annotation for "frame_spikes"  [var-annotated]
scripts/generate_comprehensive_figures.py:99: error: Value of type "object" is not indexable  [index]
scripts/generate_comprehensive_figures.py:99: error: Unsupported target for indexed assignment ("object")  [index]
scripts/generate_comprehensive_figures.py:149: error: Need type annotation for "wl_data"  [var-annotated]
scripts/generate_comprehensive_figures.py:152: error: "object" has no attribute "get"  [attr-defined]
scripts/generate_comprehensive_figures.py:176: error: Function is missing a type annotation  [no-untyped-def]
scripts/generate_comprehensive_figures.py:277: error: Function is missing a type annotation  [no-untyped-def]
scripts/generate_comprehensive_figures.py:288: error: Need type annotation for "residue_wavelengths"  [var-annotated]
scripts/generate_comprehensive_figures.py:289: error: Need type annotation for "residue_total_spikes"  [var-annotated]
scripts/generate_comprehensive_figures.py:386: error: Function is missing a type annotation  [no-untyped-def]
scripts/generate_comprehensive_figures.py:436: error: Incompatible types in assignment (expression has type "tuple[Any, ...]", variable has type "list[str]")  [assignment]
scripts/generate_comprehensive_figures.py:436: error: Incompatible types in assignment (expression has type "tuple[Any, ...]", variable has type "list[Any]")  [assignment]
scripts/generate_comprehensive_figures.py:448: error: Function is missing a type annotation  [no-untyped-def]
scripts/generate_comprehensive_figures.py:565: error: Function is missing a type annotation  [no-untyped-def]
scripts/generate_comprehensive_figures.py:868: error: Function is missing a type annotation  [no-untyped-def]
scripts/generate_comprehensive_figures.py:1154: error: Function is missing a type annotation  [no-untyped-def]
scripts/generate_comprehensive_figures.py:1318: error: Function is missing a type annotation  [no-untyped-def]
scripts/generate_comprehensive_figures.py:1478: error: Function is missing a return type annotation  [no-untyped-def]
scripts/generate_comprehensive_figures.py:1478: note: Use "-> None" if function does not return a value
scripts/generate_comprehensive_figures.py:1499: error: Call to untyped function "load_data" in typed context  [no-untyped-call]
scripts/generate_comprehensive_figures.py:1509: error: Call to untyped function "figure_11_burst_timeline" in typed context  [no-untyped-call]
scripts/generate_comprehensive_figures.py:1512: error: Call to untyped function "figure_12_confidence_enhancement" in typed context  [no-untyped-call]
scripts/generate_comprehensive_figures.py:1515: error: Call to untyped function "figure_13_chemical_heatmap" in typed context  [no-untyped-call]
scripts/generate_comprehensive_figures.py:1518: error: Call to untyped function "figure_selectivity_distribution" in typed context  [no-untyped-call]
scripts/generate_comprehensive_figures.py:1521: error: Call to untyped function "figure_performance_summary" in typed context  [no-untyped-call]
scripts/generate_comprehensive_figures.py:1531: error: Call to untyped function "generate_pymol_master_session" in typed context  [no-untyped-call]
scripts/generate_comprehensive_figures.py:1534: error: Call to untyped function "generate_pymol_movie_scripts" in typed context  [no-untyped-call]
scripts/generate_comprehensive_figures.py:1537: error: Call to untyped function "generate_pymol_pharma_actionable" in typed context  [no-untyped-call]
scripts/generate_comprehensive_figures.py:1540: error: Call to untyped function "generate_pymol_figure_panels" in typed context  [no-untyped-call]
scripts/generate_comprehensive_figures.py:1573: error: Call to untyped function "main" in typed context  [no-untyped-call]
scripts/analyze_with_alignment.py:79: error: Returning Any from function declared to return "float"  [no-any-return]
scripts/analyze_with_alignment.py:174: error: Need type annotation for "atoms" (hint: "atoms: list[<type>] = ...")  [var-annotated]
scripts/analyze_with_alignment.py:221: error: Need type annotation for "current_lines" (hint: "current_lines: list[<type>] = ...")  [var-annotated]
scripts/analyze_with_alignment.py:243: error: Incompatible return value type (got "tuple[list[AtomRecord] | None, list[ndarray[tuple[Any, ...], dtype[Any]]]]", expected "tuple[list[AtomRecord], list[ndarray[tuple[Any, ...], dtype[Any]]]]")  [return-value]
scripts/analyze_with_alignment.py:250: error: Function is missing a return type annotation  [no-untyped-def]
scripts/analyze_with_alignment.py:261: error: Missing type arguments for generic type "Dict"  [type-arg]
scripts/analyze_with_alignment.py:308: error: Missing type arguments for generic type "Dict"  [type-arg]
scripts/analyze_with_alignment.py:310: error: Need type annotation for "pockets" (hint: "pockets: list[<type>] = ...")  [var-annotated]
scripts/analyze_with_alignment.py:331: error: Incompatible types in assignment (expression has type "float | int", variable has type "str")  [assignment]
scripts/analyze_with_alignment.py:334: error: Incompatible types in assignment (expression has type "str", target has type "int")  [assignment]
scripts/analyze_with_alignment.py:375: error: Function is missing a type annotation  [no-untyped-def]
scripts/analyze_with_alignment.py:424: error: Incompatible types in assignment (expression has type "ndarray[tuple[Any, ...], dtype[Any]]", variable has type "list[int]")  [assignment]
scripts/analyze_with_alignment.py:425: error: Incompatible types in assignment (expression has type "ndarray[tuple[Any, ...], dtype[Any]]", variable has type "list[int]")  [assignment]
scripts/analyze_with_alignment.py:540: error: Unsupported operand type for unary - ("object")  [operator]
scripts/analyze_with_alignment.py:541: error: Unsupported operand types for < ("float" and "object")  [operator]
scripts/analyze_with_alignment.py:593: error: Incompatible types in assignment (expression has type "ndarray[tuple[Any, ...], dtype[Any]]", variable has type "list[Any]")  [assignment]
scripts/analyze_with_alignment.py:596: error: "list[Any]" has no attribute "mean"  [attr-defined]
scripts/analyze_with_alignment.py:597: error: "list[Any]" has no attribute "std"  [attr-defined]
scripts/analyze_with_alignment.py:598: error: "list[Any]" has no attribute "max"  [attr-defined]
scripts/analyze_with_alignment.py:601: error: Incompatible types in assignment (expression has type "ndarray[tuple[Any, ...], dtype[Any]]", variable has type "list[Any]")  [assignment]
scripts/analyze_with_alignment.py:667: error: Value of type "object" is not indexable  [index]
scripts/analyze_with_alignment.py:810: error: Unsupported operand types for < ("float" and "object")  [operator]
scripts/analyze_with_alignment.py:813: error: Assignment to variable "e" outside except: block  [misc]
scripts/analyze_with_alignment.py:813: error: Unsupported operand type for unary - ("object")  [operator]
scripts/analyze_with_alignment.py:814: error: Trying to read deleted variable "e"  [misc]
scripts/analyze_with_alignment.py:841: error: Call to untyped function "main" in typed context  [no-untyped-call]
scripts/quarantine/pfr_composite_10B.py:24: error: Function is missing a return type annotation  [no-untyped-def]
scripts/quarantine/pfr_composite_10B.py:24: note: Use "-> None" if function does not return a value
scripts/quarantine/pfr_composite_10B.py:69: error: Argument "rect" to "tight_layout" has incompatible type "list[float]"; expected "tuple[float, float, float, float] | None"  [arg-type]
scripts/quarantine/pfr_composite_10B.py:77: error: Call to untyped function "main" in typed context  [no-untyped-call]
scripts/quarantine/pfr_build_10A_10C.py:16: error: Skipping analyzing "mpl_toolkits.mplot3d": module is installed, but missing library stubs or py.typed marker  [import-untyped]
scripts/quarantine/pfr_build_10A_10C.py:17: error: Skipping analyzing "mpl_toolkits.mplot3d.art3d": module is installed, but missing library stubs or py.typed marker  [import-untyped]
scripts/quarantine/pfr_build_10A_10C.py:25: error: Function is missing a return type annotation  [no-untyped-def]
scripts/quarantine/pfr_build_10A_10C.py:25: note: Use "-> None" if function does not return a value
scripts/quarantine/pfr_build_10A_10C.py:114: error: Module "matplotlib.pyplot" does not explicitly export attribute "Line2D"  [attr-defined]
scripts/quarantine/pfr_build_10A_10C.py:116: error: Module "matplotlib.pyplot" does not explicitly export attribute "Line2D"  [attr-defined]
scripts/quarantine/pfr_build_10A_10C.py:118: error: Module "matplotlib.pyplot" does not explicitly export attribute "Line2D"  [attr-defined]
scripts/quarantine/pfr_build_10A_10C.py:121: error: Module "matplotlib.pyplot" does not explicitly export attribute "Line2D"  [attr-defined]
scripts/quarantine/pfr_build_10A_10C.py:134: error: Function is missing a return type annotation  [no-untyped-def]
scripts/quarantine/pfr_build_10A_10C.py:134: note: Use "-> None" if function does not return a value
scripts/quarantine/pfr_build_10A_10C.py:213: error: Call to untyped function "fig_10A" in typed context  [no-untyped-call]
scripts/quarantine/pfr_build_10A_10C.py:214: error: Call to untyped function "fig_10C" in typed context  [no-untyped-call]
scripts/filters/filter_pipeline.py:45: error: Function is missing a type annotation for one or more parameters  [no-untyped-def]
scripts/quarantine/wrn_1522_strict_verify.py:12: error: Module "Bio.PDB" does not explicitly export attribute "PDBParser"  [attr-defined]
scripts/quarantine/wrn_1522_strict_verify.py:12: error: Module "Bio.PDB" does not explicitly export attribute "Superimposer"  [attr-defined]
scripts/quarantine/wrn_1522_strict_verify.py:25: error: Function is missing a return type annotation  [no-untyped-def]
scripts/quarantine/wrn_1522_strict_verify.py:25: error: Function is missing a type annotation for one or more parameters  [no-untyped-def]
scripts/quarantine/wrn_1522_strict_verify.py:38: error: Function is missing a return type annotation  [no-untyped-def]
scripts/quarantine/wrn_1522_strict_verify.py:38: error: Function is missing a type annotation for one or more parameters  [no-untyped-def]
scripts/quarantine/wrn_1522_strict_verify.py:52: error: Function is missing a return type annotation  [no-untyped-def]
scripts/quarantine/wrn_1522_strict_verify.py:52: error: Function is missing a type annotation for one or more parameters  [no-untyped-def]
scripts/quarantine/wrn_1522_strict_verify.py:66: error: Function is missing a type annotation for one or more parameters  [no-untyped-def]
scripts/quarantine/wrn_1522_strict_verify.py:80: error: Missing type arguments for generic type "dict"  [type-arg]
scripts/quarantine/wrn_1522_strict_verify.py:84: error: Returning Any from function declared to return "dict[Any, Any]"  [no-any-return]
scripts/quarantine/wrn_1522_strict_verify.py:89: error: Function is missing a type annotation  [no-untyped-def]
scripts/quarantine/wrn_1522_strict_verify.py:104: error: Function is missing a type annotation  [no-untyped-def]
scripts/quarantine/wrn_1522_strict_verify.py:105: error: Function is missing a type annotation  [no-untyped-def]
scripts/quarantine/wrn_1522_strict_verify.py:115: error: Call to untyped function "mean_ca_dist" in typed context  [no-untyped-call]
scripts/quarantine/wrn_1522_strict_verify.py:116: error: Call to untyped function "mean_ca_dist" in typed context  [no-untyped-call]
scripts/quarantine/wrn_1522_strict_verify.py:122: error: Function is missing a return type annotation  [no-untyped-def]
scripts/quarantine/wrn_1522_strict_verify.py:123: error: Call to untyped function "PDBParser" in typed context  [no-untyped-call]
scripts/quarantine/wrn_1522_strict_verify.py:124: error: Call to untyped function "get_structure" in typed context  [no-untyped-call]
scripts/quarantine/wrn_1522_strict_verify.py:125: error: Call to untyped function "get_structure" in typed context  [no-untyped-call]
scripts/quarantine/wrn_1522_strict_verify.py:130: error: Call to untyped function "Superimposer" in typed context  [no-untyped-call]
scripts/quarantine/wrn_1522_strict_verify.py:131: error: Call to untyped function "set_atoms" in typed context  [no-untyped-call]
scripts/quarantine/wrn_1522_strict_verify.py:132: error: Argument 1 to "float" has incompatible type "Any | None"; expected "str | Buffer | SupportsFloat | SupportsIndex"  [arg-type]
scripts/quarantine/wrn_1522_strict_verify.py:150: error: Value of type "Any | None" is not indexable  [index]
scripts/quarantine/wrn_1522_strict_verify.py:159: error: Call to untyped function "resolve_top_residues" in typed context  [no-untyped-call]
scripts/quarantine/wrn_1522_strict_verify.py:160: error: Call to untyped function "pick_convention" in typed context  [no-untyped-call]
scripts/quarantine/wrn_1522_strict_verify.py:174: error: Value of type "Any | None" is not indexable  [index]
scripts/quarantine/wrn_1522_strict_verify.py:176: error: Incompatible types in assignment (expression has type "ndarray[tuple[Any, ...], dtype[Any]] | ndarray[tuple[int, int], dtype[float64]]", variable has type "list[Any]")  [assignment]
scripts/quarantine/wrn_1522_strict_verify.py:179: error: "list[Any]" has no attribute "size"  [attr-defined]
scripts/quarantine/wrn_1522_strict_verify.py:182: error: No overload variant of "__getitem__" of "list" matches argument type "tuple[slice[None, None, None], None, slice[None, None, None]]"  [call-overload]
scripts/quarantine/wrn_1522_strict_verify.py:182: note: Possible overload variants:
scripts/quarantine/wrn_1522_strict_verify.py:182: note:     def __getitem__(self, SupportsIndex, /) -> Any
scripts/quarantine/wrn_1522_strict_verify.py:182: note:     def __getitem__(self, slice[SupportsIndex | None, SupportsIndex | None, SupportsIndex | None], /) -> list[Any]
scripts/quarantine/wrn_1522_strict_verify.py:289: error: Call to untyped function "main" in typed context  [no-untyped-call]
scripts/quarantine/wrn_1522_spatial_validation.py:14: error: Module "Bio.PDB" does not explicitly export attribute "PDBParser"  [attr-defined]
scripts/quarantine/wrn_1522_spatial_validation.py:14: error: Module "Bio.PDB" does not explicitly export attribute "Superimposer"  [attr-defined]
scripts/quarantine/wrn_1522_spatial_validation.py:26: error: Missing type arguments for generic type "dict"  [type-arg]
scripts/quarantine/wrn_1522_spatial_validation.py:30: error: Returning Any from function declared to return "dict[Any, Any]"  [no-any-return]
scripts/quarantine/wrn_1522_spatial_validation.py:34: error: Missing type arguments for generic type "dict"  [type-arg]
scripts/quarantine/wrn_1522_spatial_validation.py:50: error: Function is missing a return type annotation  [no-untyped-def]
scripts/quarantine/wrn_1522_spatial_validation.py:50: error: Function is missing a type annotation for one or more parameters  [no-untyped-def]
scripts/quarantine/wrn_1522_spatial_validation.py:62: error: Function is missing a return type annotation  [no-untyped-def]
scripts/quarantine/wrn_1522_spatial_validation.py:62: error: Function is missing a type annotation for one or more parameters  [no-untyped-def]
scripts/quarantine/wrn_1522_spatial_validation.py:73: error: Call to untyped function "Superimposer" in typed context  [no-untyped-call]
scripts/quarantine/wrn_1522_spatial_validation.py:74: error: Call to untyped function "set_atoms" in typed context  [no-untyped-call]
scripts/quarantine/wrn_1522_spatial_validation.py:78: error: Function is missing a type annotation for one or more parameters  [no-untyped-def]
scripts/quarantine/wrn_1522_spatial_validation.py:91: error: Function is missing a type annotation for one or more parameters  [no-untyped-def]
scripts/quarantine/wrn_1522_spatial_validation.py:111: error: Call to untyped function "PDBParser" in typed context  [no-untyped-call]
scripts/quarantine/wrn_1522_spatial_validation.py:112: error: Call to untyped function "get_structure" in typed context  [no-untyped-call]
scripts/quarantine/wrn_1522_spatial_validation.py:113: error: Call to untyped function "get_structure" in typed context  [no-untyped-call]
scripts/quarantine/validate_v2_7c8r.py:5: error: Module "Bio.PDB" does not explicitly export attribute "PDBParser"  [attr-defined]
scripts/quarantine/validate_v2_7c8r.py:14: error: Function is missing a return type annotation  [no-untyped-def]
scripts/quarantine/validate_v2_7c8r.py:15: error: Call to untyped function "PDBParser" in typed context  [no-untyped-call]
scripts/quarantine/validate_v2_7c8r.py:16: error: Call to untyped function "get_structure" in typed context  [no-untyped-call]
scripts/quarantine/validate_v2_7c8r.py:40: error: Function is missing a return type annotation  [no-untyped-def]
scripts/quarantine/validate_v2_7c8r.py:41: error: Call to untyped function "get_contact_shell" in typed context  [no-untyped-call]
scripts/quarantine/validate_v2_7c8r.py:66: error: Call to untyped function "main" in typed context  [no-untyped-call]
scripts/quarantine/site_vs_holo_strict.py:28: error: Module "Bio.PDB" does not explicitly export attribute "PDBParser"  [attr-defined]
scripts/quarantine/site_vs_holo_strict.py:28: error: Module "Bio.PDB" does not explicitly export attribute "Superimposer"  [attr-defined]
scripts/quarantine/site_vs_holo_strict.py:53: error: Function is missing a type annotation  [no-untyped-def]
scripts/quarantine/site_vs_holo_strict.py:66: error: Function is missing a type annotation  [no-untyped-def]
scripts/quarantine/site_vs_holo_strict.py:79: error: Function is missing a type annotation  [no-untyped-def]
scripts/quarantine/site_vs_holo_strict.py:90: error: Function is missing a return type annotation  [no-untyped-def]
scripts/quarantine/site_vs_holo_strict.py:90: error: Function is missing a type annotation for one or more parameters  [no-untyped-def]
scripts/quarantine/site_vs_holo_strict.py:94: error: Need type annotation for "counts" (hint: "counts: dict[<type>, <type>] = ...")  [var-annotated]
scripts/quarantine/site_vs_holo_strict.py:109: error: Function is missing a type annotation  [no-untyped-def]
scripts/quarantine/site_vs_holo_strict.py:120: error: Function is missing a type annotation  [no-untyped-def]
scripts/quarantine/site_vs_holo_strict.py:128: error: Function is missing a type annotation  [no-untyped-def]
scripts/quarantine/site_vs_holo_strict.py:134: error: Call to untyped function "Superimposer" in typed context  [no-untyped-call]
scripts/quarantine/site_vs_holo_strict.py:135: error: Call to untyped function "set_atoms" in typed context  [no-untyped-call]
scripts/quarantine/site_vs_holo_strict.py:139: error: Function is missing a return type annotation  [no-untyped-def]
scripts/quarantine/site_vs_holo_strict.py:148: error: Call to untyped function "PDBParser" in typed context  [no-untyped-call]
scripts/quarantine/site_vs_holo_strict.py:149: error: Call to untyped function "get_structure" in typed context  [no-untyped-call]
scripts/quarantine/site_vs_holo_strict.py:150: error: Call to untyped function "get_structure" in typed context  [no-untyped-call]
scripts/quarantine/site_vs_holo_strict.py:152: error: Call to untyped function "chain_ca" in typed context  [no-untyped-call]
scripts/quarantine/site_vs_holo_strict.py:153: error: Call to untyped function "chain_ca" in typed context  [no-untyped-call]
scripts/quarantine/site_vs_holo_strict.py:154: error: Call to untyped function "apo_atoms_by_res" in typed context  [no-untyped-call]
scripts/quarantine/site_vs_holo_strict.py:156: error: Argument 2 to "detect_ligand_if_unset" has incompatible type "object"; expected "str | None"  [arg-type]
scripts/quarantine/site_vs_holo_strict.py:157: error: Call to untyped function "holo_ligand_coords" in typed context  [no-untyped-call]
scripts/quarantine/site_vs_holo_strict.py:162: error: Call to untyped function "pocket_record" in typed context  [no-untyped-call]
scripts/quarantine/site_vs_holo_strict.py:165: error: Call to untyped function "resolve_residues_one_indexed" in typed context  [no-untyped-call]
scripts/quarantine/site_vs_holo_strict.py:168: error: Call to untyped function "do_alignment" in typed context  [no-untyped-call]
scripts/quarantine/site_vs_holo_strict.py:177: error: Call to untyped function "do_alignment" in typed context  [no-untyped-call]
scripts/quarantine/site_vs_holo_strict.py:327: error: Function is missing a return type annotation  [no-untyped-def]
scripts/quarantine/site_vs_holo_strict.py:327: note: Use "-> None" if function does not return a value
scripts/quarantine/site_vs_holo_strict.py:335: error: Call to untyped function "main" in typed context  [no-untyped-call]
scripts/quarantine/align_6p8y_to_6oim.py:18: error: Module "Bio.PDB" does not explicitly export attribute "PDBParser"  [attr-defined]
scripts/quarantine/align_6p8y_to_6oim.py:18: error: Module "Bio.PDB" does not explicitly export attribute "PDBIO"  [attr-defined]
scripts/quarantine/align_6p8y_to_6oim.py:18: error: Module "Bio.PDB" does not explicitly export attribute "Superimposer"  [attr-defined]
scripts/quarantine/align_6p8y_to_6oim.py:21: error: Function is missing a type annotation  [no-untyped-def]
scripts/quarantine/align_6p8y_to_6oim.py:35: error: Function is missing a return type annotation  [no-untyped-def]
scripts/quarantine/align_6p8y_to_6oim.py:43: error: Call to untyped function "PDBParser" in typed context  [no-untyped-call]
scripts/quarantine/align_6p8y_to_6oim.py:44: error: Call to untyped function "get_structure" in typed context  [no-untyped-call]
scripts/quarantine/align_6p8y_to_6oim.py:45: error: Call to untyped function "get_structure" in typed context  [no-untyped-call]
scripts/quarantine/align_6p8y_to_6oim.py:47: error: Call to untyped function "collect_ca_by_resnum" in typed context  [no-untyped-call]
scripts/quarantine/align_6p8y_to_6oim.py:48: error: Call to untyped function "collect_ca_by_resnum" in typed context  [no-untyped-call]
scripts/quarantine/align_6p8y_to_6oim.py:58: error: Call to untyped function "Superimposer" in typed context  [no-untyped-call]
scripts/quarantine/align_6p8y_to_6oim.py:59: error: Call to untyped function "set_atoms" in typed context  [no-untyped-call]
scripts/quarantine/align_6p8y_to_6oim.py:66: error: Call to untyped function "apply" in typed context  [no-untyped-call]
scripts/quarantine/align_6p8y_to_6oim.py:72: error: Call to untyped function "PDBIO" in typed context  [no-untyped-call]
scripts/quarantine/align_6p8y_to_6oim.py:73: error: Call to untyped function "set_structure" in typed context  [no-untyped-call]
scripts/quarantine/align_6p8y_to_6oim.py:74: error: Call to untyped function "save" in typed context  [no-untyped-call]
scripts/quarantine/align_6p8y_to_6oim.py:80: error: Call to untyped function "main" in typed context  [no-untyped-call]
scripts/visualize_dossier.py:87: error: Returning Any from function declared to return "dict[str, Any]"  [no-any-return]
scripts/visualize_dossier.py:184: error: Missing type arguments for generic type "dict"  [type-arg]
scripts/visualize_dossier.py:238: error: Missing type arguments for generic type "dict"  [type-arg]
scripts/visualize_dossier.py:240: error: Missing type arguments for generic type "dict"  [type-arg]
scripts/visualize_dossier.py:260: error: Need type annotation for "ref_meta"  [var-annotated]
scripts/visualize_dossier.py:307: error: Missing type arguments for generic type "dict"  [type-arg]
scripts/visualize_dossier.py:357: error: Missing type arguments for generic type "dict"  [type-arg]
scripts/visualize_dossier.py:382: error: Function is missing a type annotation  [no-untyped-def]
scripts/visualize_dossier.py:428: error: Call to untyped function "_emit" in typed context  [no-untyped-call]
scripts/visualize_dossier.py:430: error: Call to untyped function "_emit" in typed context  [no-untyped-call]
scripts/visualize_dossier.py:438: error: Missing type arguments for generic type "dict"  [type-arg]
scripts/visualize_dossier.py:439: error: Missing type arguments for generic type "dict"  [type-arg]
scripts/visualize_dossier.py:450: error: Skipping analyzing "MDAnalysis": module is installed, but missing library stubs or py.typed marker  [import-untyped]
scripts/visualize_dossier.py:476: error: Module "prolif" does not explicitly export attribute "Fingerprint"  [attr-defined]
scripts/visualize_dossier.py:515: error: Missing type arguments for generic type "dict"  [type-arg]
scripts/visualize_dossier.py:551: error: Missing type arguments for generic type "dict"  [type-arg]
scripts/visualize_dossier.py:574: error: Missing type arguments for generic type "dict"  [type-arg]
scripts/visualize_dossier.py:661: error: Missing type arguments for generic type "dict"  [type-arg]
scripts/visualize_dossier.py:739: error: Function is missing a return type annotation  [no-untyped-def]
scripts/visualize_dossier.py:739: note: Use "-> None" if function does not return a value
scripts/visualize_dossier.py:834: error: Call to untyped function "main" in typed context  [no-untyped-call]
scripts/egnn_pocket_ranker_v2.py:42: error: Skipping analyzing "torch_geometric.data": module is installed, but missing library stubs or py.typed marker  [import-untyped]
scripts/egnn_pocket_ranker_v2.py:43: error: Skipping analyzing "torch_geometric.loader": module is installed, but missing library stubs or py.typed marker  [import-untyped]
scripts/egnn_pocket_ranker_v2.py:44: error: Skipping analyzing "torch_geometric.utils": module is installed, but missing library stubs or py.typed marker  [import-untyped]
scripts/egnn_pocket_ranker_v2.py:81: error: Function is missing a type annotation  [no-untyped-def]
scripts/egnn_pocket_ranker_v2.py:88: error: Function is missing a type annotation  [no-untyped-def]
scripts/egnn_pocket_ranker_v2.py:105: error: Function is missing a type annotation  [no-untyped-def]
scripts/egnn_pocket_ranker_v2.py:150: error: Function is missing a type annotation  [no-untyped-def]
scripts/egnn_pocket_ranker_v2.py:222: error: Function is missing a type annotation  [no-untyped-def]
scripts/egnn_pocket_ranker_v2.py:233: error: Function is missing a type annotation  [no-untyped-def]
scripts/egnn_pocket_ranker_v2.py:281: error: Function is missing a type annotation  [no-untyped-def]
scripts/egnn_pocket_ranker_v2.py:308: error: Call to untyped function "RBFExpansion" in typed context  [no-untyped-call]
scripts/egnn_pocket_ranker_v2.py:312: error: Call to untyped function "GVPLayerFull" in typed context  [no-untyped-call]
scripts/egnn_pocket_ranker_v2.py:318: error: Call to untyped function "AttentionReadout" in typed context  [no-untyped-call]
scripts/egnn_pocket_ranker_v2.py:333: error: Function is missing a type annotation  [no-untyped-def]
scripts/egnn_pocket_ranker_v2.py:379: error: Function is missing a type annotation  [no-untyped-def]
scripts/egnn_pocket_ranker_v2.py:385: error: Function is missing a type annotation  [no-untyped-def]
scripts/egnn_pocket_ranker_v2.py:397: error: Function is missing a type annotation  [no-untyped-def]
scripts/egnn_pocket_ranker_v2.py:404: error: Skipping analyzing "esm": module is installed, but missing library stubs or py.typed marker  [import-untyped]
scripts/egnn_pocket_ranker_v2.py:413: error: Function is missing a type annotation  [no-untyped-def]
scripts/egnn_pocket_ranker_v2.py:447: error: Function is missing a type annotation  [no-untyped-def]
scripts/egnn_pocket_ranker_v2.py:492: error: Unsupported left operand type for - ("object")  [operator]
scripts/egnn_pocket_ranker_v2.py:495: error: Unsupported left operand type for - ("object")  [operator]
scripts/egnn_pocket_ranker_v2.py:496: error: Unsupported left operand type for - ("object")  [operator]
scripts/egnn_pocket_ranker_v2.py:510: error: Call to untyped function "_dihedral" in typed context  [no-untyped-call]
scripts/egnn_pocket_ranker_v2.py:515: error: Call to untyped function "_dihedral" in typed context  [no-untyped-call]
scripts/egnn_pocket_ranker_v2.py:517: error: Call to untyped function "_dihedral" in typed context  [no-untyped-call]
scripts/egnn_pocket_ranker_v2.py:522: error: Value of type "object" is not indexable  [index]
scripts/egnn_pocket_ranker_v2.py:530: error: Argument 1 to "join" of "str" has incompatible type "list[object]"; expected "Iterable[str]"  [arg-type]
scripts/egnn_pocket_ranker_v2.py:533: error: Function is missing a type annotation  [no-untyped-def]
scripts/egnn_pocket_ranker_v2.py:552: error: Function is missing a type annotation  [no-untyped-def]
scripts/egnn_pocket_ranker_v2.py:571: error: Function is missing a type annotation  [no-untyped-def]
scripts/egnn_pocket_ranker_v2.py:615: error: Call to untyped function "compute_half_sphere_exposure" in typed context  [no-untyped-call]
scripts/egnn_pocket_ranker_v2.py:640: error: Incompatible types in assignment (expression has type "ndarray[tuple[Any, ...], dtype[Any]]", variable has type "list[ndarray[tuple[Any, ...], dtype[Any]]]")  [assignment]
scripts/egnn_pocket_ranker_v2.py:641: error: Incompatible types in assignment (expression has type "ndarray[tuple[Any, ...], dtype[Any]]", variable has type "list[Any]")  [assignment]
scripts/egnn_pocket_ranker_v2.py:642: error: Incompatible types in assignment (expression has type "ndarray[tuple[Any, ...], dtype[Any]]", variable has type "list[ndarray[tuple[Any, ...], dtype[Any]]]")  [assignment]
scripts/egnn_pocket_ranker_v2.py:643: error: Incompatible types in assignment (expression has type "ndarray[Any, Any]", variable has type "list[list[Any]]")  [assignment]
scripts/egnn_pocket_ranker_v2.py:647: error: No overload variant of "__getitem__" of "list" matches argument type "tuple[slice[None, None, None], None]"  [call-overload]
scripts/egnn_pocket_ranker_v2.py:647: note: Possible overload variants:
scripts/egnn_pocket_ranker_v2.py:647: note:     def __getitem__(self, SupportsIndex, /) -> ndarray[tuple[Any, ...], dtype[Any]]
scripts/egnn_pocket_ranker_v2.py:647: note:     def __getitem__(self, slice[SupportsIndex | None, SupportsIndex | None, SupportsIndex | None], /) -> list[ndarray[tuple[Any, ...], dtype[Any]]]
scripts/egnn_pocket_ranker_v2.py:647: error: No overload variant of "__getitem__" of "list" matches argument type "tuple[None, slice[None, None, None]]"  [call-overload]
scripts/egnn_pocket_ranker_v2.py:675: error: Function is missing a type annotation  [no-untyped-def]
scripts/egnn_pocket_ranker_v2.py:693: error: Call to untyped function "_c" in typed context  [no-untyped-call]
scripts/egnn_pocket_ranker_v2.py:694: error: Call to untyped function "_c" in typed context  [no-untyped-call]
scripts/egnn_pocket_ranker_v2.py:696: error: Call to untyped function "_c" in typed context  [no-untyped-call]
scripts/egnn_pocket_ranker_v2.py:697: error: Call to untyped function "_c" in typed context  [no-untyped-call]
scripts/egnn_pocket_ranker_v2.py:698: error: Call to untyped function "_c" in typed context  [no-untyped-call]
scripts/egnn_pocket_ranker_v2.py:699: error: Call to untyped function "_c" in typed context  [no-untyped-call]
scripts/egnn_pocket_ranker_v2.py:700: error: Call to untyped function "_c" in typed context  [no-untyped-call]
scripts/egnn_pocket_ranker_v2.py:702: error: Call to untyped function "_c" in typed context  [no-untyped-call]
scripts/egnn_pocket_ranker_v2.py:705: error: Call to untyped function "_c" in typed context  [no-untyped-call]
scripts/egnn_pocket_ranker_v2.py:706: error: Call to untyped function "_c" in typed context  [no-untyped-call]
scripts/egnn_pocket_ranker_v2.py:708: error: Call to untyped function "_c" in typed context  [no-untyped-call]
scripts/egnn_pocket_ranker_v2.py:710: error: Call to untyped function "_c" in typed context  [no-untyped-call]
scripts/egnn_pocket_ranker_v2.py:711: error: Call to untyped function "_c" in typed context  [no-untyped-call]
scripts/egnn_pocket_ranker_v2.py:712: error: Call to untyped function "_c" in typed context  [no-untyped-call]
scripts/egnn_pocket_ranker_v2.py:713: error: Call to untyped function "_c" in typed context  [no-untyped-call]
scripts/egnn_pocket_ranker_v2.py:716: error: Call to untyped function "_c" in typed context  [no-untyped-call]
scripts/egnn_pocket_ranker_v2.py:718: error: Call to untyped function "_c" in typed context  [no-untyped-call]
scripts/egnn_pocket_ranker_v2.py:737: error: Function is missing a type annotation  [no-untyped-def]
scripts/egnn_pocket_ranker_v2.py:758: error: Call to untyped function "parse_pdb_full" in typed context  [no-untyped-call]
scripts/egnn_pocket_ranker_v2.py:772: error: Call to untyped function "build_pocket_graph" in typed context  [no-untyped-call]
scripts/egnn_pocket_ranker_v2.py:787: error: Function is missing a type annotation  [no-untyped-def]
scripts/egnn_pocket_ranker_v2.py:820: error: Function is missing a type annotation  [no-untyped-def]
scripts/egnn_pocket_ranker_v2.py:842: error: Need type annotation for "kept_centroids" (hint: "kept_centroids: list[<type>] = ...")  [var-annotated]
scripts/egnn_pocket_ranker_v2.py:866: error: Function is missing a type annotation  [no-untyped-def]
scripts/egnn_pocket_ranker_v2.py:912: error: Call to untyped function "augment_graph" in typed context  [no-untyped-call]
scripts/egnn_pocket_ranker_v2.py:914: error: Call to untyped function "augment_graph" in typed context  [no-untyped-call]
scripts/egnn_pocket_ranker_v2.py:916: error: Call to untyped function "PrismPocketRankerV4" in typed context  [no-untyped-call]
scripts/egnn_pocket_ranker_v2.py:917: error: Call to untyped function "FocalLoss" in typed context  [no-untyped-call]
scripts/egnn_pocket_ranker_v2.py:970: error: Call to untyped function "augment_graph" in typed context  [no-untyped-call]
scripts/egnn_pocket_ranker_v2.py:972: error: Call to untyped function "augment_graph" in typed context  [no-untyped-call]
scripts/egnn_pocket_ranker_v2.py:979: error: Call to untyped function "PrismPocketRankerV4" in typed context  [no-untyped-call]
scripts/egnn_pocket_ranker_v2.py:980: error: Call to untyped function "FocalLoss" in typed context  [no-untyped-call]
scripts/egnn_pocket_ranker_v2.py:1006: error: Need type annotation for "preds" (hint: "preds: list[<type>] = ...")  [var-annotated]
scripts/egnn_pocket_ranker_v2.py:1012: error: Need type annotation for "tp" (hint: "tp: dict[<type>, <type>] = ...")  [var-annotated]
scripts/egnn_pocket_ranker_v2.py:1015: error: Generator has incompatible item type "int"; expected "bool"  [misc]
scripts/egnn_pocket_ranker_v2.py:1035: error: Call to untyped function "PrismPocketRankerV4" in typed context  [no-untyped-call]
scripts/egnn_pocket_ranker_v2.py:1040: error: Need type annotation for "target_pockets" (hint: "target_pockets: dict[<type>, <type>] = ...")  [var-annotated]
scripts/egnn_pocket_ranker_v2.py:1073: error: Function is missing a type annotation  [no-untyped-def]
scripts/egnn_pocket_ranker_v2.py:1085: error: Call to untyped function "PrismPocketRankerV4" in typed context  [no-untyped-call]
scripts/egnn_pocket_ranker_v2.py:1094: error: Call to untyped function "ESMEmbedder" in typed context  [no-untyped-call]
scripts/egnn_pocket_ranker_v2.py:1095: error: Call to untyped function "parse_pdb_full" in typed context  [no-untyped-call]
scripts/egnn_pocket_ranker_v2.py:1097: error: Call to untyped function "embed" of "ESMEmbedder" in typed context  [no-untyped-call]
scripts/egnn_pocket_ranker_v2.py:1108: error: Call to untyped function "build_pocket_graph" in typed context  [no-untyped-call]
scripts/egnn_pocket_ranker_v2.py:1136: error: Call to untyped function "aggressive_nms" in typed context  [no-untyped-call]
scripts/egnn_pocket_ranker_v2.py:1153: error: Function is missing a return type annotation  [no-untyped-def]
scripts/egnn_pocket_ranker_v2.py:1153: note: Use "-> None" if function does not return a value
scripts/egnn_pocket_ranker_v2.py:1179: error: Call to untyped function "ESMEmbedder" in typed context  [no-untyped-call]
scripts/egnn_pocket_ranker_v2.py:1180: error: Call to untyped function "build_training_data" in typed context  [no-untyped-call]
scripts/egnn_pocket_ranker_v2.py:1186: error: Call to untyped function "train_ensemble" in typed context  [no-untyped-call]
scripts/egnn_pocket_ranker_v2.py:1190: error: Call to untyped function "predict" in typed context  [no-untyped-call]
scripts/egnn_pocket_ranker_v2.py:1198: error: Call to untyped function "main" in typed context  [no-untyped-call]
scripts/egnn_pocket_ranker.py:49: error: Skipping analyzing "torch_geometric.data": module is installed, but missing library stubs or py.typed marker  [import-untyped]
scripts/egnn_pocket_ranker.py:50: error: Skipping analyzing "torch_geometric.nn": module is installed, but missing library stubs or py.typed marker  [import-untyped]
scripts/egnn_pocket_ranker.py:73: error: Function is missing a type annotation  [no-untyped-def]
scripts/egnn_pocket_ranker.py:97: error: Function is missing a type annotation  [no-untyped-def]
scripts/egnn_pocket_ranker.py:144: error: Function is missing a type annotation  [no-untyped-def]
scripts/egnn_pocket_ranker.py:152: error: Call to untyped function "EGNNLayer" in typed context  [no-untyped-call]
scripts/egnn_pocket_ranker.py:161: error: Function is missing a type annotation  [no-untyped-def]
scripts/egnn_pocket_ranker.py:178: error: Function is missing a type annotation  [no-untyped-def]
scripts/egnn_pocket_ranker.py:205: error: Function is missing a type annotation  [no-untyped-def]
scripts/egnn_pocket_ranker.py:277: error: Incompatible types in assignment (expression has type "ndarray[Any, Any]", variable has type "list[list[Any]]")  [assignment]
scripts/egnn_pocket_ranker.py:278: error: Incompatible types in assignment (expression has type "ndarray[tuple[Any, ...], dtype[Never]]", variable has type "list[list[Any]]")  [assignment]
scripts/egnn_pocket_ranker.py:282: error: No overload variant of "__getitem__" of "list" matches argument type "tuple[slice[None, None, None], None]"  [call-overload]
scripts/egnn_pocket_ranker.py:282: note: Possible overload variants:
scripts/egnn_pocket_ranker.py:282: note:     def __getitem__(self, SupportsIndex, /) -> list[Any]
scripts/egnn_pocket_ranker.py:282: note:     def __getitem__(self, slice[SupportsIndex | None, SupportsIndex | None, SupportsIndex | None], /) -> list[list[Any]]
scripts/egnn_pocket_ranker.py:282: error: No overload variant of "__getitem__" of "list" matches argument type "tuple[None, slice[None, None, None]]"  [call-overload]
scripts/egnn_pocket_ranker.py:305: error: Function is missing a type annotation  [no-untyped-def]
scripts/egnn_pocket_ranker.py:334: error: Call to untyped function "parse_pdb_ca_atoms" in typed context  [no-untyped-call]
scripts/egnn_pocket_ranker.py:351: error: Call to untyped function "build_pocket_graph" in typed context  [no-untyped-call]
scripts/egnn_pocket_ranker.py:373: error: Function is missing a type annotation  [no-untyped-def]
scripts/egnn_pocket_ranker.py:391: error: Call to untyped function "EGNNPocketRanker" in typed context  [no-untyped-call]
scripts/egnn_pocket_ranker.py:418: error: Call to untyped function "backward" in typed context  [no-untyped-call]
scripts/egnn_pocket_ranker.py:422: error: Incompatible types in assignment (expression has type "int | float", variable has type "int")  [assignment]
scripts/egnn_pocket_ranker.py:432: error: Need type annotation for "all_preds" (hint: "all_preds: list[<type>] = ...")  [var-annotated]
scripts/egnn_pocket_ranker.py:441: error: Incompatible types in assignment (expression has type "ndarray[tuple[Any, ...], dtype[Any]]", variable has type "list[Any]")  [assignment]
scripts/egnn_pocket_ranker.py:442: error: Incompatible types in assignment (expression has type "ndarray[tuple[Any, ...], dtype[Any]]", variable has type "list[Any]")  [assignment]
scripts/egnn_pocket_ranker.py:443: error: Unsupported operand types for > ("list[Any]" and "float")  [operator]
scripts/egnn_pocket_ranker.py:444: error: Non-overlapping equality check (left operand type: "list[Any]", right operand type: "Literal[1]")  [comparison-overlap]
scripts/egnn_pocket_ranker.py:445: error: Non-overlapping equality check (left operand type: "list[Any]", right operand type: "Literal[0]")  [comparison-overlap]
scripts/egnn_pocket_ranker.py:446: error: Non-overlapping equality check (left operand type: "list[Any]", right operand type: "Literal[1]")  [comparison-overlap]
scripts/egnn_pocket_ranker.py:470: error: Need type annotation for "target_pockets" (hint: "target_pockets: dict[<type>, <type>] = ...")  [var-annotated]
scripts/egnn_pocket_ranker.py:500: error: Function is missing a type annotation  [no-untyped-def]
scripts/egnn_pocket_ranker.py:507: error: Call to untyped function "EGNNPocketRanker" in typed context  [no-untyped-call]
scripts/egnn_pocket_ranker.py:511: error: Call to untyped function "parse_pdb_ca_atoms" in typed context  [no-untyped-call]
scripts/egnn_pocket_ranker.py:527: error: Call to untyped function "build_pocket_graph" in typed context  [no-untyped-call]
scripts/egnn_pocket_ranker.py:566: error: Function is missing a return type annotation  [no-untyped-def]
scripts/egnn_pocket_ranker.py:566: note: Use "-> None" if function does not return a value
scripts/egnn_pocket_ranker.py:590: error: Call to untyped function "build_training_dataset" in typed context  [no-untyped-call]
scripts/egnn_pocket_ranker.py:597: error: Call to untyped function "train_model" in typed context  [no-untyped-call]
scripts/egnn_pocket_ranker.py:601: error: Call to untyped function "predict_pockets" in typed context  [no-untyped-call]
scripts/egnn_pocket_ranker.py:608: error: Call to untyped function "main" in typed context  [no-untyped-call]
scripts/training/train_teacher.py:55: error: Skipping analyzing "sklearn.metrics": module is installed, but missing library stubs or py.typed marker  [import-untyped]
scripts/training/train_teacher.py:58: error: Cannot find implementation or library stub for module named "feature_extractor"  [import-not-found]
scripts/training/train_teacher.py:59: error: Cannot find implementation or library stub for module named "cluster_split"  [import-not-found]
scripts/training/train_teacher.py:64: error: Function is missing a return type annotation  [no-untyped-def]
scripts/training/train_teacher.py:190: error: Returning Any from function declared to return "Tensor"  [no-any-return]
scripts/training/train_teacher.py:281: error: Missing type arguments for generic type "Dict"  [type-arg]
scripts/training/train_teacher.py:358: error: Incompatible types in assignment (expression has type "dict[str, float]", variable has type "dict[str, object]")  [assignment]
scripts/training/train_teacher.py:358: note: "dict" is invariant -- see https://mypy.readthedocs.io/en/stable/common_issues.html#variance
scripts/training/train_teacher.py:358: note: Consider using "Mapping" instead, which is covariant in the value type
scripts/training/train_teacher.py:404: error: Function is missing a type annotation  [no-untyped-def]
scripts/training/train_teacher.py:412: error: Call to untyped function "Ensemble" in typed context  [no-untyped-call]
scripts/training/train_teacher.py:415: error: Argument 2 to "export" has incompatible type "Tensor"; expected "tuple[Any, ...]"  [arg-type]
scripts/training/train_teacher.py:428: error: Function is missing a return type annotation  [no-untyped-def]
scripts/training/train_teacher.py:428: note: Use "-> None" if function does not return a value
scripts/training/train_teacher.py:550: error: Call to untyped function "main" in typed context  [no-untyped-call]
scripts/training/spikebert.py:70: error: Cannot find implementation or library stub for module named "cluster_split"  [import-not-found]
scripts/training/spikebert.py:202: error: Value of type "Tensor | Module" is not indexable  [index]
scripts/training/spikebert.py:221: error: Function is missing a type annotation  [no-untyped-def]
scripts/training/spikebert.py:229: error: Function is missing a type annotation for one or more parameters  [no-untyped-def]
scripts/training/spikebert.py:241: error: Function is missing a type annotation for one or more parameters  [no-untyped-def]
scripts/training/spikebert.py:253: error: Function is missing a type annotation for one or more parameters  [no-untyped-def]
scripts/training/spikebert.py:271: error: Value of type "dict[str, ndarray[tuple[Any, ...], dtype[Any]]] | None" is not indexable  [index]
scripts/training/spikebert.py:279: error: Item "None" of "list[Module] | None" has no attribute "__iter__" (not iterable)  [union-attr]
scripts/training/spikebert.py:282: error: Item "float" of "Any | float" has no attribute "cpu"  [union-attr]
scripts/training/spikebert.py:282: error: Unsupported operand types for / ("None" and "int")  [operator]
scripts/training/spikebert.py:282: note: Left operand is of type "Tensor | None"
scripts/training/spikebert.py:282: error: Argument 1 to "len" has incompatible type "list[Module] | None"; expected "Sized"  [arg-type]
scripts/training/spikebert.py:283: error: Returning Any from function declared to return "ndarray[tuple[Any, ...], dtype[Any]] | None"  [no-any-return]
scripts/training/spikebert.py:294: error: Cannot find implementation or library stub for module named "train_teacher"  [import-not-found]
scripts/training/spikebert.py:331: error: Call to untyped function "ProteinSample" in typed context  [no-untyped-call]
scripts/training/spikebert.py:414: error: Call to untyped function "backward" in typed context  [no-untyped-call]
scripts/training/spikebert.py:425: error: Function is missing a type annotation for one or more parameters  [no-untyped-def]
scripts/training/spikebert.py:427: error: Missing type arguments for generic type "Dict"  [type-arg]
scripts/training/spikebert.py:429: error: Need type annotation for "rec_mse"  [var-annotated]
scripts/training/spikebert.py:471: error: Skipping analyzing "sklearn.metrics": module is installed, but missing library stubs or py.typed marker  [import-untyped]
scripts/training/spikebert.py:491: error: Function is missing a return type annotation  [no-untyped-def]
scripts/training/spikebert.py:539: error: Function is missing a type annotation  [no-untyped-def]
scripts/training/spikebert.py:552: error: Call to untyped function "_load_list" in typed context  [no-untyped-call]
scripts/training/spikebert.py:553: error: Call to untyped function "_load_list" in typed context  [no-untyped-call]
scripts/training/spikebert.py:554: error: Call to untyped function "_load_list" in typed context  [no-untyped-call]
scripts/training/spikebert.py:653: error: Call to untyped function "main" in typed context  [no-untyped-call]
scripts/training/spike_bert_v003.py:86: error: Function is missing a type annotation  [no-untyped-def]
scripts/training/spike_bert_v003.py:91: error: Function is missing a type annotation  [no-untyped-def]
scripts/training/spike_bert_v003.py:98: error: Function is missing a type annotation  [no-untyped-def]
scripts/training/spike_bert_v003.py:104: error: Function is missing a type annotation  [no-untyped-def]
scripts/training/spike_bert_v003.py:110: error: Function is missing a type annotation  [no-untyped-def]
scripts/training/spike_bert_v003.py:126: error: Function is missing a type annotation  [no-untyped-def]
scripts/training/spike_bert_v003.py:130: error: Function is missing a type annotation  [no-untyped-def]
scripts/training/spike_bert_v003.py:131: error: Value of type "Tensor | Module" is not indexable  [index]
scripts/training/spike_bert_v003.py:132: error: Value of type "Tensor | Module" is not indexable  [index]
scripts/training/spike_bert_v003.py:135: error: Call to untyped function "rotate" in typed context  [no-untyped-call]
scripts/training/spike_bert_v003.py:137: error: Function is missing a type annotation  [no-untyped-def]
scripts/training/spike_bert_v003.py:142: error: Call to untyped function "apply_rope" in typed context  [no-untyped-call]
scripts/training/spike_bert_v003.py:143: error: Call to untyped function "apply_rope" in typed context  [no-untyped-call]
scripts/training/spike_bert_v003.py:151: error: Function is missing a type annotation  [no-untyped-def]
scripts/training/spike_bert_v003.py:153: error: Call to untyped function "RMSNorm" in typed context  [no-untyped-call]
scripts/training/spike_bert_v003.py:154: error: Call to untyped function "RoPEAttention" in typed context  [no-untyped-call]
scripts/training/spike_bert_v003.py:155: error: Call to untyped function "RMSNorm" in typed context  [no-untyped-call]
scripts/training/spike_bert_v003.py:156: error: Call to untyped function "SwiGLU" in typed context  [no-untyped-call]
scripts/training/spike_bert_v003.py:159: error: Function is missing a type annotation  [no-untyped-def]
scripts/training/spike_bert_v003.py:166: error: Function is missing a return type annotation  [no-untyped-def]
scripts/training/spike_bert_v003.py:166: note: Use "-> None" if function does not return a value
scripts/training/spike_bert_v003.py:170: error: Call to untyped function "RMSNorm" in typed context  [no-untyped-call]
scripts/training/spike_bert_v003.py:173: error: Call to untyped function "TransformerBlock" in typed context  [no-untyped-call]
scripts/training/spike_bert_v003.py:176: error: Call to untyped function "RMSNorm" in typed context  [no-untyped-call]
scripts/training/spike_bert_v003.py:186: error: Function is missing a type annotation  [no-untyped-def]
scripts/training/spike_bert_v003.py:197: error: Function is missing a type annotation  [no-untyped-def]
scripts/training/spike_bert_v003.py:208: error: Missing type arguments for generic type "Dataset"  [type-arg]
scripts/training/spike_bert_v003.py:221: error: Function is missing a type annotation  [no-untyped-def]
scripts/training/spike_bert_v003.py:224: error: Function is missing a type annotation  [no-untyped-def]
scripts/training/spike_bert_v003.py:249: error: Function is missing a type annotation  [no-untyped-def]
scripts/training/spike_bert_v003.py:301: error: Incompatible types in assignment (expression has type "Tensor", variable has type "float")  [assignment]
scripts/training/spike_bert_v003.py:302: error: Incompatible return value type (got "tuple[float, dict[str, float]]", expected "tuple[Tensor, dict[str, float]]")  [return-value]
scripts/training/spike_bert_v003.py:305: error: Function is missing a type annotation  [no-untyped-def]
scripts/training/spike_bert_v003.py:325: error: Call to untyped function "SpikeBERTv003" in typed context  [no-untyped-call]
scripts/training/spike_bert_v003.py:331: error: Module "torch.amp" does not explicitly export attribute "GradScaler"  [attr-defined]
scripts/training/spike_bert_v003.py:351: error: Module "torch.amp" does not explicitly export attribute "autocast"  [attr-defined]
scripts/training/spike_bert_v003.py:354: error: Call to untyped function "backward" in typed context  [no-untyped-call]
scripts/training/spike_bert_v003.py:362: error: Call to untyped function "backward" in typed context  [no-untyped-call]
scripts/training/spike_bert_v003.py:409: error: Function is missing a return type annotation  [no-untyped-def]
scripts/training/spike_bert_v003.py:409: note: Use "-> None" if function does not return a value
scripts/training/spike_bert_v003.py:417: error: Call to untyped function "train" in typed context  [no-untyped-call]
scripts/training/spike_bert_v003.py:421: error: Call to untyped function "main" in typed context  [no-untyped-call]
scripts/training/spike_bert_v002.py:44: error: Function is missing a type annotation  [no-untyped-def]
scripts/training/spike_bert_v002.py:47: error: Skipping analyzing "sklearn.cluster": module is installed, but missing library stubs or py.typed marker  [import-untyped]
scripts/training/spike_bert_v002.py:67: error: Function is missing a type annotation  [no-untyped-def]
scripts/training/spike_bert_v002.py:74: error: Missing type arguments for generic type "Dataset"  [type-arg]
scripts/training/spike_bert_v002.py:75: error: Function is missing a type annotation  [no-untyped-def]
scripts/training/spike_bert_v002.py:82: error: Call to untyped function "tokenize_residues" in typed context  [no-untyped-call]
scripts/training/spike_bert_v002.py:95: error: Function is missing a type annotation  [no-untyped-def]
scripts/training/spike_bert_v002.py:96: error: Function is missing a type annotation  [no-untyped-def]
scripts/training/spike_bert_v002.py:99: error: Function is missing a type annotation  [no-untyped-def]
scripts/training/spike_bert_v002.py:123: error: No overload variant of "rand" matches argument type "Tensor"  [call-overload]
scripts/training/spike_bert_v002.py:123: note: Possible overload variants:
scripts/training/spike_bert_v002.py:123: note:     def rand(size: Sequence[int | SymInt], *, generator: Generator | None, names: Sequence[str | EllipsisType | None] | None, dtype: dtype | None = ..., layout: layout | None = ..., device: str | device | int | None = ..., pin_memory: bool | None = ..., requires_grad: bool | None = ...) -> Tensor
scripts/training/spike_bert_v002.py:123: note:     def rand(*size: int | SymInt, generator: Generator | None, names: Sequence[str | EllipsisType | None] | None, dtype: dtype | None = ..., layout: layout | None = ..., device: str | device | int | None = ..., pin_memory: bool | None = ..., requires_grad: bool | None = ...) -> Tensor
scripts/training/spike_bert_v002.py:123: note:     def rand(size: Sequence[int | SymInt], *, generator: Generator | None, out: Tensor | None = ..., dtype: dtype | None = ..., layout: layout | None = ..., device: str | device | int | None = ..., pin_memory: bool | None = ..., requires_grad: bool | None = ...) -> Tensor
scripts/training/spike_bert_v002.py:123: note:     def rand(*size: int | SymInt, generator: Generator | None, out: Tensor | None = ..., dtype: dtype | None = ..., layout: layout | None = ..., device: str | device | int | None = ..., pin_memory: bool | None = ..., requires_grad: bool | None = ...) -> Tensor
scripts/training/spike_bert_v002.py:123: note:     def rand(size: Sequence[int | SymInt], *, out: Tensor | None = ..., dtype: dtype | None = ..., layout: layout | None = ..., device: str | device | int | None = ..., pin_memory: bool | None = ..., requires_grad: bool | None = ...) -> Tensor
scripts/training/spike_bert_v002.py:123: note:     def rand(*size: int | SymInt, out: Tensor | None = ..., dtype: dtype | None = ..., layout: layout | None = ..., device: str | device | int | None = ..., pin_memory: bool | None = ..., requires_grad: bool | None = ...) -> Tensor
scripts/training/spike_bert_v002.py:123: note:     def rand(size: Sequence[int | SymInt], *, names: Sequence[str | EllipsisType | None] | None, dtype: dtype | None = ..., layout: layout | None = ..., device: str | device | int | None = ..., pin_memory: bool | None = ..., requires_grad: bool | None = ...) -> Tensor
scripts/training/spike_bert_v002.py:123: note:     def rand(*size: int | SymInt, names: Sequence[str | EllipsisType | None] | None, dtype: dtype | None = ..., layout: layout | None = ..., device: str | device | int | None = ..., pin_memory: bool | None = ..., requires_grad: bool | None = ...) -> Tensor
scripts/training/spike_bert_v002.py:134: error: Function is missing a return type annotation  [no-untyped-def]
scripts/training/spike_bert_v002.py:134: note: Use "-> None" if function does not return a value
scripts/training/spike_bert_v002.py:156: error: Call to untyped function "_init_weights" in typed context  [no-untyped-call]
scripts/training/spike_bert_v002.py:158: error: Function is missing a return type annotation  [no-untyped-def]
scripts/training/spike_bert_v002.py:158: note: Use "-> None" if function does not return a value
scripts/training/spike_bert_v002.py:162: error: Function is missing a type annotation  [no-untyped-def]
scripts/training/spike_bert_v002.py:174: error: Function is missing a type annotation  [no-untyped-def]
scripts/training/spike_bert_v002.py:178: error: Call to untyped function "forward" in typed context  [no-untyped-call]
scripts/training/spike_bert_v002.py:181: error: Function is missing a type annotation  [no-untyped-def]
scripts/training/spike_bert_v002.py:214: error: Call to untyped function "backward" in typed context  [no-untyped-call]
scripts/training/spike_bert_v002.py:228: error: Name "t0" is not defined  [name-defined]
scripts/training/spike_bert_v002.py:232: error: Function is missing a return type annotation  [no-untyped-def]
scripts/training/spike_bert_v002.py:232: note: Use "-> None" if function does not return a value
scripts/training/spike_bert_v002.py:260: error: Call to untyped function "build_tokenizer" in typed context  [no-untyped-call]
scripts/training/spike_bert_v002.py:264: error: Call to untyped function "SpikeBERTv2Dataset" in typed context  [no-untyped-call]
scripts/training/spike_bert_v002.py:276: error: Call to untyped function "SpikeBERTv2" in typed context  [no-untyped-call]
scripts/training/spike_bert_v002.py:297: error: Name "t0" is not defined  [name-defined]
scripts/training/spike_bert_v002.py:300: error: Call to untyped function "train_epoch" in typed context  [no-untyped-call]
scripts/training/spike_bert_v002.py:322: error: Incompatible types in assignment (expression has type "float", variable has type "int")  [assignment]
scripts/training/spike_bert_v002.py:330: error: Name "t0" is not defined  [name-defined]
scripts/training/spike_bert_v002.py:350: error: Call to untyped function "extract_embeddings" in typed context  [no-untyped-call]
scripts/training/spike_bert_v002.py:385: error: Call to untyped function "main" in typed context  [no-untyped-call]
scripts/training/spike_bert.py:86: error: Returning Any from function declared to return "ndarray[tuple[Any, ...], dtype[Any]]"  [no-any-return]
scripts/training/spike_bert.py:108: error: Skipping analyzing "sklearn.cluster": module is installed, but missing library stubs or py.typed marker  [import-untyped]
scripts/training/spike_bert.py:121: error: Returning Any from function declared to return "ndarray[tuple[Any, ...], dtype[Any]]"  [no-any-return]
scripts/training/spike_bert.py:134: error: Returning Any from function declared to return "ndarray[tuple[Any, ...], dtype[Any]]"  [no-any-return]
scripts/training/spike_bert.py:150: error: Missing type arguments for generic type "Dataset"  [type-arg]
scripts/training/spike_bert.py:170: error: Generator has incompatible item type "int | ndarray[tuple[Any, ...], dtype[Any]] | str | Any | None"; expected "bool"  [misc]
scripts/training/spike_bert.py:172: error: Function is missing a type annotation  [no-untyped-def]
scripts/training/spike_bert.py:175: error: Function is missing a type annotation  [no-untyped-def]
scripts/training/spike_bert.py:179: error: Function is missing a type annotation  [no-untyped-def]
scripts/training/spike_bert.py:209: error: Argument 2 to "randint" has incompatible type "tuple[Tensor]"; expected "Size | list[int] | tuple[int, ...]"  [arg-type]
scripts/training/spike_bert.py:225: error: Function is missing a type annotation  [no-untyped-def]
scripts/training/spike_bert.py:245: error: Call to untyped function "_init_weights" in typed context  [no-untyped-call]
scripts/training/spike_bert.py:247: error: Function is missing a return type annotation  [no-untyped-def]
scripts/training/spike_bert.py:247: note: Use "-> None" if function does not return a value
scripts/training/spike_bert.py:252: error: Function is missing a type annotation  [no-untyped-def]
scripts/training/spike_bert.py:270: error: Function is missing a type annotation  [no-untyped-def]
scripts/training/spike_bert.py:277: error: Call to untyped function "forward" in typed context  [no-untyped-call]
scripts/training/spike_bert.py:285: error: Function is missing a type annotation  [no-untyped-def]
scripts/training/spike_bert.py:326: error: Function is missing a type annotation  [no-untyped-def]
scripts/training/spike_bert.py:351: error: Function is missing a type annotation  [no-untyped-def]
scripts/training/spike_bert.py:384: error: Function is missing a return type annotation  [no-untyped-def]
scripts/training/spike_bert.py:384: note: Use "-> None" if function does not return a value
scripts/training/spike_bert.py:427: error: Call to untyped function "SpikeBERT" in typed context  [no-untyped-call]
scripts/training/spike_bert.py:431: error: Call to untyped function "export_all_embeddings" in typed context  [no-untyped-call]
scripts/training/spike_bert.py:457: error: Call to untyped function "SpikeBERT" in typed context  [no-untyped-call]
scripts/training/spike_bert.py:484: error: Call to untyped function "train_epoch" in typed context  [no-untyped-call]
scripts/training/spike_bert.py:487: error: Call to untyped function "evaluate" in typed context  [no-untyped-call]
scripts/training/spike_bert.py:537: error: Call to untyped function "export_all_embeddings" in typed context  [no-untyped-call]
scripts/training/spike_bert.py:546: error: Generator has incompatible item type "int | ndarray[tuple[Any, ...], dtype[Any]] | str | Any | None"; expected "bool"  [misc]
scripts/training/spike_bert.py:571: error: Call to untyped function "main" in typed context  [no-untyped-call]
scripts/training/spike_attention_ranker.py:44: error: Cannot find implementation or library stub for module named "cluster_split"  [import-not-found]
scripts/training/spike_attention_ranker.py:215: error: Incompatible return value type (got "None", expected "tuple[ndarray[tuple[Any, ...], dtype[Any]], ndarray[tuple[Any, ...], dtype[Any]], ndarray[tuple[Any, ...], dtype[Any]], float]")  [return-value]
scripts/training/spike_attention_ranker.py:275: error: Incompatible return value type (got "tuple[ndarray[tuple[int, int], dtype[floating[_32Bit]]], ndarray[tuple[int, int], dtype[floating[_32Bit]]], ndarray[tuple[int, int], dtype[floating[_32Bit]]], ndarray[tuple[int], dtype[floating[_32Bit]]]]", expected "tuple[ndarray[tuple[Any, ...], dtype[Any]], ndarray[tuple[Any, ...], dtype[Any]], ndarray[tuple[Any, ...], dtype[Any]], float]")  [return-value]
scripts/training/spike_attention_ranker.py:283: error: Function is missing a type annotation  [no-untyped-def]
scripts/training/spike_attention_ranker.py:298: error: Function is missing a type annotation  [no-untyped-def]
scripts/training/spike_attention_ranker.py:312: error: Function is missing a type annotation  [no-untyped-def]
scripts/training/spike_attention_ranker.py:323: error: Function is missing a type annotation  [no-untyped-def]
scripts/training/spike_attention_ranker.py:345: error: Call to untyped function "pairwise_ranking_loss" in typed context  [no-untyped-call]
scripts/training/spike_attention_ranker.py:377: error: Missing type arguments for generic type "Dict"  [type-arg]
scripts/training/spike_attention_ranker.py:398: error: Call to untyped function "SpikeAttentionRanker" in typed context  [no-untyped-call]
scripts/training/spike_attention_ranker.py:400: error: Call to untyped function "train_one_fold" in typed context  [no-untyped-call]
scripts/training/spike_attention_ranker.py:463: error: Incompatible return value type (got "tuple[dict[str, list[dict[str, object]] | float | int], list[dict[str, Any]]]", expected "dict[str, Any]")  [return-value]
scripts/training/spike_attention_ranker.py:466: error: Function is missing a return type annotation  [no-untyped-def]
scripts/training/spike_attention_ranker.py:466: error: Missing type arguments for generic type "Dict"  [type-arg]
scripts/training/spike_attention_ranker.py:492: error: Need type annotation for "token_attn"  [var-annotated]
scripts/training/spike_attention_ranker.py:507: error: Function is missing a return type annotation  [no-untyped-def]
scripts/training/spike_attention_ranker.py:538: error: Function is missing a return type annotation  [no-untyped-def]
scripts/training/spike_attention_ranker.py:538: note: Use "-> None" if function does not return a value
scripts/training/spike_attention_ranker.py:580: error: Argument 2 to "savez_compressed" has incompatible type "**dict[str, ndarray[tuple[Any, ...], dtype[Any]]]"; expected "bool"  [arg-type]
scripts/training/spike_attention_ranker.py:621: error: Missing type arguments for generic type "Dict"  [type-arg]
scripts/training/spike_attention_ranker.py:680: error: Incompatible types in assignment (expression has type "str", variable has type "dict[str, ndarray[tuple[Any, ...], dtype[Any]]] | None")  [assignment]
scripts/training/spike_attention_ranker.py:686: error: Value of type "dict[str, ndarray[tuple[Any, ...], dtype[Any]]] | None" is not indexable  [index]
scripts/training/spike_attention_ranker.py:687: error: Value of type "dict[str, ndarray[tuple[Any, ...], dtype[Any]]] | None" is not indexable  [index]
scripts/training/spike_attention_ranker.py:688: error: Value of type "dict[str, ndarray[tuple[Any, ...], dtype[Any]]] | None" is not indexable  [index]
scripts/training/spike_attention_ranker.py:689: error: Value of type "dict[str, ndarray[tuple[Any, ...], dtype[Any]]] | None" is not indexable  [index]
scripts/training/spike_attention_ranker.py:690: error: Value of type "dict[str, ndarray[tuple[Any, ...], dtype[Any]]] | None" is not indexable  [index]
scripts/training/spike_attention_ranker.py:691: error: Value of type "dict[str, ndarray[tuple[Any, ...], dtype[Any]]] | None" is not indexable  [index]
scripts/training/spike_attention_ranker.py:698: error: Value of type "dict[str, ndarray[tuple[Any, ...], dtype[Any]]] | None" is not indexable  [index]
scripts/training/spike_attention_ranker.py:704: error: Argument 1 to "analyze_attention" has incompatible type "str"; expected "list[dict[Any, Any]]"  [arg-type]
scripts/training/spike_attention_ranker.py:710: error: Call to untyped function "SpikeAttentionRanker" in typed context  [no-untyped-call]
scripts/training/spike_attention_ranker.py:712: error: Call to untyped function "train_one_fold" in typed context  [no-untyped-call]
scripts/training/spike_attention_ranker.py:732: error: Call to untyped function "main" in typed context  [no-untyped-call]
scripts/training/site_vqvae.py:146: error: Function is missing a return type annotation  [no-untyped-def]
scripts/training/site_vqvae.py:168: error: Returning Any from function declared to return "dict[str, dict[str, float]]"  [no-any-return]
scripts/training/site_vqvae.py:172: error: Missing type arguments for generic type "Dict"  [type-arg]
scripts/training/site_vqvae.py:228: error: Missing type arguments for generic type "Dict"  [type-arg]
scripts/training/site_vqvae.py:308: error: Missing type arguments for generic type "Dict"  [type-arg]
scripts/training/site_vqvae.py:344: error: Incompatible types in assignment (expression has type "float", target has type "int")  [assignment]
scripts/training/site_vqvae.py:349: error: Incompatible types in assignment (expression has type "float", target has type "int")  [assignment]
scripts/training/site_vqvae.py:352: error: Missing type arguments for generic type "Counter"  [type-arg]
scripts/training/site_vqvae.py:380: error: Function is missing a return type annotation  [no-untyped-def]
scripts/training/site_vqvae.py:380: note: Use "-> None" if function does not return a value
scripts/training/site_vqvae.py:511: error: Call to untyped function "main" in typed context  [no-untyped-call]
scripts/training/predict_v004.py:165: error: Function is missing a return type annotation  [no-untyped-def]
scripts/training/predict_v004.py:165: note: Use "-> None" if function does not return a value
scripts/training/predict_v004.py:185: error: Call to untyped function "_SpikeBERT" in typed context  [no-untyped-call]
scripts/training/predict_v004.py:201: error: Returning Any from function declared to return "ndarray[tuple[Any, ...], dtype[Any]]"  [no-any-return]
scripts/training/predict_v004.py:212: error: Skipping analyzing "onnxruntime": module is installed, but missing library stubs or py.typed marker  [import-untyped]
scripts/training/predict_v004.py:215: error: Cannot find implementation or library stub for module named "model"  [import-not-found]
scripts/training/predict_v004.py:253: error: Missing type arguments for generic type "Dict"  [type-arg]
scripts/training/predict_v004.py:258: error: Need type annotation for "sites" (hint: "sites: list[<type>] = ...")  [var-annotated]
scripts/training/predict_v004.py:290: error: Function is missing a return type annotation  [no-untyped-def]
scripts/training/predict_v004.py:290: error: Missing type arguments for generic type "Dict"  [type-arg]
scripts/training/predict_v004.py:322: error: Function is missing a return type annotation  [no-untyped-def]
scripts/training/predict_v004.py:322: note: Use "-> None" if function does not return a value
scripts/training/predict_v004.py:409: error: Call to untyped function "main" in typed context  [no-untyped-call]
scripts/training/physics_predictor.py:61: error: Cannot find implementation or library stub for module named "cluster_split"  [import-not-found]
scripts/training/physics_predictor.py:92: error: Returning Any from function declared to return "Tensor"  [no-any-return]
scripts/training/physics_predictor.py:99: error: Function is missing a type annotation for one or more parameters  [no-untyped-def]
scripts/training/physics_predictor.py:195: error: Missing type arguments for generic type "Dict"  [type-arg]
scripts/training/physics_predictor.py:234: error: Call to untyped function "backward" in typed context  [no-untyped-call]
scripts/training/physics_predictor.py:275: error: Function is missing a return type annotation  [no-untyped-def]
scripts/training/physics_predictor.py:275: note: Use "-> None" if function does not return a value
scripts/training/physics_predictor.py:396: error: Argument 2 to "export" has incompatible type "Tensor"; expected "tuple[Any, ...]"  [arg-type]
scripts/training/physics_predictor.py:405: error: Call to untyped function "main" in typed context  [no-untyped-call]
scripts/training/physics_constraints.py:51: error: Missing type arguments for generic type "dict"  [type-arg]
scripts/training/physics_constraints.py:91: error: Function is missing a type annotation  [no-untyped-def]
scripts/training/physics_constraints.py:97: error: Function is missing a type annotation  [no-untyped-def]
scripts/training/physics_constraints.py:98: error: Call to untyped function "_bool" in typed context  [no-untyped-call]
scripts/training/physics_constraints.py:101: error: Function is missing a type annotation  [no-untyped-def]
scripts/training/physics_constraints.py:161: error: Call to untyped function "_not" in typed context  [no-untyped-call]
scripts/training/physics_constraints.py:223: error: Function is missing a return type annotation  [no-untyped-def]
scripts/training/physics_constraints.py:237: error: Call to untyped function "_mean" in typed context  [no-untyped-call]
scripts/training/physics_constraints.py:241: error: Call to untyped function "_mean" in typed context  [no-untyped-call]
scripts/training/master_runpod_training.py:74: error: Missing type arguments for generic type "dict"  [type-arg]
scripts/training/master_runpod_training.py:83: error: Missing type arguments for generic type "CompletedProcess"  [type-arg]
scripts/training/master_runpod_training.py:102: error: Function is missing a type annotation for one or more parameters  [no-untyped-def]
scripts/training/master_runpod_training.py:258: error: Skipping analyzing "esm": module is installed, but missing library stubs or py.typed marker  [import-untyped]
scripts/training/feature_extractor.py:210: error: Incompatible types in assignment (expression has type "object", variable has type "str")  [assignment]
scripts/training/feature_extractor.py:225: error: Argument 1 to "float" has incompatible type "object"; expected "str | Buffer | SupportsFloat | SupportsIndex"  [arg-type]
scripts/training/feature_extractor.py:229: error: No overload variant of "__setitem__" of "ndarray" matches argument types "int", "object"  [call-overload]
scripts/training/feature_extractor.py:229: note: Possible overload variants:
scripts/training/feature_extractor.py:229: note:     def __setitem__(self, SupportsIndex | slice[Any, Any, Any] | EllipsisType | _SupportsArray[dtype[numpy.bool[builtins.bool] | integer[Any]]] | _NestedSequence[_SupportsArray[dtype[numpy.bool[builtins.bool] | integer[Any]]]] | int | _NestedSequence[int] | None | tuple[SupportsIndex | slice[Any, Any, Any] | EllipsisType | _SupportsArray[dtype[numpy.bool[builtins.bool] | integer[Any]]] | _NestedSequence[_SupportsArray[dtype[numpy.bool[builtins.bool] | integer[Any]]]] | int | _NestedSequence[int] | None, ...], SupportsFloat | SupportsIndex | str | bytes | _NestedSequence[SupportsFloat | SupportsIndex | str | bytes | None] | _SupportsArray[dtype[numpy.bool[builtins.bool] | integer[Any] | floating[Any]]] | _NestedSequence[_SupportsArray[dtype[numpy.bool[builtins.bool] | integer[Any] | floating[Any]]]] | float | _NestedSequence[float] | None, /) -> None
scripts/training/feature_extractor.py:229: note:     def __setitem__(self, SupportsIndex | slice[Any, Any, Any] | EllipsisType | _SupportsArray[dtype[numpy.bool[builtins.bool] | integer[Any]]] | _NestedSequence[_SupportsArray[dtype[numpy.bool[builtins.bool] | integer[Any]]]] | int | _NestedSequence[int] | None | tuple[SupportsIndex | slice[Any, Any, Any] | EllipsisType | _SupportsArray[dtype[numpy.bool[builtins.bool] | integer[Any]]] | _NestedSequence[_SupportsArray[dtype[numpy.bool[builtins.bool] | integer[Any]]]] | int | _NestedSequence[int] | None, ...], Buffer | _SupportsArray[dtype[Any]] | _NestedSequence[_SupportsArray[dtype[Any]]] | complex | bytes | str | _NestedSequence[complex | bytes | str], /) -> None
scripts/training/feature_extractor.py:240: error: Cannot find implementation or library stub for module named "freesasa"  [import-not-found]
scripts/training/feature_extractor.py:313: error: Skipping analyzing "prody": module is installed, but missing library stubs or py.typed marker  [import-untyped]
scripts/training/feature_extractor.py:462: error: Invalid index type "tuple[int, float]" for "ndarray[tuple[int, int], dtype[floating[_32Bit]]]"; expected type "SupportsIndex | slice[Any, Any, Any] | EllipsisType | _SupportsArray[dtype[numpy.bool[builtins.bool] | integer[Any]]] | _NestedSequence[_SupportsArray[dtype[numpy.bool[builtins.bool] | integer[Any]]]] | int | _NestedSequence[int] | None | tuple[SupportsIndex | slice[Any, Any, Any] | EllipsisType | _SupportsArray[dtype[numpy.bool[builtins.bool] | integer[Any]]] | _NestedSequence[_SupportsArray[dtype[numpy.bool[builtins.bool] | integer[Any]]]] | int | _NestedSequence[int] | None, ...]"  [index]
scripts/training/feature_extractor.py:525: error: Library stubs not installed for "pandas"  [import-untyped]
scripts/training/feature_extractor.py:552: error: Returning Any from function declared to return "ndarray[tuple[Any, ...], dtype[Any]]"  [no-any-return]
scripts/training/feature_extractor.py:636: error: Function is missing a return type annotation  [no-untyped-def]
scripts/training/feature_extractor.py:640: error: Skipping analyzing "esm": module is installed, but missing library stubs or py.typed marker  [import-untyped]
scripts/training/feature_extractor.py:663: error: Call to untyped function "_load_esm2" in typed context  [no-untyped-call]
scripts/training/feature_extractor.py:671: error: Returning Any from function declared to return "ndarray[tuple[Any, ...], dtype[Any]]"  [no-any-return]
scripts/training/feature_extractor.py:686: error: Returning Any from function declared to return "ndarray[tuple[Any, ...], dtype[Any]]"  [no-any-return]
scripts/training/vn_egnn/train_v004.py:39: error: Cannot find implementation or library stub for module named "model"  [import-not-found]
scripts/training/vn_egnn/train_v004.py:41: error: Cannot find implementation or library stub for module named "cluster_split"  [import-not-found]
scripts/training/vn_egnn/train_v004.py:150: error: Function is missing a type annotation  [no-untyped-def]
scripts/training/vn_egnn/train_v004.py:185: error: Function is missing a type annotation  [no-untyped-def]
scripts/training/vn_egnn/train_v004.py:225: error: Function is missing a return type annotation  [no-untyped-def]
scripts/training/vn_egnn/train_v004.py:225: note: Use "-> None" if function does not return a value
scripts/training/vn_egnn/train_v004.py:308: error: Call to untyped function "train_epoch" in typed context  [no-untyped-call]
scripts/training/vn_egnn/train_v004.py:313: error: Call to untyped function "eval_samples" in typed context  [no-untyped-call]
scripts/training/vn_egnn/train_v004.py:350: error: Call to untyped function "eval_samples" in typed context  [no-untyped-call]
scripts/training/vn_egnn/train_v004.py:356: error: Call to untyped function "eval_samples" in typed context  [no-untyped-call]
scripts/training/vn_egnn/train_v004.py:413: error: Call to untyped function "main" in typed context  [no-untyped-call]
scripts/training/vn_egnn/train.py:49: error: Cannot find implementation or library stub for module named "model"  [import-not-found]
scripts/training/vn_egnn/train.py:51: error: Cannot find implementation or library stub for module named "feature_extractor"  [import-not-found]
scripts/training/vn_egnn/train.py:52: error: Cannot find implementation or library stub for module named "cluster_split"  [import-not-found]
scripts/training/vn_egnn/train.py:57: error: Function is missing a return type annotation  [no-untyped-def]
scripts/training/vn_egnn/train.py:152: error: Dict entry 0 has incompatible type "str": "str"; expected "str": "Tensor"  [dict-item]
scripts/training/vn_egnn/train.py:215: error: Skipping analyzing "sklearn.metrics": module is installed, but missing library stubs or py.typed marker  [import-untyped]
scripts/training/vn_egnn/train.py:227: error: Argument 1 to "median" has incompatible type "list[object]"; expected "_SupportsArray[dtype[Never]] | _NestedSequence[_SupportsArray[dtype[Never]]]"  [arg-type]
scripts/training/vn_egnn/train.py:228: error: Argument 1 to "mean" has incompatible type "list[object]"; expected "_SupportsArray[dtype[numpy.bool[builtins.bool] | integer[Any] | floating[Any]]] | _NestedSequence[_SupportsArray[dtype[numpy.bool[builtins.bool] | integer[Any] | floating[Any]]]] | float | _NestedSequence[float]"  [arg-type]
scripts/training/vn_egnn/train.py:229: error: Generator has incompatible item type "int"; expected "bool"  [misc]
scripts/training/vn_egnn/train.py:229: error: Unsupported operand types for > ("float" and "object")  [operator]
scripts/training/vn_egnn/train.py:230: error: Generator has incompatible item type "int"; expected "bool"  [misc]
scripts/training/vn_egnn/train.py:230: error: Unsupported operand types for > ("float" and "object")  [operator]
scripts/training/vn_egnn/train.py:231: error: Argument 1 to "mean" has incompatible type "list[object]"; expected "_SupportsArray[dtype[numpy.bool[builtins.bool] | integer[Any] | floating[Any]]] | _NestedSequence[_SupportsArray[dtype[numpy.bool[builtins.bool] | integer[Any] | floating[Any]]]] | float | _NestedSequence[float]"  [arg-type]
scripts/training/vn_egnn/train.py:240: error: Function is missing a return type annotation  [no-untyped-def]
scripts/training/vn_egnn/train.py:240: note: Use "-> None" if function does not return a value
scripts/training/vn_egnn/train.py:403: error: Call to untyped function "main" in typed context  [no-untyped-call]
scripts/training/vn_egnn/model.py:59: error: Returning Any from function declared to return "Tensor"  [no-any-return]
scripts/training/vn_egnn/model.py:364: error: No overload variant of "randn" matches argument types "int", "Tensor | Module", "device"  [call-overload]
scripts/training/vn_egnn/model.py:364: note: Possible overload variants:
scripts/training/vn_egnn/model.py:364: note:     def randn(size: Sequence[int | SymInt], *, generator: Generator | None, names: Sequence[str | EllipsisType | None] | None, dtype: dtype | None = ..., layout: layout | None = ..., device: str | device | int | None = ..., pin_memory: bool | None = ..., requires_grad: bool | None = ...) -> Tensor
scripts/training/vn_egnn/model.py:364: note:     def randn(*size: int | SymInt, generator: Generator | None, names: Sequence[str | EllipsisType | None] | None, dtype: dtype | None = ..., layout: layout | None = ..., device: str | device | int | None = ..., pin_memory: bool | None = ..., requires_grad: bool | None = ...) -> Tensor
scripts/training/vn_egnn/model.py:364: note:     def randn(size: Sequence[int | SymInt], *, generator: Generator | None, out: Tensor | None = ..., dtype: dtype | None = ..., layout: layout | None = ..., device: str | device | int | None = ..., pin_memory: bool | None = ..., requires_grad: bool | None = ...) -> Tensor
scripts/training/vn_egnn/model.py:364: note:     def randn(*size: int | SymInt, generator: Generator | None, out: Tensor | None = ..., dtype: dtype | None = ..., layout: layout | None = ..., device: str | device | int | None = ..., pin_memory: bool | None = ..., requires_grad: bool | None = ...) -> Tensor
scripts/training/vn_egnn/model.py:364: note:     def randn(size: Sequence[int | SymInt], *, out: Tensor | None = ..., dtype: dtype | None = ..., layout: layout | None = ..., device: str | device | int | None = ..., pin_memory: bool | None = ..., requires_grad: bool | None = ...) -> Tensor
scripts/training/vn_egnn/model.py:364: note:     def randn(*size: int | SymInt, out: Tensor | None = ..., dtype: dtype | None = ..., layout: layout | None = ..., device: str | device | int | None = ..., pin_memory: bool | None = ..., requires_grad: bool | None = ...) -> Tensor
scripts/training/vn_egnn/model.py:364: note:     def randn(size: Sequence[int | SymInt], *, names: Sequence[str | EllipsisType | None] | None, dtype: dtype | None = ..., layout: layout | None = ..., device: str | device | int | None = ..., pin_memory: bool | None = ..., requires_grad: bool | None = ...) -> Tensor
scripts/training/vn_egnn/model.py:364: note:     def randn(*size: int | SymInt, names: Sequence[str | EllipsisType | None] | None, dtype: dtype | None = ..., layout: layout | None = ..., device: str | device | int | None = ..., pin_memory: bool | None = ..., requires_grad: bool | None = ...) -> Tensor
scripts/quarantine/generate_tem1_report.py:179: error: Need type annotation for "bfactor_sum" (hint: "bfactor_sum: dict[<type>, <type>] = ...")  [var-annotated]
scripts/quarantine/generate_tem1_report.py:180: error: Need type annotation for "bfactor_count" (hint: "bfactor_count: dict[<type>, <type>] = ...")  [var-annotated]
scripts/quarantine/generate_tem1_report.py:181: error: Need type annotation for "pdb_residues_info" (hint: "pdb_residues_info: dict[<type>, <type>] = ...")  [var-annotated]
scripts/quarantine/generate_tem1_report.py:218: error: Skipping analyzing "mdtraj": module is installed, but missing library stubs or py.typed marker  [import-untyped]
scripts/quarantine/generate_tem1_report.py:254: error: Function is missing a type annotation  [no-untyped-def]
scripts/quarantine/generate_tem1_report.py:266: error: Function is missing a type annotation  [no-untyped-def]
scripts/quarantine/generate_tem1_report.py:269: error: Function is missing a type annotation  [no-untyped-def]
scripts/quarantine/generate_tem1_report.py:280: error: Function is missing a type annotation  [no-untyped-def]
scripts/quarantine/generate_tem1_report.py:358: error: Incompatible types in assignment (expression has type "ndarray[tuple[Any, ...], dtype[float64]]", variable has type "ndarray[tuple[int, int], dtype[floating[_32Bit]]]")  [assignment]
scripts/quarantine/generate_tem1_report.py:361: error: Call to untyped function "robust_normalize" in typed context  [no-untyped-call]
scripts/quarantine/generate_tem1_report.py:365: error: Call to untyped function "build_features" in typed context  [no-untyped-call]
scripts/quarantine/generate_tem1_report.py:379: error: Call to untyped function "StudentModel" in typed context  [no-untyped-call]
scripts/quarantine/generate_tem1_report.py:468: error: Function is missing a type annotation  [no-untyped-def]
scripts/quarantine/generate_tem1_report.py:469: error: Library stubs not installed for "scipy.spatial"  [import-untyped]
scripts/quarantine/generate_tem1_report.py:478: error: Function is missing a type annotation  [no-untyped-def]
scripts/quarantine/generate_tem1_report.py:489: error: Function is missing a type annotation  [no-untyped-def]
scripts/quarantine/generate_tem1_report.py:519: error: Function is missing a type annotation  [no-untyped-def]
scripts/quarantine/generate_tem1_report.py:542: error: Need type annotation for "barrier_dist"  [var-annotated]
scripts/quarantine/generate_tem1_report.py:558: error: Function is missing a type annotation  [no-untyped-def]
scripts/quarantine/generate_tem1_report.py:586: error: Function is missing a type annotation  [no-untyped-def]
scripts/quarantine/generate_tem1_report.py:601: error: Function is missing a type annotation  [no-untyped-def]
scripts/quarantine/generate_tem1_report.py:619: error: Function is missing a type annotation  [no-untyped-def]
scripts/quarantine/generate_tem1_report.py:661: error: Call to untyped function "convex_hull_volume" in typed context  [no-untyped-call]
scripts/quarantine/generate_tem1_report.py:662: error: Call to untyped function "convex_hull_sphericity" in typed context  [no-untyped-call]
scripts/quarantine/generate_tem1_report.py:685: error: Call to untyped function "classify_site" in typed context  [no-untyped-call]
scripts/quarantine/generate_tem1_report.py:689: error: Call to untyped function "nma_site_analysis" in typed context  [no-untyped-call]
scripts/quarantine/generate_tem1_report.py:692: error: Call to untyped function "spike_dynamics" in typed context  [no-untyped-call]
scripts/quarantine/generate_tem1_report.py:696: error: Call to untyped function "druggability" in typed context  [no-untyped-call]
scripts/quarantine/generate_tem1_report.py:736: error: Call to untyped function "docking_box" in typed context  [no-untyped-call]
scripts/quarantine/generate_tem1_report.py:737: error: Call to untyped function "pharmacophore" in typed context  [no-untyped-call]
scripts/quarantine/generate_tem1_report.py:914: error: Argument 1 to "get" of "dict" has incompatible type "Any | None"; expected "str"  [arg-type]
scripts/quarantine/generate_tem1_report.py:1095: error: Need type annotation for "node_degree"  [var-annotated]
scripts/quarantine/generate_tem1_report.py:1096: error: Assignment to variable "e" outside except: block  [misc]
scripts/quarantine/generate_tem1_report.py:1097: error: Trying to read deleted variable "e"  [misc]
scripts/managed-agents/setup_agents.py:248: error: Missing type arguments for generic type "dict"  [type-arg]
scripts/managed-agents/setup_agents.py:251: error: Returning Any from function declared to return "dict[Any, Any]"  [no-any-return]
scripts/managed-agents/setup_agents.py:255: error: Function is missing a return type annotation  [no-untyped-def]
scripts/managed-agents/setup_agents.py:255: error: Missing type arguments for generic type "dict"  [type-arg]
scripts/managed-agents/setup_agents.py:264: error: Function is missing a return type annotation  [no-untyped-def]
scripts/managed-agents/setup_agents.py:271: error: "Beta" has no attribute "environments"  [attr-defined]
scripts/managed-agents/setup_agents.py:280: error: "Beta" has no attribute "agents"  [attr-defined]
scripts/managed-agents/setup_agents.py:290: error: "Beta" has no attribute "agents"  [attr-defined]
scripts/managed-agents/setup_agents.py:306: error: Function is missing a return type annotation  [no-untyped-def]
scripts/managed-agents/setup_agents.py:321: error: "Beta" has no attribute "sessions"  [attr-defined]
scripts/managed-agents/setup_agents.py:329: error: "Beta" has no attribute "sessions"  [attr-defined]
scripts/managed-agents/setup_agents.py:330: error: "Beta" has no attribute "sessions"  [attr-defined]
scripts/managed-agents/setup_agents.py:356: error: Function is missing a return type annotation  [no-untyped-def]
scripts/managed-agents/setup_agents.py:396: error: Function is missing a return type annotation  [no-untyped-def]
scripts/managed-agents/setup_agents.py:424: error: Function is missing a return type annotation  [no-untyped-def]
scripts/managed-agents/setup_agents.py:438: error: "Beta" has no attribute "sessions"  [attr-defined]
scripts/managed-agents/setup_agents.py:451: error: Function is missing a return type annotation  [no-untyped-def]
scripts/managed-agents/setup_agents.py:451: note: Use "-> None" if function does not return a value
scripts/managed-agents/setup_agents.py:481: error: Call to untyped function "main" in typed context  [no-untyped-call]
scripts/managed-agents/r2_upload_webhook.py:48: error: Missing type arguments for generic type "dict"  [type-arg]
scripts/managed-agents/r2_upload_webhook.py:53: error: Missing type arguments for generic type "dict"  [type-arg]
scripts/managed-agents/r2_upload_webhook.py:55: error: Returning Any from function declared to return "dict[Any, Any]"  [no-any-return]
scripts/managed-agents/r2_upload_webhook.py:59: error: Function is missing a return type annotation  [no-untyped-def]
scripts/managed-agents/r2_upload_webhook.py:59: note: Use "-> None" if function does not return a value
scripts/managed-agents/r2_upload_webhook.py:106: error: "Beta" has no attribute "sessions"  [attr-defined]
scripts/managed-agents/r2_upload_webhook.py:113: error: "Beta" has no attribute "sessions"  [attr-defined]
scripts/managed-agents/r2_upload_webhook.py:127: error: Function is missing a return type annotation  [no-untyped-def]
scripts/managed-agents/r2_upload_webhook.py:127: error: Missing type arguments for generic type "dict"  [type-arg]
scripts/managed-agents/r2_upload_webhook.py:148: error: Call to untyped function "_trigger_validation" in typed context  [no-untyped-call]
scripts/managed-agents/r2_upload_webhook.py:156: error: Function is missing a return type annotation  [no-untyped-def]
scripts/managed-agents/r2_upload_webhook.py:156: note: Use "-> None" if function does not return a value
scripts/managed-agents/r2_upload_webhook.py:174: error: Function is missing a return type annotation  [no-untyped-def]
scripts/managed-agents/r2_upload_webhook.py:174: note: Use "-> None" if function does not return a value
scripts/managed-agents/r2_upload_webhook.py:190: error: Function is missing a type annotation  [no-untyped-def]
scripts/managed-agents/r2_upload_webhook.py:198: error: Function is missing a return type annotation  [no-untyped-def]
scripts/managed-agents/r2_upload_webhook.py:198: note: Use "-> None" if function does not return a value
scripts/managed-agents/r2_upload_webhook.py:213: error: Call to untyped function "_trigger_validation" in typed context  [no-untyped-call]
scripts/managed-agents/r2_upload_webhook.py:218: error: Call to untyped function "main" in typed context  [no-untyped-call]
scripts/verify_aleniglipron_lock_reference.py:14: error: Cannot find implementation or library stub for module named "lock_mask_forensics_utils"  [import-not-found]
scripts/validate_and_package_gflownet_inference.py:76: error: Function is missing a type annotation  [no-untyped-def]
scripts/validate_and_package_gflownet_inference.py:77: error: Function is missing a type annotation  [no-untyped-def]
scripts/validate_and_package_gflownet_inference.py:78: error: Function is missing a type annotation  [no-untyped-def]
scripts/validate_and_package_gflownet_inference.py:85: error: Call to untyped function "OK" in typed context  [no-untyped-call]
scripts/validate_and_package_gflownet_inference.py:87: error: Call to untyped function "FAIL" in typed context  [no-untyped-call]
scripts/validate_and_package_gflownet_inference.py:95: error: Call to untyped function "OK" in typed context  [no-untyped-call]
scripts/validate_and_package_gflownet_inference.py:101: error: Call to untyped function "OK" in typed context  [no-untyped-call]
scripts/validate_and_package_gflownet_inference.py:101: error: Unsupported operand types for >= ("date" and "int")  [operator]
scripts/validate_and_package_gflownet_inference.py:101: error: Unsupported operand types for >= ("time" and "int")  [operator]
scripts/validate_and_package_gflownet_inference.py:101: error: Unsupported operand types for >= ("timedelta" and "int")  [operator]
scripts/validate_and_package_gflownet_inference.py:101: error: Unsupported operand types for >= ("str" and "int")  [operator]
scripts/validate_and_package_gflownet_inference.py:101: error: Unsupported operand types for >= ("bytes" and "int")  [operator]
scripts/validate_and_package_gflownet_inference.py:101: error: Unsupported operand types for >= ("list[Any]" and "int")  [operator]
scripts/validate_and_package_gflownet_inference.py:101: note: Left operand is of type "int | float | Decimal | date | time | timedelta | str | bytes | ndarray[Any, Any] | list[Any]"
scripts/validate_and_package_gflownet_inference.py:102: error: If x = b'abc' then f"{x}" or "{}".format(x) produces "b'abc'", not "abc". If this is desired behavior, use f"{x!r}" or "{!r}".format(x). Otherwise, decode the bytes  [str-bytes-safe]
scripts/validate_and_package_gflownet_inference.py:108: error: Call to untyped function "OK" in typed context  [no-untyped-call]
scripts/validate_and_package_gflownet_inference.py:114: error: Call to untyped function "OK" in typed context  [no-untyped-call]
scripts/validate_and_package_gflownet_inference.py:124: error: Call to untyped function "OK" in typed context  [no-untyped-call]
scripts/validate_and_package_gflownet_inference.py:129: error: Call to untyped function "OK" in typed context  [no-untyped-call]
scripts/validate_and_package_gflownet_inference.py:144: error: Call to untyped function "FAIL" in typed context  [no-untyped-call]
scripts/validate_and_package_gflownet_inference.py:147: error: Call to untyped function "OK" in typed context  [no-untyped-call]
scripts/validate_and_package_gflownet_inference.py:162: error: Call to untyped function "WARN" in typed context  [no-untyped-call]
scripts/realign_ligand_to_topology.py:357: error: Argument 1 to "int" has incompatible type "Any | None"; expected "str | Buffer | SupportsInt | SupportsIndex | SupportsTrunc"  [arg-type]
scripts/realign_ligand_to_topology.py:358: error: Argument 1 to "int" has incompatible type "Any | None"; expected "str | Buffer | SupportsInt | SupportsIndex | SupportsTrunc"  [arg-type]
scripts/realign_ligand_to_topology.py:359: error: Argument 1 to "int" has incompatible type "Any | None"; expected "str | Buffer | SupportsInt | SupportsIndex | SupportsTrunc"  [arg-type]
scripts/realign_ligand_to_topology.py:670: error: Argument 1 to "float" has incompatible type "list[float] | list[int] | float"; expected "str | Buffer | SupportsFloat | SupportsIndex"  [arg-type]
scripts/realign_ligand_to_topology.py:681: error: Argument 1 to "float" has incompatible type "list[float] | list[int] | float"; expected "str | Buffer | SupportsFloat | SupportsIndex"  [arg-type]
scripts/process_gpu_dispatch_results.py:443: error: Argument 1 to "float" has incompatible type "int | float | Decimal | date | time | timedelta | str | bytes | ndarray[Any, Any] | list[Any]"; expected "str | Buffer | SupportsFloat | SupportsIndex"  [arg-type]
scripts/measure_noise_floor.py:215: error: Function is missing a return type annotation  [no-untyped-def]
scripts/measure_noise_floor.py:217: error: Unused "type: ignore" comment  [unused-ignore]
scripts/measure_noise_floor.py:231: error: Call to untyped function "import_polars" in typed context  [no-untyped-call]
scripts/measure_noise_floor.py:266: error: Call to untyped function "import_polars" in typed context  [no-untyped-call]
scripts/measure_noise_floor.py:357: error: "Literal[True]" not callable  [misc]
scripts/ingest_vspace_synthons.py:94: error: Unexpected keyword argument "streaming" for overloaded function "collect" of "LazyFrame"  [call-overload]
scripts/ingest_vspace_synthons.py:118: error: Call to untyped function "GetAtoms" in typed context  [no-untyped-call]
scripts/ingest_vspace_synthons.py:172: error: Module has no attribute "ETKDGv3"  [attr-defined]
scripts/ingest_vspace_synthons.py:175: error: Module has no attribute "EmbedMolecule"  [attr-defined]
scripts/ingest_vspace_synthons.py:179: error: Module has no attribute "MMFFHasAllMoleculeParams"  [attr-defined]
scripts/ingest_vspace_synthons.py:180: error: Module has no attribute "MMFFOptimizeMolecule"  [attr-defined]
scripts/ingest_vspace_synthons.py:182: error: Module has no attribute "UFFOptimizeMolecule"  [attr-defined]
scripts/ingest_vspace_synthons.py:191: error: Call to untyped function "GetAtoms" in typed context  [no-untyped-call]
scripts/ingest_vspace_synthons.py:222: error: Unused "type: ignore" comment  [unused-ignore]
scripts/ingest_vspace_synthons.py:282: error: Module has no attribute "MolWt"  [attr-defined]
scripts/ingest_vspace_synthons.py:340: error: Module has no attribute "MolWt"  [attr-defined]
scripts/ingest_vspace_synthons.py:366: error: Skipping analyzing "torch_geometric.data": module is installed, but missing library stubs or py.typed marker  [import-untyped]
scripts/ingest_vspace_synthons.py:376: error: Call to untyped function "GetAtoms" in typed context  [no-untyped-call]
scripts/ingest_vspace_synthons.py:381: error: Call to untyped function "GetBonds" in typed context  [no-untyped-call]
scripts/ingest_vspace_synthons.py:400: error: Cannot find implementation or library stub for module named "openff.nagl"  [import-not-found]
scripts/ingest_vspace_synthons.py:401: error: Cannot find implementation or library stub for module named "openff.nagl.molecule._graph.molecule"  [import-not-found]
scripts/ingest_vspace_synthons.py:402: error: Cannot find implementation or library stub for module named "openff.nagl_models._dynamic_fetch"  [import-not-found]
scripts/ingest_vspace_synthons.py:403: error: Cannot find implementation or library stub for module named "openff.toolkit"  [import-not-found]
scripts/ingest_vspace_synthons.py:404: error: Cannot find implementation or library stub for module named "openff.toolkit.utils.nagl_wrapper"  [import-not-found]
scripts/ingest_vspace_synthons.py:426: error: Need type annotation for "charge_methods"  [var-annotated]
scripts/ingest_vspace_synthons.py:427: error: Need type annotation for "failures"  [var-annotated]
scripts/ingest_vspace_synthons.py:574: error: Need type annotation for "per_reaction"  [var-annotated]
scripts/generate_115k_am1bcc_production.py:10: error: Function is missing a type annotation  [no-untyped-def]
scripts/generate_115k_am1bcc_production.py:13: error: Cannot find implementation or library stub for module named "openff.toolkit.topology"  [import-not-found]
scripts/generate_115k_am1bcc_production.py:35: error: Function is missing a return type annotation  [no-untyped-def]
scripts/generate_115k_am1bcc_production.py:35: note: Use "-> None" if function does not return a value
scripts/generate_115k_am1bcc_production.py:64: error: Call to untyped function "main" in typed context  [no-untyped-call]
scripts/full_spectrum_extraction.py:62: error: Need type annotation for "ts_bins_by_condition"  [var-annotated]
scripts/full_spectrum_extraction.py:63: error: Need type annotation for "residue_first_ts"  [var-annotated]
scripts/full_spectrum_extraction.py:64: error: Need type annotation for "residue_phase_counts"  [var-annotated]
scripts/full_spectrum_extraction.py:75: error: Invalid index type "str" for "Series"; expected type "slice[Any, Any, Any] | range | Sequence[int] | Series | ndarray[Any, Any]"  [index]
scripts/full_spectrum_extraction.py:76: error: Invalid index type "str" for "Series"; expected type "slice[Any, Any, Any] | range | Sequence[int] | Series | ndarray[Any, Any]"  [index]
scripts/full_spectrum_extraction.py:77: error: Unsupported operand types for > ("float" and "None")  [operator]
scripts/full_spectrum_extraction.py:77: note: Left operand is of type "int | float | Decimal | date | time | timedelta | str | bytes | ndarray[Any, Any] | list[Any] | None"
scripts/full_spectrum_extraction.py:77: error: Unsupported operand types for < ("date" and "float")  [operator]
scripts/full_spectrum_extraction.py:77: error: Unsupported operand types for < ("time" and "float")  [operator]
scripts/full_spectrum_extraction.py:77: error: Unsupported operand types for < ("timedelta" and "float")  [operator]
scripts/full_spectrum_extraction.py:77: error: Unsupported operand types for < ("str" and "float")  [operator]
scripts/full_spectrum_extraction.py:77: error: Unsupported operand types for < ("bytes" and "float")  [operator]
scripts/full_spectrum_extraction.py:77: error: Unsupported operand types for < ("list[Any]" and "float")  [operator]
scripts/full_spectrum_extraction.py:77: error: Incompatible types in assignment (expression has type "int | float | Decimal | date | time | timedelta | str | bytes | ndarray[Any, Any] | list[Any] | None", variable has type "float")  [assignment]
scripts/full_spectrum_extraction.py:78: error: Unsupported operand types for < ("float" and "None")  [operator]
scripts/full_spectrum_extraction.py:78: note: Left operand is of type "int | float | Decimal | date | time | timedelta | str | bytes | ndarray[Any, Any] | list[Any] | None"
scripts/full_spectrum_extraction.py:78: error: Unsupported operand types for > ("date" and "float")  [operator]
scripts/full_spectrum_extraction.py:78: error: Unsupported operand types for > ("time" and "float")  [operator]
scripts/full_spectrum_extraction.py:78: error: Unsupported operand types for > ("timedelta" and "float")  [operator]
scripts/full_spectrum_extraction.py:78: error: Unsupported operand types for > ("str" and "float")  [operator]
scripts/full_spectrum_extraction.py:78: error: Unsupported operand types for > ("bytes" and "float")  [operator]
scripts/full_spectrum_extraction.py:78: error: Unsupported operand types for > ("list[Any]" and "float")  [operator]
scripts/full_spectrum_extraction.py:78: error: Incompatible types in assignment (expression has type "int | float | Decimal | date | time | timedelta | str | bytes | ndarray[Any, Any] | list[Any] | None", variable has type "float")  [assignment]
scripts/full_spectrum_extraction.py:80: error: Invalid index type "str" for "Series"; expected type "slice[Any, Any, Any] | range | Sequence[int] | Series | ndarray[Any, Any]"  [index]
scripts/full_spectrum_extraction.py:81: error: Invalid index type "str" for "Series"; expected type "slice[Any, Any, Any] | range | Sequence[int] | Series | ndarray[Any, Any]"  [index]
scripts/full_spectrum_extraction.py:82: error: Unsupported operand types for > ("float" and "None")  [operator]
scripts/full_spectrum_extraction.py:82: note: Left operand is of type "int | float | Decimal | date | time | timedelta | str | bytes | ndarray[Any, Any] | list[Any] | None"
scripts/full_spectrum_extraction.py:82: error: Unsupported operand types for < ("date" and "float")  [operator]
scripts/full_spectrum_extraction.py:82: error: Unsupported operand types for < ("time" and "float")  [operator]
scripts/full_spectrum_extraction.py:82: error: Unsupported operand types for < ("timedelta" and "float")  [operator]
scripts/full_spectrum_extraction.py:82: error: Unsupported operand types for < ("str" and "float")  [operator]
scripts/full_spectrum_extraction.py:82: error: Unsupported operand types for < ("bytes" and "float")  [operator]
scripts/full_spectrum_extraction.py:82: error: Unsupported operand types for < ("list[Any]" and "float")  [operator]
scripts/full_spectrum_extraction.py:82: error: Incompatible types in assignment (expression has type "int | float | Decimal | date | time | timedelta | str | bytes | ndarray[Any, Any] | list[Any] | None", variable has type "float")  [assignment]
scripts/full_spectrum_extraction.py:83: error: Unsupported operand types for < ("float" and "None")  [operator]
scripts/full_spectrum_extraction.py:83: note: Left operand is of type "int | float | Decimal | date | time | timedelta | str | bytes | ndarray[Any, Any] | list[Any] | None"
scripts/full_spectrum_extraction.py:83: error: Unsupported operand types for > ("date" and "float")  [operator]
scripts/full_spectrum_extraction.py:83: error: Unsupported operand types for > ("time" and "float")  [operator]
scripts/full_spectrum_extraction.py:83: error: Unsupported operand types for > ("timedelta" and "float")  [operator]
scripts/full_spectrum_extraction.py:83: error: Unsupported operand types for > ("str" and "float")  [operator]
scripts/full_spectrum_extraction.py:83: error: Unsupported operand types for > ("bytes" and "float")  [operator]
scripts/full_spectrum_extraction.py:83: error: Unsupported operand types for > ("list[Any]" and "float")  [operator]
scripts/full_spectrum_extraction.py:83: error: Incompatible types in assignment (expression has type "int | float | Decimal | date | time | timedelta | str | bytes | ndarray[Any, Any] | list[Any] | None", variable has type "float")  [assignment]
scripts/full_spectrum_extraction.py:85: error: Invalid index type "str" for "Series"; expected type "slice[Any, Any, Any] | range | Sequence[int] | Series | ndarray[Any, Any]"  [index]
scripts/full_spectrum_extraction.py:86: error: Invalid index type "str" for "Series"; expected type "slice[Any, Any, Any] | range | Sequence[int] | Series | ndarray[Any, Any]"  [index]
scripts/full_spectrum_extraction.py:89: error: Invalid index type "str" for "Series"; expected type "slice[Any, Any, Any] | range | Sequence[int] | Series | ndarray[Any, Any]"  [index]
scripts/full_spectrum_extraction.py:91: error: Item "Series" of "DataFrame | Series" has no attribute "with_columns"  [union-attr]
scripts/full_spectrum_extraction.py:97: error: Item "Series" of "DataFrame | Series" has no attribute "group_by"  [union-attr]
scripts/full_spectrum_extraction.py:161: error: Invalid index type "str" for "Series"; expected type "slice[Any, Any, Any] | range | Sequence[int] | Series | ndarray[Any, Any]"  [index]
scripts/full_spectrum_extraction.py:162: error: If x = b'abc' then f"{x}" or "{}".format(x) produces "b'abc'", not "abc". If this is desired behavior, use f"{x!r}" or "{!r}".format(x). Otherwise, decode the bytes  [str-bytes-safe]
scripts/full_spectrum_extraction.py:162: error: Invalid index type "str" for "Series"; expected type "slice[Any, Any, Any] | range | Sequence[int] | Series | ndarray[Any, Any]"  [index]
scripts/full_spectrum_extraction.py:163: error: Invalid index type "str" for "Series"; expected type "slice[Any, Any, Any] | range | Sequence[int] | Series | ndarray[Any, Any]"  [index]
scripts/full_spectrum_extraction.py:167: error: If x = b'abc' then f"{x}" or "{}".format(x) produces "b'abc'", not "abc". If this is desired behavior, use f"{x!r}" or "{!r}".format(x). Otherwise, decode the bytes  [str-bytes-safe]
scripts/full_spectrum_extraction.py:167: error: Invalid index type "str" for "Series"; expected type "slice[Any, Any, Any] | range | Sequence[int] | Series | ndarray[Any, Any]"  [index]
scripts/full_spectrum_extraction.py:168: error: If x = b'abc' then f"{x}" or "{}".format(x) produces "b'abc'", not "abc". If this is desired behavior, use f"{x!r}" or "{!r}".format(x). Otherwise, decode the bytes  [str-bytes-safe]
scripts/full_spectrum_extraction.py:168: error: Invalid index type "str" for "Series"; expected type "slice[Any, Any, Any] | range | Sequence[int] | Series | ndarray[Any, Any]"  [index]
scripts/full_spectrum_extraction.py:171: error: If x = b'abc' then f"{x}" or "{}".format(x) produces "b'abc'", not "abc". If this is desired behavior, use f"{x!r}" or "{!r}".format(x). Otherwise, decode the bytes  [str-bytes-safe]
scripts/full_spectrum_extraction.py:171: error: Invalid index type "str" for "Series"; expected type "slice[Any, Any, Any] | range | Sequence[int] | Series | ndarray[Any, Any]"  [index]
scripts/full_spectrum_extraction.py:172: error: If x = b'abc' then f"{x}" or "{}".format(x) produces "b'abc'", not "abc". If this is desired behavior, use f"{x!r}" or "{!r}".format(x). Otherwise, decode the bytes  [str-bytes-safe]
scripts/full_spectrum_extraction.py:172: error: Invalid index type "str" for "Series"; expected type "slice[Any, Any, Any] | range | Sequence[int] | Series | ndarray[Any, Any]"  [index]
scripts/full_spectrum_extraction.py:175: error: If x = b'abc' then f"{x}" or "{}".format(x) produces "b'abc'", not "abc". If this is desired behavior, use f"{x!r}" or "{!r}".format(x). Otherwise, decode the bytes  [str-bytes-safe]
scripts/full_spectrum_extraction.py:175: error: Invalid index type "str" for "Series"; expected type "slice[Any, Any, Any] | range | Sequence[int] | Series | ndarray[Any, Any]"  [index]
scripts/full_spectrum_extraction.py:176: error: If x = b'abc' then f"{x}" or "{}".format(x) produces "b'abc'", not "abc". If this is desired behavior, use f"{x!r}" or "{!r}".format(x). Otherwise, decode the bytes  [str-bytes-safe]
scripts/full_spectrum_extraction.py:176: error: Invalid index type "str" for "Series"; expected type "slice[Any, Any, Any] | range | Sequence[int] | Series | ndarray[Any, Any]"  [index]
scripts/full_spectrum_extraction.py:179: error: If x = b'abc' then f"{x}" or "{}".format(x) produces "b'abc'", not "abc". If this is desired behavior, use f"{x!r}" or "{!r}".format(x). Otherwise, decode the bytes  [str-bytes-safe]
scripts/full_spectrum_extraction.py:179: error: Invalid index type "str" for "Series"; expected type "slice[Any, Any, Any] | range | Sequence[int] | Series | ndarray[Any, Any]"  [index]
scripts/full_spectrum_extraction.py:180: error: If x = b'abc' then f"{x}" or "{}".format(x) produces "b'abc'", not "abc". If this is desired behavior, use f"{x!r}" or "{!r}".format(x). Otherwise, decode the bytes  [str-bytes-safe]
scripts/full_spectrum_extraction.py:180: error: Invalid index type "str" for "Series"; expected type "slice[Any, Any, Any] | range | Sequence[int] | Series | ndarray[Any, Any]"  [index]
scripts/full_spectrum_extraction.py:183: error: Invalid index type "str" for "Series"; expected type "slice[Any, Any, Any] | range | Sequence[int] | Series | ndarray[Any, Any]"  [index]
scripts/full_spectrum_extraction.py:198: error: If x = b'abc' then f"{x}" or "{}".format(x) produces "b'abc'", not "abc". If this is desired behavior, use f"{x!r}" or "{!r}".format(x). Otherwise, decode the bytes  [str-bytes-safe]
scripts/full_spectrum_extraction.py:199: error: If x = b'abc' then f"{x}" or "{}".format(x) produces "b'abc'", not "abc". If this is desired behavior, use f"{x!r}" or "{!r}".format(x). Otherwise, decode the bytes  [str-bytes-safe]
scripts/full_spectrum_extraction.py:202: error: If x = b'abc' then f"{x}" or "{}".format(x) produces "b'abc'", not "abc". If this is desired behavior, use f"{x!r}" or "{!r}".format(x). Otherwise, decode the bytes  [str-bytes-safe]
scripts/full_spectrum_extraction.py:203: error: If x = b'abc' then f"{x}" or "{}".format(x) produces "b'abc'", not "abc". If this is desired behavior, use f"{x!r}" or "{!r}".format(x). Otherwise, decode the bytes  [str-bytes-safe]
scripts/full_spectrum_extraction.py:239: error: If x = b'abc' then f"{x}" or "{}".format(x) produces "b'abc'", not "abc". If this is desired behavior, use f"{x!r}" or "{!r}".format(x). Otherwise, decode the bytes  [str-bytes-safe]
scripts/full_spectrum_extraction.py:292: error: If x = b'abc' then f"{x}" or "{}".format(x) produces "b'abc'", not "abc". If this is desired behavior, use f"{x!r}" or "{!r}".format(x). Otherwise, decode the bytes  [str-bytes-safe]
scripts/full_spectrum_extraction.py:323: error: If x = b'abc' then f"{x}" or "{}".format(x) produces "b'abc'", not "abc". If this is desired behavior, use f"{x!r}" or "{!r}".format(x). Otherwise, decode the bytes  [str-bytes-safe]
scripts/full_spectrum_extraction.py:324: error: If x = b'abc' then f"{x}" or "{}".format(x) produces "b'abc'", not "abc". If this is desired behavior, use f"{x!r}" or "{!r}".format(x). Otherwise, decode the bytes  [str-bytes-safe]
scripts/full_spectrum_extraction.py:350: error: If x = b'abc' then f"{x}" or "{}".format(x) produces "b'abc'", not "abc". If this is desired behavior, use f"{x!r}" or "{!r}".format(x). Otherwise, decode the bytes  [str-bytes-safe]
scripts/full_protocol_reextraction.py:79: error: "Expr" has no attribute "when"  [attr-defined]
scripts/full_protocol_reextraction.py:82: error: Returning Any from function declared to return "Expr"  [no-any-return]
scripts/full_protocol_reextraction.py:82: error: "Expr" has no attribute "otherwise"  [attr-defined]
scripts/full_protocol_reextraction.py:430: error: Returning Any from function declared to return "int"  [no-any-return]
scripts/diagnose_variant_grids.py:15: error: Cannot find implementation or library stub for module named "lock_mask_forensics_utils"  [import-not-found]
scripts/derive_shear_principal_directions.py:52: error: No overload variant of "__setitem__" of "list" matches argument types "int", "int"  [call-overload]
scripts/derive_shear_principal_directions.py:52: note: Possible overload variants:
scripts/derive_shear_principal_directions.py:52: note:     def __setitem__(self, SupportsIndex, slice[Any, Any, Any], /) -> None
scripts/derive_shear_principal_directions.py:52: note:     def __setitem__(self, slice[SupportsIndex | None, SupportsIndex | None, SupportsIndex | None], Iterable[slice[Any, Any, Any]], /) -> None
scripts/derive_shear_principal_directions.py:54: error: No overload variant of "__setitem__" of "list" matches argument types "int", "int"  [call-overload]
scripts/derive_shear_principal_directions.py:54: note: Possible overload variants:
scripts/derive_shear_principal_directions.py:54: note:     def __setitem__(self, SupportsIndex, slice[Any, Any, Any], /) -> None
scripts/derive_shear_principal_directions.py:54: note:     def __setitem__(self, slice[SupportsIndex | None, SupportsIndex | None, SupportsIndex | None], Iterable[slice[Any, Any, Any]], /) -> None
scripts/curate_115k_anchors.py:74: error: Module has no attribute "DisableLog"  [attr-defined]
scripts/curate_115k_anchors.py:159: error: Module has no attribute "MolWt"  [attr-defined]
scripts/curate_115k_anchors.py:160: error: Module has no attribute "MolLogP"  [attr-defined]
scripts/curate_115k_anchors.py:161: error: Module has no attribute "NumHDonors"  [attr-defined]
scripts/curate_115k_anchors.py:162: error: Module has no attribute "NumHAcceptors"  [attr-defined]
scripts/curate_115k_anchors.py:163: error: Module has no attribute "NumRotatableBonds"; maybe "RotatableBondSmarts"?  [attr-defined]
scripts/curate_115k_anchors.py:255: error: Module has no attribute "DisableLog"  [attr-defined]
scripts/compute_scaffold_consensus_grid.py:130: error: Incompatible types in assignment (expression has type "int", variable has type "list[str]")  [assignment]
scripts/compare_o3a_vs_kabsch_pruner.py:66: error: Redundant cast to "list[dict[str, Any]]"  [redundant-cast]
scripts/compare_o3a_vs_kabsch_pruner.py:134: error: Value of type "Collection[Collection[str]]" is not indexable  [index]
scripts/compare_o3a_vs_kabsch_pruner.py:135: error: Value of type "Collection[Collection[str]]" is not indexable  [index]
scripts/compare_o3a_vs_kabsch_pruner.py:136: error: Value of type "Collection[Collection[str]]" is not indexable  [index]
scripts/compare_o3a_vs_kabsch_pruner.py:137: error: Value of type "Collection[Collection[str]]" is not indexable  [index]
scripts/compare_o3a_vs_kabsch_pruner.py:138: error: Value of type "Collection[Collection[str]]" is not indexable  [index]
scripts/canonicalize_survivor_smiles.py:54: error: Incompatible types in assignment (expression has type "bool", variable has type "SmilesParserParams")  [assignment]
scripts/canonicalize_survivor_smiles.py:55: error: Incompatible types in assignment (expression has type "bool", variable has type "SmilesParserParams")  [assignment]
scripts/build_gflownet_review_artifacts.py:47: error: Argument 1 to "axvline" has incompatible type "int | float | Decimal | date | time | timedelta | str | bytes | ndarray[Any, Any] | list[Any] | None"; expected "float"  [arg-type]
scripts/build_gflownet_review_artifacts.py:48: error: If x = b'abc' then f"{x}" or "{}".format(x) produces "b'abc'", not "abc". If this is desired behavior, use f"{x!r}" or "{!r}".format(x). Otherwise, decode the bytes  [str-bytes-safe]
scripts/benchmark_am1bcc_throughput.py:13: error: Cannot find implementation or library stub for module named "openff.toolkit.topology"  [import-not-found]
scripts/benchmark_am1bcc_throughput.py:23: error: Function is missing a return type annotation  [no-untyped-def]
scripts/benchmark_am1bcc_throughput.py:23: note: Use "-> None" if function does not return a value
scripts/benchmark_am1bcc_throughput.py:58: error: Call to untyped function "main" in typed context  [no-untyped-call]
scripts/training/prism_only_feature_extractor_v5.py:38: error: Cannot find implementation or library stub for module named "prism_native_signal_decoders"  [import-not-found]
scripts/training/prism_only_feature_extractor_v5.py:43: error: Cannot find implementation or library stub for module named "phase_manifold_features"  [import-not-found]
scripts/training/prism_only_feature_extractor_v5.py:61: error: Function is missing a return type annotation  [no-untyped-def]
scripts/training/prism_only_feature_extractor_v5.py:70: error: Function is missing a return type annotation  [no-untyped-def]
scripts/training/prism_only_feature_extractor_v5.py:94: error: Function is missing a type annotation  [no-untyped-def]
scripts/training/prism_only_feature_extractor_v5.py:129: error: Function is missing a type annotation  [no-untyped-def]
scripts/training/prism_only_feature_extractor_v5.py:137: error: Function is missing a type annotation  [no-untyped-def]
scripts/training/prism_only_feature_extractor_v5.py:146: error: Function is missing a type annotation  [no-untyped-def]
scripts/training/prism_only_feature_extractor_v5.py:165: error: Function is missing a return type annotation  [no-untyped-def]
scripts/training/prism_only_feature_extractor_v5.py:231: error: Call to untyped function "gpu_moments" in typed context  [no-untyped-call]
scripts/training/prism_only_feature_extractor_v5.py:232: error: Call to untyped function "merge_moments" in typed context  [no-untyped-call]
scripts/training/prism_only_feature_extractor_v5.py:238: error: Call to untyped function "gpu_hist_2d" in typed context  [no-untyped-call]
scripts/training/prism_only_feature_extractor_v5.py:239: error: Call to untyped function "gpu_hist_2d" in typed context  [no-untyped-call]
scripts/training/prism_only_feature_extractor_v5.py:240: error: Call to untyped function "gpu_hist_2d" in typed context  [no-untyped-call]
scripts/training/prism_only_feature_extractor_v5.py:241: error: Call to untyped function "gpu_hist_2d" in typed context  [no-untyped-call]
scripts/training/prism_only_feature_extractor_v5.py:242: error: Call to untyped function "gpu_hist_2d" in typed context  [no-untyped-call]
scripts/training/prism_only_feature_extractor_v5.py:245: error: Call to untyped function "gpu_hist_2d" in typed context  [no-untyped-call]
scripts/training/prism_only_feature_extractor_v5.py:248: error: Call to untyped function "gpu_hist_2d" in typed context  [no-untyped-call]
scripts/training/prism_only_feature_extractor_v5.py:252: error: Call to untyped function "gpu_hist_2d" in typed context  [no-untyped-call]
scripts/training/prism_only_feature_extractor_v5.py:258: error: Call to untyped function "gpu_hist_2d" in typed context  [no-untyped-call]
scripts/training/prism_only_feature_extractor_v5.py:261: error: Call to untyped function "gpu_phase_bit_counts" in typed context  [no-untyped-call]
scripts/training/prism_only_feature_extractor_v5.py:284: error: Missing type arguments for generic type "dict"  [type-arg]
scripts/training/prism_only_feature_extractor_v5.py:323: error: Function is missing a type annotation  [no-untyped-def]
scripts/training/prism_only_feature_extractor_v5.py:369: error: Need type annotation for "vals"  [var-annotated]
scripts/training/prism_only_feature_extractor_v5.py:403: error: Function is missing a type annotation  [no-untyped-def]
scripts/training/prism_only_feature_extractor_v5.py:453: error: Incompatible types in assignment (expression has type "int | None", variable has type "int")  [assignment]
scripts/training/prism_only_feature_extractor_v5.py:489: error: Function is missing a type annotation  [no-untyped-def]
scripts/training/prism_only_feature_extractor_v5.py:515: error: Incompatible types in assignment (expression has type "int | None", variable has type "int")  [assignment]
scripts/training/prism_only_feature_extractor_v5.py:528: error: Function is missing a type annotation  [no-untyped-def]
scripts/training/prism_only_feature_extractor_v5.py:549: error: Incompatible types in assignment (expression has type "int | None", variable has type "int")  [assignment]
scripts/training/prism_only_feature_extractor_v5.py:560: error: Function is missing a type annotation  [no-untyped-def]
scripts/training/prism_only_feature_extractor_v5.py:587: error: Function is missing a type annotation  [no-untyped-def]
scripts/training/prism_only_feature_extractor_v5.py:620: error: Function is missing a type annotation  [no-untyped-def]
scripts/training/prism_only_feature_extractor_v5.py:645: error: Function is missing a type annotation  [no-untyped-def]
scripts/training/prism_only_feature_extractor_v5.py:680: error: Function is missing a type annotation  [no-untyped-def]
scripts/training/prism_only_feature_extractor_v5.py:721: error: Function is missing a type annotation  [no-untyped-def]
scripts/training/prism_only_feature_extractor_v5.py:741: error: Function is missing a return type annotation  [no-untyped-def]
scripts/training/prism_only_feature_extractor_v5.py:741: note: Use "-> None" if function does not return a value
scripts/training/prism_only_feature_extractor_v5.py:777: error: Call to untyped function "attach_kcc" in typed context  [no-untyped-call]
scripts/training/prism_only_feature_extractor_v5.py:781: error: Call to untyped function "attach_therm" in typed context  [no-untyped-call]
scripts/training/prism_only_feature_extractor_v5.py:783: error: Call to untyped function "attach_asc_consensus" in typed context  [no-untyped-call]
scripts/training/prism_only_feature_extractor_v5.py:785: error: Call to untyped function "attach_gcpid" in typed context  [no-untyped-call]
scripts/training/prism_only_feature_extractor_v5.py:787: error: Call to untyped function "attach_druggability_pdb" in typed context  [no-untyped-call]
scripts/training/prism_only_feature_extractor_v5.py:796: error: Call to untyped function "attach_acl1_target_stats" in typed context  [no-untyped-call]
scripts/training/prism_only_feature_extractor_v5.py:799: error: Call to untyped function "attach_ensemble_trajectory" in typed context  [no-untyped-call]
scripts/training/prism_only_feature_extractor_v5.py:801: error: Call to untyped function "attach_kcc_validation" in typed context  [no-untyped-call]
scripts/training/prism_only_feature_extractor_v5.py:803: error: Call to untyped function "attach_ground_truth" in typed context  [no-untyped-call]
scripts/training/prism_only_feature_extractor_v5.py:805: error: Call to untyped function "attach_p2rank" in typed context  [no-untyped-call]
scripts/training/prism_only_feature_extractor_v5.py:832: error: Call to untyped function "main" in typed context  [no-untyped-call]
scripts/training/prism_only_feature_extractor_v3_gpu.py:48: error: Function is missing a return type annotation  [no-untyped-def]
scripts/training/prism_only_feature_extractor_v3_gpu.py:74: error: Missing type arguments for generic type "dict"  [type-arg]
scripts/training/prism_only_feature_extractor_v3_gpu.py:143: error: Function is missing a return type annotation  [no-untyped-def]
scripts/training/prism_only_feature_extractor_v3_gpu.py:163: error: Name "N_STREAMS" is not defined  [name-defined]
scripts/training/prism_only_feature_extractor_v3_gpu.py:241: error: Incompatible types in assignment (expression has type "dict[Any, Any]", target has type "None")  [assignment]
scripts/training/prism_only_feature_extractor_v3_gpu.py:243: error: Incompatible types in assignment (expression has type "dict[Any, Any]", target has type "None")  [assignment]
scripts/training/prism_only_feature_extractor_v3_gpu.py:243: error: Argument 1 to "_merge_moments" has incompatible type "None"; expected "dict[Any, Any]"  [arg-type]
scripts/training/prism_only_feature_extractor_v3_gpu.py:249: error: Name "N_STREAMS" is not defined  [name-defined]
scripts/training/prism_only_feature_extractor_v3_gpu.py:290: error: Incompatible types in assignment (expression has type "ndarray[tuple[int], dtype[signedinteger[_64Bit]]]", target has type "ndarray[tuple[int], dtype[signedinteger[_32Bit]]]")  [assignment]
scripts/training/prism_only_feature_extractor_v3_gpu.py:291: error: Incompatible types in assignment (expression has type "ndarray[tuple[int], dtype[signedinteger[_64Bit]]]", target has type "ndarray[tuple[int], dtype[signedinteger[_32Bit]]]")  [assignment]
scripts/training/prism_only_feature_extractor_v3_gpu.py:293: error: Incompatible types in assignment (expression has type "None", variable has type "dict[Any, Any]")  [assignment]
scripts/training/prism_only_feature_extractor_v3_gpu.py:301: error: Name "N_STREAMS" is not defined  [name-defined]
scripts/training/prism_only_feature_extractor_v3_gpu.py:304: error: Incompatible types in assignment (expression has type "ndarray[tuple[Any, ...], dtype[signedinteger[_64Bit]]]", target has type "ndarray[tuple[int], dtype[signedinteger[_32Bit]]]")  [assignment]
scripts/training/prism_only_feature_extractor_v3_gpu.py:306: error: Incompatible types in assignment (expression has type "ndarray[tuple[Any, ...], dtype[signedinteger[_64Bit]]]", target has type "ndarray[tuple[int], dtype[signedinteger[_32Bit]]]")  [assignment]
scripts/training/prism_only_feature_extractor_v3_gpu.py:308: error: Incompatible types in assignment (expression has type "ndarray[tuple[Any, ...], dtype[signedinteger[_64Bit]]]", target has type "ndarray[tuple[int], dtype[signedinteger[_32Bit]]]")  [assignment]
scripts/training/prism_only_feature_extractor_v3_gpu.py:310: error: Incompatible types in assignment (expression has type "ndarray[tuple[Any, ...], dtype[signedinteger[_64Bit]]]", target has type "ndarray[tuple[int], dtype[signedinteger[_32Bit]]]")  [assignment]
scripts/training/prism_only_feature_extractor_v3_gpu.py:312: error: Incompatible types in assignment (expression has type "ndarray[tuple[Any, ...], dtype[signedinteger[_64Bit]]]", target has type "ndarray[tuple[int], dtype[signedinteger[_32Bit]]]")  [assignment]
scripts/training/prism_only_feature_extractor_v3_gpu.py:314: error: Incompatible types in assignment (expression has type "ndarray[tuple[Any, ...], dtype[signedinteger[_64Bit]]]", target has type "ndarray[tuple[int], dtype[signedinteger[_32Bit]]]")  [assignment]
scripts/training/prism_only_feature_extractor_v3_gpu.py:316: error: Incompatible types in assignment (expression has type "ndarray[tuple[Any, ...], dtype[signedinteger[_64Bit]]]", target has type "ndarray[tuple[int], dtype[signedinteger[_32Bit]]]")  [assignment]
scripts/training/prism_only_feature_extractor_v3_gpu.py:318: error: Incompatible types in assignment (expression has type "ndarray[tuple[Any, ...], dtype[signedinteger[_64Bit]]]", target has type "ndarray[tuple[int], dtype[signedinteger[_32Bit]]]")  [assignment]
scripts/training/prism_only_feature_extractor_v3_gpu.py:320: error: Incompatible types in assignment (expression has type "ndarray[tuple[Any, ...], dtype[signedinteger[_64Bit]]]", target has type "ndarray[tuple[int], dtype[signedinteger[_32Bit]]]")  [assignment]
scripts/training/prism_only_feature_extractor_v3_gpu.py:323: error: Incompatible types in assignment (expression has type "ndarray[tuple[Any, ...], dtype[float64]]", target has type "ndarray[tuple[int], dtype[signedinteger[_32Bit]]]")  [assignment]
scripts/training/prism_only_feature_extractor_v3_gpu.py:324: error: Name "N_STREAMS" is not defined  [name-defined]
scripts/training/prism_only_feature_extractor_v3_gpu.py:325: error: Incompatible types in assignment (expression has type "ndarray[tuple[Any, ...], dtype[float64]]", target has type "ndarray[tuple[int], dtype[signedinteger[_32Bit]]]")  [assignment]
scripts/training/prism_only_feature_extractor_v3_gpu.py:365: error: Missing type arguments for generic type "dict"  [type-arg]
scripts/training/prism_only_feature_extractor_v3_gpu.py:389: error: Function is missing a return type annotation  [no-untyped-def]
scripts/training/prism_only_feature_extractor_v3_gpu.py:447: error: Need type annotation for "site_scalar_vals"  [var-annotated]
scripts/training/prism_only_feature_extractor_v3_gpu.py:492: error: Function is missing a type annotation for one or more parameters  [no-untyped-def]
scripts/training/prism_only_feature_extractor_v3_gpu.py:499: error: Need type annotation for "site_list" (hint: "site_list: list[<type>] = ...")  [var-annotated]
scripts/training/prism_only_feature_extractor_v3_gpu.py:618: error: Incompatible types in assignment (expression has type "int | None", variable has type "int")  [assignment]
scripts/training/prism_only_feature_extractor_v3_gpu.py:684: error: Incompatible types in assignment (expression has type "int | None", variable has type "int")  [assignment]
scripts/training/prism_only_feature_extractor_v3_gpu.py:723: error: Incompatible types in assignment (expression has type "int | None", variable has type "int")  [assignment]
scripts/training/prism_only_feature_extractor_v3_gpu.py:768: error: Function is missing a return type annotation  [no-untyped-def]
scripts/training/prism_only_feature_extractor_v3_gpu.py:768: note: Use "-> None" if function does not return a value
scripts/training/prism_only_feature_extractor_v3_gpu.py:800: error: Call to untyped function "main" in typed context  [no-untyped-call]
scripts/training/prism_only_feature_extractor_v2.py:44: error: Missing type arguments for generic type "dict"  [type-arg]
scripts/training/prism_only_feature_extractor_v2.py:105: error: Function is missing a return type annotation  [no-untyped-def]
scripts/training/prism_only_feature_extractor_v2.py:127: error: Function is missing a return type annotation  [no-untyped-def]
scripts/training/prism_only_feature_extractor_v2.py:223: error: Incompatible types in assignment (expression has type "dict[Any, Any]", target has type "None")  [assignment]
scripts/training/prism_only_feature_extractor_v2.py:225: error: Incompatible types in assignment (expression has type "dict[Any, Any]", target has type "None")  [assignment]
scripts/training/prism_only_feature_extractor_v2.py:225: error: Argument 1 to "_merge_moments" has incompatible type "None"; expected "dict[Any, Any]"  [arg-type]
scripts/training/prism_only_feature_extractor_v2.py:271: error: Incompatible types in assignment (expression has type "ndarray[tuple[int], dtype[signedinteger[_64Bit]]]", target has type "ndarray[tuple[int], dtype[signedinteger[_32Bit]]]")  [assignment]
scripts/training/prism_only_feature_extractor_v2.py:272: error: Incompatible types in assignment (expression has type "ndarray[tuple[int], dtype[signedinteger[_64Bit]]]", target has type "ndarray[tuple[int], dtype[signedinteger[_32Bit]]]")  [assignment]
scripts/training/prism_only_feature_extractor_v2.py:274: error: Incompatible types in assignment (expression has type "None", variable has type "dict[Any, Any]")  [assignment]
scripts/training/prism_only_feature_extractor_v2.py:283: error: Incompatible types in assignment (expression has type "ndarray[tuple[Any, ...], dtype[signedinteger[_64Bit]]]", target has type "ndarray[tuple[int], dtype[signedinteger[_32Bit]]]")  [assignment]
scripts/training/prism_only_feature_extractor_v2.py:285: error: Incompatible types in assignment (expression has type "ndarray[tuple[Any, ...], dtype[signedinteger[_64Bit]]]", target has type "ndarray[tuple[int], dtype[signedinteger[_32Bit]]]")  [assignment]
scripts/training/prism_only_feature_extractor_v2.py:287: error: Incompatible types in assignment (expression has type "ndarray[tuple[Any, ...], dtype[signedinteger[_64Bit]]]", target has type "ndarray[tuple[int], dtype[signedinteger[_32Bit]]]")  [assignment]
scripts/training/prism_only_feature_extractor_v2.py:289: error: Incompatible types in assignment (expression has type "ndarray[tuple[Any, ...], dtype[signedinteger[_64Bit]]]", target has type "ndarray[tuple[int], dtype[signedinteger[_32Bit]]]")  [assignment]
scripts/training/prism_only_feature_extractor_v2.py:291: error: Incompatible types in assignment (expression has type "ndarray[tuple[Any, ...], dtype[signedinteger[_64Bit]]]", target has type "ndarray[tuple[int], dtype[signedinteger[_32Bit]]]")  [assignment]
scripts/training/prism_only_feature_extractor_v2.py:293: error: Incompatible types in assignment (expression has type "ndarray[tuple[Any, ...], dtype[signedinteger[_64Bit]]]", target has type "ndarray[tuple[int], dtype[signedinteger[_32Bit]]]")  [assignment]
scripts/training/prism_only_feature_extractor_v2.py:295: error: Incompatible types in assignment (expression has type "ndarray[tuple[Any, ...], dtype[signedinteger[_64Bit]]]", target has type "ndarray[tuple[int], dtype[signedinteger[_32Bit]]]")  [assignment]
scripts/training/prism_only_feature_extractor_v2.py:297: error: Incompatible types in assignment (expression has type "ndarray[tuple[Any, ...], dtype[signedinteger[_64Bit]]]", target has type "ndarray[tuple[int], dtype[signedinteger[_32Bit]]]")  [assignment]
scripts/training/prism_only_feature_extractor_v2.py:299: error: Incompatible types in assignment (expression has type "ndarray[tuple[Any, ...], dtype[signedinteger[_64Bit]]]", target has type "ndarray[tuple[int], dtype[signedinteger[_32Bit]]]")  [assignment]
scripts/training/prism_only_feature_extractor_v2.py:301: error: Incompatible types in assignment (expression has type "ndarray[tuple[Any, ...], dtype[signedinteger[_64Bit]]]", target has type "ndarray[tuple[int], dtype[signedinteger[_32Bit]]]")  [assignment]
scripts/training/prism_only_feature_extractor_v2.py:304: error: Incompatible types in assignment (expression has type "ndarray[tuple[Any, ...], dtype[float64]]", target has type "ndarray[tuple[int], dtype[signedinteger[_32Bit]]]")  [assignment]
scripts/training/prism_only_feature_extractor_v2.py:306: error: Incompatible types in assignment (expression has type "ndarray[tuple[Any, ...], dtype[float64]]", target has type "ndarray[tuple[int], dtype[signedinteger[_32Bit]]]")  [assignment]
scripts/training/prism_only_feature_extractor_v2.py:346: error: Missing type arguments for generic type "dict"  [type-arg]
scripts/training/prism_only_feature_extractor_v2.py:374: error: Function is missing a return type annotation  [no-untyped-def]
scripts/training/prism_only_feature_extractor_v2.py:453: error: Function is missing a type annotation for one or more parameters  [no-untyped-def]
scripts/training/prism_only_feature_extractor_v2.py:460: error: Need type annotation for "site_list" (hint: "site_list: list[<type>] = ...")  [var-annotated]
scripts/training/prism_only_feature_extractor_v2.py:590: error: Argument 1 to "int" has incompatible type "Any | None"; expected "str | Buffer | SupportsInt | SupportsIndex | SupportsTrunc"  [arg-type]
scripts/training/prism_only_feature_extractor_v2.py:594: error: Incompatible types in assignment (expression has type "int | None", variable has type "int")  [assignment]
scripts/training/prism_only_feature_extractor_v2.py:629: error: Function is missing a return type annotation  [no-untyped-def]
scripts/training/prism_only_feature_extractor_v2.py:629: note: Use "-> None" if function does not return a value
scripts/training/prism_only_feature_extractor_v2.py:647: error: Call to untyped function "main" in typed context  [no-untyped-call]
scripts/training/prism_only_feature_extractor_v1.py:44: error: Function is missing a type annotation for one or more parameters  [no-untyped-def]
scripts/training/prism_only_feature_extractor_v1.py:53: error: Function is missing a return type annotation  [no-untyped-def]
scripts/training/prism_only_feature_extractor_v1.py:74: error: Function is missing a return type annotation  [no-untyped-def]
scripts/training/prism_only_feature_extractor_v1.py:126: error: Missing type arguments for generic type "dict"  [type-arg]
scripts/training/prism_only_feature_extractor_v1.py:151: error: Function is missing a return type annotation  [no-untyped-def]
scripts/training/prism_only_feature_extractor_v1.py:189: error: Function is missing a return type annotation  [no-untyped-def]
scripts/training/prism_only_feature_extractor_v1.py:230: error: Need type annotation for "site_assignment_top10" (hint: "site_assignment_top10: dict[<type>, <type>] = ...")  [var-annotated]
scripts/training/prism_only_feature_extractor_v1.py:366: error: Incompatible types in assignment (expression has type "ndarray[tuple[int], dtype[signedinteger[_64Bit]]]", target has type "ndarray[tuple[int], dtype[signedinteger[_32Bit]]]")  [assignment]
scripts/training/prism_only_feature_extractor_v1.py:367: error: Incompatible types in assignment (expression has type "ndarray[tuple[int], dtype[signedinteger[_64Bit]]]", target has type "ndarray[tuple[int], dtype[signedinteger[_32Bit]]]")  [assignment]
scripts/training/prism_only_feature_extractor_v1.py:378: error: Incompatible types in assignment (expression has type "ndarray[tuple[Any, ...], dtype[signedinteger[_64Bit]]]", target has type "ndarray[tuple[int], dtype[signedinteger[_32Bit]]]")  [assignment]
scripts/training/prism_only_feature_extractor_v1.py:380: error: Incompatible types in assignment (expression has type "ndarray[tuple[Any, ...], dtype[signedinteger[_64Bit]]]", target has type "ndarray[tuple[int], dtype[signedinteger[_32Bit]]]")  [assignment]
scripts/training/prism_only_feature_extractor_v1.py:382: error: Incompatible types in assignment (expression has type "ndarray[tuple[Any, ...], dtype[signedinteger[_64Bit]]]", target has type "ndarray[tuple[int], dtype[signedinteger[_32Bit]]]")  [assignment]
scripts/training/prism_only_feature_extractor_v1.py:384: error: Incompatible types in assignment (expression has type "ndarray[tuple[Any, ...], dtype[signedinteger[_64Bit]]]", target has type "ndarray[tuple[int], dtype[signedinteger[_32Bit]]]")  [assignment]
scripts/training/prism_only_feature_extractor_v1.py:386: error: Incompatible types in assignment (expression has type "ndarray[tuple[Any, ...], dtype[signedinteger[_64Bit]]]", target has type "ndarray[tuple[int], dtype[signedinteger[_32Bit]]]")  [assignment]
scripts/training/prism_only_feature_extractor_v1.py:388: error: Incompatible types in assignment (expression has type "ndarray[tuple[Any, ...], dtype[signedinteger[_64Bit]]]", target has type "ndarray[tuple[int], dtype[signedinteger[_32Bit]]]")  [assignment]
scripts/training/prism_only_feature_extractor_v1.py:390: error: Incompatible types in assignment (expression has type "ndarray[tuple[Any, ...], dtype[signedinteger[_64Bit]]]", target has type "ndarray[tuple[int], dtype[signedinteger[_32Bit]]]")  [assignment]
scripts/training/prism_only_feature_extractor_v1.py:392: error: Incompatible types in assignment (expression has type "ndarray[tuple[Any, ...], dtype[signedinteger[_64Bit]]]", target has type "ndarray[tuple[int], dtype[signedinteger[_32Bit]]]")  [assignment]
scripts/training/prism_only_feature_extractor_v1.py:394: error: Incompatible types in assignment (expression has type "ndarray[tuple[Any, ...], dtype[signedinteger[_64Bit]]]", target has type "ndarray[tuple[int], dtype[signedinteger[_32Bit]]]")  [assignment]
scripts/training/prism_only_feature_extractor_v1.py:396: error: Incompatible types in assignment (expression has type "ndarray[tuple[Any, ...], dtype[signedinteger[_64Bit]]]", target has type "ndarray[tuple[int], dtype[signedinteger[_32Bit]]]")  [assignment]
scripts/training/prism_only_feature_extractor_v1.py:399: error: Incompatible types in assignment (expression has type "ndarray[tuple[Any, ...], dtype[float64]]", target has type "ndarray[tuple[int], dtype[signedinteger[_32Bit]]]")  [assignment]
scripts/training/prism_only_feature_extractor_v1.py:400: error: Incompatible types in assignment (expression has type "ndarray[tuple[Any, ...], dtype[float64]]", target has type "ndarray[tuple[int], dtype[signedinteger[_32Bit]]]")  [assignment]
scripts/training/prism_only_feature_extractor_v1.py:401: error: Incompatible types in assignment (expression has type "ndarray[tuple[Any, ...], dtype[float64]]", target has type "ndarray[tuple[int], dtype[signedinteger[_32Bit]]]")  [assignment]
scripts/training/prism_only_feature_extractor_v1.py:404: error: Incompatible types in assignment (expression has type "ndarray[tuple[Any, ...], dtype[float64]]", target has type "ndarray[tuple[int], dtype[signedinteger[_32Bit]]]")  [assignment]
scripts/training/prism_only_feature_extractor_v1.py:441: error: Function is missing a type annotation for one or more parameters  [no-untyped-def]
scripts/training/prism_only_feature_extractor_v1.py:454: error: Need type annotation for "site_list" (hint: "site_list: list[<type>] = ...")  [var-annotated]
scripts/training/prism_only_feature_extractor_v1.py:535: error: Argument 1 to "int" has incompatible type "Any | None"; expected "str | Buffer | SupportsInt | SupportsIndex | SupportsTrunc"  [arg-type]
scripts/training/prism_only_feature_extractor_v1.py:649: error: Function is missing a return type annotation  [no-untyped-def]
scripts/training/prism_only_feature_extractor_v1.py:649: note: Use "-> None" if function does not return a value
scripts/training/prism_only_feature_extractor_v1.py:672: error: Call to untyped function "main" in typed context  [no-untyped-call]
scripts/training/prism_native_signal_decoders.py:34: error: If x = b'abc' then f"{x}" or "{}".format(x) produces "b'abc'", not "abc". If this is desired behavior, use f"{x!r}" or "{!r}".format(x). Otherwise, decode the bytes  [str-bytes-safe]
scripts/training/prism_native_signal_decoders.py:53: error: Missing type arguments for generic type "dict"  [type-arg]
scripts/training/prism_native_signal_decoders.py:58: error: If x = b'abc' then f"{x}" or "{}".format(x) produces "b'abc'", not "abc". If this is desired behavior, use f"{x!r}" or "{!r}".format(x). Otherwise, decode the bytes  [str-bytes-safe]
scripts/training/phase_manifold_features.py:149: error: Unsupported target for indexed assignment ("object")  [index]
scripts/training/phase_manifold_features.py:150: error: Value of type "object" is not indexable  [index]
scripts/training/phase_manifold_features.py:150: error: Unsupported target for indexed assignment ("object")  [index]
scripts/training/phase_manifold_features.py:154: error: Value of type "object" is not indexable  [index]
scripts/training/phase_manifold_features.py:154: error: Unsupported target for indexed assignment ("object")  [index]
scripts/training/phase_manifold_features.py:155: error: Value of type "object" is not indexable  [index]
scripts/training/phase_manifold_features.py:156: error: Unsupported target for indexed assignment ("object")  [index]
scripts/training/phase_manifold_features.py:157: error: Unsupported target for indexed assignment ("object")  [index]
scripts/training/phase_manifold_features.py:158: error: Unsupported target for indexed assignment ("object")  [index]
scripts/training/phase_manifold_features.py:159: error: Unsupported target for indexed assignment ("object")  [index]
scripts/training/phase_manifold_features.py:160: error: Unsupported target for indexed assignment ("object")  [index]
scripts/training/phase_manifold_features.py:162: error: Unsupported target for indexed assignment ("object")  [index]
scripts/training/phase_manifold_features.py:164: error: Unsupported target for indexed assignment ("object")  [index]
scripts/training/phase_manifold_features.py:166: error: Unsupported target for indexed assignment ("object")  [index]
scripts/training/phase_manifold_features.py:168: error: No overload variant of "where" matches argument types "Any", "float", "object"  [call-overload]
scripts/training/phase_manifold_features.py:168: note: Possible overload variants:
scripts/training/phase_manifold_features.py:168: note:     def where(Buffer | _SupportsArray[dtype[Any]] | _NestedSequence[_SupportsArray[dtype[Any]]] | complex | bytes | str | _NestedSequence[complex | bytes | str], None = ..., None = ..., /) -> tuple[ndarray[tuple[Any, ...], dtype[signedinteger[_32Bit | _64Bit]]], ...]
scripts/training/phase_manifold_features.py:168: note:     def where(Buffer | _SupportsArray[dtype[Any]] | _NestedSequence[_SupportsArray[dtype[Any]]] | complex | bytes | str | _NestedSequence[complex | bytes | str], Buffer | _SupportsArray[dtype[Any]] | _NestedSequence[_SupportsArray[dtype[Any]]] | complex | bytes | str | _NestedSequence[complex | bytes | str], Buffer | _SupportsArray[dtype[Any]] | _NestedSequence[_SupportsArray[dtype[Any]]] | complex | bytes | str | _NestedSequence[complex | bytes | str], /) -> ndarray[tuple[Any, ...], dtype[Any]]
scripts/training/phase_manifold_features.py:169: error: No overload variant of "__call__" of "_UFunc_Nin1_Nout1" matches argument type "object"  [call-overload]
scripts/training/phase_manifold_features.py:169: note: Possible overload variants:
scripts/training/phase_manifold_features.py:169: note:     def __call__(self, complex | str | bytes | generic[Any], /, out: None = ..., *, dtype: type[Any] | dtype[Any] | _HasDType[dtype[Any]] | _HasNumPyDType[dtype[Any]] | tuple[Any, Any] | list[Any] | _DTypeDict | str | None = ..., where: _SupportsArray[dtype[numpy.bool[builtins.bool]]] | _NestedSequence[_SupportsArray[dtype[numpy.bool[builtins.bool]]]] | builtins.bool | _NestedSequence[builtins.bool] | None = ..., casting: Literal['no', 'equiv', 'safe', 'same_kind', 'same_value', 'unsafe'] = ..., order: Literal['K', 'A', 'C', 'F'] | None = ..., subok: bool = ..., signature: str | tuple[str | None, str | None] = ...) -> Any
scripts/training/phase_manifold_features.py:169: note:     def __call__(self, Buffer | _SupportsArray[dtype[Any]] | _NestedSequence[_SupportsArray[dtype[Any]]] | complex | bytes | str | _NestedSequence[complex | bytes | str], /, out: ndarray[tuple[Any, ...], dtype[Any]] | tuple[ndarray[tuple[Any, ...], dtype[Any]]] | EllipsisType | None = ..., *, dtype: type[Any] | dtype[Any] | _HasDType[dtype[Any]] | _HasNumPyDType[dtype[Any]] | tuple[Any, Any] | list[Any] | _DTypeDict | str | None = ..., where: _SupportsArray[dtype[numpy.bool[builtins.bool]]] | _NestedSequence[_SupportsArray[dtype[numpy.bool[builtins.bool]]]] | builtins.bool | _NestedSequence[builtins.bool] | None = ..., casting: Literal['no', 'equiv', 'safe', 'same_kind', 'same_value', 'unsafe'] = ..., order: Literal['K', 'A', 'C', 'F'] | None = ..., subok: bool = ..., signature: str | tuple[str | None, str | None] = ...) -> ndarray[tuple[Any, ...], dtype[Any]]
scripts/training/phase_manifold_features.py:169: note:     def __call__(self, _SupportsArrayUFunc, /, out: ndarray[tuple[Any, ...], dtype[Any]] | tuple[ndarray[tuple[Any, ...], dtype[Any]]] | EllipsisType | None = ..., *, dtype: type[Any] | dtype[Any] | _HasDType[dtype[Any]] | _HasNumPyDType[dtype[Any]] | tuple[Any, Any] | list[Any] | _DTypeDict | str | None = ..., where: _SupportsArray[dtype[numpy.bool[builtins.bool]]] | _NestedSequence[_SupportsArray[dtype[numpy.bool[builtins.bool]]]] | builtins.bool | _NestedSequence[builtins.bool] | None = ..., casting: Literal['no', 'equiv', 'safe', 'same_kind', 'same_value', 'unsafe'] = ..., order: Literal['K', 'A', 'C', 'F'] | None = ..., subok: bool = ..., signature: str | tuple[str | None, str | None] = ...) -> Any
scripts/training/phase_manifold_features.py:198: error: Function is missing a return type annotation  [no-untyped-def]
scripts/training/phase_manifold_features.py:198: note: Use "-> None" if function does not return a value
scripts/training/phase_manifold_features.py:225: error: Call to untyped function "main" in typed context  [no-untyped-call]
scripts/training/assemble_v003_bundle.py:113: error: Function is missing a type annotation for one or more parameters  [no-untyped-def]
scripts/training/assemble_v003_bundle.py:183: error: Incompatible return value type (got "tuple[bool, Any | int | Literal[0], Any | int | Literal[0]]", expected "bool")  [return-value]
scripts/training/assemble_v003_bundle.py:186: error: Function is missing a return type annotation  [no-untyped-def]
scripts/training/assemble_v003_bundle.py:186: note: Use "-> None" if function does not return a value
scripts/training/assemble_v003_bundle.py:223: error: "bool" object is not iterable  [misc]
scripts/training/assemble_v003_bundle.py:224: error: Cannot determine type of "success"  [has-type]
scripts/training/assemble_v003_bundle.py:227: error: Cannot determine type of "n_in"  [has-type]
scripts/training/assemble_v003_bundle.py:227: error: Cannot determine type of "n_tgt"  [has-type]
scripts/training/assemble_v003_bundle.py:239: error: Call to untyped function "main" in typed context  [no-untyped-call]
scripts/quarantine/run_stages.py:47: error: Cannot find implementation or library stub for module named "prism_prov"  [import-not-found]
scripts/quarantine/run_stages.py:51: error: Cannot find implementation or library stub for module named "prism_engine_prov"  [import-not-found]
scripts/quarantine/run_stages.py:132: error: Skipping analyzing "pdbfixer": module is installed, but missing library stubs or py.typed marker  [import-untyped]
scripts/quarantine/run_stages.py:133: error: Skipping analyzing "openmm.app": module is installed, but missing library stubs or py.typed marker  [import-untyped]
scripts/quarantine/run_stages.py:337: error: Function is missing a type annotation  [no-untyped-def]
scripts/quarantine/run_stages.py:354: error: Call to untyped function "_collect" in typed context  [no-untyped-call]
scripts/quarantine/run_stages.py:356: error: Call to untyped function "_collect" in typed context  [no-untyped-call]
scripts/quarantine/run_stages.py:413: error: Function is missing a return type annotation  [no-untyped-def]
scripts/quarantine/run_stages.py:423: error: Returning Any from function declared to return "ndarray[tuple[Any, ...], dtype[Any]]"  [no-any-return]
scripts/quarantine/run_stages.py:497: error: Library stubs not installed for "scipy.spatial"  [import-untyped]
scripts/quarantine/run_stages.py:747: error: Returning Any from function declared to return "Path"  [no-any-return]
scripts/quarantine/run_stages.py:852: error: Incompatible types in assignment (expression has type "DataFrame | Series", variable has type "DataFrame | None")  [assignment]
scripts/quarantine/run_stages.py:854: error: Item "None" of "DataFrame | None" has no attribute "filter"  [union-attr]
scripts/quarantine/run_stages.py:1256: error: Need type annotation for "per_site_eval" (hint: "per_site_eval: list[<type>] = ...")  [var-annotated]
scripts/quarantine/run_stages.py:1393: error: Function is missing a return type annotation  [no-untyped-def]
scripts/quarantine/run_stages.py:1445: error: Cannot call function of unknown type  [operator]
scripts/quarantine/run_stages.py:1448: error: Cannot call function of unknown type  [operator]
scripts/quarantine/run_stages.py:1449: error: Cannot call function of unknown type  [operator]
scripts/quarantine/enrich_spike_arrow.py:44: error: Cannot find implementation or library stub for module named "prism_prov"  [import-not-found]
scripts/quarantine/enrich_spike_arrow.py:68: error: Item "Series" of "DataFrame | Series" has no attribute "height"  [union-attr]
scripts/quarantine/enrich_spike_arrow.py:69: error: Incompatible return value type (got "DataFrame | Series", expected "DataFrame")  [return-value]
scripts/quarantine/enrich_spike_arrow.py:265: error: Function is missing a return type annotation  [no-untyped-def]
scripts/quarantine/enrich_spike_arrow.py:287: error: Argument 1 to "float" has incompatible type "int | float | Decimal | date | time | timedelta | str | bytes | ndarray[Any, Any] | list[Any] | None"; expected "str | Buffer | SupportsFloat | SupportsIndex"  [arg-type]
scripts/quarantine/enrich_spike_arrow.py:288: error: Argument 1 to "float" has incompatible type "int | float | Decimal | date | time | timedelta | str | bytes | ndarray[Any, Any] | list[Any] | None"; expected "str | Buffer | SupportsFloat | SupportsIndex"  [arg-type]
scripts/quarantine/enrich_spike_arrow.py:289: error: Argument 1 to "float" has incompatible type "int | float | Decimal | date | time | timedelta | str | bytes | ndarray[Any, Any] | list[Any] | None"; expected "str | Buffer | SupportsFloat | SupportsIndex"  [arg-type]
scripts/quarantine/enrich_spike_arrow.py:290: error: Argument 1 to "float" has incompatible type "float | timedelta | None"; expected "str | Buffer | SupportsFloat | SupportsIndex"  [arg-type]
scripts/quarantine/enrich_spike_arrow.py:291: error: Argument 1 to "float" has incompatible type "float | None"; expected "str | Buffer | SupportsFloat | SupportsIndex"  [arg-type]
scripts/quarantine/enrich_spike_arrow.py:292: error: Argument 1 to "float" has incompatible type "float | None"; expected "str | Buffer | SupportsFloat | SupportsIndex"  [arg-type]
scripts/quarantine/enrich_spike_arrow.py:293: error: Argument 1 to "float" has incompatible type "float | None"; expected "str | Buffer | SupportsFloat | SupportsIndex"  [arg-type]
scripts/quarantine/enrich_spike_arrow.py:299: error: Argument 1 to "float" has incompatible type "float | None"; expected "str | Buffer | SupportsFloat | SupportsIndex"  [arg-type]
scripts/quarantine/enrich_spike_arrow.py:388: error: Unsupported operand types for < ("float" and "None")  [operator]
scripts/quarantine/enrich_spike_arrow.py:388: note: Left operand is of type "float | timedelta | None"
scripts/quarantine/enrich_spike_arrow.py:388: error: Unsupported operand types for > ("timedelta" and "float")  [operator]
scripts/quarantine/d5_step_e_harness.py:33: error: Function is missing a return type annotation  [no-untyped-def]
scripts/quarantine/d5_step_e_harness.py:40: error: Function is missing a return type annotation  [no-untyped-def]
scripts/quarantine/d5_step_e_harness.py:54: error: Function is missing a return type annotation  [no-untyped-def]
scripts/quarantine/d5_step_e_harness.py:61: error: Argument 1 to "module_from_spec" has incompatible type "ModuleSpec | None"; expected "ModuleSpec"  [arg-type]
scripts/quarantine/d5_step_e_harness.py:62: error: Item "None" of "ModuleSpec | None" has no attribute "loader"  [union-attr]
scripts/quarantine/d5_step_e_harness.py:62: error: Item "None" of "Loader | Any | None" has no attribute "exec_module"  [union-attr]
scripts/quarantine/d5_step_e_harness.py:88: error: Function is missing a return type annotation  [no-untyped-def]
scripts/quarantine/d5_step_e_harness.py:112: error: Item "Series" of "DataFrame | Series" has no attribute "select"  [union-attr]
scripts/quarantine/d5_step_e_harness.py:113: error: Item "Series" of "DataFrame | Series" has no attribute "select"  [union-attr]
scripts/quarantine/d5_step_e_harness.py:138: error: Function is missing a return type annotation  [no-untyped-def]
scripts/quarantine/d5_step_e_harness.py:138: note: Use "-> None" if function does not return a value
scripts/quarantine/d5_step_e_harness.py:201: error: Call to untyped function "main" in typed context  [no-untyped-call]
scripts/quarantine/audit_json_parquet_equivalence.py:61: error: Library stubs not installed for "tqdm"  [import-untyped]
scripts/quarantine/audit_json_parquet_equivalence.py:61: note: Hint: "python3 -m pip install types-tqdm"
scripts/quarantine/audit_json_parquet_equivalence.py:146: error: Item "Array" of "Object | Array | int | float | str | None" has no attribute "get"  [union-attr]
scripts/quarantine/audit_json_parquet_equivalence.py:146: error: Item "int" of "Object | Array | int | float | str | None" has no attribute "get"  [union-attr]
scripts/quarantine/audit_json_parquet_equivalence.py:146: error: Item "float" of "Object | Array | int | float | str | None" has no attribute "get"  [union-attr]
scripts/quarantine/audit_json_parquet_equivalence.py:146: error: Item "str" of "Object | Array | int | float | str | None" has no attribute "get"  [union-attr]
scripts/quarantine/audit_json_parquet_equivalence.py:146: error: Item "None" of "Object | Array | int | float | str | None" has no attribute "get"  [union-attr]
scripts/quarantine/audit_json_parquet_equivalence.py:146: error: Argument 1 to "int" has incompatible type "Object | Array | int | float | str | Any | None"; expected "str | Buffer | SupportsInt | SupportsIndex | SupportsTrunc"  [arg-type]
scripts/quarantine/audit_json_parquet_equivalence.py:147: error: Item "Array" of "Object | Array | int | float | str | None" has no attribute "get"  [union-attr]
scripts/quarantine/audit_json_parquet_equivalence.py:147: error: Item "int" of "Object | Array | int | float | str | None" has no attribute "get"  [union-attr]
scripts/quarantine/audit_json_parquet_equivalence.py:147: error: Item "float" of "Object | Array | int | float | str | None" has no attribute "get"  [union-attr]
scripts/quarantine/audit_json_parquet_equivalence.py:147: error: Item "str" of "Object | Array | int | float | str | None" has no attribute "get"  [union-attr]
scripts/quarantine/audit_json_parquet_equivalence.py:147: error: Item "None" of "Object | Array | int | float | str | None" has no attribute "get"  [union-attr]
scripts/quarantine/audit_json_parquet_equivalence.py:147: error: Argument 1 to "int" has incompatible type "Object | Array | int | float | str | Any | None"; expected "str | Buffer | SupportsInt | SupportsIndex | SupportsTrunc"  [arg-type]
scripts/quarantine/audit_json_parquet_equivalence.py:148: error: Argument 1 to "float" has incompatible type "Object | Array | int | float | str | Any | None"; expected "str | Buffer | SupportsFloat | SupportsIndex"  [arg-type]
scripts/quarantine/audit_json_parquet_equivalence.py:148: error: Item "Array" of "Object | Array | int | float | str | None" has no attribute "get"  [union-attr]
scripts/quarantine/audit_json_parquet_equivalence.py:148: error: Item "int" of "Object | Array | int | float | str | None" has no attribute "get"  [union-attr]
scripts/quarantine/audit_json_parquet_equivalence.py:148: error: Item "float" of "Object | Array | int | float | str | None" has no attribute "get"  [union-attr]
scripts/quarantine/audit_json_parquet_equivalence.py:148: error: Item "str" of "Object | Array | int | float | str | None" has no attribute "get"  [union-attr]
scripts/quarantine/audit_json_parquet_equivalence.py:148: error: Item "None" of "Object | Array | int | float | str | None" has no attribute "get"  [union-attr]
scripts/quarantine/audit_json_parquet_equivalence.py:148: error: Item "int" of "Object | Array | int | float | str | list[Never] | Any | None" has no attribute "__iter__" (not iterable)  [union-attr]
scripts/quarantine/audit_json_parquet_equivalence.py:148: error: Item "float" of "Object | Array | int | float | str | list[Never] | Any | None" has no attribute "__iter__" (not iterable)  [union-attr]
scripts/quarantine/audit_json_parquet_equivalence.py:148: error: Item "None" of "Object | Array | int | float | str | list[Never] | Any | None" has no attribute "__iter__" (not iterable)  [union-attr]
scripts/quarantine/audit_json_parquet_equivalence.py:149: error: Item "Array" of "Object | Array | int | float | str | None" has no attribute "get"  [union-attr]
scripts/quarantine/audit_json_parquet_equivalence.py:149: error: Item "int" of "Object | Array | int | float | str | None" has no attribute "get"  [union-attr]
scripts/quarantine/audit_json_parquet_equivalence.py:149: error: Item "float" of "Object | Array | int | float | str | None" has no attribute "get"  [union-attr]
scripts/quarantine/audit_json_parquet_equivalence.py:149: error: Item "str" of "Object | Array | int | float | str | None" has no attribute "get"  [union-attr]
scripts/quarantine/audit_json_parquet_equivalence.py:149: error: Item "None" of "Object | Array | int | float | str | None" has no attribute "get"  [union-attr]
scripts/quarantine/audit_json_parquet_equivalence.py:149: error: Argument 1 to "float" has incompatible type "Object | Array | int | float | str | Any | None"; expected "str | Buffer | SupportsFloat | SupportsIndex"  [arg-type]
scripts/quarantine/audit_json_parquet_equivalence.py:150: error: Value of type "Object | Array | int | float | str | None" is not indexable  [index]
scripts/quarantine/audit_json_parquet_equivalence.py:150: error: Argument 1 to "len" has incompatible type "Object | Array | int | float | str | Any | None"; expected "Sized"  [arg-type]
scripts/quarantine/audit_json_parquet_equivalence.py:150: error: Invalid index type "str" for "Array"; expected type "int | slice[Any, Any, Any]"  [index]
scripts/quarantine/audit_json_parquet_equivalence.py:150: error: Invalid index type "str" for "str"; expected type "SupportsIndex | slice[SupportsIndex | None, SupportsIndex | None, SupportsIndex | None]"  [index]
scripts/interfaces/site_spike_view.py:61: error: Function is missing a type annotation for one or more parameters  [no-untyped-def]
scripts/interfaces/site_spike_view.py:61: error: Missing type arguments for generic type "dict"  [type-arg]
scripts/interfaces/site_spike_view.py:90: error: Argument 1 to "len" has incompatible type "Any | None"; expected "Sized"  [arg-type]
scripts/interfaces/site_spike_view.py:136: error: Missing type arguments for generic type "dict"  [type-arg]
scripts/interfaces/site_spike_view.py:158: error: Function is missing a type annotation for one or more parameters  [no-untyped-def]
scripts/interfaces/site_spike_view.py:173: error: Function is missing a type annotation for one or more parameters  [no-untyped-def]
scripts/interfaces/site_spike_view.py:245: error: Unused "type: ignore" comment  [unused-ignore]
scripts/interfaces/site_spike_view.py:245: error: Name "version" already defined on line 131  [no-redef]
scripts/interfaces/site_spike_view.py:245: note: Error code "no-redef" not covered by "type: ignore[override]" comment
scripts/interfaces/site_spike_view.py:248: error: Unused "type: ignore" comment  [unused-ignore]
scripts/interfaces/site_spike_view.py:248: error: Name "schema_contract" already defined on line 135  [no-redef]
scripts/interfaces/site_spike_view.py:248: note: Error code "no-redef" not covered by "type: ignore[override]" comment
scripts/interfaces/site_spike_view.py:248: error: Missing type arguments for generic type "dict"  [type-arg]
scripts/interfaces/site_spike_view.py:248: note: Error code "type-arg" not covered by "type: ignore[override]" comment
scripts/interfaces/site_spike_view.py:275: error: Function is missing a return type annotation  [no-untyped-def]
scripts/interfaces/site_spike_view.py:275: error: Function is missing a type annotation for one or more parameters  [no-untyped-def]
scripts/interfaces/site_spike_view.py:332: error: Missing type arguments for generic type "dict"  [type-arg]
scripts/interfaces/site_spike_view.py:380: error: Unused "type: ignore" comment  [unused-ignore]
scripts/interfaces/site_spike_view.py:380: error: Returning Any from function declared to return "list[int]"  [no-any-return]
scripts/interfaces/site_spike_view.py:380: note: Error code "no-any-return" not covered by "type: ignore[arg-type]" comment
scripts/interfaces/site_spike_view.py:380: error: No overload variant of "list" matches argument type "object"  [call-overload]
scripts/interfaces/site_spike_view.py:380: note: Error code "call-overload" not covered by "type: ignore[arg-type]" comment
scripts/interfaces/site_spike_view.py:380: note: Possible overload variants:
scripts/interfaces/site_spike_view.py:380: note:     def [_T] list() -> list[_T]
scripts/interfaces/site_spike_view.py:380: note:     def [_T] list(Iterable[_T], /) -> list[_T]
scripts/interfaces/site_spike_view.py:466: error: Unused "type: ignore" comment  [unused-ignore]
scripts/interfaces/site_spike_view.py:466: error: Returning Any from function declared to return "dict[str, int]"  [no-any-return]
scripts/interfaces/site_spike_view.py:466: note: Error code "no-any-return" not covered by "type: ignore[arg-type]" comment
scripts/interfaces/site_spike_view.py:466: error: No overload variant of "dict" matches argument type "object"  [call-overload]
scripts/interfaces/site_spike_view.py:466: note: Error code "call-overload" not covered by "type: ignore[arg-type]" comment
scripts/interfaces/site_spike_view.py:466: note: Possible overload variants:
scripts/interfaces/site_spike_view.py:466: note:     def [_KT, _VT] dict() -> dict[_KT, _VT]
scripts/interfaces/site_spike_view.py:466: note:     def [_KT, _VT] dict(**kwargs: _VT) -> dict[str, _VT]
scripts/interfaces/site_spike_view.py:466: note:     def [_KT, _VT] dict(SupportsKeysAndGetItem[_KT, _VT], /) -> dict[_KT, _VT]
scripts/interfaces/site_spike_view.py:466: note:     def [_KT, _VT] dict(SupportsKeysAndGetItem[str, _VT], /, **kwargs: _VT) -> dict[str, _VT]
scripts/interfaces/site_spike_view.py:466: note:     def [_KT, _VT] dict(Iterable[tuple[_KT, _VT]], /) -> dict[_KT, _VT]
scripts/interfaces/site_spike_view.py:466: note:     def [_KT, _VT] dict(Iterable[tuple[str, _VT]], /, **kwargs: _VT) -> dict[str, _VT]
scripts/interfaces/site_spike_view.py:466: note:     def [_KT, _VT] dict(Iterable[list[str]], /) -> dict[str, str]
scripts/interfaces/site_spike_view.py:466: note:     def [_KT, _VT] dict(Iterable[list[bytes]], /) -> dict[bytes, bytes]
scripts/interfaces/site_spike_view.py:475: error: Unused "type: ignore" comment  [unused-ignore]
scripts/interfaces/site_spike_view.py:475: error: Returning Any from function declared to return "dict[str, int]"  [no-any-return]
scripts/interfaces/site_spike_view.py:475: note: Error code "no-any-return" not covered by "type: ignore[arg-type]" comment
scripts/interfaces/site_spike_view.py:475: error: No overload variant of "dict" matches argument type "object"  [call-overload]
scripts/interfaces/site_spike_view.py:475: note: Error code "call-overload" not covered by "type: ignore[arg-type]" comment
scripts/interfaces/site_spike_view.py:475: note: Possible overload variants:
scripts/interfaces/site_spike_view.py:475: note:     def [_KT, _VT] dict() -> dict[_KT, _VT]
scripts/interfaces/site_spike_view.py:475: note:     def [_KT, _VT] dict(**kwargs: _VT) -> dict[str, _VT]
scripts/interfaces/site_spike_view.py:475: note:     def [_KT, _VT] dict(SupportsKeysAndGetItem[_KT, _VT], /) -> dict[_KT, _VT]
scripts/interfaces/site_spike_view.py:475: note:     def [_KT, _VT] dict(SupportsKeysAndGetItem[str, _VT], /, **kwargs: _VT) -> dict[str, _VT]
scripts/interfaces/site_spike_view.py:475: note:     def [_KT, _VT] dict(Iterable[tuple[_KT, _VT]], /) -> dict[_KT, _VT]
scripts/interfaces/site_spike_view.py:475: note:     def [_KT, _VT] dict(Iterable[tuple[str, _VT]], /, **kwargs: _VT) -> dict[str, _VT]
scripts/interfaces/site_spike_view.py:475: note:     def [_KT, _VT] dict(Iterable[list[str]], /) -> dict[str, str]
scripts/interfaces/site_spike_view.py:475: note:     def [_KT, _VT] dict(Iterable[list[bytes]], /) -> dict[bytes, bytes]
scripts/interfaces/site_spike_view.py:484: error: Unused "type: ignore" comment  [unused-ignore]
scripts/interfaces/site_spike_view.py:484: error: Returning Any from function declared to return "dict[str, int]"  [no-any-return]
scripts/interfaces/site_spike_view.py:484: note: Error code "no-any-return" not covered by "type: ignore[arg-type]" comment
scripts/interfaces/site_spike_view.py:484: error: No overload variant of "dict" matches argument type "object"  [call-overload]
scripts/interfaces/site_spike_view.py:484: note: Error code "call-overload" not covered by "type: ignore[arg-type]" comment
scripts/interfaces/site_spike_view.py:484: note: Possible overload variants:
scripts/interfaces/site_spike_view.py:484: note:     def [_KT, _VT] dict() -> dict[_KT, _VT]
scripts/interfaces/site_spike_view.py:484: note:     def [_KT, _VT] dict(**kwargs: _VT) -> dict[str, _VT]
scripts/interfaces/site_spike_view.py:484: note:     def [_KT, _VT] dict(SupportsKeysAndGetItem[_KT, _VT], /) -> dict[_KT, _VT]
scripts/interfaces/site_spike_view.py:484: note:     def [_KT, _VT] dict(SupportsKeysAndGetItem[str, _VT], /, **kwargs: _VT) -> dict[str, _VT]
scripts/interfaces/site_spike_view.py:484: note:     def [_KT, _VT] dict(Iterable[tuple[_KT, _VT]], /) -> dict[_KT, _VT]
scripts/interfaces/site_spike_view.py:484: note:     def [_KT, _VT] dict(Iterable[tuple[str, _VT]], /, **kwargs: _VT) -> dict[str, _VT]
scripts/interfaces/site_spike_view.py:484: note:     def [_KT, _VT] dict(Iterable[list[str]], /) -> dict[str, str]
scripts/interfaces/site_spike_view.py:484: note:     def [_KT, _VT] dict(Iterable[list[bytes]], /) -> dict[bytes, bytes]
scripts/interfaces/site_spike_view.py:503: error: Unused "type: ignore" comment  [unused-ignore]
scripts/interfaces/site_spike_view.py:503: error: Returning Any from function declared to return "dict[int, int]"  [no-any-return]
scripts/interfaces/site_spike_view.py:503: note: Error code "no-any-return" not covered by "type: ignore[arg-type]" comment
scripts/interfaces/site_spike_view.py:503: error: No overload variant of "dict" matches argument type "object"  [call-overload]
scripts/interfaces/site_spike_view.py:503: note: Error code "call-overload" not covered by "type: ignore[arg-type]" comment
scripts/interfaces/site_spike_view.py:503: note: Possible overload variants:
scripts/interfaces/site_spike_view.py:503: note:     def [_KT, _VT] dict() -> dict[_KT, _VT]
scripts/interfaces/site_spike_view.py:503: note:     def [_KT, _VT] dict(**kwargs: _VT) -> dict[str, _VT]
scripts/interfaces/site_spike_view.py:503: note:     def [_KT, _VT] dict(SupportsKeysAndGetItem[_KT, _VT], /) -> dict[_KT, _VT]
scripts/interfaces/site_spike_view.py:503: note:     def [_KT, _VT] dict(SupportsKeysAndGetItem[str, _VT], /, **kwargs: _VT) -> dict[str, _VT]
scripts/interfaces/site_spike_view.py:503: note:     def [_KT, _VT] dict(Iterable[tuple[_KT, _VT]], /) -> dict[_KT, _VT]
scripts/interfaces/site_spike_view.py:503: note:     def [_KT, _VT] dict(Iterable[tuple[str, _VT]], /, **kwargs: _VT) -> dict[str, _VT]
scripts/interfaces/site_spike_view.py:503: note:     def [_KT, _VT] dict(Iterable[list[str]], /) -> dict[str, str]
scripts/interfaces/site_spike_view.py:503: note:     def [_KT, _VT] dict(Iterable[list[bytes]], /) -> dict[bytes, bytes]
scripts/interfaces/site_spike_view.py:514: error: Unused "type: ignore" comment  [unused-ignore]
scripts/interfaces/site_spike_view.py:514: error: Returning Any from function declared to return "dict[str, float]"  [no-any-return]
scripts/interfaces/site_spike_view.py:514: note: Error code "no-any-return" not covered by "type: ignore[arg-type]" comment
scripts/interfaces/site_spike_view.py:514: error: No overload variant of "dict" matches argument type "object"  [call-overload]
scripts/interfaces/site_spike_view.py:514: note: Error code "call-overload" not covered by "type: ignore[arg-type]" comment
scripts/interfaces/site_spike_view.py:514: note: Possible overload variants:
scripts/interfaces/site_spike_view.py:514: note:     def [_KT, _VT] dict() -> dict[_KT, _VT]
scripts/interfaces/site_spike_view.py:514: note:     def [_KT, _VT] dict(**kwargs: _VT) -> dict[str, _VT]
scripts/interfaces/site_spike_view.py:514: note:     def [_KT, _VT] dict(SupportsKeysAndGetItem[_KT, _VT], /) -> dict[_KT, _VT]
scripts/interfaces/site_spike_view.py:514: note:     def [_KT, _VT] dict(SupportsKeysAndGetItem[str, _VT], /, **kwargs: _VT) -> dict[str, _VT]
scripts/interfaces/site_spike_view.py:514: note:     def [_KT, _VT] dict(Iterable[tuple[_KT, _VT]], /) -> dict[_KT, _VT]
scripts/interfaces/site_spike_view.py:514: note:     def [_KT, _VT] dict(Iterable[tuple[str, _VT]], /, **kwargs: _VT) -> dict[str, _VT]
scripts/interfaces/site_spike_view.py:514: note:     def [_KT, _VT] dict(Iterable[list[str]], /) -> dict[str, str]
scripts/interfaces/site_spike_view.py:514: note:     def [_KT, _VT] dict(Iterable[list[bytes]], /) -> dict[bytes, bytes]
scripts/interfaces/site_spike_view.py:530: error: Unused "type: ignore" comment  [unused-ignore]
scripts/interfaces/site_spike_view.py:530: error: Returning Any from function declared to return "dict[str, float]"  [no-any-return]
scripts/interfaces/site_spike_view.py:530: note: Error code "no-any-return" not covered by "type: ignore[arg-type]" comment
scripts/interfaces/site_spike_view.py:530: error: No overload variant of "dict" matches argument type "object"  [call-overload]
scripts/interfaces/site_spike_view.py:530: note: Error code "call-overload" not covered by "type: ignore[arg-type]" comment
scripts/interfaces/site_spike_view.py:530: note: Possible overload variants:
scripts/interfaces/site_spike_view.py:530: note:     def [_KT, _VT] dict() -> dict[_KT, _VT]
scripts/interfaces/site_spike_view.py:530: note:     def [_KT, _VT] dict(**kwargs: _VT) -> dict[str, _VT]
scripts/interfaces/site_spike_view.py:530: note:     def [_KT, _VT] dict(SupportsKeysAndGetItem[_KT, _VT], /) -> dict[_KT, _VT]
scripts/interfaces/site_spike_view.py:530: note:     def [_KT, _VT] dict(SupportsKeysAndGetItem[str, _VT], /, **kwargs: _VT) -> dict[str, _VT]
scripts/interfaces/site_spike_view.py:530: note:     def [_KT, _VT] dict(Iterable[tuple[_KT, _VT]], /) -> dict[_KT, _VT]
scripts/interfaces/site_spike_view.py:530: note:     def [_KT, _VT] dict(Iterable[tuple[str, _VT]], /, **kwargs: _VT) -> dict[str, _VT]
scripts/interfaces/site_spike_view.py:530: note:     def [_KT, _VT] dict(Iterable[list[str]], /) -> dict[str, str]
scripts/interfaces/site_spike_view.py:530: note:     def [_KT, _VT] dict(Iterable[list[bytes]], /) -> dict[bytes, bytes]
scripts/interfaces/site_spike_view.py:548: error: Unused "type: ignore" comment  [unused-ignore]
scripts/interfaces/site_spike_view.py:548: error: Returning Any from function declared to return "dict[str, float]"  [no-any-return]
scripts/interfaces/site_spike_view.py:548: note: Error code "no-any-return" not covered by "type: ignore[arg-type]" comment
scripts/interfaces/site_spike_view.py:548: error: No overload variant of "dict" matches argument type "object"  [call-overload]
scripts/interfaces/site_spike_view.py:548: note: Error code "call-overload" not covered by "type: ignore[arg-type]" comment
scripts/interfaces/site_spike_view.py:548: note: Possible overload variants:
scripts/interfaces/site_spike_view.py:548: note:     def [_KT, _VT] dict() -> dict[_KT, _VT]
scripts/interfaces/site_spike_view.py:548: note:     def [_KT, _VT] dict(**kwargs: _VT) -> dict[str, _VT]
scripts/interfaces/site_spike_view.py:548: note:     def [_KT, _VT] dict(SupportsKeysAndGetItem[_KT, _VT], /) -> dict[_KT, _VT]
scripts/interfaces/site_spike_view.py:548: note:     def [_KT, _VT] dict(SupportsKeysAndGetItem[str, _VT], /, **kwargs: _VT) -> dict[str, _VT]
scripts/interfaces/site_spike_view.py:548: note:     def [_KT, _VT] dict(Iterable[tuple[_KT, _VT]], /) -> dict[_KT, _VT]
scripts/interfaces/site_spike_view.py:548: note:     def [_KT, _VT] dict(Iterable[tuple[str, _VT]], /, **kwargs: _VT) -> dict[str, _VT]
scripts/interfaces/site_spike_view.py:548: note:     def [_KT, _VT] dict(Iterable[list[str]], /) -> dict[str, str]
scripts/interfaces/site_spike_view.py:548: note:     def [_KT, _VT] dict(Iterable[list[bytes]], /) -> dict[bytes, bytes]
scripts/interfaces/site_spike_view.py:564: error: Unused "type: ignore" comment  [unused-ignore]
scripts/interfaces/site_spike_view.py:564: error: Returning Any from function declared to return "dict[str, float]"  [no-any-return]
scripts/interfaces/site_spike_view.py:564: note: Error code "no-any-return" not covered by "type: ignore[arg-type]" comment
scripts/interfaces/site_spike_view.py:564: error: No overload variant of "dict" matches argument type "object"  [call-overload]
scripts/interfaces/site_spike_view.py:564: note: Error code "call-overload" not covered by "type: ignore[arg-type]" comment
scripts/interfaces/site_spike_view.py:564: note: Possible overload variants:
scripts/interfaces/site_spike_view.py:564: note:     def [_KT, _VT] dict() -> dict[_KT, _VT]
scripts/interfaces/site_spike_view.py:564: note:     def [_KT, _VT] dict(**kwargs: _VT) -> dict[str, _VT]
scripts/interfaces/site_spike_view.py:564: note:     def [_KT, _VT] dict(SupportsKeysAndGetItem[_KT, _VT], /) -> dict[_KT, _VT]
scripts/interfaces/site_spike_view.py:564: note:     def [_KT, _VT] dict(SupportsKeysAndGetItem[str, _VT], /, **kwargs: _VT) -> dict[str, _VT]
scripts/interfaces/site_spike_view.py:564: note:     def [_KT, _VT] dict(Iterable[tuple[_KT, _VT]], /) -> dict[_KT, _VT]
scripts/interfaces/site_spike_view.py:564: note:     def [_KT, _VT] dict(Iterable[tuple[str, _VT]], /, **kwargs: _VT) -> dict[str, _VT]
scripts/interfaces/site_spike_view.py:564: note:     def [_KT, _VT] dict(Iterable[list[str]], /) -> dict[str, str]
scripts/interfaces/site_spike_view.py:564: note:     def [_KT, _VT] dict(Iterable[list[bytes]], /) -> dict[bytes, bytes]
scripts/interfaces/site_spike_view.py:594: error: Unused "type: ignore" comment  [unused-ignore]
scripts/interfaces/site_spike_view.py:594: error: Returning Any from function declared to return "dict[str, tuple[int, float]]"  [no-any-return]
scripts/interfaces/site_spike_view.py:594: note: Error code "no-any-return" not covered by "type: ignore[arg-type]" comment
scripts/interfaces/site_spike_view.py:594: error: No overload variant of "dict" matches argument type "object"  [call-overload]
scripts/interfaces/site_spike_view.py:594: note: Error code "call-overload" not covered by "type: ignore[arg-type]" comment
scripts/interfaces/site_spike_view.py:594: note: Possible overload variants:
scripts/interfaces/site_spike_view.py:594: note:     def [_KT, _VT] dict() -> dict[_KT, _VT]
scripts/interfaces/site_spike_view.py:594: note:     def [_KT, _VT] dict(**kwargs: _VT) -> dict[str, _VT]
scripts/interfaces/site_spike_view.py:594: note:     def [_KT, _VT] dict(SupportsKeysAndGetItem[_KT, _VT], /) -> dict[_KT, _VT]
scripts/interfaces/site_spike_view.py:594: note:     def [_KT, _VT] dict(SupportsKeysAndGetItem[str, _VT], /, **kwargs: _VT) -> dict[str, _VT]
scripts/interfaces/site_spike_view.py:594: note:     def [_KT, _VT] dict(Iterable[tuple[_KT, _VT]], /) -> dict[_KT, _VT]
scripts/interfaces/site_spike_view.py:594: note:     def [_KT, _VT] dict(Iterable[tuple[str, _VT]], /, **kwargs: _VT) -> dict[str, _VT]
scripts/interfaces/site_spike_view.py:594: note:     def [_KT, _VT] dict(Iterable[list[str]], /) -> dict[str, str]
scripts/interfaces/site_spike_view.py:594: note:     def [_KT, _VT] dict(Iterable[list[bytes]], /) -> dict[bytes, bytes]
scripts/interfaces/site_spike_view.py:714: error: Missing type arguments for generic type "dict"  [type-arg]
scripts/interfaces/site_spike_view.py:775: error: Missing type arguments for generic type "dict"  [type-arg]
scripts/interfaces/site_spike_view.py:822: error: Function is missing a return type annotation  [no-untyped-def]
scripts/interfaces/site_spike_view.py:1099: error: Missing type arguments for generic type "dict"  [type-arg]
scripts/interfaces/site_spike_view.py:1108: error: Missing type arguments for generic type "dict"  [type-arg]
scripts/interfaces/site_spike_view.py:1117: error: Missing type arguments for generic type "dict"  [type-arg]
scripts/spike_pharmacophore_map.py:62: error: Function is missing a return type annotation  [no-untyped-def]
scripts/spike_pharmacophore_map.py:76: error: Function is missing a return type annotation  [no-untyped-def]
scripts/spike_pharmacophore_map.py:95: error: Function is missing a type annotation  [no-untyped-def]
scripts/spike_pharmacophore_map.py:159: error: Call to untyped function "_phase" in typed context  [no-untyped-call]
scripts/spike_pharmacophore_map.py:264: error: Function is missing a type annotation  [no-untyped-def]
scripts/spike_pharmacophore_map.py:281: error: Need type annotation for "voxels"  [var-annotated]
scripts/spike_pharmacophore_map.py:304: error: Value of type "object" is not indexable  [index]
scripts/spike_pharmacophore_map.py:304: error: Unsupported target for indexed assignment ("object")  [index]
scripts/spike_pharmacophore_map.py:306: error: Value of type "object" is not indexable  [index]
scripts/spike_pharmacophore_map.py:306: error: Unsupported target for indexed assignment ("object")  [index]
scripts/spike_pharmacophore_map.py:307: error: Unsupported operand types for + ("object" and "int")  [operator]
scripts/spike_pharmacophore_map.py:311: error: Value of type "object" is not indexable  [index]
scripts/spike_pharmacophore_map.py:311: error: Unsupported target for indexed assignment ("object")  [index]
scripts/spike_pharmacophore_map.py:314: error: Value of type "object" is not indexable  [index]
scripts/spike_pharmacophore_map.py:314: error: Unsupported target for indexed assignment ("object")  [index]
scripts/spike_pharmacophore_map.py:315: error: "object" has no attribute "append"  [attr-defined]
scripts/spike_pharmacophore_map.py:321: error: No overload variant of "max" matches argument types "object", "Any"  [call-overload]
scripts/spike_pharmacophore_map.py:321: note: Possible overload variants:
scripts/spike_pharmacophore_map.py:321: note:     def [SupportsRichComparisonT: SupportsDunderLT[Any] | SupportsDunderGT[Any]] max(SupportsRichComparisonT, SupportsRichComparisonT, /, *_args: SupportsRichComparisonT, key: None = ...) -> SupportsRichComparisonT
scripts/spike_pharmacophore_map.py:321: note:     def [_T] max(_T, _T, /, *_args: _T, key: Callable[[_T], SupportsDunderLT[Any] | SupportsDunderGT[Any]]) -> _T
scripts/spike_pharmacophore_map.py:321: note:     def [SupportsRichComparisonT: SupportsDunderLT[Any] | SupportsDunderGT[Any]] max(Iterable[SupportsRichComparisonT], /, *, key: None = ...) -> SupportsRichComparisonT
scripts/spike_pharmacophore_map.py:321: note:     def [_T] max(Iterable[_T], /, *, key: Callable[[_T], SupportsDunderLT[Any] | SupportsDunderGT[Any]]) -> _T
scripts/spike_pharmacophore_map.py:321: note:     def [SupportsRichComparisonT: SupportsDunderLT[Any] | SupportsDunderGT[Any], _T] max(Iterable[SupportsRichComparisonT], /, *, key: None = ..., default: _T) -> SupportsRichComparisonT | _T
scripts/spike_pharmacophore_map.py:321: note:     def [_T1, _T2] max(Iterable[_T1], /, *, key: Callable[[_T1], SupportsDunderLT[Any] | SupportsDunderGT[Any]], default: _T2) -> _T1 | _T2
scripts/spike_pharmacophore_map.py:321: error: "object" has no attribute "get"  [attr-defined]
scripts/spike_pharmacophore_map.py:328: error: Unsupported left operand type for / ("object")  [operator]
scripts/spike_pharmacophore_map.py:328: error: Unsupported operand types for < ("int" and "object")  [operator]
scripts/spike_pharmacophore_map.py:334: error: No overload variant of "dict" matches argument type "object"  [call-overload]
scripts/spike_pharmacophore_map.py:334: note: Possible overload variants:
scripts/spike_pharmacophore_map.py:334: note:     def [_KT, _VT] dict() -> dict[_KT, _VT]
scripts/spike_pharmacophore_map.py:334: note:     def [_KT, _VT] dict(**kwargs: _VT) -> dict[str, _VT]
scripts/spike_pharmacophore_map.py:334: note:     def [_KT, _VT] dict(SupportsKeysAndGetItem[_KT, _VT], /) -> dict[_KT, _VT]
scripts/spike_pharmacophore_map.py:334: note:     def [_KT, _VT] dict(SupportsKeysAndGetItem[str, _VT], /, **kwargs: _VT) -> dict[str, _VT]
scripts/spike_pharmacophore_map.py:334: note:     def [_KT, _VT] dict(Iterable[tuple[_KT, _VT]], /) -> dict[_KT, _VT]
scripts/spike_pharmacophore_map.py:334: note:     def [_KT, _VT] dict(Iterable[tuple[str, _VT]], /, **kwargs: _VT) -> dict[str, _VT]
scripts/spike_pharmacophore_map.py:334: note:     def [_KT, _VT] dict(Iterable[list[str]], /) -> dict[str, str]
scripts/spike_pharmacophore_map.py:334: note:     def [_KT, _VT] dict(Iterable[list[bytes]], /) -> dict[bytes, bytes]
scripts/spike_pharmacophore_map.py:335: error: No overload variant of "dict" matches argument type "object"  [call-overload]
scripts/spike_pharmacophore_map.py:335: note: Possible overload variants:
scripts/spike_pharmacophore_map.py:335: note:     def [_KT, _VT] dict() -> dict[_KT, _VT]
scripts/spike_pharmacophore_map.py:335: note:     def [_KT, _VT] dict(**kwargs: _VT) -> dict[str, _VT]
scripts/spike_pharmacophore_map.py:335: note:     def [_KT, _VT] dict(SupportsKeysAndGetItem[_KT, _VT], /) -> dict[_KT, _VT]
scripts/spike_pharmacophore_map.py:335: note:     def [_KT, _VT] dict(SupportsKeysAndGetItem[str, _VT], /, **kwargs: _VT) -> dict[str, _VT]
scripts/spike_pharmacophore_map.py:335: note:     def [_KT, _VT] dict(Iterable[tuple[_KT, _VT]], /) -> dict[_KT, _VT]
scripts/spike_pharmacophore_map.py:335: note:     def [_KT, _VT] dict(Iterable[tuple[str, _VT]], /, **kwargs: _VT) -> dict[str, _VT]
scripts/spike_pharmacophore_map.py:335: note:     def [_KT, _VT] dict(Iterable[list[str]], /) -> dict[str, str]
scripts/spike_pharmacophore_map.py:335: note:     def [_KT, _VT] dict(Iterable[list[bytes]], /) -> dict[bytes, bytes]
scripts/spike_pharmacophore_map.py:337: error: Unsupported left operand type for / ("object")  [operator]
scripts/spike_pharmacophore_map.py:342: error: No overload variant of "dict" matches argument type "object"  [call-overload]
scripts/spike_pharmacophore_map.py:342: note: Possible overload variants:
scripts/spike_pharmacophore_map.py:342: note:     def [_KT, _VT] dict() -> dict[_KT, _VT]
scripts/spike_pharmacophore_map.py:342: note:     def [_KT, _VT] dict(**kwargs: _VT) -> dict[str, _VT]
scripts/spike_pharmacophore_map.py:342: note:     def [_KT, _VT] dict(SupportsKeysAndGetItem[_KT, _VT], /) -> dict[_KT, _VT]
scripts/spike_pharmacophore_map.py:342: note:     def [_KT, _VT] dict(SupportsKeysAndGetItem[str, _VT], /, **kwargs: _VT) -> dict[str, _VT]
scripts/spike_pharmacophore_map.py:342: note:     def [_KT, _VT] dict(Iterable[tuple[_KT, _VT]], /) -> dict[_KT, _VT]
scripts/spike_pharmacophore_map.py:342: note:     def [_KT, _VT] dict(Iterable[tuple[str, _VT]], /, **kwargs: _VT) -> dict[str, _VT]
scripts/spike_pharmacophore_map.py:342: note:     def [_KT, _VT] dict(Iterable[list[str]], /) -> dict[str, str]
scripts/spike_pharmacophore_map.py:342: note:     def [_KT, _VT] dict(Iterable[list[bytes]], /) -> dict[bytes, bytes]
scripts/spike_pharmacophore_map.py:343: error: No overload variant of "dict" matches argument type "object"  [call-overload]
scripts/spike_pharmacophore_map.py:343: note: Possible overload variants:
scripts/spike_pharmacophore_map.py:343: note:     def [_KT, _VT] dict() -> dict[_KT, _VT]
scripts/spike_pharmacophore_map.py:343: note:     def [_KT, _VT] dict(**kwargs: _VT) -> dict[str, _VT]
scripts/spike_pharmacophore_map.py:343: note:     def [_KT, _VT] dict(SupportsKeysAndGetItem[_KT, _VT], /) -> dict[_KT, _VT]
scripts/spike_pharmacophore_map.py:343: note:     def [_KT, _VT] dict(SupportsKeysAndGetItem[str, _VT], /, **kwargs: _VT) -> dict[str, _VT]
scripts/spike_pharmacophore_map.py:343: note:     def [_KT, _VT] dict(Iterable[tuple[_KT, _VT]], /) -> dict[_KT, _VT]
scripts/spike_pharmacophore_map.py:343: note:     def [_KT, _VT] dict(Iterable[tuple[str, _VT]], /, **kwargs: _VT) -> dict[str, _VT]
scripts/spike_pharmacophore_map.py:343: note:     def [_KT, _VT] dict(Iterable[list[str]], /) -> dict[str, str]
scripts/spike_pharmacophore_map.py:343: note:     def [_KT, _VT] dict(Iterable[list[bytes]], /) -> dict[bytes, bytes]
scripts/spike_pharmacophore_map.py:349: error: Function is missing a type annotation  [no-untyped-def]
scripts/spike_pharmacophore_map.py:373: error: Function is missing a type annotation  [no-untyped-def]
scripts/spike_pharmacophore_map.py:423: error: Call to untyped function "_spatial_cluster" in typed context  [no-untyped-call]
scripts/spike_pharmacophore_map.py:469: error: Function is missing a type annotation  [no-untyped-def]
scripts/spike_pharmacophore_map.py:496: error: Function is missing a type annotation  [no-untyped-def]
scripts/spike_pharmacophore_map.py:608: error: Function is missing a type annotation  [no-untyped-def]
scripts/spike_pharmacophore_map.py:683: error: Function is missing a return type annotation  [no-untyped-def]
scripts/spike_pharmacophore_map.py:765: error: Call to untyped function "voxelize_spikes" in typed context  [no-untyped-call]
scripts/spike_pharmacophore_map.py:770: error: Call to untyped function "cluster_pharmacophore_features" in typed context  [no-untyped-call]
scripts/spike_pharmacophore_map.py:783: error: Call to untyped function "write_pharmacophore_pdb" in typed context  [no-untyped-call]
scripts/spike_pharmacophore_map.py:787: error: Call to untyped function "write_pharmacophore_pymol" in typed context  [no-untyped-call]
scripts/spike_pharmacophore_map.py:791: error: Call to untyped function "write_interaction_map_json" in typed context  [no-untyped-call]
scripts/spike_pharmacophore_map.py:818: error: Call to untyped function "main" in typed context  [no-untyped-call]
scripts/response_selectivity.py:55: error: Function is missing a return type annotation  [no-untyped-def]
scripts/response_selectivity.py:75: error: Function is missing a return type annotation  [no-untyped-def]
scripts/response_selectivity.py:100: error: Function is missing a type annotation  [no-untyped-def]
scripts/response_selectivity.py:126: error: Function is missing a type annotation  [no-untyped-def]
scripts/response_selectivity.py:155: error: Call to untyped function "_phase" in typed context  [no-untyped-call]
scripts/response_selectivity.py:210: error: Returning Any from function declared to return "dict[str, Any] | None"  [no-any-return]
scripts/response_selectivity.py:215: error: Returning Any from function declared to return "dict[str, Any] | None"  [no-any-return]
scripts/response_selectivity.py:218: error: Returning Any from function declared to return "dict[str, Any] | None"  [no-any-return]
scripts/response_selectivity.py:225: error: Returning Any from function declared to return "dict[str, Any] | None"  [no-any-return]
scripts/response_selectivity.py:237: error: Returning Any from function declared to return "dict[str, Any] | None"  [no-any-return]
scripts/response_selectivity.py:320: error: Returning Any from function declared to return "float"  [no-any-return]
scripts/response_selectivity.py:371: error: Function is missing a type annotation for one or more parameters  [no-untyped-def]
scripts/response_selectivity.py:514: error: Missing type arguments for generic type "set"  [type-arg]
scripts/training/train_v006.py:85: error: Function is missing a return type annotation  [no-untyped-def]
scripts/training/train_v006.py:121: error: Function is missing a return type annotation  [no-untyped-def]
scripts/training/train_v006.py:240: error: Missing type arguments for generic type "Dict"  [type-arg]
scripts/training/train_v006.py:267: error: Returning Any from function declared to return "list[dict[Any, Any]]"  [no-any-return]
scripts/training/train_v006.py:270: error: Missing type arguments for generic type "Dict"  [type-arg]
scripts/training/train_v006.py:315: error: Missing type arguments for generic type "Dict"  [type-arg]
scripts/training/train_v006.py:377: error: Need type annotation for "context_vals"  [var-annotated]
scripts/training/train_v006.py:394: error: Function is missing a return type annotation  [no-untyped-def]
scripts/training/train_v006.py:394: error: Missing type arguments for generic type "Dict"  [type-arg]
scripts/training/train_v006.py:430: error: Missing type arguments for generic type "Dict"  [type-arg]
scripts/training/train_v006.py:458: error: Missing type arguments for generic type "Dict"  [type-arg]
scripts/training/train_v006.py:585: error: Returning Any from function declared to return "Tensor"  [no-any-return]
scripts/training/train_v006.py:602: error: Returning Any from function declared to return "Tensor"  [no-any-return]
scripts/training/train_v006.py:616: error: Value of type "Tensor | Module" is not indexable  [index]
scripts/training/train_v006.py:616: error: "Tensor" not callable  [operator]
scripts/training/train_v006.py:673: error: Function is missing a return type annotation  [no-untyped-def]
scripts/training/train_v006.py:675: error: Item "bool" of "Tensor | bool" has no attribute "nonzero"  [union-attr]
scripts/training/train_v006.py:675: error: Unsupported operand types for > ("int" and Module)  [operator]
scripts/training/train_v006.py:675: note: Left operand is of type "Tensor | Module"
scripts/training/train_v006.py:679: error: Item "bool" of "Tensor | bool" has no attribute "nonzero"  [union-attr]
scripts/training/train_v006.py:679: error: Unsupported operand types for <= ("int" and Module)  [operator]
scripts/training/train_v006.py:679: note: Left operand is of type "Tensor | Module"
scripts/training/train_v006.py:684: error: "Tensor" not callable  [operator]
scripts/training/train_v006.py:687: error: Invalid index type "int | float" for "Tensor"; expected type "SupportsIndex | bool | int | slice[Any, Any, Any] | EllipsisType | Tensor | _NestedSequence[bool | int | slice[Any, Any, Any] | EllipsisType | Tensor | None] | None | tuple[SupportsIndex | bool | int | slice[Any, Any, Any] | EllipsisType | Tensor | _NestedSequence[bool | int | slice[Any, Any, Any] | EllipsisType | Tensor | None] | None, ...]"  [index]
scripts/training/train_v006.py:693: error: "Tensor" not callable  [operator]
scripts/training/train_v006.py:697: error: Missing type arguments for generic type "Dict"  [type-arg]
scripts/training/train_v006.py:701: error: Missing type arguments for generic type "Dict"  [type-arg]
scripts/training/train_v006.py:728: error: Need type annotation for "excellent_indices" (hint: "excellent_indices: list[<type>] = ...")  [var-annotated]
scripts/training/train_v006.py:729: error: Need type annotation for "poor_indices" (hint: "poor_indices: list[<type>] = ...")  [var-annotated]
scripts/training/train_v006.py:780: error: Need type annotation for "epoch_losses"  [var-annotated]
scripts/training/train_v006.py:819: error: Call to untyped function "backward" in typed context  [no-untyped-call]
scripts/training/train_v006.py:860: error: Argument 1 to "load_state_dict" of "Module" has incompatible type "dict[str, Any] | None"; expected "Mapping[str, Any]"  [arg-type]
scripts/training/train_v006.py:899: error: Missing type arguments for generic type "Dict"  [type-arg]
scripts/training/train_v006.py:914: error: Returning Any from function declared to return "ndarray[tuple[Any, ...], dtype[Any]]"  [no-any-return]
scripts/training/train_v006.py:921: error: Function is missing a return type annotation  [no-untyped-def]
scripts/training/train_v006.py:921: note: Use "-> None" if function does not return a value
scripts/training/train_v006.py:1005: error: Call to untyped function "main" in typed context  [no-untyped-call]
scripts/training/extract_all_features.py:68: error: Cannot find implementation or library stub for module named "extract_216"  [import-not-found]
scripts/training/extract_all_features.py:169: error: Missing type arguments for generic type "Dict"  [type-arg]
scripts/training/extract_all_features.py:183: error: Missing type arguments for generic type "Dict"  [type-arg]
scripts/training/extract_all_features.py:236: error: Need type annotation for "best" (hint: "best: dict[<type>, <type>] = ...")  [var-annotated]
scripts/training/extract_all_features.py:277: error: Missing type arguments for generic type "Dict"  [type-arg]
scripts/training/extract_all_features.py:393: error: Function is missing a type annotation for one or more parameters  [no-untyped-def]
scripts/training/extract_all_features.py:410: error: Function is missing a return type annotation  [no-untyped-def]
scripts/training/extract_all_features.py:494: error: Function is missing a type annotation  [no-untyped-def]
scripts/training/extract_all_features.py:507: error: Call to untyped function "_read_rec_for_sid" in typed context  [no-untyped-call]
scripts/training/extract_all_features.py:530: error: Item "None" of "Any | None" has no attribute "available_site_ids"  [union-attr]
scripts/training/extract_all_features.py:532: error: Call to untyped function "_read_rec_for_sid" in typed context  [no-untyped-call]
scripts/training/extract_all_features.py:539: error: Library stubs not installed for "scipy.spatial"  [import-untyped]
scripts/training/extract_all_features.py:705: error: Incompatible types in assignment (expression has type "Path | None", variable has type "Path")  [assignment]
scripts/training/extract_all_features.py:712: error: Incompatible types in assignment (expression has type "Path | None", variable has type "Path")  [assignment]
scripts/training/extract_all_features.py:785: error: Function is missing a return type annotation  [no-untyped-def]
scripts/training/extract_all_features.py:785: note: Use "-> None" if function does not return a value
scripts/training/extract_all_features.py:854: error: Call to untyped function "main" in typed context  [no-untyped-call]
scripts/prism-r2-sync/prism_spike_watcher.py:119: error: Function is missing a return type annotation  [no-untyped-def]
scripts/prism-r2-sync/prism_spike_watcher.py:126: error: Argument 1 to "append" of "list" has incompatible type "FileHandler"; expected "StreamHandler[TextIO | Any]"  [arg-type]
scripts/prism-r2-sync/prism_spike_watcher.py:131: error: Argument 1 to "append" of "list" has incompatible type "FileHandler"; expected "StreamHandler[TextIO | Any]"  [arg-type]
scripts/prism-r2-sync/prism_spike_watcher.py:139: error: Function is missing a return type annotation  [no-untyped-def]
scripts/prism-r2-sync/prism_spike_watcher.py:139: error: Missing type arguments for generic type "dict"  [type-arg]
scripts/prism-r2-sync/prism_spike_watcher.py:273: error: Returning Any from function declared to return "bool"  [no-any-return]
scripts/prism-r2-sync/prism_spike_watcher.py:364: error: Item "None" of "SiteSlice | None" has no attribute "n_spikes"  [union-attr]
scripts/prism-r2-sync/prism_spike_watcher.py:379: error: Item "None" of "SiteSlice | None" has no attribute "timestep"  [union-attr]
scripts/prism-r2-sync/prism_spike_watcher.py:380: error: Item "None" of "SiteSlice | None" has no attribute "frame_index"  [union-attr]
scripts/prism-r2-sync/prism_spike_watcher.py:382: error: Item "None" of "SiteSlice | None" has no attribute "spike_source_decoded"  [union-attr]
scripts/prism-r2-sync/prism_spike_watcher.py:383: error: Item "None" of "SiteSlice | None" has no attribute "ccns_phase"  [union-attr]
scripts/prism-r2-sync/prism_spike_watcher.py:384: error: Item "None" of "SiteSlice | None" has no attribute "intensity"  [union-attr]
scripts/prism-r2-sync/prism_spike_watcher.py:385: error: Item "None" of "SiteSlice | None" has no attribute "vibrational_energy"  [union-attr]
scripts/prism-r2-sync/prism_spike_watcher.py:386: error: Item "None" of "SiteSlice | None" has no attribute "n_nearby_excited"  [union-attr]
scripts/prism-r2-sync/prism_spike_watcher.py:387: error: Item "None" of "SiteSlice | None" has no attribute "stream_id"  [union-attr]
scripts/prism-r2-sync/prism_spike_watcher.py:388: error: Item "None" of "SiteSlice | None" has no attribute "aromatic_residue_id"  [union-attr]
scripts/prism-r2-sync/prism_spike_watcher.py:389: error: Item "None" of "SiteSlice | None" has no attribute "aromatic_type_decoded"  [union-attr]
scripts/prism-r2-sync/prism_spike_watcher.py:390: error: Item "None" of "SiteSlice | None" has no attribute "water_density"  [union-attr]
scripts/prism-r2-sync/prism_spike_watcher.py:391: error: Item "None" of "SiteSlice | None" has no attribute "x"  [union-attr]
scripts/prism-r2-sync/prism_spike_watcher.py:392: error: Item "None" of "SiteSlice | None" has no attribute "y"  [union-attr]
scripts/prism-r2-sync/prism_spike_watcher.py:393: error: Item "None" of "SiteSlice | None" has no attribute "z"  [union-attr]
scripts/prism-r2-sync/prism_spike_watcher.py:394: error: Item "None" of "SiteSlice | None" has no attribute "wavelength_nm"  [union-attr]
scripts/prism-r2-sync/prism_spike_watcher.py:549: error: Function is missing a return type annotation  [no-untyped-def]
scripts/prism-r2-sync/prism_spike_watcher.py:549: error: Missing type arguments for generic type "dict"  [type-arg]
scripts/prism-r2-sync/prism_spike_watcher.py:699: error: Function is missing a return type annotation  [no-untyped-def]
scripts/prism-r2-sync/prism_spike_watcher.py:749: error: Function is missing a return type annotation  [no-untyped-def]
scripts/prism-r2-sync/prism_spike_watcher.py:755: error: Skipping analyzing "inotify_simple": module is installed, but missing library stubs or py.typed marker  [import-untyped]
scripts/prism-r2-sync/prism_spike_watcher.py:767: error: Function is missing a return type annotation  [no-untyped-def]
scripts/prism-r2-sync/prism_spike_watcher.py:772: error: Need type annotation for "wd_map" (hint: "wd_map: dict[<type>, <type>] = ...")  [var-annotated]
scripts/prism-r2-sync/prism_spike_watcher.py:779: error: Call to untyped function "_add_watches_recursive" in typed context  [no-untyped-call]
scripts/prism-r2-sync/prism_spike_watcher.py:795: error: Call to untyped function "_add_watches_recursive" in typed context  [no-untyped-call]
scripts/prism-r2-sync/prism_spike_watcher.py:822: error: Function is missing a type annotation  [no-untyped-def]
scripts/prism-r2-sync/prism_spike_watcher.py:835: error: Call to untyped function "_add_watches_recursive" in typed context  [no-untyped-call]
scripts/prism-r2-sync/prism_spike_watcher.py:840: error: Function is missing a return type annotation  [no-untyped-def]
scripts/prism-r2-sync/prism_spike_watcher.py:877: error: Function is missing a type annotation  [no-untyped-def]
scripts/prism-r2-sync/prism_spike_watcher.py:888: error: Function is missing a return type annotation  [no-untyped-def]
scripts/prism-r2-sync/prism_spike_watcher.py:888: note: Use "-> None" if function does not return a value
scripts/prism-r2-sync/prism_spike_watcher.py:948: error: Call to untyped function "main" in typed context  [no-untyped-call]
scripts/prism_voxel_variance_proxy_classifier.py:197: error: Returning Any from function declared to return "DataFrame"  [no-any-return]
scripts/prism_voxel_variance_proxy_classifier.py:197: error: Unexpected keyword argument "streaming" for overloaded function "collect" of "LazyFrame"  [call-overload]
scripts/prism_voxel_variance_proxy_classifier.py:225: error: No overload variant of "set" matches argument type "object"  [call-overload]
scripts/prism_voxel_variance_proxy_classifier.py:225: note: Possible overload variants:
scripts/prism_voxel_variance_proxy_classifier.py:225: note:     def [_T] set() -> set[_T]
scripts/prism_voxel_variance_proxy_classifier.py:225: note:     def [_T] set(Iterable[_T], /) -> set[_T]
scripts/prism_voxel_variance_proxy_classifier.py:782: error: No overload variant of "set" matches argument type "object"  [call-overload]
scripts/prism_voxel_variance_proxy_classifier.py:782: note: Possible overload variants:
scripts/prism_voxel_variance_proxy_classifier.py:782: note:     def [_T] set() -> set[_T]
scripts/prism_voxel_variance_proxy_classifier.py:782: note:     def [_T] set(Iterable[_T], /) -> set[_T]
scripts/prism_path_sampling_launcher.py:103: error: Item "int" of "Expr | Literal[0]" has no attribute "sqrt"  [union-attr]
scripts/prism_path_sampling_launcher.py:104: error: Item "int" of "Expr | Literal[0]" has no attribute "sqrt"  [union-attr]
scripts/prism_interface_timestamp_miner.py:71: error: Returning Any from function declared to return "str | None"  [no-any-return]
scripts/prism_dynamic_aligned_voxel_export.py:110: error: Returning Any from function declared to return "int"  [no-any-return]
scripts/prism_dynamic_aligned_voxel_export.py:271: error: Returning Any from function declared to return "ndarray[tuple[Any, ...], dtype[Any]]"  [no-any-return]
scripts/prism_dynamic_aligned_voxel_export.py:379: error: Returning Any from function declared to return "ndarray[tuple[Any, ...], dtype[Any]]"  [no-any-return]
scripts/anchor_point_map.py:120: error: Incompatible types in assignment (expression has type "None", target has type "tuple[float, float, float]")  [assignment]
scripts/anchor_point_map.py:153: error: Missing type arguments for generic type "set"  [type-arg]
scripts/anchor_point_map.py:270: error: Missing type arguments for generic type "set"  [type-arg]
scripts/anchor_point_map.py:288: error: Function is missing a type annotation for one or more parameters  [no-untyped-def]
scripts/anchor_point_map.py:458: error: Missing type arguments for generic type "set"  [type-arg]
scripts/anchor_point_map.py:486: error: Missing type arguments for generic type "set"  [type-arg]
scripts/quarantine/d4_rank1_harness.py:43: error: Function is missing a return type annotation  [no-untyped-def]
scripts/quarantine/d4_rank1_harness.py:52: error: Function is missing a return type annotation  [no-untyped-def]
scripts/quarantine/d4_rank1_harness.py:52: note: Use "-> None" if function does not return a value
scripts/quarantine/d4_rank1_harness.py:58: error: Function is missing a return type annotation  [no-untyped-def]
scripts/quarantine/d4_rank1_harness.py:58: note: Use "-> None" if function does not return a value
scripts/quarantine/d4_rank1_harness.py:63: error: Missing type arguments for generic type "dict"  [type-arg]
scripts/quarantine/d4_rank1_harness.py:86: error: Item "None" of "SiteSlice | None" has no attribute "n_spikes"  [union-attr]
scripts/quarantine/d4_rank1_harness.py:87: error: Item "None" of "SiteSlice | None" has no attribute "centroid"  [union-attr]
scripts/quarantine/d4_rank1_harness.py:88: error: Item "None" of "SiteSlice | None" has no attribute "type_intensity_stats"  [union-attr]
scripts/quarantine/d4_rank1_harness.py:90: error: Item "None" of "SiteSlice | None" has no attribute "voxel_aggregate"  [union-attr]
scripts/quarantine/d4_rank1_harness.py:91: error: Item "None" of "SiteSlice | None" has no attribute "source_counts"  [union-attr]
scripts/quarantine/d4_rank1_harness.py:92: error: Item "None" of "SiteSlice | None" has no attribute "phase_counts"  [union-attr]
scripts/quarantine/d4_rank1_harness.py:95: error: Item "None" of "SiteSlice | None" has no attribute "site_id"  [union-attr]
scripts/quarantine/d4_rank1_harness.py:98: error: Item "None" of "SiteSlice | None" has no attribute "lining_cutoff"  [union-attr]
scripts/quarantine/d4_rank1_harness.py:99: error: Item "None" of "SiteSlice | None" has no attribute "open_frequency"  [union-attr]
scripts/quarantine/d4_rank1_harness.py:113: error: Argument 1 to "round" has incompatible type "list[Any] | float | Any"; expected "_SupportsRound2[Any]"  [arg-type]
scripts/quarantine/d4_rank1_harness.py:119: error: Argument 1 to "round" has incompatible type "list[Any] | float | Any"; expected "_SupportsRound2[Any]"  [arg-type]
scripts/quarantine/d4_rank1_harness.py:136: error: Call to untyped function "voxelize_spikes" in typed context  [no-untyped-call]
scripts/quarantine/d4_rank1_harness.py:163: error: Missing type arguments for generic type "dict"  [type-arg]
scripts/quarantine/d4_rank1_harness.py:218: error: Function is missing a return type annotation  [no-untyped-def]
scripts/quarantine/d4_rank1_harness.py:218: note: Use "-> None" if function does not return a value
scripts/quarantine/d4_rank1_harness.py:229: error: Call to untyped function "_hide_triad" in typed context  [no-untyped-call]
scripts/quarantine/d4_rank1_harness.py:242: error: Call to untyped function "_restore_triad" in typed context  [no-untyped-call]
scripts/quarantine/d4_rank1_harness.py:265: error: Call to untyped function "main" in typed context  [no-untyped-call]
scripts/quarantine/d5_wave1_train_v006_harness.py:35: error: Function is missing a return type annotation  [no-untyped-def]
scripts/quarantine/d5_wave1_train_v006_harness.py:42: error: Function is missing a return type annotation  [no-untyped-def]
scripts/quarantine/d5_wave1_train_v006_harness.py:49: error: Function is missing a return type annotation  [no-untyped-def]
scripts/quarantine/d5_wave1_train_v006_harness.py:69: error: Function is missing a return type annotation  [no-untyped-def]
scripts/quarantine/d5_wave1_train_v006_harness.py:81: error: Item "None" of "SiteSlice | None" has no attribute "temporal_windows_18dim"  [union-attr]
scripts/quarantine/d5_wave1_train_v006_harness.py:85: error: Function is missing a type annotation  [no-untyped-def]
scripts/quarantine/d5_wave1_train_v006_harness.py:119: error: Dict entry 0 has incompatible type "str": "float"; expected "str": "tuple[list[Any], list[Any]]"  [dict-item]
scripts/quarantine/d5_wave1_train_v006_harness.py:119: error: Dict entry 1 has incompatible type "str": "float"; expected "str": "tuple[list[Any], list[Any]]"  [dict-item]
scripts/quarantine/d5_wave1_train_v006_harness.py:121: error: Dict entry 3 has incompatible type "str": "list[Any]"; expected "str": "tuple[list[Any], list[Any]]"  [dict-item]
scripts/quarantine/d5_wave1_train_v006_harness.py:150: error: Function is missing a return type annotation  [no-untyped-def]
scripts/quarantine/d5_wave1_train_v006_harness.py:150: note: Use "-> None" if function does not return a value
scripts/quarantine/d5_wave1_train_v006_harness.py:192: error: Call to untyped function "parity" in typed context  [no-untyped-call]
scripts/quarantine/d5_wave1_train_v006_harness.py:215: error: Call to untyped function "main" in typed context  [no-untyped-call]
scripts/quarantine/d5_wave1_extract_all_features_harness.py:30: error: Function is missing a return type annotation  [no-untyped-def]
scripts/quarantine/d5_wave1_extract_all_features_harness.py:37: error: Function is missing a return type annotation  [no-untyped-def]
scripts/quarantine/d5_wave1_extract_all_features_harness.py:44: error: Function is missing a return type annotation  [no-untyped-def]
scripts/quarantine/d5_wave1_extract_all_features_harness.py:78: error: Function is missing a return type annotation  [no-untyped-def]
scripts/quarantine/d5_wave1_extract_all_features_harness.py:85: error: Function is missing a type annotation  [no-untyped-def]
scripts/quarantine/d5_wave1_extract_all_features_harness.py:121: error: Argument 1 to "append" of "list" has incompatible type "tuple[Any, str, dict[str, float]]"; expected "tuple[Any, str, str]"  [arg-type]
scripts/quarantine/d5_wave1_extract_all_features_harness.py:139: error: Function is missing a type annotation  [no-untyped-def]
scripts/quarantine/d5_wave1_extract_all_features_harness.py:154: error: Function is missing a return type annotation  [no-untyped-def]
scripts/quarantine/d5_wave1_extract_all_features_harness.py:154: note: Use "-> None" if function does not return a value
scripts/quarantine/d5_wave1_extract_all_features_harness.py:201: error: Call to untyped function "parity" in typed context  [no-untyped-call]
scripts/quarantine/d5_wave1_extract_all_features_harness.py:216: error: Call to untyped function "_fingerprint" in typed context  [no-untyped-call]
scripts/quarantine/d5_wave1_extract_all_features_harness.py:227: error: Call to untyped function "main" in typed context  [no-untyped-call]
scripts/prism_canonical.py:85: error: Returning Any from function declared to return "dict[str, Any]"  [no-any-return]
scripts/quarantine/d5_v2_phase2_harness.py:25: error: Function is missing a return type annotation  [no-untyped-def]
scripts/quarantine/d5_v2_phase2_harness.py:34: error: Function is missing a return type annotation  [no-untyped-def]
scripts/quarantine/d5_v2_phase2_harness.py:34: note: Use "-> None" if function does not return a value
scripts/quarantine/d5_v2_phase2_harness.py:39: error: Function is missing a return type annotation  [no-untyped-def]
scripts/quarantine/d5_v2_phase2_harness.py:39: note: Use "-> None" if function does not return a value
scripts/quarantine/d5_v2_phase2_harness.py:44: error: Missing type arguments for generic type "dict"  [type-arg]
scripts/quarantine/d5_v2_phase2_harness.py:78: error: Missing type arguments for generic type "dict"  [type-arg]
scripts/quarantine/d5_v2_phase2_harness.py:111: error: Function is missing a return type annotation  [no-untyped-def]
scripts/quarantine/d5_v2_phase2_harness.py:111: note: Use "-> None" if function does not return a value
scripts/quarantine/d5_v2_phase2_harness.py:122: error: Call to untyped function "_hide_triad" in typed context  [no-untyped-call]
scripts/quarantine/d5_v2_phase2_harness.py:130: error: Call to untyped function "_restore_triad" in typed context  [no-untyped-call]
scripts/quarantine/d5_v2_phase2_harness.py:143: error: Call to untyped function "main" in typed context  [no-untyped-call]
Found 4848 errors in 300 files (checked 524 source files)
