anchor_id,canonical_smiles,product_id,smiles,synthon_a_id,synthon_b_id,score,fragment_pi_complement,fragment_pi_clash_adjusted,pi_complement,pi_clash,cryptic_bonus,cryptic_bonus_atoms,survival_tier,selected_dihedral_deg,assembly_mode,z_matrix_active,rotamers_evaluated,best_rotamer_rank,ligand_sdf_path,pose_reconciliation_method,coordinates_json,epistemic_class,candidate_source,training_status
CAL-ANCHOR-000284,CNC1(n2ccn(-c3ccccc3)c2=O)C[C@H]1C,SCAFFOLD_ANCHORED__CAL-ANCHOR-000284__EXIT_10__CUT_9__PHI_60,ALENI_CORE_MINUS_FRAG-A.CNC1(n2ccn(-c3ccccc3)c2=O)C[C@H]1C>>SCAFFOLD_ANCHORED_RXN_AMIDE_COUPLING,CAL-ANCHOR-000284,ALENI_CORE_EXIT_10_CUT_9,2.525983857944775,1.0,0.47401614205522524,1.0,0.47401614205522524,2.0,1,cryptic_rescue,60.0,zmatrix,true,6,2,campaigns/glp1r_aleniglipron/track_a_generative/ALENI-PARENT_6XOX_frame_o3a_relaxed.sdf,compact_pseudo_ligand_o3a,"[[140.7175,154.8487,127.3529],[140.3245,156.178,127.2565],[140.9153,156.7657,126.2094],[141.7323,155.8573,125.598],[142.4203,156.0754,124.4162],[142.0627,156.8304,123.307],[142.9126,156.3633,122.2747],[143.8222,155.4977,122.7096],[143.6236,155.4409,124.0597],[144.6688,154.9206,124.885],[145.6441,154.088,124.3084],[146.6994,153.5823,125.0794],[147.718,152.6625,124.4785],[146.7584,153.9094,126.4361],[147.758,153.4189,127.1856],[145.8078,154.7445,127.0305],[145.9316,155.1149,128.4775],[144.7742,155.2687,126.2404],[142.7151,156.6525,120.8219],[141.5715,157.6625,120.6056],[140.5137,157.4934,121.6182],[139.2847,156.966,121.2248],[138.9075,157.0176,120.054],[138.468,156.3427,122.2416],[138.8117,155.3277,123.1232],[137.6917,155.0423,123.9459],[137.4785,154.155,125.019],[136.2161,154.0811,125.6334],[136.0069,153.1158,126.7872],[135.5634,153.8258,128.0741],[135.3257,152.8039,129.1775],[134.3613,151.8346,128.7655],[134.7975,151.0861,127.6316],[135.0156,151.9986,126.432],[135.1773,154.8875,125.15],[135.3657,155.7744,124.0829],[136.64,155.8442,123.5037],[137.1377,156.6057,122.4696],[136.3264,157.6132,121.7046],[135.6319,157.0176,120.54],[134.3866,156.6892,120.5279],[134.1757,156.161,119.2127],[135.39,156.2319,118.5679],[135.6014,155.8627,117.4241],[136.2852,156.7706,119.4055],[136.8502,159.0486,121.5503],[135.6931,158.7935,122.4599],[134.3513,159.3515,122.1216],[140.9102,157.7389,123.024],[141.2648,159.2108,123.2598],[141.6268,154.5873,126.2547],[142.1491,153.5395,125.911],[138.1014,153.7185,131.348],[137.5829,155.0491,131.5557],[139.6341,156.6427,127.9419],[140.8119,157.7895,125.8929],[145.5786,153.8174,123.2551],[148.7187,152.8905,124.8602],[147.7549,152.77,123.3893],[147.472,151.6234,124.7178],[146.2495,154.2529,129.0732],[144.9709,155.4505,128.8825],[146.6616,155.9213,128.5968],[144.0775,155.9627,126.7001],[142.4536,155.7121,120.3202],[143.6377,157.0247,120.364],[141.9494,158.6877,120.6766],[141.1745,157.5454,119.5917],[139.7787,154.8417,123.1775],[138.298,153.5269,125.3609],[136.9715,152.6345,127.0058],[134.6293,154.374,127.9001],[136.3148,154.5579,128.3895],[136.254,152.2949,129.454],[134.939,153.3017,130.0722],[134.0231,150.3476,127.4015],[135.7112,150.537,127.8863],[135.3778,151.416,125.577],[134.0501,152.4329,126.1432],[134.1861,154.8287,125.5973],[134.5385,156.3758,123.7167],[137.2706,156.9078,119.2154],[137.7899,159.326,122.0141],[136.6714,159.5611,120.6102],[135.8727,158.8547,123.5289],[133.5622,158.7167,122.5361],[134.244,160.3498,122.5581],[134.1932,159.4439,121.0425],[140.0727,157.5186,123.6855],[142.1584,159.5204,122.7077],[140.438,159.8604,122.9531],[141.4693,159.3992,124.3189],[137.9954,153.0688,132.1394],[136.9199,155.0515,132.4266],[138.3909,155.7619,131.7487],[136.9977,155.386,130.6947],[139.51129,153.96193,127.25965],[138.34245,153.10265,127.16929],[138.31836,152.23447,125.97935],[138.14304,152.95197,124.75629],[139.15004,153.24243,123.8726],[138.63673,153.91301,122.836],[137.26859,154.08772,123.00588],[136.36644,154.7514,122.12339],[134.9959,154.85497,122.400055],[134.12149,155.50989,121.52332],[134.60077,156.07625,120.34828],[135.95491,155.98718,120.050064],[136.82695,155.3318,120.9283],[136.90994,153.4687,124.263916],[135.82704,153.38992,124.823235],[139.1335,150.95555,126.02633],[137.64,150.87732,126.112236],[136.97981,150.44022,127.37562]]",PROJECTED,real512_o3a_zmatrix_pre_gflownet,not_trained
CAL-ANCHOR-000029,Cc1cc(Nc2ccccc2)cc(C)c1F,SCAFFOLD_ANCHORED__CAL-ANCHOR-000029__EXIT_10__CUT_9__PHI_180,ALENI_CORE_MINUS_FRAG-A.Cc1cc(Nc2ccccc2)cc(C)c1F>>SCAFFOLD_ANCHORED_RXN_AMIDE_COUPLING,CAL-ANCHOR-000029,ALENI_CORE_EXIT_10_CUT_9,2.500465518165976,1.0,0.4995344818340238,1.0,0.4995344818340238,2.0,1,cryptic_rescue,180.0,zmatrix,true,6,4,campaigns/glp1r_aleniglipron/track_a_generative/ALENI-PARENT_6XOX_frame_o3a_relaxed.sdf,compact_pseudo_ligand_o3a,"[[140.7175,154.8487,127.3529],[140.3245,156.178,127.2565],[140.9153,156.7657,126.2094],[141.7323,155.8573,125.598],[142.4203,156.0754,124.4162],[142.0627,156.8304,123.307],[142.9126,156.3633,122.2747],[143.8222,155.4977,122.7096],[143.6236,155.4409,124.0597],[144.6688,154.9206,124.885],[145.6441,154.088,124.3084],[146.6994,153.5823,125.0794],[147.718,152.6625,124.4785],[146.7584,153.9094,126.4361],[147.758,153.4189,127.1856],[145.8078,154.7445,127.0305],[145.9316,155.1149,128.4775],[144.7742,155.2687,126.2404],[142.7151,156.6525,120.8219],[141.5715,157.6625,120.6056],[140.5137,157.4934,121.6182],[139.2847,156.966,121.2248],[138.9075,157.0176,120.054],[138.468,156.3427,122.2416],[138.8117,155.3277,123.1232],[137.6917,155.0423,123.9459],[137.4785,154.155,125.019],[136.2161,154.0811,125.6334],[136.0069,153.1158,126.7872],[135.5634,153.8258,128.0741],[135.3257,152.8039,129.1775],[134.3613,151.8346,128.7655],[134.7975,151.0861,127.6316],[135.0156,151.9986,126.432],[135.1773,154.8875,125.15],[135.3657,155.7744,124.0829],[136.64,155.8442,123.5037],[137.1377,156.6057,122.4696],[136.3264,157.6132,121.7046],[135.6319,157.0176,120.54],[134.3866,156.6892,120.5279],[134.1757,156.161,119.2127],[135.39,156.2319,118.5679],[135.6014,155.8627,117.4241],[136.2852,156.7706,119.4055],[136.8502,159.0486,121.5503],[135.6931,158.7935,122.4599],[134.3513,159.3515,122.1216],[140.9102,157.7389,123.024],[141.2648,159.2108,123.2598],[141.6268,154.5873,126.2547],[142.1491,153.5395,125.911],[138.1014,153.7185,131.348],[137.5829,155.0491,131.5557],[139.6341,156.6427,127.9419],[140.8119,157.7895,125.8929],[145.5786,153.8174,123.2551],[148.7187,152.8905,124.8602],[147.7549,152.77,123.3893],[147.472,151.6234,124.7178],[146.2495,154.2529,129.0732],[144.9709,155.4505,128.8825],[146.6616,155.9213,128.5968],[144.0775,155.9627,126.7001],[142.4536,155.7121,120.3202],[143.6377,157.0247,120.364],[141.9494,158.6877,120.6766],[141.1745,157.5454,119.5917],[139.7787,154.8417,123.1775],[138.298,153.5269,125.3609],[136.9715,152.6345,127.0058],[134.6293,154.374,127.9001],[136.3148,154.5579,128.3895],[136.254,152.2949,129.454],[134.939,153.3017,130.0722],[134.0231,150.3476,127.4015],[135.7112,150.537,127.8863],[135.3778,151.416,125.577],[134.0501,152.4329,126.1432],[134.1861,154.8287,125.5973],[134.5385,156.3758,123.7167],[137.2706,156.9078,119.2154],[137.7899,159.326,122.0141],[136.6714,159.5611,120.6102],[135.8727,158.8547,123.5289],[133.5622,158.7167,122.5361],[134.244,160.3498,122.5581],[134.1932,159.4439,121.0425],[140.0727,157.5186,123.6855],[142.1584,159.5204,122.7077],[140.438,159.8604,122.9531],[141.4693,159.3992,124.3189],[137.9954,153.0688,132.1394],[136.9199,155.0515,132.4266],[138.3909,155.7619,131.7487],[136.9977,155.386,130.6947],[141.66356,154.52394,126.235085],[142.60838,154.19962,125.11871],[143.99617,154.27907,125.30604],[144.88939,154.02397,124.257034],[146.28516,154.06056,124.41976],[147.10579,153.87065,125.54547],[146.71202,153.1174,126.65723],[147.54822,152.98233,127.769806],[148.79176,153.60782,127.7885],[149.19911,154.36583,126.69453],[148.36057,154.49626,125.583725],[144.36263,153.67918,123.00194],[142.9793,153.59245,122.78992],[142.42525,153.25816,121.43892],[142.1192,153.87056,123.8536],[140.79283,153.82266,123.654236]]",PROJECTED,real512_o3a_zmatrix_pre_gflownet,not_trained
CAL-ANCHOR-000038,O=c1n(Nc2ccccc2)ccn1-c1ccccc1,SCAFFOLD_ANCHORED__CAL-ANCHOR-000038__EXIT_10__CUT_9__PHI_120,ALENI_CORE_MINUS_FRAG-A.O=c1n(Nc2ccccc2)ccn1-c1ccccc1>>SCAFFOLD_ANCHORED_RXN_AMIDE_COUPLING,CAL-ANCHOR-000038,ALENI_CORE_EXIT_10_CUT_9,2.500465518165976,1.0,0.4995344818340238,1.0,0.4995344818340238,2.0,1,cryptic_rescue,120.0,zmatrix,true,6,3,campaigns/glp1r_aleniglipron/track_a_generative/ALENI-PARENT_6XOX_frame_o3a_relaxed.sdf,compact_pseudo_ligand_o3a,"[[140.7175,154.8487,127.3529],[140.3245,156.178,127.2565],[140.9153,156.7657,126.2094],[141.7323,155.8573,125.598],[142.4203,156.0754,124.4162],[142.0627,156.8304,123.307],[142.9126,156.3633,122.2747],[143.8222,155.4977,122.7096],[143.6236,155.4409,124.0597],[144.6688,154.9206,124.885],[145.6441,154.088,124.3084],[146.6994,153.5823,125.0794],[147.718,152.6625,124.4785],[146.7584,153.9094,126.4361],[147.758,153.4189,127.1856],[145.8078,154.7445,127.0305],[145.9316,155.1149,128.4775],[144.7742,155.2687,126.2404],[142.7151,156.6525,120.8219],[141.5715,157.6625,120.6056],[140.5137,157.4934,121.6182],[139.2847,156.966,121.2248],[138.9075,157.0176,120.054],[138.468,156.3427,122.2416],[138.8117,155.3277,123.1232],[137.6917,155.0423,123.9459],[137.4785,154.155,125.019],[136.2161,154.0811,125.6334],[136.0069,153.1158,126.7872],[135.5634,153.8258,128.0741],[135.3257,152.8039,129.1775],[134.3613,151.8346,128.7655],[134.7975,151.0861,127.6316],[135.0156,151.9986,126.432],[135.1773,154.8875,125.15],[135.3657,155.7744,124.0829],[136.64,155.8442,123.5037],[137.1377,156.6057,122.4696],[136.3264,157.6132,121.7046],[135.6319,157.0176,120.54],[134.3866,156.6892,120.5279],[134.1757,156.161,119.2127],[135.39,156.2319,118.5679],[135.6014,155.8627,117.4241],[136.2852,156.7706,119.4055],[136.8502,159.0486,121.5503],[135.6931,158.7935,122.4599],[134.3513,159.3515,122.1216],[140.9102,157.7389,123.024],[141.2648,159.2108,123.2598],[141.6268,154.5873,126.2547],[142.1491,153.5395,125.911],[138.1014,153.7185,131.348],[137.5829,155.0491,131.5557],[139.6341,156.6427,127.9419],[140.8119,157.7895,125.8929],[145.5786,153.8174,123.2551],[148.7187,152.8905,124.8602],[147.7549,152.77,123.3893],[147.472,151.6234,124.7178],[146.2495,154.2529,129.0732],[144.9709,155.4505,128.8825],[146.6616,155.9213,128.5968],[144.0775,155.9627,126.7001],[142.4536,155.7121,120.3202],[143.6377,157.0247,120.364],[141.9494,158.6877,120.6766],[141.1745,157.5454,119.5917],[139.7787,154.8417,123.1775],[138.298,153.5269,125.3609],[136.9715,152.6345,127.0058],[134.6293,154.374,127.9001],[136.3148,154.5579,128.3895],[136.254,152.2949,129.454],[134.939,153.3017,130.0722],[134.0231,150.3476,127.4015],[135.7112,150.537,127.8863],[135.3778,151.416,125.577],[134.0501,152.4329,126.1432],[134.1861,154.8287,125.5973],[134.5385,156.3758,123.7167],[137.2706,156.9078,119.2154],[137.7899,159.326,122.0141],[136.6714,159.5611,120.6102],[135.8727,158.8547,123.5289],[133.5622,158.7167,122.5361],[134.244,160.3498,122.5581],[134.1932,159.4439,121.0425],[140.0727,157.5186,123.6855],[142.1584,159.5204,122.7077],[140.438,159.8604,122.9531],[141.4693,159.3992,124.3189],[137.9954,153.0688,132.1394],[136.9199,155.0515,132.4266],[138.3909,155.7619,131.7487],[136.9977,155.386,130.6947],[140.31573,154.11618,126.1071],[139.98863,153.51979,125.0928],[138.71425,152.9274,124.83377],[137.65898,153.00696,125.70325],[137.39482,151.93674,126.57541],[136.37222,152.08939,127.52492],[136.01897,151.04675,128.38672],[136.67458,149.82262,128.30179],[137.67592,149.64201,127.35219],[138.02498,150.68797,126.49102],[138.6633,152.41583,123.572556],[139.85889,152.59673,122.99789],[140.72435,153.25934,123.8679],[142.07562,153.63864,123.62139],[142.85529,154.28188,124.592896],[144.1831,154.64746,124.33783],[144.76016,154.37575,123.103065],[144.00912,153.73744,122.1236],[142.68182,153.37274,122.38111]]",PROJECTED,real512_o3a_zmatrix_pre_gflownet,not_trained
CAL-ANCHOR-000224,CNc1cc2cc(-c3ccc(O)cc3)ccc2n1-c1ccccc1,SCAFFOLD_ANCHORED__CAL-ANCHOR-000224__EXIT_64__CUT_63__PHI_240,ALENI_CORE_MINUS_FRAG-A.CNc1cc2cc(-c3ccc(O)cc3)ccc2n1-c1ccccc1>>SCAFFOLD_ANCHORED_RXN_AMIDE_COUPLING,CAL-ANCHOR-000224,ALENI_CORE_EXIT_64_CUT_63,2.4796085732811552,1.0,0.5203914267188449,1.0,0.5203914267188449,2.0,1,cryptic_rescue,240.0,zmatrix,true,6,5,campaigns/glp1r_aleniglipron/track_a_generative/ALENI-PARENT_6XOX_frame_o3a_relaxed.sdf,compact_pseudo_ligand_o3a,"[[140.7175,154.8487,127.3529],[140.3245,156.178,127.2565],[140.9153,156.7657,126.2094],[141.7323,155.8573,125.598],[142.4203,156.0754,124.4162],[142.0627,156.8304,123.307],[142.9126,156.3633,122.2747],[143.8222,155.4977,122.7096],[143.6236,155.4409,124.0597],[144.6688,154.9206,124.885],[145.6441,154.088,124.3084],[146.6994,153.5823,125.0794],[147.718,152.6625,124.4785],[146.7584,153.9094,126.4361],[147.758,153.4189,127.1856],[145.8078,154.7445,127.0305],[145.9316,155.1149,128.4775],[144.7742,155.2687,126.2404],[142.7151,156.6525,120.8219],[141.5715,157.6625,120.6056],[140.5137,157.4934,121.6182],[139.2847,156.966,121.2248],[138.9075,157.0176,120.054],[138.468,156.3427,122.2416],[138.8117,155.3277,123.1232],[137.6917,155.0423,123.9459],[137.4785,154.155,125.019],[136.2161,154.0811,125.6334],[136.0069,153.1158,126.7872],[135.5634,153.8258,128.0741],[135.3257,152.8039,129.1775],[134.3613,151.8346,128.7655],[134.7975,151.0861,127.6316],[135.0156,151.9986,126.432],[135.1773,154.8875,125.15],[135.3657,155.7744,124.0829],[136.64,155.8442,123.5037],[137.1377,156.6057,122.4696],[136.3264,157.6132,121.7046],[135.6319,157.0176,120.54],[134.3866,156.6892,120.5279],[134.1757,156.161,119.2127],[135.39,156.2319,118.5679],[135.6014,155.8627,117.4241],[136.2852,156.7706,119.4055],[136.8502,159.0486,121.5503],[135.6931,158.7935,122.4599],[134.3513,159.3515,122.1216],[140.9102,157.7389,123.024],[141.2648,159.2108,123.2598],[141.6268,154.5873,126.2547],[142.1491,153.5395,125.911],[138.1014,153.7185,131.348],[137.5829,155.0491,131.5557],[139.6341,156.6427,127.9419],[140.8119,157.7895,125.8929],[145.5786,153.8174,123.2551],[148.7187,152.8905,124.8602],[147.7549,152.77,123.3893],[147.472,151.6234,124.7178],[146.2495,154.2529,129.0732],[144.9709,155.4505,128.8825],[146.6616,155.9213,128.5968],[144.0775,155.9627,126.7001],[142.4536,155.7121,120.3202],[143.6377,157.0247,120.364],[141.9494,158.6877,120.6766],[141.1745,157.5454,119.5917],[139.7787,154.8417,123.1775],[138.298,153.5269,125.3609],[136.9715,152.6345,127.0058],[134.6293,154.374,127.9001],[136.3148,154.5579,128.3895],[136.254,152.2949,129.454],[134.939,153.3017,130.0722],[134.0231,150.3476,127.4015],[135.7112,150.537,127.8863],[135.3778,151.416,125.577],[134.0501,152.4329,126.1432],[134.1861,154.8287,125.5973],[134.5385,156.3758,123.7167],[137.2706,156.9078,119.2154],[137.7899,159.326,122.0141],[136.6714,159.5611,120.6102],[135.8727,158.8547,123.5289],[133.5622,158.7167,122.5361],[134.244,160.3498,122.5581],[134.1932,159.4439,121.0425],[140.0727,157.5186,123.6855],[142.1584,159.5204,122.7077],[140.438,159.8604,122.9531],[141.4693,159.3992,124.3189],[137.9954,153.0688,132.1394],[136.9199,155.0515,132.4266],[138.3909,155.7619,131.7487],[136.9977,155.386,130.6947],[138.36018,153.5045,129.88608],[138.61052,153.2975,128.47192],[137.66086,153.49059,127.51253],[137.87415,154.07878,126.285126],[136.62529,154.2538,125.645424],[136.24776,154.83392,124.41474],[134.90509,154.83527,123.99868],[134.51503,155.44238,122.71535],[134.84459,156.77657,122.41729],[134.47498,157.3587,121.20057],[133.77084,156.6048,120.26945],[133.38986,157.13013,119.07071],[133.43263,155.28494,120.53536],[133.80272,154.70712,121.75258],[133.95505,154.23175,124.82907],[134.30368,153.6495,126.05534],[135.64827,153.69568,126.47331],[136.2975,153.1812,127.606285],[135.66801,152.38893,128.61142],[136.27109,151.19676,129.03157],[135.6508,150.40527,129.99953],[134.43285,150.80203,130.5507],[133.83212,151.99084,130.13654],[134.44534,152.78543,129.16582]]",PROJECTED,real512_o3a_zmatrix_pre_gflownet,not_trained
CAL-ANCHOR-000422,Cc1cc(-c2ccc3c(c2)cc(-c2ccccc2)n3-c2noc(=O)[nH]2)cc(C)c1F,SCAFFOLD_ANCHORED__CAL-ANCHOR-000422__EXIT_64__CUT_63__PHI_240,ALENI_CORE_MINUS_FRAG-A.Cc1cc(-c2ccc3c(c2)cc(-c2ccccc2)n3-c2noc(=O)[nH]2)cc(C)c1F>>SCAFFOLD_ANCHORED_RXN_AMIDE_COUPLING,CAL-ANCHOR-000422,ALENI_CORE_EXIT_64_CUT_63,1.6839892386298498,2.0,0.9480322841104505,2.0,0.9480322841104505,4.0,2,normal,240.0,zmatrix,true,6,5,campaigns/glp1r_aleniglipron/track_a_generative/ALENI-PARENT_6XOX_frame_o3a_relaxed.sdf,compact_pseudo_ligand_o3a,"[[140.7175,154.8487,127.3529],[140.3245,156.178,127.2565],[140.9153,156.7657,126.2094],[141.7323,155.8573,125.598],[142.4203,156.0754,124.4162],[142.0627,156.8304,123.307],[142.9126,156.3633,122.2747],[143.8222,155.4977,122.7096],[143.6236,155.4409,124.0597],[144.6688,154.9206,124.885],[145.6441,154.088,124.3084],[146.6994,153.5823,125.0794],[147.718,152.6625,124.4785],[146.7584,153.9094,126.4361],[147.758,153.4189,127.1856],[145.8078,154.7445,127.0305],[145.9316,155.1149,128.4775],[144.7742,155.2687,126.2404],[142.7151,156.6525,120.8219],[141.5715,157.6625,120.6056],[140.5137,157.4934,121.6182],[139.2847,156.966,121.2248],[138.9075,157.0176,120.054],[138.468,156.3427,122.2416],[138.8117,155.3277,123.1232],[137.6917,155.0423,123.9459],[137.4785,154.155,125.019],[136.2161,154.0811,125.6334],[136.0069,153.1158,126.7872],[135.5634,153.8258,128.0741],[135.3257,152.8039,129.1775],[134.3613,151.8346,128.7655],[134.7975,151.0861,127.6316],[135.0156,151.9986,126.432],[135.1773,154.8875,125.15],[135.3657,155.7744,124.0829],[136.64,155.8442,123.5037],[137.1377,156.6057,122.4696],[136.3264,157.6132,121.7046],[135.6319,157.0176,120.54],[134.3866,156.6892,120.5279],[134.1757,156.161,119.2127],[135.39,156.2319,118.5679],[135.6014,155.8627,117.4241],[136.2852,156.7706,119.4055],[136.8502,159.0486,121.5503],[135.6931,158.7935,122.4599],[134.3513,159.3515,122.1216],[140.9102,157.7389,123.024],[141.2648,159.2108,123.2598],[141.6268,154.5873,126.2547],[142.1491,153.5395,125.911],[138.1014,153.7185,131.348],[137.5829,155.0491,131.5557],[139.6341,156.6427,127.9419],[140.8119,157.7895,125.8929],[145.5786,153.8174,123.2551],[148.7187,152.8905,124.8602],[147.7549,152.77,123.3893],[147.472,151.6234,124.7178],[146.2495,154.2529,129.0732],[144.9709,155.4505,128.8825],[146.6616,155.9213,128.5968],[144.0775,155.9627,126.7001],[142.4536,155.7121,120.3202],[143.6377,157.0247,120.364],[141.9494,158.6877,120.6766],[141.1745,157.5454,119.5917],[139.7787,154.8417,123.1775],[138.298,153.5269,125.3609],[136.9715,152.6345,127.0058],[134.6293,154.374,127.9001],[136.3148,154.5579,128.3895],[136.254,152.2949,129.454],[134.939,153.3017,130.0722],[134.0231,150.3476,127.4015],[135.7112,150.537,127.8863],[135.3778,151.416,125.577],[134.0501,152.4329,126.1432],[134.1861,154.8287,125.5973],[134.5385,156.3758,123.7167],[137.2706,156.9078,119.2154],[137.7899,159.326,122.0141],[136.6714,159.5611,120.6102],[135.8727,158.8547,123.5289],[133.5622,158.7167,122.5361],[134.244,160.3498,122.5581],[134.1932,159.4439,121.0425],[140.0727,157.5186,123.6855],[142.1584,159.5204,122.7077],[140.438,159.8604,122.9531],[141.4693,159.3992,124.3189],[137.9954,153.0688,132.1394],[136.9199,155.0515,132.4266],[138.3909,155.7619,131.7487],[136.9977,155.386,130.6947],[138.36018,153.5045,129.88608],[138.61868,153.29074,128.42586],[138.45773,154.3346,127.50397],[138.68303,154.13707,126.129616],[138.5247,155.24533,125.1734],[139.56268,155.60536,124.30783],[139.43637,156.66074,123.393845],[138.23274,157.39261,123.36371],[137.15797,157.013,124.17085],[137.31424,155.95377,125.089836],[136.05942,157.82565,123.81824],[136.45193,158.67766,122.804634],[135.62604,159.68594,122.14406],[135.0837,159.43594,120.87871],[134.27693,160.39201,120.25869],[134.0023,161.5977,120.90288],[134.53156,161.84886,122.1681],[135.33913,160.89442,122.78962],[137.82375,158.50194,122.60169],[138.63089,159.30986,121.78738],[138.2756,160.04123,120.789085],[139.48894,160.6669,120.358795],[140.46896,160.23425,121.218796],[141.64127,160.57156,121.18904],[139.92613,159.38516,122.10369],[139.06174,152.85452,125.693596],[139.20192,151.79056,126.59572],[139.62093,150.43086,126.12623],[138.98375,152.02806,127.95439],[139.12793,151.01898,128.82745]]",PROJECTED,real512_o3a_zmatrix_pre_gflownet,not_trained
CAL-ANCHOR-000333,Cc1cc(N2CCc3nn(-c4ccccc4)c(C(=O)O)c3[C@H]2C)cc(C)c1F,SCAFFOLD_ANCHORED__CAL-ANCHOR-000333__EXIT_10__CUT_9__PHI_60,ALENI_CORE_MINUS_FRAG-A.Cc1cc(N2CCc3nn(-c4ccccc4)c(C(=O)O)c3[C@H]2C)cc(C)c1F>>SCAFFOLD_ANCHORED_RXN_AMIDE_COUPLING,CAL-ANCHOR-000333,ALENI_CORE_EXIT_10_CUT_9,1.5027962156129648,2.0,0.9944075687740701,2.0,0.9944075687740701,2.0,1,normal,60.0,zmatrix,true,6,2,campaigns/glp1r_aleniglipron/track_a_generative/ALENI-PARENT_6XOX_frame_o3a_relaxed.sdf,compact_pseudo_ligand_o3a,"[[140.7175,154.8487,127.3529],[140.3245,156.178,127.2565],[140.9153,156.7657,126.2094],[141.7323,155.8573,125.598],[142.4203,156.0754,124.4162],[142.0627,156.8304,123.307],[142.9126,156.3633,122.2747],[143.8222,155.4977,122.7096],[143.6236,155.4409,124.0597],[144.6688,154.9206,124.885],[145.6441,154.088,124.3084],[146.6994,153.5823,125.0794],[147.718,152.6625,124.4785],[146.7584,153.9094,126.4361],[147.758,153.4189,127.1856],[145.8078,154.7445,127.0305],[145.9316,155.1149,128.4775],[144.7742,155.2687,126.2404],[142.7151,156.6525,120.8219],[141.5715,157.6625,120.6056],[140.5137,157.4934,121.6182],[139.2847,156.966,121.2248],[138.9075,157.0176,120.054],[138.468,156.3427,122.2416],[138.8117,155.3277,123.1232],[137.6917,155.0423,123.9459],[137.4785,154.155,125.019],[136.2161,154.0811,125.6334],[136.0069,153.1158,126.7872],[135.5634,153.8258,128.0741],[135.3257,152.8039,129.1775],[134.3613,151.8346,128.7655],[134.7975,151.0861,127.6316],[135.0156,151.9986,126.432],[135.1773,154.8875,125.15],[135.3657,155.7744,124.0829],[136.64,155.8442,123.5037],[137.1377,156.6057,122.4696],[136.3264,157.6132,121.7046],[135.6319,157.0176,120.54],[134.3866,156.6892,120.5279],[134.1757,156.161,119.2127],[135.39,156.2319,118.5679],[135.6014,155.8627,117.4241],[136.2852,156.7706,119.4055],[136.8502,159.0486,121.5503],[135.6931,158.7935,122.4599],[134.3513,159.3515,122.1216],[140.9102,157.7389,123.024],[141.2648,159.2108,123.2598],[141.6268,154.5873,126.2547],[142.1491,153.5395,125.911],[138.1014,153.7185,131.348],[137.5829,155.0491,131.5557],[139.6341,156.6427,127.9419],[140.8119,157.7895,125.8929],[145.5786,153.8174,123.2551],[148.7187,152.8905,124.8602],[147.7549,152.77,123.3893],[147.472,151.6234,124.7178],[146.2495,154.2529,129.0732],[144.9709,155.4505,128.8825],[146.6616,155.9213,128.5968],[144.0775,155.9627,126.7001],[142.4536,155.7121,120.3202],[143.6377,157.0247,120.364],[141.9494,158.6877,120.6766],[141.1745,157.5454,119.5917],[139.7787,154.8417,123.1775],[138.298,153.5269,125.3609],[136.9715,152.6345,127.0058],[134.6293,154.374,127.9001],[136.3148,154.5579,128.3895],[136.254,152.2949,129.454],[134.939,153.3017,130.0722],[134.0231,150.3476,127.4015],[135.7112,150.537,127.8863],[135.3778,151.416,125.577],[134.0501,152.4329,126.1432],[134.1861,154.8287,125.5973],[134.5385,156.3758,123.7167],[137.2706,156.9078,119.2154],[137.7899,159.326,122.0141],[136.6714,159.5611,120.6102],[135.8727,158.8547,123.5289],[133.5622,158.7167,122.5361],[134.244,160.3498,122.5581],[134.1932,159.4439,121.0425],[140.0727,157.5186,123.6855],[142.1584,159.5204,122.7077],[140.438,159.8604,122.9531],[141.4693,159.3992,124.3189],[137.9954,153.0688,132.1394],[136.9199,155.0515,132.4266],[138.3909,155.7619,131.7487],[136.9977,155.386,130.6947],[139.51129,153.96193,127.25965],[138.30663,153.0763,127.16653],[137.24496,153.39297,126.30612],[136.12093,152.56253,126.194405],[135.03215,152.86206,125.37885],[133.8612,153.3993,126.1178],[133.99739,154.9206,126.343544],[134.45032,155.5962,125.09086],[134.31865,156.90239,124.88527],[134.91684,157.12285,123.67729],[135.1774,158.4718,123.277824],[134.50693,159.51682,123.936646],[134.74222,160.84749,123.58302],[135.65883,161.15015,122.58015],[136.34787,160.12393,121.937416],[136.1153,158.78891,122.28592],[135.22292,155.92186,123.04083],[135.59987,155.78029,121.67416],[136.5461,155.16608,121.21108],[134.7183,156.39487,120.86176],[135.03702,154.9279,123.99183],[135.17729,153.42549,124.0014],[136.38576,152.85777,123.259766],[136.08293,151.39612,126.975845],[137.14252,151.04207,127.82196],[137.08209,149.79929,128.65512],[138.24237,151.89568,127.90788],[139.25853,151.57706,128.7248]]",PROJECTED,real512_o3a_zmatrix_pre_gflownet,not_trained
CAL-ANCHOR-000031,O=C(Nc1ccccc1)c1noc(=O)[nH]1,SCAFFOLD_ANCHORED__CAL-ANCHOR-000031__EXIT_10__CUT_9__PHI_120,ALENI_CORE_MINUS_FRAG-A.O=C(Nc1ccccc1)c1noc(=O)[nH]1>>SCAFFOLD_ANCHORED_RXN_AMIDE_COUPLING,CAL-ANCHOR-000031,ALENI_CORE_EXIT_10_CUT_9,1.500465518165976,2.0,0.9990689636680476,2.0,0.9990689636680476,2.0,1,normal,120.0,zmatrix,true,6,3,campaigns/glp1r_aleniglipron/track_a_generative/ALENI-PARENT_6XOX_frame_o3a_relaxed.sdf,compact_pseudo_ligand_o3a,"[[140.7175,154.8487,127.3529],[140.3245,156.178,127.2565],[140.9153,156.7657,126.2094],[141.7323,155.8573,125.598],[142.4203,156.0754,124.4162],[142.0627,156.8304,123.307],[142.9126,156.3633,122.2747],[143.8222,155.4977,122.7096],[143.6236,155.4409,124.0597],[144.6688,154.9206,124.885],[145.6441,154.088,124.3084],[146.6994,153.5823,125.0794],[147.718,152.6625,124.4785],[146.7584,153.9094,126.4361],[147.758,153.4189,127.1856],[145.8078,154.7445,127.0305],[145.9316,155.1149,128.4775],[144.7742,155.2687,126.2404],[142.7151,156.6525,120.8219],[141.5715,157.6625,120.6056],[140.5137,157.4934,121.6182],[139.2847,156.966,121.2248],[138.9075,157.0176,120.054],[138.468,156.3427,122.2416],[138.8117,155.3277,123.1232],[137.6917,155.0423,123.9459],[137.4785,154.155,125.019],[136.2161,154.0811,125.6334],[136.0069,153.1158,126.7872],[135.5634,153.8258,128.0741],[135.3257,152.8039,129.1775],[134.3613,151.8346,128.7655],[134.7975,151.0861,127.6316],[135.0156,151.9986,126.432],[135.1773,154.8875,125.15],[135.3657,155.7744,124.0829],[136.64,155.8442,123.5037],[137.1377,156.6057,122.4696],[136.3264,157.6132,121.7046],[135.6319,157.0176,120.54],[134.3866,156.6892,120.5279],[134.1757,156.161,119.2127],[135.39,156.2319,118.5679],[135.6014,155.8627,117.4241],[136.2852,156.7706,119.4055],[136.8502,159.0486,121.5503],[135.6931,158.7935,122.4599],[134.3513,159.3515,122.1216],[140.9102,157.7389,123.024],[141.2648,159.2108,123.2598],[141.6268,154.5873,126.2547],[142.1491,153.5395,125.911],[138.1014,153.7185,131.348],[137.5829,155.0491,131.5557],[139.6341,156.6427,127.9419],[140.8119,157.7895,125.8929],[145.5786,153.8174,123.2551],[148.7187,152.8905,124.8602],[147.7549,152.77,123.3893],[147.472,151.6234,124.7178],[146.2495,154.2529,129.0732],[144.9709,155.4505,128.8825],[146.6616,155.9213,128.5968],[144.0775,155.9627,126.7001],[142.4536,155.7121,120.3202],[143.6377,157.0247,120.364],[141.9494,158.6877,120.6766],[141.1745,157.5454,119.5917],[139.7787,154.8417,123.1775],[138.298,153.5269,125.3609],[136.9715,152.6345,127.0058],[134.6293,154.374,127.9001],[136.3148,154.5579,128.3895],[136.254,152.2949,129.454],[134.939,153.3017,130.0722],[134.0231,150.3476,127.4015],[135.7112,150.537,127.8863],[135.3778,151.416,125.577],[134.0501,152.4329,126.1432],[134.1861,154.8287,125.5973],[134.5385,156.3758,123.7167],[137.2706,156.9078,119.2154],[137.7899,159.326,122.0141],[136.6714,159.5611,120.6102],[135.8727,158.8547,123.5289],[133.5622,158.7167,122.5361],[134.244,160.3498,122.5581],[134.1932,159.4439,121.0425],[140.0727,157.5186,123.6855],[142.1584,159.5204,122.7077],[140.438,159.8604,122.9531],[141.4693,159.3992,124.3189],[137.9954,153.0688,132.1394],[136.9199,155.0515,132.4266],[138.3909,155.7619,131.7487],[136.9977,155.386,130.6947],[140.31573,154.11618,126.1071],[139.98846,153.51949,125.09229],[140.6589,153.36426,123.90111],[141.92348,153.87213,123.55484],[142.40245,153.57918,122.27169],[143.65036,154.04813,121.85347],[144.43019,154.8143,122.7153],[143.96135,155.11024,123.99311],[142.71222,154.64114,124.412415],[138.65031,152.8297,125.09699],[138.15862,152.15935,124.10911],[136.8879,151.709,124.59942],[136.7728,152.1913,125.885544],[135.81898,152.00912,126.623566],[137.8772,152.88725,126.18236]]",PROJECTED,real512_o3a_zmatrix_pre_gflownet,not_trained
CAL-ANCHOR-000060,Cc1cc(C2(Nc3ccccc3)CC2C)cc(C)c1F,SCAFFOLD_ANCHORED__CAL-ANCHOR-000060__EXIT_10__CUT_9__PHI_120,ALENI_CORE_MINUS_FRAG-A.Cc1cc(C2(Nc3ccccc3)CC2C)cc(C)c1F>>SCAFFOLD_ANCHORED_RXN_AMIDE_COUPLING,CAL-ANCHOR-000060,ALENI_CORE_EXIT_10_CUT_9,1.4301692660645513,4.0,1.9888151375481402,4.0,1.9888151375481402,8.0,4,normal,120.0,zmatrix,true,6,3,campaigns/glp1r_aleniglipron/track_a_generative/ALENI-PARENT_6XOX_frame_o3a_relaxed.sdf,compact_pseudo_ligand_o3a,"[[140.7175,154.8487,127.3529],[140.3245,156.178,127.2565],[140.9153,156.7657,126.2094],[141.7323,155.8573,125.598],[142.4203,156.0754,124.4162],[142.0627,156.8304,123.307],[142.9126,156.3633,122.2747],[143.8222,155.4977,122.7096],[143.6236,155.4409,124.0597],[144.6688,154.9206,124.885],[145.6441,154.088,124.3084],[146.6994,153.5823,125.0794],[147.718,152.6625,124.4785],[146.7584,153.9094,126.4361],[147.758,153.4189,127.1856],[145.8078,154.7445,127.0305],[145.9316,155.1149,128.4775],[144.7742,155.2687,126.2404],[142.7151,156.6525,120.8219],[141.5715,157.6625,120.6056],[140.5137,157.4934,121.6182],[139.2847,156.966,121.2248],[138.9075,157.0176,120.054],[138.468,156.3427,122.2416],[138.8117,155.3277,123.1232],[137.6917,155.0423,123.9459],[137.4785,154.155,125.019],[136.2161,154.0811,125.6334],[136.0069,153.1158,126.7872],[135.5634,153.8258,128.0741],[135.3257,152.8039,129.1775],[134.3613,151.8346,128.7655],[134.7975,151.0861,127.6316],[135.0156,151.9986,126.432],[135.1773,154.8875,125.15],[135.3657,155.7744,124.0829],[136.64,155.8442,123.5037],[137.1377,156.6057,122.4696],[136.3264,157.6132,121.7046],[135.6319,157.0176,120.54],[134.3866,156.6892,120.5279],[134.1757,156.161,119.2127],[135.39,156.2319,118.5679],[135.6014,155.8627,117.4241],[136.2852,156.7706,119.4055],[136.8502,159.0486,121.5503],[135.6931,158.7935,122.4599],[134.3513,159.3515,122.1216],[140.9102,157.7389,123.024],[141.2648,159.2108,123.2598],[141.6268,154.5873,126.2547],[142.1491,153.5395,125.911],[138.1014,153.7185,131.348],[137.5829,155.0491,131.5557],[139.6341,156.6427,127.9419],[140.8119,157.7895,125.8929],[145.5786,153.8174,123.2551],[148.7187,152.8905,124.8602],[147.7549,152.77,123.3893],[147.472,151.6234,124.7178],[146.2495,154.2529,129.0732],[144.9709,155.4505,128.8825],[146.6616,155.9213,128.5968],[144.0775,155.9627,126.7001],[142.4536,155.7121,120.3202],[143.6377,157.0247,120.364],[141.9494,158.6877,120.6766],[141.1745,157.5454,119.5917],[139.7787,154.8417,123.1775],[138.298,153.5269,125.3609],[136.9715,152.6345,127.0058],[134.6293,154.374,127.9001],[136.3148,154.5579,128.3895],[136.254,152.2949,129.454],[134.939,153.3017,130.0722],[134.0231,150.3476,127.4015],[135.7112,150.537,127.8863],[135.3778,151.416,125.577],[134.0501,152.4329,126.1432],[134.1861,154.8287,125.5973],[134.5385,156.3758,123.7167],[137.2706,156.9078,119.2154],[137.7899,159.326,122.0141],[136.6714,159.5611,120.6102],[135.8727,158.8547,123.5289],[133.5622,158.7167,122.5361],[134.244,160.3498,122.5581],[134.1932,159.4439,121.0425],[140.0727,157.5186,123.6855],[142.1584,159.5204,122.7077],[140.438,159.8604,122.9531],[141.4693,159.3992,124.3189],[137.9954,153.0688,132.1394],[136.9199,155.0515,132.4266],[138.3909,155.7619,131.7487],[136.9977,155.386,130.6947],[140.31573,154.11618,126.1071],[139.9145,153.38467,124.86301],[140.27841,153.86513,123.59675],[139.88159,153.216,122.41284],[140.2693,153.7427,121.03051],[139.17958,154.45897,120.35278],[138.8871,155.8266,120.48315],[139.67667,156.71736,121.21625],[139.35207,158.07603,121.295166],[138.23221,158.56728,120.630875],[137.44028,157.7004,119.88502],[137.7696,156.3437,119.81017],[141.71916,154.08261,120.73027],[141.14703,152.81212,120.187836],[140.94644,152.65508,118.71887],[139.085,152.0607,122.54477],[138.70798,151.55856,123.79812],[137.83076,150.3499,123.91157],[139.11871,152.2414,124.94327],[138.73763,151.78996,126.14851]]",PROJECTED,real512_o3a_zmatrix_pre_gflownet,not_trained
CAL-ANCHOR-000268,O=c1[nH]c(-n2ccn(-c3ccccc3)c2=O)no1,SCAFFOLD_ANCHORED__CAL-ANCHOR-000268__EXIT_10__CUT_9__PHI_240,ALENI_CORE_MINUS_FRAG-A.O=c1[nH]c(-n2ccn(-c3ccccc3)c2=O)no1>>SCAFFOLD_ANCHORED_RXN_AMIDE_COUPLING,CAL-ANCHOR-000268,ALENI_CORE_EXIT_10_CUT_9,1.2683789004910955,2.0,0.9264843980356182,2.0,0.9264843980356182,4.0,2,normal,240.0,zmatrix,true,6,5,campaigns/glp1r_aleniglipron/track_a_generative/ALENI-PARENT_6XOX_frame_o3a_relaxed.sdf,compact_pseudo_ligand_o3a,"[[140.7175,154.8487,127.3529],[140.3245,156.178,127.2565],[140.9153,156.7657,126.2094],[141.7323,155.8573,125.598],[142.4203,156.0754,124.4162],[142.0627,156.8304,123.307],[142.9126,156.3633,122.2747],[143.8222,155.4977,122.7096],[143.6236,155.4409,124.0597],[144.6688,154.9206,124.885],[145.6441,154.088,124.3084],[146.6994,153.5823,125.0794],[147.718,152.6625,124.4785],[146.7584,153.9094,126.4361],[147.758,153.4189,127.1856],[145.8078,154.7445,127.0305],[145.9316,155.1149,128.4775],[144.7742,155.2687,126.2404],[142.7151,156.6525,120.8219],[141.5715,157.6625,120.6056],[140.5137,157.4934,121.6182],[139.2847,156.966,121.2248],[138.9075,157.0176,120.054],[138.468,156.3427,122.2416],[138.8117,155.3277,123.1232],[137.6917,155.0423,123.9459],[137.4785,154.155,125.019],[136.2161,154.0811,125.6334],[136.0069,153.1158,126.7872],[135.5634,153.8258,128.0741],[135.3257,152.8039,129.1775],[134.3613,151.8346,128.7655],[134.7975,151.0861,127.6316],[135.0156,151.9986,126.432],[135.1773,154.8875,125.15],[135.3657,155.7744,124.0829],[136.64,155.8442,123.5037],[137.1377,156.6057,122.4696],[136.3264,157.6132,121.7046],[135.6319,157.0176,120.54],[134.3866,156.6892,120.5279],[134.1757,156.161,119.2127],[135.39,156.2319,118.5679],[135.6014,155.8627,117.4241],[136.2852,156.7706,119.4055],[136.8502,159.0486,121.5503],[135.6931,158.7935,122.4599],[134.3513,159.3515,122.1216],[140.9102,157.7389,123.024],[141.2648,159.2108,123.2598],[141.6268,154.5873,126.2547],[142.1491,153.5395,125.911],[138.1014,153.7185,131.348],[137.5829,155.0491,131.5557],[139.6341,156.6427,127.9419],[140.8119,157.7895,125.8929],[145.5786,153.8174,123.2551],[148.7187,152.8905,124.8602],[147.7549,152.77,123.3893],[147.472,151.6234,124.7178],[146.2495,154.2529,129.0732],[144.9709,155.4505,128.8825],[146.6616,155.9213,128.5968],[144.0775,155.9627,126.7001],[142.4536,155.7121,120.3202],[143.6377,157.0247,120.364],[141.9494,158.6877,120.6766],[141.1745,157.5454,119.5917],[139.7787,154.8417,123.1775],[138.298,153.5269,125.3609],[136.9715,152.6345,127.0058],[134.6293,154.374,127.9001],[136.3148,154.5579,128.3895],[136.254,152.2949,129.454],[134.939,153.3017,130.0722],[134.0231,150.3476,127.4015],[135.7112,150.537,127.8863],[135.3778,151.416,125.577],[134.0501,152.4329,126.1432],[134.1861,154.8287,125.5973],[134.5385,156.3758,123.7167],[137.2706,156.9078,119.2154],[137.7899,159.326,122.0141],[136.6714,159.5611,120.6102],[135.8727,158.8547,123.5289],[133.5622,158.7167,122.5361],[134.244,160.3498,122.5581],[134.1932,159.4439,121.0425],[140.0727,157.5186,123.6855],[142.1584,159.5204,122.7077],[140.438,159.8604,122.9531],[141.4693,159.3992,124.3189],[137.9954,153.0688,132.1394],[136.9199,155.0515,132.4266],[138.3909,155.7619,131.7487],[136.9977,155.386,130.6947],[142.20694,154.77745,127.51563],[143.41873,154.71948,127.64801],[144.25188,154.01355,126.869835],[145.48102,154.21005,127.337265],[146.56348,153.61974,126.75277],[146.55386,152.78123,125.65695],[147.79886,152.39496,125.36662],[148.69533,152.95876,126.25622],[150.113,152.78609,126.27427],[150.92944,153.40984,127.228355],[152.3188,153.22972,127.231834],[152.92358,152.41972,126.27869],[152.13829,151.78963,125.32165],[150.74948,151.97131,125.32032],[147.93564,153.77118,127.18595],[148.33963,154.4375,128.1248],[145.51279,154.99179,128.36282],[144.15437,155.35773,128.60713]]",PROJECTED,real512_o3a_zmatrix_pre_gflownet,not_trained
CAL-ANCHOR-000001,OB(O)c1ccccc1,SCAFFOLD_ANCHORED__CAL-ANCHOR-000001__EXIT_10__CUT_9__PHI_60,ALENI_CORE_MINUS_FRAG-A.OB(O)c1ccccc1>>SCAFFOLD_ANCHORED_RXN_AMIDE_COUPLING,CAL-ANCHOR-000001,ALENI_CORE_EXIT_10_CUT_9,1.2629919289723874,1.0,0.47401614205522524,1.0,0.47401614205522524,2.0,1,cryptic_rescue,60.0,zmatrix,true,6,2,campaigns/glp1r_aleniglipron/track_a_generative/ALENI-PARENT_6XOX_frame_o3a_relaxed.sdf,compact_pseudo_ligand_o3a,"[[140.7175,154.8487,127.3529],[140.3245,156.178,127.2565],[140.9153,156.7657,126.2094],[141.7323,155.8573,125.598],[142.4203,156.0754,124.4162],[142.0627,156.8304,123.307],[142.9126,156.3633,122.2747],[143.8222,155.4977,122.7096],[143.6236,155.4409,124.0597],[144.6688,154.9206,124.885],[145.6441,154.088,124.3084],[146.6994,153.5823,125.0794],[147.718,152.6625,124.4785],[146.7584,153.9094,126.4361],[147.758,153.4189,127.1856],[145.8078,154.7445,127.0305],[145.9316,155.1149,128.4775],[144.7742,155.2687,126.2404],[142.7151,156.6525,120.8219],[141.5715,157.6625,120.6056],[140.5137,157.4934,121.6182],[139.2847,156.966,121.2248],[138.9075,157.0176,120.054],[138.468,156.3427,122.2416],[138.8117,155.3277,123.1232],[137.6917,155.0423,123.9459],[137.4785,154.155,125.019],[136.2161,154.0811,125.6334],[136.0069,153.1158,126.7872],[135.5634,153.8258,128.0741],[135.3257,152.8039,129.1775],[134.3613,151.8346,128.7655],[134.7975,151.0861,127.6316],[135.0156,151.9986,126.432],[135.1773,154.8875,125.15],[135.3657,155.7744,124.0829],[136.64,155.8442,123.5037],[137.1377,156.6057,122.4696],[136.3264,157.6132,121.7046],[135.6319,157.0176,120.54],[134.3866,156.6892,120.5279],[134.1757,156.161,119.2127],[135.39,156.2319,118.5679],[135.6014,155.8627,117.4241],[136.2852,156.7706,119.4055],[136.8502,159.0486,121.5503],[135.6931,158.7935,122.4599],[134.3513,159.3515,122.1216],[140.9102,157.7389,123.024],[141.2648,159.2108,123.2598],[141.6268,154.5873,126.2547],[142.1491,153.5395,125.911],[138.1014,153.7185,131.348],[137.5829,155.0491,131.5557],[139.6341,156.6427,127.9419],[140.8119,157.7895,125.8929],[145.5786,153.8174,123.2551],[148.7187,152.8905,124.8602],[147.7549,152.77,123.3893],[147.472,151.6234,124.7178],[146.2495,154.2529,129.0732],[144.9709,155.4505,128.8825],[146.6616,155.9213,128.5968],[144.0775,155.9627,126.7001],[142.4536,155.7121,120.3202],[143.6377,157.0247,120.364],[141.9494,158.6877,120.6766],[141.1745,157.5454,119.5917],[139.7787,154.8417,123.1775],[138.298,153.5269,125.3609],[136.9715,152.6345,127.0058],[134.6293,154.374,127.9001],[136.3148,154.5579,128.3895],[136.254,152.2949,129.454],[134.939,153.3017,130.0722],[134.0231,150.3476,127.4015],[135.7112,150.537,127.8863],[135.3778,151.416,125.577],[134.0501,152.4329,126.1432],[134.1861,154.8287,125.5973],[134.5385,156.3758,123.7167],[137.2706,156.9078,119.2154],[137.7899,159.326,122.0141],[136.6714,159.5611,120.6102],[135.8727,158.8547,123.5289],[133.5622,158.7167,122.5361],[134.244,160.3498,122.5581],[134.1932,159.4439,121.0425],[140.0727,157.5186,123.6855],[142.1584,159.5204,122.7077],[140.438,159.8604,122.9531],[141.4693,159.3992,124.3189],[137.9954,153.0688,132.1394],[136.9199,155.0515,132.4266],[138.3909,155.7619,131.7487],[136.9977,155.386,130.6947],[139.51129,153.96193,127.25965],[138.33577,153.09773,127.16877],[137.20416,153.33177,128.0641],[138.28893,151.9257,126.11633],[137.15797,151.09644,126.02768],[137.11899,150.05693,125.09272],[138.20549,149.83817,124.241776],[139.3335,150.65865,124.32405],[139.37769,151.69954,125.25724]]",PROJECTED,real512_o3a_zmatrix_pre_gflownet,not_trained
CAL-ANCHOR-000006,CCP(=O)(CC)c1ccccc1,SCAFFOLD_ANCHORED__CAL-ANCHOR-000006__EXIT_10__CUT_9__PHI_60,ALENI_CORE_MINUS_FRAG-A.CCP(=O)(CC)c1ccccc1>>SCAFFOLD_ANCHORED_RXN_AMIDE_COUPLING,CAL-ANCHOR-000006,ALENI_CORE_EXIT_10_CUT_9,1.2629919289723874,1.0,0.47401614205522524,1.0,0.47401614205522524,2.0,1,cryptic_rescue,60.0,zmatrix,true,6,2,campaigns/glp1r_aleniglipron/track_a_generative/ALENI-PARENT_6XOX_frame_o3a_relaxed.sdf,compact_pseudo_ligand_o3a,"[[140.7175,154.8487,127.3529],[140.3245,156.178,127.2565],[140.9153,156.7657,126.2094],[141.7323,155.8573,125.598],[142.4203,156.0754,124.4162],[142.0627,156.8304,123.307],[142.9126,156.3633,122.2747],[143.8222,155.4977,122.7096],[143.6236,155.4409,124.0597],[144.6688,154.9206,124.885],[145.6441,154.088,124.3084],[146.6994,153.5823,125.0794],[147.718,152.6625,124.4785],[146.7584,153.9094,126.4361],[147.758,153.4189,127.1856],[145.8078,154.7445,127.0305],[145.9316,155.1149,128.4775],[144.7742,155.2687,126.2404],[142.7151,156.6525,120.8219],[141.5715,157.6625,120.6056],[140.5137,157.4934,121.6182],[139.2847,156.966,121.2248],[138.9075,157.0176,120.054],[138.468,156.3427,122.2416],[138.8117,155.3277,123.1232],[137.6917,155.0423,123.9459],[137.4785,154.155,125.019],[136.2161,154.0811,125.6334],[136.0069,153.1158,126.7872],[135.5634,153.8258,128.0741],[135.3257,152.8039,129.1775],[134.3613,151.8346,128.7655],[134.7975,151.0861,127.6316],[135.0156,151.9986,126.432],[135.1773,154.8875,125.15],[135.3657,155.7744,124.0829],[136.64,155.8442,123.5037],[137.1377,156.6057,122.4696],[136.3264,157.6132,121.7046],[135.6319,157.0176,120.54],[134.3866,156.6892,120.5279],[134.1757,156.161,119.2127],[135.39,156.2319,118.5679],[135.6014,155.8627,117.4241],[136.2852,156.7706,119.4055],[136.8502,159.0486,121.5503],[135.6931,158.7935,122.4599],[134.3513,159.3515,122.1216],[140.9102,157.7389,123.024],[141.2648,159.2108,123.2598],[141.6268,154.5873,126.2547],[142.1491,153.5395,125.911],[138.1014,153.7185,131.348],[137.5829,155.0491,131.5557],[139.6341,156.6427,127.9419],[140.8119,157.7895,125.8929],[145.5786,153.8174,123.2551],[148.7187,152.8905,124.8602],[147.7549,152.77,123.3893],[147.472,151.6234,124.7178],[146.2495,154.2529,129.0732],[144.9709,155.4505,128.8825],[146.6616,155.9213,128.5968],[144.0775,155.9627,126.7001],[142.4536,155.7121,120.3202],[143.6377,157.0247,120.364],[141.9494,158.6877,120.6766],[141.1745,157.5454,119.5917],[139.7787,154.8417,123.1775],[138.298,153.5269,125.3609],[136.9715,152.6345,127.0058],[134.6293,154.374,127.9001],[136.3148,154.5579,128.3895],[136.254,152.2949,129.454],[134.939,153.3017,130.0722],[134.0231,150.3476,127.4015],[135.7112,150.537,127.8863],[135.3778,151.416,125.577],[134.0501,152.4329,126.1432],[134.1861,154.8287,125.5973],[134.5385,156.3758,123.7167],[137.2706,156.9078,119.2154],[137.7899,159.326,122.0141],[136.6714,159.5611,120.6102],[135.8727,158.8547,123.5289],[133.5622,158.7167,122.5361],[134.244,160.3498,122.5581],[134.1932,159.4439,121.0425],[140.0727,157.5186,123.6855],[142.1584,159.5204,122.7077],[140.438,159.8604,122.9531],[141.4693,159.3992,124.3189],[137.9954,153.0688,132.1394],[136.9199,155.0515,132.4266],[138.3909,155.7619,131.7487],[136.9977,155.386,130.6947],[139.51129,153.96193,127.25965],[138.29195,153.06552,127.16538],[137.90596,152.166,128.69041],[137.9714,153.09935,129.87451],[139.22597,150.93117,128.80304],[139.09422,150.01424,130.00398],[136.35905,151.32953,128.45801],[136.15555,150.44765,127.38823],[134.92993,149.79877,127.22755],[133.89609,150.02498,128.13408],[134.0861,150.89954,129.20155],[135.31099,151.5477,129.36179]]",PROJECTED,real512_o3a_zmatrix_pre_gflownet,not_trained
CAL-ANCHOR-000019,CNc1ccccc1,SCAFFOLD_ANCHORED__CAL-ANCHOR-000019__EXIT_10__CUT_9__PHI_60,ALENI_CORE_MINUS_FRAG-A.CNc1ccccc1>>SCAFFOLD_ANCHORED_RXN_AMIDE_COUPLING,CAL-ANCHOR-000019,ALENI_CORE_EXIT_10_CUT_9,1.2629919289723874,1.0,0.47401614205522524,1.0,0.47401614205522524,2.0,1,cryptic_rescue,60.0,zmatrix,true,6,2,campaigns/glp1r_aleniglipron/track_a_generative/ALENI-PARENT_6XOX_frame_o3a_relaxed.sdf,compact_pseudo_ligand_o3a,"[[140.7175,154.8487,127.3529],[140.3245,156.178,127.2565],[140.9153,156.7657,126.2094],[141.7323,155.8573,125.598],[142.4203,156.0754,124.4162],[142.0627,156.8304,123.307],[142.9126,156.3633,122.2747],[143.8222,155.4977,122.7096],[143.6236,155.4409,124.0597],[144.6688,154.9206,124.885],[145.6441,154.088,124.3084],[146.6994,153.5823,125.0794],[147.718,152.6625,124.4785],[146.7584,153.9094,126.4361],[147.758,153.4189,127.1856],[145.8078,154.7445,127.0305],[145.9316,155.1149,128.4775],[144.7742,155.2687,126.2404],[142.7151,156.6525,120.8219],[141.5715,157.6625,120.6056],[140.5137,157.4934,121.6182],[139.2847,156.966,121.2248],[138.9075,157.0176,120.054],[138.468,156.3427,122.2416],[138.8117,155.3277,123.1232],[137.6917,155.0423,123.9459],[137.4785,154.155,125.019],[136.2161,154.0811,125.6334],[136.0069,153.1158,126.7872],[135.5634,153.8258,128.0741],[135.3257,152.8039,129.1775],[134.3613,151.8346,128.7655],[134.7975,151.0861,127.6316],[135.0156,151.9986,126.432],[135.1773,154.8875,125.15],[135.3657,155.7744,124.0829],[136.64,155.8442,123.5037],[137.1377,156.6057,122.4696],[136.3264,157.6132,121.7046],[135.6319,157.0176,120.54],[134.3866,156.6892,120.5279],[134.1757,156.161,119.2127],[135.39,156.2319,118.5679],[135.6014,155.8627,117.4241],[136.2852,156.7706,119.4055],[136.8502,159.0486,121.5503],[135.6931,158.7935,122.4599],[134.3513,159.3515,122.1216],[140.9102,157.7389,123.024],[141.2648,159.2108,123.2598],[141.6268,154.5873,126.2547],[142.1491,153.5395,125.911],[138.1014,153.7185,131.348],[137.5829,155.0491,131.5557],[139.6341,156.6427,127.9419],[140.8119,157.7895,125.8929],[145.5786,153.8174,123.2551],[148.7187,152.8905,124.8602],[147.7549,152.77,123.3893],[147.472,151.6234,124.7178],[146.2495,154.2529,129.0732],[144.9709,155.4505,128.8825],[146.6616,155.9213,128.5968],[144.0775,155.9627,126.7001],[142.4536,155.7121,120.3202],[143.6377,157.0247,120.364],[141.9494,158.6877,120.6766],[141.1745,157.5454,119.5917],[139.7787,154.8417,123.1775],[138.298,153.5269,125.3609],[136.9715,152.6345,127.0058],[134.6293,154.374,127.9001],[136.3148,154.5579,128.3895],[136.254,152.2949,129.454],[134.939,153.3017,130.0722],[134.0231,150.3476,127.4015],[135.7112,150.537,127.8863],[135.3778,151.416,125.577],[134.0501,152.4329,126.1432],[134.1861,154.8287,125.5973],[134.5385,156.3758,123.7167],[137.2706,156.9078,119.2154],[137.7899,159.326,122.0141],[136.6714,159.5611,120.6102],[135.8727,158.8547,123.5289],[133.5622,158.7167,122.5361],[134.244,160.3498,122.5581],[134.1932,159.4439,121.0425],[140.0727,157.5186,123.6855],[142.1584,159.5204,122.7077],[140.438,159.8604,122.9531],[141.4693,159.3992,124.3189],[137.9954,153.0688,132.1394],[136.9199,155.0515,132.4266],[138.3909,155.7619,131.7487],[136.9977,155.386,130.6947],[139.51129,153.96193,127.25965],[138.351,153.10893,127.169945],[138.24065,152.0422,126.29924],[137.0627,151.28217,126.30084],[136.89534,150.19153,125.44147],[137.91121,149.84004,124.55918],[139.08925,150.57993,124.53991],[139.24905,151.6701,125.40315]]",PROJECTED,real512_o3a_zmatrix_pre_gflownet,not_trained
CAL-ANCHOR-000012,c1ccccc1,SCAFFOLD_ANCHORED__CAL-ANCHOR-000012__EXIT_10__CUT_9__PHI_60,ALENI_CORE_MINUS_FRAG-A.c1ccccc1>>SCAFFOLD_ANCHORED_RXN_AMIDE_COUPLING,CAL-ANCHOR-000012,ALENI_CORE_EXIT_10_CUT_9,1.250232759082988,1.0,0.4995344818340238,1.0,0.4995344818340238,2.0,1,cryptic_rescue,60.0,zmatrix,true,6,2,campaigns/glp1r_aleniglipron/track_a_generative/ALENI-PARENT_6XOX_frame_o3a_relaxed.sdf,compact_pseudo_ligand_o3a,"[[140.7175,154.8487,127.3529],[140.3245,156.178,127.2565],[140.9153,156.7657,126.2094],[141.7323,155.8573,125.598],[142.4203,156.0754,124.4162],[142.0627,156.8304,123.307],[142.9126,156.3633,122.2747],[143.8222,155.4977,122.7096],[143.6236,155.4409,124.0597],[144.6688,154.9206,124.885],[145.6441,154.088,124.3084],[146.6994,153.5823,125.0794],[147.718,152.6625,124.4785],[146.7584,153.9094,126.4361],[147.758,153.4189,127.1856],[145.8078,154.7445,127.0305],[145.9316,155.1149,128.4775],[144.7742,155.2687,126.2404],[142.7151,156.6525,120.8219],[141.5715,157.6625,120.6056],[140.5137,157.4934,121.6182],[139.2847,156.966,121.2248],[138.9075,157.0176,120.054],[138.468,156.3427,122.2416],[138.8117,155.3277,123.1232],[137.6917,155.0423,123.9459],[137.4785,154.155,125.019],[136.2161,154.0811,125.6334],[136.0069,153.1158,126.7872],[135.5634,153.8258,128.0741],[135.3257,152.8039,129.1775],[134.3613,151.8346,128.7655],[134.7975,151.0861,127.6316],[135.0156,151.9986,126.432],[135.1773,154.8875,125.15],[135.3657,155.7744,124.0829],[136.64,155.8442,123.5037],[137.1377,156.6057,122.4696],[136.3264,157.6132,121.7046],[135.6319,157.0176,120.54],[134.3866,156.6892,120.5279],[134.1757,156.161,119.2127],[135.39,156.2319,118.5679],[135.6014,155.8627,117.4241],[136.2852,156.7706,119.4055],[136.8502,159.0486,121.5503],[135.6931,158.7935,122.4599],[134.3513,159.3515,122.1216],[140.9102,157.7389,123.024],[141.2648,159.2108,123.2598],[141.6268,154.5873,126.2547],[142.1491,153.5395,125.911],[138.1014,153.7185,131.348],[137.5829,155.0491,131.5557],[139.6341,156.6427,127.9419],[140.8119,157.7895,125.8929],[145.5786,153.8174,123.2551],[148.7187,152.8905,124.8602],[147.7549,152.77,123.3893],[147.472,151.6234,124.7178],[146.2495,154.2529,129.0732],[144.9709,155.4505,128.8825],[146.6616,155.9213,128.5968],[144.0775,155.9627,126.7001],[142.4536,155.7121,120.3202],[143.6377,157.0247,120.364],[141.9494,158.6877,120.6766],[141.1745,157.5454,119.5917],[139.7787,154.8417,123.1775],[138.298,153.5269,125.3609],[136.9715,152.6345,127.0058],[134.6293,154.374,127.9001],[136.3148,154.5579,128.3895],[136.254,152.2949,129.454],[134.939,153.3017,130.0722],[134.0231,150.3476,127.4015],[135.7112,150.537,127.8863],[135.3778,151.416,125.577],[134.0501,152.4329,126.1432],[134.1861,154.8287,125.5973],[134.5385,156.3758,123.7167],[137.2706,156.9078,119.2154],[137.7899,159.326,122.0141],[136.6714,159.5611,120.6102],[135.8727,158.8547,123.5289],[133.5622,158.7167,122.5361],[134.244,160.3498,122.5581],[134.1932,159.4439,121.0425],[140.0727,157.5186,123.6855],[142.1584,159.5204,122.7077],[140.438,159.8604,122.9531],[141.4693,159.3992,124.3189],[137.9954,153.0688,132.1394],[136.9199,155.0515,132.4266],[138.3909,155.7619,131.7487],[136.9977,155.386,130.6947],[139.51129,153.96193,127.25965],[138.38965,153.13734,127.172935],[138.52527,151.75734,127.32371],[139.7825,151.20192,127.56119],[140.90414,152.0265,127.647896],[140.76854,153.40651,127.49712]]",PROJECTED,real512_o3a_zmatrix_pre_gflownet,not_trained
CAL-ANCHOR-000478,CNC1(c2ccccc2)CC1C,SCAFFOLD_ANCHORED__CAL-ANCHOR-000478__EXIT_64__CUT_63__PHI_300,ALENI_CORE_MINUS_FRAG-A.CNC1(c2ccccc2)CC1C>>SCAFFOLD_ANCHORED_RXN_AMIDE_COUPLING,CAL-ANCHOR-000478,ALENI_CORE_EXIT_64_CUT_63,1.250232759082988,1.0,0.4995344818340238,1.0,0.4995344818340238,2.0,1,cryptic_rescue,300.0,zmatrix,true,6,6,campaigns/glp1r_aleniglipron/track_a_generative/ALENI-PARENT_6XOX_frame_o3a_relaxed.sdf,compact_pseudo_ligand_o3a,"[[140.7175,154.8487,127.3529],[140.3245,156.178,127.2565],[140.9153,156.7657,126.2094],[141.7323,155.8573,125.598],[142.4203,156.0754,124.4162],[142.0627,156.8304,123.307],[142.9126,156.3633,122.2747],[143.8222,155.4977,122.7096],[143.6236,155.4409,124.0597],[144.6688,154.9206,124.885],[145.6441,154.088,124.3084],[146.6994,153.5823,125.0794],[147.718,152.6625,124.4785],[146.7584,153.9094,126.4361],[147.758,153.4189,127.1856],[145.8078,154.7445,127.0305],[145.9316,155.1149,128.4775],[144.7742,155.2687,126.2404],[142.7151,156.6525,120.8219],[141.5715,157.6625,120.6056],[140.5137,157.4934,121.6182],[139.2847,156.966,121.2248],[138.9075,157.0176,120.054],[138.468,156.3427,122.2416],[138.8117,155.3277,123.1232],[137.6917,155.0423,123.9459],[137.4785,154.155,125.019],[136.2161,154.0811,125.6334],[136.0069,153.1158,126.7872],[135.5634,153.8258,128.0741],[135.3257,152.8039,129.1775],[134.3613,151.8346,128.7655],[134.7975,151.0861,127.6316],[135.0156,151.9986,126.432],[135.1773,154.8875,125.15],[135.3657,155.7744,124.0829],[136.64,155.8442,123.5037],[137.1377,156.6057,122.4696],[136.3264,157.6132,121.7046],[135.6319,157.0176,120.54],[134.3866,156.6892,120.5279],[134.1757,156.161,119.2127],[135.39,156.2319,118.5679],[135.6014,155.8627,117.4241],[136.2852,156.7706,119.4055],[136.8502,159.0486,121.5503],[135.6931,158.7935,122.4599],[134.3513,159.3515,122.1216],[140.9102,157.7389,123.024],[141.2648,159.2108,123.2598],[141.6268,154.5873,126.2547],[142.1491,153.5395,125.911],[138.1014,153.7185,131.348],[137.5829,155.0491,131.5557],[139.6341,156.6427,127.9419],[140.8119,157.7895,125.8929],[145.5786,153.8174,123.2551],[148.7187,152.8905,124.8602],[147.7549,152.77,123.3893],[147.472,151.6234,124.7178],[146.2495,154.2529,129.0732],[144.9709,155.4505,128.8825],[146.6616,155.9213,128.5968],[144.0775,155.9627,126.7001],[142.4536,155.7121,120.3202],[143.6377,157.0247,120.364],[141.9494,158.6877,120.6766],[141.1745,157.5454,119.5917],[139.7787,154.8417,123.1775],[138.298,153.5269,125.3609],[136.9715,152.6345,127.0058],[134.6293,154.374,127.9001],[136.3148,154.5579,128.3895],[136.254,152.2949,129.454],[134.939,153.3017,130.0722],[134.0231,150.3476,127.4015],[135.7112,150.537,127.8863],[135.3778,151.416,125.577],[134.0501,152.4329,126.1432],[134.1861,154.8287,125.5973],[134.5385,156.3758,123.7167],[137.2706,156.9078,119.2154],[137.7899,159.326,122.0141],[136.6714,159.5611,120.6102],[135.8727,158.8547,123.5289],[133.5622,158.7167,122.5361],[134.244,160.3498,122.5581],[134.1932,159.4439,121.0425],[140.0727,157.5186,123.6855],[142.1584,159.5204,122.7077],[140.438,159.8604,122.9531],[141.4693,159.3992,124.3189],[137.9954,153.0688,132.1394],[136.9199,155.0515,132.4266],[138.3909,155.7619,131.7487],[136.9977,155.386,130.6947],[139.46146,153.8033,130.72107],[140.78268,153.88567,130.11203],[140.75555,153.82066,128.63089],[140.23572,155.08253,127.94766],[138.92972,155.16182,127.431244],[138.45325,156.32475,126.819664],[139.2751,157.44295,126.715706],[140.56905,157.39885,127.22555],[141.0388,156.2331,127.8363],[140.51723,152.46368,127.99218],[141.90033,153.03995,127.98859],[142.53133,153.41599,126.69031]]",PROJECTED,real512_o3a_zmatrix_pre_gflownet,not_trained
CAL-ANCHOR-000446,C[C@@H]1c2c(nn(-c3noc(=O)[nH]3)c2-c2ccccc2)CCN1c1ccc(O)cc1,SCAFFOLD_ANCHORED__CAL-ANCHOR-000446__EXIT_10__CUT_9__PHI_120,ALENI_CORE_MINUS_FRAG-A.C[C@@H]1c2c(nn(-c3noc(=O)[nH]3)c2-c2ccccc2)CCN1c1ccc(O)cc1>>SCAFFOLD_ANCHORED_RXN_AMIDE_COUPLING,CAL-ANCHOR-000446,ALENI_CORE_EXIT_10_CUT_9,1.1651290210955214,5.0,2.8440968523313512,5.0,2.8440968523313512,6.0,3,cryptic_rescue,120.0,zmatrix,true,6,3,campaigns/glp1r_aleniglipron/track_a_generative/ALENI-PARENT_6XOX_frame_o3a_relaxed.sdf,compact_pseudo_ligand_o3a,"[[140.7175,154.8487,127.3529],[140.3245,156.178,127.2565],[140.9153,156.7657,126.2094],[141.7323,155.8573,125.598],[142.4203,156.0754,124.4162],[142.0627,156.8304,123.307],[142.9126,156.3633,122.2747],[143.8222,155.4977,122.7096],[143.6236,155.4409,124.0597],[144.6688,154.9206,124.885],[145.6441,154.088,124.3084],[146.6994,153.5823,125.0794],[147.718,152.6625,124.4785],[146.7584,153.9094,126.4361],[147.758,153.4189,127.1856],[145.8078,154.7445,127.0305],[145.9316,155.1149,128.4775],[144.7742,155.2687,126.2404],[142.7151,156.6525,120.8219],[141.5715,157.6625,120.6056],[140.5137,157.4934,121.6182],[139.2847,156.966,121.2248],[138.9075,157.0176,120.054],[138.468,156.3427,122.2416],[138.8117,155.3277,123.1232],[137.6917,155.0423,123.9459],[137.4785,154.155,125.019],[136.2161,154.0811,125.6334],[136.0069,153.1158,126.7872],[135.5634,153.8258,128.0741],[135.3257,152.8039,129.1775],[134.3613,151.8346,128.7655],[134.7975,151.0861,127.6316],[135.0156,151.9986,126.432],[135.1773,154.8875,125.15],[135.3657,155.7744,124.0829],[136.64,155.8442,123.5037],[137.1377,156.6057,122.4696],[136.3264,157.6132,121.7046],[135.6319,157.0176,120.54],[134.3866,156.6892,120.5279],[134.1757,156.161,119.2127],[135.39,156.2319,118.5679],[135.6014,155.8627,117.4241],[136.2852,156.7706,119.4055],[136.8502,159.0486,121.5503],[135.6931,158.7935,122.4599],[134.3513,159.3515,122.1216],[140.9102,157.7389,123.024],[141.2648,159.2108,123.2598],[141.6268,154.5873,126.2547],[142.1491,153.5395,125.911],[138.1014,153.7185,131.348],[137.5829,155.0491,131.5557],[139.6341,156.6427,127.9419],[140.8119,157.7895,125.8929],[145.5786,153.8174,123.2551],[148.7187,152.8905,124.8602],[147.7549,152.77,123.3893],[147.472,151.6234,124.7178],[146.2495,154.2529,129.0732],[144.9709,155.4505,128.8825],[146.6616,155.9213,128.5968],[144.0775,155.9627,126.7001],[142.4536,155.7121,120.3202],[143.6377,157.0247,120.364],[141.9494,158.6877,120.6766],[141.1745,157.5454,119.5917],[139.7787,154.8417,123.1775],[138.298,153.5269,125.3609],[136.9715,152.6345,127.0058],[134.6293,154.374,127.9001],[136.3148,154.5579,128.3895],[136.254,152.2949,129.454],[134.939,153.3017,130.0722],[134.0231,150.3476,127.4015],[135.7112,150.537,127.8863],[135.3778,151.416,125.577],[134.0501,152.4329,126.1432],[134.1861,154.8287,125.5973],[134.5385,156.3758,123.7167],[137.2706,156.9078,119.2154],[137.7899,159.326,122.0141],[136.6714,159.5611,120.6102],[135.8727,158.8547,123.5289],[133.5622,158.7167,122.5361],[134.244,160.3498,122.5581],[134.1932,159.4439,121.0425],[140.0727,157.5186,123.6855],[142.1584,159.5204,122.7077],[140.438,159.8604,122.9531],[141.4693,159.3992,124.3189],[137.9954,153.0688,132.1394],[136.9199,155.0515,132.4266],[138.3909,155.7619,131.7487],[136.9977,155.386,130.6947],[140.31573,154.11618,126.1071],[139.90508,153.36743,124.83369],[139.61601,154.31978,123.69996],[138.32149,154.48001,123.174065],[138.27222,155.37772,122.195694],[139.56833,155.77745,122.01778],[139.82512,156.6779,120.96697],[138.95192,157.25417,120.20931],[139.72864,158.05132,119.311195],[141.04199,157.84067,119.65036],[142.00699,158.34886,119.102806],[141.09512,156.98518,120.681694],[140.41724,155.16827,122.954506],[141.84677,155.39923,123.091286],[142.31754,156.5502,123.73483],[143.68945,156.78105,123.83962],[144.59402,155.86142,123.3104],[144.13022,154.70612,122.6824],[142.75902,154.47177,122.57566],[137.13652,153.71448,123.65233],[137.40828,153.16629,125.06481],[138.73047,152.50423,125.140884],[138.8613,151.12625,125.21573],[140.0134,150.52797,125.757065],[140.16226,149.13742,125.844505],[139.14714,148.31401,125.384254],[139.24309,146.95686,125.44606],[137.99583,148.86148,124.84428],[137.85797,150.2528,124.76505]]",PROJECTED,real512_o3a_zmatrix_pre_gflownet,not_trained
CAL-ANCHOR-000387,CNC(=O)n1ccn(-c2ccccc2)c1=O,SCAFFOLD_ANCHORED__CAL-ANCHOR-000387__EXIT_10__CUT_9__PHI_240,ALENI_CORE_MINUS_FRAG-A.CNC(=O)n1ccn(-c2ccccc2)c1=O>>SCAFFOLD_ANCHORED_RXN_AMIDE_COUPLING,CAL-ANCHOR-000387,ALENI_CORE_EXIT_10_CUT_9,1.152568350736643,2.0,1.3897265970534274,2.0,1.3897265970534274,4.0,2,normal,240.0,zmatrix,true,6,5,campaigns/glp1r_aleniglipron/track_a_generative/ALENI-PARENT_6XOX_frame_o3a_relaxed.sdf,compact_pseudo_ligand_o3a,"[[140.7175,154.8487,127.3529],[140.3245,156.178,127.2565],[140.9153,156.7657,126.2094],[141.7323,155.8573,125.598],[142.4203,156.0754,124.4162],[142.0627,156.8304,123.307],[142.9126,156.3633,122.2747],[143.8222,155.4977,122.7096],[143.6236,155.4409,124.0597],[144.6688,154.9206,124.885],[145.6441,154.088,124.3084],[146.6994,153.5823,125.0794],[147.718,152.6625,124.4785],[146.7584,153.9094,126.4361],[147.758,153.4189,127.1856],[145.8078,154.7445,127.0305],[145.9316,155.1149,128.4775],[144.7742,155.2687,126.2404],[142.7151,156.6525,120.8219],[141.5715,157.6625,120.6056],[140.5137,157.4934,121.6182],[139.2847,156.966,121.2248],[138.9075,157.0176,120.054],[138.468,156.3427,122.2416],[138.8117,155.3277,123.1232],[137.6917,155.0423,123.9459],[137.4785,154.155,125.019],[136.2161,154.0811,125.6334],[136.0069,153.1158,126.7872],[135.5634,153.8258,128.0741],[135.3257,152.8039,129.1775],[134.3613,151.8346,128.7655],[134.7975,151.0861,127.6316],[135.0156,151.9986,126.432],[135.1773,154.8875,125.15],[135.3657,155.7744,124.0829],[136.64,155.8442,123.5037],[137.1377,156.6057,122.4696],[136.3264,157.6132,121.7046],[135.6319,157.0176,120.54],[134.3866,156.6892,120.5279],[134.1757,156.161,119.2127],[135.39,156.2319,118.5679],[135.6014,155.8627,117.4241],[136.2852,156.7706,119.4055],[136.8502,159.0486,121.5503],[135.6931,158.7935,122.4599],[134.3513,159.3515,122.1216],[140.9102,157.7389,123.024],[141.2648,159.2108,123.2598],[141.6268,154.5873,126.2547],[142.1491,153.5395,125.911],[138.1014,153.7185,131.348],[137.5829,155.0491,131.5557],[139.6341,156.6427,127.9419],[140.8119,157.7895,125.8929],[145.5786,153.8174,123.2551],[148.7187,152.8905,124.8602],[147.7549,152.77,123.3893],[147.472,151.6234,124.7178],[146.2495,154.2529,129.0732],[144.9709,155.4505,128.8825],[146.6616,155.9213,128.5968],[144.0775,155.9627,126.7001],[142.4536,155.7121,120.3202],[143.6377,157.0247,120.364],[141.9494,158.6877,120.6766],[141.1745,157.5454,119.5917],[139.7787,154.8417,123.1775],[138.298,153.5269,125.3609],[136.9715,152.6345,127.0058],[134.6293,154.374,127.9001],[136.3148,154.5579,128.3895],[136.254,152.2949,129.454],[134.939,153.3017,130.0722],[134.0231,150.3476,127.4015],[135.7112,150.537,127.8863],[135.3778,151.416,125.577],[134.0501,152.4329,126.1432],[134.1861,154.8287,125.5973],[134.5385,156.3758,123.7167],[137.2706,156.9078,119.2154],[137.7899,159.326,122.0141],[136.6714,159.5611,120.6102],[135.8727,158.8547,123.5289],[133.5622,158.7167,122.5361],[134.244,160.3498,122.5581],[134.1932,159.4439,121.0425],[140.0727,157.5186,123.6855],[142.1584,159.5204,122.7077],[140.438,159.8604,122.9531],[141.4693,159.3992,124.3189],[137.9954,153.0688,132.1394],[136.9199,155.0515,132.4266],[138.3909,155.7619,131.7487],[136.9977,155.386,130.6947],[142.20694,154.77745,127.51562],[143.63829,154.70898,127.67199],[144.40097,153.88571,126.862434],[143.86284,153.17056,126.02056],[145.77254,153.97865,127.0521],[146.46501,154.96146,127.72899],[147.77473,154.70392,127.69027],[148.01108,153.5358,126.98801],[149.27742,152.9284,126.72972],[149.40321,151.75726,125.96931],[150.65378,151.1749,125.7248],[151.80894,151.75293,126.236626],[151.71315,152.9142,126.993],[150.46167,153.4944,127.235794],[146.72565,153.02315,126.55087],[146.48859,152.0013,125.92669]]",PROJECTED,real512_o3a_zmatrix_pre_gflownet,not_trained
CAL-ANCHOR-000339,C[C@@H]1c2c(nn(-c3ccccc3)c2C(=O)O)CCN1C1CCOCC1,SCAFFOLD_ANCHORED__CAL-ANCHOR-000339__EXIT_10__CUT_9__PHI_60,ALENI_CORE_MINUS_FRAG-A.C[C@@H]1c2c(nn(-c3ccccc3)c2C(=O)O)CCN1C1CCOCC1>>SCAFFOLD_ANCHORED_RXN_AMIDE_COUPLING,CAL-ANCHOR-000339,ALENI_CORE_EXIT_10_CUT_9,1.1293759235087248,6.0,3.3181129943865764,6.0,3.3181129943865764,12.0,6,cryptic_rescue,60.0,zmatrix,true,6,2,campaigns/glp1r_aleniglipron/track_a_generative/ALENI-PARENT_6XOX_frame_o3a_relaxed.sdf,compact_pseudo_ligand_o3a,"[[140.7175,154.8487,127.3529],[140.3245,156.178,127.2565],[140.9153,156.7657,126.2094],[141.7323,155.8573,125.598],[142.4203,156.0754,124.4162],[142.0627,156.8304,123.307],[142.9126,156.3633,122.2747],[143.8222,155.4977,122.7096],[143.6236,155.4409,124.0597],[144.6688,154.9206,124.885],[145.6441,154.088,124.3084],[146.6994,153.5823,125.0794],[147.718,152.6625,124.4785],[146.7584,153.9094,126.4361],[147.758,153.4189,127.1856],[145.8078,154.7445,127.0305],[145.9316,155.1149,128.4775],[144.7742,155.2687,126.2404],[142.7151,156.6525,120.8219],[141.5715,157.6625,120.6056],[140.5137,157.4934,121.6182],[139.2847,156.966,121.2248],[138.9075,157.0176,120.054],[138.468,156.3427,122.2416],[138.8117,155.3277,123.1232],[137.6917,155.0423,123.9459],[137.4785,154.155,125.019],[136.2161,154.0811,125.6334],[136.0069,153.1158,126.7872],[135.5634,153.8258,128.0741],[135.3257,152.8039,129.1775],[134.3613,151.8346,128.7655],[134.7975,151.0861,127.6316],[135.0156,151.9986,126.432],[135.1773,154.8875,125.15],[135.3657,155.7744,124.0829],[136.64,155.8442,123.5037],[137.1377,156.6057,122.4696],[136.3264,157.6132,121.7046],[135.6319,157.0176,120.54],[134.3866,156.6892,120.5279],[134.1757,156.161,119.2127],[135.39,156.2319,118.5679],[135.6014,155.8627,117.4241],[136.2852,156.7706,119.4055],[136.8502,159.0486,121.5503],[135.6931,158.7935,122.4599],[134.3513,159.3515,122.1216],[140.9102,157.7389,123.024],[141.2648,159.2108,123.2598],[141.6268,154.5873,126.2547],[142.1491,153.5395,125.911],[138.1014,153.7185,131.348],[137.5829,155.0491,131.5557],[139.6341,156.6427,127.9419],[140.8119,157.7895,125.8929],[145.5786,153.8174,123.2551],[148.7187,152.8905,124.8602],[147.7549,152.77,123.3893],[147.472,151.6234,124.7178],[146.2495,154.2529,129.0732],[144.9709,155.4505,128.8825],[146.6616,155.9213,128.5968],[144.0775,155.9627,126.7001],[142.4536,155.7121,120.3202],[143.6377,157.0247,120.364],[141.9494,158.6877,120.6766],[141.1745,157.5454,119.5917],[139.7787,154.8417,123.1775],[138.298,153.5269,125.3609],[136.9715,152.6345,127.0058],[134.6293,154.374,127.9001],[136.3148,154.5579,128.3895],[136.254,152.2949,129.454],[134.939,153.3017,130.0722],[134.0231,150.3476,127.4015],[135.7112,150.537,127.8863],[135.3778,151.416,125.577],[134.0501,152.4329,126.1432],[134.1861,154.8287,125.5973],[134.5385,156.3758,123.7167],[137.2706,156.9078,119.2154],[137.7899,159.326,122.0141],[136.6714,159.5611,120.6102],[135.8727,158.8547,123.5289],[133.5622,158.7167,122.5361],[134.244,160.3498,122.5581],[134.1932,159.4439,121.0425],[140.0727,157.5186,123.6855],[142.1584,159.5204,122.7077],[140.438,159.8604,122.9531],[141.4693,159.3992,124.3189],[137.9954,153.0688,132.1394],[136.9199,155.0515,132.4266],[138.3909,155.7619,131.7487],[136.9977,155.386,130.6947],[139.51129,153.96193,127.25965],[138.2773,153.05473,127.16426],[138.64105,151.6054,127.31514],[138.70996,150.70302,126.24281],[139.007,149.46655,126.62828],[139.26292,149.58092,127.96793],[139.92647,148.50201,128.62996],[139.92824,147.2322,128.02835],[140.58313,146.15924,128.63727],[141.25562,146.34628,129.84198],[141.28267,147.60757,130.43356],[140.62723,148.68555,129.82925],[138.87428,150.83029,128.44359],[138.70845,151.24013,129.80138],[138.8829,152.35501,130.2677],[138.20845,150.25409,130.56984],[138.38564,151.07799,124.84636],[138.28818,152.61469,124.74153],[137.56874,153.28772,125.860374],[136.11096,152.97495,125.93736],[135.37015,152.98589,124.57858],[135.28014,154.39276,123.999084],[134.599,155.26314,124.902084],[135.27477,155.36104,126.15604],[135.35606,153.99423,126.82596]]",PROJECTED,real512_o3a_zmatrix_pre_gflownet,not_trained
CAL-ANCHOR-000370,Cc1cc(N2CCc3nn(-c4ccccc4)c(C4CCOCC4)c3[C@@H]2C)cc(C)c1F,SCAFFOLD_ANCHORED__CAL-ANCHOR-000370__EXIT_10__CUT_9__PHI_180,ALENI_CORE_MINUS_FRAG-A.Cc1cc(N2CCc3nn(-c4ccccc4)c(C4CCOCC4)c3[C@@H]2C)cc(C)c1F>>SCAFFOLD_ANCHORED_RXN_AMIDE_COUPLING,CAL-ANCHOR-000370,ALENI_CORE_EXIT_10_CUT_9,1.0871819147066533,3.0,1.3897265970534274,3.0,1.3897265970534274,6.0,3,normal,180.0,zmatrix,true,6,4,campaigns/glp1r_aleniglipron/track_a_generative/ALENI-PARENT_6XOX_frame_o3a_relaxed.sdf,compact_pseudo_ligand_o3a,"[[140.7175,154.8487,127.3529],[140.3245,156.178,127.2565],[140.9153,156.7657,126.2094],[141.7323,155.8573,125.598],[142.4203,156.0754,124.4162],[142.0627,156.8304,123.307],[142.9126,156.3633,122.2747],[143.8222,155.4977,122.7096],[143.6236,155.4409,124.0597],[144.6688,154.9206,124.885],[145.6441,154.088,124.3084],[146.6994,153.5823,125.0794],[147.718,152.6625,124.4785],[146.7584,153.9094,126.4361],[147.758,153.4189,127.1856],[145.8078,154.7445,127.0305],[145.9316,155.1149,128.4775],[144.7742,155.2687,126.2404],[142.7151,156.6525,120.8219],[141.5715,157.6625,120.6056],[140.5137,157.4934,121.6182],[139.2847,156.966,121.2248],[138.9075,157.0176,120.054],[138.468,156.3427,122.2416],[138.8117,155.3277,123.1232],[137.6917,155.0423,123.9459],[137.4785,154.155,125.019],[136.2161,154.0811,125.6334],[136.0069,153.1158,126.7872],[135.5634,153.8258,128.0741],[135.3257,152.8039,129.1775],[134.3613,151.8346,128.7655],[134.7975,151.0861,127.6316],[135.0156,151.9986,126.432],[135.1773,154.8875,125.15],[135.3657,155.7744,124.0829],[136.64,155.8442,123.5037],[137.1377,156.6057,122.4696],[136.3264,157.6132,121.7046],[135.6319,157.0176,120.54],[134.3866,156.6892,120.5279],[134.1757,156.161,119.2127],[135.39,156.2319,118.5679],[135.6014,155.8627,117.4241],[136.2852,156.7706,119.4055],[136.8502,159.0486,121.5503],[135.6931,158.7935,122.4599],[134.3513,159.3515,122.1216],[140.9102,157.7389,123.024],[141.2648,159.2108,123.2598],[141.6268,154.5873,126.2547],[142.1491,153.5395,125.911],[138.1014,153.7185,131.348],[137.5829,155.0491,131.5557],[139.6341,156.6427,127.9419],[140.8119,157.7895,125.8929],[145.5786,153.8174,123.2551],[148.7187,152.8905,124.8602],[147.7549,152.77,123.3893],[147.472,151.6234,124.7178],[146.2495,154.2529,129.0732],[144.9709,155.4505,128.8825],[146.6616,155.9213,128.5968],[144.0775,155.9627,126.7001],[142.4536,155.7121,120.3202],[143.6377,157.0247,120.364],[141.9494,158.6877,120.6766],[141.1745,157.5454,119.5917],[139.7787,154.8417,123.1775],[138.298,153.5269,125.3609],[136.9715,152.6345,127.0058],[134.6293,154.374,127.9001],[136.3148,154.5579,128.3895],[136.254,152.2949,129.454],[134.939,153.3017,130.0722],[134.0231,150.3476,127.4015],[135.7112,150.537,127.8863],[135.3778,151.416,125.577],[134.0501,152.4329,126.1432],[134.1861,154.8287,125.5973],[134.5385,156.3758,123.7167],[137.2706,156.9078,119.2154],[137.7899,159.326,122.0141],[136.6714,159.5611,120.6102],[135.8727,158.8547,123.5289],[133.5622,158.7167,122.5361],[134.244,160.3498,122.5581],[134.1932,159.4439,121.0425],[140.0727,157.5186,123.6855],[142.1584,159.5204,122.7077],[140.438,159.8604,122.9531],[141.4693,159.3992,124.3189],[137.9954,153.0688,132.1394],[136.9199,155.0515,132.4266],[138.3909,155.7619,131.7487],[136.9977,155.386,130.6947],[141.66356,154.52394,126.235085],[142.60875,154.1995,125.11829],[143.86826,153.63004,125.381546],[144.80272,153.3397,124.367714],[146.05145,152.77007,124.6388],[146.9489,152.39807,123.5047],[148.21637,151.60753,123.88636],[148.86327,152.25865,125.044395],[150.16812,152.44397,125.19078],[150.28659,153.06042,126.404976],[151.58165,153.15594,126.99634],[152.71526,153.04623,126.17365],[153.99849,153.1229,126.719826],[154.16248,153.28949,128.09245],[153.04468,153.36504,128.92087],[151.75783,153.28978,128.37814],[149.0323,153.49464,126.86704],[148.82002,154.56479,127.91087],[148.14964,155.80869,127.3099],[148.00551,156.90623,128.36426],[147.91301,156.40208,129.69847],[147.20544,155.1711,129.77275],[148.02751,154.05997,129.12677],[148.10687,152.83272,126.07095],[146.60616,152.74274,126.023735],[146.14977,151.44037,126.7084],[144.39786,153.65868,123.05491],[143.14629,154.22885,122.7587],[142.78145,154.59094,121.351105],[142.27325,154.50787,123.80431],[141.09003,155.08379,123.54223]]",PROJECTED,real512_o3a_zmatrix_pre_gflownet,not_trained
CAL-ANCHOR-000058,CC1CC1(Nc1ccccc1)c1ccccc1,SCAFFOLD_ANCHORED__CAL-ANCHOR-000058__EXIT_64__CUT_63__PHI_240,ALENI_CORE_MINUS_FRAG-A.CC1CC1(Nc1ccccc1)c1ccccc1>>SCAFFOLD_ANCHORED_RXN_AMIDE_COUPLING,CAL-ANCHOR-000058,ALENI_CORE_EXIT_64_CUT_63,1.0827408681198802,5.0,2.338073055040958,5.0,2.338073055040958,6.0,3,normal,240.0,zmatrix,true,6,5,campaigns/glp1r_aleniglipron/track_a_generative/ALENI-PARENT_6XOX_frame_o3a_relaxed.sdf,compact_pseudo_ligand_o3a,"[[140.7175,154.8487,127.3529],[140.3245,156.178,127.2565],[140.9153,156.7657,126.2094],[141.7323,155.8573,125.598],[142.4203,156.0754,124.4162],[142.0627,156.8304,123.307],[142.9126,156.3633,122.2747],[143.8222,155.4977,122.7096],[143.6236,155.4409,124.0597],[144.6688,154.9206,124.885],[145.6441,154.088,124.3084],[146.6994,153.5823,125.0794],[147.718,152.6625,124.4785],[146.7584,153.9094,126.4361],[147.758,153.4189,127.1856],[145.8078,154.7445,127.0305],[145.9316,155.1149,128.4775],[144.7742,155.2687,126.2404],[142.7151,156.6525,120.8219],[141.5715,157.6625,120.6056],[140.5137,157.4934,121.6182],[139.2847,156.966,121.2248],[138.9075,157.0176,120.054],[138.468,156.3427,122.2416],[138.8117,155.3277,123.1232],[137.6917,155.0423,123.9459],[137.4785,154.155,125.019],[136.2161,154.0811,125.6334],[136.0069,153.1158,126.7872],[135.5634,153.8258,128.0741],[135.3257,152.8039,129.1775],[134.3613,151.8346,128.7655],[134.7975,151.0861,127.6316],[135.0156,151.9986,126.432],[135.1773,154.8875,125.15],[135.3657,155.7744,124.0829],[136.64,155.8442,123.5037],[137.1377,156.6057,122.4696],[136.3264,157.6132,121.7046],[135.6319,157.0176,120.54],[134.3866,156.6892,120.5279],[134.1757,156.161,119.2127],[135.39,156.2319,118.5679],[135.6014,155.8627,117.4241],[136.2852,156.7706,119.4055],[136.8502,159.0486,121.5503],[135.6931,158.7935,122.4599],[134.3513,159.3515,122.1216],[140.9102,157.7389,123.024],[141.2648,159.2108,123.2598],[141.6268,154.5873,126.2547],[142.1491,153.5395,125.911],[138.1014,153.7185,131.348],[137.5829,155.0491,131.5557],[139.6341,156.6427,127.9419],[140.8119,157.7895,125.8929],[145.5786,153.8174,123.2551],[148.7187,152.8905,124.8602],[147.7549,152.77,123.3893],[147.472,151.6234,124.7178],[146.2495,154.2529,129.0732],[144.9709,155.4505,128.8825],[146.6616,155.9213,128.5968],[144.0775,155.9627,126.7001],[142.4536,155.7121,120.3202],[143.6377,157.0247,120.364],[141.9494,158.6877,120.6766],[141.1745,157.5454,119.5917],[139.7787,154.8417,123.1775],[138.298,153.5269,125.3609],[136.9715,152.6345,127.0058],[134.6293,154.374,127.9001],[136.3148,154.5579,128.3895],[136.254,152.2949,129.454],[134.939,153.3017,130.0722],[134.0231,150.3476,127.4015],[135.7112,150.537,127.8863],[135.3778,151.416,125.577],[134.0501,152.4329,126.1432],[134.1861,154.8287,125.5973],[134.5385,156.3758,123.7167],[137.2706,156.9078,119.2154],[137.7899,159.326,122.0141],[136.6714,159.5611,120.6102],[135.8727,158.8547,123.5289],[133.5622,158.7167,122.5361],[134.244,160.3498,122.5581],[134.1932,159.4439,121.0425],[140.0727,157.5186,123.6855],[142.1584,159.5204,122.7077],[140.438,159.8604,122.9531],[141.4693,159.3992,124.3189],[137.9954,153.0688,132.1394],[136.9199,155.0515,132.4266],[138.3909,155.7619,131.7487],[136.9977,155.386,130.6947],[138.36018,153.5045,129.88608],[138.61748,153.29172,128.43251],[140.01463,153.02434,127.97165],[138.95937,151.92496,127.84909],[139.14737,150.74794,128.71184],[138.12363,150.01566,129.33566],[136.77629,150.38435,129.28822],[135.79688,149.63481,129.94841],[136.15483,148.50467,130.67735],[137.49205,148.12776,130.74878],[138.46608,148.88095,130.08647],[138.54312,151.58165,126.41542],[137.26077,151.8696,125.91558],[136.89551,151.54955,124.60452],[137.80951,150.9288,123.75876],[139.08536,150.62744,124.22422],[139.44344,150.95009,125.5361]]",PROJECTED,real512_o3a_zmatrix_pre_gflownet,not_trained
CAL-ANCHOR-000002,c1ccncc1,SCAFFOLD_ANCHORED__CAL-ANCHOR-000002__EXIT_10__CUT_9__PHI_60,ALENI_CORE_MINUS_FRAG-A.c1ccncc1>>SCAFFOLD_ANCHORED_RXN_AMIDE_COUPLING,CAL-ANCHOR-000002,ALENI_CORE_EXIT_10_CUT_9,1.0259838579447749,1.0,0.9480322841104505,1.0,0.9480322841104505,2.0,1,cryptic_rescue,60.0,zmatrix,true,6,2,campaigns/glp1r_aleniglipron/track_a_generative/ALENI-PARENT_6XOX_frame_o3a_relaxed.sdf,compact_pseudo_ligand_o3a,"[[140.7175,154.8487,127.3529],[140.3245,156.178,127.2565],[140.9153,156.7657,126.2094],[141.7323,155.8573,125.598],[142.4203,156.0754,124.4162],[142.0627,156.8304,123.307],[142.9126,156.3633,122.2747],[143.8222,155.4977,122.7096],[143.6236,155.4409,124.0597],[144.6688,154.9206,124.885],[145.6441,154.088,124.3084],[146.6994,153.5823,125.0794],[147.718,152.6625,124.4785],[146.7584,153.9094,126.4361],[147.758,153.4189,127.1856],[145.8078,154.7445,127.0305],[145.9316,155.1149,128.4775],[144.7742,155.2687,126.2404],[142.7151,156.6525,120.8219],[141.5715,157.6625,120.6056],[140.5137,157.4934,121.6182],[139.2847,156.966,121.2248],[138.9075,157.0176,120.054],[138.468,156.3427,122.2416],[138.8117,155.3277,123.1232],[137.6917,155.0423,123.9459],[137.4785,154.155,125.019],[136.2161,154.0811,125.6334],[136.0069,153.1158,126.7872],[135.5634,153.8258,128.0741],[135.3257,152.8039,129.1775],[134.3613,151.8346,128.7655],[134.7975,151.0861,127.6316],[135.0156,151.9986,126.432],[135.1773,154.8875,125.15],[135.3657,155.7744,124.0829],[136.64,155.8442,123.5037],[137.1377,156.6057,122.4696],[136.3264,157.6132,121.7046],[135.6319,157.0176,120.54],[134.3866,156.6892,120.5279],[134.1757,156.161,119.2127],[135.39,156.2319,118.5679],[135.6014,155.8627,117.4241],[136.2852,156.7706,119.4055],[136.8502,159.0486,121.5503],[135.6931,158.7935,122.4599],[134.3513,159.3515,122.1216],[140.9102,157.7389,123.024],[141.2648,159.2108,123.2598],[141.6268,154.5873,126.2547],[142.1491,153.5395,125.911],[138.1014,153.7185,131.348],[137.5829,155.0491,131.5557],[139.6341,156.6427,127.9419],[140.8119,157.7895,125.8929],[145.5786,153.8174,123.2551],[148.7187,152.8905,124.8602],[147.7549,152.77,123.3893],[147.472,151.6234,124.7178],[146.2495,154.2529,129.0732],[144.9709,155.4505,128.8825],[146.6616,155.9213,128.5968],[144.0775,155.9627,126.7001],[142.4536,155.7121,120.3202],[143.6377,157.0247,120.364],[141.9494,158.6877,120.6766],[141.1745,157.5454,119.5917],[139.7787,154.8417,123.1775],[138.298,153.5269,125.3609],[136.9715,152.6345,127.0058],[134.6293,154.374,127.9001],[136.3148,154.5579,128.3895],[136.254,152.2949,129.454],[134.939,153.3017,130.0722],[134.0231,150.3476,127.4015],[135.7112,150.537,127.8863],[135.3778,151.416,125.577],[134.0501,152.4329,126.1432],[134.1861,154.8287,125.5973],[134.5385,156.3758,123.7167],[137.2706,156.9078,119.2154],[137.7899,159.326,122.0141],[136.6714,159.5611,120.6102],[135.8727,158.8547,123.5289],[133.5622,158.7167,122.5361],[134.244,160.3498,122.5581],[134.1932,159.4439,121.0425],[140.0727,157.5186,123.6855],[142.1584,159.5204,122.7077],[140.438,159.8604,122.9531],[141.4693,159.3992,124.3189],[137.9954,153.0688,132.1394],[136.9199,155.0515,132.4266],[138.3909,155.7619,131.7487],[136.9977,155.386,130.6947],[139.51129,153.96193,127.25966],[138.39276,153.13962,127.17319],[138.41837,151.92561,127.840996],[139.46803,151.49252,128.5728],[140.53966,152.31244,128.6383],[140.6081,153.54361,128.00586]]",PROJECTED,real512_o3a_zmatrix_pre_gflownet,not_trained
CAL-ANCHOR-000485,CC1CC1(Nc1noc(=O)[nH]1)c1ccccc1,SCAFFOLD_ANCHORED__CAL-ANCHOR-000485__EXIT_64__CUT_63__PHI_240,ALENI_CORE_MINUS_FRAG-A.CC1CC1(Nc1noc(=O)[nH]1)c1ccccc1>>SCAFFOLD_ANCHORED_RXN_AMIDE_COUPLING,CAL-ANCHOR-000485,ALENI_CORE_EXIT_64_CUT_63,1.0103935431779099,2.0,0.9480322841104505,2.0,0.9480322841104505,4.0,2,normal,240.0,zmatrix,true,6,5,campaigns/glp1r_aleniglipron/track_a_generative/ALENI-PARENT_6XOX_frame_o3a_relaxed.sdf,compact_pseudo_ligand_o3a,"[[140.7175,154.8487,127.3529],[140.3245,156.178,127.2565],[140.9153,156.7657,126.2094],[141.7323,155.8573,125.598],[142.4203,156.0754,124.4162],[142.0627,156.8304,123.307],[142.9126,156.3633,122.2747],[143.8222,155.4977,122.7096],[143.6236,155.4409,124.0597],[144.6688,154.9206,124.885],[145.6441,154.088,124.3084],[146.6994,153.5823,125.0794],[147.718,152.6625,124.4785],[146.7584,153.9094,126.4361],[147.758,153.4189,127.1856],[145.8078,154.7445,127.0305],[145.9316,155.1149,128.4775],[144.7742,155.2687,126.2404],[142.7151,156.6525,120.8219],[141.5715,157.6625,120.6056],[140.5137,157.4934,121.6182],[139.2847,156.966,121.2248],[138.9075,157.0176,120.054],[138.468,156.3427,122.2416],[138.8117,155.3277,123.1232],[137.6917,155.0423,123.9459],[137.4785,154.155,125.019],[136.2161,154.0811,125.6334],[136.0069,153.1158,126.7872],[135.5634,153.8258,128.0741],[135.3257,152.8039,129.1775],[134.3613,151.8346,128.7655],[134.7975,151.0861,127.6316],[135.0156,151.9986,126.432],[135.1773,154.8875,125.15],[135.3657,155.7744,124.0829],[136.64,155.8442,123.5037],[137.1377,156.6057,122.4696],[136.3264,157.6132,121.7046],[135.6319,157.0176,120.54],[134.3866,156.6892,120.5279],[134.1757,156.161,119.2127],[135.39,156.2319,118.5679],[135.6014,155.8627,117.4241],[136.2852,156.7706,119.4055],[136.8502,159.0486,121.5503],[135.6931,158.7935,122.4599],[134.3513,159.3515,122.1216],[140.9102,157.7389,123.024],[141.2648,159.2108,123.2598],[141.6268,154.5873,126.2547],[142.1491,153.5395,125.911],[138.1014,153.7185,131.348],[137.5829,155.0491,131.5557],[139.6341,156.6427,127.9419],[140.8119,157.7895,125.8929],[145.5786,153.8174,123.2551],[148.7187,152.8905,124.8602],[147.7549,152.77,123.3893],[147.472,151.6234,124.7178],[146.2495,154.2529,129.0732],[144.9709,155.4505,128.8825],[146.6616,155.9213,128.5968],[144.0775,155.9627,126.7001],[142.4536,155.7121,120.3202],[143.6377,157.0247,120.364],[141.9494,158.6877,120.6766],[141.1745,157.5454,119.5917],[139.7787,154.8417,123.1775],[138.298,153.5269,125.3609],[136.9715,152.6345,127.0058],[134.6293,154.374,127.9001],[136.3148,154.5579,128.3895],[136.254,152.2949,129.454],[134.939,153.3017,130.0722],[134.0231,150.3476,127.4015],[135.7112,150.537,127.8863],[135.3778,151.416,125.577],[134.0501,152.4329,126.1432],[134.1861,154.8287,125.5973],[134.5385,156.3758,123.7167],[137.2706,156.9078,119.2154],[137.7899,159.326,122.0141],[136.6714,159.5611,120.6102],[135.8727,158.8547,123.5289],[133.5622,158.7167,122.5361],[134.244,160.3498,122.5581],[134.1932,159.4439,121.0425],[140.0727,157.5186,123.6855],[142.1584,159.5204,122.7077],[140.438,159.8604,122.9531],[141.4693,159.3992,124.3189],[137.9954,153.0688,132.1394],[136.9199,155.0515,132.4266],[138.3909,155.7619,131.7487],[136.9977,155.386,130.6947],[138.36018,153.5045,129.88608],[138.61739,153.29181,128.43317],[138.11021,154.289,127.43911],[137.52367,152.88051,127.4549],[136.12334,152.74141,127.879585],[135.72385,151.71953,128.68451],[136.44194,150.82701,129.281],[135.52357,149.99956,129.99518],[134.28188,150.51097,129.74014],[133.2268,150.07823,130.1757],[134.4182,151.57123,128.93219],[137.89139,151.96683,126.2879],[138.4516,150.69565,126.504555],[138.77786,149.84889,125.44216],[138.54611,150.25616,124.13193],[137.98518,151.50584,123.885956],[137.65935,152.34752,124.95325]]",PROJECTED,real512_o3a_zmatrix_pre_gflownet,not_trained
CAL-ANCHOR-000483,Cc1cc(C2(c3ccccc3)CC2C)cc(C)c1F,SCAFFOLD_ANCHORED__CAL-ANCHOR-000483__EXIT_10__CUT_9__PHI_180,ALENI_CORE_MINUS_FRAG-A.Cc1cc(C2(c3ccccc3)CC2C)cc(C)c1F>>SCAFFOLD_ANCHORED_RXN_AMIDE_COUPLING,CAL-ANCHOR-000483,ALENI_CORE_EXIT_10_CUT_9,0.991843429312462,2.0,1.0407828534376897,2.0,1.0407828534376897,4.0,2,normal,180.0,zmatrix,true,6,4,campaigns/glp1r_aleniglipron/track_a_generative/ALENI-PARENT_6XOX_frame_o3a_relaxed.sdf,compact_pseudo_ligand_o3a,"[[140.7175,154.8487,127.3529],[140.3245,156.178,127.2565],[140.9153,156.7657,126.2094],[141.7323,155.8573,125.598],[142.4203,156.0754,124.4162],[142.0627,156.8304,123.307],[142.9126,156.3633,122.2747],[143.8222,155.4977,122.7096],[143.6236,155.4409,124.0597],[144.6688,154.9206,124.885],[145.6441,154.088,124.3084],[146.6994,153.5823,125.0794],[147.718,152.6625,124.4785],[146.7584,153.9094,126.4361],[147.758,153.4189,127.1856],[145.8078,154.7445,127.0305],[145.9316,155.1149,128.4775],[144.7742,155.2687,126.2404],[142.7151,156.6525,120.8219],[141.5715,157.6625,120.6056],[140.5137,157.4934,121.6182],[139.2847,156.966,121.2248],[138.9075,157.0176,120.054],[138.468,156.3427,122.2416],[138.8117,155.3277,123.1232],[137.6917,155.0423,123.9459],[137.4785,154.155,125.019],[136.2161,154.0811,125.6334],[136.0069,153.1158,126.7872],[135.5634,153.8258,128.0741],[135.3257,152.8039,129.1775],[134.3613,151.8346,128.7655],[134.7975,151.0861,127.6316],[135.0156,151.9986,126.432],[135.1773,154.8875,125.15],[135.3657,155.7744,124.0829],[136.64,155.8442,123.5037],[137.1377,156.6057,122.4696],[136.3264,157.6132,121.7046],[135.6319,157.0176,120.54],[134.3866,156.6892,120.5279],[134.1757,156.161,119.2127],[135.39,156.2319,118.5679],[135.6014,155.8627,117.4241],[136.2852,156.7706,119.4055],[136.8502,159.0486,121.5503],[135.6931,158.7935,122.4599],[134.3513,159.3515,122.1216],[140.9102,157.7389,123.024],[141.2648,159.2108,123.2598],[141.6268,154.5873,126.2547],[142.1491,153.5395,125.911],[138.1014,153.7185,131.348],[137.5829,155.0491,131.5557],[139.6341,156.6427,127.9419],[140.8119,157.7895,125.8929],[145.5786,153.8174,123.2551],[148.7187,152.8905,124.8602],[147.7549,152.77,123.3893],[147.472,151.6234,124.7178],[146.2495,154.2529,129.0732],[144.9709,155.4505,128.8825],[146.6616,155.9213,128.5968],[144.0775,155.9627,126.7001],[142.4536,155.7121,120.3202],[143.6377,157.0247,120.364],[141.9494,158.6877,120.6766],[141.1745,157.5454,119.5917],[139.7787,154.8417,123.1775],[138.298,153.5269,125.3609],[136.9715,152.6345,127.0058],[134.6293,154.374,127.9001],[136.3148,154.5579,128.3895],[136.254,152.2949,129.454],[134.939,153.3017,130.0722],[134.0231,150.3476,127.4015],[135.7112,150.537,127.8863],[135.3778,151.416,125.577],[134.0501,152.4329,126.1432],[134.1861,154.8287,125.5973],[134.5385,156.3758,123.7167],[137.2706,156.9078,119.2154],[137.7899,159.326,122.0141],[136.6714,159.5611,120.6102],[135.8727,158.8547,123.5289],[133.5622,158.7167,122.5361],[134.244,160.3498,122.5581],[134.1932,159.4439,121.0425],[140.0727,157.5186,123.6855],[142.1584,159.5204,122.7077],[140.438,159.8604,122.9531],[141.4693,159.3992,124.3189],[137.9954,153.0688,132.1394],[136.9199,155.0515,132.4266],[138.3909,155.7619,131.7487],[136.9977,155.386,130.6947],[141.66356,154.52394,126.235085],[142.60828,154.19963,125.11886],[142.36723,154.65535,123.81513],[143.23358,154.34827,122.74822],[142.96239,154.85088,121.327095],[142.24536,153.8496,120.41453],[142.96158,152.97934,119.573235],[142.30927,152.05978,118.74767],[140.9195,151.98737,118.74919],[140.1846,152.83118,119.57661],[140.84259,153.74878,120.39979],[142.62143,156.33179,121.137085],[143.94843,155.82645,120.666245],[145.19328,156.31337,121.32887],[144.3438,153.52899,123.03122],[144.59306,153.03844,124.32032],[145.79362,152.18892,124.60343],[143.72113,153.39056,125.35095],[143.95569,152.9373,126.5924]]",PROJECTED,real512_o3a_zmatrix_pre_gflownet,not_trained
CAL-ANCHOR-000121,C[C@@H]1c2c(nn(-c3noc(=O)[nH]3)c2-c2ccc(O)cc2)CCN1c1ccccc1,SCAFFOLD_ANCHORED__CAL-ANCHOR-000121__EXIT_64__CUT_63__PHI_240,ALENI_CORE_MINUS_FRAG-A.C[C@@H]1c2c(nn(-c3noc(=O)[nH]3)c2-c2ccc(O)cc2)CCN1c1ccccc1>>SCAFFOLD_ANCHORED_RXN_AMIDE_COUPLING,CAL-ANCHOR-000121,ALENI_CORE_EXIT_64_CUT_63,0.9398403728808967,3.0,2.4211173898337233,3.0,2.4211173898337233,6.0,3,normal,240.0,zmatrix,true,6,5,campaigns/glp1r_aleniglipron/track_a_generative/ALENI-PARENT_6XOX_frame_o3a_relaxed.sdf,compact_pseudo_ligand_o3a,"[[140.7175,154.8487,127.3529],[140.3245,156.178,127.2565],[140.9153,156.7657,126.2094],[141.7323,155.8573,125.598],[142.4203,156.0754,124.4162],[142.0627,156.8304,123.307],[142.9126,156.3633,122.2747],[143.8222,155.4977,122.7096],[143.6236,155.4409,124.0597],[144.6688,154.9206,124.885],[145.6441,154.088,124.3084],[146.6994,153.5823,125.0794],[147.718,152.6625,124.4785],[146.7584,153.9094,126.4361],[147.758,153.4189,127.1856],[145.8078,154.7445,127.0305],[145.9316,155.1149,128.4775],[144.7742,155.2687,126.2404],[142.7151,156.6525,120.8219],[141.5715,157.6625,120.6056],[140.5137,157.4934,121.6182],[139.2847,156.966,121.2248],[138.9075,157.0176,120.054],[138.468,156.3427,122.2416],[138.8117,155.3277,123.1232],[137.6917,155.0423,123.9459],[137.4785,154.155,125.019],[136.2161,154.0811,125.6334],[136.0069,153.1158,126.7872],[135.5634,153.8258,128.0741],[135.3257,152.8039,129.1775],[134.3613,151.8346,128.7655],[134.7975,151.0861,127.6316],[135.0156,151.9986,126.432],[135.1773,154.8875,125.15],[135.3657,155.7744,124.0829],[136.64,155.8442,123.5037],[137.1377,156.6057,122.4696],[136.3264,157.6132,121.7046],[135.6319,157.0176,120.54],[134.3866,156.6892,120.5279],[134.1757,156.161,119.2127],[135.39,156.2319,118.5679],[135.6014,155.8627,117.4241],[136.2852,156.7706,119.4055],[136.8502,159.0486,121.5503],[135.6931,158.7935,122.4599],[134.3513,159.3515,122.1216],[140.9102,157.7389,123.024],[141.2648,159.2108,123.2598],[141.6268,154.5873,126.2547],[142.1491,153.5395,125.911],[138.1014,153.7185,131.348],[137.5829,155.0491,131.5557],[139.6341,156.6427,127.9419],[140.8119,157.7895,125.8929],[145.5786,153.8174,123.2551],[148.7187,152.8905,124.8602],[147.7549,152.77,123.3893],[147.472,151.6234,124.7178],[146.2495,154.2529,129.0732],[144.9709,155.4505,128.8825],[146.6616,155.9213,128.5968],[144.0775,155.9627,126.7001],[142.4536,155.7121,120.3202],[143.6377,157.0247,120.364],[141.9494,158.6877,120.6766],[141.1745,157.5454,119.5917],[139.7787,154.8417,123.1775],[138.298,153.5269,125.3609],[136.9715,152.6345,127.0058],[134.6293,154.374,127.9001],[136.3148,154.5579,128.3895],[136.254,152.2949,129.454],[134.939,153.3017,130.0722],[134.0231,150.3476,127.4015],[135.7112,150.537,127.8863],[135.3778,151.416,125.577],[134.0501,152.4329,126.1432],[134.1861,154.8287,125.5973],[134.5385,156.3758,123.7167],[137.2706,156.9078,119.2154],[137.7899,159.326,122.0141],[136.6714,159.5611,120.6102],[135.8727,158.8547,123.5289],[133.5622,158.7167,122.5361],[134.244,160.3498,122.5581],[134.1932,159.4439,121.0425],[140.0727,157.5186,123.6855],[142.1584,159.5204,122.7077],[140.438,159.8604,122.9531],[141.4693,159.3992,124.3189],[137.9954,153.0688,132.1394],[136.9199,155.0515,132.4266],[138.3909,155.7619,131.7487],[136.9977,155.386,130.6947],[138.36018,153.5045,129.88608],[138.62535,153.28522,128.38815],[139.94962,153.88031,127.98777],[140.04268,154.96379,127.09585],[141.29884,155.35077,126.877],[142.05023,154.47318,127.62213],[143.44156,154.59473,127.57083],[144.35278,153.91034,128.16899],[145.57814,154.50932,127.72051],[145.22337,155.53128,126.86483],[146.00482,156.26985,126.28838],[143.88881,155.574,126.78072],[141.25722,153.56721,128.3203],[141.76068,152.50237,129.17987],[142.34366,152.79883,130.41876],[142.80061,151.77174,131.24886],[142.6637,150.44954,130.83926],[143.09483,149.41656,131.61713],[142.07826,150.13873,129.61806],[141.62541,151.16483,128.78728],[138.86378,155.57951,126.43489],[137.57437,155.27351,127.21985],[137.48816,153.848,127.60205],[136.259,153.19786,127.61841],[136.16922,151.81226,127.411674],[134.94106,151.14113,127.43016],[133.76538,151.84633,127.657486],[133.82149,153.21983,127.8621],[135.054,153.88338,127.8399]]",PROJECTED,real512_o3a_zmatrix_pre_gflownet,not_trained
CAL-ANCHOR-000105,Cc1cc(-n2nc3c(c2-c2ccccc2)C(C)N(c2ccccc2)CC3)cc(C)c1F,SCAFFOLD_ANCHORED__CAL-ANCHOR-000105__EXIT_64__CUT_63__PHI_240,ALENI_CORE_MINUS_FRAG-A.Cc1cc(-n2nc3c(c2-c2ccccc2)C(C)N(c2ccccc2)CC3)cc(C)c1F>>SCAFFOLD_ANCHORED_RXN_AMIDE_COUPLING,CAL-ANCHOR-000105,ALENI_CORE_EXIT_64_CUT_63,0.9219293815284507,3.0,1.4684237108292955,3.0,1.4684237108292955,4.0,2,normal,240.0,zmatrix,true,6,5,campaigns/glp1r_aleniglipron/track_a_generative/ALENI-PARENT_6XOX_frame_o3a_relaxed.sdf,compact_pseudo_ligand_o3a,"[[140.7175,154.8487,127.3529],[140.3245,156.178,127.2565],[140.9153,156.7657,126.2094],[141.7323,155.8573,125.598],[142.4203,156.0754,124.4162],[142.0627,156.8304,123.307],[142.9126,156.3633,122.2747],[143.8222,155.4977,122.7096],[143.6236,155.4409,124.0597],[144.6688,154.9206,124.885],[145.6441,154.088,124.3084],[146.6994,153.5823,125.0794],[147.718,152.6625,124.4785],[146.7584,153.9094,126.4361],[147.758,153.4189,127.1856],[145.8078,154.7445,127.0305],[145.9316,155.1149,128.4775],[144.7742,155.2687,126.2404],[142.7151,156.6525,120.8219],[141.5715,157.6625,120.6056],[140.5137,157.4934,121.6182],[139.2847,156.966,121.2248],[138.9075,157.0176,120.054],[138.468,156.3427,122.2416],[138.8117,155.3277,123.1232],[137.6917,155.0423,123.9459],[137.4785,154.155,125.019],[136.2161,154.0811,125.6334],[136.0069,153.1158,126.7872],[135.5634,153.8258,128.0741],[135.3257,152.8039,129.1775],[134.3613,151.8346,128.7655],[134.7975,151.0861,127.6316],[135.0156,151.9986,126.432],[135.1773,154.8875,125.15],[135.3657,155.7744,124.0829],[136.64,155.8442,123.5037],[137.1377,156.6057,122.4696],[136.3264,157.6132,121.7046],[135.6319,157.0176,120.54],[134.3866,156.6892,120.5279],[134.1757,156.161,119.2127],[135.39,156.2319,118.5679],[135.6014,155.8627,117.4241],[136.2852,156.7706,119.4055],[136.8502,159.0486,121.5503],[135.6931,158.7935,122.4599],[134.3513,159.3515,122.1216],[140.9102,157.7389,123.024],[141.2648,159.2108,123.2598],[141.6268,154.5873,126.2547],[142.1491,153.5395,125.911],[138.1014,153.7185,131.348],[137.5829,155.0491,131.5557],[139.6341,156.6427,127.9419],[140.8119,157.7895,125.8929],[145.5786,153.8174,123.2551],[148.7187,152.8905,124.8602],[147.7549,152.77,123.3893],[147.472,151.6234,124.7178],[146.2495,154.2529,129.0732],[144.9709,155.4505,128.8825],[146.6616,155.9213,128.5968],[144.0775,155.9627,126.7001],[142.4536,155.7121,120.3202],[143.6377,157.0247,120.364],[141.9494,158.6877,120.6766],[141.1745,157.5454,119.5917],[139.7787,154.8417,123.1775],[138.298,153.5269,125.3609],[136.9715,152.6345,127.0058],[134.6293,154.374,127.9001],[136.3148,154.5579,128.3895],[136.254,152.2949,129.454],[134.939,153.3017,130.0722],[134.0231,150.3476,127.4015],[135.7112,150.537,127.8863],[135.3778,151.416,125.577],[134.0501,152.4329,126.1432],[134.1861,154.8287,125.5973],[134.5385,156.3758,123.7167],[137.2706,156.9078,119.2154],[137.7899,159.326,122.0141],[136.6714,159.5611,120.6102],[135.8727,158.8547,123.5289],[133.5622,158.7167,122.5361],[134.244,160.3498,122.5581],[134.1932,159.4439,121.0425],[140.0727,157.5186,123.6855],[142.1584,159.5204,122.7077],[140.438,159.8604,122.9531],[141.4693,159.3992,124.3189],[137.9954,153.0688,132.1394],[136.9199,155.0515,132.4266],[138.3909,155.7619,131.7487],[136.9977,155.386,130.6947],[138.36018,153.5045,129.88608],[138.61893,153.29053,128.42444],[138.4567,154.34355,127.507256],[138.66293,154.14316,126.13623],[138.51689,155.18652,125.15779],[138.52393,154.82716,123.83698],[138.31734,155.95377,123.16672],[138.22633,157.07951,124.00914],[138.34694,156.5756,125.29706],[138.3436,157.33017,126.54359],[137.13504,157.78171,127.089516],[137.13326,158.51987,128.2741],[138.33678,158.81723,128.91273],[139.54411,158.3815,128.3675],[139.54968,157.64293,127.1833],[137.99762,158.45494,123.430305],[138.67137,159.61058,124.171844],[138.24634,158.4935,121.95595],[139.44998,158.92665,121.40425],[140.70264,158.56131,121.91265],[141.8852,158.99883,121.30769],[141.83311,159.80725,120.17578],[140.59923,160.17336,119.647255],[139.42157,159.7312,120.25578],[137.63272,157.35878,121.22142],[138.23145,156.01012,121.67702],[139.01067,152.84981,125.693],[139.17534,151.78781,126.59435],[139.51398,150.41205,126.10713],[138.96298,152.0228,127.951904],[139.08443,151.00812,128.82182]]",PROJECTED,real512_o3a_zmatrix_pre_gflownet,not_trained
CAL-ANCHOR-000072,Cc1cc(C2(Nc3ccccc3)C[C@@H]2C)cc(C)c1F,SCAFFOLD_ANCHORED__CAL-ANCHOR-000072__EXIT_10__CUT_9__PHI_60,ALENI_CORE_MINUS_FRAG-A.Cc1cc(C2(Nc3ccccc3)C[C@@H]2C)cc(C)c1F>>SCAFFOLD_ANCHORED_RXN_AMIDE_COUPLING,CAL-ANCHOR-000072,ALENI_CORE_EXIT_10_CUT_9,0.9004372701976777,4.0,1.896064568220901,4.0,1.896064568220901,6.0,3,normal,60.0,zmatrix,true,6,2,campaigns/glp1r_aleniglipron/track_a_generative/ALENI-PARENT_6XOX_frame_o3a_relaxed.sdf,compact_pseudo_ligand_o3a,"[[140.7175,154.8487,127.3529],[140.3245,156.178,127.2565],[140.9153,156.7657,126.2094],[141.7323,155.8573,125.598],[142.4203,156.0754,124.4162],[142.0627,156.8304,123.307],[142.9126,156.3633,122.2747],[143.8222,155.4977,122.7096],[143.6236,155.4409,124.0597],[144.6688,154.9206,124.885],[145.6441,154.088,124.3084],[146.6994,153.5823,125.0794],[147.718,152.6625,124.4785],[146.7584,153.9094,126.4361],[147.758,153.4189,127.1856],[145.8078,154.7445,127.0305],[145.9316,155.1149,128.4775],[144.7742,155.2687,126.2404],[142.7151,156.6525,120.8219],[141.5715,157.6625,120.6056],[140.5137,157.4934,121.6182],[139.2847,156.966,121.2248],[138.9075,157.0176,120.054],[138.468,156.3427,122.2416],[138.8117,155.3277,123.1232],[137.6917,155.0423,123.9459],[137.4785,154.155,125.019],[136.2161,154.0811,125.6334],[136.0069,153.1158,126.7872],[135.5634,153.8258,128.0741],[135.3257,152.8039,129.1775],[134.3613,151.8346,128.7655],[134.7975,151.0861,127.6316],[135.0156,151.9986,126.432],[135.1773,154.8875,125.15],[135.3657,155.7744,124.0829],[136.64,155.8442,123.5037],[137.1377,156.6057,122.4696],[136.3264,157.6132,121.7046],[135.6319,157.0176,120.54],[134.3866,156.6892,120.5279],[134.1757,156.161,119.2127],[135.39,156.2319,118.5679],[135.6014,155.8627,117.4241],[136.2852,156.7706,119.4055],[136.8502,159.0486,121.5503],[135.6931,158.7935,122.4599],[134.3513,159.3515,122.1216],[140.9102,157.7389,123.024],[141.2648,159.2108,123.2598],[141.6268,154.5873,126.2547],[142.1491,153.5395,125.911],[138.1014,153.7185,131.348],[137.5829,155.0491,131.5557],[139.6341,156.6427,127.9419],[140.8119,157.7895,125.8929],[145.5786,153.8174,123.2551],[148.7187,152.8905,124.8602],[147.7549,152.77,123.3893],[147.472,151.6234,124.7178],[146.2495,154.2529,129.0732],[144.9709,155.4505,128.8825],[146.6616,155.9213,128.5968],[144.0775,155.9627,126.7001],[142.4536,155.7121,120.3202],[143.6377,157.0247,120.364],[141.9494,158.6877,120.6766],[141.1745,157.5454,119.5917],[139.7787,154.8417,123.1775],[138.298,153.5269,125.3609],[136.9715,152.6345,127.0058],[134.6293,154.374,127.9001],[136.3148,154.5579,128.3895],[136.254,152.2949,129.454],[134.939,153.3017,130.0722],[134.0231,150.3476,127.4015],[135.7112,150.537,127.8863],[135.3778,151.416,125.577],[134.0501,152.4329,126.1432],[134.1861,154.8287,125.5973],[134.5385,156.3758,123.7167],[137.2706,156.9078,119.2154],[137.7899,159.326,122.0141],[136.6714,159.5611,120.6102],[135.8727,158.8547,123.5289],[133.5622,158.7167,122.5361],[134.244,160.3498,122.5581],[134.1932,159.4439,121.0425],[140.0727,157.5186,123.6855],[142.1584,159.5204,122.7077],[140.438,159.8604,122.9531],[141.4693,159.3992,124.3189],[137.9954,153.0688,132.1394],[136.9199,155.0515,132.4266],[138.3909,155.7619,131.7487],[136.9977,155.386,130.6947],[139.51129,153.96193,127.25965],[138.30673,153.07637,127.166534],[138.36813,151.73363,127.56645],[137.26067,150.87267,127.45347],[137.32741,149.40575,127.880325],[137.47028,148.47588,126.75127],[138.68146,148.07011,126.16708],[138.6399,147.21924,125.05199],[139.81242,146.7652,124.44072],[141.05133,147.14993,124.94275],[141.11366,147.98302,126.05571],[139.93675,148.43393,126.663284],[137.86845,149.04143,129.2523],[136.39116,149.0041,129.02432],[135.67076,147.69884,129.03238],[136.07806,151.40904,126.90534],[135.98935,152.74767,126.49867],[134.73286,153.2848,125.88551],[137.11647,153.56041,126.62263],[137.05513,154.8352,126.20704]]",PROJECTED,real512_o3a_zmatrix_pre_gflownet,not_trained
CAL-ANCHOR-000179,CC(=O)NC(=O)c1ccccc1,SCAFFOLD_ANCHORED__CAL-ANCHOR-000179__EXIT_10__CUT_9__PHI_120,ALENI_CORE_MINUS_FRAG-A.CC(=O)NC(=O)c1ccccc1>>SCAFFOLD_ANCHORED_RXN_AMIDE_COUPLING,CAL-ANCHOR-000179,ALENI_CORE_EXIT_10_CUT_9,0.8821950183894349,3.0,1.9424398528845206,3.0,1.9424398528845206,6.0,3,normal,120.0,zmatrix,true,6,3,campaigns/glp1r_aleniglipron/track_a_generative/ALENI-PARENT_6XOX_frame_o3a_relaxed.sdf,compact_pseudo_ligand_o3a,"[[140.7175,154.8487,127.3529],[140.3245,156.178,127.2565],[140.9153,156.7657,126.2094],[141.7323,155.8573,125.598],[142.4203,156.0754,124.4162],[142.0627,156.8304,123.307],[142.9126,156.3633,122.2747],[143.8222,155.4977,122.7096],[143.6236,155.4409,124.0597],[144.6688,154.9206,124.885],[145.6441,154.088,124.3084],[146.6994,153.5823,125.0794],[147.718,152.6625,124.4785],[146.7584,153.9094,126.4361],[147.758,153.4189,127.1856],[145.8078,154.7445,127.0305],[145.9316,155.1149,128.4775],[144.7742,155.2687,126.2404],[142.7151,156.6525,120.8219],[141.5715,157.6625,120.6056],[140.5137,157.4934,121.6182],[139.2847,156.966,121.2248],[138.9075,157.0176,120.054],[138.468,156.3427,122.2416],[138.8117,155.3277,123.1232],[137.6917,155.0423,123.9459],[137.4785,154.155,125.019],[136.2161,154.0811,125.6334],[136.0069,153.1158,126.7872],[135.5634,153.8258,128.0741],[135.3257,152.8039,129.1775],[134.3613,151.8346,128.7655],[134.7975,151.0861,127.6316],[135.0156,151.9986,126.432],[135.1773,154.8875,125.15],[135.3657,155.7744,124.0829],[136.64,155.8442,123.5037],[137.1377,156.6057,122.4696],[136.3264,157.6132,121.7046],[135.6319,157.0176,120.54],[134.3866,156.6892,120.5279],[134.1757,156.161,119.2127],[135.39,156.2319,118.5679],[135.6014,155.8627,117.4241],[136.2852,156.7706,119.4055],[136.8502,159.0486,121.5503],[135.6931,158.7935,122.4599],[134.3513,159.3515,122.1216],[140.9102,157.7389,123.024],[141.2648,159.2108,123.2598],[141.6268,154.5873,126.2547],[142.1491,153.5395,125.911],[138.1014,153.7185,131.348],[137.5829,155.0491,131.5557],[139.6341,156.6427,127.9419],[140.8119,157.7895,125.8929],[145.5786,153.8174,123.2551],[148.7187,152.8905,124.8602],[147.7549,152.77,123.3893],[147.472,151.6234,124.7178],[146.2495,154.2529,129.0732],[144.9709,155.4505,128.8825],[146.6616,155.9213,128.5968],[144.0775,155.9627,126.7001],[142.4536,155.7121,120.3202],[143.6377,157.0247,120.364],[141.9494,158.6877,120.6766],[141.1745,157.5454,119.5917],[139.7787,154.8417,123.1775],[138.298,153.5269,125.3609],[136.9715,152.6345,127.0058],[134.6293,154.374,127.9001],[136.3148,154.5579,128.3895],[136.254,152.2949,129.454],[134.939,153.3017,130.0722],[134.0231,150.3476,127.4015],[135.7112,150.537,127.8863],[135.3778,151.416,125.577],[134.0501,152.4329,126.1432],[134.1861,154.8287,125.5973],[134.5385,156.3758,123.7167],[137.2706,156.9078,119.2154],[137.7899,159.326,122.0141],[136.6714,159.5611,120.6102],[135.8727,158.8547,123.5289],[133.5622,158.7167,122.5361],[134.244,160.3498,122.5581],[134.1932,159.4439,121.0425],[140.0727,157.5186,123.6855],[142.1584,159.5204,122.7077],[140.438,159.8604,122.9531],[141.4693,159.3992,124.3189],[137.9954,153.0688,132.1394],[136.9199,155.0515,132.4266],[138.3909,155.7619,131.7487],[136.9977,155.386,130.6947],[140.31573,154.11618,126.1071],[139.91203,153.38013,124.855286],[140.22487,153.79689,123.74733],[139.25458,152.19511,125.13092],[138.6239,151.3991,124.19214],[138.33897,151.72562,123.04776],[138.17325,150.07227,124.697205],[138.92537,149.34508,125.630196],[138.46442,148.10614,126.08135],[137.26202,147.58875,125.59859],[136.52121,148.3011,124.65588],[136.97774,149.53873,124.20065]]",PROJECTED,real512_o3a_zmatrix_pre_gflownet,not_trained
CAL-ANCHOR-000335,Cc1cc(N2CCc3nn(-c4ccccc4)c(C4CCOCC4)c3[C@H]2C)cc(C)c1F,SCAFFOLD_ANCHORED__CAL-ANCHOR-000335__EXIT_64__CUT_63__PHI_240,ALENI_CORE_MINUS_FRAG-A.Cc1cc(N2CCc3nn(-c4ccccc4)c(C4CCOCC4)c3[C@H]2C)cc(C)c1F>>SCAFFOLD_ANCHORED_RXN_AMIDE_COUPLING,CAL-ANCHOR-000335,ALENI_CORE_EXIT_64_CUT_63,0.8804973352434415,4.0,2.0755239828090253,4.0,2.0755239828090253,6.0,3,normal,240.0,zmatrix,true,6,5,campaigns/glp1r_aleniglipron/track_a_generative/ALENI-PARENT_6XOX_frame_o3a_relaxed.sdf,compact_pseudo_ligand_o3a,"[[140.7175,154.8487,127.3529],[140.3245,156.178,127.2565],[140.9153,156.7657,126.2094],[141.7323,155.8573,125.598],[142.4203,156.0754,124.4162],[142.0627,156.8304,123.307],[142.9126,156.3633,122.2747],[143.8222,155.4977,122.7096],[143.6236,155.4409,124.0597],[144.6688,154.9206,124.885],[145.6441,154.088,124.3084],[146.6994,153.5823,125.0794],[147.718,152.6625,124.4785],[146.7584,153.9094,126.4361],[147.758,153.4189,127.1856],[145.8078,154.7445,127.0305],[145.9316,155.1149,128.4775],[144.7742,155.2687,126.2404],[142.7151,156.6525,120.8219],[141.5715,157.6625,120.6056],[140.5137,157.4934,121.6182],[139.2847,156.966,121.2248],[138.9075,157.0176,120.054],[138.468,156.3427,122.2416],[138.8117,155.3277,123.1232],[137.6917,155.0423,123.9459],[137.4785,154.155,125.019],[136.2161,154.0811,125.6334],[136.0069,153.1158,126.7872],[135.5634,153.8258,128.0741],[135.3257,152.8039,129.1775],[134.3613,151.8346,128.7655],[134.7975,151.0861,127.6316],[135.0156,151.9986,126.432],[135.1773,154.8875,125.15],[135.3657,155.7744,124.0829],[136.64,155.8442,123.5037],[137.1377,156.6057,122.4696],[136.3264,157.6132,121.7046],[135.6319,157.0176,120.54],[134.3866,156.6892,120.5279],[134.1757,156.161,119.2127],[135.39,156.2319,118.5679],[135.6014,155.8627,117.4241],[136.2852,156.7706,119.4055],[136.8502,159.0486,121.5503],[135.6931,158.7935,122.4599],[134.3513,159.3515,122.1216],[140.9102,157.7389,123.024],[141.2648,159.2108,123.2598],[141.6268,154.5873,126.2547],[142.1491,153.5395,125.911],[138.1014,153.7185,131.348],[137.5829,155.0491,131.5557],[139.6341,156.6427,127.9419],[140.8119,157.7895,125.8929],[145.5786,153.8174,123.2551],[148.7187,152.8905,124.8602],[147.7549,152.77,123.3893],[147.472,151.6234,124.7178],[146.2495,154.2529,129.0732],[144.9709,155.4505,128.8825],[146.6616,155.9213,128.5968],[144.0775,155.9627,126.7001],[142.4536,155.7121,120.3202],[143.6377,157.0247,120.364],[141.9494,158.6877,120.6766],[141.1745,157.5454,119.5917],[139.7787,154.8417,123.1775],[138.298,153.5269,125.3609],[136.9715,152.6345,127.0058],[134.6293,154.374,127.9001],[136.3148,154.5579,128.3895],[136.254,152.2949,129.454],[134.939,153.3017,130.0722],[134.0231,150.3476,127.4015],[135.7112,150.537,127.8863],[135.3778,151.416,125.577],[134.0501,152.4329,126.1432],[134.1861,154.8287,125.5973],[134.5385,156.3758,123.7167],[137.2706,156.9078,119.2154],[137.7899,159.326,122.0141],[136.6714,159.5611,120.6102],[135.8727,158.8547,123.5289],[133.5622,158.7167,122.5361],[134.244,160.3498,122.5581],[134.1932,159.4439,121.0425],[140.0727,157.5186,123.6855],[142.1584,159.5204,122.7077],[140.438,159.8604,122.9531],[141.4693,159.3992,124.3189],[137.9954,153.0688,132.1394],[136.9199,155.0515,132.4266],[138.3909,155.7619,131.7487],[136.9977,155.386,130.6947],[138.36018,153.5045,129.88608],[138.61853,153.29085,128.42659],[138.64915,154.37122,127.53439],[138.91463,154.19128,126.16719],[138.9497,155.30829,125.33513],[140.19171,156.10753,125.460434],[141.31421,155.51172,124.5908],[140.79869,155.15964,123.23342],[141.60884,154.97801,122.201805],[140.80017,154.60123,121.17503],[141.43427,154.13562,119.97638],[142.7861,154.4627,119.75888],[143.45483,154.02884,118.61123],[142.78893,153.24818,117.67238],[141.4604,152.89201,117.888405],[140.78804,153.32593,119.03737],[139.43994,154.77197,121.51654],[138.32687,154.78731,120.49115],[137.46654,153.52193,120.508865],[136.45901,153.54317,119.35849],[136.12253,154.86247,118.92579],[136.05093,155.7942,119.99915],[137.44507,156.04765,120.56766],[139.43068,155.0206,122.89172],[138.38225,155.30972,123.95103],[137.08844,154.50409,123.874],[139.17609,152.89073,125.71311],[139.15298,151.79208,126.584885],[139.47496,150.41489,126.091125],[138.8866,152.0124,127.93698],[138.89436,150.97275,128.78578]]",PROJECTED,real512_o3a_zmatrix_pre_gflownet,not_trained
CAL-ANCHOR-000271,O=c1n(-c2ccccc2)ccn1-c1ccc(O)cc1,SCAFFOLD_ANCHORED__CAL-ANCHOR-000271__EXIT_64__CUT_63__PHI_180,ALENI_CORE_MINUS_FRAG-A.O=c1n(-c2ccccc2)ccn1-c1ccc(O)cc1>>SCAFFOLD_ANCHORED_RXN_AMIDE_COUPLING,CAL-ANCHOR-000271,ALENI_CORE_EXIT_64_CUT_63,0.8780541066106522,3.0,1.9755671471147829,3.0,1.9755671471147829,6.0,3,normal,180.0,zmatrix,true,6,4,campaigns/glp1r_aleniglipron/track_a_generative/ALENI-PARENT_6XOX_frame_o3a_relaxed.sdf,compact_pseudo_ligand_o3a,"[[140.7175,154.8487,127.3529],[140.3245,156.178,127.2565],[140.9153,156.7657,126.2094],[141.7323,155.8573,125.598],[142.4203,156.0754,124.4162],[142.0627,156.8304,123.307],[142.9126,156.3633,122.2747],[143.8222,155.4977,122.7096],[143.6236,155.4409,124.0597],[144.6688,154.9206,124.885],[145.6441,154.088,124.3084],[146.6994,153.5823,125.0794],[147.718,152.6625,124.4785],[146.7584,153.9094,126.4361],[147.758,153.4189,127.1856],[145.8078,154.7445,127.0305],[145.9316,155.1149,128.4775],[144.7742,155.2687,126.2404],[142.7151,156.6525,120.8219],[141.5715,157.6625,120.6056],[140.5137,157.4934,121.6182],[139.2847,156.966,121.2248],[138.9075,157.0176,120.054],[138.468,156.3427,122.2416],[138.8117,155.3277,123.1232],[137.6917,155.0423,123.9459],[137.4785,154.155,125.019],[136.2161,154.0811,125.6334],[136.0069,153.1158,126.7872],[135.5634,153.8258,128.0741],[135.3257,152.8039,129.1775],[134.3613,151.8346,128.7655],[134.7975,151.0861,127.6316],[135.0156,151.9986,126.432],[135.1773,154.8875,125.15],[135.3657,155.7744,124.0829],[136.64,155.8442,123.5037],[137.1377,156.6057,122.4696],[136.3264,157.6132,121.7046],[135.6319,157.0176,120.54],[134.3866,156.6892,120.5279],[134.1757,156.161,119.2127],[135.39,156.2319,118.5679],[135.6014,155.8627,117.4241],[136.2852,156.7706,119.4055],[136.8502,159.0486,121.5503],[135.6931,158.7935,122.4599],[134.3513,159.3515,122.1216],[140.9102,157.7389,123.024],[141.2648,159.2108,123.2598],[141.6268,154.5873,126.2547],[142.1491,153.5395,125.911],[138.1014,153.7185,131.348],[137.5829,155.0491,131.5557],[139.6341,156.6427,127.9419],[140.8119,157.7895,125.8929],[145.5786,153.8174,123.2551],[148.7187,152.8905,124.8602],[147.7549,152.77,123.3893],[147.472,151.6234,124.7178],[146.2495,154.2529,129.0732],[144.9709,155.4505,128.8825],[146.6616,155.9213,128.5968],[144.0775,155.9627,126.7001],[142.4536,155.7121,120.3202],[143.6377,157.0247,120.364],[141.9494,158.6877,120.6766],[141.1745,157.5454,119.5917],[139.7787,154.8417,123.1775],[138.298,153.5269,125.3609],[136.9715,152.6345,127.0058],[134.6293,154.374,127.9001],[136.3148,154.5579,128.3895],[136.254,152.2949,129.454],[134.939,153.3017,130.0722],[134.0231,150.3476,127.4015],[135.7112,150.537,127.8863],[135.3778,151.416,125.577],[134.0501,152.4329,126.1432],[134.1861,154.8287,125.5973],[134.5385,156.3758,123.7167],[137.2706,156.9078,119.2154],[137.7899,159.326,122.0141],[136.6714,159.5611,120.6102],[135.8727,158.8547,123.5289],[133.5622,158.7167,122.5361],[134.244,160.3498,122.5581],[134.1932,159.4439,121.0425],[140.0727,157.5186,123.6855],[142.1584,159.5204,122.7077],[140.438,159.8604,122.9531],[141.4693,159.3992,124.3189],[137.9954,153.0688,132.1394],[136.9199,155.0515,132.4266],[138.3909,155.7619,131.7487],[136.9977,155.386,130.6947],[137.18002,152.95802,130.44095],[136.42955,152.3386,129.70213],[135.03526,152.00568,129.92497],[134.27147,152.35353,131.08128],[134.81818,153.07706,132.15063],[134.05362,153.40927,133.2769],[132.72128,153.02399,133.35889],[132.1537,152.30624,132.31389],[132.92056,151.97568,131.1893],[134.59547,151.29944,128.82243],[135.58363,151.16199,127.93617],[136.73314,151.76959,128.40225],[137.99721,151.83542,127.73991],[138.17586,151.24446,126.47539],[139.40671,151.29802,125.80988],[140.48047,151.94438,126.39899],[141.66032,151.97456,125.71979],[140.34186,152.5381,127.643875],[139.1072,152.48157,128.30595]]",PROJECTED,real512_o3a_zmatrix_pre_gflownet,not_trained
CAL-ANCHOR-000099,CC1c2c(nn(-c3ccc(O)cc3)c2C2CCOCC2)CCN1c1ccccc1,SCAFFOLD_ANCHORED__CAL-ANCHOR-000099__EXIT_10__CUT_9__PHI_60,ALENI_CORE_MINUS_FRAG-A.CC1c2c(nn(-c3ccc(O)cc3)c2C2CCOCC2)CCN1c1ccccc1>>SCAFFOLD_ANCHORED_RXN_AMIDE_COUPLING,CAL-ANCHOR-000099,ALENI_CORE_EXIT_10_CUT_9,0.8629919289723874,5.0,2.370080710276126,5.0,2.370080710276126,6.0,3,normal,60.0,zmatrix,true,6,2,campaigns/glp1r_aleniglipron/track_a_generative/ALENI-PARENT_6XOX_frame_o3a_relaxed.sdf,compact_pseudo_ligand_o3a,"[[140.7175,154.8487,127.3529],[140.3245,156.178,127.2565],[140.9153,156.7657,126.2094],[141.7323,155.8573,125.598],[142.4203,156.0754,124.4162],[142.0627,156.8304,123.307],[142.9126,156.3633,122.2747],[143.8222,155.4977,122.7096],[143.6236,155.4409,124.0597],[144.6688,154.9206,124.885],[145.6441,154.088,124.3084],[146.6994,153.5823,125.0794],[147.718,152.6625,124.4785],[146.7584,153.9094,126.4361],[147.758,153.4189,127.1856],[145.8078,154.7445,127.0305],[145.9316,155.1149,128.4775],[144.7742,155.2687,126.2404],[142.7151,156.6525,120.8219],[141.5715,157.6625,120.6056],[140.5137,157.4934,121.6182],[139.2847,156.966,121.2248],[138.9075,157.0176,120.054],[138.468,156.3427,122.2416],[138.8117,155.3277,123.1232],[137.6917,155.0423,123.9459],[137.4785,154.155,125.019],[136.2161,154.0811,125.6334],[136.0069,153.1158,126.7872],[135.5634,153.8258,128.0741],[135.3257,152.8039,129.1775],[134.3613,151.8346,128.7655],[134.7975,151.0861,127.6316],[135.0156,151.9986,126.432],[135.1773,154.8875,125.15],[135.3657,155.7744,124.0829],[136.64,155.8442,123.5037],[137.1377,156.6057,122.4696],[136.3264,157.6132,121.7046],[135.6319,157.0176,120.54],[134.3866,156.6892,120.5279],[134.1757,156.161,119.2127],[135.39,156.2319,118.5679],[135.6014,155.8627,117.4241],[136.2852,156.7706,119.4055],[136.8502,159.0486,121.5503],[135.6931,158.7935,122.4599],[134.3513,159.3515,122.1216],[140.9102,157.7389,123.024],[141.2648,159.2108,123.2598],[141.6268,154.5873,126.2547],[142.1491,153.5395,125.911],[138.1014,153.7185,131.348],[137.5829,155.0491,131.5557],[139.6341,156.6427,127.9419],[140.8119,157.7895,125.8929],[145.5786,153.8174,123.2551],[148.7187,152.8905,124.8602],[147.7549,152.77,123.3893],[147.472,151.6234,124.7178],[146.2495,154.2529,129.0732],[144.9709,155.4505,128.8825],[146.6616,155.9213,128.5968],[144.0775,155.9627,126.7001],[142.4536,155.7121,120.3202],[143.6377,157.0247,120.364],[141.9494,158.6877,120.6766],[141.1745,157.5454,119.5917],[139.7787,154.8417,123.1775],[138.298,153.5269,125.3609],[136.9715,152.6345,127.0058],[134.6293,154.374,127.9001],[136.3148,154.5579,128.3895],[136.254,152.2949,129.454],[134.939,153.3017,130.0722],[134.0231,150.3476,127.4015],[135.7112,150.537,127.8863],[135.3778,151.416,125.577],[134.0501,152.4329,126.1432],[134.1861,154.8287,125.5973],[134.5385,156.3758,123.7167],[137.2706,156.9078,119.2154],[137.7899,159.326,122.0141],[136.6714,159.5611,120.6102],[135.8727,158.8547,123.5289],[133.5622,158.7167,122.5361],[134.244,160.3498,122.5581],[134.1932,159.4439,121.0425],[140.0727,157.5186,123.6855],[142.1584,159.5204,122.7077],[140.438,159.8604,122.9531],[141.4693,159.3992,124.3189],[137.9954,153.0688,132.1394],[136.9199,155.0515,132.4266],[138.3909,155.7619,131.7487],[136.9977,155.386,130.6947],[139.51129,153.96193,127.25965],[138.28085,153.05734,127.164536],[136.98041,153.78918,127.44503],[136.0176,153.95056,126.4205],[134.95055,154.6331,126.81917],[135.10266,154.72852,128.16634],[133.95944,155.05226,128.95552],[133.82616,154.60394,130.27661],[132.68239,154.92131,131.01764],[131.66656,155.66745,130.42924],[130.5373,155.99756,131.11758],[131.76656,156.08759,129.10939],[132.90585,155.7706,128.36664],[136.42621,154.4436,128.54549],[137.02357,154.90813,129.85521],[137.88293,156.1642,129.66722],[138.41537,156.6695,131.00891],[138.4935,155.65274,132.00963],[138.89513,154.39467,131.48267],[137.77979,153.81381,130.61943],[136.17477,153.44106,125.0302],[137.66045,153.1932,124.735695],[138.28616,152.4111,125.82028],[138.62106,151.07417,125.669106],[138.00717,150.25151,124.710815],[138.34885,148.90108,124.560715],[139.32498,148.33417,125.36979],[139.95534,149.1194,126.325935],[139.60464,150.4678,126.469154]]",PROJECTED,real512_o3a_zmatrix_pre_gflownet,not_trained
CAL-ANCHOR-000137,Cc1cc(-c2c3c(nn2-c2ccc(O)cc2)CCN(c2ccccc2)[C@@H]3C)cc(C)c1F,SCAFFOLD_ANCHORED__CAL-ANCHOR-000137__EXIT_64__CUT_63__PHI_240,ALENI_CORE_MINUS_FRAG-A.Cc1cc(-c2c3c(nn2-c2ccc(O)cc2)CCN(c2ccccc2)[C@@H]3C)cc(C)c1F>>SCAFFOLD_ANCHORED_RXN_AMIDE_COUPLING,CAL-ANCHOR-000137,ALENI_CORE_EXIT_64_CUT_63,0.8587406946359799,4.0,1.9888151375481402,4.0,1.9888151375481402,4.0,2,normal,240.0,zmatrix,true,6,5,campaigns/glp1r_aleniglipron/track_a_generative/ALENI-PARENT_6XOX_frame_o3a_relaxed.sdf,compact_pseudo_ligand_o3a,"[[140.7175,154.8487,127.3529],[140.3245,156.178,127.2565],[140.9153,156.7657,126.2094],[141.7323,155.8573,125.598],[142.4203,156.0754,124.4162],[142.0627,156.8304,123.307],[142.9126,156.3633,122.2747],[143.8222,155.4977,122.7096],[143.6236,155.4409,124.0597],[144.6688,154.9206,124.885],[145.6441,154.088,124.3084],[146.6994,153.5823,125.0794],[147.718,152.6625,124.4785],[146.7584,153.9094,126.4361],[147.758,153.4189,127.1856],[145.8078,154.7445,127.0305],[145.9316,155.1149,128.4775],[144.7742,155.2687,126.2404],[142.7151,156.6525,120.8219],[141.5715,157.6625,120.6056],[140.5137,157.4934,121.6182],[139.2847,156.966,121.2248],[138.9075,157.0176,120.054],[138.468,156.3427,122.2416],[138.8117,155.3277,123.1232],[137.6917,155.0423,123.9459],[137.4785,154.155,125.019],[136.2161,154.0811,125.6334],[136.0069,153.1158,126.7872],[135.5634,153.8258,128.0741],[135.3257,152.8039,129.1775],[134.3613,151.8346,128.7655],[134.7975,151.0861,127.6316],[135.0156,151.9986,126.432],[135.1773,154.8875,125.15],[135.3657,155.7744,124.0829],[136.64,155.8442,123.5037],[137.1377,156.6057,122.4696],[136.3264,157.6132,121.7046],[135.6319,157.0176,120.54],[134.3866,156.6892,120.5279],[134.1757,156.161,119.2127],[135.39,156.2319,118.5679],[135.6014,155.8627,117.4241],[136.2852,156.7706,119.4055],[136.8502,159.0486,121.5503],[135.6931,158.7935,122.4599],[134.3513,159.3515,122.1216],[140.9102,157.7389,123.024],[141.2648,159.2108,123.2598],[141.6268,154.5873,126.2547],[142.1491,153.5395,125.911],[138.1014,153.7185,131.348],[137.5829,155.0491,131.5557],[139.6341,156.6427,127.9419],[140.8119,157.7895,125.8929],[145.5786,153.8174,123.2551],[148.7187,152.8905,124.8602],[147.7549,152.77,123.3893],[147.472,151.6234,124.7178],[146.2495,154.2529,129.0732],[144.9709,155.4505,128.8825],[146.6616,155.9213,128.5968],[144.0775,155.9627,126.7001],[142.4536,155.7121,120.3202],[143.6377,157.0247,120.364],[141.9494,158.6877,120.6766],[141.1745,157.5454,119.5917],[139.7787,154.8417,123.1775],[138.298,153.5269,125.3609],[136.9715,152.6345,127.0058],[134.6293,154.374,127.9001],[136.3148,154.5579,128.3895],[136.254,152.2949,129.454],[134.939,153.3017,130.0722],[134.0231,150.3476,127.4015],[135.7112,150.537,127.8863],[135.3778,151.416,125.577],[134.0501,152.4329,126.1432],[134.1861,154.8287,125.5973],[134.5385,156.3758,123.7167],[137.2706,156.9078,119.2154],[137.7899,159.326,122.0141],[136.6714,159.5611,120.6102],[135.8727,158.8547,123.5289],[133.5622,158.7167,122.5361],[134.244,160.3498,122.5581],[134.1932,159.4439,121.0425],[140.0727,157.5186,123.6855],[142.1584,159.5204,122.7077],[140.438,159.8604,122.9531],[141.4693,159.3992,124.3189],[137.9954,153.0688,132.1394],[136.9199,155.0515,132.4266],[138.3909,155.7619,131.7487],[136.9977,155.386,130.6947],[138.36018,153.5045,129.88608],[138.6186,153.2908,128.42621],[138.5824,154.3631,127.526855],[138.84502,154.16061,126.164856],[138.75864,155.27673,125.22982],[137.76158,155.511,124.29313],[138.06747,156.75966,123.73468],[139.14319,157.31696,124.27935],[139.62752,156.3763,125.14671],[140.88315,156.62845,125.792076],[141.61345,155.62886,126.447105],[142.83923,155.92531,127.056496],[143.34048,157.21976,127.00691],[144.5285,157.54584,127.58893],[142.64558,158.22086,126.34527],[141.42424,157.92679,125.73326],[137.2787,157.3897,122.647385],[135.85815,156.79747,122.58621],[135.87144,155.32149,122.67881],[134.94318,154.56279,121.974464],[133.67795,155.06343,121.62814],[132.743,154.28513,120.93471],[133.05576,152.98174,120.566895],[134.30461,152.46304,120.88531],[135.23305,153.24725,121.57975],[136.54564,154.72856,123.8723],[135.52953,154.62964,125.02244],[139.14532,152.87282,125.70054],[139.21948,151.79536,126.59224],[139.5325,150.41382,126.104],[138.94653,152.02002,127.94501],[139.00096,150.98949,128.80313]]",PROJECTED,real512_o3a_zmatrix_pre_gflownet,not_trained
CAL-ANCHOR-000130,C[C@@H]1c2c(nn(-c3ccccc3)c2-c2ccccc2)CCN1c1ccccc1,SCAFFOLD_ANCHORED__CAL-ANCHOR-000130__EXIT_10__CUT_9__PHI_120,ALENI_CORE_MINUS_FRAG-A.C[C@@H]1c2c(nn(-c3ccccc3)c2-c2ccccc2)CCN1c1ccccc1>>SCAFFOLD_ANCHORED_RXN_AMIDE_COUPLING,CAL-ANCHOR-000130,ALENI_CORE_EXIT_10_CUT_9,0.8506559052965166,3.0,1.896064568220901,3.0,1.896064568220901,4.0,2,normal,120.0,zmatrix,true,6,3,campaigns/glp1r_aleniglipron/track_a_generative/ALENI-PARENT_6XOX_frame_o3a_relaxed.sdf,compact_pseudo_ligand_o3a,"[[140.7175,154.8487,127.3529],[140.3245,156.178,127.2565],[140.9153,156.7657,126.2094],[141.7323,155.8573,125.598],[142.4203,156.0754,124.4162],[142.0627,156.8304,123.307],[142.9126,156.3633,122.2747],[143.8222,155.4977,122.7096],[143.6236,155.4409,124.0597],[144.6688,154.9206,124.885],[145.6441,154.088,124.3084],[146.6994,153.5823,125.0794],[147.718,152.6625,124.4785],[146.7584,153.9094,126.4361],[147.758,153.4189,127.1856],[145.8078,154.7445,127.0305],[145.9316,155.1149,128.4775],[144.7742,155.2687,126.2404],[142.7151,156.6525,120.8219],[141.5715,157.6625,120.6056],[140.5137,157.4934,121.6182],[139.2847,156.966,121.2248],[138.9075,157.0176,120.054],[138.468,156.3427,122.2416],[138.8117,155.3277,123.1232],[137.6917,155.0423,123.9459],[137.4785,154.155,125.019],[136.2161,154.0811,125.6334],[136.0069,153.1158,126.7872],[135.5634,153.8258,128.0741],[135.3257,152.8039,129.1775],[134.3613,151.8346,128.7655],[134.7975,151.0861,127.6316],[135.0156,151.9986,126.432],[135.1773,154.8875,125.15],[135.3657,155.7744,124.0829],[136.64,155.8442,123.5037],[137.1377,156.6057,122.4696],[136.3264,157.6132,121.7046],[135.6319,157.0176,120.54],[134.3866,156.6892,120.5279],[134.1757,156.161,119.2127],[135.39,156.2319,118.5679],[135.6014,155.8627,117.4241],[136.2852,156.7706,119.4055],[136.8502,159.0486,121.5503],[135.6931,158.7935,122.4599],[134.3513,159.3515,122.1216],[140.9102,157.7389,123.024],[141.2648,159.2108,123.2598],[141.6268,154.5873,126.2547],[142.1491,153.5395,125.911],[138.1014,153.7185,131.348],[137.5829,155.0491,131.5557],[139.6341,156.6427,127.9419],[140.8119,157.7895,125.8929],[145.5786,153.8174,123.2551],[148.7187,152.8905,124.8602],[147.7549,152.77,123.3893],[147.472,151.6234,124.7178],[146.2495,154.2529,129.0732],[144.9709,155.4505,128.8825],[146.6616,155.9213,128.5968],[144.0775,155.9627,126.7001],[142.4536,155.7121,120.3202],[143.6377,157.0247,120.364],[141.9494,158.6877,120.6766],[141.1745,157.5454,119.5917],[139.7787,154.8417,123.1775],[138.298,153.5269,125.3609],[136.9715,152.6345,127.0058],[134.6293,154.374,127.9001],[136.3148,154.5579,128.3895],[136.254,152.2949,129.454],[134.939,153.3017,130.0722],[134.0231,150.3476,127.4015],[135.7112,150.537,127.8863],[135.3778,151.416,125.577],[134.0501,152.4329,126.1432],[134.1861,154.8287,125.5973],[134.5385,156.3758,123.7167],[137.2706,156.9078,119.2154],[137.7899,159.326,122.0141],[136.6714,159.5611,120.6102],[135.8727,158.8547,123.5289],[133.5622,158.7167,122.5361],[134.244,160.3498,122.5581],[134.1932,159.4439,121.0425],[140.0727,157.5186,123.6855],[142.1584,159.5204,122.7077],[140.438,159.8604,122.9531],[141.4693,159.3992,124.3189],[137.9954,153.0688,132.1394],[136.9199,155.0515,132.4266],[138.3909,155.7619,131.7487],[136.9977,155.386,130.6947],[140.31573,154.11618,126.1071],[139.90492,153.36716,124.833244],[139.3777,154.30952,123.779755],[138.03117,154.2976,123.38008],[137.75311,155.23917,122.48568],[138.95952,155.82498,122.20186],[139.00868,156.80025,121.15216],[140.2085,157.24307,120.58332],[140.19885,158.19804,119.55959],[138.99474,158.71263,119.08612],[137.79344,158.26733,119.62798],[137.79865,157.3141,120.64976],[139.97101,155.31708,123.033676],[141.34456,155.79738,123.14243],[142.40944,154.98413,122.73459],[143.72552,155.43108,122.86366],[143.98521,156.68794,123.40849],[142.93115,157.49829,123.82837],[141.61417,157.05359,123.7006],[137.0221,153.34071,123.91162],[137.49751,152.784,125.2652],[138.90181,152.32411,125.19418],[139.24153,150.98026,125.19274],[138.3399,149.97939,124.79669],[138.68784,148.62224,124.79742],[139.9567,148.22739,125.20142],[140.87282,149.19084,125.60246],[140.51541,150.54495,125.59588]]",PROJECTED,real512_o3a_zmatrix_pre_gflownet,not_trained
CAL-ANCHOR-000057,CC1CC1(Nc1ccccc1)c1noc(=O)[nH]1,SCAFFOLD_ANCHORED__CAL-ANCHOR-000057__EXIT_64__CUT_63__PHI_180,ALENI_CORE_MINUS_FRAG-A.CC1CC1(Nc1ccccc1)c1noc(=O)[nH]1>>SCAFFOLD_ANCHORED_RXN_AMIDE_COUPLING,CAL-ANCHOR-000057,ALENI_CORE_EXIT_64_CUT_63,0.8473292285207862,2.0,0.9160246288752825,2.0,0.9160246288752825,4.0,2,normal,180.0,zmatrix,true,6,4,campaigns/glp1r_aleniglipron/track_a_generative/ALENI-PARENT_6XOX_frame_o3a_relaxed.sdf,compact_pseudo_ligand_o3a,"[[140.7175,154.8487,127.3529],[140.3245,156.178,127.2565],[140.9153,156.7657,126.2094],[141.7323,155.8573,125.598],[142.4203,156.0754,124.4162],[142.0627,156.8304,123.307],[142.9126,156.3633,122.2747],[143.8222,155.4977,122.7096],[143.6236,155.4409,124.0597],[144.6688,154.9206,124.885],[145.6441,154.088,124.3084],[146.6994,153.5823,125.0794],[147.718,152.6625,124.4785],[146.7584,153.9094,126.4361],[147.758,153.4189,127.1856],[145.8078,154.7445,127.0305],[145.9316,155.1149,128.4775],[144.7742,155.2687,126.2404],[142.7151,156.6525,120.8219],[141.5715,157.6625,120.6056],[140.5137,157.4934,121.6182],[139.2847,156.966,121.2248],[138.9075,157.0176,120.054],[138.468,156.3427,122.2416],[138.8117,155.3277,123.1232],[137.6917,155.0423,123.9459],[137.4785,154.155,125.019],[136.2161,154.0811,125.6334],[136.0069,153.1158,126.7872],[135.5634,153.8258,128.0741],[135.3257,152.8039,129.1775],[134.3613,151.8346,128.7655],[134.7975,151.0861,127.6316],[135.0156,151.9986,126.432],[135.1773,154.8875,125.15],[135.3657,155.7744,124.0829],[136.64,155.8442,123.5037],[137.1377,156.6057,122.4696],[136.3264,157.6132,121.7046],[135.6319,157.0176,120.54],[134.3866,156.6892,120.5279],[134.1757,156.161,119.2127],[135.39,156.2319,118.5679],[135.6014,155.8627,117.4241],[136.2852,156.7706,119.4055],[136.8502,159.0486,121.5503],[135.6931,158.7935,122.4599],[134.3513,159.3515,122.1216],[140.9102,157.7389,123.024],[141.2648,159.2108,123.2598],[141.6268,154.5873,126.2547],[142.1491,153.5395,125.911],[138.1014,153.7185,131.348],[137.5829,155.0491,131.5557],[139.6341,156.6427,127.9419],[140.8119,157.7895,125.8929],[145.5786,153.8174,123.2551],[148.7187,152.8905,124.8602],[147.7549,152.77,123.3893],[147.472,151.6234,124.7178],[146.2495,154.2529,129.0732],[144.9709,155.4505,128.8825],[146.6616,155.9213,128.5968],[144.0775,155.9627,126.7001],[142.4536,155.7121,120.3202],[143.6377,157.0247,120.364],[141.9494,158.6877,120.6766],[141.1745,157.5454,119.5917],[139.7787,154.8417,123.1775],[138.298,153.5269,125.3609],[136.9715,152.6345,127.0058],[134.6293,154.374,127.9001],[136.3148,154.5579,128.3895],[136.254,152.2949,129.454],[134.939,153.3017,130.0722],[134.0231,150.3476,127.4015],[135.7112,150.537,127.8863],[135.3778,151.416,125.577],[134.0501,152.4329,126.1432],[134.1861,154.8287,125.5973],[134.5385,156.3758,123.7167],[137.2706,156.9078,119.2154],[137.7899,159.326,122.0141],[136.6714,159.5611,120.6102],[135.8727,158.8547,123.5289],[133.5622,158.7167,122.5361],[134.244,160.3498,122.5581],[134.1932,159.4439,121.0425],[140.0727,157.5186,123.6855],[142.1584,159.5204,122.7077],[140.438,159.8604,122.9531],[141.4693,159.3992,124.3189],[137.9954,153.0688,132.1394],[136.9199,155.0515,132.4266],[138.3909,155.7619,131.7487],[136.9977,155.386,130.6947],[137.18002,152.95802,130.44095],[136.26395,152.20192,129.53912],[135.56337,152.90543,128.41911],[136.63748,151.86874,128.10075],[136.16791,150.60944,127.48665],[136.51047,149.3127,127.90221],[137.26787,149.04633,129.04865],[137.59969,147.73541,129.40617],[137.17645,146.66809,128.62003],[136.41936,146.91165,127.478745],[136.08989,148.22333,127.12557],[137.92636,152.35349,127.524376],[138.1329,153.55266,127.09658],[139.48921,153.53845,126.6374],[139.95192,152.26071,126.84478],[141.07014,151.85965,126.564995],[138.97319,151.53633,127.40032]]",PROJECTED,real512_o3a_zmatrix_pre_gflownet,not_trained
CAL-ANCHOR-000113,C[C@@H]1c2c(nn(-c3noc(=O)[nH]3)c2C(=O)O)CCN1c1ccccc1,SCAFFOLD_ANCHORED__CAL-ANCHOR-000113__EXIT_10__CUT_9__PHI_0,ALENI_CORE_MINUS_FRAG-A.C[C@@H]1c2c(nn(-c3noc(=O)[nH]3)c2C(=O)O)CCN1c1ccccc1>>SCAFFOLD_ANCHORED_RXN_AMIDE_COUPLING,CAL-ANCHOR-000113,ALENI_CORE_EXIT_10_CUT_9,0.8463252623057208,5.0,2.8440968523313512,5.0,2.8440968523313512,8.0,4,cryptic_rescue,0.0,zmatrix,true,6,1,campaigns/glp1r_aleniglipron/track_a_generative/ALENI-PARENT_6XOX_frame_o3a_relaxed.sdf,compact_pseudo_ligand_o3a,"[[140.7175,154.8487,127.3529],[140.3245,156.178,127.2565],[140.9153,156.7657,126.2094],[141.7323,155.8573,125.598],[142.4203,156.0754,124.4162],[142.0627,156.8304,123.307],[142.9126,156.3633,122.2747],[143.8222,155.4977,122.7096],[143.6236,155.4409,124.0597],[144.6688,154.9206,124.885],[145.6441,154.088,124.3084],[146.6994,153.5823,125.0794],[147.718,152.6625,124.4785],[146.7584,153.9094,126.4361],[147.758,153.4189,127.1856],[145.8078,154.7445,127.0305],[145.9316,155.1149,128.4775],[144.7742,155.2687,126.2404],[142.7151,156.6525,120.8219],[141.5715,157.6625,120.6056],[140.5137,157.4934,121.6182],[139.2847,156.966,121.2248],[138.9075,157.0176,120.054],[138.468,156.3427,122.2416],[138.8117,155.3277,123.1232],[137.6917,155.0423,123.9459],[137.4785,154.155,125.019],[136.2161,154.0811,125.6334],[136.0069,153.1158,126.7872],[135.5634,153.8258,128.0741],[135.3257,152.8039,129.1775],[134.3613,151.8346,128.7655],[134.7975,151.0861,127.6316],[135.0156,151.9986,126.432],[135.1773,154.8875,125.15],[135.3657,155.7744,124.0829],[136.64,155.8442,123.5037],[137.1377,156.6057,122.4696],[136.3264,157.6132,121.7046],[135.6319,157.0176,120.54],[134.3866,156.6892,120.5279],[134.1757,156.161,119.2127],[135.39,156.2319,118.5679],[135.6014,155.8627,117.4241],[136.2852,156.7706,119.4055],[136.8502,159.0486,121.5503],[135.6931,158.7935,122.4599],[134.3513,159.3515,122.1216],[140.9102,157.7389,123.024],[141.2648,159.2108,123.2598],[141.6268,154.5873,126.2547],[142.1491,153.5395,125.911],[138.1014,153.7185,131.348],[137.5829,155.0491,131.5557],[139.6341,156.6427,127.9419],[140.8119,157.7895,125.8929],[145.5786,153.8174,123.2551],[148.7187,152.8905,124.8602],[147.7549,152.77,123.3893],[147.472,151.6234,124.7178],[146.2495,154.2529,129.0732],[144.9709,155.4505,128.8825],[146.6616,155.9213,128.5968],[144.0775,155.9627,126.7001],[142.4536,155.7121,120.3202],[143.6377,157.0247,120.364],[141.9494,158.6877,120.6766],[141.1745,157.5454,119.5917],[139.7787,154.8417,123.1775],[138.298,153.5269,125.3609],[136.9715,152.6345,127.0058],[134.6293,154.374,127.9001],[136.3148,154.5579,128.3895],[136.254,152.2949,129.454],[134.939,153.3017,130.0722],[134.0231,150.3476,127.4015],[135.7112,150.537,127.8863],[135.3778,151.416,125.577],[134.0501,152.4329,126.1432],[134.1861,154.8287,125.5973],[134.5385,156.3758,123.7167],[137.2706,156.9078,119.2154],[137.7899,159.326,122.0141],[136.6714,159.5611,120.6102],[135.8727,158.8547,123.5289],[133.5622,158.7167,122.5361],[134.244,160.3498,122.5581],[134.1932,159.4439,121.0425],[140.0727,157.5186,123.6855],[142.1584,159.5204,122.7077],[140.438,159.8604,122.9531],[141.4693,159.3992,124.3189],[137.9954,153.0688,132.1394],[136.9199,155.0515,132.4266],[138.3909,155.7619,131.7487],[136.9977,155.386,130.6947],[140.05467,154.21544,128.54018],[139.37698,153.56798,129.75409],[138.9462,152.1537,129.45587],[137.58768,151.78796,129.35156],[137.42265,150.4895,129.09802],[138.70807,150.0091,129.00485],[138.88892,148.70789,128.52826],[139.97267,148.09718,128.19702],[139.51575,146.80669,127.76382],[138.14146,146.81725,127.88525],[137.40277,145.88919,127.60019],[137.7636,148.00945,128.36127],[139.6484,150.96568,129.34187],[141.04567,150.74281,129.52324],[141.95877,151.50842,129.26216],[141.27675,149.58221,130.16112],[136.46158,152.74164,129.56393],[136.9622,154.18918,129.40755],[138.21655,154.40923,130.16025],[138.25961,155.17159,131.31715],[139.4478,155.78494,131.74898],[139.50554,156.55896,132.91472],[138.36568,156.7409,133.68668],[137.17363,156.14949,133.28885],[137.12619,155.37863,132.11993]]",PROJECTED,real512_o3a_zmatrix_pre_gflownet,not_trained
CAL-ANCHOR-000185,CC(=O)N1CCc2nn(-c3ccccc3)c(C(=O)O)c2C1C,SCAFFOLD_ANCHORED__CAL-ANCHOR-000185__EXIT_10__CUT_9__PHI_180,ALENI_CORE_MINUS_FRAG-A.CC(=O)N1CCc2nn(-c3ccccc3)c(C(=O)O)c2C1C>>SCAFFOLD_ANCHORED_RXN_AMIDE_COUPLING,CAL-ANCHOR-000185,ALENI_CORE_EXIT_10_CUT_9,0.8455859336607303,1.0,0.4632421990178091,1.0,0.4632421990178091,2.0,1,cryptic_rescue,180.0,zmatrix,true,6,4,campaigns/glp1r_aleniglipron/track_a_generative/ALENI-PARENT_6XOX_frame_o3a_relaxed.sdf,compact_pseudo_ligand_o3a,"[[140.7175,154.8487,127.3529],[140.3245,156.178,127.2565],[140.9153,156.7657,126.2094],[141.7323,155.8573,125.598],[142.4203,156.0754,124.4162],[142.0627,156.8304,123.307],[142.9126,156.3633,122.2747],[143.8222,155.4977,122.7096],[143.6236,155.4409,124.0597],[144.6688,154.9206,124.885],[145.6441,154.088,124.3084],[146.6994,153.5823,125.0794],[147.718,152.6625,124.4785],[146.7584,153.9094,126.4361],[147.758,153.4189,127.1856],[145.8078,154.7445,127.0305],[145.9316,155.1149,128.4775],[144.7742,155.2687,126.2404],[142.7151,156.6525,120.8219],[141.5715,157.6625,120.6056],[140.5137,157.4934,121.6182],[139.2847,156.966,121.2248],[138.9075,157.0176,120.054],[138.468,156.3427,122.2416],[138.8117,155.3277,123.1232],[137.6917,155.0423,123.9459],[137.4785,154.155,125.019],[136.2161,154.0811,125.6334],[136.0069,153.1158,126.7872],[135.5634,153.8258,128.0741],[135.3257,152.8039,129.1775],[134.3613,151.8346,128.7655],[134.7975,151.0861,127.6316],[135.0156,151.9986,126.432],[135.1773,154.8875,125.15],[135.3657,155.7744,124.0829],[136.64,155.8442,123.5037],[137.1377,156.6057,122.4696],[136.3264,157.6132,121.7046],[135.6319,157.0176,120.54],[134.3866,156.6892,120.5279],[134.1757,156.161,119.2127],[135.39,156.2319,118.5679],[135.6014,155.8627,117.4241],[136.2852,156.7706,119.4055],[136.8502,159.0486,121.5503],[135.6931,158.7935,122.4599],[134.3513,159.3515,122.1216],[140.9102,157.7389,123.024],[141.2648,159.2108,123.2598],[141.6268,154.5873,126.2547],[142.1491,153.5395,125.911],[138.1014,153.7185,131.348],[137.5829,155.0491,131.5557],[139.6341,156.6427,127.9419],[140.8119,157.7895,125.8929],[145.5786,153.8174,123.2551],[148.7187,152.8905,124.8602],[147.7549,152.77,123.3893],[147.472,151.6234,124.7178],[146.2495,154.2529,129.0732],[144.9709,155.4505,128.8825],[146.6616,155.9213,128.5968],[144.0775,155.9627,126.7001],[142.4536,155.7121,120.3202],[143.6377,157.0247,120.364],[141.9494,158.6877,120.6766],[141.1745,157.5454,119.5917],[139.7787,154.8417,123.1775],[138.298,153.5269,125.3609],[136.9715,152.6345,127.0058],[134.6293,154.374,127.9001],[136.3148,154.5579,128.3895],[136.254,152.2949,129.454],[134.939,153.3017,130.0722],[134.0231,150.3476,127.4015],[135.7112,150.537,127.8863],[135.3778,151.416,125.577],[134.0501,152.4329,126.1432],[134.1861,154.8287,125.5973],[134.5385,156.3758,123.7167],[137.2706,156.9078,119.2154],[137.7899,159.326,122.0141],[136.6714,159.5611,120.6102],[135.8727,158.8547,123.5289],[133.5622,158.7167,122.5361],[134.244,160.3498,122.5581],[134.1932,159.4439,121.0425],[140.0727,157.5186,123.6855],[142.1584,159.5204,122.7077],[140.438,159.8604,122.9531],[141.4693,159.3992,124.3189],[137.9954,153.0688,132.1394],[136.9199,155.0515,132.4266],[138.3909,155.7619,131.7487],[136.9977,155.386,130.6947],[141.66356,154.52394,126.235085],[142.61601,154.19699,125.10972],[142.63226,154.92586,124.11993],[143.41798,153.0694,125.26457],[143.5772,152.38826,126.5662],[144.84225,152.89848,127.2762],[145.95824,152.99911,126.29314],[147.22652,153.1341,126.661896],[147.91045,153.2777,125.48933],[149.28076,153.68683,125.53934],[149.9405,154.22688,124.4271],[151.2788,154.62343,124.52583],[151.96448,154.49586,125.73181],[151.31187,153.98253,126.84896],[149.97539,153.58678,126.75734],[147.0911,153.01305,124.39441],[147.55226,152.81512,123.06101],[147.2173,153.40149,122.04577],[148.4459,151.8078,123.00748],[145.7929,152.93878,124.88735],[144.44331,152.67348,124.25613],[144.25327,153.1898,122.83587]]",PROJECTED,real512_o3a_zmatrix_pre_gflownet,not_trained
CAL-ANCHOR-000068,C[C@H]1CC1(Nc1ccccc1)C(=O)O,SCAFFOLD_ANCHORED__CAL-ANCHOR-000068__EXIT_10__CUT_9__PHI_60,ALENI_CORE_MINUS_FRAG-A.C[C@H]1CC1(Nc1ccccc1)C(=O)O>>SCAFFOLD_ANCHORED_RXN_AMIDE_COUPLING,CAL-ANCHOR-000068,ALENI_CORE_EXIT_10_CUT_9,0.8419946193149249,1.0,0.47401614205522524,1.0,0.47401614205522524,2.0,1,cryptic_rescue,60.0,zmatrix,true,6,2,campaigns/glp1r_aleniglipron/track_a_generative/ALENI-PARENT_6XOX_frame_o3a_relaxed.sdf,compact_pseudo_ligand_o3a,"[[140.7175,154.8487,127.3529],[140.3245,156.178,127.2565],[140.9153,156.7657,126.2094],[141.7323,155.8573,125.598],[142.4203,156.0754,124.4162],[142.0627,156.8304,123.307],[142.9126,156.3633,122.2747],[143.8222,155.4977,122.7096],[143.6236,155.4409,124.0597],[144.6688,154.9206,124.885],[145.6441,154.088,124.3084],[146.6994,153.5823,125.0794],[147.718,152.6625,124.4785],[146.7584,153.9094,126.4361],[147.758,153.4189,127.1856],[145.8078,154.7445,127.0305],[145.9316,155.1149,128.4775],[144.7742,155.2687,126.2404],[142.7151,156.6525,120.8219],[141.5715,157.6625,120.6056],[140.5137,157.4934,121.6182],[139.2847,156.966,121.2248],[138.9075,157.0176,120.054],[138.468,156.3427,122.2416],[138.8117,155.3277,123.1232],[137.6917,155.0423,123.9459],[137.4785,154.155,125.019],[136.2161,154.0811,125.6334],[136.0069,153.1158,126.7872],[135.5634,153.8258,128.0741],[135.3257,152.8039,129.1775],[134.3613,151.8346,128.7655],[134.7975,151.0861,127.6316],[135.0156,151.9986,126.432],[135.1773,154.8875,125.15],[135.3657,155.7744,124.0829],[136.64,155.8442,123.5037],[137.1377,156.6057,122.4696],[136.3264,157.6132,121.7046],[135.6319,157.0176,120.54],[134.3866,156.6892,120.5279],[134.1757,156.161,119.2127],[135.39,156.2319,118.5679],[135.6014,155.8627,117.4241],[136.2852,156.7706,119.4055],[136.8502,159.0486,121.5503],[135.6931,158.7935,122.4599],[134.3513,159.3515,122.1216],[140.9102,157.7389,123.024],[141.2648,159.2108,123.2598],[141.6268,154.5873,126.2547],[142.1491,153.5395,125.911],[138.1014,153.7185,131.348],[137.5829,155.0491,131.5557],[139.6341,156.6427,127.9419],[140.8119,157.7895,125.8929],[145.5786,153.8174,123.2551],[148.7187,152.8905,124.8602],[147.7549,152.77,123.3893],[147.472,151.6234,124.7178],[146.2495,154.2529,129.0732],[144.9709,155.4505,128.8825],[146.6616,155.9213,128.5968],[144.0775,155.9627,126.7001],[142.4536,155.7121,120.3202],[143.6377,157.0247,120.364],[141.9494,158.6877,120.6766],[141.1745,157.5454,119.5917],[139.7787,154.8417,123.1775],[138.298,153.5269,125.3609],[136.9715,152.6345,127.0058],[134.6293,154.374,127.9001],[136.3148,154.5579,128.3895],[136.254,152.2949,129.454],[134.939,153.3017,130.0722],[134.0231,150.3476,127.4015],[135.7112,150.537,127.8863],[135.3778,151.416,125.577],[134.0501,152.4329,126.1432],[134.1861,154.8287,125.5973],[134.5385,156.3758,123.7167],[137.2706,156.9078,119.2154],[137.7899,159.326,122.0141],[136.6714,159.5611,120.6102],[135.8727,158.8547,123.5289],[133.5622,158.7167,122.5361],[134.244,160.3498,122.5581],[134.1932,159.4439,121.0425],[140.0727,157.5186,123.6855],[142.1584,159.5204,122.7077],[140.438,159.8604,122.9531],[141.4693,159.3992,124.3189],[137.9954,153.0688,132.1394],[136.9199,155.0515,132.4266],[138.3909,155.7619,131.7487],[136.9977,155.386,130.6947],[139.51129,153.96193,127.25965],[138.31194,153.0802,127.16693],[138.40173,151.74931,126.46483],[138.1839,151.78894,127.96601],[136.88889,151.43692,128.60956],[135.56293,151.42583,128.15028],[134.60213,150.79863,128.96614],[133.25792,150.7089,128.59053],[132.8421,151.2446,127.37873],[133.77235,151.86473,126.55209],[135.11803,151.94931,126.93605],[139.355,151.34956,128.83368],[140.49736,151.15938,128.44484],[139.02675,151.17534,130.13815]]",PROJECTED,real512_o3a_zmatrix_pre_gflownet,not_trained
CAL-ANCHOR-000097,Cc1cc(-c2c3c(nn2-c2ccccc2)CCN(c2ccccc2)C3C)cc(C)c1F,SCAFFOLD_ANCHORED__CAL-ANCHOR-000097__EXIT_64__CUT_63__PHI_240,ALENI_CORE_MINUS_FRAG-A.Cc1cc(-c2c3c(nn2-c2ccccc2)CCN(c2ccccc2)C3C)cc(C)c1F>>SCAFFOLD_ANCHORED_RXN_AMIDE_COUPLING,CAL-ANCHOR-000097,ALENI_CORE_EXIT_64_CUT_63,0.8419946193149249,2.0,0.9480322841104505,2.0,0.9480322841104505,4.0,2,normal,240.0,zmatrix,true,6,5,campaigns/glp1r_aleniglipron/track_a_generative/ALENI-PARENT_6XOX_frame_o3a_relaxed.sdf,compact_pseudo_ligand_o3a,"[[140.7175,154.8487,127.3529],[140.3245,156.178,127.2565],[140.9153,156.7657,126.2094],[141.7323,155.8573,125.598],[142.4203,156.0754,124.4162],[142.0627,156.8304,123.307],[142.9126,156.3633,122.2747],[143.8222,155.4977,122.7096],[143.6236,155.4409,124.0597],[144.6688,154.9206,124.885],[145.6441,154.088,124.3084],[146.6994,153.5823,125.0794],[147.718,152.6625,124.4785],[146.7584,153.9094,126.4361],[147.758,153.4189,127.1856],[145.8078,154.7445,127.0305],[145.9316,155.1149,128.4775],[144.7742,155.2687,126.2404],[142.7151,156.6525,120.8219],[141.5715,157.6625,120.6056],[140.5137,157.4934,121.6182],[139.2847,156.966,121.2248],[138.9075,157.0176,120.054],[138.468,156.3427,122.2416],[138.8117,155.3277,123.1232],[137.6917,155.0423,123.9459],[137.4785,154.155,125.019],[136.2161,154.0811,125.6334],[136.0069,153.1158,126.7872],[135.5634,153.8258,128.0741],[135.3257,152.8039,129.1775],[134.3613,151.8346,128.7655],[134.7975,151.0861,127.6316],[135.0156,151.9986,126.432],[135.1773,154.8875,125.15],[135.3657,155.7744,124.0829],[136.64,155.8442,123.5037],[137.1377,156.6057,122.4696],[136.3264,157.6132,121.7046],[135.6319,157.0176,120.54],[134.3866,156.6892,120.5279],[134.1757,156.161,119.2127],[135.39,156.2319,118.5679],[135.6014,155.8627,117.4241],[136.2852,156.7706,119.4055],[136.8502,159.0486,121.5503],[135.6931,158.7935,122.4599],[134.3513,159.3515,122.1216],[140.9102,157.7389,123.024],[141.2648,159.2108,123.2598],[141.6268,154.5873,126.2547],[142.1491,153.5395,125.911],[138.1014,153.7185,131.348],[137.5829,155.0491,131.5557],[139.6341,156.6427,127.9419],[140.8119,157.7895,125.8929],[145.5786,153.8174,123.2551],[148.7187,152.8905,124.8602],[147.7549,152.77,123.3893],[147.472,151.6234,124.7178],[146.2495,154.2529,129.0732],[144.9709,155.4505,128.8825],[146.6616,155.9213,128.5968],[144.0775,155.9627,126.7001],[142.4536,155.7121,120.3202],[143.6377,157.0247,120.364],[141.9494,158.6877,120.6766],[141.1745,157.5454,119.5917],[139.7787,154.8417,123.1775],[138.298,153.5269,125.3609],[136.9715,152.6345,127.0058],[134.6293,154.374,127.9001],[136.3148,154.5579,128.3895],[136.254,152.2949,129.454],[134.939,153.3017,130.0722],[134.0231,150.3476,127.4015],[135.7112,150.537,127.8863],[135.3778,151.416,125.577],[134.0501,152.4329,126.1432],[134.1861,154.8287,125.5973],[134.5385,156.3758,123.7167],[137.2706,156.9078,119.2154],[137.7899,159.326,122.0141],[136.6714,159.5611,120.6102],[135.8727,158.8547,123.5289],[133.5622,158.7167,122.5361],[134.244,160.3498,122.5581],[134.1932,159.4439,121.0425],[140.0727,157.5186,123.6855],[142.1584,159.5204,122.7077],[140.438,159.8604,122.9531],[141.4693,159.3992,124.3189],[137.9954,153.0688,132.1394],[136.9199,155.0515,132.4266],[138.3909,155.7619,131.7487],[136.9977,155.386,130.6947],[138.36018,153.5045,129.88608],[138.6187,153.29073,128.42575],[138.52559,154.35109,127.515724],[138.741,154.13654,126.14705],[138.61253,155.24306,125.20389],[137.44722,155.90343,124.84],[137.8314,156.80211,123.83589],[139.1205,156.71118,123.5296],[139.63353,155.80858,124.42227],[141.0513,155.59846,124.435936],[141.81796,156.09293,123.36454],[143.20297,155.91104,123.3303],[143.84283,155.2437,124.36972],[143.09933,154.76779,125.44661],[141.71156,154.94777,125.484856],[136.90054,157.76035,123.19021],[135.4407,157.2977,123.34865],[135.14734,156.8598,124.7306],[133.89886,157.09665,125.2941],[132.73674,157.21098,124.51503],[131.4823,157.44193,125.09194],[131.3618,157.56937,126.470695],[132.4956,157.46707,127.267815],[133.74551,157.23384,126.68269],[136.01685,155.7858,125.296165],[135.42908,154.41653,124.91702],[139.0277,152.84378,125.68486],[139.1261,151.77264,126.58162],[139.40248,150.38362,126.09265],[138.90492,152.01059,127.94144],[138.96552,150.98393,128.80359]]",PROJECTED,real512_o3a_zmatrix_pre_gflownet,not_trained
CAL-ANCHOR-000183,O=C(NC1CCOCC1)c1ccccc1,SCAFFOLD_ANCHORED__CAL-ANCHOR-000183__EXIT_10__CUT_9__PHI_60,ALENI_CORE_MINUS_FRAG-A.O=C(NC1CCOCC1)c1ccccc1>>SCAFFOLD_ANCHORED_RXN_AMIDE_COUPLING,CAL-ANCHOR-000183,ALENI_CORE_EXIT_10_CUT_9,0.8419946193149249,1.0,0.47401614205522524,1.0,0.47401614205522524,2.0,1,cryptic_rescue,60.0,zmatrix,true,6,2,campaigns/glp1r_aleniglipron/track_a_generative/ALENI-PARENT_6XOX_frame_o3a_relaxed.sdf,compact_pseudo_ligand_o3a,"[[140.7175,154.8487,127.3529],[140.3245,156.178,127.2565],[140.9153,156.7657,126.2094],[141.7323,155.8573,125.598],[142.4203,156.0754,124.4162],[142.0627,156.8304,123.307],[142.9126,156.3633,122.2747],[143.8222,155.4977,122.7096],[143.6236,155.4409,124.0597],[144.6688,154.9206,124.885],[145.6441,154.088,124.3084],[146.6994,153.5823,125.0794],[147.718,152.6625,124.4785],[146.7584,153.9094,126.4361],[147.758,153.4189,127.1856],[145.8078,154.7445,127.0305],[145.9316,155.1149,128.4775],[144.7742,155.2687,126.2404],[142.7151,156.6525,120.8219],[141.5715,157.6625,120.6056],[140.5137,157.4934,121.6182],[139.2847,156.966,121.2248],[138.9075,157.0176,120.054],[138.468,156.3427,122.2416],[138.8117,155.3277,123.1232],[137.6917,155.0423,123.9459],[137.4785,154.155,125.019],[136.2161,154.0811,125.6334],[136.0069,153.1158,126.7872],[135.5634,153.8258,128.0741],[135.3257,152.8039,129.1775],[134.3613,151.8346,128.7655],[134.7975,151.0861,127.6316],[135.0156,151.9986,126.432],[135.1773,154.8875,125.15],[135.3657,155.7744,124.0829],[136.64,155.8442,123.5037],[137.1377,156.6057,122.4696],[136.3264,157.6132,121.7046],[135.6319,157.0176,120.54],[134.3866,156.6892,120.5279],[134.1757,156.161,119.2127],[135.39,156.2319,118.5679],[135.6014,155.8627,117.4241],[136.2852,156.7706,119.4055],[136.8502,159.0486,121.5503],[135.6931,158.7935,122.4599],[134.3513,159.3515,122.1216],[140.9102,157.7389,123.024],[141.2648,159.2108,123.2598],[141.6268,154.5873,126.2547],[142.1491,153.5395,125.911],[138.1014,153.7185,131.348],[137.5829,155.0491,131.5557],[139.6341,156.6427,127.9419],[140.8119,157.7895,125.8929],[145.5786,153.8174,123.2551],[148.7187,152.8905,124.8602],[147.7549,152.77,123.3893],[147.472,151.6234,124.7178],[146.2495,154.2529,129.0732],[144.9709,155.4505,128.8825],[146.6616,155.9213,128.5968],[144.0775,155.9627,126.7001],[142.4536,155.7121,120.3202],[143.6377,157.0247,120.364],[141.9494,158.6877,120.6766],[141.1745,157.5454,119.5917],[139.7787,154.8417,123.1775],[138.298,153.5269,125.3609],[136.9715,152.6345,127.0058],[134.6293,154.374,127.9001],[136.3148,154.5579,128.3895],[136.254,152.2949,129.454],[134.939,153.3017,130.0722],[134.0231,150.3476,127.4015],[135.7112,150.537,127.8863],[135.3778,151.416,125.577],[134.0501,152.4329,126.1432],[134.1861,154.8287,125.5973],[134.5385,156.3758,123.7167],[137.2706,156.9078,119.2154],[137.7899,159.326,122.0141],[136.6714,159.5611,120.6102],[135.8727,158.8547,123.5289],[133.5622,158.7167,122.5361],[134.244,160.3498,122.5581],[134.1932,159.4439,121.0425],[140.0727,157.5186,123.6855],[142.1584,159.5204,122.7077],[140.438,159.8604,122.9531],[141.4693,159.3992,124.3189],[137.9954,153.0688,132.1394],[136.9199,155.0515,132.4266],[138.3909,155.7619,131.7487],[136.9977,155.386,130.6947],[139.51129,153.96193,127.25965],[138.5254,153.23714,127.18344],[137.50027,153.2528,128.10393],[137.54793,154.06639,129.31454],[136.13812,154.49753,129.7378],[135.5203,153.53897,130.75227],[136.00082,152.21622,130.53836],[137.38751,152.0857,130.86958],[138.22481,153.29187,130.44293],[138.37943,152.29039,126.04294],[139.0033,152.61342,124.83092],[138.8967,151.7563,123.73431],[138.1751,150.56865,123.846466],[137.56598,150.23206,125.05537],[137.6694,151.08751,126.15544]]",PROJECTED,real512_o3a_zmatrix_pre_gflownet,not_trained
CAL-ANCHOR-000201,CC1c2c(nn(-c3ccccc3)c2C(=O)O)CCN1c1ccc(O)cc1,SCAFFOLD_ANCHORED__CAL-ANCHOR-000201__EXIT_10__CUT_9__PHI_120,ALENI_CORE_MINUS_FRAG-A.CC1c2c(nn(-c3ccccc3)c2C(=O)O)CCN1c1ccc(O)cc1>>SCAFFOLD_ANCHORED_RXN_AMIDE_COUPLING,CAL-ANCHOR-000201,ALENI_CORE_EXIT_10_CUT_9,0.8419946193149249,1.0,0.47401614205522524,1.0,0.47401614205522524,2.0,1,cryptic_rescue,120.0,zmatrix,true,6,3,campaigns/glp1r_aleniglipron/track_a_generative/ALENI-PARENT_6XOX_frame_o3a_relaxed.sdf,compact_pseudo_ligand_o3a,"[[140.7175,154.8487,127.3529],[140.3245,156.178,127.2565],[140.9153,156.7657,126.2094],[141.7323,155.8573,125.598],[142.4203,156.0754,124.4162],[142.0627,156.8304,123.307],[142.9126,156.3633,122.2747],[143.8222,155.4977,122.7096],[143.6236,155.4409,124.0597],[144.6688,154.9206,124.885],[145.6441,154.088,124.3084],[146.6994,153.5823,125.0794],[147.718,152.6625,124.4785],[146.7584,153.9094,126.4361],[147.758,153.4189,127.1856],[145.8078,154.7445,127.0305],[145.9316,155.1149,128.4775],[144.7742,155.2687,126.2404],[142.7151,156.6525,120.8219],[141.5715,157.6625,120.6056],[140.5137,157.4934,121.6182],[139.2847,156.966,121.2248],[138.9075,157.0176,120.054],[138.468,156.3427,122.2416],[138.8117,155.3277,123.1232],[137.6917,155.0423,123.9459],[137.4785,154.155,125.019],[136.2161,154.0811,125.6334],[136.0069,153.1158,126.7872],[135.5634,153.8258,128.0741],[135.3257,152.8039,129.1775],[134.3613,151.8346,128.7655],[134.7975,151.0861,127.6316],[135.0156,151.9986,126.432],[135.1773,154.8875,125.15],[135.3657,155.7744,124.0829],[136.64,155.8442,123.5037],[137.1377,156.6057,122.4696],[136.3264,157.6132,121.7046],[135.6319,157.0176,120.54],[134.3866,156.6892,120.5279],[134.1757,156.161,119.2127],[135.39,156.2319,118.5679],[135.6014,155.8627,117.4241],[136.2852,156.7706,119.4055],[136.8502,159.0486,121.5503],[135.6931,158.7935,122.4599],[134.3513,159.3515,122.1216],[140.9102,157.7389,123.024],[141.2648,159.2108,123.2598],[141.6268,154.5873,126.2547],[142.1491,153.5395,125.911],[138.1014,153.7185,131.348],[137.5829,155.0491,131.5557],[139.6341,156.6427,127.9419],[140.8119,157.7895,125.8929],[145.5786,153.8174,123.2551],[148.7187,152.8905,124.8602],[147.7549,152.77,123.3893],[147.472,151.6234,124.7178],[146.2495,154.2529,129.0732],[144.9709,155.4505,128.8825],[146.6616,155.9213,128.5968],[144.0775,155.9627,126.7001],[142.4536,155.7121,120.3202],[143.6377,157.0247,120.364],[141.9494,158.6877,120.6766],[141.1745,157.5454,119.5917],[139.7787,154.8417,123.1775],[138.298,153.5269,125.3609],[136.9715,152.6345,127.0058],[134.6293,154.374,127.9001],[136.3148,154.5579,128.3895],[136.254,152.2949,129.454],[134.939,153.3017,130.0722],[134.0231,150.3476,127.4015],[135.7112,150.537,127.8863],[135.3778,151.416,125.577],[134.0501,152.4329,126.1432],[134.1861,154.8287,125.5973],[134.5385,156.3758,123.7167],[137.2706,156.9078,119.2154],[137.7899,159.326,122.0141],[136.6714,159.5611,120.6102],[135.8727,158.8547,123.5289],[133.5622,158.7167,122.5361],[134.244,160.3498,122.5581],[134.1932,159.4439,121.0425],[140.0727,157.5186,123.6855],[142.1584,159.5204,122.7077],[140.438,159.8604,122.9531],[141.4693,159.3992,124.3189],[137.9954,153.0688,132.1394],[136.9199,155.0515,132.4266],[138.3909,155.7619,131.7487],[136.9977,155.386,130.6947],[140.31573,154.11618,126.1071],[139.9044,153.36623,124.83164],[138.58101,152.66214,125.01529],[137.42403,153.08443,124.33335],[136.37149,152.31726,124.592285],[136.81407,151.43327,125.53713],[135.83936,150.66794,126.24968],[136.10034,150.11581,127.509186],[135.10812,149.3947,128.18242],[133.84639,149.2331,127.61423],[133.56705,149.8016,126.37482],[134.55411,150.52246,125.69861],[138.20322,151.4929,125.67016],[139.02689,150.48906,126.27575],[138.75143,149.33371,126.5559],[140.27777,150.93747,126.51252],[137.396,154.21019,123.35893],[138.60918,155.12726,123.58331],[139.85883,154.34503,123.70634],[140.81865,154.32845,122.70675],[142.16357,154.02722,122.986534],[143.14827,154.0104,121.98976],[142.7965,154.29759,120.68047],[143.71567,154.29388,119.675385],[141.48354,154.5993,120.36124],[140.50923,154.61493,121.36695]]",PROJECTED,real512_o3a_zmatrix_pre_gflownet,not_trained
CAL-ANCHOR-000494,CNn1ccn(C2(c3ccccc3)CC2C)c1=O,SCAFFOLD_ANCHORED__CAL-ANCHOR-000494__EXIT_64__CUT_63__PHI_180,ALENI_CORE_MINUS_FRAG-A.CNn1ccn(C2(c3ccccc3)CC2C)c1=O>>SCAFFOLD_ANCHORED_RXN_AMIDE_COUPLING,CAL-ANCHOR-000494,ALENI_CORE_EXIT_64_CUT_63,0.8419946193149249,1.0,0.47401614205522524,1.0,0.47401614205522524,2.0,1,cryptic_rescue,180.0,zmatrix,true,6,4,campaigns/glp1r_aleniglipron/track_a_generative/ALENI-PARENT_6XOX_frame_o3a_relaxed.sdf,compact_pseudo_ligand_o3a,"[[140.7175,154.8487,127.3529],[140.3245,156.178,127.2565],[140.9153,156.7657,126.2094],[141.7323,155.8573,125.598],[142.4203,156.0754,124.4162],[142.0627,156.8304,123.307],[142.9126,156.3633,122.2747],[143.8222,155.4977,122.7096],[143.6236,155.4409,124.0597],[144.6688,154.9206,124.885],[145.6441,154.088,124.3084],[146.6994,153.5823,125.0794],[147.718,152.6625,124.4785],[146.7584,153.9094,126.4361],[147.758,153.4189,127.1856],[145.8078,154.7445,127.0305],[145.9316,155.1149,128.4775],[144.7742,155.2687,126.2404],[142.7151,156.6525,120.8219],[141.5715,157.6625,120.6056],[140.5137,157.4934,121.6182],[139.2847,156.966,121.2248],[138.9075,157.0176,120.054],[138.468,156.3427,122.2416],[138.8117,155.3277,123.1232],[137.6917,155.0423,123.9459],[137.4785,154.155,125.019],[136.2161,154.0811,125.6334],[136.0069,153.1158,126.7872],[135.5634,153.8258,128.0741],[135.3257,152.8039,129.1775],[134.3613,151.8346,128.7655],[134.7975,151.0861,127.6316],[135.0156,151.9986,126.432],[135.1773,154.8875,125.15],[135.3657,155.7744,124.0829],[136.64,155.8442,123.5037],[137.1377,156.6057,122.4696],[136.3264,157.6132,121.7046],[135.6319,157.0176,120.54],[134.3866,156.6892,120.5279],[134.1757,156.161,119.2127],[135.39,156.2319,118.5679],[135.6014,155.8627,117.4241],[136.2852,156.7706,119.4055],[136.8502,159.0486,121.5503],[135.6931,158.7935,122.4599],[134.3513,159.3515,122.1216],[140.9102,157.7389,123.024],[141.2648,159.2108,123.2598],[141.6268,154.5873,126.2547],[142.1491,153.5395,125.911],[138.1014,153.7185,131.348],[137.5829,155.0491,131.5557],[139.6341,156.6427,127.9419],[140.8119,157.7895,125.8929],[145.5786,153.8174,123.2551],[148.7187,152.8905,124.8602],[147.7549,152.77,123.3893],[147.472,151.6234,124.7178],[146.2495,154.2529,129.0732],[144.9709,155.4505,128.8825],[146.6616,155.9213,128.5968],[144.0775,155.9627,126.7001],[142.4536,155.7121,120.3202],[143.6377,157.0247,120.364],[141.9494,158.6877,120.6766],[141.1745,157.5454,119.5917],[139.7787,154.8417,123.1775],[138.298,153.5269,125.3609],[136.9715,152.6345,127.0058],[134.6293,154.374,127.9001],[136.3148,154.5579,128.3895],[136.254,152.2949,129.454],[134.939,153.3017,130.0722],[134.0231,150.3476,127.4015],[135.7112,150.537,127.8863],[135.3778,151.416,125.577],[134.0501,152.4329,126.1432],[134.1861,154.8287,125.5973],[134.5385,156.3758,123.7167],[137.2706,156.9078,119.2154],[137.7899,159.326,122.0141],[136.6714,159.5611,120.6102],[135.8727,158.8547,123.5289],[133.5622,158.7167,122.5361],[134.244,160.3498,122.5581],[134.1932,159.4439,121.0425],[140.0727,157.5186,123.6855],[142.1584,159.5204,122.7077],[140.438,159.8604,122.9531],[141.4693,159.3992,124.3189],[137.9954,153.0688,132.1394],[136.9199,155.0515,132.4266],[138.3909,155.7619,131.7487],[136.9977,155.386,130.6947],[137.18002,152.95802,130.44095],[136.28232,152.21707,129.55719],[136.54971,152.51155,128.22871],[135.85097,153.42534,127.48417],[136.34926,153.43033,126.23886],[137.37096,152.50346,126.1534],[138.15535,152.26163,124.97656],[139.42715,153.10883,124.92937],[140.6334,152.6427,125.48383],[141.79652,153.41658,125.46298],[141.77701,154.68546,124.89233],[140.59467,155.1813,124.35129],[139.43439,154.40256,124.37655],[138.23148,150.83418,124.43835],[137.44661,151.85571,123.679085],[137.90744,152.2617,122.31994],[137.5447,151.87263,127.41987],[138.32974,150.99785,127.74957]]",PROJECTED,real512_o3a_zmatrix_pre_gflownet,not_trained
CAL-ANCHOR-000004,O=C(O)c1ccccc1,SCAFFOLD_ANCHORED__CAL-ANCHOR-000004__EXIT_64__CUT_63__PHI_120,ALENI_CORE_MINUS_FRAG-A.O=C(O)c1ccccc1>>SCAFFOLD_ANCHORED_RXN_AMIDE_COUPLING,CAL-ANCHOR-000004,ALENI_CORE_EXIT_64_CUT_63,0.8372503027588776,2.0,0.976498183446735,2.0,0.976498183446735,4.0,2,normal,120.0,zmatrix,true,6,3,campaigns/glp1r_aleniglipron/track_a_generative/ALENI-PARENT_6XOX_frame_o3a_relaxed.sdf,compact_pseudo_ligand_o3a,"[[140.7175,154.8487,127.3529],[140.3245,156.178,127.2565],[140.9153,156.7657,126.2094],[141.7323,155.8573,125.598],[142.4203,156.0754,124.4162],[142.0627,156.8304,123.307],[142.9126,156.3633,122.2747],[143.8222,155.4977,122.7096],[143.6236,155.4409,124.0597],[144.6688,154.9206,124.885],[145.6441,154.088,124.3084],[146.6994,153.5823,125.0794],[147.718,152.6625,124.4785],[146.7584,153.9094,126.4361],[147.758,153.4189,127.1856],[145.8078,154.7445,127.0305],[145.9316,155.1149,128.4775],[144.7742,155.2687,126.2404],[142.7151,156.6525,120.8219],[141.5715,157.6625,120.6056],[140.5137,157.4934,121.6182],[139.2847,156.966,121.2248],[138.9075,157.0176,120.054],[138.468,156.3427,122.2416],[138.8117,155.3277,123.1232],[137.6917,155.0423,123.9459],[137.4785,154.155,125.019],[136.2161,154.0811,125.6334],[136.0069,153.1158,126.7872],[135.5634,153.8258,128.0741],[135.3257,152.8039,129.1775],[134.3613,151.8346,128.7655],[134.7975,151.0861,127.6316],[135.0156,151.9986,126.432],[135.1773,154.8875,125.15],[135.3657,155.7744,124.0829],[136.64,155.8442,123.5037],[137.1377,156.6057,122.4696],[136.3264,157.6132,121.7046],[135.6319,157.0176,120.54],[134.3866,156.6892,120.5279],[134.1757,156.161,119.2127],[135.39,156.2319,118.5679],[135.6014,155.8627,117.4241],[136.2852,156.7706,119.4055],[136.8502,159.0486,121.5503],[135.6931,158.7935,122.4599],[134.3513,159.3515,122.1216],[140.9102,157.7389,123.024],[141.2648,159.2108,123.2598],[141.6268,154.5873,126.2547],[142.1491,153.5395,125.911],[138.1014,153.7185,131.348],[137.5829,155.0491,131.5557],[139.6341,156.6427,127.9419],[140.8119,157.7895,125.8929],[145.5786,153.8174,123.2551],[148.7187,152.8905,124.8602],[147.7549,152.77,123.3893],[147.472,151.6234,124.7178],[146.2495,154.2529,129.0732],[144.9709,155.4505,128.8825],[146.6616,155.9213,128.5968],[144.0775,155.9627,126.7001],[142.4536,155.7121,120.3202],[143.6377,157.0247,120.364],[141.9494,158.6877,120.6766],[141.1745,157.5454,119.5917],[139.7787,154.8417,123.1775],[138.298,153.5269,125.3609],[136.9715,152.6345,127.0058],[134.6293,154.374,127.9001],[136.3148,154.5579,128.3895],[136.254,152.2949,129.454],[134.939,153.3017,130.0722],[134.0231,150.3476,127.4015],[135.7112,150.537,127.8863],[135.3778,151.416,125.577],[134.0501,152.4329,126.1432],[134.1861,154.8287,125.5973],[134.5385,156.3758,123.7167],[137.2706,156.9078,119.2154],[137.7899,159.326,122.0141],[136.6714,159.5611,120.6102],[135.8727,158.8547,123.5289],[133.5622,158.7167,122.5361],[134.244,160.3498,122.5581],[134.1932,159.4439,121.0425],[140.0727,157.5186,123.6855],[142.1584,159.5204,122.7077],[140.438,159.8604,122.9531],[141.4693,159.3992,124.3189],[137.9954,153.0688,132.1394],[136.9199,155.0515,132.4266],[138.3909,155.7619,131.7487],[136.9977,155.386,130.6947],[137.10115,152.71034,131.83083],[136.28944,151.89223,132.22261],[136.65436,150.62823,132.50247],[134.84418,152.13841,132.44434],[134.34229,153.4206,132.18695],[132.9875,153.6956,132.38245],[132.13086,152.69235,132.835],[132.6251,151.41359,133.09299],[133.9798,151.13438,132.89868]]",PROJECTED,real512_o3a_zmatrix_pre_gflownet,not_trained
CAL-ANCHOR-000159,C[C@H]1c2c(nn(C3CCOCC3)c2C2CCOCC2)CCN1c1ccccc1,SCAFFOLD_ANCHORED__CAL-ANCHOR-000159__EXIT_64__CUT_63__PHI_240,ALENI_CORE_MINUS_FRAG-A.C[C@H]1c2c(nn(C3CCOCC3)c2C2CCOCC2)CCN1c1ccccc1>>SCAFFOLD_ANCHORED_RXN_AMIDE_COUPLING,CAL-ANCHOR-000159,ALENI_CORE_EXIT_64_CUT_63,0.8334885060553253,1.0,0.4995344818340238,1.0,0.4995344818340238,2.0,1,cryptic_rescue,240.0,zmatrix,true,6,5,campaigns/glp1r_aleniglipron/track_a_generative/ALENI-PARENT_6XOX_frame_o3a_relaxed.sdf,compact_pseudo_ligand_o3a,"[[140.7175,154.8487,127.3529],[140.3245,156.178,127.2565],[140.9153,156.7657,126.2094],[141.7323,155.8573,125.598],[142.4203,156.0754,124.4162],[142.0627,156.8304,123.307],[142.9126,156.3633,122.2747],[143.8222,155.4977,122.7096],[143.6236,155.4409,124.0597],[144.6688,154.9206,124.885],[145.6441,154.088,124.3084],[146.6994,153.5823,125.0794],[147.718,152.6625,124.4785],[146.7584,153.9094,126.4361],[147.758,153.4189,127.1856],[145.8078,154.7445,127.0305],[145.9316,155.1149,128.4775],[144.7742,155.2687,126.2404],[142.7151,156.6525,120.8219],[141.5715,157.6625,120.6056],[140.5137,157.4934,121.6182],[139.2847,156.966,121.2248],[138.9075,157.0176,120.054],[138.468,156.3427,122.2416],[138.8117,155.3277,123.1232],[137.6917,155.0423,123.9459],[137.4785,154.155,125.019],[136.2161,154.0811,125.6334],[136.0069,153.1158,126.7872],[135.5634,153.8258,128.0741],[135.3257,152.8039,129.1775],[134.3613,151.8346,128.7655],[134.7975,151.0861,127.6316],[135.0156,151.9986,126.432],[135.1773,154.8875,125.15],[135.3657,155.7744,124.0829],[136.64,155.8442,123.5037],[137.1377,156.6057,122.4696],[136.3264,157.6132,121.7046],[135.6319,157.0176,120.54],[134.3866,156.6892,120.5279],[134.1757,156.161,119.2127],[135.39,156.2319,118.5679],[135.6014,155.8627,117.4241],[136.2852,156.7706,119.4055],[136.8502,159.0486,121.5503],[135.6931,158.7935,122.4599],[134.3513,159.3515,122.1216],[140.9102,157.7389,123.024],[141.2648,159.2108,123.2598],[141.6268,154.5873,126.2547],[142.1491,153.5395,125.911],[138.1014,153.7185,131.348],[137.5829,155.0491,131.5557],[139.6341,156.6427,127.9419],[140.8119,157.7895,125.8929],[145.5786,153.8174,123.2551],[148.7187,152.8905,124.8602],[147.7549,152.77,123.3893],[147.472,151.6234,124.7178],[146.2495,154.2529,129.0732],[144.9709,155.4505,128.8825],[146.6616,155.9213,128.5968],[144.0775,155.9627,126.7001],[142.4536,155.7121,120.3202],[143.6377,157.0247,120.364],[141.9494,158.6877,120.6766],[141.1745,157.5454,119.5917],[139.7787,154.8417,123.1775],[138.298,153.5269,125.3609],[136.9715,152.6345,127.0058],[134.6293,154.374,127.9001],[136.3148,154.5579,128.3895],[136.254,152.2949,129.454],[134.939,153.3017,130.0722],[134.0231,150.3476,127.4015],[135.7112,150.537,127.8863],[135.3778,151.416,125.577],[134.0501,152.4329,126.1432],[134.1861,154.8287,125.5973],[134.5385,156.3758,123.7167],[137.2706,156.9078,119.2154],[137.7899,159.326,122.0141],[136.6714,159.5611,120.6102],[135.8727,158.8547,123.5289],[133.5622,158.7167,122.5361],[134.244,160.3498,122.5581],[134.1932,159.4439,121.0425],[140.0727,157.5186,123.6855],[142.1584,159.5204,122.7077],[140.438,159.8604,122.9531],[141.4693,159.3992,124.3189],[137.9954,153.0688,132.1394],[136.9199,155.0515,132.4266],[138.3909,155.7619,131.7487],[136.9977,155.386,130.6947],[138.36018,153.5045,129.88608],[138.62587,153.28479,128.38518],[140.09184,153.45404,128.08488],[140.94308,152.35013,128.23105],[142.21126,152.63278,127.965935],[142.18382,153.93939,127.614235],[143.47617,154.56712,127.34537],[143.82646,155.65475,128.3629],[145.2087,156.23436,128.07968],[145.5776,156.21283,126.70104],[144.473,156.3018,125.81093],[143.65073,155.0245,125.89058],[140.89905,154.47499,127.59713],[140.56287,155.86302,127.09664],[139.83165,156.72897,128.13107],[138.61575,157.4207,127.53595],[137.77095,156.44603,126.941864],[138.33272,155.82928,125.785706],[139.85754,155.83322,125.73161],[140.42282,151.0183,128.60289],[139.05688,150.79898,127.92208],[138.09909,151.93796,128.01302],[136.78545,151.77231,127.56373],[136.34451,150.57365,126.970215],[135.02953,150.39412,126.51674],[134.10213,151.4175,126.64429],[134.49457,152.61438,127.22507],[135.81223,152.78258,127.67558]]",PROJECTED,real512_o3a_zmatrix_pre_gflownet,not_trained
CAL-ANCHOR-000481,CC1CC1(c1ccccc1)c1ccccc1,SCAFFOLD_ANCHORED__CAL-ANCHOR-000481__EXIT_64__CUT_63__PHI_300,ALENI_CORE_MINUS_FRAG-A.CC1CC1(c1ccccc1)c1ccccc1>>SCAFFOLD_ANCHORED_RXN_AMIDE_COUPLING,CAL-ANCHOR-000481,ALENI_CORE_EXIT_64_CUT_63,0.8334885060553253,1.0,0.4995344818340238,1.0,0.4995344818340238,2.0,1,cryptic_rescue,300.0,zmatrix,true,6,6,campaigns/glp1r_aleniglipron/track_a_generative/ALENI-PARENT_6XOX_frame_o3a_relaxed.sdf,compact_pseudo_ligand_o3a,"[[140.7175,154.8487,127.3529],[140.3245,156.178,127.2565],[140.9153,156.7657,126.2094],[141.7323,155.8573,125.598],[142.4203,156.0754,124.4162],[142.0627,156.8304,123.307],[142.9126,156.3633,122.2747],[143.8222,155.4977,122.7096],[143.6236,155.4409,124.0597],[144.6688,154.9206,124.885],[145.6441,154.088,124.3084],[146.6994,153.5823,125.0794],[147.718,152.6625,124.4785],[146.7584,153.9094,126.4361],[147.758,153.4189,127.1856],[145.8078,154.7445,127.0305],[145.9316,155.1149,128.4775],[144.7742,155.2687,126.2404],[142.7151,156.6525,120.8219],[141.5715,157.6625,120.6056],[140.5137,157.4934,121.6182],[139.2847,156.966,121.2248],[138.9075,157.0176,120.054],[138.468,156.3427,122.2416],[138.8117,155.3277,123.1232],[137.6917,155.0423,123.9459],[137.4785,154.155,125.019],[136.2161,154.0811,125.6334],[136.0069,153.1158,126.7872],[135.5634,153.8258,128.0741],[135.3257,152.8039,129.1775],[134.3613,151.8346,128.7655],[134.7975,151.0861,127.6316],[135.0156,151.9986,126.432],[135.1773,154.8875,125.15],[135.3657,155.7744,124.0829],[136.64,155.8442,123.5037],[137.1377,156.6057,122.4696],[136.3264,157.6132,121.7046],[135.6319,157.0176,120.54],[134.3866,156.6892,120.5279],[134.1757,156.161,119.2127],[135.39,156.2319,118.5679],[135.6014,155.8627,117.4241],[136.2852,156.7706,119.4055],[136.8502,159.0486,121.5503],[135.6931,158.7935,122.4599],[134.3513,159.3515,122.1216],[140.9102,157.7389,123.024],[141.2648,159.2108,123.2598],[141.6268,154.5873,126.2547],[142.1491,153.5395,125.911],[138.1014,153.7185,131.348],[137.5829,155.0491,131.5557],[139.6341,156.6427,127.9419],[140.8119,157.7895,125.8929],[145.5786,153.8174,123.2551],[148.7187,152.8905,124.8602],[147.7549,152.77,123.3893],[147.472,151.6234,124.7178],[146.2495,154.2529,129.0732],[144.9709,155.4505,128.8825],[146.6616,155.9213,128.5968],[144.0775,155.9627,126.7001],[142.4536,155.7121,120.3202],[143.6377,157.0247,120.364],[141.9494,158.6877,120.6766],[141.1745,157.5454,119.5917],[139.7787,154.8417,123.1775],[138.298,153.5269,125.3609],[136.9715,152.6345,127.0058],[134.6293,154.374,127.9001],[136.3148,154.5579,128.3895],[136.254,152.2949,129.454],[134.939,153.3017,130.0722],[134.0231,150.3476,127.4015],[135.7112,150.537,127.8863],[135.3778,151.416,125.577],[134.0501,152.4329,126.1432],[134.1861,154.8287,125.5973],[134.5385,156.3758,123.7167],[137.2706,156.9078,119.2154],[137.7899,159.326,122.0141],[136.6714,159.5611,120.6102],[135.8727,158.8547,123.5289],[133.5622,158.7167,122.5361],[134.244,160.3498,122.5581],[134.1932,159.4439,121.0425],[140.0727,157.5186,123.6855],[142.1584,159.5204,122.7077],[140.438,159.8604,122.9531],[141.4693,159.3992,124.3189],[137.9954,153.0688,132.1394],[136.9199,155.0515,132.4266],[138.3909,155.7619,131.7487],[136.9977,155.386,130.6947],[139.46146,153.8033,130.72107],[140.81413,153.88762,130.09755],[141.19264,152.90901,129.03128],[141.05678,154.39026,128.66586],[142.35457,155.16284,128.40285],[143.24606,154.77028,127.38836],[144.42657,155.47543,127.13971],[144.74036,156.59695,127.9016],[143.87347,157.01341,128.9075],[142.69435,156.30415,129.1512],[139.86623,154.8143,127.801315],[139.08443,155.93562,128.13403],[138.00388,156.3364,127.34371],[137.68405,155.62527,126.19137],[138.44682,154.5194,125.82885],[139.5262,154.12395,126.62385]]",PROJECTED,real512_o3a_zmatrix_pre_gflownet,not_trained
CAL-ANCHOR-000278,CNC1(n2ccn(-c3ccccc3)c2=O)CC1C,SCAFFOLD_ANCHORED__CAL-ANCHOR-000278__EXIT_10__CUT_9__PHI_60,ALENI_CORE_MINUS_FRAG-A.CNC1(n2ccn(-c3ccccc3)c2=O)CC1C>>SCAFFOLD_ANCHORED_RXN_AMIDE_COUPLING,CAL-ANCHOR-000278,ALENI_CORE_EXIT_10_CUT_9,0.8319367893812359,4.0,2.848695316806404,4.0,2.848695316806404,8.0,4,cryptic_rescue,60.0,zmatrix,true,6,2,campaigns/glp1r_aleniglipron/track_a_generative/ALENI-PARENT_6XOX_frame_o3a_relaxed.sdf,compact_pseudo_ligand_o3a,"[[140.7175,154.8487,127.3529],[140.3245,156.178,127.2565],[140.9153,156.7657,126.2094],[141.7323,155.8573,125.598],[142.4203,156.0754,124.4162],[142.0627,156.8304,123.307],[142.9126,156.3633,122.2747],[143.8222,155.4977,122.7096],[143.6236,155.4409,124.0597],[144.6688,154.9206,124.885],[145.6441,154.088,124.3084],[146.6994,153.5823,125.0794],[147.718,152.6625,124.4785],[146.7584,153.9094,126.4361],[147.758,153.4189,127.1856],[145.8078,154.7445,127.0305],[145.9316,155.1149,128.4775],[144.7742,155.2687,126.2404],[142.7151,156.6525,120.8219],[141.5715,157.6625,120.6056],[140.5137,157.4934,121.6182],[139.2847,156.966,121.2248],[138.9075,157.0176,120.054],[138.468,156.3427,122.2416],[138.8117,155.3277,123.1232],[137.6917,155.0423,123.9459],[137.4785,154.155,125.019],[136.2161,154.0811,125.6334],[136.0069,153.1158,126.7872],[135.5634,153.8258,128.0741],[135.3257,152.8039,129.1775],[134.3613,151.8346,128.7655],[134.7975,151.0861,127.6316],[135.0156,151.9986,126.432],[135.1773,154.8875,125.15],[135.3657,155.7744,124.0829],[136.64,155.8442,123.5037],[137.1377,156.6057,122.4696],[136.3264,157.6132,121.7046],[135.6319,157.0176,120.54],[134.3866,156.6892,120.5279],[134.1757,156.161,119.2127],[135.39,156.2319,118.5679],[135.6014,155.8627,117.4241],[136.2852,156.7706,119.4055],[136.8502,159.0486,121.5503],[135.6931,158.7935,122.4599],[134.3513,159.3515,122.1216],[140.9102,157.7389,123.024],[141.2648,159.2108,123.2598],[141.6268,154.5873,126.2547],[142.1491,153.5395,125.911],[138.1014,153.7185,131.348],[137.5829,155.0491,131.5557],[139.6341,156.6427,127.9419],[140.8119,157.7895,125.8929],[145.5786,153.8174,123.2551],[148.7187,152.8905,124.8602],[147.7549,152.77,123.3893],[147.472,151.6234,124.7178],[146.2495,154.2529,129.0732],[144.9709,155.4505,128.8825],[146.6616,155.9213,128.5968],[144.0775,155.9627,126.7001],[142.4536,155.7121,120.3202],[143.6377,157.0247,120.364],[141.9494,158.6877,120.6766],[141.1745,157.5454,119.5917],[139.7787,154.8417,123.1775],[138.298,153.5269,125.3609],[136.9715,152.6345,127.0058],[134.6293,154.374,127.9001],[136.3148,154.5579,128.3895],[136.254,152.2949,129.454],[134.939,153.3017,130.0722],[134.0231,150.3476,127.4015],[135.7112,150.537,127.8863],[135.3778,151.416,125.577],[134.0501,152.4329,126.1432],[134.1861,154.8287,125.5973],[134.5385,156.3758,123.7167],[137.2706,156.9078,119.2154],[137.7899,159.326,122.0141],[136.6714,159.5611,120.6102],[135.8727,158.8547,123.5289],[133.5622,158.7167,122.5361],[134.244,160.3498,122.5581],[134.1932,159.4439,121.0425],[140.0727,157.5186,123.6855],[142.1584,159.5204,122.7077],[140.438,159.8604,122.9531],[141.4693,159.3992,124.3189],[137.9954,153.0688,132.1394],[136.9199,155.0515,132.4266],[138.3909,155.7619,131.7487],[136.9977,155.386,130.6947],[139.51129,153.96193,127.25965],[138.33812,153.09946,127.16895],[138.22818,152.41208,125.86645],[139.06633,151.25871,125.77688],[138.6997,150.01128,126.2145],[139.7072,149.16022,125.996925],[140.77835,149.82274,125.41098],[142.03348,149.26407,125.02806],[143.04169,150.0356,124.43314],[144.26941,149.47235,124.06203],[144.51526,148.12186,124.278435],[143.53264,147.33463,124.86593],[142.30606,147.90028,125.23595],[140.39383,151.2107,125.25629],[141.02628,152.15182,124.80263],[136.81497,152.33899,125.30236],[137.8249,153.23009,124.65086],[138.29625,152.91824,123.27161]]",PROJECTED,real512_o3a_zmatrix_pre_gflownet,not_trained
CAL-ANCHOR-000041,CCP(=O)(CC)c1ccc(Nc2ccccc2)cc1NC,SCAFFOLD_ANCHORED__CAL-ANCHOR-000041__EXIT_10__CUT_9__PHI_240,ALENI_CORE_MINUS_FRAG-A.CCP(=O)(CC)c1ccc(Nc2ccccc2)cc1NC>>SCAFFOLD_ANCHORED_RXN_AMIDE_COUPLING,CAL-ANCHOR-000041,ALENI_CORE_EXIT_10_CUT_9,0.83150213615319,4.0,2.02197436616172,4.0,2.02197436616172,8.0,4,normal,240.0,zmatrix,true,6,5,campaigns/glp1r_aleniglipron/track_a_generative/ALENI-PARENT_6XOX_frame_o3a_relaxed.sdf,compact_pseudo_ligand_o3a,"[[140.7175,154.8487,127.3529],[140.3245,156.178,127.2565],[140.9153,156.7657,126.2094],[141.7323,155.8573,125.598],[142.4203,156.0754,124.4162],[142.0627,156.8304,123.307],[142.9126,156.3633,122.2747],[143.8222,155.4977,122.7096],[143.6236,155.4409,124.0597],[144.6688,154.9206,124.885],[145.6441,154.088,124.3084],[146.6994,153.5823,125.0794],[147.718,152.6625,124.4785],[146.7584,153.9094,126.4361],[147.758,153.4189,127.1856],[145.8078,154.7445,127.0305],[145.9316,155.1149,128.4775],[144.7742,155.2687,126.2404],[142.7151,156.6525,120.8219],[141.5715,157.6625,120.6056],[140.5137,157.4934,121.6182],[139.2847,156.966,121.2248],[138.9075,157.0176,120.054],[138.468,156.3427,122.2416],[138.8117,155.3277,123.1232],[137.6917,155.0423,123.9459],[137.4785,154.155,125.019],[136.2161,154.0811,125.6334],[136.0069,153.1158,126.7872],[135.5634,153.8258,128.0741],[135.3257,152.8039,129.1775],[134.3613,151.8346,128.7655],[134.7975,151.0861,127.6316],[135.0156,151.9986,126.432],[135.1773,154.8875,125.15],[135.3657,155.7744,124.0829],[136.64,155.8442,123.5037],[137.1377,156.6057,122.4696],[136.3264,157.6132,121.7046],[135.6319,157.0176,120.54],[134.3866,156.6892,120.5279],[134.1757,156.161,119.2127],[135.39,156.2319,118.5679],[135.6014,155.8627,117.4241],[136.2852,156.7706,119.4055],[136.8502,159.0486,121.5503],[135.6931,158.7935,122.4599],[134.3513,159.3515,122.1216],[140.9102,157.7389,123.024],[141.2648,159.2108,123.2598],[141.6268,154.5873,126.2547],[142.1491,153.5395,125.911],[138.1014,153.7185,131.348],[137.5829,155.0491,131.5557],[139.6341,156.6427,127.9419],[140.8119,157.7895,125.8929],[145.5786,153.8174,123.2551],[148.7187,152.8905,124.8602],[147.7549,152.77,123.3893],[147.472,151.6234,124.7178],[146.2495,154.2529,129.0732],[144.9709,155.4505,128.8825],[146.6616,155.9213,128.5968],[144.0775,155.9627,126.7001],[142.4536,155.7121,120.3202],[143.6377,157.0247,120.364],[141.9494,158.6877,120.6766],[141.1745,157.5454,119.5917],[139.7787,154.8417,123.1775],[138.298,153.5269,125.3609],[136.9715,152.6345,127.0058],[134.6293,154.374,127.9001],[136.3148,154.5579,128.3895],[136.254,152.2949,129.454],[134.939,153.3017,130.0722],[134.0231,150.3476,127.4015],[135.7112,150.537,127.8863],[135.3778,151.416,125.577],[134.0501,152.4329,126.1432],[134.1861,154.8287,125.5973],[134.5385,156.3758,123.7167],[137.2706,156.9078,119.2154],[137.7899,159.326,122.0141],[136.6714,159.5611,120.6102],[135.8727,158.8547,123.5289],[133.5622,158.7167,122.5361],[134.244,160.3498,122.5581],[134.1932,159.4439,121.0425],[140.0727,157.5186,123.6855],[142.1584,159.5204,122.7077],[140.438,159.8604,122.9531],[141.4693,159.3992,124.3189],[137.9954,153.0688,132.1394],[136.9199,155.0515,132.4266],[138.3909,155.7619,131.7487],[136.9977,155.386,130.6947],[142.20694,154.77745,127.51562],[143.71294,154.70541,127.680145],[144.6626,155.31903,126.263115],[143.85176,156.32909,125.4817],[144.97346,153.85292,125.242035],[143.75679,153.27979,124.54553],[146.24634,155.87787,126.86606],[147.01076,155.00662,127.66189],[148.2584,155.39001,128.15318],[148.77405,156.65208,127.87027],[150.03815,157.07828,128.31473],[151.19948,156.37025,128.66902],[152.0869,156.94098,129.5931],[153.23792,156.26205,130.00323],[153.51723,154.99652,129.49557],[152.64621,154.41284,128.57974],[151.49484,155.095,128.17432],[148.00616,157.5141,127.06951],[146.74414,157.15802,126.56078],[146.00389,158.01744,125.771736],[146.40584,159.34271,125.37175]]",PROJECTED,real512_o3a_zmatrix_pre_gflownet,not_trained
CAL-ANCHOR-000064,C[C@@H]1CC1(Nc1ccccc1)c1ccccc1,SCAFFOLD_ANCHORED__CAL-ANCHOR-000064__EXIT_10__CUT_9__PHI_180,ALENI_CORE_MINUS_FRAG-A.C[C@@H]1CC1(Nc1ccccc1)c1ccccc1>>SCAFFOLD_ANCHORED_RXN_AMIDE_COUPLING,CAL-ANCHOR-000064,ALENI_CORE_EXIT_10_CUT_9,0.8267620361400124,2.0,1.0394277831599252,2.0,1.0394277831599252,4.0,2,normal,180.0,zmatrix,true,6,4,campaigns/glp1r_aleniglipron/track_a_generative/ALENI-PARENT_6XOX_frame_o3a_relaxed.sdf,compact_pseudo_ligand_o3a,"[[140.7175,154.8487,127.3529],[140.3245,156.178,127.2565],[140.9153,156.7657,126.2094],[141.7323,155.8573,125.598],[142.4203,156.0754,124.4162],[142.0627,156.8304,123.307],[142.9126,156.3633,122.2747],[143.8222,155.4977,122.7096],[143.6236,155.4409,124.0597],[144.6688,154.9206,124.885],[145.6441,154.088,124.3084],[146.6994,153.5823,125.0794],[147.718,152.6625,124.4785],[146.7584,153.9094,126.4361],[147.758,153.4189,127.1856],[145.8078,154.7445,127.0305],[145.9316,155.1149,128.4775],[144.7742,155.2687,126.2404],[142.7151,156.6525,120.8219],[141.5715,157.6625,120.6056],[140.5137,157.4934,121.6182],[139.2847,156.966,121.2248],[138.9075,157.0176,120.054],[138.468,156.3427,122.2416],[138.8117,155.3277,123.1232],[137.6917,155.0423,123.9459],[137.4785,154.155,125.019],[136.2161,154.0811,125.6334],[136.0069,153.1158,126.7872],[135.5634,153.8258,128.0741],[135.3257,152.8039,129.1775],[134.3613,151.8346,128.7655],[134.7975,151.0861,127.6316],[135.0156,151.9986,126.432],[135.1773,154.8875,125.15],[135.3657,155.7744,124.0829],[136.64,155.8442,123.5037],[137.1377,156.6057,122.4696],[136.3264,157.6132,121.7046],[135.6319,157.0176,120.54],[134.3866,156.6892,120.5279],[134.1757,156.161,119.2127],[135.39,156.2319,118.5679],[135.6014,155.8627,117.4241],[136.2852,156.7706,119.4055],[136.8502,159.0486,121.5503],[135.6931,158.7935,122.4599],[134.3513,159.3515,122.1216],[140.9102,157.7389,123.024],[141.2648,159.2108,123.2598],[141.6268,154.5873,126.2547],[142.1491,153.5395,125.911],[138.1014,153.7185,131.348],[137.5829,155.0491,131.5557],[139.6341,156.6427,127.9419],[140.8119,157.7895,125.8929],[145.5786,153.8174,123.2551],[148.7187,152.8905,124.8602],[147.7549,152.77,123.3893],[147.472,151.6234,124.7178],[146.2495,154.2529,129.0732],[144.9709,155.4505,128.8825],[146.6616,155.9213,128.5968],[144.0775,155.9627,126.7001],[142.4536,155.7121,120.3202],[143.6377,157.0247,120.364],[141.9494,158.6877,120.6766],[141.1745,157.5454,119.5917],[139.7787,154.8417,123.1775],[138.298,153.5269,125.3609],[136.9715,152.6345,127.0058],[134.6293,154.374,127.9001],[136.3148,154.5579,128.3895],[136.254,152.2949,129.454],[134.939,153.3017,130.0722],[134.0231,150.3476,127.4015],[135.7112,150.537,127.8863],[135.3778,151.416,125.577],[134.0501,152.4329,126.1432],[134.1861,154.8287,125.5973],[134.5385,156.3758,123.7167],[137.2706,156.9078,119.2154],[137.7899,159.326,122.0141],[136.6714,159.5611,120.6102],[135.8727,158.8547,123.5289],[133.5622,158.7167,122.5361],[134.244,160.3498,122.5581],[134.1932,159.4439,121.0425],[140.0727,157.5186,123.6855],[142.1584,159.5204,122.7077],[140.438,159.8604,122.9531],[141.4693,159.3992,124.3189],[137.9954,153.0688,132.1394],[136.9199,155.0515,132.4266],[138.3909,155.7619,131.7487],[136.9977,155.386,130.6947],[141.66356,154.52394,126.235085],[142.60397,154.20111,125.12396],[143.8332,155.0289,124.936066],[142.7395,155.05376,123.86672],[143.09016,154.42917,122.58043],[142.31982,153.48175,121.88574],[142.77365,153.03079,120.63673],[142.06422,152.07063,119.90898],[140.88857,151.5362,120.4258],[140.4292,151.95992,121.669174],[141.1438,152.92099,122.39267],[141.97185,156.36607,123.701485],[140.56717,156.40474,123.65539],[139.86957,157.60497,123.489685],[140.56575,158.802,123.35657],[141.95647,158.79674,123.38318],[142.6468,157.5925,123.54852]]",PROJECTED,real512_o3a_zmatrix_pre_gflownet,not_trained
CAL-ANCHOR-000315,CC(=O)N1CCc2nn(-c3ccccc3)c(-c3ccc(O)cc3)c2[C@H]1C,SCAFFOLD_ANCHORED__CAL-ANCHOR-000315__EXIT_64__CUT_63__PHI_240,ALENI_CORE_MINUS_FRAG-A.CC(=O)N1CCc2nn(-c3ccccc3)c(-c3ccc(O)cc3)c2[C@H]1C>>SCAFFOLD_ANCHORED_RXN_AMIDE_COUPLING,CAL-ANCHOR-000315,ALENI_CORE_EXIT_64_CUT_63,0.8265361910937185,1.0,0.5203914267188449,1.0,0.5203914267188449,2.0,1,cryptic_rescue,240.0,zmatrix,true,6,5,campaigns/glp1r_aleniglipron/track_a_generative/ALENI-PARENT_6XOX_frame_o3a_relaxed.sdf,compact_pseudo_ligand_o3a,"[[140.7175,154.8487,127.3529],[140.3245,156.178,127.2565],[140.9153,156.7657,126.2094],[141.7323,155.8573,125.598],[142.4203,156.0754,124.4162],[142.0627,156.8304,123.307],[142.9126,156.3633,122.2747],[143.8222,155.4977,122.7096],[143.6236,155.4409,124.0597],[144.6688,154.9206,124.885],[145.6441,154.088,124.3084],[146.6994,153.5823,125.0794],[147.718,152.6625,124.4785],[146.7584,153.9094,126.4361],[147.758,153.4189,127.1856],[145.8078,154.7445,127.0305],[145.9316,155.1149,128.4775],[144.7742,155.2687,126.2404],[142.7151,156.6525,120.8219],[141.5715,157.6625,120.6056],[140.5137,157.4934,121.6182],[139.2847,156.966,121.2248],[138.9075,157.0176,120.054],[138.468,156.3427,122.2416],[138.8117,155.3277,123.1232],[137.6917,155.0423,123.9459],[137.4785,154.155,125.019],[136.2161,154.0811,125.6334],[136.0069,153.1158,126.7872],[135.5634,153.8258,128.0741],[135.3257,152.8039,129.1775],[134.3613,151.8346,128.7655],[134.7975,151.0861,127.6316],[135.0156,151.9986,126.432],[135.1773,154.8875,125.15],[135.3657,155.7744,124.0829],[136.64,155.8442,123.5037],[137.1377,156.6057,122.4696],[136.3264,157.6132,121.7046],[135.6319,157.0176,120.54],[134.3866,156.6892,120.5279],[134.1757,156.161,119.2127],[135.39,156.2319,118.5679],[135.6014,155.8627,117.4241],[136.2852,156.7706,119.4055],[136.8502,159.0486,121.5503],[135.6931,158.7935,122.4599],[134.3513,159.3515,122.1216],[140.9102,157.7389,123.024],[141.2648,159.2108,123.2598],[141.6268,154.5873,126.2547],[142.1491,153.5395,125.911],[138.1014,153.7185,131.348],[137.5829,155.0491,131.5557],[139.6341,156.6427,127.9419],[140.8119,157.7895,125.8929],[145.5786,153.8174,123.2551],[148.7187,152.8905,124.8602],[147.7549,152.77,123.3893],[147.472,151.6234,124.7178],[146.2495,154.2529,129.0732],[144.9709,155.4505,128.8825],[146.6616,155.9213,128.5968],[144.0775,155.9627,126.7001],[142.4536,155.7121,120.3202],[143.6377,157.0247,120.364],[141.9494,158.6877,120.6766],[141.1745,157.5454,119.5917],[139.7787,154.8417,123.1775],[138.298,153.5269,125.3609],[136.9715,152.6345,127.0058],[134.6293,154.374,127.9001],[136.3148,154.5579,128.3895],[136.254,152.2949,129.454],[134.939,153.3017,130.0722],[134.0231,150.3476,127.4015],[135.7112,150.537,127.8863],[135.3778,151.416,125.577],[134.0501,152.4329,126.1432],[134.1861,154.8287,125.5973],[134.5385,156.3758,123.7167],[137.2706,156.9078,119.2154],[137.7899,159.326,122.0141],[136.6714,159.5611,120.6102],[135.8727,158.8547,123.5289],[133.5622,158.7167,122.5361],[134.244,160.3498,122.5581],[134.1932,159.4439,121.0425],[140.0727,157.5186,123.6855],[142.1584,159.5204,122.7077],[140.438,159.8604,122.9531],[141.4693,159.3992,124.3189],[137.9954,153.0688,132.1394],[136.9199,155.0515,132.4266],[138.3909,155.7619,131.7487],[136.9977,155.386,130.6947],[138.36018,153.5045,129.88608],[138.62016,153.2895,128.4174],[137.95709,152.46153,127.79199],[139.61632,154.05106,127.82384],[140.52536,154.9635,128.55032],[140.4874,156.38612,127.979095],[140.55086,156.32098,126.49939],[140.9129,157.3479,125.74057],[140.73482,156.9149,124.4544],[140.89288,157.86127,123.39035],[140.43045,157.6221,122.09085],[140.60902,158.58115,121.08704],[141.23917,159.79008,121.37095],[141.68445,160.0501,122.66317],[141.50772,159.09587,123.668465],[140.40068,155.55151,124.42913],[140.31778,154.69559,123.24857],[139.09512,154.12311,122.875015],[139.02303,153.28705,121.75964],[140.17177,153.0168,121.0252],[140.05403,152.19641,119.94313],[141.39732,153.56566,121.388275],[141.4701,154.40233,122.50464],[140.24232,155.16988,125.75604],[139.86603,153.8515,126.3733],[140.93495,152.7754,126.16805]]",PROJECTED,real512_o3a_zmatrix_pre_gflownet,not_trained
CAL-ANCHOR-000297,CCP(=O)(CC)c1ccc(-n2ccn(-c3ccccc3)c2=O)cc1C(=O)O,SCAFFOLD_ANCHORED__CAL-ANCHOR-000297__EXIT_10__CUT_9__PHI_120,ALENI_CORE_MINUS_FRAG-A.CCP(=O)(CC)c1ccc(-n2ccn(-c3ccccc3)c2=O)cc1C(=O)O>>SCAFFOLD_ANCHORED_RXN_AMIDE_COUPLING,CAL-ANCHOR-000297,ALENI_CORE_EXIT_10_CUT_9,0.8254173221703027,4.0,2.9204094561266696,4.0,2.9204094561266696,8.0,4,cryptic_rescue,120.0,zmatrix,true,6,3,campaigns/glp1r_aleniglipron/track_a_generative/ALENI-PARENT_6XOX_frame_o3a_relaxed.sdf,compact_pseudo_ligand_o3a,"[[140.7175,154.8487,127.3529],[140.3245,156.178,127.2565],[140.9153,156.7657,126.2094],[141.7323,155.8573,125.598],[142.4203,156.0754,124.4162],[142.0627,156.8304,123.307],[142.9126,156.3633,122.2747],[143.8222,155.4977,122.7096],[143.6236,155.4409,124.0597],[144.6688,154.9206,124.885],[145.6441,154.088,124.3084],[146.6994,153.5823,125.0794],[147.718,152.6625,124.4785],[146.7584,153.9094,126.4361],[147.758,153.4189,127.1856],[145.8078,154.7445,127.0305],[145.9316,155.1149,128.4775],[144.7742,155.2687,126.2404],[142.7151,156.6525,120.8219],[141.5715,157.6625,120.6056],[140.5137,157.4934,121.6182],[139.2847,156.966,121.2248],[138.9075,157.0176,120.054],[138.468,156.3427,122.2416],[138.8117,155.3277,123.1232],[137.6917,155.0423,123.9459],[137.4785,154.155,125.019],[136.2161,154.0811,125.6334],[136.0069,153.1158,126.7872],[135.5634,153.8258,128.0741],[135.3257,152.8039,129.1775],[134.3613,151.8346,128.7655],[134.7975,151.0861,127.6316],[135.0156,151.9986,126.432],[135.1773,154.8875,125.15],[135.3657,155.7744,124.0829],[136.64,155.8442,123.5037],[137.1377,156.6057,122.4696],[136.3264,157.6132,121.7046],[135.6319,157.0176,120.54],[134.3866,156.6892,120.5279],[134.1757,156.161,119.2127],[135.39,156.2319,118.5679],[135.6014,155.8627,117.4241],[136.2852,156.7706,119.4055],[136.8502,159.0486,121.5503],[135.6931,158.7935,122.4599],[134.3513,159.3515,122.1216],[140.9102,157.7389,123.024],[141.2648,159.2108,123.2598],[141.6268,154.5873,126.2547],[142.1491,153.5395,125.911],[138.1014,153.7185,131.348],[137.5829,155.0491,131.5557],[139.6341,156.6427,127.9419],[140.8119,157.7895,125.8929],[145.5786,153.8174,123.2551],[148.7187,152.8905,124.8602],[147.7549,152.77,123.3893],[147.472,151.6234,124.7178],[146.2495,154.2529,129.0732],[144.9709,155.4505,128.8825],[146.6616,155.9213,128.5968],[144.0775,155.9627,126.7001],[142.4536,155.7121,120.3202],[143.6377,157.0247,120.364],[141.9494,158.6877,120.6766],[141.1745,157.5454,119.5917],[139.7787,154.8417,123.1775],[138.298,153.5269,125.3609],[136.9715,152.6345,127.0058],[134.6293,154.374,127.9001],[136.3148,154.5579,128.3895],[136.254,152.2949,129.454],[134.939,153.3017,130.0722],[134.0231,150.3476,127.4015],[135.7112,150.537,127.8863],[135.3778,151.416,125.577],[134.0501,152.4329,126.1432],[134.1861,154.8287,125.5973],[134.5385,156.3758,123.7167],[137.2706,156.9078,119.2154],[137.7899,159.326,122.0141],[136.6714,159.5611,120.6102],[135.8727,158.8547,123.5289],[133.5622,158.7167,122.5361],[134.244,160.3498,122.5581],[134.1932,159.4439,121.0425],[140.0727,157.5186,123.6855],[142.1584,159.5204,122.7077],[140.438,159.8604,122.9531],[141.4693,159.3992,124.3189],[137.9954,153.0688,132.1394],[136.9199,155.0515,132.4266],[138.3909,155.7619,131.7487],[136.9977,155.386,130.6947],[140.31573,154.11618,126.1071],[139.90965,153.3758,124.847916],[141.05661,153.51637,123.454926],[140.56337,152.7072,122.27901],[140.96779,155.27486,122.99487],[139.64566,155.69608,122.38094],[142.70639,153.12012,123.98222],[143.61363,154.11403,124.362144],[144.93471,153.79877,124.71922],[145.40811,152.48146,124.708],[146.75153,152.14851,125.058044],[147.33728,150.89853,125.006905],[148.60883,150.96732,125.40642],[148.93538,152.26607,125.74536],[150.19884,152.7375,126.21715],[150.42747,154.08609,126.5255],[151.67363,154.53053,126.986885],[152.7218,153.63338,127.150475],[152.5233,152.29134,126.85235],[151.27647,151.85,126.39128],[147.75494,153.08119,125.5368],[147.62524,154.281,125.72745],[144.49629,151.48444,124.33572],[143.16931,151.7991,123.986984],[142.25647,150.68567,123.681465],[141.20793,150.45345,124.248474],[142.74025,149.9249,122.68687]]",PROJECTED,real512_o3a_zmatrix_pre_gflownet,not_trained
CAL-ANCHOR-000329,C[C@@H]1c2c(nn(-c3ccccc3)c2C2CCOCC2)CCN1c1ccc(O)cc1,SCAFFOLD_ANCHORED__CAL-ANCHOR-000329__EXIT_10__CUT_9__PHI_60,ALENI_CORE_MINUS_FRAG-A.C[C@@H]1c2c(nn(-c3ccccc3)c2C2CCOCC2)CCN1c1ccc(O)cc1>>SCAFFOLD_ANCHORED_RXN_AMIDE_COUPLING,CAL-ANCHOR-000329,ALENI_CORE_EXIT_10_CUT_9,0.7932716839540811,6.0,3.307653056734703,6.0,3.307653056734703,10.0,5,cryptic_rescue,60.0,zmatrix,true,6,2,campaigns/glp1r_aleniglipron/track_a_generative/ALENI-PARENT_6XOX_frame_o3a_relaxed.sdf,compact_pseudo_ligand_o3a,"[[140.7175,154.8487,127.3529],[140.3245,156.178,127.2565],[140.9153,156.7657,126.2094],[141.7323,155.8573,125.598],[142.4203,156.0754,124.4162],[142.0627,156.8304,123.307],[142.9126,156.3633,122.2747],[143.8222,155.4977,122.7096],[143.6236,155.4409,124.0597],[144.6688,154.9206,124.885],[145.6441,154.088,124.3084],[146.6994,153.5823,125.0794],[147.718,152.6625,124.4785],[146.7584,153.9094,126.4361],[147.758,153.4189,127.1856],[145.8078,154.7445,127.0305],[145.9316,155.1149,128.4775],[144.7742,155.2687,126.2404],[142.7151,156.6525,120.8219],[141.5715,157.6625,120.6056],[140.5137,157.4934,121.6182],[139.2847,156.966,121.2248],[138.9075,157.0176,120.054],[138.468,156.3427,122.2416],[138.8117,155.3277,123.1232],[137.6917,155.0423,123.9459],[137.4785,154.155,125.019],[136.2161,154.0811,125.6334],[136.0069,153.1158,126.7872],[135.5634,153.8258,128.0741],[135.3257,152.8039,129.1775],[134.3613,151.8346,128.7655],[134.7975,151.0861,127.6316],[135.0156,151.9986,126.432],[135.1773,154.8875,125.15],[135.3657,155.7744,124.0829],[136.64,155.8442,123.5037],[137.1377,156.6057,122.4696],[136.3264,157.6132,121.7046],[135.6319,157.0176,120.54],[134.3866,156.6892,120.5279],[134.1757,156.161,119.2127],[135.39,156.2319,118.5679],[135.6014,155.8627,117.4241],[136.2852,156.7706,119.4055],[136.8502,159.0486,121.5503],[135.6931,158.7935,122.4599],[134.3513,159.3515,122.1216],[140.9102,157.7389,123.024],[141.2648,159.2108,123.2598],[141.6268,154.5873,126.2547],[142.1491,153.5395,125.911],[138.1014,153.7185,131.348],[137.5829,155.0491,131.5557],[139.6341,156.6427,127.9419],[140.8119,157.7895,125.8929],[145.5786,153.8174,123.2551],[148.7187,152.8905,124.8602],[147.7549,152.77,123.3893],[147.472,151.6234,124.7178],[146.2495,154.2529,129.0732],[144.9709,155.4505,128.8825],[146.6616,155.9213,128.5968],[144.0775,155.9627,126.7001],[142.4536,155.7121,120.3202],[143.6377,157.0247,120.364],[141.9494,158.6877,120.6766],[141.1745,157.5454,119.5917],[139.7787,154.8417,123.1775],[138.298,153.5269,125.3609],[136.9715,152.6345,127.0058],[134.6293,154.374,127.9001],[136.3148,154.5579,128.3895],[136.254,152.2949,129.454],[134.939,153.3017,130.0722],[134.0231,150.3476,127.4015],[135.7112,150.537,127.8863],[135.3778,151.416,125.577],[134.0501,152.4329,126.1432],[134.1861,154.8287,125.5973],[134.5385,156.3758,123.7167],[137.2706,156.9078,119.2154],[137.7899,159.326,122.0141],[136.6714,159.5611,120.6102],[135.8727,158.8547,123.5289],[133.5622,158.7167,122.5361],[134.244,160.3498,122.5581],[134.1932,159.4439,121.0425],[140.0727,157.5186,123.6855],[142.1584,159.5204,122.7077],[140.438,159.8604,122.9531],[141.4693,159.3992,124.3189],[137.9954,153.0688,132.1394],[136.9199,155.0515,132.4266],[138.3909,155.7619,131.7487],[136.9977,155.386,130.6947],[139.51129,153.96193,127.25965],[138.2774,153.05482,127.16426],[138.55551,151.83379,126.314644],[137.92982,151.65314,125.07656],[138.3,150.53166,124.480896],[139.18317,149.91904,125.33506],[139.74397,148.67078,124.87518],[140.67923,147.90877,125.5774],[141.17783,146.70602,125.05377],[140.75156,146.24146,123.8151],[139.82314,146.97939,123.09466],[139.3268,148.17802,123.61819],[139.335,150.69463,126.50895],[140.12971,150.40376,127.75895],[139.63031,149.1781,128.5336],[140.58937,148.79846,129.65108],[141.92789,148.73131,129.1643],[142.41025,150.01276,128.76828],[141.64514,150.52605,127.55835],[136.9285,152.59254,124.50177],[137.06792,153.97313,125.16359],[137.1386,153.85712,126.6362],[136.08853,154.22914,127.46019],[134.76042,154.2807,127.00382],[133.69914,154.6563,127.83893],[133.95566,154.99384,129.15851],[132.95865,155.36554,130.00874],[135.25002,154.95993,129.64809],[136.30081,154.5809,128.80446]]",PROJECTED,real512_o3a_zmatrix_pre_gflownet,not_trained
CAL-ANCHOR-000295,Cc1cc(C2(n3ccn(-c4ccccc4)c3=O)C[C@@H]2C)cc(C)c1F,SCAFFOLD_ANCHORED__CAL-ANCHOR-000295__EXIT_10__CUT_9__PHI_180,ALENI_CORE_MINUS_FRAG-A.Cc1cc(C2(n3ccn(-c4ccccc4)c3=O)C[C@@H]2C)cc(C)c1F>>SCAFFOLD_ANCHORED_RXN_AMIDE_COUPLING,CAL-ANCHOR-000295,ALENI_CORE_EXIT_10_CUT_9,0.7886963947671992,3.0,1.4791252366296055,3.0,1.4791252366296055,4.0,2,normal,180.0,zmatrix,true,6,4,campaigns/glp1r_aleniglipron/track_a_generative/ALENI-PARENT_6XOX_frame_o3a_relaxed.sdf,compact_pseudo_ligand_o3a,"[[140.7175,154.8487,127.3529],[140.3245,156.178,127.2565],[140.9153,156.7657,126.2094],[141.7323,155.8573,125.598],[142.4203,156.0754,124.4162],[142.0627,156.8304,123.307],[142.9126,156.3633,122.2747],[143.8222,155.4977,122.7096],[143.6236,155.4409,124.0597],[144.6688,154.9206,124.885],[145.6441,154.088,124.3084],[146.6994,153.5823,125.0794],[147.718,152.6625,124.4785],[146.7584,153.9094,126.4361],[147.758,153.4189,127.1856],[145.8078,154.7445,127.0305],[145.9316,155.1149,128.4775],[144.7742,155.2687,126.2404],[142.7151,156.6525,120.8219],[141.5715,157.6625,120.6056],[140.5137,157.4934,121.6182],[139.2847,156.966,121.2248],[138.9075,157.0176,120.054],[138.468,156.3427,122.2416],[138.8117,155.3277,123.1232],[137.6917,155.0423,123.9459],[137.4785,154.155,125.019],[136.2161,154.0811,125.6334],[136.0069,153.1158,126.7872],[135.5634,153.8258,128.0741],[135.3257,152.8039,129.1775],[134.3613,151.8346,128.7655],[134.7975,151.0861,127.6316],[135.0156,151.9986,126.432],[135.1773,154.8875,125.15],[135.3657,155.7744,124.0829],[136.64,155.8442,123.5037],[137.1377,156.6057,122.4696],[136.3264,157.6132,121.7046],[135.6319,157.0176,120.54],[134.3866,156.6892,120.5279],[134.1757,156.161,119.2127],[135.39,156.2319,118.5679],[135.6014,155.8627,117.4241],[136.2852,156.7706,119.4055],[136.8502,159.0486,121.5503],[135.6931,158.7935,122.4599],[134.3513,159.3515,122.1216],[140.9102,157.7389,123.024],[141.2648,159.2108,123.2598],[141.6268,154.5873,126.2547],[142.1491,153.5395,125.911],[138.1014,153.7185,131.348],[137.5829,155.0491,131.5557],[139.6341,156.6427,127.9419],[140.8119,157.7895,125.8929],[145.5786,153.8174,123.2551],[148.7187,152.8905,124.8602],[147.7549,152.77,123.3893],[147.472,151.6234,124.7178],[146.2495,154.2529,129.0732],[144.9709,155.4505,128.8825],[146.6616,155.9213,128.5968],[144.0775,155.9627,126.7001],[142.4536,155.7121,120.3202],[143.6377,157.0247,120.364],[141.9494,158.6877,120.6766],[141.1745,157.5454,119.5917],[139.7787,154.8417,123.1775],[138.298,153.5269,125.3609],[136.9715,152.6345,127.0058],[134.6293,154.374,127.9001],[136.3148,154.5579,128.3895],[136.254,152.2949,129.454],[134.939,153.3017,130.0722],[134.0231,150.3476,127.4015],[135.7112,150.537,127.8863],[135.3778,151.416,125.577],[134.0501,152.4329,126.1432],[134.1861,154.8287,125.5973],[134.5385,156.3758,123.7167],[137.2706,156.9078,119.2154],[137.7899,159.326,122.0141],[136.6714,159.5611,120.6102],[135.8727,158.8547,123.5289],[133.5622,158.7167,122.5361],[134.244,160.3498,122.5581],[134.1932,159.4439,121.0425],[140.0727,157.5186,123.6855],[142.1584,159.5204,122.7077],[140.438,159.8604,122.9531],[141.4693,159.3992,124.3189],[137.9954,153.0688,132.1394],[136.9199,155.0515,132.4266],[138.3909,155.7619,131.7487],[136.9977,155.386,130.6947],[141.66356,154.52394,126.235085],[142.60822,154.19966,125.118935],[143.9921,154.15924,125.33609],[144.89961,153.87244,124.298],[146.40622,153.80557,124.56496],[146.84074,152.51175,125.01071],[147.34033,151.53802,124.18587],[147.5965,150.44495,124.91191],[147.26196,150.66121,126.24319],[147.38452,149.74025,127.32489],[147.0054,150.07365,128.63286],[147.13248,149.15854,129.68578],[147.64305,147.88737,129.45203],[148.02654,147.53163,128.16483],[147.89836,148.44849,127.113976],[146.74825,152.01056,126.343346],[146.32603,152.62224,127.312744],[147.31932,154.64539,123.670815],[147.0822,155.0781,125.08259],[148.20705,155.04936,126.061195],[144.36589,153.62381,123.018745],[142.98773,153.68646,122.76925],[142.43713,153.40222,121.40545],[142.12593,153.9703,123.83009],[140.80356,154.01903,123.60533]]",PROJECTED,real512_o3a_zmatrix_pre_gflownet,not_trained
CAL-ANCHOR-000114,C[C@@H]1c2c(nn(C3CCOCC3)c2C(=O)O)CCN1c1ccccc1,SCAFFOLD_ANCHORED__CAL-ANCHOR-000114__EXIT_10__CUT_9__PHI_120,ALENI_CORE_MINUS_FRAG-A.C[C@@H]1c2c(nn(C3CCOCC3)c2C(=O)O)CCN1c1ccccc1>>SCAFFOLD_ANCHORED_RXN_AMIDE_COUPLING,CAL-ANCHOR-000114,ALENI_CORE_EXIT_10_CUT_9,0.777297420623927,5.0,2.8951335318889484,5.0,2.8951335318889484,8.0,4,cryptic_rescue,120.0,zmatrix,true,6,3,campaigns/glp1r_aleniglipron/track_a_generative/ALENI-PARENT_6XOX_frame_o3a_relaxed.sdf,compact_pseudo_ligand_o3a,"[[140.7175,154.8487,127.3529],[140.3245,156.178,127.2565],[140.9153,156.7657,126.2094],[141.7323,155.8573,125.598],[142.4203,156.0754,124.4162],[142.0627,156.8304,123.307],[142.9126,156.3633,122.2747],[143.8222,155.4977,122.7096],[143.6236,155.4409,124.0597],[144.6688,154.9206,124.885],[145.6441,154.088,124.3084],[146.6994,153.5823,125.0794],[147.718,152.6625,124.4785],[146.7584,153.9094,126.4361],[147.758,153.4189,127.1856],[145.8078,154.7445,127.0305],[145.9316,155.1149,128.4775],[144.7742,155.2687,126.2404],[142.7151,156.6525,120.8219],[141.5715,157.6625,120.6056],[140.5137,157.4934,121.6182],[139.2847,156.966,121.2248],[138.9075,157.0176,120.054],[138.468,156.3427,122.2416],[138.8117,155.3277,123.1232],[137.6917,155.0423,123.9459],[137.4785,154.155,125.019],[136.2161,154.0811,125.6334],[136.0069,153.1158,126.7872],[135.5634,153.8258,128.0741],[135.3257,152.8039,129.1775],[134.3613,151.8346,128.7655],[134.7975,151.0861,127.6316],[135.0156,151.9986,126.432],[135.1773,154.8875,125.15],[135.3657,155.7744,124.0829],[136.64,155.8442,123.5037],[137.1377,156.6057,122.4696],[136.3264,157.6132,121.7046],[135.6319,157.0176,120.54],[134.3866,156.6892,120.5279],[134.1757,156.161,119.2127],[135.39,156.2319,118.5679],[135.6014,155.8627,117.4241],[136.2852,156.7706,119.4055],[136.8502,159.0486,121.5503],[135.6931,158.7935,122.4599],[134.3513,159.3515,122.1216],[140.9102,157.7389,123.024],[141.2648,159.2108,123.2598],[141.6268,154.5873,126.2547],[142.1491,153.5395,125.911],[138.1014,153.7185,131.348],[137.5829,155.0491,131.5557],[139.6341,156.6427,127.9419],[140.8119,157.7895,125.8929],[145.5786,153.8174,123.2551],[148.7187,152.8905,124.8602],[147.7549,152.77,123.3893],[147.472,151.6234,124.7178],[146.2495,154.2529,129.0732],[144.9709,155.4505,128.8825],[146.6616,155.9213,128.5968],[144.0775,155.9627,126.7001],[142.4536,155.7121,120.3202],[143.6377,157.0247,120.364],[141.9494,158.6877,120.6766],[141.1745,157.5454,119.5917],[139.7787,154.8417,123.1775],[138.298,153.5269,125.3609],[136.9715,152.6345,127.0058],[134.6293,154.374,127.9001],[136.3148,154.5579,128.3895],[136.254,152.2949,129.454],[134.939,153.3017,130.0722],[134.0231,150.3476,127.4015],[135.7112,150.537,127.8863],[135.3778,151.416,125.577],[134.0501,152.4329,126.1432],[134.1861,154.8287,125.5973],[134.5385,156.3758,123.7167],[137.2706,156.9078,119.2154],[137.7899,159.326,122.0141],[136.6714,159.5611,120.6102],[135.8727,158.8547,123.5289],[133.5622,158.7167,122.5361],[134.244,160.3498,122.5581],[134.1932,159.4439,121.0425],[140.0727,157.5186,123.6855],[142.1584,159.5204,122.7077],[140.438,159.8604,122.9531],[141.4693,159.3992,124.3189],[137.9954,153.0688,132.1394],[136.9199,155.0515,132.4266],[138.3909,155.7619,131.7487],[136.9977,155.386,130.6947],[140.31573,154.11618,126.1071],[139.9037,153.36496,124.8295],[139.95856,151.87466,125.04713],[140.89035,151.06256,124.38488],[140.78484,149.78426,124.73299],[139.7315,149.75806,125.592155],[139.29352,148.42784,126.00686],[139.73634,148.04964,127.42264],[139.26834,146.64056,127.75451],[137.86221,146.51259,127.54637],[137.49637,146.70146,126.18031],[137.81683,148.12082,125.735886],[139.20712,151.01381,125.84027],[138.11252,151.39983,126.68238],[137.423,152.40309,126.5817],[137.9204,150.55783,127.709885],[141.85077,151.56781,123.37446],[142.06123,153.0851,123.5294],[140.78304,153.80876,123.705444],[140.613,155.0794,123.166626],[141.69412,155.94534,122.93736],[141.51314,157.22571,122.40058],[140.23764,157.67091,122.07448],[139.14804,156.83446,122.28481],[139.33815,155.5566,122.8236]]",PROJECTED,real512_o3a_zmatrix_pre_gflownet,not_trained
CAL-ANCHOR-000149,C[C@H]1c2c(nn(C3CCOCC3)c2C(=O)O)CCN1c1ccccc1,SCAFFOLD_ANCHORED__CAL-ANCHOR-000149__EXIT_10__CUT_9__PHI_180,ALENI_CORE_MINUS_FRAG-A.C[C@H]1c2c(nn(C3CCOCC3)c2C(=O)O)CCN1c1ccccc1>>SCAFFOLD_ANCHORED_RXN_AMIDE_COUPLING,CAL-ANCHOR-000149,ALENI_CORE_EXIT_10_CUT_9,0.7769751028347808,3.0,1.5611742801565347,3.0,1.5611742801565347,4.0,2,normal,180.0,zmatrix,true,6,4,campaigns/glp1r_aleniglipron/track_a_generative/ALENI-PARENT_6XOX_frame_o3a_relaxed.sdf,compact_pseudo_ligand_o3a,"[[140.7175,154.8487,127.3529],[140.3245,156.178,127.2565],[140.9153,156.7657,126.2094],[141.7323,155.8573,125.598],[142.4203,156.0754,124.4162],[142.0627,156.8304,123.307],[142.9126,156.3633,122.2747],[143.8222,155.4977,122.7096],[143.6236,155.4409,124.0597],[144.6688,154.9206,124.885],[145.6441,154.088,124.3084],[146.6994,153.5823,125.0794],[147.718,152.6625,124.4785],[146.7584,153.9094,126.4361],[147.758,153.4189,127.1856],[145.8078,154.7445,127.0305],[145.9316,155.1149,128.4775],[144.7742,155.2687,126.2404],[142.7151,156.6525,120.8219],[141.5715,157.6625,120.6056],[140.5137,157.4934,121.6182],[139.2847,156.966,121.2248],[138.9075,157.0176,120.054],[138.468,156.3427,122.2416],[138.8117,155.3277,123.1232],[137.6917,155.0423,123.9459],[137.4785,154.155,125.019],[136.2161,154.0811,125.6334],[136.0069,153.1158,126.7872],[135.5634,153.8258,128.0741],[135.3257,152.8039,129.1775],[134.3613,151.8346,128.7655],[134.7975,151.0861,127.6316],[135.0156,151.9986,126.432],[135.1773,154.8875,125.15],[135.3657,155.7744,124.0829],[136.64,155.8442,123.5037],[137.1377,156.6057,122.4696],[136.3264,157.6132,121.7046],[135.6319,157.0176,120.54],[134.3866,156.6892,120.5279],[134.1757,156.161,119.2127],[135.39,156.2319,118.5679],[135.6014,155.8627,117.4241],[136.2852,156.7706,119.4055],[136.8502,159.0486,121.5503],[135.6931,158.7935,122.4599],[134.3513,159.3515,122.1216],[140.9102,157.7389,123.024],[141.2648,159.2108,123.2598],[141.6268,154.5873,126.2547],[142.1491,153.5395,125.911],[138.1014,153.7185,131.348],[137.5829,155.0491,131.5557],[139.6341,156.6427,127.9419],[140.8119,157.7895,125.8929],[145.5786,153.8174,123.2551],[148.7187,152.8905,124.8602],[147.7549,152.77,123.3893],[147.472,151.6234,124.7178],[146.2495,154.2529,129.0732],[144.9709,155.4505,128.8825],[146.6616,155.9213,128.5968],[144.0775,155.9627,126.7001],[142.4536,155.7121,120.3202],[143.6377,157.0247,120.364],[141.9494,158.6877,120.6766],[141.1745,157.5454,119.5917],[139.7787,154.8417,123.1775],[138.298,153.5269,125.3609],[136.9715,152.6345,127.0058],[134.6293,154.374,127.9001],[136.3148,154.5579,128.3895],[136.254,152.2949,129.454],[134.939,153.3017,130.0722],[134.0231,150.3476,127.4015],[135.7112,150.537,127.8863],[135.3778,151.416,125.577],[134.0501,152.4329,126.1432],[134.1861,154.8287,125.5973],[134.5385,156.3758,123.7167],[137.2706,156.9078,119.2154],[137.7899,159.326,122.0141],[136.6714,159.5611,120.6102],[135.8727,158.8547,123.5289],[133.5622,158.7167,122.5361],[134.244,160.3498,122.5581],[134.1932,159.4439,121.0425],[140.0727,157.5186,123.6855],[142.1584,159.5204,122.7077],[140.438,159.8604,122.9531],[141.4693,159.3992,124.3189],[137.9954,153.0688,132.1394],[136.9199,155.0515,132.4266],[138.3909,155.7619,131.7487],[136.9977,155.386,130.6947],[141.66356,154.52394,126.235085],[142.62445,154.1941,125.09975],[142.08887,154.18097,123.69301],[143.02852,153.92326,122.67038],[142.4803,153.83612,121.46562],[141.17009,154.07036,121.6958],[140.23795,154.08292,120.562225],[140.8308,154.67935,119.27339],[141.63696,153.66829,118.46784],[140.87993,152.47801,118.25386],[140.57442,151.82314,119.48318],[139.64438,152.69144,120.31593],[140.87204,154.29948,123.03338],[139.54301,154.56134,123.50156],[138.49297,154.14314,123.03963],[139.5302,155.42484,124.53066],[144.47473,153.74905,122.96326],[144.90425,154.74608,124.05772],[143.95045,154.87216,125.19757],[144.10947,156.07169,125.88779],[145.0989,156.17622,126.872894],[145.30637,157.37439,127.560684],[144.53117,158.49187,127.26093],[143.55414,158.41087,126.2717],[143.35017,157.2098,125.587494]]",PROJECTED,real512_o3a_zmatrix_pre_gflownet,not_trained
CAL-ANCHOR-000192,CC1c2c(nn(-c3ccccc3)c2C(=O)O)CCN1c1noc(=O)[nH]1,SCAFFOLD_ANCHORED__CAL-ANCHOR-000192__EXIT_64__CUT_63__PHI_180,ALENI_CORE_MINUS_FRAG-A.CC1c2c(nn(-c3ccccc3)c2C(=O)O)CCN1c1noc(=O)[nH]1>>SCAFFOLD_ANCHORED_RXN_AMIDE_COUPLING,CAL-ANCHOR-000192,ALENI_CORE_EXIT_64_CUT_63,0.7661387325306698,5.0,2.2740577445706225,5.0,2.2740577445706225,8.0,4,normal,180.0,zmatrix,true,6,4,campaigns/glp1r_aleniglipron/track_a_generative/ALENI-PARENT_6XOX_frame_o3a_relaxed.sdf,compact_pseudo_ligand_o3a,"[[140.7175,154.8487,127.3529],[140.3245,156.178,127.2565],[140.9153,156.7657,126.2094],[141.7323,155.8573,125.598],[142.4203,156.0754,124.4162],[142.0627,156.8304,123.307],[142.9126,156.3633,122.2747],[143.8222,155.4977,122.7096],[143.6236,155.4409,124.0597],[144.6688,154.9206,124.885],[145.6441,154.088,124.3084],[146.6994,153.5823,125.0794],[147.718,152.6625,124.4785],[146.7584,153.9094,126.4361],[147.758,153.4189,127.1856],[145.8078,154.7445,127.0305],[145.9316,155.1149,128.4775],[144.7742,155.2687,126.2404],[142.7151,156.6525,120.8219],[141.5715,157.6625,120.6056],[140.5137,157.4934,121.6182],[139.2847,156.966,121.2248],[138.9075,157.0176,120.054],[138.468,156.3427,122.2416],[138.8117,155.3277,123.1232],[137.6917,155.0423,123.9459],[137.4785,154.155,125.019],[136.2161,154.0811,125.6334],[136.0069,153.1158,126.7872],[135.5634,153.8258,128.0741],[135.3257,152.8039,129.1775],[134.3613,151.8346,128.7655],[134.7975,151.0861,127.6316],[135.0156,151.9986,126.432],[135.1773,154.8875,125.15],[135.3657,155.7744,124.0829],[136.64,155.8442,123.5037],[137.1377,156.6057,122.4696],[136.3264,157.6132,121.7046],[135.6319,157.0176,120.54],[134.3866,156.6892,120.5279],[134.1757,156.161,119.2127],[135.39,156.2319,118.5679],[135.6014,155.8627,117.4241],[136.2852,156.7706,119.4055],[136.8502,159.0486,121.5503],[135.6931,158.7935,122.4599],[134.3513,159.3515,122.1216],[140.9102,157.7389,123.024],[141.2648,159.2108,123.2598],[141.6268,154.5873,126.2547],[142.1491,153.5395,125.911],[138.1014,153.7185,131.348],[137.5829,155.0491,131.5557],[139.6341,156.6427,127.9419],[140.8119,157.7895,125.8929],[145.5786,153.8174,123.2551],[148.7187,152.8905,124.8602],[147.7549,152.77,123.3893],[147.472,151.6234,124.7178],[146.2495,154.2529,129.0732],[144.9709,155.4505,128.8825],[146.6616,155.9213,128.5968],[144.0775,155.9627,126.7001],[142.4536,155.7121,120.3202],[143.6377,157.0247,120.364],[141.9494,158.6877,120.6766],[141.1745,157.5454,119.5917],[139.7787,154.8417,123.1775],[138.298,153.5269,125.3609],[136.9715,152.6345,127.0058],[134.6293,154.374,127.9001],[136.3148,154.5579,128.3895],[136.254,152.2949,129.454],[134.939,153.3017,130.0722],[134.0231,150.3476,127.4015],[135.7112,150.537,127.8863],[135.3778,151.416,125.577],[134.0501,152.4329,126.1432],[134.1861,154.8287,125.5973],[134.5385,156.3758,123.7167],[137.2706,156.9078,119.2154],[137.7899,159.326,122.0141],[136.6714,159.5611,120.6102],[135.8727,158.8547,123.5289],[133.5622,158.7167,122.5361],[134.244,160.3498,122.5581],[134.1932,159.4439,121.0425],[140.0727,157.5186,123.6855],[142.1584,159.5204,122.7077],[140.438,159.8604,122.9531],[141.4693,159.3992,124.3189],[137.9954,153.0688,132.1394],[136.9199,155.0515,132.4266],[138.3909,155.7619,131.7487],[136.9977,155.386,130.6947],[137.18002,152.95802,130.44095],[136.23726,152.17989,129.51283],[136.47165,150.69612,129.59038],[135.51395,149.83173,130.13966],[135.93631,148.57558,130.19652],[137.13289,148.57681,129.5321],[137.71062,147.31276,129.1937],[138.63791,147.16316,128.15619],[139.16087,145.9008,127.852806],[138.75322,144.77768,128.5687],[137.81142,144.90941,129.5844],[137.28651,146.16713,129.8911],[137.5434,149.8801,129.24147],[138.82986,150.2691,128.75273],[139.90991,149.72644,128.91438],[138.76044,151.41489,128.03986],[134.17973,150.2771,130.61673],[134.21033,151.77994,130.93661],[134.84322,152.56331,129.84589],[134.18044,153.63278,129.2967],[132.98515,154.02461,129.60376],[132.71764,155.16342,128.78677],[133.83856,155.35255,128.03033],[134.00352,156.23439,127.202446],[134.73044,154.40607,128.35248]]",PROJECTED,real512_o3a_zmatrix_pre_gflownet,not_trained
CAL-ANCHOR-000128,C[C@@H]1c2c(nn(-c3ccccc3)c2-c2noc(=O)[nH]2)CCN1c1ccccc1,SCAFFOLD_ANCHORED__CAL-ANCHOR-000128__EXIT_10__CUT_9__PHI_120,ALENI_CORE_MINUS_FRAG-A.C[C@@H]1c2c(nn(-c3ccccc3)c2-c2noc(=O)[nH]2)CCN1c1ccccc1>>SCAFFOLD_ANCHORED_RXN_AMIDE_COUPLING,CAL-ANCHOR-000128,ALENI_CORE_EXIT_10_CUT_9,0.7653236229808057,3.0,2.112087393172749,3.0,2.112087393172749,6.0,3,normal,120.0,zmatrix,true,6,3,campaigns/glp1r_aleniglipron/track_a_generative/ALENI-PARENT_6XOX_frame_o3a_relaxed.sdf,compact_pseudo_ligand_o3a,"[[140.7175,154.8487,127.3529],[140.3245,156.178,127.2565],[140.9153,156.7657,126.2094],[141.7323,155.8573,125.598],[142.4203,156.0754,124.4162],[142.0627,156.8304,123.307],[142.9126,156.3633,122.2747],[143.8222,155.4977,122.7096],[143.6236,155.4409,124.0597],[144.6688,154.9206,124.885],[145.6441,154.088,124.3084],[146.6994,153.5823,125.0794],[147.718,152.6625,124.4785],[146.7584,153.9094,126.4361],[147.758,153.4189,127.1856],[145.8078,154.7445,127.0305],[145.9316,155.1149,128.4775],[144.7742,155.2687,126.2404],[142.7151,156.6525,120.8219],[141.5715,157.6625,120.6056],[140.5137,157.4934,121.6182],[139.2847,156.966,121.2248],[138.9075,157.0176,120.054],[138.468,156.3427,122.2416],[138.8117,155.3277,123.1232],[137.6917,155.0423,123.9459],[137.4785,154.155,125.019],[136.2161,154.0811,125.6334],[136.0069,153.1158,126.7872],[135.5634,153.8258,128.0741],[135.3257,152.8039,129.1775],[134.3613,151.8346,128.7655],[134.7975,151.0861,127.6316],[135.0156,151.9986,126.432],[135.1773,154.8875,125.15],[135.3657,155.7744,124.0829],[136.64,155.8442,123.5037],[137.1377,156.6057,122.4696],[136.3264,157.6132,121.7046],[135.6319,157.0176,120.54],[134.3866,156.6892,120.5279],[134.1757,156.161,119.2127],[135.39,156.2319,118.5679],[135.6014,155.8627,117.4241],[136.2852,156.7706,119.4055],[136.8502,159.0486,121.5503],[135.6931,158.7935,122.4599],[134.3513,159.3515,122.1216],[140.9102,157.7389,123.024],[141.2648,159.2108,123.2598],[141.6268,154.5873,126.2547],[142.1491,153.5395,125.911],[138.1014,153.7185,131.348],[137.5829,155.0491,131.5557],[139.6341,156.6427,127.9419],[140.8119,157.7895,125.8929],[145.5786,153.8174,123.2551],[148.7187,152.8905,124.8602],[147.7549,152.77,123.3893],[147.472,151.6234,124.7178],[146.2495,154.2529,129.0732],[144.9709,155.4505,128.8825],[146.6616,155.9213,128.5968],[144.0775,155.9627,126.7001],[142.4536,155.7121,120.3202],[143.6377,157.0247,120.364],[141.9494,158.6877,120.6766],[141.1745,157.5454,119.5917],[139.7787,154.8417,123.1775],[138.298,153.5269,125.3609],[136.9715,152.6345,127.0058],[134.6293,154.374,127.9001],[136.3148,154.5579,128.3895],[136.254,152.2949,129.454],[134.939,153.3017,130.0722],[134.0231,150.3476,127.4015],[135.7112,150.537,127.8863],[135.3778,151.416,125.577],[134.0501,152.4329,126.1432],[134.1861,154.8287,125.5973],[134.5385,156.3758,123.7167],[137.2706,156.9078,119.2154],[137.7899,159.326,122.0141],[136.6714,159.5611,120.6102],[135.8727,158.8547,123.5289],[133.5622,158.7167,122.5361],[134.244,160.3498,122.5581],[134.1932,159.4439,121.0425],[140.0727,157.5186,123.6855],[142.1584,159.5204,122.7077],[140.438,159.8604,122.9531],[141.4693,159.3992,124.3189],[137.9954,153.0688,132.1394],[136.9199,155.0515,132.4266],[138.3909,155.7619,131.7487],[136.9977,155.386,130.6947],[140.31573,154.11618,126.1071],[139.90591,153.36897,124.83632],[141.00508,153.15625,123.82178],[140.7276,153.20409,122.437614],[141.81831,153.04745,121.69398],[142.79927,152.73094,122.584114],[144.065,152.29147,122.088264],[144.40521,152.57257,120.75426],[145.63889,152.17119,120.237175],[146.5363,151.47165,121.03924],[146.19527,151.15947,122.35345],[144.96165,151.55928,122.87753],[142.36667,152.9013,123.89934],[143.17717,152.84612,125.065315],[142.9816,152.04959,126.058975],[144.0218,152.36938,126.98869],[144.75201,153.37994,126.413124],[145.72684,153.9213,126.90753],[144.21841,153.6662,125.21728],[139.37578,153.4674,121.86008],[138.28645,153.28046,122.938736],[138.67567,153.94202,124.20898],[138.36415,155.29861,124.24792],[137.04231,155.68561,124.51136],[136.6702,157.03212,124.53901],[137.6189,158.01944,124.291855],[138.93413,157.65747,124.01487],[139.30014,156.30795,123.99058]]",PROJECTED,real512_o3a_zmatrix_pre_gflownet,not_trained
CAL-ANCHOR-000034,O=C(Nc1ccccc1)c1ccc(O)cc1,SCAFFOLD_ANCHORED__CAL-ANCHOR-000034__EXIT_10__CUT_9__PHI_120,ALENI_CORE_MINUS_FRAG-A.O=C(Nc1ccccc1)c1ccc(O)cc1>>SCAFFOLD_ANCHORED_RXN_AMIDE_COUPLING,CAL-ANCHOR-000034,ALENI_CORE_EXIT_10_CUT_9,0.7629919289723874,2.0,1.4220484261656758,2.0,1.4220484261656758,4.0,2,normal,120.0,zmatrix,true,6,3,campaigns/glp1r_aleniglipron/track_a_generative/ALENI-PARENT_6XOX_frame_o3a_relaxed.sdf,compact_pseudo_ligand_o3a,"[[140.7175,154.8487,127.3529],[140.3245,156.178,127.2565],[140.9153,156.7657,126.2094],[141.7323,155.8573,125.598],[142.4203,156.0754,124.4162],[142.0627,156.8304,123.307],[142.9126,156.3633,122.2747],[143.8222,155.4977,122.7096],[143.6236,155.4409,124.0597],[144.6688,154.9206,124.885],[145.6441,154.088,124.3084],[146.6994,153.5823,125.0794],[147.718,152.6625,124.4785],[146.7584,153.9094,126.4361],[147.758,153.4189,127.1856],[145.8078,154.7445,127.0305],[145.9316,155.1149,128.4775],[144.7742,155.2687,126.2404],[142.7151,156.6525,120.8219],[141.5715,157.6625,120.6056],[140.5137,157.4934,121.6182],[139.2847,156.966,121.2248],[138.9075,157.0176,120.054],[138.468,156.3427,122.2416],[138.8117,155.3277,123.1232],[137.6917,155.0423,123.9459],[137.4785,154.155,125.019],[136.2161,154.0811,125.6334],[136.0069,153.1158,126.7872],[135.5634,153.8258,128.0741],[135.3257,152.8039,129.1775],[134.3613,151.8346,128.7655],[134.7975,151.0861,127.6316],[135.0156,151.9986,126.432],[135.1773,154.8875,125.15],[135.3657,155.7744,124.0829],[136.64,155.8442,123.5037],[137.1377,156.6057,122.4696],[136.3264,157.6132,121.7046],[135.6319,157.0176,120.54],[134.3866,156.6892,120.5279],[134.1757,156.161,119.2127],[135.39,156.2319,118.5679],[135.6014,155.8627,117.4241],[136.2852,156.7706,119.4055],[136.8502,159.0486,121.5503],[135.6931,158.7935,122.4599],[134.3513,159.3515,122.1216],[140.9102,157.7389,123.024],[141.2648,159.2108,123.2598],[141.6268,154.5873,126.2547],[142.1491,153.5395,125.911],[138.1014,153.7185,131.348],[137.5829,155.0491,131.5557],[139.6341,156.6427,127.9419],[140.8119,157.7895,125.8929],[145.5786,153.8174,123.2551],[148.7187,152.8905,124.8602],[147.7549,152.77,123.3893],[147.472,151.6234,124.7178],[146.2495,154.2529,129.0732],[144.9709,155.4505,128.8825],[146.6616,155.9213,128.5968],[144.0775,155.9627,126.7001],[142.4536,155.7121,120.3202],[143.6377,157.0247,120.364],[141.9494,158.6877,120.6766],[141.1745,157.5454,119.5917],[139.7787,154.8417,123.1775],[138.298,153.5269,125.3609],[136.9715,152.6345,127.0058],[134.6293,154.374,127.9001],[136.3148,154.5579,128.3895],[136.254,152.2949,129.454],[134.939,153.3017,130.0722],[134.0231,150.3476,127.4015],[135.7112,150.537,127.8863],[135.3778,151.416,125.577],[134.0501,152.4329,126.1432],[134.1861,154.8287,125.5973],[134.5385,156.3758,123.7167],[137.2706,156.9078,119.2154],[137.7899,159.326,122.0141],[136.6714,159.5611,120.6102],[135.8727,158.8547,123.5289],[133.5622,158.7167,122.5361],[134.244,160.3498,122.5581],[134.1932,159.4439,121.0425],[140.0727,157.5186,123.6855],[142.1584,159.5204,122.7077],[140.438,159.8604,122.9531],[141.4693,159.3992,124.3189],[137.9954,153.0688,132.1394],[136.9199,155.0515,132.4266],[138.3909,155.7619,131.7487],[136.9977,155.386,130.6947],[140.31573,154.11618,126.1071],[139.98763,153.51799,125.08974],[139.74982,154.06432,123.84162],[139.73938,155.4313,123.49252],[139.91139,156.47226,124.406235],[139.88174,157.80379,123.978294],[139.67809,158.1055,122.634056],[139.50253,157.07535,121.714676],[139.53209,155.74518,122.14238],[139.86435,152.0337,125.156746],[138.89278,151.33926,124.42288],[138.81412,149.94807,124.51704],[139.69313,149.26007,125.3474],[139.57602,147.90347,125.40611],[140.6503,149.93793,126.09595],[140.73174,151.32932,126.00358]]",PROJECTED,real512_o3a_zmatrix_pre_gflownet,not_trained
CAL-ANCHOR-000495,CC1CC1(c1ccccc1)n1ccn(C(=O)O)c1=O,SCAFFOLD_ANCHORED__CAL-ANCHOR-000495__EXIT_64__CUT_63__PHI_240,ALENI_CORE_MINUS_FRAG-A.CC1CC1(c1ccccc1)n1ccn(C(=O)O)c1=O>>SCAFFOLD_ANCHORED_RXN_AMIDE_COUPLING,CAL-ANCHOR-000495,ALENI_CORE_EXIT_64_CUT_63,0.7582476124163401,2.0,1.4505143255019601,2.0,1.4505143255019601,4.0,2,normal,240.0,zmatrix,true,6,5,campaigns/glp1r_aleniglipron/track_a_generative/ALENI-PARENT_6XOX_frame_o3a_relaxed.sdf,compact_pseudo_ligand_o3a,"[[140.7175,154.8487,127.3529],[140.3245,156.178,127.2565],[140.9153,156.7657,126.2094],[141.7323,155.8573,125.598],[142.4203,156.0754,124.4162],[142.0627,156.8304,123.307],[142.9126,156.3633,122.2747],[143.8222,155.4977,122.7096],[143.6236,155.4409,124.0597],[144.6688,154.9206,124.885],[145.6441,154.088,124.3084],[146.6994,153.5823,125.0794],[147.718,152.6625,124.4785],[146.7584,153.9094,126.4361],[147.758,153.4189,127.1856],[145.8078,154.7445,127.0305],[145.9316,155.1149,128.4775],[144.7742,155.2687,126.2404],[142.7151,156.6525,120.8219],[141.5715,157.6625,120.6056],[140.5137,157.4934,121.6182],[139.2847,156.966,121.2248],[138.9075,157.0176,120.054],[138.468,156.3427,122.2416],[138.8117,155.3277,123.1232],[137.6917,155.0423,123.9459],[137.4785,154.155,125.019],[136.2161,154.0811,125.6334],[136.0069,153.1158,126.7872],[135.5634,153.8258,128.0741],[135.3257,152.8039,129.1775],[134.3613,151.8346,128.7655],[134.7975,151.0861,127.6316],[135.0156,151.9986,126.432],[135.1773,154.8875,125.15],[135.3657,155.7744,124.0829],[136.64,155.8442,123.5037],[137.1377,156.6057,122.4696],[136.3264,157.6132,121.7046],[135.6319,157.0176,120.54],[134.3866,156.6892,120.5279],[134.1757,156.161,119.2127],[135.39,156.2319,118.5679],[135.6014,155.8627,117.4241],[136.2852,156.7706,119.4055],[136.8502,159.0486,121.5503],[135.6931,158.7935,122.4599],[134.3513,159.3515,122.1216],[140.9102,157.7389,123.024],[141.2648,159.2108,123.2598],[141.6268,154.5873,126.2547],[142.1491,153.5395,125.911],[138.1014,153.7185,131.348],[137.5829,155.0491,131.5557],[139.6341,156.6427,127.9419],[140.8119,157.7895,125.8929],[145.5786,153.8174,123.2551],[148.7187,152.8905,124.8602],[147.7549,152.77,123.3893],[147.472,151.6234,124.7178],[146.2495,154.2529,129.0732],[144.9709,155.4505,128.8825],[146.6616,155.9213,128.5968],[144.0775,155.9627,126.7001],[142.4536,155.7121,120.3202],[143.6377,157.0247,120.364],[141.9494,158.6877,120.6766],[141.1745,157.5454,119.5917],[139.7787,154.8417,123.1775],[138.298,153.5269,125.3609],[136.9715,152.6345,127.0058],[134.6293,154.374,127.9001],[136.3148,154.5579,128.3895],[136.254,152.2949,129.454],[134.939,153.3017,130.0722],[134.0231,150.3476,127.4015],[135.7112,150.537,127.8863],[135.3778,151.416,125.577],[134.0501,152.4329,126.1432],[134.1861,154.8287,125.5973],[134.5385,156.3758,123.7167],[137.2706,156.9078,119.2154],[137.7899,159.326,122.0141],[136.6714,159.5611,120.6102],[135.8727,158.8547,123.5289],[133.5622,158.7167,122.5361],[134.244,160.3498,122.5581],[134.1932,159.4439,121.0425],[140.0727,157.5186,123.6855],[142.1584,159.5204,122.7077],[140.438,159.8604,122.9531],[141.4693,159.3992,124.3189],[137.9954,153.0688,132.1394],[136.9199,155.0515,132.4266],[138.3909,155.7619,131.7487],[136.9977,155.386,130.6947],[138.36018,153.5045,129.88608],[138.6174,153.2918,128.43297],[138.00989,154.22891,127.43852],[137.54724,152.77405,127.4664],[137.99686,151.88565,126.304276],[137.60039,152.1665,124.98384],[137.99147,151.35593,123.915504],[138.78809,150.23845,124.14634],[139.1892,149.93103,125.443306],[138.79419,150.74506,126.50843],[136.22298,152.4658,127.92768],[135.9257,151.44943,128.80428],[134.59972,151.39667,128.97003],[133.9893,152.37042,128.19507],[132.6232,152.55495,128.15614],[131.78648,151.90994,128.77628],[132.20976,153.5503,127.34928],[135.01506,153.08514,127.484535],[134.91367,154.00128,126.68462]]",PROJECTED,real512_o3a_zmatrix_pre_gflownet,not_trained
CAL-ANCHOR-000293,C[C@H]1CC1(c1ccccc1)n1ccn(-c2ccccc2)c1=O,SCAFFOLD_ANCHORED__CAL-ANCHOR-000293__EXIT_10__CUT_9__PHI_180,ALENI_CORE_MINUS_FRAG-A.C[C@H]1CC1(c1ccccc1)n1ccn(-c2ccccc2)c1=O>>SCAFFOLD_ANCHORED_RXN_AMIDE_COUPLING,CAL-ANCHOR-000293,ALENI_CORE_EXIT_10_CUT_9,0.7571428571428571,2.0,0.7,2.0,0.7,4.0,2,normal,180.0,zmatrix,true,6,4,campaigns/glp1r_aleniglipron/track_a_generative/ALENI-PARENT_6XOX_frame_o3a_relaxed.sdf,compact_pseudo_ligand_o3a,"[[140.7175,154.8487,127.3529],[140.3245,156.178,127.2565],[140.9153,156.7657,126.2094],[141.7323,155.8573,125.598],[142.4203,156.0754,124.4162],[142.0627,156.8304,123.307],[142.9126,156.3633,122.2747],[143.8222,155.4977,122.7096],[143.6236,155.4409,124.0597],[144.6688,154.9206,124.885],[145.6441,154.088,124.3084],[146.6994,153.5823,125.0794],[147.718,152.6625,124.4785],[146.7584,153.9094,126.4361],[147.758,153.4189,127.1856],[145.8078,154.7445,127.0305],[145.9316,155.1149,128.4775],[144.7742,155.2687,126.2404],[142.7151,156.6525,120.8219],[141.5715,157.6625,120.6056],[140.5137,157.4934,121.6182],[139.2847,156.966,121.2248],[138.9075,157.0176,120.054],[138.468,156.3427,122.2416],[138.8117,155.3277,123.1232],[137.6917,155.0423,123.9459],[137.4785,154.155,125.019],[136.2161,154.0811,125.6334],[136.0069,153.1158,126.7872],[135.5634,153.8258,128.0741],[135.3257,152.8039,129.1775],[134.3613,151.8346,128.7655],[134.7975,151.0861,127.6316],[135.0156,151.9986,126.432],[135.1773,154.8875,125.15],[135.3657,155.7744,124.0829],[136.64,155.8442,123.5037],[137.1377,156.6057,122.4696],[136.3264,157.6132,121.7046],[135.6319,157.0176,120.54],[134.3866,156.6892,120.5279],[134.1757,156.161,119.2127],[135.39,156.2319,118.5679],[135.6014,155.8627,117.4241],[136.2852,156.7706,119.4055],[136.8502,159.0486,121.5503],[135.6931,158.7935,122.4599],[134.3513,159.3515,122.1216],[140.9102,157.7389,123.024],[141.2648,159.2108,123.2598],[141.6268,154.5873,126.2547],[142.1491,153.5395,125.911],[138.1014,153.7185,131.348],[137.5829,155.0491,131.5557],[139.6341,156.6427,127.9419],[140.8119,157.7895,125.8929],[145.5786,153.8174,123.2551],[148.7187,152.8905,124.8602],[147.7549,152.77,123.3893],[147.472,151.6234,124.7178],[146.2495,154.2529,129.0732],[144.9709,155.4505,128.8825],[146.6616,155.9213,128.5968],[144.0775,155.9627,126.7001],[142.4536,155.7121,120.3202],[143.6377,157.0247,120.364],[141.9494,158.6877,120.6766],[141.1745,157.5454,119.5917],[139.7787,154.8417,123.1775],[138.298,153.5269,125.3609],[136.9715,152.6345,127.0058],[134.6293,154.374,127.9001],[136.3148,154.5579,128.3895],[136.254,152.2949,129.454],[134.939,153.3017,130.0722],[134.0231,150.3476,127.4015],[135.7112,150.537,127.8863],[135.3778,151.416,125.577],[134.0501,152.4329,126.1432],[134.1861,154.8287,125.5973],[134.5385,156.3758,123.7167],[137.2706,156.9078,119.2154],[137.7899,159.326,122.0141],[136.6714,159.5611,120.6102],[135.8727,158.8547,123.5289],[133.5622,158.7167,122.5361],[134.244,160.3498,122.5581],[134.1932,159.4439,121.0425],[140.0727,157.5186,123.6855],[142.1584,159.5204,122.7077],[140.438,159.8604,122.9531],[141.4693,159.3992,124.3189],[137.9954,153.0688,132.1394],[136.9199,155.0515,132.4266],[138.3909,155.7619,131.7487],[136.9977,155.386,130.6947],[141.66356,154.52394,126.235085],[142.6042,154.20105,125.12367],[142.19473,154.49632,123.71639],[143.37299,155.25801,124.32081],[143.18037,156.74532,124.62054],[142.73187,157.6353,123.62743],[142.57,158.99905,123.88452],[142.86359,159.50824,125.14569],[143.32556,158.656,126.1441],[143.48677,157.29308,125.879745],[144.69615,154.95058,123.852554],[145.74002,154.59595,124.66563],[146.83221,154.42097,123.91435],[146.5412,154.66249,122.576706],[147.43663,154.58305,121.469986],[147.02585,154.86227,120.15892],[147.91685,154.77945,119.081215],[149.241,154.41458,119.29277],[149.67387,154.1327,120.582634],[148.78096,154.21637,121.65829],[145.14084,155.02182,122.500084],[144.45415,155.31718,121.53392]]",PROJECTED,real512_o3a_zmatrix_pre_gflownet,not_trained
CAL-ANCHOR-000492,CC1CC1(c1ccccc1)n1ccn(-c2ccc(O)cc2)c1=O,SCAFFOLD_ANCHORED__CAL-ANCHOR-000492__EXIT_10__CUT_9__PHI_120,ALENI_CORE_MINUS_FRAG-A.CC1CC1(c1ccccc1)n1ccn(-c2ccc(O)cc2)c1=O>>SCAFFOLD_ANCHORED_RXN_AMIDE_COUPLING,CAL-ANCHOR-000492,ALENI_CORE_EXIT_10_CUT_9,0.7552627148617841,2.0,1.4684237108292955,2.0,1.4684237108292955,4.0,2,normal,120.0,zmatrix,true,6,3,campaigns/glp1r_aleniglipron/track_a_generative/ALENI-PARENT_6XOX_frame_o3a_relaxed.sdf,compact_pseudo_ligand_o3a,"[[140.7175,154.8487,127.3529],[140.3245,156.178,127.2565],[140.9153,156.7657,126.2094],[141.7323,155.8573,125.598],[142.4203,156.0754,124.4162],[142.0627,156.8304,123.307],[142.9126,156.3633,122.2747],[143.8222,155.4977,122.7096],[143.6236,155.4409,124.0597],[144.6688,154.9206,124.885],[145.6441,154.088,124.3084],[146.6994,153.5823,125.0794],[147.718,152.6625,124.4785],[146.7584,153.9094,126.4361],[147.758,153.4189,127.1856],[145.8078,154.7445,127.0305],[145.9316,155.1149,128.4775],[144.7742,155.2687,126.2404],[142.7151,156.6525,120.8219],[141.5715,157.6625,120.6056],[140.5137,157.4934,121.6182],[139.2847,156.966,121.2248],[138.9075,157.0176,120.054],[138.468,156.3427,122.2416],[138.8117,155.3277,123.1232],[137.6917,155.0423,123.9459],[137.4785,154.155,125.019],[136.2161,154.0811,125.6334],[136.0069,153.1158,126.7872],[135.5634,153.8258,128.0741],[135.3257,152.8039,129.1775],[134.3613,151.8346,128.7655],[134.7975,151.0861,127.6316],[135.0156,151.9986,126.432],[135.1773,154.8875,125.15],[135.3657,155.7744,124.0829],[136.64,155.8442,123.5037],[137.1377,156.6057,122.4696],[136.3264,157.6132,121.7046],[135.6319,157.0176,120.54],[134.3866,156.6892,120.5279],[134.1757,156.161,119.2127],[135.39,156.2319,118.5679],[135.6014,155.8627,117.4241],[136.2852,156.7706,119.4055],[136.8502,159.0486,121.5503],[135.6931,158.7935,122.4599],[134.3513,159.3515,122.1216],[140.9102,157.7389,123.024],[141.2648,159.2108,123.2598],[141.6268,154.5873,126.2547],[142.1491,153.5395,125.911],[138.1014,153.7185,131.348],[137.5829,155.0491,131.5557],[139.6341,156.6427,127.9419],[140.8119,157.7895,125.8929],[145.5786,153.8174,123.2551],[148.7187,152.8905,124.8602],[147.7549,152.77,123.3893],[147.472,151.6234,124.7178],[146.2495,154.2529,129.0732],[144.9709,155.4505,128.8825],[146.6616,155.9213,128.5968],[144.0775,155.9627,126.7001],[142.4536,155.7121,120.3202],[143.6377,157.0247,120.364],[141.9494,158.6877,120.6766],[141.1745,157.5454,119.5917],[139.7787,154.8417,123.1775],[138.298,153.5269,125.3609],[136.9715,152.6345,127.0058],[134.6293,154.374,127.9001],[136.3148,154.5579,128.3895],[136.254,152.2949,129.454],[134.939,153.3017,130.0722],[134.0231,150.3476,127.4015],[135.7112,150.537,127.8863],[135.3778,151.416,125.577],[134.0501,152.4329,126.1432],[134.1861,154.8287,125.5973],[134.5385,156.3758,123.7167],[137.2706,156.9078,119.2154],[137.7899,159.326,122.0141],[136.6714,159.5611,120.6102],[135.8727,158.8547,123.5289],[133.5622,158.7167,122.5361],[134.244,160.3498,122.5581],[134.1932,159.4439,121.0425],[140.0727,157.5186,123.6855],[142.1584,159.5204,122.7077],[140.438,159.8604,122.9531],[141.4693,159.3992,124.3189],[137.9954,153.0688,132.1394],[136.9199,155.0515,132.4266],[138.3909,155.7619,131.7487],[136.9977,155.386,130.6947],[140.31573,154.11618,126.1071],[139.91637,153.388,124.86869],[139.47438,154.16089,123.667145],[138.46104,153.28392,124.40421],[138.03387,151.97836,123.72838],[138.0941,150.752,124.41452],[137.69675,149.55614,123.81144],[137.22377,149.56125,122.50273],[137.14397,150.76082,121.80139],[137.54164,151.95415,122.41071],[137.40468,153.89917,125.157715],[136.56981,154.86807,124.6657],[135.6693,155.18091,125.60309],[135.87639,154.4163,126.74486],[135.12682,154.45302,127.95727],[134.04141,155.3369,128.1042],[133.29242,155.38985,129.28764],[133.62328,154.55432,130.34354],[132.92545,154.56944,131.51288],[134.68614,153.67299,130.23117],[135.43152,153.62364,129.04637],[137.00621,153.54936,126.48198],[137.5319,152.70671,127.192856]]",PROJECTED,real512_o3a_zmatrix_pre_gflownet,not_trained
CAL-ANCHOR-000155,C[C@H]1c2c(nn(-c3noc(=O)[nH]3)c2-c2ccccc2)CCN1c1ccccc1,SCAFFOLD_ANCHORED__CAL-ANCHOR-000155__EXIT_64__CUT_63__PHI_240,ALENI_CORE_MINUS_FRAG-A.C[C@H]1c2c(nn(-c3noc(=O)[nH]3)c2-c2ccccc2)CCN1c1ccccc1>>SCAFFOLD_ANCHORED_RXN_AMIDE_COUPLING,CAL-ANCHOR-000155,ALENI_CORE_EXIT_64_CUT_63,0.7552433234055526,3.0,1.4475667659444742,3.0,1.4475667659444742,6.0,3,normal,240.0,zmatrix,true,6,5,campaigns/glp1r_aleniglipron/track_a_generative/ALENI-PARENT_6XOX_frame_o3a_relaxed.sdf,compact_pseudo_ligand_o3a,"[[140.7175,154.8487,127.3529],[140.3245,156.178,127.2565],[140.9153,156.7657,126.2094],[141.7323,155.8573,125.598],[142.4203,156.0754,124.4162],[142.0627,156.8304,123.307],[142.9126,156.3633,122.2747],[143.8222,155.4977,122.7096],[143.6236,155.4409,124.0597],[144.6688,154.9206,124.885],[145.6441,154.088,124.3084],[146.6994,153.5823,125.0794],[147.718,152.6625,124.4785],[146.7584,153.9094,126.4361],[147.758,153.4189,127.1856],[145.8078,154.7445,127.0305],[145.9316,155.1149,128.4775],[144.7742,155.2687,126.2404],[142.7151,156.6525,120.8219],[141.5715,157.6625,120.6056],[140.5137,157.4934,121.6182],[139.2847,156.966,121.2248],[138.9075,157.0176,120.054],[138.468,156.3427,122.2416],[138.8117,155.3277,123.1232],[137.6917,155.0423,123.9459],[137.4785,154.155,125.019],[136.2161,154.0811,125.6334],[136.0069,153.1158,126.7872],[135.5634,153.8258,128.0741],[135.3257,152.8039,129.1775],[134.3613,151.8346,128.7655],[134.7975,151.0861,127.6316],[135.0156,151.9986,126.432],[135.1773,154.8875,125.15],[135.3657,155.7744,124.0829],[136.64,155.8442,123.5037],[137.1377,156.6057,122.4696],[136.3264,157.6132,121.7046],[135.6319,157.0176,120.54],[134.3866,156.6892,120.5279],[134.1757,156.161,119.2127],[135.39,156.2319,118.5679],[135.6014,155.8627,117.4241],[136.2852,156.7706,119.4055],[136.8502,159.0486,121.5503],[135.6931,158.7935,122.4599],[134.3513,159.3515,122.1216],[140.9102,157.7389,123.024],[141.2648,159.2108,123.2598],[141.6268,154.5873,126.2547],[142.1491,153.5395,125.911],[138.1014,153.7185,131.348],[137.5829,155.0491,131.5557],[139.6341,156.6427,127.9419],[140.8119,157.7895,125.8929],[145.5786,153.8174,123.2551],[148.7187,152.8905,124.8602],[147.7549,152.77,123.3893],[147.472,151.6234,124.7178],[146.2495,154.2529,129.0732],[144.9709,155.4505,128.8825],[146.6616,155.9213,128.5968],[144.0775,155.9627,126.7001],[142.4536,155.7121,120.3202],[143.6377,157.0247,120.364],[141.9494,158.6877,120.6766],[141.1745,157.5454,119.5917],[139.7787,154.8417,123.1775],[138.298,153.5269,125.3609],[136.9715,152.6345,127.0058],[134.6293,154.374,127.9001],[136.3148,154.5579,128.3895],[136.254,152.2949,129.454],[134.939,153.3017,130.0722],[134.0231,150.3476,127.4015],[135.7112,150.537,127.8863],[135.3778,151.416,125.577],[134.0501,152.4329,126.1432],[134.1861,154.8287,125.5973],[134.5385,156.3758,123.7167],[137.2706,156.9078,119.2154],[137.7899,159.326,122.0141],[136.6714,159.5611,120.6102],[135.8727,158.8547,123.5289],[133.5622,158.7167,122.5361],[134.244,160.3498,122.5581],[134.1932,159.4439,121.0425],[140.0727,157.5186,123.6855],[142.1584,159.5204,122.7077],[140.438,159.8604,122.9531],[141.4693,159.3992,124.3189],[137.9954,153.0688,132.1394],[136.9199,155.0515,132.4266],[138.3909,155.7619,131.7487],[136.9977,155.386,130.6947],[138.36018,153.5045,129.88608],[138.62534,153.28523,128.38821],[139.24759,154.50945,127.77078],[140.5565,154.50415,127.25612],[140.92625,155.68558,126.76284],[139.81395,156.4767,126.930084],[139.86908,157.79233,126.46199],[138.97574,158.71825,126.49237],[139.62172,159.83589,125.863914],[140.88788,159.41183,125.51866],[141.73178,160.09497,124.962135],[141.02939,158.13654,125.8975],[138.77415,155.7922,127.55148],[137.46371,156.35577,127.85175],[136.33963,155.93553,127.1308],[135.07706,156.44945,127.43192],[134.93011,157.38174,128.4576],[136.04385,157.8001,129.18404],[137.30739,157.28679,128.88501],[141.4161,153.29338,127.22672],[140.9379,152.25696,128.261],[139.47226,152.06834,128.21387],[138.91756,150.81294,128.43695],[137.68298,150.4557,127.872246],[137.10767,149.19849,128.0903],[137.75941,148.2626,128.88438],[138.98497,148.5857,129.45462],[139.55418,149.84476,129.22954]]",PROJECTED,real512_o3a_zmatrix_pre_gflownet,not_trained
CAL-ANCHOR-000400,CC1c2c(nn(-c3ccc(O)cc3)c2-c2ccccc2)CCN1c1ccc(O)cc1,SCAFFOLD_ANCHORED__CAL-ANCHOR-000400__EXIT_10__CUT_9__PHI_120,ALENI_CORE_MINUS_FRAG-A.CC1c2c(nn(-c3ccc(O)cc3)c2-c2ccccc2)CCN1c1ccc(O)cc1>>SCAFFOLD_ANCHORED_RXN_AMIDE_COUPLING,CAL-ANCHOR-000400,ALENI_CORE_EXIT_10_CUT_9,0.7398042866405776,2.0,1.0407828534376897,2.0,1.0407828534376897,2.0,1,normal,120.0,zmatrix,true,6,3,campaigns/glp1r_aleniglipron/track_a_generative/ALENI-PARENT_6XOX_frame_o3a_relaxed.sdf,compact_pseudo_ligand_o3a,"[[140.7175,154.8487,127.3529],[140.3245,156.178,127.2565],[140.9153,156.7657,126.2094],[141.7323,155.8573,125.598],[142.4203,156.0754,124.4162],[142.0627,156.8304,123.307],[142.9126,156.3633,122.2747],[143.8222,155.4977,122.7096],[143.6236,155.4409,124.0597],[144.6688,154.9206,124.885],[145.6441,154.088,124.3084],[146.6994,153.5823,125.0794],[147.718,152.6625,124.4785],[146.7584,153.9094,126.4361],[147.758,153.4189,127.1856],[145.8078,154.7445,127.0305],[145.9316,155.1149,128.4775],[144.7742,155.2687,126.2404],[142.7151,156.6525,120.8219],[141.5715,157.6625,120.6056],[140.5137,157.4934,121.6182],[139.2847,156.966,121.2248],[138.9075,157.0176,120.054],[138.468,156.3427,122.2416],[138.8117,155.3277,123.1232],[137.6917,155.0423,123.9459],[137.4785,154.155,125.019],[136.2161,154.0811,125.6334],[136.0069,153.1158,126.7872],[135.5634,153.8258,128.0741],[135.3257,152.8039,129.1775],[134.3613,151.8346,128.7655],[134.7975,151.0861,127.6316],[135.0156,151.9986,126.432],[135.1773,154.8875,125.15],[135.3657,155.7744,124.0829],[136.64,155.8442,123.5037],[137.1377,156.6057,122.4696],[136.3264,157.6132,121.7046],[135.6319,157.0176,120.54],[134.3866,156.6892,120.5279],[134.1757,156.161,119.2127],[135.39,156.2319,118.5679],[135.6014,155.8627,117.4241],[136.2852,156.7706,119.4055],[136.8502,159.0486,121.5503],[135.6931,158.7935,122.4599],[134.3513,159.3515,122.1216],[140.9102,157.7389,123.024],[141.2648,159.2108,123.2598],[141.6268,154.5873,126.2547],[142.1491,153.5395,125.911],[138.1014,153.7185,131.348],[137.5829,155.0491,131.5557],[139.6341,156.6427,127.9419],[140.8119,157.7895,125.8929],[145.5786,153.8174,123.2551],[148.7187,152.8905,124.8602],[147.7549,152.77,123.3893],[147.472,151.6234,124.7178],[146.2495,154.2529,129.0732],[144.9709,155.4505,128.8825],[146.6616,155.9213,128.5968],[144.0775,155.9627,126.7001],[142.4536,155.7121,120.3202],[143.6377,157.0247,120.364],[141.9494,158.6877,120.6766],[141.1745,157.5454,119.5917],[139.7787,154.8417,123.1775],[138.298,153.5269,125.3609],[136.9715,152.6345,127.0058],[134.6293,154.374,127.9001],[136.3148,154.5579,128.3895],[136.254,152.2949,129.454],[134.939,153.3017,130.0722],[134.0231,150.3476,127.4015],[135.7112,150.537,127.8863],[135.3778,151.416,125.577],[134.0501,152.4329,126.1432],[134.1861,154.8287,125.5973],[134.5385,156.3758,123.7167],[137.2706,156.9078,119.2154],[137.7899,159.326,122.0141],[136.6714,159.5611,120.6102],[135.8727,158.8547,123.5289],[133.5622,158.7167,122.5361],[134.244,160.3498,122.5581],[134.1932,159.4439,121.0425],[140.0727,157.5186,123.6855],[142.1584,159.5204,122.7077],[140.438,159.8604,122.9531],[141.4693,159.3992,124.3189],[137.9954,153.0688,132.1394],[136.9199,155.0515,132.4266],[138.3909,155.7619,131.7487],[136.9977,155.386,130.6947],[140.31573,154.11618,126.1071],[139.90613,153.36937,124.83696],[138.55284,153.72508,124.27065],[138.33206,153.70818,122.87924],[137.09116,154.0467,122.55295],[136.44432,154.24127,123.7447],[135.04518,154.5664,123.70047],[134.22961,154.61496,124.836815],[132.87172,154.94066,124.72494],[132.31906,155.21263,123.48152],[130.9937,155.52345,123.42664],[133.10085,155.1613,122.336914],[134.45692,154.83652,122.44725],[137.32582,154.062,124.82571],[137.01439,154.22778,126.23918],[136.98515,155.50615,126.81075],[136.7105,155.65991,128.17044],[136.4722,154.5392,128.96547],[136.51147,153.26288,128.40485],[136.78618,153.10532,127.045525],[139.37985,153.38324,121.86594],[140.58475,152.68884,122.53779],[140.9742,153.38538,123.78983],[141.8153,154.47565,123.58242],[141.36368,155.80249,123.57796],[142.23915,156.86707,123.336876],[143.58098,156.60606,123.09054],[144.46939,157.61122,122.85001],[144.05563,155.303,123.07803],[143.17404,154.24638,123.318375]]",PROJECTED,real512_o3a_zmatrix_pre_gflownet,not_trained
CAL-ANCHOR-000443,C[C@@H]1c2c(nn(C3CCOCC3)c2-c2ccccc2)CCN1c1noc(=O)[nH]1,SCAFFOLD_ANCHORED__CAL-ANCHOR-000443__EXIT_10__CUT_9__PHI_180,ALENI_CORE_MINUS_FRAG-A.C[C@@H]1c2c(nn(C3CCOCC3)c2-c2ccccc2)CCN1c1noc(=O)[nH]1>>SCAFFOLD_ANCHORED_RXN_AMIDE_COUPLING,CAL-ANCHOR-000443,ALENI_CORE_EXIT_10_CUT_9,0.7395717965755935,2.0,0.822997423970846,2.0,0.822997423970846,4.0,2,normal,180.0,zmatrix,true,6,4,campaigns/glp1r_aleniglipron/track_a_generative/ALENI-PARENT_6XOX_frame_o3a_relaxed.sdf,compact_pseudo_ligand_o3a,"[[140.7175,154.8487,127.3529],[140.3245,156.178,127.2565],[140.9153,156.7657,126.2094],[141.7323,155.8573,125.598],[142.4203,156.0754,124.4162],[142.0627,156.8304,123.307],[142.9126,156.3633,122.2747],[143.8222,155.4977,122.7096],[143.6236,155.4409,124.0597],[144.6688,154.9206,124.885],[145.6441,154.088,124.3084],[146.6994,153.5823,125.0794],[147.718,152.6625,124.4785],[146.7584,153.9094,126.4361],[147.758,153.4189,127.1856],[145.8078,154.7445,127.0305],[145.9316,155.1149,128.4775],[144.7742,155.2687,126.2404],[142.7151,156.6525,120.8219],[141.5715,157.6625,120.6056],[140.5137,157.4934,121.6182],[139.2847,156.966,121.2248],[138.9075,157.0176,120.054],[138.468,156.3427,122.2416],[138.8117,155.3277,123.1232],[137.6917,155.0423,123.9459],[137.4785,154.155,125.019],[136.2161,154.0811,125.6334],[136.0069,153.1158,126.7872],[135.5634,153.8258,128.0741],[135.3257,152.8039,129.1775],[134.3613,151.8346,128.7655],[134.7975,151.0861,127.6316],[135.0156,151.9986,126.432],[135.1773,154.8875,125.15],[135.3657,155.7744,124.0829],[136.64,155.8442,123.5037],[137.1377,156.6057,122.4696],[136.3264,157.6132,121.7046],[135.6319,157.0176,120.54],[134.3866,156.6892,120.5279],[134.1757,156.161,119.2127],[135.39,156.2319,118.5679],[135.6014,155.8627,117.4241],[136.2852,156.7706,119.4055],[136.8502,159.0486,121.5503],[135.6931,158.7935,122.4599],[134.3513,159.3515,122.1216],[140.9102,157.7389,123.024],[141.2648,159.2108,123.2598],[141.6268,154.5873,126.2547],[142.1491,153.5395,125.911],[138.1014,153.7185,131.348],[137.5829,155.0491,131.5557],[139.6341,156.6427,127.9419],[140.8119,157.7895,125.8929],[145.5786,153.8174,123.2551],[148.7187,152.8905,124.8602],[147.7549,152.77,123.3893],[147.472,151.6234,124.7178],[146.2495,154.2529,129.0732],[144.9709,155.4505,128.8825],[146.6616,155.9213,128.5968],[144.0775,155.9627,126.7001],[142.4536,155.7121,120.3202],[143.6377,157.0247,120.364],[141.9494,158.6877,120.6766],[141.1745,157.5454,119.5917],[139.7787,154.8417,123.1775],[138.298,153.5269,125.3609],[136.9715,152.6345,127.0058],[134.6293,154.374,127.9001],[136.3148,154.5579,128.3895],[136.254,152.2949,129.454],[134.939,153.3017,130.0722],[134.0231,150.3476,127.4015],[135.7112,150.537,127.8863],[135.3778,151.416,125.577],[134.0501,152.4329,126.1432],[134.1861,154.8287,125.5973],[134.5385,156.3758,123.7167],[137.2706,156.9078,119.2154],[137.7899,159.326,122.0141],[136.6714,159.5611,120.6102],[135.8727,158.8547,123.5289],[133.5622,158.7167,122.5361],[134.244,160.3498,122.5581],[134.1932,159.4439,121.0425],[140.0727,157.5186,123.6855],[142.1584,159.5204,122.7077],[140.438,159.8604,122.9531],[141.4693,159.3992,124.3189],[137.9954,153.0688,132.1394],[136.9199,155.0515,132.4266],[138.3909,155.7619,131.7487],[136.9977,155.386,130.6947],[141.66356,154.52394,126.235085],[142.63026,154.19211,125.09287],[143.89035,155.00488,125.17263],[144.23993,155.93098,124.17373],[145.39093,156.54642,124.42684],[145.8149,155.98897,125.58887],[147.0936,156.45557,126.11767],[148.09238,155.35062,126.46187],[149.43558,155.96303,126.851234],[149.31973,157.24812,127.46521],[148.1222,157.40892,128.2166],[146.9256,157.44884,127.27537],[144.93054,155.04549,126.08678],[145.1084,154.24979,127.293335],[144.77783,154.76999,128.54878],[144.93353,153.99078,129.69658],[145.40959,152.68445,129.59413],[145.72397,152.1526,128.34459],[145.56837,152.93054,127.19623],[143.42198,156.16328,122.95686],[141.97296,155.71468,123.21126],[141.911,154.35556,123.80562],[141.15366,153.37845,123.21026],[140.49466,153.49599,122.10188],[139.86362,152.23584,121.87883],[140.22464,151.44518,122.932],[139.88321,150.28625,123.10713],[141.01709,152.15811,123.74346]]",PROJECTED,real512_o3a_zmatrix_pre_gflownet,not_trained
CAL-ANCHOR-000030,c1ccc(NC2CCOCC2)cc1,SCAFFOLD_ANCHORED__CAL-ANCHOR-000030__EXIT_10__CUT_9__PHI_120,ALENI_CORE_MINUS_FRAG-A.c1ccc(NC2CCOCC2)cc1>>SCAFFOLD_ANCHORED_RXN_AMIDE_COUPLING,CAL-ANCHOR-000030,ALENI_CORE_EXIT_10_CUT_9,0.7349845430663275,3.0,2.385139112403052,3.0,2.385139112403052,6.0,3,normal,120.0,zmatrix,true,6,3,campaigns/glp1r_aleniglipron/track_a_generative/ALENI-PARENT_6XOX_frame_o3a_relaxed.sdf,compact_pseudo_ligand_o3a,"[[140.7175,154.8487,127.3529],[140.3245,156.178,127.2565],[140.9153,156.7657,126.2094],[141.7323,155.8573,125.598],[142.4203,156.0754,124.4162],[142.0627,156.8304,123.307],[142.9126,156.3633,122.2747],[143.8222,155.4977,122.7096],[143.6236,155.4409,124.0597],[144.6688,154.9206,124.885],[145.6441,154.088,124.3084],[146.6994,153.5823,125.0794],[147.718,152.6625,124.4785],[146.7584,153.9094,126.4361],[147.758,153.4189,127.1856],[145.8078,154.7445,127.0305],[145.9316,155.1149,128.4775],[144.7742,155.2687,126.2404],[142.7151,156.6525,120.8219],[141.5715,157.6625,120.6056],[140.5137,157.4934,121.6182],[139.2847,156.966,121.2248],[138.9075,157.0176,120.054],[138.468,156.3427,122.2416],[138.8117,155.3277,123.1232],[137.6917,155.0423,123.9459],[137.4785,154.155,125.019],[136.2161,154.0811,125.6334],[136.0069,153.1158,126.7872],[135.5634,153.8258,128.0741],[135.3257,152.8039,129.1775],[134.3613,151.8346,128.7655],[134.7975,151.0861,127.6316],[135.0156,151.9986,126.432],[135.1773,154.8875,125.15],[135.3657,155.7744,124.0829],[136.64,155.8442,123.5037],[137.1377,156.6057,122.4696],[136.3264,157.6132,121.7046],[135.6319,157.0176,120.54],[134.3866,156.6892,120.5279],[134.1757,156.161,119.2127],[135.39,156.2319,118.5679],[135.6014,155.8627,117.4241],[136.2852,156.7706,119.4055],[136.8502,159.0486,121.5503],[135.6931,158.7935,122.4599],[134.3513,159.3515,122.1216],[140.9102,157.7389,123.024],[141.2648,159.2108,123.2598],[141.6268,154.5873,126.2547],[142.1491,153.5395,125.911],[138.1014,153.7185,131.348],[137.5829,155.0491,131.5557],[139.6341,156.6427,127.9419],[140.8119,157.7895,125.8929],[145.5786,153.8174,123.2551],[148.7187,152.8905,124.8602],[147.7549,152.77,123.3893],[147.472,151.6234,124.7178],[146.2495,154.2529,129.0732],[144.9709,155.4505,128.8825],[146.6616,155.9213,128.5968],[144.0775,155.9627,126.7001],[142.4536,155.7121,120.3202],[143.6377,157.0247,120.364],[141.9494,158.6877,120.6766],[141.1745,157.5454,119.5917],[139.7787,154.8417,123.1775],[138.298,153.5269,125.3609],[136.9715,152.6345,127.0058],[134.6293,154.374,127.9001],[136.3148,154.5579,128.3895],[136.254,152.2949,129.454],[134.939,153.3017,130.0722],[134.0231,150.3476,127.4015],[135.7112,150.537,127.8863],[135.3778,151.416,125.577],[134.0501,152.4329,126.1432],[134.1861,154.8287,125.5973],[134.5385,156.3758,123.7167],[137.2706,156.9078,119.2154],[137.7899,159.326,122.0141],[136.6714,159.5611,120.6102],[135.8727,158.8547,123.5289],[133.5622,158.7167,122.5361],[134.244,160.3498,122.5581],[134.1932,159.4439,121.0425],[140.0727,157.5186,123.6855],[142.1584,159.5204,122.7077],[140.438,159.8604,122.9531],[141.4693,159.3992,124.3189],[137.9954,153.0688,132.1394],[136.9199,155.0515,132.4266],[138.3909,155.7619,131.7487],[136.9977,155.386,130.6947],[140.31573,154.11618,126.1071],[139.94319,153.43695,124.95192],[139.8067,152.04353,124.96697],[140.0451,151.30077,126.128174],[139.91023,149.92668,126.20765],[139.5652,149.04433,125.0988],[140.80457,148.71481,124.27248],[140.4411,147.78438,123.11892],[139.27576,146.99763,123.374565],[139.19704,146.5634,124.7268],[138.94298,147.75099,125.648155],[140.41,152.00935,127.28271],[140.5483,153.40114,127.27629]]",PROJECTED,real512_o3a_zmatrix_pre_gflownet,not_trained
CAL-ANCHOR-000367,Cc1cc(-c2c3c(nn2-c2ccccc2)CCN(c2ccc(O)cc2)[C@H]3C)cc(C)c1F,SCAFFOLD_ANCHORED__CAL-ANCHOR-000367__EXIT_10__CUT_9__PHI_180,ALENI_CORE_MINUS_FRAG-A.Cc1cc(-c2c3c(nn2-c2ccccc2)CCN(c2ccc(O)cc2)[C@H]3C)cc(C)c1F>>SCAFFOLD_ANCHORED_RXN_AMIDE_COUPLING,CAL-ANCHOR-000367,ALENI_CORE_EXIT_10_CUT_9,0.732588265197451,6.0,3.0111760220382355,6.0,3.0111760220382355,8.0,4,cryptic_rescue,180.0,zmatrix,true,6,4,campaigns/glp1r_aleniglipron/track_a_generative/ALENI-PARENT_6XOX_frame_o3a_relaxed.sdf,compact_pseudo_ligand_o3a,"[[140.7175,154.8487,127.3529],[140.3245,156.178,127.2565],[140.9153,156.7657,126.2094],[141.7323,155.8573,125.598],[142.4203,156.0754,124.4162],[142.0627,156.8304,123.307],[142.9126,156.3633,122.2747],[143.8222,155.4977,122.7096],[143.6236,155.4409,124.0597],[144.6688,154.9206,124.885],[145.6441,154.088,124.3084],[146.6994,153.5823,125.0794],[147.718,152.6625,124.4785],[146.7584,153.9094,126.4361],[147.758,153.4189,127.1856],[145.8078,154.7445,127.0305],[145.9316,155.1149,128.4775],[144.7742,155.2687,126.2404],[142.7151,156.6525,120.8219],[141.5715,157.6625,120.6056],[140.5137,157.4934,121.6182],[139.2847,156.966,121.2248],[138.9075,157.0176,120.054],[138.468,156.3427,122.2416],[138.8117,155.3277,123.1232],[137.6917,155.0423,123.9459],[137.4785,154.155,125.019],[136.2161,154.0811,125.6334],[136.0069,153.1158,126.7872],[135.5634,153.8258,128.0741],[135.3257,152.8039,129.1775],[134.3613,151.8346,128.7655],[134.7975,151.0861,127.6316],[135.0156,151.9986,126.432],[135.1773,154.8875,125.15],[135.3657,155.7744,124.0829],[136.64,155.8442,123.5037],[137.1377,156.6057,122.4696],[136.3264,157.6132,121.7046],[135.6319,157.0176,120.54],[134.3866,156.6892,120.5279],[134.1757,156.161,119.2127],[135.39,156.2319,118.5679],[135.6014,155.8627,117.4241],[136.2852,156.7706,119.4055],[136.8502,159.0486,121.5503],[135.6931,158.7935,122.4599],[134.3513,159.3515,122.1216],[140.9102,157.7389,123.024],[141.2648,159.2108,123.2598],[141.6268,154.5873,126.2547],[142.1491,153.5395,125.911],[138.1014,153.7185,131.348],[137.5829,155.0491,131.5557],[139.6341,156.6427,127.9419],[140.8119,157.7895,125.8929],[145.5786,153.8174,123.2551],[148.7187,152.8905,124.8602],[147.7549,152.77,123.3893],[147.472,151.6234,124.7178],[146.2495,154.2529,129.0732],[144.9709,155.4505,128.8825],[146.6616,155.9213,128.5968],[144.0775,155.9627,126.7001],[142.4536,155.7121,120.3202],[143.6377,157.0247,120.364],[141.9494,158.6877,120.6766],[141.1745,157.5454,119.5917],[139.7787,154.8417,123.1775],[138.298,153.5269,125.3609],[136.9715,152.6345,127.0058],[134.6293,154.374,127.9001],[136.3148,154.5579,128.3895],[136.254,152.2949,129.454],[134.939,153.3017,130.0722],[134.0231,150.3476,127.4015],[135.7112,150.537,127.8863],[135.3778,151.416,125.577],[134.0501,152.4329,126.1432],[134.1861,154.8287,125.5973],[134.5385,156.3758,123.7167],[137.2706,156.9078,119.2154],[137.7899,159.326,122.0141],[136.6714,159.5611,120.6102],[135.8727,158.8547,123.5289],[133.5622,158.7167,122.5361],[134.244,160.3498,122.5581],[134.1932,159.4439,121.0425],[140.0727,157.5186,123.6855],[142.1584,159.5204,122.7077],[140.438,159.8604,122.9531],[141.4693,159.3992,124.3189],[137.9954,153.0688,132.1394],[136.9199,155.0515,132.4266],[138.3909,155.7619,131.7487],[136.9977,155.386,130.6947],[141.66356,154.52394,126.235085],[142.60855,154.19955,125.11853],[142.31717,154.56575,123.79881],[143.20323,154.24405,122.76065],[142.88521,154.61705,121.388565],[142.0192,153.96533,120.52089],[142.08522,154.69907,119.32003],[142.94298,155.70937,119.38288],[143.43015,155.69188,120.662384],[144.35628,156.72247,121.041626],[144.8613,157.57425,120.039505],[145.76837,158.59225,120.346725],[146.18138,158.78151,121.660515],[145.68234,157.95703,122.66471],[144.77315,156.93556,122.36033],[141.3097,154.36671,118.08823],[140.15298,153.39984,118.4225],[140.60979,152.3015,119.31117],[141.19824,151.24008,118.62786],[142.58466,151.07297,118.51762],[143.12788,150.00389,117.799095],[142.28558,149.09312,117.17761],[142.8555,148.06476,116.48836],[140.9069,149.23665,117.25824],[140.37247,150.31001,117.9771],[141.09778,152.77586,120.64325],[141.59839,151.6329,121.52788],[144.37245,153.52252,123.04058],[144.66475,153.12634,124.35129],[145.92326,152.37721,124.66715],[143.7794,153.47867,125.374886],[144.05939,153.1141,126.63574]]",PROJECTED,real512_o3a_zmatrix_pre_gflownet,not_trained
CAL-ANCHOR-000320,C[C@@H]1c2c(nn(-c3ccccc3)c2C2CCOCC2)CCN1c1noc(=O)[nH]1,SCAFFOLD_ANCHORED__CAL-ANCHOR-000320__EXIT_10__CUT_9__PHI_120,ALENI_CORE_MINUS_FRAG-A.C[C@@H]1c2c(nn(-c3ccccc3)c2C2CCOCC2)CCN1c1noc(=O)[nH]1>>SCAFFOLD_ANCHORED_RXN_AMIDE_COUPLING,CAL-ANCHOR-000320,ALENI_CORE_EXIT_10_CUT_9,0.7275818914817312,5.0,3.3586897362923005,5.0,3.3586897362923005,10.0,5,cryptic_rescue,120.0,zmatrix,true,6,3,campaigns/glp1r_aleniglipron/track_a_generative/ALENI-PARENT_6XOX_frame_o3a_relaxed.sdf,compact_pseudo_ligand_o3a,"[[140.7175,154.8487,127.3529],[140.3245,156.178,127.2565],[140.9153,156.7657,126.2094],[141.7323,155.8573,125.598],[142.4203,156.0754,124.4162],[142.0627,156.8304,123.307],[142.9126,156.3633,122.2747],[143.8222,155.4977,122.7096],[143.6236,155.4409,124.0597],[144.6688,154.9206,124.885],[145.6441,154.088,124.3084],[146.6994,153.5823,125.0794],[147.718,152.6625,124.4785],[146.7584,153.9094,126.4361],[147.758,153.4189,127.1856],[145.8078,154.7445,127.0305],[145.9316,155.1149,128.4775],[144.7742,155.2687,126.2404],[142.7151,156.6525,120.8219],[141.5715,157.6625,120.6056],[140.5137,157.4934,121.6182],[139.2847,156.966,121.2248],[138.9075,157.0176,120.054],[138.468,156.3427,122.2416],[138.8117,155.3277,123.1232],[137.6917,155.0423,123.9459],[137.4785,154.155,125.019],[136.2161,154.0811,125.6334],[136.0069,153.1158,126.7872],[135.5634,153.8258,128.0741],[135.3257,152.8039,129.1775],[134.3613,151.8346,128.7655],[134.7975,151.0861,127.6316],[135.0156,151.9986,126.432],[135.1773,154.8875,125.15],[135.3657,155.7744,124.0829],[136.64,155.8442,123.5037],[137.1377,156.6057,122.4696],[136.3264,157.6132,121.7046],[135.6319,157.0176,120.54],[134.3866,156.6892,120.5279],[134.1757,156.161,119.2127],[135.39,156.2319,118.5679],[135.6014,155.8627,117.4241],[136.2852,156.7706,119.4055],[136.8502,159.0486,121.5503],[135.6931,158.7935,122.4599],[134.3513,159.3515,122.1216],[140.9102,157.7389,123.024],[141.2648,159.2108,123.2598],[141.6268,154.5873,126.2547],[142.1491,153.5395,125.911],[138.1014,153.7185,131.348],[137.5829,155.0491,131.5557],[139.6341,156.6427,127.9419],[140.8119,157.7895,125.8929],[145.5786,153.8174,123.2551],[148.7187,152.8905,124.8602],[147.7549,152.77,123.3893],[147.472,151.6234,124.7178],[146.2495,154.2529,129.0732],[144.9709,155.4505,128.8825],[146.6616,155.9213,128.5968],[144.0775,155.9627,126.7001],[142.4536,155.7121,120.3202],[143.6377,157.0247,120.364],[141.9494,158.6877,120.6766],[141.1745,157.5454,119.5917],[139.7787,154.8417,123.1775],[138.298,153.5269,125.3609],[136.9715,152.6345,127.0058],[134.6293,154.374,127.9001],[136.3148,154.5579,128.3895],[136.254,152.2949,129.454],[134.939,153.3017,130.0722],[134.0231,150.3476,127.4015],[135.7112,150.537,127.8863],[135.3778,151.416,125.577],[134.0501,152.4329,126.1432],[134.1861,154.8287,125.5973],[134.5385,156.3758,123.7167],[137.2706,156.9078,119.2154],[137.7899,159.326,122.0141],[136.6714,159.5611,120.6102],[135.8727,158.8547,123.5289],[133.5622,158.7167,122.5361],[134.244,160.3498,122.5581],[134.1932,159.4439,121.0425],[140.0727,157.5186,123.6855],[142.1584,159.5204,122.7077],[140.438,159.8604,122.9531],[141.4693,159.3992,124.3189],[137.9954,153.0688,132.1394],[136.9199,155.0515,132.4266],[138.3909,155.7619,131.7487],[136.9977,155.386,130.6947],[140.31573,154.11618,126.1071],[139.903,153.36368,124.82729],[140.4132,151.947,124.90968],[141.64745,151.63435,124.321686],[141.96661,150.35274,124.421295],[141.00194,149.83336,125.23093],[141.20541,148.53088,125.77278],[140.68259,148.15822,127.01565],[140.91399,146.87422,127.51883],[141.6832,145.96422,126.79588],[142.24165,146.34096,125.576904],[142.01546,147.6229,125.07158],[139.91928,150.72705,125.36646],[138.52258,150.27393,125.76941],[137.56868,151.37204,126.26473],[136.52577,151.77583,125.22219],[137.0782,151.73717,123.914314],[137.41946,150.42134,123.48357],[137.86072,149.50026,124.61889],[142.43707,152.63884,123.58023],[141.4735,153.56282,122.82151],[140.3943,154.1444,123.64868],[139.67108,155.24644,123.24958],[138.68352,155.78903,123.88754],[138.2554,156.8938,123.092636],[139.0701,156.90408,121.99662],[139.0195,157.70369,121.07536],[139.9368,155.8887,122.10519]]",PROJECTED,real512_o3a_zmatrix_pre_gflownet,not_trained
CAL-ANCHOR-000348,CC(=O)N1CCc2nn(-c3ccccc3)c(C3CCOCC3)c2[C@@H]1C,SCAFFOLD_ANCHORED__CAL-ANCHOR-000348__EXIT_10__CUT_9__PHI_240,ALENI_CORE_MINUS_FRAG-A.CC(=O)N1CCc2nn(-c3ccccc3)c(C3CCOCC3)c2[C@@H]1C>>SCAFFOLD_ANCHORED_RXN_AMIDE_COUPLING,CAL-ANCHOR-000348,ALENI_CORE_EXIT_10_CUT_9,0.7233943395730493,2.0,0.9362396229886552,2.0,0.9362396229886552,4.0,2,normal,240.0,zmatrix,true,6,5,campaigns/glp1r_aleniglipron/track_a_generative/ALENI-PARENT_6XOX_frame_o3a_relaxed.sdf,compact_pseudo_ligand_o3a,"[[140.7175,154.8487,127.3529],[140.3245,156.178,127.2565],[140.9153,156.7657,126.2094],[141.7323,155.8573,125.598],[142.4203,156.0754,124.4162],[142.0627,156.8304,123.307],[142.9126,156.3633,122.2747],[143.8222,155.4977,122.7096],[143.6236,155.4409,124.0597],[144.6688,154.9206,124.885],[145.6441,154.088,124.3084],[146.6994,153.5823,125.0794],[147.718,152.6625,124.4785],[146.7584,153.9094,126.4361],[147.758,153.4189,127.1856],[145.8078,154.7445,127.0305],[145.9316,155.1149,128.4775],[144.7742,155.2687,126.2404],[142.7151,156.6525,120.8219],[141.5715,157.6625,120.6056],[140.5137,157.4934,121.6182],[139.2847,156.966,121.2248],[138.9075,157.0176,120.054],[138.468,156.3427,122.2416],[138.8117,155.3277,123.1232],[137.6917,155.0423,123.9459],[137.4785,154.155,125.019],[136.2161,154.0811,125.6334],[136.0069,153.1158,126.7872],[135.5634,153.8258,128.0741],[135.3257,152.8039,129.1775],[134.3613,151.8346,128.7655],[134.7975,151.0861,127.6316],[135.0156,151.9986,126.432],[135.1773,154.8875,125.15],[135.3657,155.7744,124.0829],[136.64,155.8442,123.5037],[137.1377,156.6057,122.4696],[136.3264,157.6132,121.7046],[135.6319,157.0176,120.54],[134.3866,156.6892,120.5279],[134.1757,156.161,119.2127],[135.39,156.2319,118.5679],[135.6014,155.8627,117.4241],[136.2852,156.7706,119.4055],[136.8502,159.0486,121.5503],[135.6931,158.7935,122.4599],[134.3513,159.3515,122.1216],[140.9102,157.7389,123.024],[141.2648,159.2108,123.2598],[141.6268,154.5873,126.2547],[142.1491,153.5395,125.911],[138.1014,153.7185,131.348],[137.5829,155.0491,131.5557],[139.6341,156.6427,127.9419],[140.8119,157.7895,125.8929],[145.5786,153.8174,123.2551],[148.7187,152.8905,124.8602],[147.7549,152.77,123.3893],[147.472,151.6234,124.7178],[146.2495,154.2529,129.0732],[144.9709,155.4505,128.8825],[146.6616,155.9213,128.5968],[144.0775,155.9627,126.7001],[142.4536,155.7121,120.3202],[143.6377,157.0247,120.364],[141.9494,158.6877,120.6766],[141.1745,157.5454,119.5917],[139.7787,154.8417,123.1775],[138.298,153.5269,125.3609],[136.9715,152.6345,127.0058],[134.6293,154.374,127.9001],[136.3148,154.5579,128.3895],[136.254,152.2949,129.454],[134.939,153.3017,130.0722],[134.0231,150.3476,127.4015],[135.7112,150.537,127.8863],[135.3778,151.416,125.577],[134.0501,152.4329,126.1432],[134.1861,154.8287,125.5973],[134.5385,156.3758,123.7167],[137.2706,156.9078,119.2154],[137.7899,159.326,122.0141],[136.6714,159.5611,120.6102],[135.8727,158.8547,123.5289],[133.5622,158.7167,122.5361],[134.244,160.3498,122.5581],[134.1932,159.4439,121.0425],[140.0727,157.5186,123.6855],[142.1584,159.5204,122.7077],[140.438,159.8604,122.9531],[141.4693,159.3992,124.3189],[137.9954,153.0688,132.1394],[136.9199,155.0515,132.4266],[138.3909,155.7619,131.7487],[136.9977,155.386,130.6947],[142.20694,154.77745,127.51562],[143.70326,154.70589,127.67909],[144.29454,155.58467,128.30724],[144.36081,153.62904,127.10274],[143.69106,152.47644,126.46462],[144.18657,152.24583,125.03333],[145.66469,152.35223,124.99975],[146.39658,151.89989,123.995415],[147.69054,152.2418,124.28748],[148.68822,151.8477,123.324425],[148.26543,151.15123,122.171364],[149.17314,150.73332,121.19281],[150.52673,151.00183,121.343765],[150.96576,151.6866,122.4713],[150.05408,152.10486,123.45167],[147.74196,152.93315,125.517715],[148.93428,153.54726,126.21517],[149.53128,154.74347,125.465485],[150.94418,155.0938,125.91477],[151.26326,154.49588,127.167534],[151.29161,153.07582,127.070915],[149.90587,152.51039,126.79042],[146.43015,152.97325,125.99254],[145.83644,153.56439,127.24576],[146.20393,152.76733,128.50034]]",PROJECTED,real512_o3a_zmatrix_pre_gflownet,not_trained
CAL-ANCHOR-000476,C[C@H]1c2c(nn(-c3ccc(O)cc3)c2-c2ccccc2)CCN1C1CCOCC1,SCAFFOLD_ANCHORED__CAL-ANCHOR-000476__EXIT_10__CUT_9__PHI_120,ALENI_CORE_MINUS_FRAG-A.C[C@H]1c2c(nn(-c3ccc(O)cc3)c2-c2ccccc2)CCN1C1CCOCC1>>SCAFFOLD_ANCHORED_RXN_AMIDE_COUPLING,CAL-ANCHOR-000476,ALENI_CORE_EXIT_10_CUT_9,0.721842678888786,3.0,1.9471012477784981,3.0,1.9471012477784981,4.0,2,normal,120.0,zmatrix,true,6,3,campaigns/glp1r_aleniglipron/track_a_generative/ALENI-PARENT_6XOX_frame_o3a_relaxed.sdf,compact_pseudo_ligand_o3a,"[[140.7175,154.8487,127.3529],[140.3245,156.178,127.2565],[140.9153,156.7657,126.2094],[141.7323,155.8573,125.598],[142.4203,156.0754,124.4162],[142.0627,156.8304,123.307],[142.9126,156.3633,122.2747],[143.8222,155.4977,122.7096],[143.6236,155.4409,124.0597],[144.6688,154.9206,124.885],[145.6441,154.088,124.3084],[146.6994,153.5823,125.0794],[147.718,152.6625,124.4785],[146.7584,153.9094,126.4361],[147.758,153.4189,127.1856],[145.8078,154.7445,127.0305],[145.9316,155.1149,128.4775],[144.7742,155.2687,126.2404],[142.7151,156.6525,120.8219],[141.5715,157.6625,120.6056],[140.5137,157.4934,121.6182],[139.2847,156.966,121.2248],[138.9075,157.0176,120.054],[138.468,156.3427,122.2416],[138.8117,155.3277,123.1232],[137.6917,155.0423,123.9459],[137.4785,154.155,125.019],[136.2161,154.0811,125.6334],[136.0069,153.1158,126.7872],[135.5634,153.8258,128.0741],[135.3257,152.8039,129.1775],[134.3613,151.8346,128.7655],[134.7975,151.0861,127.6316],[135.0156,151.9986,126.432],[135.1773,154.8875,125.15],[135.3657,155.7744,124.0829],[136.64,155.8442,123.5037],[137.1377,156.6057,122.4696],[136.3264,157.6132,121.7046],[135.6319,157.0176,120.54],[134.3866,156.6892,120.5279],[134.1757,156.161,119.2127],[135.39,156.2319,118.5679],[135.6014,155.8627,117.4241],[136.2852,156.7706,119.4055],[136.8502,159.0486,121.5503],[135.6931,158.7935,122.4599],[134.3513,159.3515,122.1216],[140.9102,157.7389,123.024],[141.2648,159.2108,123.2598],[141.6268,154.5873,126.2547],[142.1491,153.5395,125.911],[138.1014,153.7185,131.348],[137.5829,155.0491,131.5557],[139.6341,156.6427,127.9419],[140.8119,157.7895,125.8929],[145.5786,153.8174,123.2551],[148.7187,152.8905,124.8602],[147.7549,152.77,123.3893],[147.472,151.6234,124.7178],[146.2495,154.2529,129.0732],[144.9709,155.4505,128.8825],[146.6616,155.9213,128.5968],[144.0775,155.9627,126.7001],[142.4536,155.7121,120.3202],[143.6377,157.0247,120.364],[141.9494,158.6877,120.6766],[141.1745,157.5454,119.5917],[139.7787,154.8417,123.1775],[138.298,153.5269,125.3609],[136.9715,152.6345,127.0058],[134.6293,154.374,127.9001],[136.3148,154.5579,128.3895],[136.254,152.2949,129.454],[134.939,153.3017,130.0722],[134.0231,150.3476,127.4015],[135.7112,150.537,127.8863],[135.3778,151.416,125.577],[134.0501,152.4329,126.1432],[134.1861,154.8287,125.5973],[134.5385,156.3758,123.7167],[137.2706,156.9078,119.2154],[137.7899,159.326,122.0141],[136.6714,159.5611,120.6102],[135.8727,158.8547,123.5289],[133.5622,158.7167,122.5361],[134.244,160.3498,122.5581],[134.1932,159.4439,121.0425],[140.0727,157.5186,123.6855],[142.1584,159.5204,122.7077],[140.438,159.8604,122.9531],[141.4693,159.3992,124.3189],[137.9954,153.0688,132.1394],[136.9199,155.0515,132.4266],[138.3909,155.7619,131.7487],[136.9977,155.386,130.6947],[140.31573,154.11618,126.1071],[139.90358,153.36473,124.82911],[140.57779,154.0103,123.64826],[141.78763,153.53995,123.11732],[142.25537,154.30965,122.14082],[141.28902,155.26305,121.95064],[141.4456,156.17723,120.85712],[142.68553,156.22766,120.19012],[142.89174,157.10098,119.11759],[141.8538,157.92233,118.69944],[142.00624,158.78883,117.65879],[140.61818,157.87675,119.33063],[140.40945,157.00273,120.404045],[140.27374,155.14622,122.91264],[139.1742,156.07503,123.15305],[137.85318,155.68173,122.90406],[136.7977,156.55838,123.1602],[137.05539,157.82884,123.673416],[138.36682,158.22345,123.93525],[139.42397,157.34805,123.68093],[142.4604,152.30157,123.58691],[141.72913,151.69498,124.81118],[140.27264,151.93744,124.7786],[139.45108,150.90251,125.42203],[138.9876,151.1189,126.867966],[137.67293,151.87798,126.98111],[136.66458,151.26074,126.18506],[136.98973,151.29184,124.7975],[138.26125,150.50574,124.524506]]",PROJECTED,real512_o3a_zmatrix_pre_gflownet,not_trained
CAL-ANCHOR-000082,Cc1cc(-n2nc3c(c2C(=O)O)C(C)N(c2ccccc2)CC3)cc(C)c1F,SCAFFOLD_ANCHORED__CAL-ANCHOR-000082__EXIT_64__CUT_63__PHI_240,ALENI_CORE_MINUS_FRAG-A.Cc1cc(-n2nc3c(c2C(=O)O)C(C)N(c2ccccc2)CC3)cc(C)c1F>>SCAFFOLD_ANCHORED_RXN_AMIDE_COUPLING,CAL-ANCHOR-000082,ALENI_CORE_EXIT_64_CUT_63,0.715883551778837,3.0,1.9888151375481402,3.0,1.9888151375481402,4.0,2,normal,240.0,zmatrix,true,6,5,campaigns/glp1r_aleniglipron/track_a_generative/ALENI-PARENT_6XOX_frame_o3a_relaxed.sdf,compact_pseudo_ligand_o3a,"[[140.7175,154.8487,127.3529],[140.3245,156.178,127.2565],[140.9153,156.7657,126.2094],[141.7323,155.8573,125.598],[142.4203,156.0754,124.4162],[142.0627,156.8304,123.307],[142.9126,156.3633,122.2747],[143.8222,155.4977,122.7096],[143.6236,155.4409,124.0597],[144.6688,154.9206,124.885],[145.6441,154.088,124.3084],[146.6994,153.5823,125.0794],[147.718,152.6625,124.4785],[146.7584,153.9094,126.4361],[147.758,153.4189,127.1856],[145.8078,154.7445,127.0305],[145.9316,155.1149,128.4775],[144.7742,155.2687,126.2404],[142.7151,156.6525,120.8219],[141.5715,157.6625,120.6056],[140.5137,157.4934,121.6182],[139.2847,156.966,121.2248],[138.9075,157.0176,120.054],[138.468,156.3427,122.2416],[138.8117,155.3277,123.1232],[137.6917,155.0423,123.9459],[137.4785,154.155,125.019],[136.2161,154.0811,125.6334],[136.0069,153.1158,126.7872],[135.5634,153.8258,128.0741],[135.3257,152.8039,129.1775],[134.3613,151.8346,128.7655],[134.7975,151.0861,127.6316],[135.0156,151.9986,126.432],[135.1773,154.8875,125.15],[135.3657,155.7744,124.0829],[136.64,155.8442,123.5037],[137.1377,156.6057,122.4696],[136.3264,157.6132,121.7046],[135.6319,157.0176,120.54],[134.3866,156.6892,120.5279],[134.1757,156.161,119.2127],[135.39,156.2319,118.5679],[135.6014,155.8627,117.4241],[136.2852,156.7706,119.4055],[136.8502,159.0486,121.5503],[135.6931,158.7935,122.4599],[134.3513,159.3515,122.1216],[140.9102,157.7389,123.024],[141.2648,159.2108,123.2598],[141.6268,154.5873,126.2547],[142.1491,153.5395,125.911],[138.1014,153.7185,131.348],[137.5829,155.0491,131.5557],[139.6341,156.6427,127.9419],[140.8119,157.7895,125.8929],[145.5786,153.8174,123.2551],[148.7187,152.8905,124.8602],[147.7549,152.77,123.3893],[147.472,151.6234,124.7178],[146.2495,154.2529,129.0732],[144.9709,155.4505,128.8825],[146.6616,155.9213,128.5968],[144.0775,155.9627,126.7001],[142.4536,155.7121,120.3202],[143.6377,157.0247,120.364],[141.9494,158.6877,120.6766],[141.1745,157.5454,119.5917],[139.7787,154.8417,123.1775],[138.298,153.5269,125.3609],[136.9715,152.6345,127.0058],[134.6293,154.374,127.9001],[136.3148,154.5579,128.3895],[136.254,152.2949,129.454],[134.939,153.3017,130.0722],[134.0231,150.3476,127.4015],[135.7112,150.537,127.8863],[135.3778,151.416,125.577],[134.0501,152.4329,126.1432],[134.1861,154.8287,125.5973],[134.5385,156.3758,123.7167],[137.2706,156.9078,119.2154],[137.7899,159.326,122.0141],[136.6714,159.5611,120.6102],[135.8727,158.8547,123.5289],[133.5622,158.7167,122.5361],[134.244,160.3498,122.5581],[134.1932,159.4439,121.0425],[140.0727,157.5186,123.6855],[142.1584,159.5204,122.7077],[140.438,159.8604,122.9531],[141.4693,159.3992,124.3189],[137.9954,153.0688,132.1394],[136.9199,155.0515,132.4266],[138.3909,155.7619,131.7487],[136.9977,155.386,130.6947],[138.36018,153.5045,129.88608],[138.61885,153.29059,128.42487],[138.56056,154.36191,127.51907],[138.76007,154.14801,126.14874],[138.72845,155.21815,125.20027],[139.39842,155.04713,124.018074],[139.46179,156.2662,123.49979],[138.73376,157.20683,124.23011],[138.16039,156.49307,125.27691],[137.14209,156.90536,126.19582],[136.39563,156.21762,126.87317],[137.02415,158.2489,126.245316],[138.6272,158.62572,123.74072],[137.35191,158.77446,122.891205],[139.80019,159.07478,122.926926],[140.18637,160.42247,122.90647],[141.42184,160.8403,122.373604],[141.81676,162.18599,122.343124],[140.98059,163.17001,122.84835],[139.75441,162.80293,123.38199],[139.37016,161.45383,123.407776],[140.72961,158.05074,122.37154],[140.15977,156.62697,122.25019],[139.06279,152.8498,125.69569],[139.12546,151.77106,126.58846],[139.39406,150.38126,126.09765],[138.87987,152.00546,127.942184],[138.90619,150.97525,128.80206]]",PROJECTED,real512_o3a_zmatrix_pre_gflownet,not_trained
CAL-ANCHOR-000255,c1ccc(-c2ccc3c(c2)cc(-c2ccccc2)n3-c2ccccc2)cc1,SCAFFOLD_ANCHORED__CAL-ANCHOR-000255__EXIT_64__CUT_63__PHI_300,ALENI_CORE_MINUS_FRAG-A.c1ccc(-c2ccc3c(c2)cc(-c2ccccc2)n3-c2ccccc2)cc1>>SCAFFOLD_ANCHORED_RXN_AMIDE_COUPLING,CAL-ANCHOR-000255,ALENI_CORE_EXIT_64_CUT_63,0.7084595923660444,2.0,1.0407828534376897,2.0,1.0407828534376897,4.0,2,cryptic_rescue,300.0,zmatrix,true,6,6,campaigns/glp1r_aleniglipron/track_a_generative/ALENI-PARENT_6XOX_frame_o3a_relaxed.sdf,compact_pseudo_ligand_o3a,"[[140.7175,154.8487,127.3529],[140.3245,156.178,127.2565],[140.9153,156.7657,126.2094],[141.7323,155.8573,125.598],[142.4203,156.0754,124.4162],[142.0627,156.8304,123.307],[142.9126,156.3633,122.2747],[143.8222,155.4977,122.7096],[143.6236,155.4409,124.0597],[144.6688,154.9206,124.885],[145.6441,154.088,124.3084],[146.6994,153.5823,125.0794],[147.718,152.6625,124.4785],[146.7584,153.9094,126.4361],[147.758,153.4189,127.1856],[145.8078,154.7445,127.0305],[145.9316,155.1149,128.4775],[144.7742,155.2687,126.2404],[142.7151,156.6525,120.8219],[141.5715,157.6625,120.6056],[140.5137,157.4934,121.6182],[139.2847,156.966,121.2248],[138.9075,157.0176,120.054],[138.468,156.3427,122.2416],[138.8117,155.3277,123.1232],[137.6917,155.0423,123.9459],[137.4785,154.155,125.019],[136.2161,154.0811,125.6334],[136.0069,153.1158,126.7872],[135.5634,153.8258,128.0741],[135.3257,152.8039,129.1775],[134.3613,151.8346,128.7655],[134.7975,151.0861,127.6316],[135.0156,151.9986,126.432],[135.1773,154.8875,125.15],[135.3657,155.7744,124.0829],[136.64,155.8442,123.5037],[137.1377,156.6057,122.4696],[136.3264,157.6132,121.7046],[135.6319,157.0176,120.54],[134.3866,156.6892,120.5279],[134.1757,156.161,119.2127],[135.39,156.2319,118.5679],[135.6014,155.8627,117.4241],[136.2852,156.7706,119.4055],[136.8502,159.0486,121.5503],[135.6931,158.7935,122.4599],[134.3513,159.3515,122.1216],[140.9102,157.7389,123.024],[141.2648,159.2108,123.2598],[141.6268,154.5873,126.2547],[142.1491,153.5395,125.911],[138.1014,153.7185,131.348],[137.5829,155.0491,131.5557],[139.6341,156.6427,127.9419],[140.8119,157.7895,125.8929],[145.5786,153.8174,123.2551],[148.7187,152.8905,124.8602],[147.7549,152.77,123.3893],[147.472,151.6234,124.7178],[146.2495,154.2529,129.0732],[144.9709,155.4505,128.8825],[146.6616,155.9213,128.5968],[144.0775,155.9627,126.7001],[142.4536,155.7121,120.3202],[143.6377,157.0247,120.364],[141.9494,158.6877,120.6766],[141.1745,157.5454,119.5917],[139.7787,154.8417,123.1775],[138.298,153.5269,125.3609],[136.9715,152.6345,127.0058],[134.6293,154.374,127.9001],[136.3148,154.5579,128.3895],[136.254,152.2949,129.454],[134.939,153.3017,130.0722],[134.0231,150.3476,127.4015],[135.7112,150.537,127.8863],[135.3778,151.416,125.577],[134.0501,152.4329,126.1432],[134.1861,154.8287,125.5973],[134.5385,156.3758,123.7167],[137.2706,156.9078,119.2154],[137.7899,159.326,122.0141],[136.6714,159.5611,120.6102],[135.8727,158.8547,123.5289],[133.5622,158.7167,122.5361],[134.244,160.3498,122.5581],[134.1932,159.4439,121.0425],[140.0727,157.5186,123.6855],[142.1584,159.5204,122.7077],[140.438,159.8604,122.9531],[141.4693,159.3992,124.3189],[137.9954,153.0688,132.1394],[136.9199,155.0515,132.4266],[138.3909,155.7619,131.7487],[136.9977,155.386,130.6947],[139.46146,153.8033,130.72107],[140.72406,153.88202,130.13905],[140.86636,153.74652,128.75537],[139.75046,153.52907,127.92998],[139.90065,153.38564,126.47232],[139.40465,152.2606,125.80515],[139.53386,152.1032,124.41867],[140.16322,153.12007,123.673965],[140.70903,154.2308,124.31892],[140.56212,154.3687,125.716],[141.34482,155.01817,123.33421],[141.18507,154.40898,122.10193],[141.60683,154.95874,120.809044],[142.96323,155.21254,120.56677],[143.37575,155.74919,119.34528],[142.43494,156.04489,118.36028],[141.08165,155.80933,118.59682],[140.66801,155.27342,119.818275],[140.44092,153.24115,122.30456],[140.03853,152.30656,121.29985],[140.92372,151.9368,120.27929],[140.52043,151.02878,119.29771],[139.23564,150.48944,119.32759],[138.34924,150.85739,120.338135],[138.74678,151.76382,121.32353],[138.48618,153.45229,128.53784],[138.34193,153.58873,129.92125]]",PROJECTED,real512_o3a_zmatrix_pre_gflownet,not_trained
CAL-ANCHOR-000165,C[C@H]1c2c(nn(-c3ccccc3)c2-c2ccccc2)CCN1c1ccccc1,SCAFFOLD_ANCHORED__CAL-ANCHOR-000165__EXIT_64__CUT_63__PHI_240,ALENI_CORE_MINUS_FRAG-A.C[C@H]1c2c(nn(-c3ccccc3)c2-c2ccccc2)CCN1c1ccccc1>>SCAFFOLD_ANCHORED_RXN_AMIDE_COUPLING,CAL-ANCHOR-000165,ALENI_CORE_EXIT_64_CUT_63,0.7053829788553454,3.0,1.473085105723273,3.0,1.473085105723273,2.0,1,normal,240.0,zmatrix,true,6,5,campaigns/glp1r_aleniglipron/track_a_generative/ALENI-PARENT_6XOX_frame_o3a_relaxed.sdf,compact_pseudo_ligand_o3a,"[[140.7175,154.8487,127.3529],[140.3245,156.178,127.2565],[140.9153,156.7657,126.2094],[141.7323,155.8573,125.598],[142.4203,156.0754,124.4162],[142.0627,156.8304,123.307],[142.9126,156.3633,122.2747],[143.8222,155.4977,122.7096],[143.6236,155.4409,124.0597],[144.6688,154.9206,124.885],[145.6441,154.088,124.3084],[146.6994,153.5823,125.0794],[147.718,152.6625,124.4785],[146.7584,153.9094,126.4361],[147.758,153.4189,127.1856],[145.8078,154.7445,127.0305],[145.9316,155.1149,128.4775],[144.7742,155.2687,126.2404],[142.7151,156.6525,120.8219],[141.5715,157.6625,120.6056],[140.5137,157.4934,121.6182],[139.2847,156.966,121.2248],[138.9075,157.0176,120.054],[138.468,156.3427,122.2416],[138.8117,155.3277,123.1232],[137.6917,155.0423,123.9459],[137.4785,154.155,125.019],[136.2161,154.0811,125.6334],[136.0069,153.1158,126.7872],[135.5634,153.8258,128.0741],[135.3257,152.8039,129.1775],[134.3613,151.8346,128.7655],[134.7975,151.0861,127.6316],[135.0156,151.9986,126.432],[135.1773,154.8875,125.15],[135.3657,155.7744,124.0829],[136.64,155.8442,123.5037],[137.1377,156.6057,122.4696],[136.3264,157.6132,121.7046],[135.6319,157.0176,120.54],[134.3866,156.6892,120.5279],[134.1757,156.161,119.2127],[135.39,156.2319,118.5679],[135.6014,155.8627,117.4241],[136.2852,156.7706,119.4055],[136.8502,159.0486,121.5503],[135.6931,158.7935,122.4599],[134.3513,159.3515,122.1216],[140.9102,157.7389,123.024],[141.2648,159.2108,123.2598],[141.6268,154.5873,126.2547],[142.1491,153.5395,125.911],[138.1014,153.7185,131.348],[137.5829,155.0491,131.5557],[139.6341,156.6427,127.9419],[140.8119,157.7895,125.8929],[145.5786,153.8174,123.2551],[148.7187,152.8905,124.8602],[147.7549,152.77,123.3893],[147.472,151.6234,124.7178],[146.2495,154.2529,129.0732],[144.9709,155.4505,128.8825],[146.6616,155.9213,128.5968],[144.0775,155.9627,126.7001],[142.4536,155.7121,120.3202],[143.6377,157.0247,120.364],[141.9494,158.6877,120.6766],[141.1745,157.5454,119.5917],[139.7787,154.8417,123.1775],[138.298,153.5269,125.3609],[136.9715,152.6345,127.0058],[134.6293,154.374,127.9001],[136.3148,154.5579,128.3895],[136.254,152.2949,129.454],[134.939,153.3017,130.0722],[134.0231,150.3476,127.4015],[135.7112,150.537,127.8863],[135.3778,151.416,125.577],[134.0501,152.4329,126.1432],[134.1861,154.8287,125.5973],[134.5385,156.3758,123.7167],[137.2706,156.9078,119.2154],[137.7899,159.326,122.0141],[136.6714,159.5611,120.6102],[135.8727,158.8547,123.5289],[133.5622,158.7167,122.5361],[134.244,160.3498,122.5581],[134.1932,159.4439,121.0425],[140.0727,157.5186,123.6855],[142.1584,159.5204,122.7077],[140.438,159.8604,122.9531],[141.4693,159.3992,124.3189],[137.9954,153.0688,132.1394],[136.9199,155.0515,132.4266],[138.3909,155.7619,131.7487],[136.9977,155.386,130.6947],[138.36018,153.5045,129.88608],[138.6248,153.28568,128.39122],[138.05898,154.40761,127.556366],[138.88573,155.30095,126.85532],[138.20018,156.24994,126.22822],[136.8833,155.9245,126.425896],[135.88528,156.69539,125.74388],[134.55185,156.28392,125.63481],[133.61768,157.07616,124.95674],[134.00476,158.27937,124.372536],[135.33072,158.6916,124.45555],[136.26634,157.90373,125.13121],[136.76332,154.82944,127.29735],[135.53374,154.29082,127.86934],[135.09625,153.00768,127.51736],[133.93515,152.48,128.08469],[133.2103,153.22691,129.01245],[133.64616,154.50003,129.37735],[134.8071,155.02992,128.81166],[140.37093,155.20174,126.82899],[140.85805,154.38628,128.03973],[140.0933,153.12808,128.18352],[140.63971,151.89087,127.880035],[140.12975,150.70651,128.43861],[140.67245,149.44951,128.1439],[141.74948,149.34319,127.27381],[142.27931,150.49374,126.704094],[141.7302,151.7465,127.00738]]",PROJECTED,real512_o3a_zmatrix_pre_gflownet,not_trained
CAL-ANCHOR-000154,C[C@H]1c2c(nn(-c3noc(=O)[nH]3)c2C2CCOCC2)CCN1c1ccccc1,SCAFFOLD_ANCHORED__CAL-ANCHOR-000154__EXIT_10__CUT_9__PHI_60,ALENI_CORE_MINUS_FRAG-A.C[C@H]1c2c(nn(-c3noc(=O)[nH]3)c2C2CCOCC2)CCN1c1ccccc1>>SCAFFOLD_ANCHORED_RXN_AMIDE_COUPLING,CAL-ANCHOR-000154,ALENI_CORE_EXIT_10_CUT_9,0.7043002421283576,4.0,2.8440968523313512,4.0,2.8440968523313512,8.0,4,cryptic_rescue,60.0,zmatrix,true,6,2,campaigns/glp1r_aleniglipron/track_a_generative/ALENI-PARENT_6XOX_frame_o3a_relaxed.sdf,compact_pseudo_ligand_o3a,"[[140.7175,154.8487,127.3529],[140.3245,156.178,127.2565],[140.9153,156.7657,126.2094],[141.7323,155.8573,125.598],[142.4203,156.0754,124.4162],[142.0627,156.8304,123.307],[142.9126,156.3633,122.2747],[143.8222,155.4977,122.7096],[143.6236,155.4409,124.0597],[144.6688,154.9206,124.885],[145.6441,154.088,124.3084],[146.6994,153.5823,125.0794],[147.718,152.6625,124.4785],[146.7584,153.9094,126.4361],[147.758,153.4189,127.1856],[145.8078,154.7445,127.0305],[145.9316,155.1149,128.4775],[144.7742,155.2687,126.2404],[142.7151,156.6525,120.8219],[141.5715,157.6625,120.6056],[140.5137,157.4934,121.6182],[139.2847,156.966,121.2248],[138.9075,157.0176,120.054],[138.468,156.3427,122.2416],[138.8117,155.3277,123.1232],[137.6917,155.0423,123.9459],[137.4785,154.155,125.019],[136.2161,154.0811,125.6334],[136.0069,153.1158,126.7872],[135.5634,153.8258,128.0741],[135.3257,152.8039,129.1775],[134.3613,151.8346,128.7655],[134.7975,151.0861,127.6316],[135.0156,151.9986,126.432],[135.1773,154.8875,125.15],[135.3657,155.7744,124.0829],[136.64,155.8442,123.5037],[137.1377,156.6057,122.4696],[136.3264,157.6132,121.7046],[135.6319,157.0176,120.54],[134.3866,156.6892,120.5279],[134.1757,156.161,119.2127],[135.39,156.2319,118.5679],[135.6014,155.8627,117.4241],[136.2852,156.7706,119.4055],[136.8502,159.0486,121.5503],[135.6931,158.7935,122.4599],[134.3513,159.3515,122.1216],[140.9102,157.7389,123.024],[141.2648,159.2108,123.2598],[141.6268,154.5873,126.2547],[142.1491,153.5395,125.911],[138.1014,153.7185,131.348],[137.5829,155.0491,131.5557],[139.6341,156.6427,127.9419],[140.8119,157.7895,125.8929],[145.5786,153.8174,123.2551],[148.7187,152.8905,124.8602],[147.7549,152.77,123.3893],[147.472,151.6234,124.7178],[146.2495,154.2529,129.0732],[144.9709,155.4505,128.8825],[146.6616,155.9213,128.5968],[144.0775,155.9627,126.7001],[142.4536,155.7121,120.3202],[143.6377,157.0247,120.364],[141.9494,158.6877,120.6766],[141.1745,157.5454,119.5917],[139.7787,154.8417,123.1775],[138.298,153.5269,125.3609],[136.9715,152.6345,127.0058],[134.6293,154.374,127.9001],[136.3148,154.5579,128.3895],[136.254,152.2949,129.454],[134.939,153.3017,130.0722],[134.0231,150.3476,127.4015],[135.7112,150.537,127.8863],[135.3778,151.416,125.577],[134.0501,152.4329,126.1432],[134.1861,154.8287,125.5973],[134.5385,156.3758,123.7167],[137.2706,156.9078,119.2154],[137.7899,159.326,122.0141],[136.6714,159.5611,120.6102],[135.8727,158.8547,123.5289],[133.5622,158.7167,122.5361],[134.244,160.3498,122.5581],[134.1932,159.4439,121.0425],[140.0727,157.5186,123.6855],[142.1584,159.5204,122.7077],[140.438,159.8604,122.9531],[141.4693,159.3992,124.3189],[137.9954,153.0688,132.1394],[136.9199,155.0515,132.4266],[138.3909,155.7619,131.7487],[136.9977,155.386,130.6947],[139.51129,153.96193,127.25965],[138.27325,153.05177,127.16394],[138.7087,151.66304,126.78565],[139.03108,150.75768,127.80621],[139.39757,149.56831,127.352684],[139.42516,149.71829,125.99967],[140.06859,148.7111,125.26173],[140.29771,147.49423,125.62466],[141.01485,146.92642,124.52383],[141.16545,147.93481,123.60411],[141.75076,147.8456,122.53715],[140.56995,149.04361,124.06822],[138.81494,150.93163,125.609276],[138.34914,151.20535,124.19169],[139.17761,152.28091,123.4808],[138.51166,153.64531,123.43815],[137.17809,153.52588,122.9619],[136.34875,152.82217,123.87847],[136.82542,151.39061,124.07019],[138.9031,151.11682,129.23499],[137.66342,152.00926,129.42595],[137.52199,153.12451,128.44708],[136.51976,154.08202,128.64352],[135.59653,153.99144,129.70326],[134.58804,154.94379,129.91008],[134.46953,156.0307,129.05698],[135.3607,156.1602,128.00217],[136.36548,155.20155,127.80464]]",PROJECTED,real512_o3a_zmatrix_pre_gflownet,not_trained
CAL-ANCHOR-000227,CNc1ccc2c(c1)cc(-c1noc(=O)[nH]1)n2-c1ccccc1,SCAFFOLD_ANCHORED__CAL-ANCHOR-000227__EXIT_10__CUT_9__PHI_60,ALENI_CORE_MINUS_FRAG-A.CNc1ccc2c(c1)cc(-c1noc(=O)[nH]1)n2-c1ccccc1>>SCAFFOLD_ANCHORED_RXN_AMIDE_COUPLING,CAL-ANCHOR-000227,ALENI_CORE_EXIT_10_CUT_9,0.7034600344589114,6.0,3.3377193797395956,6.0,3.3377193797395956,10.0,5,cryptic_rescue,60.0,zmatrix,true,6,2,campaigns/glp1r_aleniglipron/track_a_generative/ALENI-PARENT_6XOX_frame_o3a_relaxed.sdf,compact_pseudo_ligand_o3a,"[[140.7175,154.8487,127.3529],[140.3245,156.178,127.2565],[140.9153,156.7657,126.2094],[141.7323,155.8573,125.598],[142.4203,156.0754,124.4162],[142.0627,156.8304,123.307],[142.9126,156.3633,122.2747],[143.8222,155.4977,122.7096],[143.6236,155.4409,124.0597],[144.6688,154.9206,124.885],[145.6441,154.088,124.3084],[146.6994,153.5823,125.0794],[147.718,152.6625,124.4785],[146.7584,153.9094,126.4361],[147.758,153.4189,127.1856],[145.8078,154.7445,127.0305],[145.9316,155.1149,128.4775],[144.7742,155.2687,126.2404],[142.7151,156.6525,120.8219],[141.5715,157.6625,120.6056],[140.5137,157.4934,121.6182],[139.2847,156.966,121.2248],[138.9075,157.0176,120.054],[138.468,156.3427,122.2416],[138.8117,155.3277,123.1232],[137.6917,155.0423,123.9459],[137.4785,154.155,125.019],[136.2161,154.0811,125.6334],[136.0069,153.1158,126.7872],[135.5634,153.8258,128.0741],[135.3257,152.8039,129.1775],[134.3613,151.8346,128.7655],[134.7975,151.0861,127.6316],[135.0156,151.9986,126.432],[135.1773,154.8875,125.15],[135.3657,155.7744,124.0829],[136.64,155.8442,123.5037],[137.1377,156.6057,122.4696],[136.3264,157.6132,121.7046],[135.6319,157.0176,120.54],[134.3866,156.6892,120.5279],[134.1757,156.161,119.2127],[135.39,156.2319,118.5679],[135.6014,155.8627,117.4241],[136.2852,156.7706,119.4055],[136.8502,159.0486,121.5503],[135.6931,158.7935,122.4599],[134.3513,159.3515,122.1216],[140.9102,157.7389,123.024],[141.2648,159.2108,123.2598],[141.6268,154.5873,126.2547],[142.1491,153.5395,125.911],[138.1014,153.7185,131.348],[137.5829,155.0491,131.5557],[139.6341,156.6427,127.9419],[140.8119,157.7895,125.8929],[145.5786,153.8174,123.2551],[148.7187,152.8905,124.8602],[147.7549,152.77,123.3893],[147.472,151.6234,124.7178],[146.2495,154.2529,129.0732],[144.9709,155.4505,128.8825],[146.6616,155.9213,128.5968],[144.0775,155.9627,126.7001],[142.4536,155.7121,120.3202],[143.6377,157.0247,120.364],[141.9494,158.6877,120.6766],[141.1745,157.5454,119.5917],[139.7787,154.8417,123.1775],[138.298,153.5269,125.3609],[136.9715,152.6345,127.0058],[134.6293,154.374,127.9001],[136.3148,154.5579,128.3895],[136.254,152.2949,129.454],[134.939,153.3017,130.0722],[134.0231,150.3476,127.4015],[135.7112,150.537,127.8863],[135.3778,151.416,125.577],[134.0501,152.4329,126.1432],[134.1861,154.8287,125.5973],[134.5385,156.3758,123.7167],[137.2706,156.9078,119.2154],[137.7899,159.326,122.0141],[136.6714,159.5611,120.6102],[135.8727,158.8547,123.5289],[133.5622,158.7167,122.5361],[134.244,160.3498,122.5581],[134.1932,159.4439,121.0425],[140.0727,157.5186,123.6855],[142.1584,159.5204,122.7077],[140.438,159.8604,122.9531],[141.4693,159.3992,124.3189],[137.9954,153.0688,132.1394],[136.9199,155.0515,132.4266],[138.3909,155.7619,131.7487],[136.9977,155.386,130.6947],[139.51129,153.96193,127.25965],[138.35075,153.10873,127.16994],[138.40459,151.7437,126.96079],[139.59673,151.03673,126.80918],[139.62468,149.64946,126.59725],[138.40747,148.94559,126.55839],[137.19675,149.62817,126.667404],[137.2032,151.02405,126.878845],[136.16434,148.6755,126.51805],[136.7301,147.41827,126.378006],[135.99284,146.18703,126.34841],[134.78622,146.08249,125.90131],[134.44087,144.70738,126.08761],[135.53252,144.11694,126.670944],[135.61935,142.94142,126.98666],[136.48528,145.0444,126.83257],[138.1123,147.59816,126.336655],[139.0753,146.58244,126.07515],[138.87164,145.68608,125.017166],[139.80098,144.67307,124.77878],[140.92928,144.55438,125.58957],[141.13535,145.4502,126.63859],[140.21193,146.46767,126.883514]]",PROJECTED,real512_o3a_zmatrix_pre_gflownet,not_trained
CAL-ANCHOR-000465,Cc1cc(-n2nc3c(c2-c2ccccc2)[C@H](C)N(c2noc(=O)[nH]2)CC3)cc(C)c1F,SCAFFOLD_ANCHORED__CAL-ANCHOR-000465__EXIT_10__CUT_9__PHI_120,ALENI_CORE_MINUS_FRAG-A.Cc1cc(-n2nc3c(c2-c2ccccc2)[C@H](C)N(c2noc(=O)[nH]2)CC3)cc(C)c1F>>SCAFFOLD_ANCHORED_RXN_AMIDE_COUPLING,CAL-ANCHOR-000465,ALENI_CORE_EXIT_10_CUT_9,0.6936056393648087,5.0,2.59591540952787,5.0,2.59591540952787,8.0,4,cryptic_rescue,120.0,zmatrix,true,6,3,campaigns/glp1r_aleniglipron/track_a_generative/ALENI-PARENT_6XOX_frame_o3a_relaxed.sdf,compact_pseudo_ligand_o3a,"[[140.7175,154.8487,127.3529],[140.3245,156.178,127.2565],[140.9153,156.7657,126.2094],[141.7323,155.8573,125.598],[142.4203,156.0754,124.4162],[142.0627,156.8304,123.307],[142.9126,156.3633,122.2747],[143.8222,155.4977,122.7096],[143.6236,155.4409,124.0597],[144.6688,154.9206,124.885],[145.6441,154.088,124.3084],[146.6994,153.5823,125.0794],[147.718,152.6625,124.4785],[146.7584,153.9094,126.4361],[147.758,153.4189,127.1856],[145.8078,154.7445,127.0305],[145.9316,155.1149,128.4775],[144.7742,155.2687,126.2404],[142.7151,156.6525,120.8219],[141.5715,157.6625,120.6056],[140.5137,157.4934,121.6182],[139.2847,156.966,121.2248],[138.9075,157.0176,120.054],[138.468,156.3427,122.2416],[138.8117,155.3277,123.1232],[137.6917,155.0423,123.9459],[137.4785,154.155,125.019],[136.2161,154.0811,125.6334],[136.0069,153.1158,126.7872],[135.5634,153.8258,128.0741],[135.3257,152.8039,129.1775],[134.3613,151.8346,128.7655],[134.7975,151.0861,127.6316],[135.0156,151.9986,126.432],[135.1773,154.8875,125.15],[135.3657,155.7744,124.0829],[136.64,155.8442,123.5037],[137.1377,156.6057,122.4696],[136.3264,157.6132,121.7046],[135.6319,157.0176,120.54],[134.3866,156.6892,120.5279],[134.1757,156.161,119.2127],[135.39,156.2319,118.5679],[135.6014,155.8627,117.4241],[136.2852,156.7706,119.4055],[136.8502,159.0486,121.5503],[135.6931,158.7935,122.4599],[134.3513,159.3515,122.1216],[140.9102,157.7389,123.024],[141.2648,159.2108,123.2598],[141.6268,154.5873,126.2547],[142.1491,153.5395,125.911],[138.1014,153.7185,131.348],[137.5829,155.0491,131.5557],[139.6341,156.6427,127.9419],[140.8119,157.7895,125.8929],[145.5786,153.8174,123.2551],[148.7187,152.8905,124.8602],[147.7549,152.77,123.3893],[147.472,151.6234,124.7178],[146.2495,154.2529,129.0732],[144.9709,155.4505,128.8825],[146.6616,155.9213,128.5968],[144.0775,155.9627,126.7001],[142.4536,155.7121,120.3202],[143.6377,157.0247,120.364],[141.9494,158.6877,120.6766],[141.1745,157.5454,119.5917],[139.7787,154.8417,123.1775],[138.298,153.5269,125.3609],[136.9715,152.6345,127.0058],[134.6293,154.374,127.9001],[136.3148,154.5579,128.3895],[136.254,152.2949,129.454],[134.939,153.3017,130.0722],[134.0231,150.3476,127.4015],[135.7112,150.537,127.8863],[135.3778,151.416,125.577],[134.0501,152.4329,126.1432],[134.1861,154.8287,125.5973],[134.5385,156.3758,123.7167],[137.2706,156.9078,119.2154],[137.7899,159.326,122.0141],[136.6714,159.5611,120.6102],[135.8727,158.8547,123.5289],[133.5622,158.7167,122.5361],[134.244,160.3498,122.5581],[134.1932,159.4439,121.0425],[140.0727,157.5186,123.6855],[142.1584,159.5204,122.7077],[140.438,159.8604,122.9531],[141.4693,159.3992,124.3189],[137.9954,153.0688,132.1394],[136.9199,155.0515,132.4266],[138.3909,155.7619,131.7487],[136.9977,155.386,130.6947],[140.31573,154.11618,126.1071],[139.91406,153.38385,124.861626],[140.30966,153.84613,123.595146],[139.91693,153.17308,122.4305],[140.30385,153.60178,121.1168],[140.11314,152.73656,120.072205],[140.6576,153.33669,119.02148],[141.12672,154.62419,119.31504],[140.88564,154.80034,120.66974],[141.12396,156.00768,121.45244],[140.05107,156.81169,121.85806],[140.28493,157.98032,122.584465],[141.58975,158.35562,122.90168],[142.66327,157.56606,122.49152],[142.43275,156.397,121.76465],[141.73177,155.50627,118.25901],[140.88383,156.75693,117.999825],[141.94177,154.80653,116.96834],[142.95854,155.086,116.089966],[143.16089,154.50366,114.95138],[144.32153,155.11671,114.39186],[144.72098,156.05737,115.29746],[145.68282,156.80011,115.181595],[143.87595,156.02914,116.33678],[140.89938,153.81384,116.6062],[140.75964,152.7175,117.67524],[139.1293,152.01068,122.55552],[138.70462,151.55159,123.81065],[137.87875,150.3077,123.935776],[139.1077,152.24715,124.95017],[138.71944,151.81105,126.1585]]",PROJECTED,real512_o3a_zmatrix_pre_gflownet,not_trained
CAL-ANCHOR-000160,C[C@H]1c2c(nn(C3CCOCC3)c2-c2ccccc2)CCN1c1ccccc1,SCAFFOLD_ANCHORED__CAL-ANCHOR-000160__EXIT_10__CUT_9__PHI_120,ALENI_CORE_MINUS_FRAG-A.C[C@H]1c2c(nn(C3CCOCC3)c2-c2ccccc2)CCN1c1ccccc1>>SCAFFOLD_ANCHORED_RXN_AMIDE_COUPLING,CAL-ANCHOR-000160,ALENI_CORE_EXIT_10_CUT_9,0.6908643617845909,3.0,1.473085105723273,3.0,1.473085105723273,4.0,2,normal,120.0,zmatrix,true,6,3,campaigns/glp1r_aleniglipron/track_a_generative/ALENI-PARENT_6XOX_frame_o3a_relaxed.sdf,compact_pseudo_ligand_o3a,"[[140.7175,154.8487,127.3529],[140.3245,156.178,127.2565],[140.9153,156.7657,126.2094],[141.7323,155.8573,125.598],[142.4203,156.0754,124.4162],[142.0627,156.8304,123.307],[142.9126,156.3633,122.2747],[143.8222,155.4977,122.7096],[143.6236,155.4409,124.0597],[144.6688,154.9206,124.885],[145.6441,154.088,124.3084],[146.6994,153.5823,125.0794],[147.718,152.6625,124.4785],[146.7584,153.9094,126.4361],[147.758,153.4189,127.1856],[145.8078,154.7445,127.0305],[145.9316,155.1149,128.4775],[144.7742,155.2687,126.2404],[142.7151,156.6525,120.8219],[141.5715,157.6625,120.6056],[140.5137,157.4934,121.6182],[139.2847,156.966,121.2248],[138.9075,157.0176,120.054],[138.468,156.3427,122.2416],[138.8117,155.3277,123.1232],[137.6917,155.0423,123.9459],[137.4785,154.155,125.019],[136.2161,154.0811,125.6334],[136.0069,153.1158,126.7872],[135.5634,153.8258,128.0741],[135.3257,152.8039,129.1775],[134.3613,151.8346,128.7655],[134.7975,151.0861,127.6316],[135.0156,151.9986,126.432],[135.1773,154.8875,125.15],[135.3657,155.7744,124.0829],[136.64,155.8442,123.5037],[137.1377,156.6057,122.4696],[136.3264,157.6132,121.7046],[135.6319,157.0176,120.54],[134.3866,156.6892,120.5279],[134.1757,156.161,119.2127],[135.39,156.2319,118.5679],[135.6014,155.8627,117.4241],[136.2852,156.7706,119.4055],[136.8502,159.0486,121.5503],[135.6931,158.7935,122.4599],[134.3513,159.3515,122.1216],[140.9102,157.7389,123.024],[141.2648,159.2108,123.2598],[141.6268,154.5873,126.2547],[142.1491,153.5395,125.911],[138.1014,153.7185,131.348],[137.5829,155.0491,131.5557],[139.6341,156.6427,127.9419],[140.8119,157.7895,125.8929],[145.5786,153.8174,123.2551],[148.7187,152.8905,124.8602],[147.7549,152.77,123.3893],[147.472,151.6234,124.7178],[146.2495,154.2529,129.0732],[144.9709,155.4505,128.8825],[146.6616,155.9213,128.5968],[144.0775,155.9627,126.7001],[142.4536,155.7121,120.3202],[143.6377,157.0247,120.364],[141.9494,158.6877,120.6766],[141.1745,157.5454,119.5917],[139.7787,154.8417,123.1775],[138.298,153.5269,125.3609],[136.9715,152.6345,127.0058],[134.6293,154.374,127.9001],[136.3148,154.5579,128.3895],[136.254,152.2949,129.454],[134.939,153.3017,130.0722],[134.0231,150.3476,127.4015],[135.7112,150.537,127.8863],[135.3778,151.416,125.577],[134.0501,152.4329,126.1432],[134.1861,154.8287,125.5973],[134.5385,156.3758,123.7167],[137.2706,156.9078,119.2154],[137.7899,159.326,122.0141],[136.6714,159.5611,120.6102],[135.8727,158.8547,123.5289],[133.5622,158.7167,122.5361],[134.244,160.3498,122.5581],[134.1932,159.4439,121.0425],[140.0727,157.5186,123.6855],[142.1584,159.5204,122.7077],[140.438,159.8604,122.9531],[141.4693,159.3992,124.3189],[137.9954,153.0688,132.1394],[136.9199,155.0515,132.4266],[138.3909,155.7619,131.7487],[136.9977,155.386,130.6947],[140.31573,154.11618,126.1071],[139.90356,153.36469,124.82901],[139.80971,154.3414,123.695496],[140.8984,154.56221,122.84372],[140.64813,155.46655,121.89981],[139.35995,155.82254,122.143326],[138.71373,156.78265,121.254295],[138.47382,156.18721,119.85875],[138.47717,157.26634,118.78493],[137.91231,158.46458,119.30608],[138.75372,159.09224,120.27554],[139.4897,158.09799,121.16801],[138.81009,155.17561,123.234566],[137.45569,155.36613,123.7295],[136.46239,154.42654,123.43473],[135.16333,154.60522,123.91294],[134.8534,155.72035,124.69072],[135.84146,156.65636,124.99422],[137.1411,156.47926,124.51684],[142.16748,153.83226,123.02566],[141.87137,152.3928,123.48869],[140.87268,152.2508,124.58834],[140.67847,150.99203,125.172775],[139.74745,150.76988,126.20467],[139.55682,149.51079,126.793465],[140.29906,148.42015,126.366005],[141.22845,148.59406,125.351685],[141.41083,149.85779,124.770706]]",PROJECTED,real512_o3a_zmatrix_pre_gflownet,not_trained
CAL-ANCHOR-000480,CC1CC1(c1ccccc1)c1noc(=O)[nH]1,SCAFFOLD_ANCHORED__CAL-ANCHOR-000480__EXIT_64__CUT_63__PHI_300,ALENI_CORE_MINUS_FRAG-A.CC1CC1(c1ccccc1)c1noc(=O)[nH]1>>SCAFFOLD_ANCHORED_RXN_AMIDE_COUPLING,CAL-ANCHOR-000480,ALENI_CORE_EXIT_64_CUT_63,0.6845867014929716,5.0,3.415786179098398,5.0,3.415786179098398,8.0,4,cryptic_rescue,300.0,zmatrix,true,6,6,campaigns/glp1r_aleniglipron/track_a_generative/ALENI-PARENT_6XOX_frame_o3a_relaxed.sdf,compact_pseudo_ligand_o3a,"[[140.7175,154.8487,127.3529],[140.3245,156.178,127.2565],[140.9153,156.7657,126.2094],[141.7323,155.8573,125.598],[142.4203,156.0754,124.4162],[142.0627,156.8304,123.307],[142.9126,156.3633,122.2747],[143.8222,155.4977,122.7096],[143.6236,155.4409,124.0597],[144.6688,154.9206,124.885],[145.6441,154.088,124.3084],[146.6994,153.5823,125.0794],[147.718,152.6625,124.4785],[146.7584,153.9094,126.4361],[147.758,153.4189,127.1856],[145.8078,154.7445,127.0305],[145.9316,155.1149,128.4775],[144.7742,155.2687,126.2404],[142.7151,156.6525,120.8219],[141.5715,157.6625,120.6056],[140.5137,157.4934,121.6182],[139.2847,156.966,121.2248],[138.9075,157.0176,120.054],[138.468,156.3427,122.2416],[138.8117,155.3277,123.1232],[137.6917,155.0423,123.9459],[137.4785,154.155,125.019],[136.2161,154.0811,125.6334],[136.0069,153.1158,126.7872],[135.5634,153.8258,128.0741],[135.3257,152.8039,129.1775],[134.3613,151.8346,128.7655],[134.7975,151.0861,127.6316],[135.0156,151.9986,126.432],[135.1773,154.8875,125.15],[135.3657,155.7744,124.0829],[136.64,155.8442,123.5037],[137.1377,156.6057,122.4696],[136.3264,157.6132,121.7046],[135.6319,157.0176,120.54],[134.3866,156.6892,120.5279],[134.1757,156.161,119.2127],[135.39,156.2319,118.5679],[135.6014,155.8627,117.4241],[136.2852,156.7706,119.4055],[136.8502,159.0486,121.5503],[135.6931,158.7935,122.4599],[134.3513,159.3515,122.1216],[140.9102,157.7389,123.024],[141.2648,159.2108,123.2598],[141.6268,154.5873,126.2547],[142.1491,153.5395,125.911],[138.1014,153.7185,131.348],[137.5829,155.0491,131.5557],[139.6341,156.6427,127.9419],[140.8119,157.7895,125.8929],[145.5786,153.8174,123.2551],[148.7187,152.8905,124.8602],[147.7549,152.77,123.3893],[147.472,151.6234,124.7178],[146.2495,154.2529,129.0732],[144.9709,155.4505,128.8825],[146.6616,155.9213,128.5968],[144.0775,155.9627,126.7001],[142.4536,155.7121,120.3202],[143.6377,157.0247,120.364],[141.9494,158.6877,120.6766],[141.1745,157.5454,119.5917],[139.7787,154.8417,123.1775],[138.298,153.5269,125.3609],[136.9715,152.6345,127.0058],[134.6293,154.374,127.9001],[136.3148,154.5579,128.3895],[136.254,152.2949,129.454],[134.939,153.3017,130.0722],[134.0231,150.3476,127.4015],[135.7112,150.537,127.8863],[135.3778,151.416,125.577],[134.0501,152.4329,126.1432],[134.1861,154.8287,125.5973],[134.5385,156.3758,123.7167],[137.2706,156.9078,119.2154],[137.7899,159.326,122.0141],[136.6714,159.5611,120.6102],[135.8727,158.8547,123.5289],[133.5622,158.7167,122.5361],[134.244,160.3498,122.5581],[134.1932,159.4439,121.0425],[140.0727,157.5186,123.6855],[142.1584,159.5204,122.7077],[140.438,159.8604,122.9531],[141.4693,159.3992,124.3189],[137.9954,153.0688,132.1394],[136.9199,155.0515,132.4266],[138.3909,155.7619,131.7487],[136.9977,155.386,130.6947],[139.46146,153.8033,130.72107],[140.81427,153.88763,130.09747],[140.94414,154.47446,128.72649],[141.28278,152.99623,128.93707],[140.34012,151.96057,128.32748],[139.7856,150.91927,129.09375],[138.94359,149.96078,128.52318],[138.64436,150.01695,127.16552],[139.18918,151.02751,126.37982],[140.02931,151.98363,126.95589],[142.72046,152.62354,128.91318],[143.56064,153.04573,128.03236],[144.8002,152.43361,128.40677],[144.53377,151.68022,129.52547],[145.34738,151.00844,130.13914],[143.23586,151.80885,129.83304]]",PROJECTED,real512_o3a_zmatrix_pre_gflownet,not_trained
CAL-ANCHOR-000178,CNC(=O)c1ccccc1,SCAFFOLD_ANCHORED__CAL-ANCHOR-000178__EXIT_10__CUT_9__PHI_0,ALENI_CORE_MINUS_FRAG-A.CNC(=O)c1ccccc1>>SCAFFOLD_ANCHORED_RXN_AMIDE_COUPLING,CAL-ANCHOR-000178,ALENI_CORE_EXIT_10_CUT_9,0.68398923862985,1.0,0.9480322841104505,1.0,0.9480322841104505,2.0,1,cryptic_rescue,0.0,zmatrix,true,6,1,campaigns/glp1r_aleniglipron/track_a_generative/ALENI-PARENT_6XOX_frame_o3a_relaxed.sdf,compact_pseudo_ligand_o3a,"[[140.7175,154.8487,127.3529],[140.3245,156.178,127.2565],[140.9153,156.7657,126.2094],[141.7323,155.8573,125.598],[142.4203,156.0754,124.4162],[142.0627,156.8304,123.307],[142.9126,156.3633,122.2747],[143.8222,155.4977,122.7096],[143.6236,155.4409,124.0597],[144.6688,154.9206,124.885],[145.6441,154.088,124.3084],[146.6994,153.5823,125.0794],[147.718,152.6625,124.4785],[146.7584,153.9094,126.4361],[147.758,153.4189,127.1856],[145.8078,154.7445,127.0305],[145.9316,155.1149,128.4775],[144.7742,155.2687,126.2404],[142.7151,156.6525,120.8219],[141.5715,157.6625,120.6056],[140.5137,157.4934,121.6182],[139.2847,156.966,121.2248],[138.9075,157.0176,120.054],[138.468,156.3427,122.2416],[138.8117,155.3277,123.1232],[137.6917,155.0423,123.9459],[137.4785,154.155,125.019],[136.2161,154.0811,125.6334],[136.0069,153.1158,126.7872],[135.5634,153.8258,128.0741],[135.3257,152.8039,129.1775],[134.3613,151.8346,128.7655],[134.7975,151.0861,127.6316],[135.0156,151.9986,126.432],[135.1773,154.8875,125.15],[135.3657,155.7744,124.0829],[136.64,155.8442,123.5037],[137.1377,156.6057,122.4696],[136.3264,157.6132,121.7046],[135.6319,157.0176,120.54],[134.3866,156.6892,120.5279],[134.1757,156.161,119.2127],[135.39,156.2319,118.5679],[135.6014,155.8627,117.4241],[136.2852,156.7706,119.4055],[136.8502,159.0486,121.5503],[135.6931,158.7935,122.4599],[134.3513,159.3515,122.1216],[140.9102,157.7389,123.024],[141.2648,159.2108,123.2598],[141.6268,154.5873,126.2547],[142.1491,153.5395,125.911],[138.1014,153.7185,131.348],[137.5829,155.0491,131.5557],[139.6341,156.6427,127.9419],[140.8119,157.7895,125.8929],[145.5786,153.8174,123.2551],[148.7187,152.8905,124.8602],[147.7549,152.77,123.3893],[147.472,151.6234,124.7178],[146.2495,154.2529,129.0732],[144.9709,155.4505,128.8825],[146.6616,155.9213,128.5968],[144.0775,155.9627,126.7001],[142.4536,155.7121,120.3202],[143.6377,157.0247,120.364],[141.9494,158.6877,120.6766],[141.1745,157.5454,119.5917],[139.7787,154.8417,123.1775],[138.298,153.5269,125.3609],[136.9715,152.6345,127.0058],[134.6293,154.374,127.9001],[136.3148,154.5579,128.3895],[136.254,152.2949,129.454],[134.939,153.3017,130.0722],[134.0231,150.3476,127.4015],[135.7112,150.537,127.8863],[135.3778,151.416,125.577],[134.0501,152.4329,126.1432],[134.1861,154.8287,125.5973],[134.5385,156.3758,123.7167],[137.2706,156.9078,119.2154],[137.7899,159.326,122.0141],[136.6714,159.5611,120.6102],[135.8727,158.8547,123.5289],[133.5622,158.7167,122.5361],[134.244,160.3498,122.5581],[134.1932,159.4439,121.0425],[140.0727,157.5186,123.6855],[142.1584,159.5204,122.7077],[140.438,159.8604,122.9531],[141.4693,159.3992,124.3189],[137.9954,153.0688,132.1394],[136.9199,155.0515,132.4266],[138.3909,155.7619,131.7487],[136.9977,155.386,130.6947],[140.05467,154.21544,128.54018],[139.41814,153.60732,129.68034],[138.68857,152.44432,129.54683],[138.55917,151.8493,128.48282],[138.07631,151.89871,130.78996],[137.8705,150.5159,130.8768],[137.2993,149.9608,132.02313],[136.92245,150.78525,133.08257],[137.10822,152.16507,132.9955],[137.68066,152.72473,131.8503]]",PROJECTED,real512_o3a_zmatrix_pre_gflownet,not_trained
CAL-ANCHOR-000421,O=c1[nH]c(-n2c(-c3ccccc3)cc3cc(-c4ccc(O)cc4)ccc32)no1,SCAFFOLD_ANCHORED__CAL-ANCHOR-000421__EXIT_10__CUT_9__PHI_180,ALENI_CORE_MINUS_FRAG-A.O=c1[nH]c(-n2c(-c3ccccc3)cc3cc(-c4ccc(O)cc4)ccc32)no1>>SCAFFOLD_ANCHORED_RXN_AMIDE_COUPLING,CAL-ANCHOR-000421,ALENI_CORE_EXIT_10_CUT_9,0.6737545124258782,3.0,1.588700363315339,3.0,1.588700363315339,6.0,3,normal,180.0,zmatrix,true,6,4,campaigns/glp1r_aleniglipron/track_a_generative/ALENI-PARENT_6XOX_frame_o3a_relaxed.sdf,compact_pseudo_ligand_o3a,"[[140.7175,154.8487,127.3529],[140.3245,156.178,127.2565],[140.9153,156.7657,126.2094],[141.7323,155.8573,125.598],[142.4203,156.0754,124.4162],[142.0627,156.8304,123.307],[142.9126,156.3633,122.2747],[143.8222,155.4977,122.7096],[143.6236,155.4409,124.0597],[144.6688,154.9206,124.885],[145.6441,154.088,124.3084],[146.6994,153.5823,125.0794],[147.718,152.6625,124.4785],[146.7584,153.9094,126.4361],[147.758,153.4189,127.1856],[145.8078,154.7445,127.0305],[145.9316,155.1149,128.4775],[144.7742,155.2687,126.2404],[142.7151,156.6525,120.8219],[141.5715,157.6625,120.6056],[140.5137,157.4934,121.6182],[139.2847,156.966,121.2248],[138.9075,157.0176,120.054],[138.468,156.3427,122.2416],[138.8117,155.3277,123.1232],[137.6917,155.0423,123.9459],[137.4785,154.155,125.019],[136.2161,154.0811,125.6334],[136.0069,153.1158,126.7872],[135.5634,153.8258,128.0741],[135.3257,152.8039,129.1775],[134.3613,151.8346,128.7655],[134.7975,151.0861,127.6316],[135.0156,151.9986,126.432],[135.1773,154.8875,125.15],[135.3657,155.7744,124.0829],[136.64,155.8442,123.5037],[137.1377,156.6057,122.4696],[136.3264,157.6132,121.7046],[135.6319,157.0176,120.54],[134.3866,156.6892,120.5279],[134.1757,156.161,119.2127],[135.39,156.2319,118.5679],[135.6014,155.8627,117.4241],[136.2852,156.7706,119.4055],[136.8502,159.0486,121.5503],[135.6931,158.7935,122.4599],[134.3513,159.3515,122.1216],[140.9102,157.7389,123.024],[141.2648,159.2108,123.2598],[141.6268,154.5873,126.2547],[142.1491,153.5395,125.911],[138.1014,153.7185,131.348],[137.5829,155.0491,131.5557],[139.6341,156.6427,127.9419],[140.8119,157.7895,125.8929],[145.5786,153.8174,123.2551],[148.7187,152.8905,124.8602],[147.7549,152.77,123.3893],[147.472,151.6234,124.7178],[146.2495,154.2529,129.0732],[144.9709,155.4505,128.8825],[146.6616,155.9213,128.5968],[144.0775,155.9627,126.7001],[142.4536,155.7121,120.3202],[143.6377,157.0247,120.364],[141.9494,158.6877,120.6766],[141.1745,157.5454,119.5917],[139.7787,154.8417,123.1775],[138.298,153.5269,125.3609],[136.9715,152.6345,127.0058],[134.6293,154.374,127.9001],[136.3148,154.5579,128.3895],[136.254,152.2949,129.454],[134.939,153.3017,130.0722],[134.0231,150.3476,127.4015],[135.7112,150.537,127.8863],[135.3778,151.416,125.577],[134.0501,152.4329,126.1432],[134.1861,154.8287,125.5973],[134.5385,156.3758,123.7167],[137.2706,156.9078,119.2154],[137.7899,159.326,122.0141],[136.6714,159.5611,120.6102],[135.8727,158.8547,123.5289],[133.5622,158.7167,122.5361],[134.244,160.3498,122.5581],[134.1932,159.4439,121.0425],[140.0727,157.5186,123.6855],[142.1584,159.5204,122.7077],[140.438,159.8604,122.9531],[141.4693,159.3992,124.3189],[137.9954,153.0688,132.1394],[136.9199,155.0515,132.4266],[138.3909,155.7619,131.7487],[136.9977,155.386,130.6947],[141.66356,154.52394,126.235085],[142.4332,154.25975,125.32574],[142.40424,154.80293,124.0999],[143.40117,154.22676,123.42344],[143.55849,154.60239,122.08116],[144.12453,153.80518,121.08208],[144.71031,152.4829,121.29123],[143.95901,151.33078,121.030914],[144.5255,150.06708,121.20864],[145.84589,149.94891,121.64055],[146.60231,151.09277,121.89251],[146.038,152.3574,121.7147],[143.91316,154.43036,119.868835],[143.33008,155.69247,120.11082],[142.95465,156.7563,119.2632],[142.46194,157.96063,119.79315],[142.07718,159.073,118.9089],[140.7991,159.65382,118.99136],[140.42899,160.71004,118.15251],[141.3407,161.19458,117.2225],[141.02463,162.22197,116.384575],[142.60979,160.64174,117.11905],[142.97571,159.58585,117.957794],[142.3735,158.08324,121.18368],[142.73125,157.03824,122.04698],[143.17133,155.81992,121.492584],[144.06773,153.34863,124.088524],[143.4636,153.35326,125.38618]]",PROJECTED,real512_o3a_zmatrix_pre_gflownet,not_trained
CAL-ANCHOR-000487,Cc1cc(NC2(c3ccccc3)CC2C)cc(C)c1F,SCAFFOLD_ANCHORED__CAL-ANCHOR-000487__EXIT_10__CUT_9__PHI_120,ALENI_CORE_MINUS_FRAG-A.Cc1cc(NC2(c3ccccc3)CC2C)cc(C)c1F>>SCAFFOLD_ANCHORED_RXN_AMIDE_COUPLING,CAL-ANCHOR-000487,ALENI_CORE_EXIT_10_CUT_9,0.6734308860826594,3.0,1.612552911338725,3.0,1.612552911338725,4.0,2,normal,120.0,zmatrix,true,6,3,campaigns/glp1r_aleniglipron/track_a_generative/ALENI-PARENT_6XOX_frame_o3a_relaxed.sdf,compact_pseudo_ligand_o3a,"[[140.7175,154.8487,127.3529],[140.3245,156.178,127.2565],[140.9153,156.7657,126.2094],[141.7323,155.8573,125.598],[142.4203,156.0754,124.4162],[142.0627,156.8304,123.307],[142.9126,156.3633,122.2747],[143.8222,155.4977,122.7096],[143.6236,155.4409,124.0597],[144.6688,154.9206,124.885],[145.6441,154.088,124.3084],[146.6994,153.5823,125.0794],[147.718,152.6625,124.4785],[146.7584,153.9094,126.4361],[147.758,153.4189,127.1856],[145.8078,154.7445,127.0305],[145.9316,155.1149,128.4775],[144.7742,155.2687,126.2404],[142.7151,156.6525,120.8219],[141.5715,157.6625,120.6056],[140.5137,157.4934,121.6182],[139.2847,156.966,121.2248],[138.9075,157.0176,120.054],[138.468,156.3427,122.2416],[138.8117,155.3277,123.1232],[137.6917,155.0423,123.9459],[137.4785,154.155,125.019],[136.2161,154.0811,125.6334],[136.0069,153.1158,126.7872],[135.5634,153.8258,128.0741],[135.3257,152.8039,129.1775],[134.3613,151.8346,128.7655],[134.7975,151.0861,127.6316],[135.0156,151.9986,126.432],[135.1773,154.8875,125.15],[135.3657,155.7744,124.0829],[136.64,155.8442,123.5037],[137.1377,156.6057,122.4696],[136.3264,157.6132,121.7046],[135.6319,157.0176,120.54],[134.3866,156.6892,120.5279],[134.1757,156.161,119.2127],[135.39,156.2319,118.5679],[135.6014,155.8627,117.4241],[136.2852,156.7706,119.4055],[136.8502,159.0486,121.5503],[135.6931,158.7935,122.4599],[134.3513,159.3515,122.1216],[140.9102,157.7389,123.024],[141.2648,159.2108,123.2598],[141.6268,154.5873,126.2547],[142.1491,153.5395,125.911],[138.1014,153.7185,131.348],[137.5829,155.0491,131.5557],[139.6341,156.6427,127.9419],[140.8119,157.7895,125.8929],[145.5786,153.8174,123.2551],[148.7187,152.8905,124.8602],[147.7549,152.77,123.3893],[147.472,151.6234,124.7178],[146.2495,154.2529,129.0732],[144.9709,155.4505,128.8825],[146.6616,155.9213,128.5968],[144.0775,155.9627,126.7001],[142.4536,155.7121,120.3202],[143.6377,157.0247,120.364],[141.9494,158.6877,120.6766],[141.1745,157.5454,119.5917],[139.7787,154.8417,123.1775],[138.298,153.5269,125.3609],[136.9715,152.6345,127.0058],[134.6293,154.374,127.9001],[136.3148,154.5579,128.3895],[136.254,152.2949,129.454],[134.939,153.3017,130.0722],[134.0231,150.3476,127.4015],[135.7112,150.537,127.8863],[135.3778,151.416,125.577],[134.0501,152.4329,126.1432],[134.1861,154.8287,125.5973],[134.5385,156.3758,123.7167],[137.2706,156.9078,119.2154],[137.7899,159.326,122.0141],[136.6714,159.5611,120.6102],[135.8727,158.8547,123.5289],[133.5622,158.7167,122.5361],[134.244,160.3498,122.5581],[134.1932,159.4439,121.0425],[140.0727,157.5186,123.6855],[142.1584,159.5204,122.7077],[140.438,159.8604,122.9531],[141.4693,159.3992,124.3189],[137.9954,153.0688,132.1394],[136.9199,155.0515,132.4266],[138.3909,155.7619,131.7487],[136.9977,155.386,130.6947],[140.31573,154.11618,126.1071],[139.91449,153.3846,124.86291],[140.64043,153.53922,123.67192],[140.30338,152.82977,122.51323],[140.98692,152.9723,121.29415],[142.20259,153.77367,121.072556],[143.4888,152.9707,121.27141],[144.14435,152.9107,122.51381],[145.31145,152.16232,122.694],[145.84927,151.44463,121.6306],[145.21745,151.4714,120.39174],[144.05048,152.22147,120.219574],[142.16402,154.71875,119.870384],[142.16776,155.28783,121.2516],[143.33943,156.08586,121.71378],[139.19815,151.96396,122.565926],[138.4561,151.79143,123.7433],[137.30833,150.83063,123.79743],[138.83965,152.4953,124.88485],[138.15843,152.31575,126.02724]]",PROJECTED,real512_o3a_zmatrix_pre_gflownet,not_trained
CAL-ANCHOR-000115,C[C@@H]1c2c(nn(-c3ccccc3)c2C(=O)O)CCN1c1ccccc1,SCAFFOLD_ANCHORED__CAL-ANCHOR-000115__EXIT_10__CUT_9__PHI_120,ALENI_CORE_MINUS_FRAG-A.C[C@@H]1c2c(nn(-c3ccccc3)c2C(=O)O)CCN1c1ccccc1>>SCAFFOLD_ANCHORED_RXN_AMIDE_COUPLING,CAL-ANCHOR-000115,ALENI_CORE_EXIT_10_CUT_9,0.6680599925255138,4.0,1.9874600672703755,4.0,1.9874600672703755,4.0,2,normal,120.0,zmatrix,true,6,3,campaigns/glp1r_aleniglipron/track_a_generative/ALENI-PARENT_6XOX_frame_o3a_relaxed.sdf,compact_pseudo_ligand_o3a,"[[140.7175,154.8487,127.3529],[140.3245,156.178,127.2565],[140.9153,156.7657,126.2094],[141.7323,155.8573,125.598],[142.4203,156.0754,124.4162],[142.0627,156.8304,123.307],[142.9126,156.3633,122.2747],[143.8222,155.4977,122.7096],[143.6236,155.4409,124.0597],[144.6688,154.9206,124.885],[145.6441,154.088,124.3084],[146.6994,153.5823,125.0794],[147.718,152.6625,124.4785],[146.7584,153.9094,126.4361],[147.758,153.4189,127.1856],[145.8078,154.7445,127.0305],[145.9316,155.1149,128.4775],[144.7742,155.2687,126.2404],[142.7151,156.6525,120.8219],[141.5715,157.6625,120.6056],[140.5137,157.4934,121.6182],[139.2847,156.966,121.2248],[138.9075,157.0176,120.054],[138.468,156.3427,122.2416],[138.8117,155.3277,123.1232],[137.6917,155.0423,123.9459],[137.4785,154.155,125.019],[136.2161,154.0811,125.6334],[136.0069,153.1158,126.7872],[135.5634,153.8258,128.0741],[135.3257,152.8039,129.1775],[134.3613,151.8346,128.7655],[134.7975,151.0861,127.6316],[135.0156,151.9986,126.432],[135.1773,154.8875,125.15],[135.3657,155.7744,124.0829],[136.64,155.8442,123.5037],[137.1377,156.6057,122.4696],[136.3264,157.6132,121.7046],[135.6319,157.0176,120.54],[134.3866,156.6892,120.5279],[134.1757,156.161,119.2127],[135.39,156.2319,118.5679],[135.6014,155.8627,117.4241],[136.2852,156.7706,119.4055],[136.8502,159.0486,121.5503],[135.6931,158.7935,122.4599],[134.3513,159.3515,122.1216],[140.9102,157.7389,123.024],[141.2648,159.2108,123.2598],[141.6268,154.5873,126.2547],[142.1491,153.5395,125.911],[138.1014,153.7185,131.348],[137.5829,155.0491,131.5557],[139.6341,156.6427,127.9419],[140.8119,157.7895,125.8929],[145.5786,153.8174,123.2551],[148.7187,152.8905,124.8602],[147.7549,152.77,123.3893],[147.472,151.6234,124.7178],[146.2495,154.2529,129.0732],[144.9709,155.4505,128.8825],[146.6616,155.9213,128.5968],[144.0775,155.9627,126.7001],[142.4536,155.7121,120.3202],[143.6377,157.0247,120.364],[141.9494,158.6877,120.6766],[141.1745,157.5454,119.5917],[139.7787,154.8417,123.1775],[138.298,153.5269,125.3609],[136.9715,152.6345,127.0058],[134.6293,154.374,127.9001],[136.3148,154.5579,128.3895],[136.254,152.2949,129.454],[134.939,153.3017,130.0722],[134.0231,150.3476,127.4015],[135.7112,150.537,127.8863],[135.3778,151.416,125.577],[134.0501,152.4329,126.1432],[134.1861,154.8287,125.5973],[134.5385,156.3758,123.7167],[137.2706,156.9078,119.2154],[137.7899,159.326,122.0141],[136.6714,159.5611,120.6102],[135.8727,158.8547,123.5289],[133.5622,158.7167,122.5361],[134.244,160.3498,122.5581],[134.1932,159.4439,121.0425],[140.0727,157.5186,123.6855],[142.1584,159.5204,122.7077],[140.438,159.8604,122.9531],[141.4693,159.3992,124.3189],[137.9954,153.0688,132.1394],[136.9199,155.0515,132.4266],[138.3909,155.7619,131.7487],[136.9977,155.386,130.6947],[140.31573,154.11618,126.1071],[139.9045,153.3664,124.8319],[138.90028,152.27757,125.127396],[139.23647,150.91693,125.01745],[138.2483,150.11687,125.40005],[137.18704,150.95407,125.61608],[135.893,150.36479,125.77539],[134.71022,151.07576,125.542175],[133.4679,150.44933,125.69409],[133.39471,149.10825,126.06347],[134.56416,148.38339,126.27154],[135.80658,149.00414,126.121155],[137.58318,152.29213,125.57497],[136.79735,153.41495,125.98288],[135.90817,153.46611,126.81681],[137.15749,154.53737,125.324905],[140.5603,150.42342,124.54778],[141.6181,151.52605,124.72076],[141.13583,152.82002,124.190674],[141.63196,153.36832,123.0181],[142.23398,152.58456,122.02054],[142.73532,153.1429,120.83743],[142.64961,154.51216,120.62108],[142.06226,155.31758,121.587875],[141.56241,154.74896,122.76614]]",PROJECTED,real512_o3a_zmatrix_pre_gflownet,not_trained
CAL-ANCHOR-000074,CNc1c2c(nn1C1CCOCC1)CCN(c1ccccc1)C2C,SCAFFOLD_ANCHORED__CAL-ANCHOR-000074__EXIT_10__CUT_9__PHI_180,ALENI_CORE_MINUS_FRAG-A.CNc1c2c(nn1C1CCOCC1)CCN(c1ccccc1)C2C>>SCAFFOLD_ANCHORED_RXN_AMIDE_COUPLING,CAL-ANCHOR-000074,ALENI_CORE_EXIT_10_CUT_9,0.6625,1.0,0.35,1.0,0.35,2.0,1,cryptic_rescue,180.0,zmatrix,true,6,4,campaigns/glp1r_aleniglipron/track_a_generative/ALENI-PARENT_6XOX_frame_o3a_relaxed.sdf,compact_pseudo_ligand_o3a,"[[140.7175,154.8487,127.3529],[140.3245,156.178,127.2565],[140.9153,156.7657,126.2094],[141.7323,155.8573,125.598],[142.4203,156.0754,124.4162],[142.0627,156.8304,123.307],[142.9126,156.3633,122.2747],[143.8222,155.4977,122.7096],[143.6236,155.4409,124.0597],[144.6688,154.9206,124.885],[145.6441,154.088,124.3084],[146.6994,153.5823,125.0794],[147.718,152.6625,124.4785],[146.7584,153.9094,126.4361],[147.758,153.4189,127.1856],[145.8078,154.7445,127.0305],[145.9316,155.1149,128.4775],[144.7742,155.2687,126.2404],[142.7151,156.6525,120.8219],[141.5715,157.6625,120.6056],[140.5137,157.4934,121.6182],[139.2847,156.966,121.2248],[138.9075,157.0176,120.054],[138.468,156.3427,122.2416],[138.8117,155.3277,123.1232],[137.6917,155.0423,123.9459],[137.4785,154.155,125.019],[136.2161,154.0811,125.6334],[136.0069,153.1158,126.7872],[135.5634,153.8258,128.0741],[135.3257,152.8039,129.1775],[134.3613,151.8346,128.7655],[134.7975,151.0861,127.6316],[135.0156,151.9986,126.432],[135.1773,154.8875,125.15],[135.3657,155.7744,124.0829],[136.64,155.8442,123.5037],[137.1377,156.6057,122.4696],[136.3264,157.6132,121.7046],[135.6319,157.0176,120.54],[134.3866,156.6892,120.5279],[134.1757,156.161,119.2127],[135.39,156.2319,118.5679],[135.6014,155.8627,117.4241],[136.2852,156.7706,119.4055],[136.8502,159.0486,121.5503],[135.6931,158.7935,122.4599],[134.3513,159.3515,122.1216],[140.9102,157.7389,123.024],[141.2648,159.2108,123.2598],[141.6268,154.5873,126.2547],[142.1491,153.5395,125.911],[138.1014,153.7185,131.348],[137.5829,155.0491,131.5557],[139.6341,156.6427,127.9419],[140.8119,157.7895,125.8929],[145.5786,153.8174,123.2551],[148.7187,152.8905,124.8602],[147.7549,152.77,123.3893],[147.472,151.6234,124.7178],[146.2495,154.2529,129.0732],[144.9709,155.4505,128.8825],[146.6616,155.9213,128.5968],[144.0775,155.9627,126.7001],[142.4536,155.7121,120.3202],[143.6377,157.0247,120.364],[141.9494,158.6877,120.6766],[141.1745,157.5454,119.5917],[139.7787,154.8417,123.1775],[138.298,153.5269,125.3609],[136.9715,152.6345,127.0058],[134.6293,154.374,127.9001],[136.3148,154.5579,128.3895],[136.254,152.2949,129.454],[134.939,153.3017,130.0722],[134.0231,150.3476,127.4015],[135.7112,150.537,127.8863],[135.3778,151.416,125.577],[134.0501,152.4329,126.1432],[134.1861,154.8287,125.5973],[134.5385,156.3758,123.7167],[137.2706,156.9078,119.2154],[137.7899,159.326,122.0141],[136.6714,159.5611,120.6102],[135.8727,158.8547,123.5289],[133.5622,158.7167,122.5361],[134.244,160.3498,122.5581],[134.1932,159.4439,121.0425],[140.0727,157.5186,123.6855],[142.1584,159.5204,122.7077],[140.438,159.8604,122.9531],[141.4693,159.3992,124.3189],[137.9954,153.0688,132.1394],[136.9199,155.0515,132.4266],[138.3909,155.7619,131.7487],[136.9977,155.386,130.6947],[141.66356,154.52394,126.235085],[142.57709,154.21034,125.15569],[142.78029,155.02168,124.08388],[143.97194,155.32256,123.45334],[143.63007,156.2189,122.4241],[142.32631,156.4842,122.38393],[141.80624,155.69075,123.35282],[140.35266,155.5498,123.43252],[139.7109,156.72124,124.18347],[139.46222,157.91394,123.2728],[138.67609,157.51529,122.15193],[139.38768,156.60321,121.31619],[139.68423,155.31201,122.06689],[144.61487,156.78055,121.46817],[146.03772,156.72083,122.053825],[146.33617,155.40036,122.64971],[147.61263,154.85863,122.56196],[147.81259,153.46933,122.57483],[149.0916,152.90672,122.49266],[150.20856,153.72787,122.395],[150.04242,155.10768,122.37593],[148.7592,155.66156,122.45612],[145.39417,154.90686,123.699585],[145.87367,155.40161,125.07454]]",PROJECTED,real512_o3a_zmatrix_pre_gflownet,not_trained
CAL-ANCHOR-000374,C[C@H]1c2c(nn(-c3ccccc3)c2C(=O)O)CCN1C1CCOCC1,SCAFFOLD_ANCHORED__CAL-ANCHOR-000374__EXIT_10__CUT_9__PHI_120,ALENI_CORE_MINUS_FRAG-A.C[C@H]1c2c(nn(-c3ccccc3)c2C(=O)O)CCN1C1CCOCC1>>SCAFFOLD_ANCHORED_RXN_AMIDE_COUPLING,CAL-ANCHOR-000374,ALENI_CORE_EXIT_10_CUT_9,0.6539930819763321,4.0,2.8440968523313512,4.0,2.8440968523313512,8.0,4,cryptic_rescue,120.0,zmatrix,true,6,3,campaigns/glp1r_aleniglipron/track_a_generative/ALENI-PARENT_6XOX_frame_o3a_relaxed.sdf,compact_pseudo_ligand_o3a,"[[140.7175,154.8487,127.3529],[140.3245,156.178,127.2565],[140.9153,156.7657,126.2094],[141.7323,155.8573,125.598],[142.4203,156.0754,124.4162],[142.0627,156.8304,123.307],[142.9126,156.3633,122.2747],[143.8222,155.4977,122.7096],[143.6236,155.4409,124.0597],[144.6688,154.9206,124.885],[145.6441,154.088,124.3084],[146.6994,153.5823,125.0794],[147.718,152.6625,124.4785],[146.7584,153.9094,126.4361],[147.758,153.4189,127.1856],[145.8078,154.7445,127.0305],[145.9316,155.1149,128.4775],[144.7742,155.2687,126.2404],[142.7151,156.6525,120.8219],[141.5715,157.6625,120.6056],[140.5137,157.4934,121.6182],[139.2847,156.966,121.2248],[138.9075,157.0176,120.054],[138.468,156.3427,122.2416],[138.8117,155.3277,123.1232],[137.6917,155.0423,123.9459],[137.4785,154.155,125.019],[136.2161,154.0811,125.6334],[136.0069,153.1158,126.7872],[135.5634,153.8258,128.0741],[135.3257,152.8039,129.1775],[134.3613,151.8346,128.7655],[134.7975,151.0861,127.6316],[135.0156,151.9986,126.432],[135.1773,154.8875,125.15],[135.3657,155.7744,124.0829],[136.64,155.8442,123.5037],[137.1377,156.6057,122.4696],[136.3264,157.6132,121.7046],[135.6319,157.0176,120.54],[134.3866,156.6892,120.5279],[134.1757,156.161,119.2127],[135.39,156.2319,118.5679],[135.6014,155.8627,117.4241],[136.2852,156.7706,119.4055],[136.8502,159.0486,121.5503],[135.6931,158.7935,122.4599],[134.3513,159.3515,122.1216],[140.9102,157.7389,123.024],[141.2648,159.2108,123.2598],[141.6268,154.5873,126.2547],[142.1491,153.5395,125.911],[138.1014,153.7185,131.348],[137.5829,155.0491,131.5557],[139.6341,156.6427,127.9419],[140.8119,157.7895,125.8929],[145.5786,153.8174,123.2551],[148.7187,152.8905,124.8602],[147.7549,152.77,123.3893],[147.472,151.6234,124.7178],[146.2495,154.2529,129.0732],[144.9709,155.4505,128.8825],[146.6616,155.9213,128.5968],[144.0775,155.9627,126.7001],[142.4536,155.7121,120.3202],[143.6377,157.0247,120.364],[141.9494,158.6877,120.6766],[141.1745,157.5454,119.5917],[139.7787,154.8417,123.1775],[138.298,153.5269,125.3609],[136.9715,152.6345,127.0058],[134.6293,154.374,127.9001],[136.3148,154.5579,128.3895],[136.254,152.2949,129.454],[134.939,153.3017,130.0722],[134.0231,150.3476,127.4015],[135.7112,150.537,127.8863],[135.3778,151.416,125.577],[134.0501,152.4329,126.1432],[134.1861,154.8287,125.5973],[134.5385,156.3758,123.7167],[137.2706,156.9078,119.2154],[137.7899,159.326,122.0141],[136.6714,159.5611,120.6102],[135.8727,158.8547,123.5289],[133.5622,158.7167,122.5361],[134.244,160.3498,122.5581],[134.1932,159.4439,121.0425],[140.0727,157.5186,123.6855],[142.1584,159.5204,122.7077],[140.438,159.8604,122.9531],[141.4693,159.3992,124.3189],[137.9954,153.0688,132.1394],[136.9199,155.0515,132.4266],[138.3909,155.7619,131.7487],[136.9977,155.386,130.6947],[140.31573,154.11618,126.1071],[139.90706,153.37105,124.839836],[139.36623,151.97653,124.98464],[138.69966,151.3452,123.914406],[138.25491,150.13307,124.22424],[138.73604,149.90102,125.481895],[138.62451,148.57948,126.02081],[137.72379,147.67906,125.42492],[137.58823,146.37766,125.91409],[138.35945,145.9555,126.99288],[139.27307,146.83052,127.57613],[139.41205,148.13611,127.09155],[139.3236,151.04643,126.014595],[139.7595,151.20497,127.36052],[140.86298,151.53749,127.76029],[138.74956,150.98666,128.22507],[138.42795,152.00363,122.6074],[139.04019,153.42705,122.57874],[139.04413,154.14395,123.89547],[137.65727,154.51532,124.295975],[137.25542,155.79858,123.53349],[135.82918,156.21608,123.86986],[135.66513,156.39934,125.2723],[135.92671,155.20222,125.997635],[137.36751,154.74983,125.788025]]",PROJECTED,real512_o3a_zmatrix_pre_gflownet,not_trained
CAL-ANCHOR-000447,C[C@@H]1c2c(nn(C3CCOCC3)c2-c2ccccc2)CCN1c1ccc(O)cc1,SCAFFOLD_ANCHORED__CAL-ANCHOR-000447__EXIT_10__CUT_9__PHI_120,ALENI_CORE_MINUS_FRAG-A.C[C@@H]1c2c(nn(C3CCOCC3)c2-c2ccccc2)CCN1c1ccc(O)cc1>>SCAFFOLD_ANCHORED_RXN_AMIDE_COUPLING,CAL-ANCHOR-000447,ALENI_CORE_EXIT_10_CUT_9,0.6503476048650751,2.0,1.4475667659444742,2.0,1.4475667659444742,4.0,2,normal,120.0,zmatrix,true,6,3,campaigns/glp1r_aleniglipron/track_a_generative/ALENI-PARENT_6XOX_frame_o3a_relaxed.sdf,compact_pseudo_ligand_o3a,"[[140.7175,154.8487,127.3529],[140.3245,156.178,127.2565],[140.9153,156.7657,126.2094],[141.7323,155.8573,125.598],[142.4203,156.0754,124.4162],[142.0627,156.8304,123.307],[142.9126,156.3633,122.2747],[143.8222,155.4977,122.7096],[143.6236,155.4409,124.0597],[144.6688,154.9206,124.885],[145.6441,154.088,124.3084],[146.6994,153.5823,125.0794],[147.718,152.6625,124.4785],[146.7584,153.9094,126.4361],[147.758,153.4189,127.1856],[145.8078,154.7445,127.0305],[145.9316,155.1149,128.4775],[144.7742,155.2687,126.2404],[142.7151,156.6525,120.8219],[141.5715,157.6625,120.6056],[140.5137,157.4934,121.6182],[139.2847,156.966,121.2248],[138.9075,157.0176,120.054],[138.468,156.3427,122.2416],[138.8117,155.3277,123.1232],[137.6917,155.0423,123.9459],[137.4785,154.155,125.019],[136.2161,154.0811,125.6334],[136.0069,153.1158,126.7872],[135.5634,153.8258,128.0741],[135.3257,152.8039,129.1775],[134.3613,151.8346,128.7655],[134.7975,151.0861,127.6316],[135.0156,151.9986,126.432],[135.1773,154.8875,125.15],[135.3657,155.7744,124.0829],[136.64,155.8442,123.5037],[137.1377,156.6057,122.4696],[136.3264,157.6132,121.7046],[135.6319,157.0176,120.54],[134.3866,156.6892,120.5279],[134.1757,156.161,119.2127],[135.39,156.2319,118.5679],[135.6014,155.8627,117.4241],[136.2852,156.7706,119.4055],[136.8502,159.0486,121.5503],[135.6931,158.7935,122.4599],[134.3513,159.3515,122.1216],[140.9102,157.7389,123.024],[141.2648,159.2108,123.2598],[141.6268,154.5873,126.2547],[142.1491,153.5395,125.911],[138.1014,153.7185,131.348],[137.5829,155.0491,131.5557],[139.6341,156.6427,127.9419],[140.8119,157.7895,125.8929],[145.5786,153.8174,123.2551],[148.7187,152.8905,124.8602],[147.7549,152.77,123.3893],[147.472,151.6234,124.7178],[146.2495,154.2529,129.0732],[144.9709,155.4505,128.8825],[146.6616,155.9213,128.5968],[144.0775,155.9627,126.7001],[142.4536,155.7121,120.3202],[143.6377,157.0247,120.364],[141.9494,158.6877,120.6766],[141.1745,157.5454,119.5917],[139.7787,154.8417,123.1775],[138.298,153.5269,125.3609],[136.9715,152.6345,127.0058],[134.6293,154.374,127.9001],[136.3148,154.5579,128.3895],[136.254,152.2949,129.454],[134.939,153.3017,130.0722],[134.0231,150.3476,127.4015],[135.7112,150.537,127.8863],[135.3778,151.416,125.577],[134.0501,152.4329,126.1432],[134.1861,154.8287,125.5973],[134.5385,156.3758,123.7167],[137.2706,156.9078,119.2154],[137.7899,159.326,122.0141],[136.6714,159.5611,120.6102],[135.8727,158.8547,123.5289],[133.5622,158.7167,122.5361],[134.244,160.3498,122.5581],[134.1932,159.4439,121.0425],[140.0727,157.5186,123.6855],[142.1584,159.5204,122.7077],[140.438,159.8604,122.9531],[141.4693,159.3992,124.3189],[137.9954,153.0688,132.1394],[136.9199,155.0515,132.4266],[138.3909,155.7619,131.7487],[136.9977,155.386,130.6947],[140.31573,154.11618,126.1071],[139.90407,153.36562,124.83062],[139.24483,154.29825,123.852425],[137.89566,154.15851,123.478775],[137.50546,155.08255,122.602356],[138.62183,155.81548,122.38696],[138.59497,156.89748,121.39984],[138.7,156.35683,119.969376],[137.34727,155.93074,119.42015],[136.41936,157.00998,119.51779],[136.14102,157.33806,120.87827],[137.39821,157.84407,121.573],[139.70912,155.37949,123.1241],[141.04509,155.95496,123.05993],[142.04726,155.31795,122.32049],[143.33014,155.86452,122.26004],[143.61766,157.04669,122.94132],[142.62479,157.68268,123.68564],[141.34122,157.13776,123.74685],[137.02272,153.06523,123.96978],[137.57454,152.4753,125.28113],[139.02888,152.21283,125.20465],[139.58263,151.10791,125.83968],[138.99727,150.53073,126.97925],[139.56297,149.42126,127.62055],[140.73212,148.86751,127.120735],[141.31975,147.78822,127.70875],[141.33641,149.4052,125.996254],[140.76341,150.51459,125.364685]]",PROJECTED,real512_o3a_zmatrix_pre_gflownet,not_trained
CAL-ANCHOR-000283,Cc1cc(C2(n3ccn(-c4ccccc4)c3=O)CC2C)cc(C)c1F,SCAFFOLD_ANCHORED__CAL-ANCHOR-000283__EXIT_10__CUT_9__PHI_0,ALENI_CORE_MINUS_FRAG-A.Cc1cc(C2(n3ccn(-c4ccccc4)c3=O)CC2C)cc(C)c1F>>SCAFFOLD_ANCHORED_RXN_AMIDE_COUPLING,CAL-ANCHOR-000283,ALENI_CORE_EXIT_10_CUT_9,0.6464958258887121,4.0,2.2420500893354545,4.0,2.2420500893354545,6.0,3,normal,0.0,zmatrix,true,6,1,campaigns/glp1r_aleniglipron/track_a_generative/ALENI-PARENT_6XOX_frame_o3a_relaxed.sdf,compact_pseudo_ligand_o3a,"[[140.7175,154.8487,127.3529],[140.3245,156.178,127.2565],[140.9153,156.7657,126.2094],[141.7323,155.8573,125.598],[142.4203,156.0754,124.4162],[142.0627,156.8304,123.307],[142.9126,156.3633,122.2747],[143.8222,155.4977,122.7096],[143.6236,155.4409,124.0597],[144.6688,154.9206,124.885],[145.6441,154.088,124.3084],[146.6994,153.5823,125.0794],[147.718,152.6625,124.4785],[146.7584,153.9094,126.4361],[147.758,153.4189,127.1856],[145.8078,154.7445,127.0305],[145.9316,155.1149,128.4775],[144.7742,155.2687,126.2404],[142.7151,156.6525,120.8219],[141.5715,157.6625,120.6056],[140.5137,157.4934,121.6182],[139.2847,156.966,121.2248],[138.9075,157.0176,120.054],[138.468,156.3427,122.2416],[138.8117,155.3277,123.1232],[137.6917,155.0423,123.9459],[137.4785,154.155,125.019],[136.2161,154.0811,125.6334],[136.0069,153.1158,126.7872],[135.5634,153.8258,128.0741],[135.3257,152.8039,129.1775],[134.3613,151.8346,128.7655],[134.7975,151.0861,127.6316],[135.0156,151.9986,126.432],[135.1773,154.8875,125.15],[135.3657,155.7744,124.0829],[136.64,155.8442,123.5037],[137.1377,156.6057,122.4696],[136.3264,157.6132,121.7046],[135.6319,157.0176,120.54],[134.3866,156.6892,120.5279],[134.1757,156.161,119.2127],[135.39,156.2319,118.5679],[135.6014,155.8627,117.4241],[136.2852,156.7706,119.4055],[136.8502,159.0486,121.5503],[135.6931,158.7935,122.4599],[134.3513,159.3515,122.1216],[140.9102,157.7389,123.024],[141.2648,159.2108,123.2598],[141.6268,154.5873,126.2547],[142.1491,153.5395,125.911],[138.1014,153.7185,131.348],[137.5829,155.0491,131.5557],[139.6341,156.6427,127.9419],[140.8119,157.7895,125.8929],[145.5786,153.8174,123.2551],[148.7187,152.8905,124.8602],[147.7549,152.77,123.3893],[147.472,151.6234,124.7178],[146.2495,154.2529,129.0732],[144.9709,155.4505,128.8825],[146.6616,155.9213,128.5968],[144.0775,155.9627,126.7001],[142.4536,155.7121,120.3202],[143.6377,157.0247,120.364],[141.9494,158.6877,120.6766],[141.1745,157.5454,119.5917],[139.7787,154.8417,123.1775],[138.298,153.5269,125.3609],[136.9715,152.6345,127.0058],[134.6293,154.374,127.9001],[136.3148,154.5579,128.3895],[136.254,152.2949,129.454],[134.939,153.3017,130.0722],[134.0231,150.3476,127.4015],[135.7112,150.537,127.8863],[135.3778,151.416,125.577],[134.0501,152.4329,126.1432],[134.1861,154.8287,125.5973],[134.5385,156.3758,123.7167],[137.2706,156.9078,119.2154],[137.7899,159.326,122.0141],[136.6714,159.5611,120.6102],[135.8727,158.8547,123.5289],[133.5622,158.7167,122.5361],[134.244,160.3498,122.5581],[134.1932,159.4439,121.0425],[140.0727,157.5186,123.6855],[142.1584,159.5204,122.7077],[140.438,159.8604,122.9531],[141.4693,159.3992,124.3189],[137.9954,153.0688,132.1394],[136.9199,155.0515,132.4266],[138.3909,155.7619,131.7487],[136.9977,155.386,130.6947],[140.05467,154.21544,128.54016],[139.3928,153.5831,129.72572],[138.28674,152.73775,129.56384],[137.67122,152.10027,130.65839],[136.47171,151.16995,130.45569],[136.85316,149.81726,130.1619],[136.96472,148.82481,131.10036],[137.38838,147.70744,130.50073],[137.58078,147.93222,129.143],[138.02808,146.99358,128.16724],[138.32439,145.66743,128.52884],[138.76387,144.73225,127.58354],[138.91676,145.10356,126.2534],[138.62999,146.40854,125.87136],[138.1905,147.3419,126.81893],[137.2491,149.31729,128.8856],[137.28136,149.95396,127.84363],[135.22034,151.44016,131.29208],[135.21118,151.77855,129.83536],[134.32497,151.01863,128.90752],[138.22105,152.3264,131.93494],[139.3259,153.16855,132.1241],[139.91707,153.36964,133.48572],[139.90585,153.77544,131.00873],[140.98456,154.55676,131.17468]]",PROJECTED,real512_o3a_zmatrix_pre_gflownet,not_trained
CAL-ANCHOR-000202,CC1c2c(nn(-c3ccccc3)c2-c2noc(=O)[nH]2)CCN1c1ccc(O)cc1,SCAFFOLD_ANCHORED__CAL-ANCHOR-000202__EXIT_10__CUT_9__PHI_60,ALENI_CORE_MINUS_FRAG-A.CC1c2c(nn(-c3ccccc3)c2-c2noc(=O)[nH]2)CCN1c1ccc(O)cc1>>SCAFFOLD_ANCHORED_RXN_AMIDE_COUPLING,CAL-ANCHOR-000202,ALENI_CORE_EXIT_10_CUT_9,0.6415963770104981,3.0,1.9424398528845206,3.0,1.9424398528845206,6.0,3,normal,60.0,zmatrix,true,6,2,campaigns/glp1r_aleniglipron/track_a_generative/ALENI-PARENT_6XOX_frame_o3a_relaxed.sdf,compact_pseudo_ligand_o3a,"[[140.7175,154.8487,127.3529],[140.3245,156.178,127.2565],[140.9153,156.7657,126.2094],[141.7323,155.8573,125.598],[142.4203,156.0754,124.4162],[142.0627,156.8304,123.307],[142.9126,156.3633,122.2747],[143.8222,155.4977,122.7096],[143.6236,155.4409,124.0597],[144.6688,154.9206,124.885],[145.6441,154.088,124.3084],[146.6994,153.5823,125.0794],[147.718,152.6625,124.4785],[146.7584,153.9094,126.4361],[147.758,153.4189,127.1856],[145.8078,154.7445,127.0305],[145.9316,155.1149,128.4775],[144.7742,155.2687,126.2404],[142.7151,156.6525,120.8219],[141.5715,157.6625,120.6056],[140.5137,157.4934,121.6182],[139.2847,156.966,121.2248],[138.9075,157.0176,120.054],[138.468,156.3427,122.2416],[138.8117,155.3277,123.1232],[137.6917,155.0423,123.9459],[137.4785,154.155,125.019],[136.2161,154.0811,125.6334],[136.0069,153.1158,126.7872],[135.5634,153.8258,128.0741],[135.3257,152.8039,129.1775],[134.3613,151.8346,128.7655],[134.7975,151.0861,127.6316],[135.0156,151.9986,126.432],[135.1773,154.8875,125.15],[135.3657,155.7744,124.0829],[136.64,155.8442,123.5037],[137.1377,156.6057,122.4696],[136.3264,157.6132,121.7046],[135.6319,157.0176,120.54],[134.3866,156.6892,120.5279],[134.1757,156.161,119.2127],[135.39,156.2319,118.5679],[135.6014,155.8627,117.4241],[136.2852,156.7706,119.4055],[136.8502,159.0486,121.5503],[135.6931,158.7935,122.4599],[134.3513,159.3515,122.1216],[140.9102,157.7389,123.024],[141.2648,159.2108,123.2598],[141.6268,154.5873,126.2547],[142.1491,153.5395,125.911],[138.1014,153.7185,131.348],[137.5829,155.0491,131.5557],[139.6341,156.6427,127.9419],[140.8119,157.7895,125.8929],[145.5786,153.8174,123.2551],[148.7187,152.8905,124.8602],[147.7549,152.77,123.3893],[147.472,151.6234,124.7178],[146.2495,154.2529,129.0732],[144.9709,155.4505,128.8825],[146.6616,155.9213,128.5968],[144.0775,155.9627,126.7001],[142.4536,155.7121,120.3202],[143.6377,157.0247,120.364],[141.9494,158.6877,120.6766],[141.1745,157.5454,119.5917],[139.7787,154.8417,123.1775],[138.298,153.5269,125.3609],[136.9715,152.6345,127.0058],[134.6293,154.374,127.9001],[136.3148,154.5579,128.3895],[136.254,152.2949,129.454],[134.939,153.3017,130.0722],[134.0231,150.3476,127.4015],[135.7112,150.537,127.8863],[135.3778,151.416,125.577],[134.0501,152.4329,126.1432],[134.1861,154.8287,125.5973],[134.5385,156.3758,123.7167],[137.2706,156.9078,119.2154],[137.7899,159.326,122.0141],[136.6714,159.5611,120.6102],[135.8727,158.8547,123.5289],[133.5622,158.7167,122.5361],[134.244,160.3498,122.5581],[134.1932,159.4439,121.0425],[140.0727,157.5186,123.6855],[142.1584,159.5204,122.7077],[140.438,159.8604,122.9531],[141.4693,159.3992,124.3189],[137.9954,153.0688,132.1394],[136.9199,155.0515,132.4266],[138.3909,155.7619,131.7487],[136.9977,155.386,130.6947],[139.51129,153.96193,127.25965],[138.27312,153.05167,127.16393],[138.21767,152.43663,125.79292],[138.81592,151.19702,125.56203],[138.63116,150.75282,124.32754],[137.92876,151.74797,123.700714],[137.74016,151.65459,122.285385],[137.95412,150.41547,121.65487],[137.7958,150.27982,120.2735],[137.43454,151.38075,119.50336],[137.24112,152.61809,120.11277],[137.39919,152.75952,121.49634],[137.57092,152.7559,124.60618],[136.65048,153.8202,124.38013],[135.515,153.70926,123.78077],[134.94836,155.02222,123.81658],[135.85828,155.81044,124.47214],[135.73813,157.00311,124.69871],[136.90993,155.05466,124.817444],[139.50954,150.4624,126.63972],[138.7427,150.6555,127.96163],[138.329,152.05669,128.27061],[137.7759,152.33784,129.5265],[137.57033,151.33469,130.49461],[137.02118,151.60457,131.75598],[136.66037,152.89723,132.08638],[136.1298,153.1209,133.31987],[136.84201,153.9211,131.1733],[137.39313,153.63712,129.91377]]",PROJECTED,real512_o3a_zmatrix_pre_gflownet,not_trained
CAL-ANCHOR-000313,CC(=O)N1CCc2nn(-c3ccccc3)c(C3CCOCC3)c2[C@H]1C,SCAFFOLD_ANCHORED__CAL-ANCHOR-000313__EXIT_64__CUT_63__PHI_300,ALENI_CORE_MINUS_FRAG-A.CC(=O)N1CCc2nn(-c3ccccc3)c(C3CCOCC3)c2[C@H]1C>>SCAFFOLD_ANCHORED_RXN_AMIDE_COUPLING,CAL-ANCHOR-000313,ALENI_CORE_EXIT_64_CUT_63,0.640293396663005,4.0,2.3955990500549245,4.0,2.3955990500549245,8.0,4,normal,300.0,zmatrix,true,6,6,campaigns/glp1r_aleniglipron/track_a_generative/ALENI-PARENT_6XOX_frame_o3a_relaxed.sdf,compact_pseudo_ligand_o3a,"[[140.7175,154.8487,127.3529],[140.3245,156.178,127.2565],[140.9153,156.7657,126.2094],[141.7323,155.8573,125.598],[142.4203,156.0754,124.4162],[142.0627,156.8304,123.307],[142.9126,156.3633,122.2747],[143.8222,155.4977,122.7096],[143.6236,155.4409,124.0597],[144.6688,154.9206,124.885],[145.6441,154.088,124.3084],[146.6994,153.5823,125.0794],[147.718,152.6625,124.4785],[146.7584,153.9094,126.4361],[147.758,153.4189,127.1856],[145.8078,154.7445,127.0305],[145.9316,155.1149,128.4775],[144.7742,155.2687,126.2404],[142.7151,156.6525,120.8219],[141.5715,157.6625,120.6056],[140.5137,157.4934,121.6182],[139.2847,156.966,121.2248],[138.9075,157.0176,120.054],[138.468,156.3427,122.2416],[138.8117,155.3277,123.1232],[137.6917,155.0423,123.9459],[137.4785,154.155,125.019],[136.2161,154.0811,125.6334],[136.0069,153.1158,126.7872],[135.5634,153.8258,128.0741],[135.3257,152.8039,129.1775],[134.3613,151.8346,128.7655],[134.7975,151.0861,127.6316],[135.0156,151.9986,126.432],[135.1773,154.8875,125.15],[135.3657,155.7744,124.0829],[136.64,155.8442,123.5037],[137.1377,156.6057,122.4696],[136.3264,157.6132,121.7046],[135.6319,157.0176,120.54],[134.3866,156.6892,120.5279],[134.1757,156.161,119.2127],[135.39,156.2319,118.5679],[135.6014,155.8627,117.4241],[136.2852,156.7706,119.4055],[136.8502,159.0486,121.5503],[135.6931,158.7935,122.4599],[134.3513,159.3515,122.1216],[140.9102,157.7389,123.024],[141.2648,159.2108,123.2598],[141.6268,154.5873,126.2547],[142.1491,153.5395,125.911],[138.1014,153.7185,131.348],[137.5829,155.0491,131.5557],[139.6341,156.6427,127.9419],[140.8119,157.7895,125.8929],[145.5786,153.8174,123.2551],[148.7187,152.8905,124.8602],[147.7549,152.77,123.3893],[147.472,151.6234,124.7178],[146.2495,154.2529,129.0732],[144.9709,155.4505,128.8825],[146.6616,155.9213,128.5968],[144.0775,155.9627,126.7001],[142.4536,155.7121,120.3202],[143.6377,157.0247,120.364],[141.9494,158.6877,120.6766],[141.1745,157.5454,119.5917],[139.7787,154.8417,123.1775],[138.298,153.5269,125.3609],[136.9715,152.6345,127.0058],[134.6293,154.374,127.9001],[136.3148,154.5579,128.3895],[136.254,152.2949,129.454],[134.939,153.3017,130.0722],[134.0231,150.3476,127.4015],[135.7112,150.537,127.8863],[135.3778,151.416,125.577],[134.0501,152.4329,126.1432],[134.1861,154.8287,125.5973],[134.5385,156.3758,123.7167],[137.2706,156.9078,119.2154],[137.7899,159.326,122.0141],[136.6714,159.5611,120.6102],[135.8727,158.8547,123.5289],[133.5622,158.7167,122.5361],[134.244,160.3498,122.5581],[134.1932,159.4439,121.0425],[140.0727,157.5186,123.6855],[142.1584,159.5204,122.7077],[140.438,159.8604,122.9531],[141.4693,159.3992,124.3189],[137.9954,153.0688,132.1394],[136.9199,155.0515,132.4266],[138.3909,155.7619,131.7487],[136.9977,155.386,130.6947],[139.46146,153.8033,130.72107],[140.82285,153.88817,130.09352],[141.80095,154.01962,130.83649],[140.96466,153.78632,128.71426],[142.31563,153.41673,128.26363],[142.39398,151.88544,128.18999],[141.16022,151.3549,127.529755],[141.0693,150.08908,127.1535],[139.93655,150.0308,126.41475],[139.7479,148.86879,125.60345],[140.31075,147.65285,126.02761],[140.16486,146.49599,125.258965],[139.47775,146.54616,124.04907],[138.95113,147.75533,123.599556],[139.09337,148.91576,124.36748],[139.16031,151.20113,126.56653],[137.73907,151.28357,126.0464],[136.69255,151.4434,127.15383],[135.29977,151.58836,126.55486],[135.27216,152.66188,125.61516],[136.11937,152.41762,124.49468],[137.57587,152.31992,124.929276],[139.97409,152.10458,127.26553],[139.92169,153.57645,127.660866],[138.59485,154.26335,127.91888]]",PROJECTED,real512_o3a_zmatrix_pre_gflownet,not_trained
CAL-ANCHOR-000312,CC(=O)N1CCc2nn(-c3ccccc3)c(-c3noc(=O)[nH]3)c2[C@H]1C,SCAFFOLD_ANCHORED__CAL-ANCHOR-000312__EXIT_10__CUT_9__PHI_120,ALENI_CORE_MINUS_FRAG-A.CC(=O)N1CCc2nn(-c3ccccc3)c(-c3noc(=O)[nH]3)c2[C@H]1C>>SCAFFOLD_ANCHORED_RXN_AMIDE_COUPLING,CAL-ANCHOR-000312,ALENI_CORE_EXIT_10_CUT_9,0.6347439467292906,5.0,2.8440968523313512,5.0,2.8440968523313512,8.0,4,cryptic_rescue,120.0,zmatrix,true,6,3,campaigns/glp1r_aleniglipron/track_a_generative/ALENI-PARENT_6XOX_frame_o3a_relaxed.sdf,compact_pseudo_ligand_o3a,"[[140.7175,154.8487,127.3529],[140.3245,156.178,127.2565],[140.9153,156.7657,126.2094],[141.7323,155.8573,125.598],[142.4203,156.0754,124.4162],[142.0627,156.8304,123.307],[142.9126,156.3633,122.2747],[143.8222,155.4977,122.7096],[143.6236,155.4409,124.0597],[144.6688,154.9206,124.885],[145.6441,154.088,124.3084],[146.6994,153.5823,125.0794],[147.718,152.6625,124.4785],[146.7584,153.9094,126.4361],[147.758,153.4189,127.1856],[145.8078,154.7445,127.0305],[145.9316,155.1149,128.4775],[144.7742,155.2687,126.2404],[142.7151,156.6525,120.8219],[141.5715,157.6625,120.6056],[140.5137,157.4934,121.6182],[139.2847,156.966,121.2248],[138.9075,157.0176,120.054],[138.468,156.3427,122.2416],[138.8117,155.3277,123.1232],[137.6917,155.0423,123.9459],[137.4785,154.155,125.019],[136.2161,154.0811,125.6334],[136.0069,153.1158,126.7872],[135.5634,153.8258,128.0741],[135.3257,152.8039,129.1775],[134.3613,151.8346,128.7655],[134.7975,151.0861,127.6316],[135.0156,151.9986,126.432],[135.1773,154.8875,125.15],[135.3657,155.7744,124.0829],[136.64,155.8442,123.5037],[137.1377,156.6057,122.4696],[136.3264,157.6132,121.7046],[135.6319,157.0176,120.54],[134.3866,156.6892,120.5279],[134.1757,156.161,119.2127],[135.39,156.2319,118.5679],[135.6014,155.8627,117.4241],[136.2852,156.7706,119.4055],[136.8502,159.0486,121.5503],[135.6931,158.7935,122.4599],[134.3513,159.3515,122.1216],[140.9102,157.7389,123.024],[141.2648,159.2108,123.2598],[141.6268,154.5873,126.2547],[142.1491,153.5395,125.911],[138.1014,153.7185,131.348],[137.5829,155.0491,131.5557],[139.6341,156.6427,127.9419],[140.8119,157.7895,125.8929],[145.5786,153.8174,123.2551],[148.7187,152.8905,124.8602],[147.7549,152.77,123.3893],[147.472,151.6234,124.7178],[146.2495,154.2529,129.0732],[144.9709,155.4505,128.8825],[146.6616,155.9213,128.5968],[144.0775,155.9627,126.7001],[142.4536,155.7121,120.3202],[143.6377,157.0247,120.364],[141.9494,158.6877,120.6766],[141.1745,157.5454,119.5917],[139.7787,154.8417,123.1775],[138.298,153.5269,125.3609],[136.9715,152.6345,127.0058],[134.6293,154.374,127.9001],[136.3148,154.5579,128.3895],[136.254,152.2949,129.454],[134.939,153.3017,130.0722],[134.0231,150.3476,127.4015],[135.7112,150.537,127.8863],[135.3778,151.416,125.577],[134.0501,152.4329,126.1432],[134.1861,154.8287,125.5973],[134.5385,156.3758,123.7167],[137.2706,156.9078,119.2154],[137.7899,159.326,122.0141],[136.6714,159.5611,120.6102],[135.8727,158.8547,123.5289],[133.5622,158.7167,122.5361],[134.244,160.3498,122.5581],[134.1932,159.4439,121.0425],[140.0727,157.5186,123.6855],[142.1584,159.5204,122.7077],[140.438,159.8604,122.9531],[141.4693,159.3992,124.3189],[137.9954,153.0688,132.1394],[136.9199,155.0515,132.4266],[138.3909,155.7619,131.7487],[136.9977,155.386,130.6947],[140.31573,154.11618,126.1071],[139.91331,153.38248,124.85925],[140.53963,153.6022,123.818474],[138.87573,152.46024,124.90504],[138.81421,151.52214,123.76578],[139.62793,150.25508,124.1001],[139.41862,149.87404,125.53357],[139.94331,148.77832,126.07028],[139.48804,148.76883,127.35164],[139.69934,147.60382,128.15126],[140.68274,146.68045,127.758156],[140.92699,145.53662,128.52127],[140.18211,145.29454,129.6722],[139.1826,146.18723,130.05287],[138.93349,147.33504,129.29347],[138.86513,149.97488,127.679],[138.48785,150.38194,128.98825],[137.2933,150.70502,129.34581],[137.41107,151.05519,130.72842],[138.73636,150.89786,131.0515],[139.2287,151.10599,132.14769],[139.39482,150.47726,129.96237],[138.73589,150.67545,126.48627],[138.09966,151.98244,126.0817],[137.77788,152.99426,127.16835]]",PROJECTED,real512_o3a_zmatrix_pre_gflownet,not_trained
CAL-ANCHOR-000319,C[C@@H]1c2c(nn(-c3ccccc3)c2-c2noc(=O)[nH]2)CCN1c1noc(=O)[nH]1,SCAFFOLD_ANCHORED__CAL-ANCHOR-000319__EXIT_10__CUT_9__PHI_0,ALENI_CORE_MINUS_FRAG-A.C[C@@H]1c2c(nn(-c3ccccc3)c2-c2noc(=O)[nH]2)CCN1c1noc(=O)[nH]1>>SCAFFOLD_ANCHORED_RXN_AMIDE_COUPLING,CAL-ANCHOR-000319,ALENI_CORE_EXIT_10_CUT_9,0.6327271913962137,6.0,3.2436377462643677,6.0,3.2436377462643677,8.0,4,cryptic_rescue,0.0,zmatrix,true,6,1,campaigns/glp1r_aleniglipron/track_a_generative/ALENI-PARENT_6XOX_frame_o3a_relaxed.sdf,compact_pseudo_ligand_o3a,"[[140.7175,154.8487,127.3529],[140.3245,156.178,127.2565],[140.9153,156.7657,126.2094],[141.7323,155.8573,125.598],[142.4203,156.0754,124.4162],[142.0627,156.8304,123.307],[142.9126,156.3633,122.2747],[143.8222,155.4977,122.7096],[143.6236,155.4409,124.0597],[144.6688,154.9206,124.885],[145.6441,154.088,124.3084],[146.6994,153.5823,125.0794],[147.718,152.6625,124.4785],[146.7584,153.9094,126.4361],[147.758,153.4189,127.1856],[145.8078,154.7445,127.0305],[145.9316,155.1149,128.4775],[144.7742,155.2687,126.2404],[142.7151,156.6525,120.8219],[141.5715,157.6625,120.6056],[140.5137,157.4934,121.6182],[139.2847,156.966,121.2248],[138.9075,157.0176,120.054],[138.468,156.3427,122.2416],[138.8117,155.3277,123.1232],[137.6917,155.0423,123.9459],[137.4785,154.155,125.019],[136.2161,154.0811,125.6334],[136.0069,153.1158,126.7872],[135.5634,153.8258,128.0741],[135.3257,152.8039,129.1775],[134.3613,151.8346,128.7655],[134.7975,151.0861,127.6316],[135.0156,151.9986,126.432],[135.1773,154.8875,125.15],[135.3657,155.7744,124.0829],[136.64,155.8442,123.5037],[137.1377,156.6057,122.4696],[136.3264,157.6132,121.7046],[135.6319,157.0176,120.54],[134.3866,156.6892,120.5279],[134.1757,156.161,119.2127],[135.39,156.2319,118.5679],[135.6014,155.8627,117.4241],[136.2852,156.7706,119.4055],[136.8502,159.0486,121.5503],[135.6931,158.7935,122.4599],[134.3513,159.3515,122.1216],[140.9102,157.7389,123.024],[141.2648,159.2108,123.2598],[141.6268,154.5873,126.2547],[142.1491,153.5395,125.911],[138.1014,153.7185,131.348],[137.5829,155.0491,131.5557],[139.6341,156.6427,127.9419],[140.8119,157.7895,125.8929],[145.5786,153.8174,123.2551],[148.7187,152.8905,124.8602],[147.7549,152.77,123.3893],[147.472,151.6234,124.7178],[146.2495,154.2529,129.0732],[144.9709,155.4505,128.8825],[146.6616,155.9213,128.5968],[144.0775,155.9627,126.7001],[142.4536,155.7121,120.3202],[143.6377,157.0247,120.364],[141.9494,158.6877,120.6766],[141.1745,157.5454,119.5917],[139.7787,154.8417,123.1775],[138.298,153.5269,125.3609],[136.9715,152.6345,127.0058],[134.6293,154.374,127.9001],[136.3148,154.5579,128.3895],[136.254,152.2949,129.454],[134.939,153.3017,130.0722],[134.0231,150.3476,127.4015],[135.7112,150.537,127.8863],[135.3778,151.416,125.577],[134.0501,152.4329,126.1432],[134.1861,154.8287,125.5973],[134.5385,156.3758,123.7167],[137.2706,156.9078,119.2154],[137.7899,159.326,122.0141],[136.6714,159.5611,120.6102],[135.8727,158.8547,123.5289],[133.5622,158.7167,122.5361],[134.244,160.3498,122.5581],[134.1932,159.4439,121.0425],[140.0727,157.5186,123.6855],[142.1584,159.5204,122.7077],[140.438,159.8604,122.9531],[141.4693,159.3992,124.3189],[137.9954,153.0688,132.1394],[136.9199,155.0515,132.4266],[138.3909,155.7619,131.7487],[136.9977,155.386,130.6947],[140.05467,154.21544,128.54018],[139.3825,153.57327,129.74417],[138.83775,152.17766,129.55757],[137.78812,151.72563,130.39658],[137.49107,150.44662,130.19647],[138.239,150.08676,129.11868],[137.98012,148.83797,128.47688],[138.40475,148.57643,127.1671],[138.139,147.33676,126.57728],[137.43689,146.35965,127.2797],[136.98299,146.6227,128.56946],[137.24443,147.85873,129.16437],[139.20319,151.0547,128.82619],[140.34113,150.86171,127.99222],[140.67908,151.6274,127.01352],[141.87955,151.04762,126.49381],[142.1378,149.94444,127.26866],[143.08469,149.18791,127.13403],[141.17499,149.8392,128.19551],[137.10873,152.57059,131.42941],[137.9366,153.84409,131.7086],[138.3752,154.43625,130.41586],[137.56888,155.40315,129.86342],[136.83652,156.2261,130.5481],[136.15309,157.03929,129.59703],[136.54549,156.58792,128.37013],[136.16261,157.01884,127.294205],[137.4147,155.58372,128.54776]]",PROJECTED,real512_o3a_zmatrix_pre_gflownet,not_trained
CAL-ANCHOR-000272,Cc1cc(-n2ccn(-c3ccccc3)c2=O)cc(C)c1F,SCAFFOLD_ANCHORED__CAL-ANCHOR-000272__EXIT_10__CUT_9__PHI_180,ALENI_CORE_MINUS_FRAG-A.Cc1cc(-n2ccn(-c3ccccc3)c2=O)cc(C)c1F>>SCAFFOLD_ANCHORED_RXN_AMIDE_COUPLING,CAL-ANCHOR-000272,ALENI_CORE_EXIT_10_CUT_9,0.632596008087037,2.0,0.939231935303704,2.0,0.939231935303704,4.0,2,normal,180.0,zmatrix,true,6,4,campaigns/glp1r_aleniglipron/track_a_generative/ALENI-PARENT_6XOX_frame_o3a_relaxed.sdf,compact_pseudo_ligand_o3a,"[[140.7175,154.8487,127.3529],[140.3245,156.178,127.2565],[140.9153,156.7657,126.2094],[141.7323,155.8573,125.598],[142.4203,156.0754,124.4162],[142.0627,156.8304,123.307],[142.9126,156.3633,122.2747],[143.8222,155.4977,122.7096],[143.6236,155.4409,124.0597],[144.6688,154.9206,124.885],[145.6441,154.088,124.3084],[146.6994,153.5823,125.0794],[147.718,152.6625,124.4785],[146.7584,153.9094,126.4361],[147.758,153.4189,127.1856],[145.8078,154.7445,127.0305],[145.9316,155.1149,128.4775],[144.7742,155.2687,126.2404],[142.7151,156.6525,120.8219],[141.5715,157.6625,120.6056],[140.5137,157.4934,121.6182],[139.2847,156.966,121.2248],[138.9075,157.0176,120.054],[138.468,156.3427,122.2416],[138.8117,155.3277,123.1232],[137.6917,155.0423,123.9459],[137.4785,154.155,125.019],[136.2161,154.0811,125.6334],[136.0069,153.1158,126.7872],[135.5634,153.8258,128.0741],[135.3257,152.8039,129.1775],[134.3613,151.8346,128.7655],[134.7975,151.0861,127.6316],[135.0156,151.9986,126.432],[135.1773,154.8875,125.15],[135.3657,155.7744,124.0829],[136.64,155.8442,123.5037],[137.1377,156.6057,122.4696],[136.3264,157.6132,121.7046],[135.6319,157.0176,120.54],[134.3866,156.6892,120.5279],[134.1757,156.161,119.2127],[135.39,156.2319,118.5679],[135.6014,155.8627,117.4241],[136.2852,156.7706,119.4055],[136.8502,159.0486,121.5503],[135.6931,158.7935,122.4599],[134.3513,159.3515,122.1216],[140.9102,157.7389,123.024],[141.2648,159.2108,123.2598],[141.6268,154.5873,126.2547],[142.1491,153.5395,125.911],[138.1014,153.7185,131.348],[137.5829,155.0491,131.5557],[139.6341,156.6427,127.9419],[140.8119,157.7895,125.8929],[145.5786,153.8174,123.2551],[148.7187,152.8905,124.8602],[147.7549,152.77,123.3893],[147.472,151.6234,124.7178],[146.2495,154.2529,129.0732],[144.9709,155.4505,128.8825],[146.6616,155.9213,128.5968],[144.0775,155.9627,126.7001],[142.4536,155.7121,120.3202],[143.6377,157.0247,120.364],[141.9494,158.6877,120.6766],[141.1745,157.5454,119.5917],[139.7787,154.8417,123.1775],[138.298,153.5269,125.3609],[136.9715,152.6345,127.0058],[134.6293,154.374,127.9001],[136.3148,154.5579,128.3895],[136.254,152.2949,129.454],[134.939,153.3017,130.0722],[134.0231,150.3476,127.4015],[135.7112,150.537,127.8863],[135.3778,151.416,125.577],[134.0501,152.4329,126.1432],[134.1861,154.8287,125.5973],[134.5385,156.3758,123.7167],[137.2706,156.9078,119.2154],[137.7899,159.326,122.0141],[136.6714,159.5611,120.6102],[135.8727,158.8547,123.5289],[133.5622,158.7167,122.5361],[134.244,160.3498,122.5581],[134.1932,159.4439,121.0425],[140.0727,157.5186,123.6855],[142.1584,159.5204,122.7077],[140.438,159.8604,122.9531],[141.4693,159.3992,124.3189],[137.9954,153.0688,132.1394],[136.9199,155.0515,132.4266],[138.3909,155.7619,131.7487],[136.9977,155.386,130.6947],[141.66356,154.52394,126.235085],[142.60909,154.19937,125.117905],[143.46703,153.08844,125.204605],[144.33652,152.73938,124.15868],[145.21312,151.61295,124.23977],[146.1048,151.18384,123.27573],[146.75723,150.099,123.6978],[146.33487,149.74844,124.96498],[146.79778,148.64743,125.749306],[146.29974,148.3795,127.03231],[146.76584,147.29482,127.787025],[147.74338,146.45145,127.27375],[148.25471,146.69331,126.00515],[147.78676,147.77844,125.2531],[145.32375,150.7068,125.368805],[144.70416,150.74405,126.42097],[144.31346,153.5471,123.004776],[143.46442,154.66185,122.894936],[143.42981,155.48294,121.64146],[142.60892,154.96216,123.952576],[141.76965,156.0035,123.84513]]",PROJECTED,real512_o3a_zmatrix_pre_gflownet,not_trained
CAL-ANCHOR-000009,C1CCOCC1,SCAFFOLD_ANCHORED__CAL-ANCHOR-000009__EXIT_64__CUT_63__PHI_300,ALENI_CORE_MINUS_FRAG-A.C1CCOCC1>>SCAFFOLD_ANCHORED_RXN_AMIDE_COUPLING,CAL-ANCHOR-000009,ALENI_CORE_EXIT_64_CUT_63,0.6314959644861937,1.0,0.47401614205522524,1.0,0.47401614205522524,2.0,1,cryptic_rescue,300.0,zmatrix,true,6,6,campaigns/glp1r_aleniglipron/track_a_generative/ALENI-PARENT_6XOX_frame_o3a_relaxed.sdf,compact_pseudo_ligand_o3a,"[[140.7175,154.8487,127.3529],[140.3245,156.178,127.2565],[140.9153,156.7657,126.2094],[141.7323,155.8573,125.598],[142.4203,156.0754,124.4162],[142.0627,156.8304,123.307],[142.9126,156.3633,122.2747],[143.8222,155.4977,122.7096],[143.6236,155.4409,124.0597],[144.6688,154.9206,124.885],[145.6441,154.088,124.3084],[146.6994,153.5823,125.0794],[147.718,152.6625,124.4785],[146.7584,153.9094,126.4361],[147.758,153.4189,127.1856],[145.8078,154.7445,127.0305],[145.9316,155.1149,128.4775],[144.7742,155.2687,126.2404],[142.7151,156.6525,120.8219],[141.5715,157.6625,120.6056],[140.5137,157.4934,121.6182],[139.2847,156.966,121.2248],[138.9075,157.0176,120.054],[138.468,156.3427,122.2416],[138.8117,155.3277,123.1232],[137.6917,155.0423,123.9459],[137.4785,154.155,125.019],[136.2161,154.0811,125.6334],[136.0069,153.1158,126.7872],[135.5634,153.8258,128.0741],[135.3257,152.8039,129.1775],[134.3613,151.8346,128.7655],[134.7975,151.0861,127.6316],[135.0156,151.9986,126.432],[135.1773,154.8875,125.15],[135.3657,155.7744,124.0829],[136.64,155.8442,123.5037],[137.1377,156.6057,122.4696],[136.3264,157.6132,121.7046],[135.6319,157.0176,120.54],[134.3866,156.6892,120.5279],[134.1757,156.161,119.2127],[135.39,156.2319,118.5679],[135.6014,155.8627,117.4241],[136.2852,156.7706,119.4055],[136.8502,159.0486,121.5503],[135.6931,158.7935,122.4599],[134.3513,159.3515,122.1216],[140.9102,157.7389,123.024],[141.2648,159.2108,123.2598],[141.6268,154.5873,126.2547],[142.1491,153.5395,125.911],[138.1014,153.7185,131.348],[137.5829,155.0491,131.5557],[139.6341,156.6427,127.9419],[140.8119,157.7895,125.8929],[145.5786,153.8174,123.2551],[148.7187,152.8905,124.8602],[147.7549,152.77,123.3893],[147.472,151.6234,124.7178],[146.2495,154.2529,129.0732],[144.9709,155.4505,128.8825],[146.6616,155.9213,128.5968],[144.0775,155.9627,126.7001],[142.4536,155.7121,120.3202],[143.6377,157.0247,120.364],[141.9494,158.6877,120.6766],[141.1745,157.5454,119.5917],[139.7787,154.8417,123.1775],[138.298,153.5269,125.3609],[136.9715,152.6345,127.0058],[134.6293,154.374,127.9001],[136.3148,154.5579,128.3895],[136.254,152.2949,129.454],[134.939,153.3017,130.0722],[134.0231,150.3476,127.4015],[135.7112,150.537,127.8863],[135.3778,151.416,125.577],[134.0501,152.4329,126.1432],[134.1861,154.8287,125.5973],[134.5385,156.3758,123.7167],[137.2706,156.9078,119.2154],[137.7899,159.326,122.0141],[136.6714,159.5611,120.6102],[135.8727,158.8547,123.5289],[133.5622,158.7167,122.5361],[134.244,160.3498,122.5581],[134.1932,159.4439,121.0425],[140.0727,157.5186,123.6855],[142.1584,159.5204,122.7077],[140.438,159.8604,122.9531],[141.4693,159.3992,124.3189],[137.9954,153.0688,132.1394],[136.9199,155.0515,132.4266],[138.3909,155.7619,131.7487],[136.9977,155.386,130.6947],[139.46146,153.8033,130.72107],[140.84418,153.88951,130.08368],[141.93378,153.78162,131.14261],[141.78078,152.5851,131.90616],[140.53798,152.54951,132.60776],[139.36702,152.5856,131.63423]]",PROJECTED,real512_o3a_zmatrix_pre_gflownet,not_trained
CAL-ANCHOR-000024,Cc1cc(-c2ccccc2)cc(C)c1F,SCAFFOLD_ANCHORED__CAL-ANCHOR-000024__EXIT_64__CUT_63__PHI_180,ALENI_CORE_MINUS_FRAG-A.Cc1cc(-c2ccccc2)cc(C)c1F>>SCAFFOLD_ANCHORED_RXN_AMIDE_COUPLING,CAL-ANCHOR-000024,ALENI_CORE_EXIT_64_CUT_63,0.6314959644861937,1.0,0.47401614205522524,1.0,0.47401614205522524,2.0,1,cryptic_rescue,180.0,zmatrix,true,6,4,campaigns/glp1r_aleniglipron/track_a_generative/ALENI-PARENT_6XOX_frame_o3a_relaxed.sdf,compact_pseudo_ligand_o3a,"[[140.7175,154.8487,127.3529],[140.3245,156.178,127.2565],[140.9153,156.7657,126.2094],[141.7323,155.8573,125.598],[142.4203,156.0754,124.4162],[142.0627,156.8304,123.307],[142.9126,156.3633,122.2747],[143.8222,155.4977,122.7096],[143.6236,155.4409,124.0597],[144.6688,154.9206,124.885],[145.6441,154.088,124.3084],[146.6994,153.5823,125.0794],[147.718,152.6625,124.4785],[146.7584,153.9094,126.4361],[147.758,153.4189,127.1856],[145.8078,154.7445,127.0305],[145.9316,155.1149,128.4775],[144.7742,155.2687,126.2404],[142.7151,156.6525,120.8219],[141.5715,157.6625,120.6056],[140.5137,157.4934,121.6182],[139.2847,156.966,121.2248],[138.9075,157.0176,120.054],[138.468,156.3427,122.2416],[138.8117,155.3277,123.1232],[137.6917,155.0423,123.9459],[137.4785,154.155,125.019],[136.2161,154.0811,125.6334],[136.0069,153.1158,126.7872],[135.5634,153.8258,128.0741],[135.3257,152.8039,129.1775],[134.3613,151.8346,128.7655],[134.7975,151.0861,127.6316],[135.0156,151.9986,126.432],[135.1773,154.8875,125.15],[135.3657,155.7744,124.0829],[136.64,155.8442,123.5037],[137.1377,156.6057,122.4696],[136.3264,157.6132,121.7046],[135.6319,157.0176,120.54],[134.3866,156.6892,120.5279],[134.1757,156.161,119.2127],[135.39,156.2319,118.5679],[135.6014,155.8627,117.4241],[136.2852,156.7706,119.4055],[136.8502,159.0486,121.5503],[135.6931,158.7935,122.4599],[134.3513,159.3515,122.1216],[140.9102,157.7389,123.024],[141.2648,159.2108,123.2598],[141.6268,154.5873,126.2547],[142.1491,153.5395,125.911],[138.1014,153.7185,131.348],[137.5829,155.0491,131.5557],[139.6341,156.6427,127.9419],[140.8119,157.7895,125.8929],[145.5786,153.8174,123.2551],[148.7187,152.8905,124.8602],[147.7549,152.77,123.3893],[147.472,151.6234,124.7178],[146.2495,154.2529,129.0732],[144.9709,155.4505,128.8825],[146.6616,155.9213,128.5968],[144.0775,155.9627,126.7001],[142.4536,155.7121,120.3202],[143.6377,157.0247,120.364],[141.9494,158.6877,120.6766],[141.1745,157.5454,119.5917],[139.7787,154.8417,123.1775],[138.298,153.5269,125.3609],[136.9715,152.6345,127.0058],[134.6293,154.374,127.9001],[136.3148,154.5579,128.3895],[136.254,152.2949,129.454],[134.939,153.3017,130.0722],[134.0231,150.3476,127.4015],[135.7112,150.537,127.8863],[135.3778,151.416,125.577],[134.0501,152.4329,126.1432],[134.1861,154.8287,125.5973],[134.5385,156.3758,123.7167],[137.2706,156.9078,119.2154],[137.7899,159.326,122.0141],[136.6714,159.5611,120.6102],[135.8727,158.8547,123.5289],[133.5622,158.7167,122.5361],[134.244,160.3498,122.5581],[134.1932,159.4439,121.0425],[140.0727,157.5186,123.6855],[142.1584,159.5204,122.7077],[140.438,159.8604,122.9531],[141.4693,159.3992,124.3189],[137.9954,153.0688,132.1394],[136.9199,155.0515,132.4266],[138.3909,155.7619,131.7487],[136.9977,155.386,130.6947],[137.18002,152.95802,130.44095],[136.2598,152.1985,129.53503],[136.75258,151.52548,128.40813],[135.90292,150.77728,127.573456],[136.43181,150.07436,126.39286],[137.16307,150.7612,125.4094],[137.66519,150.09508,124.28812],[137.445,148.72897,124.132164],[136.72322,148.02898,125.095535],[136.2208,148.69676,126.2157],[134.53604,150.71408,127.899025],[134.0224,151.38008,129.02074],[132.57098,151.27985,129.37816],[134.89908,152.1019,129.83342],[134.42276,152.71602,130.92775]]",PROJECTED,real512_o3a_zmatrix_pre_gflownet,not_trained
CAL-ANCHOR-000095,CC1c2c(nn(-c3ccccc3)c2-c2ccccc2)CCN1c1ccccc1,SCAFFOLD_ANCHORED__CAL-ANCHOR-000095__EXIT_10__CUT_9__PHI_120,ALENI_CORE_MINUS_FRAG-A.CC1c2c(nn(-c3ccccc3)c2-c2ccccc2)CCN1c1ccccc1>>SCAFFOLD_ANCHORED_RXN_AMIDE_COUPLING,CAL-ANCHOR-000095,ALENI_CORE_EXIT_10_CUT_9,0.6314959644861937,1.0,0.47401614205522524,1.0,0.47401614205522524,2.0,1,cryptic_rescue,120.0,zmatrix,true,6,3,campaigns/glp1r_aleniglipron/track_a_generative/ALENI-PARENT_6XOX_frame_o3a_relaxed.sdf,compact_pseudo_ligand_o3a,"[[140.7175,154.8487,127.3529],[140.3245,156.178,127.2565],[140.9153,156.7657,126.2094],[141.7323,155.8573,125.598],[142.4203,156.0754,124.4162],[142.0627,156.8304,123.307],[142.9126,156.3633,122.2747],[143.8222,155.4977,122.7096],[143.6236,155.4409,124.0597],[144.6688,154.9206,124.885],[145.6441,154.088,124.3084],[146.6994,153.5823,125.0794],[147.718,152.6625,124.4785],[146.7584,153.9094,126.4361],[147.758,153.4189,127.1856],[145.8078,154.7445,127.0305],[145.9316,155.1149,128.4775],[144.7742,155.2687,126.2404],[142.7151,156.6525,120.8219],[141.5715,157.6625,120.6056],[140.5137,157.4934,121.6182],[139.2847,156.966,121.2248],[138.9075,157.0176,120.054],[138.468,156.3427,122.2416],[138.8117,155.3277,123.1232],[137.6917,155.0423,123.9459],[137.4785,154.155,125.019],[136.2161,154.0811,125.6334],[136.0069,153.1158,126.7872],[135.5634,153.8258,128.0741],[135.3257,152.8039,129.1775],[134.3613,151.8346,128.7655],[134.7975,151.0861,127.6316],[135.0156,151.9986,126.432],[135.1773,154.8875,125.15],[135.3657,155.7744,124.0829],[136.64,155.8442,123.5037],[137.1377,156.6057,122.4696],[136.3264,157.6132,121.7046],[135.6319,157.0176,120.54],[134.3866,156.6892,120.5279],[134.1757,156.161,119.2127],[135.39,156.2319,118.5679],[135.6014,155.8627,117.4241],[136.2852,156.7706,119.4055],[136.8502,159.0486,121.5503],[135.6931,158.7935,122.4599],[134.3513,159.3515,122.1216],[140.9102,157.7389,123.024],[141.2648,159.2108,123.2598],[141.6268,154.5873,126.2547],[142.1491,153.5395,125.911],[138.1014,153.7185,131.348],[137.5829,155.0491,131.5557],[139.6341,156.6427,127.9419],[140.8119,157.7895,125.8929],[145.5786,153.8174,123.2551],[148.7187,152.8905,124.8602],[147.7549,152.77,123.3893],[147.472,151.6234,124.7178],[146.2495,154.2529,129.0732],[144.9709,155.4505,128.8825],[146.6616,155.9213,128.5968],[144.0775,155.9627,126.7001],[142.4536,155.7121,120.3202],[143.6377,157.0247,120.364],[141.9494,158.6877,120.6766],[141.1745,157.5454,119.5917],[139.7787,154.8417,123.1775],[138.298,153.5269,125.3609],[136.9715,152.6345,127.0058],[134.6293,154.374,127.9001],[136.3148,154.5579,128.3895],[136.254,152.2949,129.454],[134.939,153.3017,130.0722],[134.0231,150.3476,127.4015],[135.7112,150.537,127.8863],[135.3778,151.416,125.577],[134.0501,152.4329,126.1432],[134.1861,154.8287,125.5973],[134.5385,156.3758,123.7167],[137.2706,156.9078,119.2154],[137.7899,159.326,122.0141],[136.6714,159.5611,120.6102],[135.8727,158.8547,123.5289],[133.5622,158.7167,122.5361],[134.244,160.3498,122.5581],[134.1932,159.4439,121.0425],[140.0727,157.5186,123.6855],[142.1584,159.5204,122.7077],[140.438,159.8604,122.9531],[141.4693,159.3992,124.3189],[137.9954,153.0688,132.1394],[136.9199,155.0515,132.4266],[138.3909,155.7619,131.7487],[136.9977,155.386,130.6947],[140.31573,154.11618,126.1071],[139.90611,153.36931,124.83689],[138.58717,152.63773,124.899506],[137.77254,152.53078,123.7552],[136.65286,151.8565,123.98387],[136.73265,151.45515,125.29125],[135.66473,150.64554,125.80966],[134.51729,150.45651,125.014084],[133.44473,149.6821,125.46526],[133.50192,149.07794,126.71588],[134.63281,149.2448,127.50984],[135.70961,150.02054,127.06076],[137.91408,151.9321,125.88763],[138.32582,151.74724,127.27286],[137.79463,152.5605,128.2819],[138.21002,152.39828,129.6044],[139.16182,151.43011,129.92326],[139.70312,150.62492,128.92145],[139.29036,150.78477,127.59774],[138.10188,153.13489,122.430084],[139.59628,153.51936,122.36829],[140.02344,154.21469,123.60843],[139.74815,155.58034,123.60287],[140.584,156.43996,122.87519],[140.34009,157.8146,122.81561],[139.24284,158.35406,123.47964],[138.39262,157.5178,124.19745],[138.64365,156.14319,124.25431]]",PROJECTED,real512_o3a_zmatrix_pre_gflownet,not_trained
CAL-ANCHOR-000110,CNc1c2c(nn1-c1ccccc1)CCN(c1ccccc1)[C@@H]2C,SCAFFOLD_ANCHORED__CAL-ANCHOR-000110__EXIT_64__CUT_63__PHI_240,ALENI_CORE_MINUS_FRAG-A.CNc1c2c(nn1-c1ccccc1)CCN(c1ccccc1)[C@@H]2C>>SCAFFOLD_ANCHORED_RXN_AMIDE_COUPLING,CAL-ANCHOR-000110,ALENI_CORE_EXIT_64_CUT_63,0.6314959644861937,1.0,0.47401614205522524,1.0,0.47401614205522524,2.0,1,cryptic_rescue,240.0,zmatrix,true,6,5,campaigns/glp1r_aleniglipron/track_a_generative/ALENI-PARENT_6XOX_frame_o3a_relaxed.sdf,compact_pseudo_ligand_o3a,"[[140.7175,154.8487,127.3529],[140.3245,156.178,127.2565],[140.9153,156.7657,126.2094],[141.7323,155.8573,125.598],[142.4203,156.0754,124.4162],[142.0627,156.8304,123.307],[142.9126,156.3633,122.2747],[143.8222,155.4977,122.7096],[143.6236,155.4409,124.0597],[144.6688,154.9206,124.885],[145.6441,154.088,124.3084],[146.6994,153.5823,125.0794],[147.718,152.6625,124.4785],[146.7584,153.9094,126.4361],[147.758,153.4189,127.1856],[145.8078,154.7445,127.0305],[145.9316,155.1149,128.4775],[144.7742,155.2687,126.2404],[142.7151,156.6525,120.8219],[141.5715,157.6625,120.6056],[140.5137,157.4934,121.6182],[139.2847,156.966,121.2248],[138.9075,157.0176,120.054],[138.468,156.3427,122.2416],[138.8117,155.3277,123.1232],[137.6917,155.0423,123.9459],[137.4785,154.155,125.019],[136.2161,154.0811,125.6334],[136.0069,153.1158,126.7872],[135.5634,153.8258,128.0741],[135.3257,152.8039,129.1775],[134.3613,151.8346,128.7655],[134.7975,151.0861,127.6316],[135.0156,151.9986,126.432],[135.1773,154.8875,125.15],[135.3657,155.7744,124.0829],[136.64,155.8442,123.5037],[137.1377,156.6057,122.4696],[136.3264,157.6132,121.7046],[135.6319,157.0176,120.54],[134.3866,156.6892,120.5279],[134.1757,156.161,119.2127],[135.39,156.2319,118.5679],[135.6014,155.8627,117.4241],[136.2852,156.7706,119.4055],[136.8502,159.0486,121.5503],[135.6931,158.7935,122.4599],[134.3513,159.3515,122.1216],[140.9102,157.7389,123.024],[141.2648,159.2108,123.2598],[141.6268,154.5873,126.2547],[142.1491,153.5395,125.911],[138.1014,153.7185,131.348],[137.5829,155.0491,131.5557],[139.6341,156.6427,127.9419],[140.8119,157.7895,125.8929],[145.5786,153.8174,123.2551],[148.7187,152.8905,124.8602],[147.7549,152.77,123.3893],[147.472,151.6234,124.7178],[146.2495,154.2529,129.0732],[144.9709,155.4505,128.8825],[146.6616,155.9213,128.5968],[144.0775,155.9627,126.7001],[142.4536,155.7121,120.3202],[143.6377,157.0247,120.364],[141.9494,158.6877,120.6766],[141.1745,157.5454,119.5917],[139.7787,154.8417,123.1775],[138.298,153.5269,125.3609],[136.9715,152.6345,127.0058],[134.6293,154.374,127.9001],[136.3148,154.5579,128.3895],[136.254,152.2949,129.454],[134.939,153.3017,130.0722],[134.0231,150.3476,127.4015],[135.7112,150.537,127.8863],[135.3778,151.416,125.577],[134.0501,152.4329,126.1432],[134.1861,154.8287,125.5973],[134.5385,156.3758,123.7167],[137.2706,156.9078,119.2154],[137.7899,159.326,122.0141],[136.6714,159.5611,120.6102],[135.8727,158.8547,123.5289],[133.5622,158.7167,122.5361],[134.244,160.3498,122.5581],[134.1932,159.4439,121.0425],[140.0727,157.5186,123.6855],[142.1584,159.5204,122.7077],[140.438,159.8604,122.9531],[141.4693,159.3992,124.3189],[137.9954,153.0688,132.1394],[136.9199,155.0515,132.4266],[138.3909,155.7619,131.7487],[136.9977,155.386,130.6947],[138.36018,153.5045,129.88608],[138.61136,153.29678,128.46715],[137.56389,153.19955,127.59764],[137.28897,153.96638,126.4819],[135.96896,153.60605,126.11743],[135.46033,152.64716,126.88701],[136.50554,152.26845,127.683945],[136.42293,151.03275,128.3965],[137.56586,150.39915,128.90134],[137.45554,149.18085,129.57805],[136.20854,148.5812,129.74445],[135.06886,149.19188,129.22586],[135.17395,150.40862,128.54776],[135.20418,154.24625,125.005684],[135.8507,155.5906,124.60524],[137.3264,155.46692,124.49276],[137.7526,154.983,123.25814],[137.77151,155.85133,122.15678],[138.16747,155.413,120.890335],[138.54439,154.0871,120.70152],[138.5211,153.20459,121.777626],[138.12547,153.6505,123.04279],[137.98907,155.09845,125.78148],[139.50444,154.9429,125.646065]]",PROJECTED,real512_o3a_zmatrix_pre_gflownet,not_trained
CAL-ANCHOR-000214,CC1c2c(nn(-c3ccccc3)c2-c2noc(=O)[nH]2)CCN1C1CCOCC1,SCAFFOLD_ANCHORED__CAL-ANCHOR-000214__EXIT_64__CUT_63__PHI_240,ALENI_CORE_MINUS_FRAG-A.CC1c2c(nn(-c3ccccc3)c2-c2noc(=O)[nH]2)CCN1C1CCOCC1>>SCAFFOLD_ANCHORED_RXN_AMIDE_COUPLING,CAL-ANCHOR-000214,ALENI_CORE_EXIT_64_CUT_63,0.6314959644861937,1.0,0.47401614205522524,1.0,0.47401614205522524,2.0,1,cryptic_rescue,240.0,zmatrix,true,6,5,campaigns/glp1r_aleniglipron/track_a_generative/ALENI-PARENT_6XOX_frame_o3a_relaxed.sdf,compact_pseudo_ligand_o3a,"[[140.7175,154.8487,127.3529],[140.3245,156.178,127.2565],[140.9153,156.7657,126.2094],[141.7323,155.8573,125.598],[142.4203,156.0754,124.4162],[142.0627,156.8304,123.307],[142.9126,156.3633,122.2747],[143.8222,155.4977,122.7096],[143.6236,155.4409,124.0597],[144.6688,154.9206,124.885],[145.6441,154.088,124.3084],[146.6994,153.5823,125.0794],[147.718,152.6625,124.4785],[146.7584,153.9094,126.4361],[147.758,153.4189,127.1856],[145.8078,154.7445,127.0305],[145.9316,155.1149,128.4775],[144.7742,155.2687,126.2404],[142.7151,156.6525,120.8219],[141.5715,157.6625,120.6056],[140.5137,157.4934,121.6182],[139.2847,156.966,121.2248],[138.9075,157.0176,120.054],[138.468,156.3427,122.2416],[138.8117,155.3277,123.1232],[137.6917,155.0423,123.9459],[137.4785,154.155,125.019],[136.2161,154.0811,125.6334],[136.0069,153.1158,126.7872],[135.5634,153.8258,128.0741],[135.3257,152.8039,129.1775],[134.3613,151.8346,128.7655],[134.7975,151.0861,127.6316],[135.0156,151.9986,126.432],[135.1773,154.8875,125.15],[135.3657,155.7744,124.0829],[136.64,155.8442,123.5037],[137.1377,156.6057,122.4696],[136.3264,157.6132,121.7046],[135.6319,157.0176,120.54],[134.3866,156.6892,120.5279],[134.1757,156.161,119.2127],[135.39,156.2319,118.5679],[135.6014,155.8627,117.4241],[136.2852,156.7706,119.4055],[136.8502,159.0486,121.5503],[135.6931,158.7935,122.4599],[134.3513,159.3515,122.1216],[140.9102,157.7389,123.024],[141.2648,159.2108,123.2598],[141.6268,154.5873,126.2547],[142.1491,153.5395,125.911],[138.1014,153.7185,131.348],[137.5829,155.0491,131.5557],[139.6341,156.6427,127.9419],[140.8119,157.7895,125.8929],[145.5786,153.8174,123.2551],[148.7187,152.8905,124.8602],[147.7549,152.77,123.3893],[147.472,151.6234,124.7178],[146.2495,154.2529,129.0732],[144.9709,155.4505,128.8825],[146.6616,155.9213,128.5968],[144.0775,155.9627,126.7001],[142.4536,155.7121,120.3202],[143.6377,157.0247,120.364],[141.9494,158.6877,120.6766],[141.1745,157.5454,119.5917],[139.7787,154.8417,123.1775],[138.298,153.5269,125.3609],[136.9715,152.6345,127.0058],[134.6293,154.374,127.9001],[136.3148,154.5579,128.3895],[136.254,152.2949,129.454],[134.939,153.3017,130.0722],[134.0231,150.3476,127.4015],[135.7112,150.537,127.8863],[135.3778,151.416,125.577],[134.0501,152.4329,126.1432],[134.1861,154.8287,125.5973],[134.5385,156.3758,123.7167],[137.2706,156.9078,119.2154],[137.7899,159.326,122.0141],[136.6714,159.5611,120.6102],[135.8727,158.8547,123.5289],[133.5622,158.7167,122.5361],[134.244,160.3498,122.5581],[134.1932,159.4439,121.0425],[140.0727,157.5186,123.6855],[142.1584,159.5204,122.7077],[140.438,159.8604,122.9531],[141.4693,159.3992,124.3189],[137.9954,153.0688,132.1394],[136.9199,155.0515,132.4266],[138.3909,155.7619,131.7487],[136.9977,155.386,130.6947],[138.36018,153.5045,129.88608],[138.62444,153.28596,128.39323],[137.74146,154.13213,127.53551],[136.42976,153.75084,127.23656],[135.78876,154.66484,126.51865],[136.74449,155.601,126.20359],[136.38676,156.63493,125.27901],[135.022,156.86174,125.01847],[134.61725,157.85368,124.12147],[135.56879,158.6258,123.46384],[136.9227,158.39902,123.696884],[137.33278,157.40556,124.59468],[137.96538,155.29207,126.81117],[139.19952,155.99507,126.73197],[139.37178,157.24841,126.976845],[140.77478,157.4644,126.79294],[141.31102,156.24474,126.45625],[142.49324,156.03113,126.24239],[140.32231,155.34306,126.41206],[135.86322,152.43178,127.629616],[136.97601,151.4537,128.12268],[138.36154,151.92618,127.92774],[139.40942,150.90474,127.99108],[139.56099,150.32782,126.57426],[140.10373,151.38081,125.598175],[140.85995,152.42207,126.236435],[141.67537,151.91301,127.29043],[140.82932,151.33006,128.42772]]",PROJECTED,real512_o3a_zmatrix_pre_gflownet,not_trained
CAL-ANCHOR-000289,Cc1cc(C2(n3ccn(-c4ccccc4)c3=O)C[C@H]2C)cc(C)c1F,SCAFFOLD_ANCHORED__CAL-ANCHOR-000289__EXIT_64__CUT_63__PHI_240,ALENI_CORE_MINUS_FRAG-A.Cc1cc(C2(n3ccn(-c4ccccc4)c3=O)C[C@H]2C)cc(C)c1F>>SCAFFOLD_ANCHORED_RXN_AMIDE_COUPLING,CAL-ANCHOR-000289,ALENI_CORE_EXIT_64_CUT_63,0.6314959644861937,1.0,0.47401614205522524,1.0,0.47401614205522524,2.0,1,cryptic_rescue,240.0,zmatrix,true,6,5,campaigns/glp1r_aleniglipron/track_a_generative/ALENI-PARENT_6XOX_frame_o3a_relaxed.sdf,compact_pseudo_ligand_o3a,"[[140.7175,154.8487,127.3529],[140.3245,156.178,127.2565],[140.9153,156.7657,126.2094],[141.7323,155.8573,125.598],[142.4203,156.0754,124.4162],[142.0627,156.8304,123.307],[142.9126,156.3633,122.2747],[143.8222,155.4977,122.7096],[143.6236,155.4409,124.0597],[144.6688,154.9206,124.885],[145.6441,154.088,124.3084],[146.6994,153.5823,125.0794],[147.718,152.6625,124.4785],[146.7584,153.9094,126.4361],[147.758,153.4189,127.1856],[145.8078,154.7445,127.0305],[145.9316,155.1149,128.4775],[144.7742,155.2687,126.2404],[142.7151,156.6525,120.8219],[141.5715,157.6625,120.6056],[140.5137,157.4934,121.6182],[139.2847,156.966,121.2248],[138.9075,157.0176,120.054],[138.468,156.3427,122.2416],[138.8117,155.3277,123.1232],[137.6917,155.0423,123.9459],[137.4785,154.155,125.019],[136.2161,154.0811,125.6334],[136.0069,153.1158,126.7872],[135.5634,153.8258,128.0741],[135.3257,152.8039,129.1775],[134.3613,151.8346,128.7655],[134.7975,151.0861,127.6316],[135.0156,151.9986,126.432],[135.1773,154.8875,125.15],[135.3657,155.7744,124.0829],[136.64,155.8442,123.5037],[137.1377,156.6057,122.4696],[136.3264,157.6132,121.7046],[135.6319,157.0176,120.54],[134.3866,156.6892,120.5279],[134.1757,156.161,119.2127],[135.39,156.2319,118.5679],[135.6014,155.8627,117.4241],[136.2852,156.7706,119.4055],[136.8502,159.0486,121.5503],[135.6931,158.7935,122.4599],[134.3513,159.3515,122.1216],[140.9102,157.7389,123.024],[141.2648,159.2108,123.2598],[141.6268,154.5873,126.2547],[142.1491,153.5395,125.911],[138.1014,153.7185,131.348],[137.5829,155.0491,131.5557],[139.6341,156.6427,127.9419],[140.8119,157.7895,125.8929],[145.5786,153.8174,123.2551],[148.7187,152.8905,124.8602],[147.7549,152.77,123.3893],[147.472,151.6234,124.7178],[146.2495,154.2529,129.0732],[144.9709,155.4505,128.8825],[146.6616,155.9213,128.5968],[144.0775,155.9627,126.7001],[142.4536,155.7121,120.3202],[143.6377,157.0247,120.364],[141.9494,158.6877,120.6766],[141.1745,157.5454,119.5917],[139.7787,154.8417,123.1775],[138.298,153.5269,125.3609],[136.9715,152.6345,127.0058],[134.6293,154.374,127.9001],[136.3148,154.5579,128.3895],[136.254,152.2949,129.454],[134.939,153.3017,130.0722],[134.0231,150.3476,127.4015],[135.7112,150.537,127.8863],[135.3778,151.416,125.577],[134.0501,152.4329,126.1432],[134.1861,154.8287,125.5973],[134.5385,156.3758,123.7167],[137.2706,156.9078,119.2154],[137.7899,159.326,122.0141],[136.6714,159.5611,120.6102],[135.8727,158.8547,123.5289],[133.5622,158.7167,122.5361],[134.244,160.3498,122.5581],[134.1932,159.4439,121.0425],[140.0727,157.5186,123.6855],[142.1584,159.5204,122.7077],[140.438,159.8604,122.9531],[141.4693,159.3992,124.3189],[137.9954,153.0688,132.1394],[136.9199,155.0515,132.4266],[138.3909,155.7619,131.7487],[136.9977,155.386,130.6947],[138.36018,153.5045,129.88608],[138.61862,153.29079,128.42612],[138.08978,154.16377,127.46492],[138.3477,153.99738,126.09056],[137.77737,154.96085,125.045654],[138.66565,156.04619,124.7381],[138.61217,157.28026,125.331665],[139.60971,158.03299,124.85639],[140.36255,157.31154,123.93787],[141.50722,157.76144,123.216354],[142.19151,156.93388,122.31496],[143.31427,157.39015,121.6125],[143.77728,158.68735,121.79714],[143.11705,159.52817,122.6846],[141.99483,159.06943,123.38564],[139.77592,155.99179,123.84369],[140.11115,155.02734,123.173195],[136.26651,155.19688,125.05426],[136.86871,154.36522,123.96692],[136.85443,154.86566,122.56224],[139.18002,152.9267,125.71086],[139.72227,152.04083,126.651825],[140.63858,150.93546,126.225235],[139.4423,152.24614,128.00304],[139.98103,151.42482,128.91783]]",PROJECTED,real512_o3a_zmatrix_pre_gflownet,not_trained
CAL-ANCHOR-000341,C[C@@H]1c2c(nn(-c3ccccc3)c2C2CCOCC2)CCN1C1CCOCC1,SCAFFOLD_ANCHORED__CAL-ANCHOR-000341__EXIT_10__CUT_9__PHI_60,ALENI_CORE_MINUS_FRAG-A.C[C@@H]1c2c(nn(-c3ccccc3)c2C2CCOCC2)CCN1C1CCOCC1>>SCAFFOLD_ANCHORED_RXN_AMIDE_COUPLING,CAL-ANCHOR-000341,ALENI_CORE_EXIT_10_CUT_9,0.6314959644861937,4.0,1.896064568220901,4.0,1.896064568220901,8.0,4,normal,60.0,zmatrix,true,6,2,campaigns/glp1r_aleniglipron/track_a_generative/ALENI-PARENT_6XOX_frame_o3a_relaxed.sdf,compact_pseudo_ligand_o3a,"[[140.7175,154.8487,127.3529],[140.3245,156.178,127.2565],[140.9153,156.7657,126.2094],[141.7323,155.8573,125.598],[142.4203,156.0754,124.4162],[142.0627,156.8304,123.307],[142.9126,156.3633,122.2747],[143.8222,155.4977,122.7096],[143.6236,155.4409,124.0597],[144.6688,154.9206,124.885],[145.6441,154.088,124.3084],[146.6994,153.5823,125.0794],[147.718,152.6625,124.4785],[146.7584,153.9094,126.4361],[147.758,153.4189,127.1856],[145.8078,154.7445,127.0305],[145.9316,155.1149,128.4775],[144.7742,155.2687,126.2404],[142.7151,156.6525,120.8219],[141.5715,157.6625,120.6056],[140.5137,157.4934,121.6182],[139.2847,156.966,121.2248],[138.9075,157.0176,120.054],[138.468,156.3427,122.2416],[138.8117,155.3277,123.1232],[137.6917,155.0423,123.9459],[137.4785,154.155,125.019],[136.2161,154.0811,125.6334],[136.0069,153.1158,126.7872],[135.5634,153.8258,128.0741],[135.3257,152.8039,129.1775],[134.3613,151.8346,128.7655],[134.7975,151.0861,127.6316],[135.0156,151.9986,126.432],[135.1773,154.8875,125.15],[135.3657,155.7744,124.0829],[136.64,155.8442,123.5037],[137.1377,156.6057,122.4696],[136.3264,157.6132,121.7046],[135.6319,157.0176,120.54],[134.3866,156.6892,120.5279],[134.1757,156.161,119.2127],[135.39,156.2319,118.5679],[135.6014,155.8627,117.4241],[136.2852,156.7706,119.4055],[136.8502,159.0486,121.5503],[135.6931,158.7935,122.4599],[134.3513,159.3515,122.1216],[140.9102,157.7389,123.024],[141.2648,159.2108,123.2598],[141.6268,154.5873,126.2547],[142.1491,153.5395,125.911],[138.1014,153.7185,131.348],[137.5829,155.0491,131.5557],[139.6341,156.6427,127.9419],[140.8119,157.7895,125.8929],[145.5786,153.8174,123.2551],[148.7187,152.8905,124.8602],[147.7549,152.77,123.3893],[147.472,151.6234,124.7178],[146.2495,154.2529,129.0732],[144.9709,155.4505,128.8825],[146.6616,155.9213,128.5968],[144.0775,155.9627,126.7001],[142.4536,155.7121,120.3202],[143.6377,157.0247,120.364],[141.9494,158.6877,120.6766],[141.1745,157.5454,119.5917],[139.7787,154.8417,123.1775],[138.298,153.5269,125.3609],[136.9715,152.6345,127.0058],[134.6293,154.374,127.9001],[136.3148,154.5579,128.3895],[136.254,152.2949,129.454],[134.939,153.3017,130.0722],[134.0231,150.3476,127.4015],[135.7112,150.537,127.8863],[135.3778,151.416,125.577],[134.0501,152.4329,126.1432],[134.1861,154.8287,125.5973],[134.5385,156.3758,123.7167],[137.2706,156.9078,119.2154],[137.7899,159.326,122.0141],[136.6714,159.5611,120.6102],[135.8727,158.8547,123.5289],[133.5622,158.7167,122.5361],[134.244,160.3498,122.5581],[134.1932,159.4439,121.0425],[140.0727,157.5186,123.6855],[142.1584,159.5204,122.7077],[140.438,159.8604,122.9531],[141.4693,159.3992,124.3189],[137.9954,153.0688,132.1394],[136.9199,155.0515,132.4266],[138.3909,155.7619,131.7487],[136.9977,155.386,130.6947],[139.51129,153.96193,127.25965],[138.27547,153.05339,127.16411],[138.70187,151.61334,127.15135],[138.95471,150.9323,125.96598],[139.357,149.68898,126.1552],[139.35117,149.49962,127.515976],[139.69824,148.17613,127.97332],[140.09427,147.22247,127.00912],[140.44164,145.91579,127.36682],[140.39703,145.527,128.69829],[140.006,146.44643,129.66406],[139.6599,147.75781,129.3048],[138.98091,150.70123,128.16702],[138.9013,151.01532,129.64087],[137.67879,150.38957,130.3223],[137.74527,150.54044,131.83408],[139.02054,150.13776,132.32701],[140.05771,151.00932,131.88223],[140.24123,150.90012,130.37648],[138.72765,151.56638,124.65405],[137.49573,152.47673,124.80729],[137.52484,153.43756,125.94047],[136.18814,154.03175,126.17002],[135.1815,153.14082,126.91253],[133.80101,153.80121,126.93357],[133.84883,155.21254,126.7188],[134.91318,155.83528,127.42729],[136.26712,155.40234,126.869]]",PROJECTED,real512_o3a_zmatrix_pre_gflownet,not_trained
CAL-ANCHOR-000511,C[C@@H]1CC1(C(=O)O)c1ccccc1,SCAFFOLD_ANCHORED__CAL-ANCHOR-000511__EXIT_64__CUT_63__PHI_240,ALENI_CORE_MINUS_FRAG-A.C[C@@H]1CC1(C(=O)O)c1ccccc1>>SCAFFOLD_ANCHORED_RXN_AMIDE_COUPLING,CAL-ANCHOR-000511,ALENI_CORE_EXIT_64_CUT_63,0.6314959644861937,1.0,0.47401614205522524,1.0,0.47401614205522524,2.0,1,cryptic_rescue,240.0,zmatrix,true,6,5,campaigns/glp1r_aleniglipron/track_a_generative/ALENI-PARENT_6XOX_frame_o3a_relaxed.sdf,compact_pseudo_ligand_o3a,"[[140.7175,154.8487,127.3529],[140.3245,156.178,127.2565],[140.9153,156.7657,126.2094],[141.7323,155.8573,125.598],[142.4203,156.0754,124.4162],[142.0627,156.8304,123.307],[142.9126,156.3633,122.2747],[143.8222,155.4977,122.7096],[143.6236,155.4409,124.0597],[144.6688,154.9206,124.885],[145.6441,154.088,124.3084],[146.6994,153.5823,125.0794],[147.718,152.6625,124.4785],[146.7584,153.9094,126.4361],[147.758,153.4189,127.1856],[145.8078,154.7445,127.0305],[145.9316,155.1149,128.4775],[144.7742,155.2687,126.2404],[142.7151,156.6525,120.8219],[141.5715,157.6625,120.6056],[140.5137,157.4934,121.6182],[139.2847,156.966,121.2248],[138.9075,157.0176,120.054],[138.468,156.3427,122.2416],[138.8117,155.3277,123.1232],[137.6917,155.0423,123.9459],[137.4785,154.155,125.019],[136.2161,154.0811,125.6334],[136.0069,153.1158,126.7872],[135.5634,153.8258,128.0741],[135.3257,152.8039,129.1775],[134.3613,151.8346,128.7655],[134.7975,151.0861,127.6316],[135.0156,151.9986,126.432],[135.1773,154.8875,125.15],[135.3657,155.7744,124.0829],[136.64,155.8442,123.5037],[137.1377,156.6057,122.4696],[136.3264,157.6132,121.7046],[135.6319,157.0176,120.54],[134.3866,156.6892,120.5279],[134.1757,156.161,119.2127],[135.39,156.2319,118.5679],[135.6014,155.8627,117.4241],[136.2852,156.7706,119.4055],[136.8502,159.0486,121.5503],[135.6931,158.7935,122.4599],[134.3513,159.3515,122.1216],[140.9102,157.7389,123.024],[141.2648,159.2108,123.2598],[141.6268,154.5873,126.2547],[142.1491,153.5395,125.911],[138.1014,153.7185,131.348],[137.5829,155.0491,131.5557],[139.6341,156.6427,127.9419],[140.8119,157.7895,125.8929],[145.5786,153.8174,123.2551],[148.7187,152.8905,124.8602],[147.7549,152.77,123.3893],[147.472,151.6234,124.7178],[146.2495,154.2529,129.0732],[144.9709,155.4505,128.8825],[146.6616,155.9213,128.5968],[144.0775,155.9627,126.7001],[142.4536,155.7121,120.3202],[143.6377,157.0247,120.364],[141.9494,158.6877,120.6766],[141.1745,157.5454,119.5917],[139.7787,154.8417,123.1775],[138.298,153.5269,125.3609],[136.9715,152.6345,127.0058],[134.6293,154.374,127.9001],[136.3148,154.5579,128.3895],[136.254,152.2949,129.454],[134.939,153.3017,130.0722],[134.0231,150.3476,127.4015],[135.7112,150.537,127.8863],[135.3778,151.416,125.577],[134.0501,152.4329,126.1432],[134.1861,154.8287,125.5973],[134.5385,156.3758,123.7167],[137.2706,156.9078,119.2154],[137.7899,159.326,122.0141],[136.6714,159.5611,120.6102],[135.8727,158.8547,123.5289],[133.5622,158.7167,122.5361],[134.244,160.3498,122.5581],[134.1932,159.4439,121.0425],[140.0727,157.5186,123.6855],[142.1584,159.5204,122.7077],[140.438,159.8604,122.9531],[141.4693,159.3992,124.3189],[137.9954,153.0688,132.1394],[136.9199,155.0515,132.4266],[138.3909,155.7619,131.7487],[136.9977,155.386,130.6947],[138.36018,153.5045,129.88608],[138.61751,153.29172,128.43239],[137.84283,154.06723,127.411476],[137.61975,152.55644,127.5264],[136.3317,152.07507,128.11462],[136.24487,151.22974,128.99113],[135.23787,152.65778,127.58],[138.20088,151.66473,126.430336],[137.89304,151.87454,125.07437],[138.41576,151.05276,124.072525],[139.25592,149.99513,124.408134],[139.569,149.75784,125.74331],[139.04387,150.58295,126.74097]]",PROJECTED,real512_o3a_zmatrix_pre_gflownet,not_trained
CAL-ANCHOR-000220,CNc1cc2cc(C(=O)O)ccc2n1-c1ccccc1,SCAFFOLD_ANCHORED__CAL-ANCHOR-000220__EXIT_64__CUT_63__PHI_180,ALENI_CORE_MINUS_FRAG-A.CNc1cc2cc(C(=O)O)ccc2n1-c1ccccc1>>SCAFFOLD_ANCHORED_RXN_AMIDE_COUPLING,CAL-ANCHOR-000220,ALENI_CORE_EXIT_64_CUT_63,0.6268852093671844,3.0,1.3580331156953398,3.0,1.3580331156953398,4.0,2,normal,180.0,zmatrix,true,6,4,campaigns/glp1r_aleniglipron/track_a_generative/ALENI-PARENT_6XOX_frame_o3a_relaxed.sdf,compact_pseudo_ligand_o3a,"[[140.7175,154.8487,127.3529],[140.3245,156.178,127.2565],[140.9153,156.7657,126.2094],[141.7323,155.8573,125.598],[142.4203,156.0754,124.4162],[142.0627,156.8304,123.307],[142.9126,156.3633,122.2747],[143.8222,155.4977,122.7096],[143.6236,155.4409,124.0597],[144.6688,154.9206,124.885],[145.6441,154.088,124.3084],[146.6994,153.5823,125.0794],[147.718,152.6625,124.4785],[146.7584,153.9094,126.4361],[147.758,153.4189,127.1856],[145.8078,154.7445,127.0305],[145.9316,155.1149,128.4775],[144.7742,155.2687,126.2404],[142.7151,156.6525,120.8219],[141.5715,157.6625,120.6056],[140.5137,157.4934,121.6182],[139.2847,156.966,121.2248],[138.9075,157.0176,120.054],[138.468,156.3427,122.2416],[138.8117,155.3277,123.1232],[137.6917,155.0423,123.9459],[137.4785,154.155,125.019],[136.2161,154.0811,125.6334],[136.0069,153.1158,126.7872],[135.5634,153.8258,128.0741],[135.3257,152.8039,129.1775],[134.3613,151.8346,128.7655],[134.7975,151.0861,127.6316],[135.0156,151.9986,126.432],[135.1773,154.8875,125.15],[135.3657,155.7744,124.0829],[136.64,155.8442,123.5037],[137.1377,156.6057,122.4696],[136.3264,157.6132,121.7046],[135.6319,157.0176,120.54],[134.3866,156.6892,120.5279],[134.1757,156.161,119.2127],[135.39,156.2319,118.5679],[135.6014,155.8627,117.4241],[136.2852,156.7706,119.4055],[136.8502,159.0486,121.5503],[135.6931,158.7935,122.4599],[134.3513,159.3515,122.1216],[140.9102,157.7389,123.024],[141.2648,159.2108,123.2598],[141.6268,154.5873,126.2547],[142.1491,153.5395,125.911],[138.1014,153.7185,131.348],[137.5829,155.0491,131.5557],[139.6341,156.6427,127.9419],[140.8119,157.7895,125.8929],[145.5786,153.8174,123.2551],[148.7187,152.8905,124.8602],[147.7549,152.77,123.3893],[147.472,151.6234,124.7178],[146.2495,154.2529,129.0732],[144.9709,155.4505,128.8825],[146.6616,155.9213,128.5968],[144.0775,155.9627,126.7001],[142.4536,155.7121,120.3202],[143.6377,157.0247,120.364],[141.9494,158.6877,120.6766],[141.1745,157.5454,119.5917],[139.7787,154.8417,123.1775],[138.298,153.5269,125.3609],[136.9715,152.6345,127.0058],[134.6293,154.374,127.9001],[136.3148,154.5579,128.3895],[136.254,152.2949,129.454],[134.939,153.3017,130.0722],[134.0231,150.3476,127.4015],[135.7112,150.537,127.8863],[135.3778,151.416,125.577],[134.0501,152.4329,126.1432],[134.1861,154.8287,125.5973],[134.5385,156.3758,123.7167],[137.2706,156.9078,119.2154],[137.7899,159.326,122.0141],[136.6714,159.5611,120.6102],[135.8727,158.8547,123.5289],[133.5622,158.7167,122.5361],[134.244,160.3498,122.5581],[134.1932,159.4439,121.0425],[140.0727,157.5186,123.6855],[142.1584,159.5204,122.7077],[140.438,159.8604,122.9531],[141.4693,159.3992,124.3189],[137.9954,153.0688,132.1394],[136.9199,155.0515,132.4266],[138.3909,155.7619,131.7487],[136.9977,155.386,130.6947],[137.18002,152.95802,130.44095],[136.29204,152.2251,129.56676],[136.41418,150.8855,129.35864],[137.27745,149.9879,129.94879],[136.94687,148.68414,129.50888],[137.47894,147.40971,129.79875],[136.9539,146.27701,129.16185],[137.48,144.91669,129.43],[137.08643,143.8852,128.91714],[138.47754,144.90799,130.3321],[135.91968,146.41309,128.2358],[135.37897,147.669,127.93812],[135.88324,148.80223,128.60939],[135.56416,150.1638,128.51021],[134.55208,150.71584,127.667114],[133.29158,150.11115,127.58861],[132.30754,150.65634,126.76121],[132.57835,151.79948,126.00982],[133.83286,152.40332,126.08432],[134.81999,151.8657,126.91211]]",PROJECTED,real512_o3a_zmatrix_pre_gflownet,not_trained
CAL-ANCHOR-000489,CNC(=O)C1(c2ccccc2)CC1C,SCAFFOLD_ANCHORED__CAL-ANCHOR-000489__EXIT_10__CUT_9__PHI_180,ALENI_CORE_MINUS_FRAG-A.CNC(=O)C1(c2ccccc2)CC1C>>SCAFFOLD_ANCHORED_RXN_AMIDE_COUPLING,CAL-ANCHOR-000489,ALENI_CORE_EXIT_10_CUT_9,0.625116379541494,1.0,0.4995344818340238,1.0,0.4995344818340238,2.0,1,cryptic_rescue,180.0,zmatrix,true,6,4,campaigns/glp1r_aleniglipron/track_a_generative/ALENI-PARENT_6XOX_frame_o3a_relaxed.sdf,compact_pseudo_ligand_o3a,"[[140.7175,154.8487,127.3529],[140.3245,156.178,127.2565],[140.9153,156.7657,126.2094],[141.7323,155.8573,125.598],[142.4203,156.0754,124.4162],[142.0627,156.8304,123.307],[142.9126,156.3633,122.2747],[143.8222,155.4977,122.7096],[143.6236,155.4409,124.0597],[144.6688,154.9206,124.885],[145.6441,154.088,124.3084],[146.6994,153.5823,125.0794],[147.718,152.6625,124.4785],[146.7584,153.9094,126.4361],[147.758,153.4189,127.1856],[145.8078,154.7445,127.0305],[145.9316,155.1149,128.4775],[144.7742,155.2687,126.2404],[142.7151,156.6525,120.8219],[141.5715,157.6625,120.6056],[140.5137,157.4934,121.6182],[139.2847,156.966,121.2248],[138.9075,157.0176,120.054],[138.468,156.3427,122.2416],[138.8117,155.3277,123.1232],[137.6917,155.0423,123.9459],[137.4785,154.155,125.019],[136.2161,154.0811,125.6334],[136.0069,153.1158,126.7872],[135.5634,153.8258,128.0741],[135.3257,152.8039,129.1775],[134.3613,151.8346,128.7655],[134.7975,151.0861,127.6316],[135.0156,151.9986,126.432],[135.1773,154.8875,125.15],[135.3657,155.7744,124.0829],[136.64,155.8442,123.5037],[137.1377,156.6057,122.4696],[136.3264,157.6132,121.7046],[135.6319,157.0176,120.54],[134.3866,156.6892,120.5279],[134.1757,156.161,119.2127],[135.39,156.2319,118.5679],[135.6014,155.8627,117.4241],[136.2852,156.7706,119.4055],[136.8502,159.0486,121.5503],[135.6931,158.7935,122.4599],[134.3513,159.3515,122.1216],[140.9102,157.7389,123.024],[141.2648,159.2108,123.2598],[141.6268,154.5873,126.2547],[142.1491,153.5395,125.911],[138.1014,153.7185,131.348],[137.5829,155.0491,131.5557],[139.6341,156.6427,127.9419],[140.8119,157.7895,125.8929],[145.5786,153.8174,123.2551],[148.7187,152.8905,124.8602],[147.7549,152.77,123.3893],[147.472,151.6234,124.7178],[146.2495,154.2529,129.0732],[144.9709,155.4505,128.8825],[146.6616,155.9213,128.5968],[144.0775,155.9627,126.7001],[142.4536,155.7121,120.3202],[143.6377,157.0247,120.364],[141.9494,158.6877,120.6766],[141.1745,157.5454,119.5917],[139.7787,154.8417,123.1775],[138.298,153.5269,125.3609],[136.9715,152.6345,127.0058],[134.6293,154.374,127.9001],[136.3148,154.5579,128.3895],[136.254,152.2949,129.454],[134.939,153.3017,130.0722],[134.0231,150.3476,127.4015],[135.7112,150.537,127.8863],[135.3778,151.416,125.577],[134.0501,152.4329,126.1432],[134.1861,154.8287,125.5973],[134.5385,156.3758,123.7167],[137.2706,156.9078,119.2154],[137.7899,159.326,122.0141],[136.6714,159.5611,120.6102],[135.8727,158.8547,123.5289],[133.5622,158.7167,122.5361],[134.244,160.3498,122.5581],[134.1932,159.4439,121.0425],[140.0727,157.5186,123.6855],[142.1584,159.5204,122.7077],[140.438,159.8604,122.9531],[141.4693,159.3992,124.3189],[137.9954,153.0688,132.1394],[136.9199,155.0515,132.4266],[138.3909,155.7619,131.7487],[136.9977,155.386,130.6947],[141.66356,154.52394,126.235085],[142.5702,154.2127,125.16384],[142.11974,153.68913,123.975],[140.94518,153.45851,123.716644],[143.2099,153.40192,122.97081],[144.05,152.15486,123.252625],[145.34158,152.23517,123.80351],[146.09366,151.08733,124.06819],[145.56581,149.82968,123.79109],[144.28781,149.72023,123.251656],[143.54083,150.87082,122.988075],[142.897,153.69754,121.49964],[143.86723,154.57414,122.22839],[143.51062,155.9958,122.50622]]",PROJECTED,real512_o3a_zmatrix_pre_gflownet,not_trained
CAL-ANCHOR-000203,CC1c2c(nn(-c3ccccc3)c2C2CCOCC2)CCN1c1ccc(O)cc1,SCAFFOLD_ANCHORED__CAL-ANCHOR-000203__EXIT_10__CUT_9__PHI_120,ALENI_CORE_MINUS_FRAG-A.CC1c2c(nn(-c3ccccc3)c2C2CCOCC2)CCN1c1ccc(O)cc1>>SCAFFOLD_ANCHORED_RXN_AMIDE_COUPLING,CAL-ANCHOR-000203,ALENI_CORE_EXIT_10_CUT_9,0.6235859230882799,3.0,2.0113126152937615,3.0,2.0113126152937615,4.0,2,normal,120.0,zmatrix,true,6,3,campaigns/glp1r_aleniglipron/track_a_generative/ALENI-PARENT_6XOX_frame_o3a_relaxed.sdf,compact_pseudo_ligand_o3a,"[[140.7175,154.8487,127.3529],[140.3245,156.178,127.2565],[140.9153,156.7657,126.2094],[141.7323,155.8573,125.598],[142.4203,156.0754,124.4162],[142.0627,156.8304,123.307],[142.9126,156.3633,122.2747],[143.8222,155.4977,122.7096],[143.6236,155.4409,124.0597],[144.6688,154.9206,124.885],[145.6441,154.088,124.3084],[146.6994,153.5823,125.0794],[147.718,152.6625,124.4785],[146.7584,153.9094,126.4361],[147.758,153.4189,127.1856],[145.8078,154.7445,127.0305],[145.9316,155.1149,128.4775],[144.7742,155.2687,126.2404],[142.7151,156.6525,120.8219],[141.5715,157.6625,120.6056],[140.5137,157.4934,121.6182],[139.2847,156.966,121.2248],[138.9075,157.0176,120.054],[138.468,156.3427,122.2416],[138.8117,155.3277,123.1232],[137.6917,155.0423,123.9459],[137.4785,154.155,125.019],[136.2161,154.0811,125.6334],[136.0069,153.1158,126.7872],[135.5634,153.8258,128.0741],[135.3257,152.8039,129.1775],[134.3613,151.8346,128.7655],[134.7975,151.0861,127.6316],[135.0156,151.9986,126.432],[135.1773,154.8875,125.15],[135.3657,155.7744,124.0829],[136.64,155.8442,123.5037],[137.1377,156.6057,122.4696],[136.3264,157.6132,121.7046],[135.6319,157.0176,120.54],[134.3866,156.6892,120.5279],[134.1757,156.161,119.2127],[135.39,156.2319,118.5679],[135.6014,155.8627,117.4241],[136.2852,156.7706,119.4055],[136.8502,159.0486,121.5503],[135.6931,158.7935,122.4599],[134.3513,159.3515,122.1216],[140.9102,157.7389,123.024],[141.2648,159.2108,123.2598],[141.6268,154.5873,126.2547],[142.1491,153.5395,125.911],[138.1014,153.7185,131.348],[137.5829,155.0491,131.5557],[139.6341,156.6427,127.9419],[140.8119,157.7895,125.8929],[145.5786,153.8174,123.2551],[148.7187,152.8905,124.8602],[147.7549,152.77,123.3893],[147.472,151.6234,124.7178],[146.2495,154.2529,129.0732],[144.9709,155.4505,128.8825],[146.6616,155.9213,128.5968],[144.0775,155.9627,126.7001],[142.4536,155.7121,120.3202],[143.6377,157.0247,120.364],[141.9494,158.6877,120.6766],[141.1745,157.5454,119.5917],[139.7787,154.8417,123.1775],[138.298,153.5269,125.3609],[136.9715,152.6345,127.0058],[134.6293,154.374,127.9001],[136.3148,154.5579,128.3895],[136.254,152.2949,129.454],[134.939,153.3017,130.0722],[134.0231,150.3476,127.4015],[135.7112,150.537,127.8863],[135.3778,151.416,125.577],[134.0501,152.4329,126.1432],[134.1861,154.8287,125.5973],[134.5385,156.3758,123.7167],[137.2706,156.9078,119.2154],[137.7899,159.326,122.0141],[136.6714,159.5611,120.6102],[135.8727,158.8547,123.5289],[133.5622,158.7167,122.5361],[134.244,160.3498,122.5581],[134.1932,159.4439,121.0425],[140.0727,157.5186,123.6855],[142.1584,159.5204,122.7077],[140.438,159.8604,122.9531],[141.4693,159.3992,124.3189],[137.9954,153.0688,132.1394],[136.9199,155.0515,132.4266],[138.3909,155.7619,131.7487],[136.9977,155.386,130.6947],[140.31573,154.11618,126.1071],[139.9055,153.36821,124.83501],[140.65103,153.83377,123.604195],[139.96779,154.54362,122.58763],[140.76529,154.90317,121.58834],[141.92955,154.24644,121.83785],[142.86488,154.09633,120.77182],[143.74265,153.00708,120.71066],[144.63193,152.88037,119.6393],[144.63641,153.82542,118.61492],[143.74017,154.89125,118.64852],[142.84914,155.02173,119.71589],[141.97412,153.7888,123.16641],[143.26724,153.46675,123.882645],[143.70856,154.62366,124.787605],[145.05281,154.31995,125.45033],[145.32764,152.92305,125.56807],[144.16502,152.15718,125.85649],[143.24648,152.13223,124.63917],[138.51437,154.87521,122.616875],[137.97076,154.76639,124.05222],[138.43143,153.51384,124.691605],[137.60997,152.4017,124.548134],[138.0121,151.24483,123.864105],[137.15805,150.14432,123.724464],[135.88403,150.19397,124.273865],[135.01842,149.14746,124.16287],[135.4546,151.32288,124.954185],[136.31337,152.41765,125.08556]]",PROJECTED,real512_o3a_zmatrix_pre_gflownet,not_trained
CAL-ANCHOR-000189,CC(=O)N1CCc2nn(-c3ccccc3)c(-c3ccc(O)cc3)c2C1C,SCAFFOLD_ANCHORED__CAL-ANCHOR-000189__EXIT_10__CUT_9__PHI_240,ALENI_CORE_MINUS_FRAG-A.CC(=O)N1CCc2nn(-c3ccccc3)c(-c3ccc(O)cc3)c2C1C>>SCAFFOLD_ANCHORED_RXN_AMIDE_COUPLING,CAL-ANCHOR-000189,ALENI_CORE_EXIT_10_CUT_9,0.6176858894180511,4.0,2.587769326983387,4.0,2.587769326983387,6.0,3,cryptic_rescue,240.0,zmatrix,true,6,5,campaigns/glp1r_aleniglipron/track_a_generative/ALENI-PARENT_6XOX_frame_o3a_relaxed.sdf,compact_pseudo_ligand_o3a,"[[140.7175,154.8487,127.3529],[140.3245,156.178,127.2565],[140.9153,156.7657,126.2094],[141.7323,155.8573,125.598],[142.4203,156.0754,124.4162],[142.0627,156.8304,123.307],[142.9126,156.3633,122.2747],[143.8222,155.4977,122.7096],[143.6236,155.4409,124.0597],[144.6688,154.9206,124.885],[145.6441,154.088,124.3084],[146.6994,153.5823,125.0794],[147.718,152.6625,124.4785],[146.7584,153.9094,126.4361],[147.758,153.4189,127.1856],[145.8078,154.7445,127.0305],[145.9316,155.1149,128.4775],[144.7742,155.2687,126.2404],[142.7151,156.6525,120.8219],[141.5715,157.6625,120.6056],[140.5137,157.4934,121.6182],[139.2847,156.966,121.2248],[138.9075,157.0176,120.054],[138.468,156.3427,122.2416],[138.8117,155.3277,123.1232],[137.6917,155.0423,123.9459],[137.4785,154.155,125.019],[136.2161,154.0811,125.6334],[136.0069,153.1158,126.7872],[135.5634,153.8258,128.0741],[135.3257,152.8039,129.1775],[134.3613,151.8346,128.7655],[134.7975,151.0861,127.6316],[135.0156,151.9986,126.432],[135.1773,154.8875,125.15],[135.3657,155.7744,124.0829],[136.64,155.8442,123.5037],[137.1377,156.6057,122.4696],[136.3264,157.6132,121.7046],[135.6319,157.0176,120.54],[134.3866,156.6892,120.5279],[134.1757,156.161,119.2127],[135.39,156.2319,118.5679],[135.6014,155.8627,117.4241],[136.2852,156.7706,119.4055],[136.8502,159.0486,121.5503],[135.6931,158.7935,122.4599],[134.3513,159.3515,122.1216],[140.9102,157.7389,123.024],[141.2648,159.2108,123.2598],[141.6268,154.5873,126.2547],[142.1491,153.5395,125.911],[138.1014,153.7185,131.348],[137.5829,155.0491,131.5557],[139.6341,156.6427,127.9419],[140.8119,157.7895,125.8929],[145.5786,153.8174,123.2551],[148.7187,152.8905,124.8602],[147.7549,152.77,123.3893],[147.472,151.6234,124.7178],[146.2495,154.2529,129.0732],[144.9709,155.4505,128.8825],[146.6616,155.9213,128.5968],[144.0775,155.9627,126.7001],[142.4536,155.7121,120.3202],[143.6377,157.0247,120.364],[141.9494,158.6877,120.6766],[141.1745,157.5454,119.5917],[139.7787,154.8417,123.1775],[138.298,153.5269,125.3609],[136.9715,152.6345,127.0058],[134.6293,154.374,127.9001],[136.3148,154.5579,128.3895],[136.254,152.2949,129.454],[134.939,153.3017,130.0722],[134.0231,150.3476,127.4015],[135.7112,150.537,127.8863],[135.3778,151.416,125.577],[134.0501,152.4329,126.1432],[134.1861,154.8287,125.5973],[134.5385,156.3758,123.7167],[137.2706,156.9078,119.2154],[137.7899,159.326,122.0141],[136.6714,159.5611,120.6102],[135.8727,158.8547,123.5289],[133.5622,158.7167,122.5361],[134.244,160.3498,122.5581],[134.1932,159.4439,121.0425],[140.0727,157.5186,123.6855],[142.1584,159.5204,122.7077],[140.438,159.8604,122.9531],[141.4693,159.3992,124.3189],[137.9954,153.0688,132.1394],[136.9199,155.0515,132.4266],[138.3909,155.7619,131.7487],[136.9977,155.386,130.6947],[142.20694,154.77745,127.51562],[143.69847,154.7061,127.67856],[144.1629,154.60907,128.81844],[144.51698,154.72583,126.55734],[145.89757,154.24844,126.773926],[145.97192,152.73665,126.47733],[145.1511,152.41075,125.268715],[145.17935,151.2228,124.681946],[144.28293,151.3021,123.650665],[144.09438,150.13043,122.83792],[144.86406,148.98447,123.12356],[144.7287,147.81413,122.37111],[143.82048,147.76546,121.3205],[143.04926,148.88571,121.0264],[143.18288,150.06061,121.77877],[143.71098,152.58804,123.588264],[142.77788,153.07089,122.578964],[141.39642,153.0,122.80253],[140.50725,153.48737,121.84394],[140.99861,154.04787,120.670135],[140.09299,154.50958,119.76223],[142.36769,154.13322,120.43584],[143.25914,153.64667,121.39483],[144.25458,153.30933,124.64508],[144.13443,154.73569,125.119156],[142.89688,155.52167,124.718025]]",PROJECTED,real512_o3a_zmatrix_pre_gflownet,not_trained
CAL-ANCHOR-000281,CC1CC1(c1ccccc1)n1ccn(-c2ccccc2)c1=O,SCAFFOLD_ANCHORED__CAL-ANCHOR-000281__EXIT_10__CUT_9__PHI_180,ALENI_CORE_MINUS_FRAG-A.CC1CC1(c1ccccc1)n1ccn(-c2ccccc2)c1=O>>SCAFFOLD_ANCHORED_RXN_AMIDE_COUPLING,CAL-ANCHOR-000281,ALENI_CORE_EXIT_10_CUT_9,0.6174644089944067,2.0,1.0602847280447463,2.0,1.0602847280447463,4.0,2,normal,180.0,zmatrix,true,6,4,campaigns/glp1r_aleniglipron/track_a_generative/ALENI-PARENT_6XOX_frame_o3a_relaxed.sdf,compact_pseudo_ligand_o3a,"[[140.7175,154.8487,127.3529],[140.3245,156.178,127.2565],[140.9153,156.7657,126.2094],[141.7323,155.8573,125.598],[142.4203,156.0754,124.4162],[142.0627,156.8304,123.307],[142.9126,156.3633,122.2747],[143.8222,155.4977,122.7096],[143.6236,155.4409,124.0597],[144.6688,154.9206,124.885],[145.6441,154.088,124.3084],[146.6994,153.5823,125.0794],[147.718,152.6625,124.4785],[146.7584,153.9094,126.4361],[147.758,153.4189,127.1856],[145.8078,154.7445,127.0305],[145.9316,155.1149,128.4775],[144.7742,155.2687,126.2404],[142.7151,156.6525,120.8219],[141.5715,157.6625,120.6056],[140.5137,157.4934,121.6182],[139.2847,156.966,121.2248],[138.9075,157.0176,120.054],[138.468,156.3427,122.2416],[138.8117,155.3277,123.1232],[137.6917,155.0423,123.9459],[137.4785,154.155,125.019],[136.2161,154.0811,125.6334],[136.0069,153.1158,126.7872],[135.5634,153.8258,128.0741],[135.3257,152.8039,129.1775],[134.3613,151.8346,128.7655],[134.7975,151.0861,127.6316],[135.0156,151.9986,126.432],[135.1773,154.8875,125.15],[135.3657,155.7744,124.0829],[136.64,155.8442,123.5037],[137.1377,156.6057,122.4696],[136.3264,157.6132,121.7046],[135.6319,157.0176,120.54],[134.3866,156.6892,120.5279],[134.1757,156.161,119.2127],[135.39,156.2319,118.5679],[135.6014,155.8627,117.4241],[136.2852,156.7706,119.4055],[136.8502,159.0486,121.5503],[135.6931,158.7935,122.4599],[134.3513,159.3515,122.1216],[140.9102,157.7389,123.024],[141.2648,159.2108,123.2598],[141.6268,154.5873,126.2547],[142.1491,153.5395,125.911],[138.1014,153.7185,131.348],[137.5829,155.0491,131.5557],[139.6341,156.6427,127.9419],[140.8119,157.7895,125.8929],[145.5786,153.8174,123.2551],[148.7187,152.8905,124.8602],[147.7549,152.77,123.3893],[147.472,151.6234,124.7178],[146.2495,154.2529,129.0732],[144.9709,155.4505,128.8825],[146.6616,155.9213,128.5968],[144.0775,155.9627,126.7001],[142.4536,155.7121,120.3202],[143.6377,157.0247,120.364],[141.9494,158.6877,120.6766],[141.1745,157.5454,119.5917],[139.7787,154.8417,123.1775],[138.298,153.5269,125.3609],[136.9715,152.6345,127.0058],[134.6293,154.374,127.9001],[136.3148,154.5579,128.3895],[136.254,152.2949,129.454],[134.939,153.3017,130.0722],[134.0231,150.3476,127.4015],[135.7112,150.537,127.8863],[135.3778,151.416,125.577],[134.0501,152.4329,126.1432],[134.1861,154.8287,125.5973],[134.5385,156.3758,123.7167],[137.2706,156.9078,119.2154],[137.7899,159.326,122.0141],[136.6714,159.5611,120.6102],[135.8727,158.8547,123.5289],[133.5622,158.7167,122.5361],[134.244,160.3498,122.5581],[134.1932,159.4439,121.0425],[140.0727,157.5186,123.6855],[142.1584,159.5204,122.7077],[140.438,159.8604,122.9531],[141.4693,159.3992,124.3189],[137.9954,153.0688,132.1394],[136.9199,155.0515,132.4266],[138.3909,155.7619,131.7487],[136.9977,155.386,130.6947],[141.66356,154.52394,126.235085],[142.60416,154.20105,125.12371],[143.90396,154.93288,125.016075],[142.84608,155.13031,123.93003],[142.11247,156.471,123.860016],[142.79506,157.69832,123.94365],[142.11818,158.91867,123.86259],[140.73787,158.93878,123.68594],[140.03702,157.74107,123.585915],[140.71927,156.5248,123.668495],[143.06384,154.54347,122.63633],[144.14047,154.8205,121.83556],[144.01341,154.1411,120.690956],[142.83926,153.39711,120.69975],[142.34799,152.54655,119.66624],[141.14052,151.84505,119.79085],[140.6708,151.0122,118.76715],[141.401,150.86302,117.59419],[142.60121,151.54706,117.44535],[143.06848,152.37904,118.47042],[142.18286,153.6462,121.965645],[141.1275,153.2152,122.404655]]",PROJECTED,real512_o3a_zmatrix_pre_gflownet,not_trained
CAL-ANCHOR-000168,C[C@H]1c2c(nn(-c3ccc(O)cc3)c2-c2noc(=O)[nH]2)CCN1c1ccccc1,SCAFFOLD_ANCHORED__CAL-ANCHOR-000168__EXIT_10__CUT_9__PHI_120,ALENI_CORE_MINUS_FRAG-A.C[C@H]1c2c(nn(-c3ccc(O)cc3)c2-c2noc(=O)[nH]2)CCN1c1ccccc1>>SCAFFOLD_ANCHORED_RXN_AMIDE_COUPLING,CAL-ANCHOR-000168,ALENI_CORE_EXIT_10_CUT_9,0.6169370260061695,3.0,1.4475667659444742,3.0,1.4475667659444742,4.0,2,normal,120.0,zmatrix,true,6,3,campaigns/glp1r_aleniglipron/track_a_generative/ALENI-PARENT_6XOX_frame_o3a_relaxed.sdf,compact_pseudo_ligand_o3a,"[[140.7175,154.8487,127.3529],[140.3245,156.178,127.2565],[140.9153,156.7657,126.2094],[141.7323,155.8573,125.598],[142.4203,156.0754,124.4162],[142.0627,156.8304,123.307],[142.9126,156.3633,122.2747],[143.8222,155.4977,122.7096],[143.6236,155.4409,124.0597],[144.6688,154.9206,124.885],[145.6441,154.088,124.3084],[146.6994,153.5823,125.0794],[147.718,152.6625,124.4785],[146.7584,153.9094,126.4361],[147.758,153.4189,127.1856],[145.8078,154.7445,127.0305],[145.9316,155.1149,128.4775],[144.7742,155.2687,126.2404],[142.7151,156.6525,120.8219],[141.5715,157.6625,120.6056],[140.5137,157.4934,121.6182],[139.2847,156.966,121.2248],[138.9075,157.0176,120.054],[138.468,156.3427,122.2416],[138.8117,155.3277,123.1232],[137.6917,155.0423,123.9459],[137.4785,154.155,125.019],[136.2161,154.0811,125.6334],[136.0069,153.1158,126.7872],[135.5634,153.8258,128.0741],[135.3257,152.8039,129.1775],[134.3613,151.8346,128.7655],[134.7975,151.0861,127.6316],[135.0156,151.9986,126.432],[135.1773,154.8875,125.15],[135.3657,155.7744,124.0829],[136.64,155.8442,123.5037],[137.1377,156.6057,122.4696],[136.3264,157.6132,121.7046],[135.6319,157.0176,120.54],[134.3866,156.6892,120.5279],[134.1757,156.161,119.2127],[135.39,156.2319,118.5679],[135.6014,155.8627,117.4241],[136.2852,156.7706,119.4055],[136.8502,159.0486,121.5503],[135.6931,158.7935,122.4599],[134.3513,159.3515,122.1216],[140.9102,157.7389,123.024],[141.2648,159.2108,123.2598],[141.6268,154.5873,126.2547],[142.1491,153.5395,125.911],[138.1014,153.7185,131.348],[137.5829,155.0491,131.5557],[139.6341,156.6427,127.9419],[140.8119,157.7895,125.8929],[145.5786,153.8174,123.2551],[148.7187,152.8905,124.8602],[147.7549,152.77,123.3893],[147.472,151.6234,124.7178],[146.2495,154.2529,129.0732],[144.9709,155.4505,128.8825],[146.6616,155.9213,128.5968],[144.0775,155.9627,126.7001],[142.4536,155.7121,120.3202],[143.6377,157.0247,120.364],[141.9494,158.6877,120.6766],[141.1745,157.5454,119.5917],[139.7787,154.8417,123.1775],[138.298,153.5269,125.3609],[136.9715,152.6345,127.0058],[134.6293,154.374,127.9001],[136.3148,154.5579,128.3895],[136.254,152.2949,129.454],[134.939,153.3017,130.0722],[134.0231,150.3476,127.4015],[135.7112,150.537,127.8863],[135.3778,151.416,125.577],[134.0501,152.4329,126.1432],[134.1861,154.8287,125.5973],[134.5385,156.3758,123.7167],[137.2706,156.9078,119.2154],[137.7899,159.326,122.0141],[136.6714,159.5611,120.6102],[135.8727,158.8547,123.5289],[133.5622,158.7167,122.5361],[134.244,160.3498,122.5581],[134.1932,159.4439,121.0425],[140.0727,157.5186,123.6855],[142.1584,159.5204,122.7077],[140.438,159.8604,122.9531],[141.4693,159.3992,124.3189],[137.9954,153.0688,132.1394],[136.9199,155.0515,132.4266],[138.3909,155.7619,131.7487],[136.9977,155.386,130.6947],[140.31573,154.11618,126.1071],[139.90367,153.3649,124.82938],[140.63489,153.9082,123.62969],[141.60344,153.15628,122.947266],[142.19444,153.84837,121.97738],[141.46837,154.99734,121.8955],[141.64693,155.8507,120.766396],[142.84302,155.77242,120.03564],[143.05116,156.60619,118.93523],[142.05913,157.4973,118.547966],[142.30794,158.29398,117.47119],[140.85316,157.56288,119.23699],[140.64113,156.73108,120.34246],[140.6156,155.139,122.98821],[139.90137,156.30579,123.388466],[138.7017,156.29723,123.86096],[138.41248,157.66696,124.15362],[139.5384,158.3747,123.81675],[139.67451,159.58224,123.92141],[140.45697,157.51903,123.34657],[141.93219,151.74744,123.275055],[141.50679,151.4034,124.713974],[140.15106,151.90518,125.02965],[139.31375,151.1834,125.87529],[137.91713,151.31082,125.79645],[137.06021,150.60054,126.6461],[137.58351,149.73839,127.60141],[138.96149,149.58759,127.701195],[139.81143,150.30096,126.847176]]",PROJECTED,real512_o3a_zmatrix_pre_gflownet,not_trained
