target,site_id,site_rank,site_rank_score,site_classification,site_druggability,site_uv_enrichment_score,site_volume,cluster_id,seed_n,cluster_internal_score,void_score,raw_centroid_x,raw_centroid_y,raw_centroid_z,void_centroid_x,void_centroid_y,void_centroid_z,raw_dcc,void_dcc,dcc_gain,improved,good_raw_dcc_5,good_void_dcc_5,voxel_n_kept,voxel_n_blobs,voxel_peak_score,voxel_mean_score,voxel_blob_voxels
9ig2_chainA,5,4,0.005324935540556908,Unknown,0.5539416074752808,0.848883867263794,135.0,1,3,0.6588726029522837,0.559749138576197,-9.6244836799816,18.27752473846689,14.277120393386767,-9.46284438462947,16.571906510110647,23.365449133322613,17.2409635592062,13.79622988949536,3.444733669710841,True,False,False,21,6,0.5380241095238903,0.5295663573188832,7
9ig2_chainA,515,6,0.0033917324617505074,Cryptic,0.647803783416748,0.8095075488090515,148.0,1,5,0.48158651828153437,0.5391265182198027,-16.436393889618245,21.40280101597679,42.384767774696684,-8.828213673128602,17.969562461945607,38.30843970396454,28.774464772292113,19.925207389824298,8.849257382467815,True,False,False,28,6,0.5410479272251564,0.5342941473568942,4
9ig2_chainA,6,17,0.0014251668471843004,Unknown,0.4687826633453369,1.0,88.0,1,3,0.6588726029522837,0.5137772515550946,-9.593924386386934,18.35303897685448,14.21124094603077,-4.121899254016292,24.71205298933631,12.9338165331181,17.27429955407067,17.56014224102903,-0.285842686958361,False,False,False,20,6,0.5120859654230348,0.5016741898902487,4
9ig2_chainA,6,17,0.0014251668471843004,Unknown,0.4687826633453369,1.0,88.0,2,3,0.733452830318809,0.49083408987270116,-3.269667934094364,20.6209875890597,13.446958618233477,-10.596136329899155,20.54783179827205,19.16549075160837,14.463832676758956,16.828461441725306,-2.3646287649663496,False,False,False,24,6,0.48325696586463435,0.48065263004308295,4
9ig2_chainA,4523,19,0.03213292360305786,ActiveSite,0.6531283855438232,0.7885010838508606,637.0,1,9,0.4683131662837605,0.5981447503226383,-2.6279201832786523,7.109428922504229,20.375656396096737,-3.214543676083062,0.19368376500848014,23.802759593666867,9.756594689561146,15.095007297464218,-5.338412607903072,False,False,False,34,6,0.5568901823900363,0.5386798114289068,12
9ig2_chainA,1523,20,0.03225570172071457,Cryptic,0.6531283855438232,0.800568163394928,637.0,1,3,0.5746623706848173,0.5682998183944918,-11.709710011596899,1.6011072279947753,32.55119692031322,-4.562210020507934,-0.33730755993635875,24.815059706640447,21.55869329214926,16.267222334648554,5.291470957500707,True,False,False,24,6,0.5286856827099086,0.5229427933137529,10
9ig2_chainA,4001,21,0.06936030834913254,ActiveSite,0.6531283855438232,0.7260258793830872,1911.0,1,5,0.395315057254353,0.5608251700308078,-3.3701392647149135,7.158618922294886,18.89268042215091,-7.700308963873105,14.308199799125,21.195429580593906,10.818435754156576,11.97442985398824,-1.1559940998316645,False,False,False,28,6,0.5326700906387871,0.5228593685648539,8
9ig2_chainA,4004,29,0.025832701474428177,ActiveSite,0.6593725681304932,0.8579251766204834,1085.0,1,4,0.6630793392478516,0.5808085082751073,-0.005596727294984096,20.82233239180727,24.86067429587303,-4.672253694016798,15.61353285903616,16.691622327513034,8.441084332651679,11.347998701484617,-2.906914368832938,False,False,False,26,6,0.5449930400875516,0.5324873312394905,10
9ig2_chainA,4515,38,0.0025298779364675283,Cryptic,0.647803783416748,0.8920257091522217,148.0,1,6,0.48615130346740454,0.6166770204462111,-16.719997783846573,24.677187554958753,40.925738896151984,-16.56347792641291,28.313662940720267,33.88560733568962,29.154521144014712,27.30555260781162,1.8489685362030919,True,False,False,24,6,0.5844589842452343,0.5617817401878414,11
9ig2_chainB,7,1,0.020245607942342758,Allosteric,0.7401458024978638,0.7277721762657166,164.0,1,7,0.5521769501164101,0.558872318989579,3.186825907629052,9.556830355947104,82.73286034183099,14.420394021471996,8.721299705056447,76.71446498818338,19.79749704631522,12.984864871575859,6.81263217473936,True,False,False,31,6,0.5470494796821612,0.5292802118026632,6
9ig2_chainB,522,2,0.008245507255196571,Cryptic,0.8051583766937256,0.7481279373168945,218.0,1,4,0.7230867445461129,0.5618413866006053,-5.154844489275565,13.775500433400824,68.53522973313372,-0.4235828309802644,16.22740021499763,61.11615344817288,16.942215532638336,12.795758059196118,4.146457473442219,True,False,False,29,6,0.51899704874788,0.5003548613262143,11
9ig2_chainB,521,3,0.020790228620171547,Cryptic,0.7228531837463379,0.7728230357170105,215.0,1,4,0.6123268774308785,0.5932835302777667,32.062756783430444,7.905747987123259,47.82435048289597,35.34165597189279,2.808007415730249,52.72821736122119,27.868454578504117,29.434701810473978,-1.5662472319698608,False,False,False,28,6,0.5603484419035423,0.5449573853508174,10
9ig2_chainB,521,3,0.020790228620171547,Cryptic,0.7228531837463379,0.7728230357170105,215.0,2,3,0.8328115678602956,0.58918023035805,32.745788975752866,8.55462572289943,53.103342883283524,34.1810423935492,1.9325070341942785,53.845577088957754,25.2784113895654,28.396962240219853,-3.1185508506544544,False,False,False,25,6,0.5562071456968347,0.537900098424034,10
9ig2_chainB,519,5,0.007274954579770565,Cryptic,0.6794591546058655,0.870921790599823,184.0,1,3,0.6801619856171746,0.5712381711881358,27.547926710737457,28.793538025058805,47.47668854059826,29.615402316502443,25.400098873007373,40.0830961260836,28.037190049843943,33.03522549985172,-4.998035450007777,False,False,False,25,6,0.5399301741889051,0.5249514496965566,9
9ig2_chainB,17,6,0.007705381605774164,Cryptic,0.6753491163253784,1.0,253.0,1,4,0.5055744631765745,0.620087693592607,28.040533032397708,31.300730650618064,47.21166739989672,23.429003852504504,37.688527400541645,51.39679740937461,29.831140874473213,29.65415855732901,0.17698231714420487,True,False,False,25,4,0.5691110997486675,0.5566927543005881,15
9ig2_chainB,520,8,0.0,Cryptic,0.5838870406150818,0.7436869740486145,64.0,1,4,0.644372951053011,0.6253660298934929,32.065803313766665,12.00827454739014,58.47108395765553,27.58388806955145,16.768264156476242,67.33899265982198,21.863991555401658,16.37022709874446,5.493764456657196,True,False,False,26,4,0.5841701737074882,0.5675728508701006,13
9ig2_chainB,520,8,0.0,Cryptic,0.5838870406150818,0.7436869740486145,64.0,2,3,0.6395359419162675,0.5701254246368644,32.60587706060645,8.864283634952207,58.50019561782625,34.1947810722422,3.2765375921412208,53.328485455318756,22.922775367015312,28.060664745909286,-5.1378893788939735,False,False,False,23,5,0.5451013576381862,0.5289590238470897,8
9ig2_chainB,19,10,0.0,Unknown,0.5780856013298035,0.8005380630493164,64.0,1,3,0.6395359419162675,0.5716980993701651,32.50662517228504,8.896879775483985,58.43768089441144,34.93421432429011,3.2153746325161427,52.493957909915835,22.842496603582088,29.048470795114127,-6.205974191532039,False,False,False,24,6,0.5339200895815415,0.5229223758593122,10
9ig2_chainB,19,10,0.0,Unknown,0.5780856013298035,0.8005380630493164,64.0,2,5,0.6610896852279259,0.5674386558424236,31.918703207495675,12.02680151652368,59.37219185739241,38.120206994438284,14.508884210037923,59.833011377547784,21.451346924444476,27.216004109552223,-5.7646571851077475,False,False,False,28,6,0.5508840834140706,0.5262190285069304,7
9ig2_chainB,525,17,0.0019176078494638205,Cryptic,0.4487433433532715,1.0,93.0,1,3,0.7330044643442746,0.5482217578063595,16.046664825916977,22.915226670190187,55.40353254567079,8.939734506805918,21.65310843999393,55.780157379049356,13.893324372019206,12.31162985072264,1.5816945212965656,True,False,False,26,6,0.5335337509337087,0.5199535243190367,6
9ig2_chainB,1527,21,0.009418183006346226,Cryptic,0.7413843870162964,1.0,289.6666564941406,1,4,0.6930385196587653,0.5261137300336459,20.972371827341505,2.9355987722886256,40.45054134696854,24.80764972039681,-3.4795616291649463,47.646938676990274,29.109240150349542,28.564343650335406,0.5448965000141364,True,False,False,25,6,0.5074145245529446,0.49430087119295224,6
9ig2_chainB,4009,22,0.04788060858845711,ActiveSite,0.7847995162010193,0.6558361053466797,522.0,1,3,0.6978728524774983,0.6167307362978317,21.016841753989713,9.779350213454277,74.11692482100526,14.204645882675962,12.810977581172013,71.7366491381788,13.709846878526013,7.051388532175251,6.658458346350763,True,False,False,21,6,0.5868540313645256,0.5760502497029468,10
9ig2_chainB,4528,23,0.015344182960689068,Cryptic,0.7413843870162964,1.0,289.6666564941406,1,5,0.6205058942192377,0.5512979109803329,21.326596270418356,2.4022873602203623,42.21037505037757,20.046481512513544,-4.148355274693748,40.591123948081005,27.96256545833407,32.20414552143077,-4.241580063096698,False,False,False,29,6,0.5089392858827537,0.502109045931211,10
9ig2_chainB,1532,26,0.01622464507818222,Cryptic,0.7847995162010193,0.9540567994117737,174.0,1,5,0.5854304507969046,0.592772819193008,20.57959770897689,8.860739312282844,70.31808966905122,15.855739307924107,9.117490652185667,75.15779548693324,11.738200929418376,11.91724683493483,-0.17904590551645327,False,False,False,27,6,0.5572256392193047,0.552552938650796,10
9ig2_chainB,1532,26,0.01622464507818222,Cryptic,0.7847995162010193,0.9540567994117737,174.0,2,4,0.5842825992955377,0.5568514851857291,19.72811656127867,10.907417722237517,66.53654308106837,16.050112598453282,9.479950773993217,73.83315002959044,9.03969402902509,10.77167115109824,-1.7319771220731486,False,False,False,24,6,0.5425446661337671,0.5338166868156949,6
9ig2_chainB,1533,27,0.016491899266839027,Cryptic,0.7847995162010193,0.6804891228675842,174.0,1,3,0.6978728524774983,0.6178189103920237,21.017692016219158,9.779898482481784,74.11875401140404,14.720107625557834,11.860679062269064,75.16400085245655,13.711408087220937,10.569833993685208,3.141574093535729,True,False,False,20,6,0.6025390931707936,0.5807538121419126,8
9ig2_chainB,4534,28,0.013973666355013847,Allosteric,0.7847995162010193,0.9247615337371826,174.0,1,4,0.6923208051126337,0.6193863701833839,21.115092203258968,9.380187883330718,72.87830352089357,14.955634212695085,12.10652076108466,74.76996726122314,13.182672175675643,10.226181132912709,2.9564910427629343,True,False,False,22,6,0.6050705258379891,0.5803639549303276,8
9ig2_chainB,4010,29,0.0506487675011158,ActiveSite,0.7413843870162964,0.8943548798561096,869.0,1,4,0.6930385196587653,0.5379155141531865,20.94804327151064,3.0008520992791086,40.48810854051783,21.61162098641431,-5.067071363935061,40.60512039984083,29.043257871011548,33.176606647515676,-4.133348776504128,False,False,False,27,6,0.5061991437762101,0.4943416664801221,8
9ig2_chainB,3540,30,0.06818269938230515,Cryptic,0.7847995162010193,0.9767225384712219,522.0,1,3,0.5350049338657099,0.5982635847364691,19.993643330835273,8.605444455926191,68.03362015494079,20.66409062431999,1.8205240677786687,65.98677786470192,10.646104311493962,15.629000753594106,-4.982896442100143,False,False,False,23,5,0.5863941447460056,0.5649359736483692,7
9ig2_chainB,1526,31,0.008475732058286667,Cryptic,0.7413843870162964,1.0,289.6666564941406,1,4,0.6930385196587653,0.5462098822384737,20.972130998175714,2.935696604253553,40.450223754126895,20.25896692237818,-4.549975453527439,40.01678351829942,29.10939562164302,32.935900988259775,-3.826505366616754,False,False,False,27,6,0.5026432728105585,0.49713094470654956,10
9ig2_chainB,3538,33,0.037578318268060684,Cryptic,0.7413843870162964,1.0,869.0,1,4,0.6930385196587653,0.5346196095013859,20.971731047751778,2.9372372605278416,40.45160621759034,19.95264009758874,-4.392089377100964,40.3938538049207,29.107468439459325,32.472819251295135,-3.3653508118358104,False,False,False,27,6,0.49349666775177947,0.49276753718346533,9
9ig2_chainB,4521,36,0.020633261650800705,Cryptic,0.7228531837463379,0.8582187294960022,215.0,1,3,0.6628634691815993,0.5652551843430318,32.00752362243478,7.001963624817742,46.12191317756734,34.99519089703077,4.233034693062603,53.966790423487,29.153573067001304,28.086523757477863,1.0670493095234406,True,False,False,23,6,0.5449051451742337,0.5347332202894414,7
9ig2_chainB,4007,41,0.011682379990816116,Allosteric,0.7401458024978638,0.8989976048469543,164.0,1,3,0.60149156419209,0.559593164329292,-0.641786386404482,11.750902173869166,83.5846533469232,2.5499105564457754,6.284478350362639,78.78924251118644,21.99189498819619,18.024983902916293,3.9669110852798966,True,False,False,27,6,0.5438018818034248,0.5100087261758709,7
9ig2_chainB,4519,42,0.00705250957980752,Cryptic,0.6794591546058655,0.8894567489624023,184.0,1,5,0.5470956251315475,0.603258559537775,27.577066307567584,31.774498373987388,47.799378351525355,31.28088537984273,27.45363631429349,41.95313685677634,29.493508804552082,33.35083417378567,-3.857325369233589,False,False,False,22,6,0.5839885832095694,0.5682412152446471,8
9ig2_chainB,4525,44,0.0,Cryptic,0.4487433433532715,1.0,93.0,1,3,0.6991819109632826,0.6019087602908931,27.26408783378789,35.80573540574135,49.2385635516333,24.59136845258847,36.992446477974774,50.38985758742723,31.097031509751908,30.098600362707714,0.9984311470441938,True,False,False,10,3,0.6038876196336856,0.598331034268604,5
9nmx_chainA,1,2,0.0,Unknown,0.502488911151886,0.651981770992279,94.0,1,4,0.5012662555471343,0.5188340165173753,-64.84175889706339,15.803737975762626,-37.90686161841811,-56.835633947537815,13.119989084280954,-37.73464560558895,29.65916499747655,23.806407345607393,5.852757651869158,True,False,False,22,6,0.5059478053802885,0.5012617117245554,5
9nmx_chainA,7,4,0.0,Unknown,0.5165235996246338,0.6583465933799744,56.0,1,9,0.42896715141417613,0.5970786494574735,-36.22868420103509,4.974318659407923,-5.796785275821362,-35.57327956243229,8.480096065046864,-4.8742664860939735,17.2770454300153,19.283747496069225,-2.0067020660539256,False,False,False,35,6,0.5632784757659934,0.5544103711963849,10
9nmx_chainA,4,5,0.0,Unknown,0.5196069478988647,0.7249687314033508,63.0,1,3,0.6689419227590943,0.5643132975169783,-50.82173363649695,14.006752163145832,-33.3521039677374,-51.320722124715516,13.542752560678974,-40.85838034762072,18.8094110390109,24.653520716448305,-5.844109677437405,False,False,False,32,6,0.5517983755059442,0.5410511930123652,6
9nmx_chainA,0,7,0.0,Cryptic,0.4613068699836731,1.0,67.0,1,4,0.5012662555471343,0.5746515954345194,-64.76157050034115,15.715404735174616,-37.91459352625834,-63.40952589315284,5.91994627513168,-40.11569178776136,29.57143464120297,27.126229617096342,2.4452050241066274,True,False,False,26,6,0.5582619944415526,0.5383055156280928,7
9nmx_chainA,10,12,0.03287430852651596,ActiveSite,0.8242324590682983,0.4762657880783081,533.0,1,3,0.7821783433469187,0.5971698866061539,-37.81258455074624,-3.2443500356258475,-13.23473918618867,-35.304688857334035,-2.5081180155573235,-5.73631560498949,11.621019763609649,18.149382640547103,-6.528362876937454,False,False,False,23,6,0.5753822498628955,0.5657684339632314,8
9nmx_chainA,4005,14,0.11477607488632202,ActiveSite,0.6263172626495361,0.49929341673851013,1831.0,1,3,0.7530706708428191,0.5645186106049938,-34.82738265247304,-0.6129911490101164,-14.117278887366098,-45.928396090040614,-4.1818750015206625,-9.291918607409213,12.688478377431366,12.158289231747226,0.5301891456841403,True,False,False,23,6,0.5545117769188924,0.5332592038603604,6
9nmx_chainA,4005,14,0.11477607488632202,ActiveSite,0.6263172626495361,0.49929341673851013,1831.0,2,6,0.529609763336121,0.5639848635960188,-36.50570732386109,-1.8054638656066087,-17.209963618479584,-32.901774598936754,3.9646442956894896,-8.41389980850737,10.422414020742282,17.385121173640293,-6.962707152898011,False,False,False,36,6,0.5750374941097343,0.5481197818630966,4
9nmx_chainA,4521,15,0.02767237462103367,ActiveSite,0.6263172626495361,0.7001466155052185,610.3333129882812,1,6,0.529609763336121,0.562956064800707,-36.50595543761172,-1.804867783420408,-17.20954756740208,-37.399391151396564,5.383004737489692,-10.2618277407066,10.422080209572515,13.22154387823619,-2.799463668663675,False,False,False,34,6,0.5371558960150471,0.5189349749415049,8
9nmx_chainA,4520,16,0.021017203107476234,ActiveSite,0.6263172626495361,0.7498255372047424,610.3333129882812,1,3,0.7530706708428191,0.5735319523362766,-34.791503905775045,-0.5819483594828779,-14.17103926143768,-45.39219571414402,-4.299977623732012,-9.456253413996661,12.68963339305418,12.086980077547139,0.602653315507041,True,False,False,23,6,0.5580365451163164,0.5334400104438969,7
9nmx_chainA,4520,16,0.021017203107476234,ActiveSite,0.6263172626495361,0.7498255372047424,610.3333129882812,2,7,0.5245171182660436,0.5849843659685855,-36.52888229696646,-2.0375595247254426,-17.135110465134108,-36.100708631161424,5.415484874771365,-9.469306814637344,10.506010179879695,14.645818294737747,-4.139808114858052,False,False,False,36,6,0.5418929579787299,0.5216188689953881,12
9nmx_chainA,3522,17,0.1428401917219162,Cryptic,0.6263172626495361,0.5536805987358093,1831.0,1,5,0.590015669628447,0.5568142682578135,-38.081424799702475,-3.189740501206238,-15.985135089541576,-35.57305299710124,5.792519639281415,-9.951153404394718,10.08337768693138,14.769740957667462,-4.6863632707360825,False,False,False,32,6,0.5268026724771007,0.5218739687253635,8
9nmx_chainA,4519,18,0.030680831521749496,ActiveSite,0.6263172626495361,0.6236065030097961,610.3333129882812,1,5,0.5900156696284469,0.5687779652481747,-38.08081109831901,-3.193267110458191,-15.977600564905877,-34.23408937255461,4.918212922958977,-8.932460081484768,10.088497001410152,16.207044840198712,-6.11854783878856,False,False,False,33,6,0.5533821021214974,0.5247970147365485,7
9nmx_chainD,2,3,0.00810576044023037,Cryptic,0.8016400933265686,0.5940975546836853,239.0,1,3,0.7374775921187243,0.5619654464104007,11.92067617677828,-27.348907582921967,36.309085201105596,4.617429881809295,-29.11695028597827,35.24134796092244,47.586280069612926,46.52734453692711,1.0589355326858154,True,False,False,23,6,0.5350403299086633,0.5208574728357207,8
9nmx_chainD,504,5,0.014118495397269726,Cryptic,0.835198700428009,0.5369736552238464,239.0,1,4,0.7497590925495433,0.5487119481239047,12.141504882743785,-26.936852942778085,34.73195775582671,15.576497259528066,-19.914289241469607,28.976463342248085,46.18667205526188,39.042435994414625,7.1442360608472555,True,False,False,23,6,0.53194070176812,0.5275818856949251,6
9nmy_chainD,3,1,0.0010663446737453341,Unknown,0.5289034247398376,0.6836830973625183,104.0,1,3,0.7452929923383885,0.5856693760959691,19.049933120205598,-14.385294866924166,21.904541818438954,22.2521995568703,-17.528282361822868,25.9231294090213,32.53709341498092,38.54223504265922,-6.005141627678299,False,False,False,17,5,0.5556566373484572,0.545996468967179,9
9nr0_chainA,2,1,0.060135941952466965,ActiveSite,0.6071255803108215,0.5984696745872498,1212.0,1,8,0.48872055142301774,0.603705491945806,-36.08181221397968,19.022007732250625,-1.1845363926403782,-29.980347493550727,19.253292772368727,2.5665529552098194,17.26520277757296,18.270488779906177,-1.005286002333218,False,False,False,33,6,0.5801452099185974,0.5565891873634076,9
9nr0_chainA,3,5,0.0,Unknown,0.5581868290901184,0.6087486147880554,73.0,1,3,0.6633788022560156,0.5629511449986706,-40.56580042142503,-7.117776997190691,15.614933848358296,-44.98559766250406,-11.224076853647544,18.73054732450054,20.22021527505349,24.670662212453067,-4.450446937399576,False,False,False,21,6,0.5624840796401417,0.5381044627865095,5
9nr0_chainA,4,6,0.0,Unknown,0.494550883769989,0.8436943888664246,65.0,1,3,0.7552259226973127,0.5654877937246853,-37.40778174821728,12.32610914994096,25.144949708025553,-37.07517476164061,5.4196832437183025,20.221202415073044,13.402740553830693,11.978200768363292,1.4245397854674007,True,False,False,22,5,0.5346181544515982,0.5134636265255512,9
9nr0_chainA,506,7,0.12111455202102661,Cryptic,0.6936384439468384,0.5329245328903198,1212.0,1,8,0.5260688446363003,0.5972112350553168,-35.91334346247884,19.947736675249722,0.0900320011714543,-29.472211696946214,19.717626861638244,2.7142570025197736,16.676692643159463,18.73046723295817,-2.0537745897987065,False,False,False,34,6,0.5701314946809843,0.5566624774332042,9
9nr0_chainA,1,8,0.039809294044971466,ActiveSite,0.8271401524543762,0.5526964068412781,575.0,1,5,0.6906316041419931,0.5694567612976434,-36.33905031026948,9.089898209980433,25.51027906503996,-34.32076155085982,1.599246595482074,21.597873783512025,14.685870779543746,16.666672885121258,-1.9808021055775118,False,False,False,30,6,0.537709485704949,0.523261637816952,9
9nr0_chainA,4512,10,0.03037882409989834,ActiveSite,0.6936384439468384,0.5599032044410706,404.0,1,3,0.5597260234176149,0.5996214809540698,-35.81173316163922,17.461633286845228,2.1799199670289306,-34.397234797131446,9.995013948397482,2.0975457790939096,14.135723909396349,14.50824647200833,-0.3725225626119819,False,False,False,23,6,0.5694450714366001,0.5470830927498948,10
9nr0_chainA,1510,11,0.014888402074575424,Cryptic,0.6936384439468384,0.5894176959991455,404.0,1,5,0.5605730276795853,0.5631489637606858,-36.252624457502456,19.276665503733376,2.4460174973242905,-29.509702005371913,19.43523254739891,2.2375729440504926,14.420666288622707,18.871012305490726,-4.45034601686802,False,False,False,29,6,0.551804037427999,0.5352111229842246,6
9nr0_chainA,1509,18,0.005893487483263016,Cryptic,0.8271401524543762,0.6848759055137634,191.6666717529297,1,4,0.7587319953308337,0.5793282215376436,-37.25037487054072,10.942007221971286,25.405966468990467,-33.53212091172635,2.741712100765911,21.43916090573587,13.819055497573407,16.304836906691193,-2.485781409117786,False,False,False,26,6,0.5260909448605242,0.5088685131245894,14
9nr0_chainA,4507,19,0.0053767915815114975,Allosteric,0.8271401524543762,0.59223872423172,191.6666717529297,1,6,0.6446622557210033,0.5797075676845738,-33.941381472271985,4.515371931399277,25.745284841351967,-36.01785959554669,-2.4692661552316624,26.552444944155713,17.76204940924154,21.574629174513014,-3.8125797652714724,False,False,False,31,6,0.5451011066555648,0.5266314119407796,10
9nr0_chainA,4000,20,0.014419332146644592,Cryptic,0.7431386113166809,0.5860713124275208,210.0,1,6,0.6197433460824936,0.5728235488766554,-49.479611773518805,9.841096865349238,14.40471985584714,-51.632301421489906,15.3805040068824,10.72838683694265,6.876152521877588,8.995041091926739,-2.118888570049151,False,False,False,36,6,0.5533730717944452,0.5450542814418721,7
9nr0_chainA,1508,21,0.0,Cryptic,0.8271401524543762,1.0,191.6666717529297,1,5,0.6906316041419931,0.5550118985794623,-36.390214137468575,9.061092604935027,25.553384886906834,-33.56660199251245,2.098171675737427,21.71638322822014,14.704974043926327,16.826816111518216,-2.1218420675918885,False,False,False,30,6,0.5258062826880444,0.5161003871480399,8
9nr0_chainA,3517,22,0.01853286102414131,Cryptic,0.7431386113166809,0.6334259510040283,210.0,1,6,0.517035262823022,0.5827778558548508,-47.583306168337415,14.144211108956627,6.500890079035174,-51.790127639424746,19.711595661357297,8.241419856586296,7.991736563321004,11.970616037367812,-3.978879474046808,False,False,False,29,6,0.5517927555153203,0.5440964837192822,9
9nr0_chainA,4006,23,0.011478547006845474,Cryptic,0.6526011824607849,0.6199528574943542,219.0,1,6,0.45198800684487617,0.5505102592417688,-23.273214299815546,-3.5524606848233167,22.277442511023903,-19.736913131820224,0.9172471004142871,27.711237183936984,27.4473772745778,30.181981005534386,-2.734603730956586,False,False,False,29,6,0.5373461680322437,0.5190056759258441,6
9nr0_chainB,7,1,0.0077375490218400955,Allosteric,0.5670418739318848,0.5857018828392029,175.0,1,5,0.6196827922762574,0.5387121660303646,-21.145082634385542,45.2255893659317,20.522086724643486,-20.542284923964196,39.3385077204797,14.770203230862402,10.785463742763609,5.61886657292235,5.166597169841259,True,False,False,29,6,0.522054867089215,0.5097119379336671,6
9nr0_chainB,508,2,0.0,Cryptic,0.6255750060081482,0.5200850367546082,66.0,1,11,0.4691481445688607,0.617334144024091,-34.38048305537369,60.12911795725874,13.17511147379064,-32.27814787344624,66.79111107423286,4.938741901529264,26.36319894475611,31.079886426444656,-4.716687481688545,False,False,False,35,6,0.6009503708346756,0.5834933278946322,8
9nr0_chainB,508,2,0.0,Cryptic,0.6255750060081482,0.5200850367546082,66.0,2,3,0.6444504739391892,0.622859457504847,-32.361872027847554,48.06176770216007,11.572335475727238,-37.07271765106862,55.02143390710803,13.613546726422411,17.670525739042052,25.193690384781085,-7.523164645739033,False,False,False,19,4,0.5956674860691957,0.5562662945531467,11
9nr0_chainB,6,3,0.0,Unknown,0.47936272621154785,0.5700610280036926,58.0,1,4,0.5147600007527485,0.619659423912723,-15.579801950649184,32.13012964413745,0.6334803073164645,-16.371754814768654,24.339040353176856,-3.055941790803192,14.462154072755913,22.52934823314586,-8.067194160389947,False,False,False,24,6,0.6034361160859272,0.5870410552712245,8
9nr0_chainB,5,4,0.0033299459610134363,Unknown,0.5008711218833923,0.6020925641059875,94.0,1,4,0.4951002674018708,0.53092691471635,-25.5278332034162,47.0301384128635,19.735320120688204,-26.143336417633535,53.067689140513785,14.70553728975071,13.592238136054974,15.815518276754315,-2.223280140699341,False,False,False,25,6,0.5148398801874293,0.4942343887943967,6
9nr0_chainB,1,5,0.0,Unknown,0.5312714576721191,0.5727500915527344,63.0,1,5,0.6388039830993939,0.600257276895503,-32.18013746413038,62.21225436028788,8.358028532152785,-30.209424950322802,67.68160182872882,6.7714913439557565,26.710478825558425,30.454744463823694,-3.7442656382652686,False,False,False,22,6,0.5770935991623141,0.5756435001868674,8
9nr0_chainB,3,6,0.0,Unknown,0.5206393599510193,0.6138181090354919,61.0,1,3,0.5562693139813415,0.5712662776781559,-24.085372749649437,22.509249343008637,3.1600317587941547,-19.974205406989714,24.245746959409562,10.255573222480724,22.120035555616155,17.46287380738605,4.657161748230106,True,False,False,22,6,0.5446144746870455,0.5362456586447544,8
9nr0_chainB,3,6,0.0,Unknown,0.5206393599510193,0.6138181090354919,61.0,2,4,0.6134002060556853,0.583847998234199,-23.64799580048916,27.530617048662574,5.170318664891125,-28.003639930170536,27.546183341157388,11.801286434080366,17.000378188484465,18.11749417672847,-1.1171159882440058,False,False,False,21,6,0.5584114314757439,0.5543141518617,8
9nr0_chainB,4,8,0.009486878290772438,ActiveSite,0.7298888564109802,0.507169783115387,480.0,1,3,0.7161155915925568,0.5665257967985926,-8.217681278869534,54.86540084603876,8.602575044326683,-15.015838910033132,56.987670475195664,11.974479008439776,16.115750699139788,15.833015518498582,0.28273518064120573,True,False,False,23,6,0.5282085699677435,0.5156233017462932,10
9nr0_chainB,3511,9,0.05853477865457535,Cryptic,0.6067577600479126,0.615142822265625,1097.0,1,3,0.718789189716661,0.5678266233787027,-21.74731394631917,31.452695929077585,-4.077197072749683,-16.158026901934132,35.91844266791277,-8.349728109409252,19.54419354542501,20.91921895091304,-1.3750254054880315,False,False,False,22,6,0.5565548113894484,0.5431594056995986,6
9nr0_chainB,3510,13,0.015325712040066719,Cryptic,0.7298888564109802,0.5907593369483948,480.0,1,3,0.739757368336192,0.5638881022233366,-26.956981988923832,55.71782081901482,21.73059679894881,-23.579113413116175,52.13316187045349,16.085376500238905,20.639456195848194,13.908999935818853,6.7304562600293405,True,False,False,25,6,0.5441708819012661,0.5302841653281104,7
9nr0_chainB,4008,14,0.0021677566692233086,Unknown,0.6270703077316284,0.5651964545249939,79.0,1,3,0.8102827021393386,0.5563587352286529,-5.936840012775319,46.14677144781658,10.484741509781637,-0.3600222841433975,42.96620663507177,9.434337505426633,11.381161243983614,16.01487503381155,-4.633713789827935,False,False,False,21,6,0.5519957522652792,0.5392294779047238,5
9nr0_chainB,4006,15,0.0,Unknown,0.47936272621154785,0.6495619416236877,58.0,1,3,0.5994377801429726,0.6165031769588012,-14.878572568990156,32.413664398819265,1.5538099167274162,-11.230907391939555,27.23400894697502,-2.7385808271925156,13.616777091524137,20.795966819702528,-7.179189728178391,False,False,False,19,6,0.5910400128258632,0.5851695029797701,9
9nr0_chainB,4006,15,0.0,Unknown,0.47936272621154785,0.6495619416236877,58.0,2,3,0.718789189716661,0.620679530984303,-21.767137294130503,31.66520391358971,-4.184400129487308,-16.901254084478524,23.07601250916071,-1.7200075738844922,19.53311101778505,22.67510186846966,-3.1419908506846106,False,False,False,19,4,0.5890303926544875,0.566937215548228,11
9nr0_chainB,4508,16,0.0,Cryptic,0.6255750060081482,0.560096800327301,66.0,1,3,0.6493361592346482,0.606203516694278,-31.800118001899058,60.00583263242186,11.356160955617407,-40.433286120113245,56.69035667734887,13.573385845098825,24.520443137050368,28.911752475685326,-4.391309338634958,False,False,False,23,6,0.5945020770385585,0.5782848534866167,7
9nr0_chainB,4508,16,0.0,Cryptic,0.6255750060081482,0.560096800327301,66.0,2,3,0.8703304052793874,0.6085132783220328,-37.815724909685834,60.993511945384725,14.198398926353578,-42.18446852275348,54.34781354756465,13.306611456481102,29.490238026494875,29.262253348342156,0.22798467815271906,True,False,False,18,6,0.5824709758694704,0.5730693799042047,9
9nr0_chainB,4007,17,0.003548916894942522,Allosteric,0.5670418739318848,0.5765748620033264,175.0,1,3,0.6140675170065549,0.5181036208387666,-19.025536381102825,42.936876493915086,19.81672798398032,-13.537755564336466,47.8323140984321,13.578014379164527,8.629279092064378,7.309679308853752,1.3195997832106254,True,False,False,23,6,0.5200050356849574,0.49756905795736006,4
9nxe_chainA,4,1,0.1002068743109703,ActiveSite,0.6662980914115906,0.7564861178398132,1575.0,1,3,0.6042186591349519,0.5920887357246415,18.21278411520592,17.539879817465614,-11.700497405544239,13.11933731391482,13.222896384721736,-7.404315897871477,24.08642309854947,26.7133029855859,-2.6268798870364307,False,False,False,13,5,0.5768659639868917,0.5650283160563511,7
9nxe_chainA,518,3,0.0766458585858345,Cryptic,0.6412981152534485,0.7969226837158203,1575.0,1,3,0.6042186591349519,0.5680711866734476,18.190522854311936,17.51576246271678,-11.69638061061058,17.60622883247202,10.082476514976598,-4.616175905529862,24.077526138209876,28.276457518213515,-4.198931380003639,False,False,False,14,4,0.5546126759563621,0.5506941623308533,6
9nxe_chainA,519,15,0.002027984941378236,Cryptic,0.5592681169509888,0.8995216488838196,145.0,1,3,0.5503466448768864,0.5825578594934607,32.293577675190946,-8.401440744512424,-32.55497528935646,24.40012438013958,-9.047559617308236,-36.35611535767002,19.963745166269927,16.31715290684844,3.6465922594214852,True,False,False,20,6,0.5584406090318033,0.5477686311008159,8
9nxe_chainA,1524,20,0.011001242324709892,Cryptic,0.667780876159668,0.9927060604095459,511.0,1,3,0.8016512054969269,0.5267236564140526,14.705712948737267,0.923192780623326,-36.835258205737055,13.576429025599362,6.70529371379474,-34.90608661544378,6.988131512940251,5.0906187126247975,1.8975128003154538,True,False,False,23,6,0.5155866434666796,0.5093836874271711,5
9nxe_chainA,4521,25,0.012427055276930332,ActiveSite,0.6662980914115906,0.9882294535636902,525.0,1,3,0.6042186591349519,0.5502206342215933,18.139627068506396,17.438577035154626,-11.679538680438956,18.304521972214268,17.954637254869645,-5.067407738176589,24.052730146982015,30.173010794046046,-6.120280647064032,False,False,False,12,5,0.5544471316422837,0.5462173130101831,4
9nxe_chainA,3530,26,0.08884473890066147,Cryptic,0.6662980914115906,0.7899745106697083,1575.0,1,3,0.6042186591349519,0.5883837504367808,18.139797160248317,17.439563054769017,-11.679840331434876,13.222653411031095,13.40530245378549,-6.86529826902206,24.05296446585411,27.2555059986248,-3.202541532770688,False,False,False,12,3,0.5802965403749987,0.5687844217869507,6
9nxe_chainA,1528,27,0.01568979024887085,Cryptic,0.6412981152534485,0.8344883918762207,525.0,1,3,0.6042186591349519,0.5687406126476664,18.13599539934173,17.43626295451953,-11.679413158578473,12.325603905746405,13.376692147025606,-7.5576281083626435,24.05164009061475,26.76805295853119,-2.716412867916439,False,False,False,13,4,0.5659847507148369,0.5556746200387291,5
9nxn_chainB,507,1,0.006962402258068323,Cryptic,0.7716158032417297,0.4743025600910187,354.0,1,4,0.5456128682489264,0.5910537491954563,10.133019185594863,-38.92540837282424,36.60996051004036,2.626250192826955,-34.69688757522503,34.67963108641722,19.943961969420894,23.798944294578483,-3.8549823251575894,False,False,False,24,6,0.5709627290557607,0.5495511895329317,8
9nxn_chainB,1,2,0.0,Unknown,0.4540725350379944,0.5373905301094055,58.0,1,4,0.5848639668119487,0.6136883327532809,-6.492651451024115,-20.78342910431626,32.788319392426715,-5.298408576257124,-24.660640735623808,26.09117553560743,32.51495641640139,35.58054321323044,-3.065586796829052,False,False,False,21,5,0.5742179964443666,0.5600823279055467,12
9nxn_chainB,5,5,0.007554285228252411,Cryptic,0.7545499801635742,0.523149311542511,380.0,1,3,0.6521533639398565,0.6224935903786191,21.353844908420875,-43.59568221502652,48.180230570609844,23.951629539218505,-40.22077439047741,42.9254825061795,14.885638375969192,16.1743953632901,-1.288756987320907,False,False,False,23,6,0.6017737167895564,0.5802370321968563,9
9nxn_chainB,1509,9,0.01981194131076336,Cryptic,0.5044828653335571,0.5666950345039368,559.0,1,3,0.7065545094264665,0.5782271649877366,15.56651637348926,-20.07307130978449,38.52575641408421,12.991593136391328,-26.44809351515474,39.46017870053499,18.39441189837105,15.129843683696803,3.264568214674247,True,False,False,24,6,0.5712608649676678,0.5473674396155553,6
9o9i_chainA,4,1,0.02992039918899536,Cryptic,0.66121506690979,0.5554456114768982,271.0,1,7,0.44061694197684026,0.5790575375337748,-27.175315697668367,25.065529006582782,-18.503620374292687,-20.230574367092526,16.06583264969556,-14.94442374346434,16.072258189665494,23.301246832201276,-7.228988642535782,False,False,False,30,6,0.5713343941146329,0.5512803326181088,6
9o9i_chainA,507,2,0.0,Cryptic,0.5352538824081421,0.4698486328125,68.0,1,4,0.6596037832125538,0.5915272245540941,-18.014466766540366,8.142004981167087,-17.07367264980412,-22.565191472556776,3.6677848668609454,-12.738292332856899,26.581663133939713,27.804560402325375,-1.2228972683856618,False,False,False,28,6,0.569078774890015,0.5580414173647945,8
9o9i_chainA,1,5,0.11681929230690002,ActiveSite,0.828298032283783,0.5046496391296387,656.0,1,4,0.6095860956146658,0.5651764880449218,-35.11376846852159,19.46029901446893,-12.843359682114922,-37.58201282560871,18.12208038023534,-5.284114626664729,15.595069145135263,22.734307958504715,-7.139238813369452,False,False,False,29,6,0.539099146999179,0.5237215254641503,8
9o9i_chainA,1,5,0.11681929230690002,ActiveSite,0.828298032283783,0.5046496391296387,656.0,2,3,0.7014278693613093,0.6128500032736757,-43.942640403382114,17.92001641992482,-17.955724786344305,-44.50533403989523,18.16274660596123,-9.531456851583412,11.194294127042088,19.18911420141106,-7.99482007436897,False,False,False,19,6,0.6061071073787772,0.5738009377778945,7
9o9i_chainA,1510,7,0.02039995975792408,Cryptic,0.828298032283783,0.6292945742607117,218.6666717529297,1,4,0.6095860956146658,0.6081406591969434,-35.09055549426341,19.508575660898824,-12.827699897824646,-35.10668050963173,18.42850259106514,-5.3874540721055055,15.614668229111503,22.919337837000203,-7.3046696078887,False,False,False,30,6,0.5694365003230474,0.5478838225181463,12
9o9i_chainA,4001,9,0.12840285897254944,Cryptic,0.828298032283783,0.5711053609848022,656.0,1,4,0.6095860956146658,0.5785127007136278,-35.10170716100997,19.501380923233835,-12.818296291745227,-37.76364636869079,18.18091557562075,-5.051707081476193,15.62103054693984,22.948462574264084,-7.327432027324244,False,False,False,30,6,0.5557420567904222,0.53631313198614,8
9o9i_chainA,4000,11,0.023745153099298477,Allosteric,0.6083232760429382,0.5607159733772278,194.0,1,4,0.5580864616698834,0.5896272872442565,-41.424781358344326,16.816829008212252,-19.906010416037436,-45.24614995431095,11.463814223749953,-14.785927184711177,8.871101320878878,16.76064732218416,-7.8895460013052805,False,False,False,19,6,0.5897067154109245,0.5830116077593953,5
9o9i_chainA,3512,12,0.0,Cryptic,0.66121506690979,0.6207398176193237,271.0,1,4,0.616505536447329,0.5908479660732616,-26.76549921351156,29.998532338604186,-20.160761133663513,-28.750060107157914,35.4982074971442,-13.635155317816286,17.72818012047551,23.503106948219923,-5.774926827744412,False,False,False,22,6,0.567988632869104,0.5318104334115394,9
9o9i_chainA,4005,13,0.0,Unknown,0.512814998626709,0.5327818393707275,57.0,1,4,0.6090997644422793,0.5715793097249768,-27.72189844241943,24.455343206245487,-20.454541383001853,-25.762091073591584,22.109611448728874,-28.665483784919243,14.383034681310688,13.630253569800038,0.7527811115106502,True,False,False,25,6,0.551534484564414,0.5448084941810803,7
9o9i_chainA,4005,13,0.0,Unknown,0.512814998626709,0.5327818393707275,57.0,2,3,0.7101857632104007,0.5514060331388844,-32.53445723273795,23.761095826048003,-24.999456231714245,-25.78434958124606,20.127633465784534,-27.439080960256252,8.181613960052074,13.429339876325297,-5.2477259162732235,False,False,False,17,6,0.5462618383421349,0.5331011877061,5
9ohy_chainB,4002,5,0.024250710383057594,Unknown,0.49733465909957886,0.5424827337265015,85.0,1,5,0.6765282914434916,0.6208444529378476,20.773870437735386,-29.738442336406493,-15.364901942334617,27.74382589727345,-31.233341684729623,-18.552597881625438,15.018343314168007,17.999628351846404,-2.981285037678397,False,False,False,23,6,0.5975685325586035,0.5856581937435957,9
9ohy_chainB,4001,8,0.0,Unknown,0.5884119868278503,0.48587027192115784,62.0,1,4,0.5688797685243474,0.562974211982792,13.068192681648846,-19.018639654728194,-4.5666081712822795,21.11221213481303,-20.866659496656965,-2.2259300199789065,17.462133974355595,19.450682938338932,-1.9885489639833374,False,False,False,23,6,0.5359387998892033,0.5229812732609218,8
9qng_chainA,507,1,0.03477148339152336,Cryptic,0.5869463086128235,0.5272281765937805,1840.0,1,3,0.5753735483422912,0.5733840130061669,26.990611938179246,8.875863211814693,-2.8839165041568813,23.131647256144806,16.450836061193513,5.197756253686357,22.663169173938076,27.981970821840083,-5.318801647902006,False,False,False,25,6,0.563607524466792,0.5480250363355529,6
9qng_chainA,507,1,0.03477148339152336,Cryptic,0.5869463086128235,0.5272281765937805,1840.0,2,6,0.4667133405903526,0.571490140599526,28.08353865177826,10.462895309847003,-8.119224919395544,22.499351949721365,13.702858380347704,-2.0579308697028784,18.446611752628577,24.239998377127,-5.7933866244984245,False,False,False,32,6,0.5360010540412143,0.5151194475121796,10
9qng_chainA,507,1,0.03477148339152336,Cryptic,0.5869463086128235,0.5272281765937805,1840.0,3,7,0.4881761963443322,0.5820973012995174,26.540528001537886,11.256480774871203,0.4249021517069198,20.995263913485008,14.101288090918096,-1.2188570238018936,23.87857986267642,25.76218051925537,-1.883600656578949,False,False,False,34,6,0.5571748084800902,0.5495796919241668,8
9qng_chainA,2,2,0.034839000552892685,ActiveSite,0.5194580554962158,0.5121743083000183,1840.0,1,7,0.4881761963443322,0.6024810681127809,26.409624109868357,11.06441540766956,0.558151795845263,21.574763382604445,16.367470377928274,2.4426590207298693,24.12794775951252,27.094868614296757,-2.966920854784238,False,False,False,32,6,0.5650270310602488,0.5539558263718939,11
9qng_chainA,2,2,0.034839000552892685,ActiveSite,0.5194580554962158,0.5121743083000183,1840.0,2,3,0.5442431039754194,0.5273637345228663,28.600972504500227,11.264644934422954,-6.198501633086784,35.537197754325305,22.80807415330767,-5.345324658620454,18.54085147105091,11.924245105278558,6.616606365772352,True,False,False,22,6,0.5432570421339334,0.5241659659394089,3
9qng_chainA,505,6,0.1115419790148735,Cryptic,0.5866591930389404,0.4586273431777954,1840.0,1,6,0.5161916778052164,0.6102643211812394,25.90508626419471,10.830857166370516,2.7424212708914153,21.431361649981824,16.839267496545133,4.369471136776425,26.03915206520698,28.449801379290925,-2.410649314083944,False,False,False,33,6,0.5774252013788346,0.5525780381787826,11
9qng_chainA,4,7,0.03248501196503639,ActiveSite,0.6610003113746643,0.4712466895580292,1367.0,1,3,0.4853972205675682,0.5805691880683113,31.91299797003533,9.010692930058624,9.639945248526752,39.286023124522984,17.352199438122863,6.353997059878042,29.588395546655924,22.50661769177533,7.081777854880595,True,False,False,24,5,0.5263537224470587,0.5142193186216907,14
9qng_chainA,4,7,0.03248501196503639,ActiveSite,0.6610003113746643,0.4712466895580292,1367.0,2,3,0.6736124185220185,0.49658285206644215,27.432208094360824,7.9274449691294,8.755551043257377,38.42922260034203,15.708750741934695,4.502292459597362,30.997379809964293,21.138974202173525,9.858405607790768,True,False,False,24,6,0.522558506097221,0.509554772009679,2
9qng_chainA,4518,8,0.026388613507151604,ActiveSite,0.5194580554962158,0.7270820140838623,613.3333129882812,1,6,0.5161916778052164,0.6084054709958797,25.755627543197114,10.849195814698643,2.8028847425139287,23.13451501919461,16.980594008540898,4.726447372744565,26.162177171301792,27.544640043038665,-1.3824628717368732,False,False,False,29,6,0.6078230454275937,0.5794318831615117,6
9qng_chainA,4508,9,0.012638222426176071,ActiveSite,0.6610003113746643,0.7086837887763977,455.6666564941406,1,3,0.5808285163415682,0.5486953601416777,22.8249202702054,0.8186803718189398,12.551003433542608,28.239206066456195,1.8443047750067632,18.269318490176996,39.320114745388125,41.15586242723457,-1.835747681846442,False,False,False,21,6,0.5097612272112177,0.48642498242042737,10
9qng_chainA,4508,9,0.012638222426176071,ActiveSite,0.6610003113746643,0.7086837887763977,455.6666564941406,2,3,0.7269966043325182,0.5266884325870566,24.209623503991363,-0.2806294973535593,17.164836948516086,24.249496066945316,1.4234178968556628,8.092462572158432,42.7298448431177,35.20390213346654,7.525942709651154,True,False,False,24,6,0.5194892535745446,0.49652408544163007,5
9qng_chainA,4510,10,0.03282015770673752,ActiveSite,0.5866591930389404,0.5004001259803772,613.3333129882812,1,4,0.44693617452516265,0.5164465396122677,27.06248239391857,9.180275751669328,-6.037842964627686,27.581697511525014,14.533748067179877,0.7809251490361744,20.807104185145704,22.336343031110456,-1.529238845964752,False,False,False,24,6,0.5157032304713559,0.5032645187690706,4
9qng_chainA,4510,10,0.03282015770673752,ActiveSite,0.5866591930389404,0.5004001259803772,613.3333129882812,2,8,0.4610638565061977,0.5912038696685392,25.74820558675097,9.740631736118628,3.188026576592139,27.19779348183166,19.09225390834465,7.21301739862733,26.89027230684039,26.918721254228625,-0.028448947388234558,False,False,False,32,6,0.5969895460746821,0.5672253202235961,5
9qng_chainA,4507,11,0.09085509926080704,Cryptic,0.5869463086128235,0.5031033754348755,1840.0,1,9,0.44799068295196987,0.5921710646794263,25.468556476621366,9.266657513057703,4.403272878965758,28.176816622239826,19.220329820442792,7.044137126128387,28.111775279402636,26.271232580949277,1.8405426984533584,True,False,False,33,6,0.5975855227679462,0.5701243710249229,5
9qng_chainA,4511,12,0.01917206309735775,ActiveSite,0.5866591930389404,0.6180766820907593,613.3333129882812,1,9,0.4479906829519699,0.6080405325201503,25.479031759151532,9.2258580835457,4.40809251688172,21.283691541531496,16.446017138117025,4.073865191187863,28.126615023462968,28.405967707774163,-0.27935268431119553,False,False,False,32,6,0.5801045823198357,0.5545349402097819,10
9qng_chainA,3521,13,0.06387368589639664,Cryptic,0.5869463086128235,0.5696819424629211,1840.0,1,7,0.4881761963443322,0.6265003378657938,26.416327916593108,11.066475377578433,0.5546441035087522,20.177788034010664,14.600789534917007,-0.025851549534589378,24.120643999567704,26.955173837854154,-2.83452983828645,False,False,False,32,6,0.5793866702094872,0.5715179873812107,14
9qng_chainA,3521,13,0.06387368589639664,Cryptic,0.5869463086128235,0.5696819424629211,1840.0,2,3,0.5442431039754194,0.5758229676925218,28.568385480269008,11.24287500384711,-6.207998933260936,21.448130715249082,13.160960074670484,-1.606389067289678,18.569436121508875,25.46808306582434,-6.898646944315466,False,False,False,22,6,0.5414592154327943,0.5190445584545244,10
9qng_chainA,1507,14,0.017319053411483765,Cryptic,0.6610003113746643,0.5641791224479675,455.6666564941406,1,4,0.542775416480426,0.5198863262052807,32.23905492776185,10.463042122254866,8.69202334378185,37.47226797859723,7.923250615098281,12.828390533710765,28.095234501617682,31.68884594337287,-3.5936114417551863,False,False,False,27,6,0.4909275530828955,0.4833161038975353,7
9qng_chainA,4509,15,0.013198171742260456,ActiveSite,0.6610003113746643,0.6911365985870361,455.6666564941406,1,3,0.5808285163415682,0.5208411077726738,22.791459353319077,0.8654161922505009,12.535742539937127,28.39649423129019,2.7709810052686823,17.740995802526577,39.30059140649908,40.240351667990375,-0.9397602614912941,False,False,False,20,6,0.4949042169371294,0.47516585420824053,7
9qng_chainA,4509,15,0.013198171742260456,ActiveSite,0.6610003113746643,0.6911365985870361,455.6666564941406,2,3,0.7269966043325182,0.5128096818560659,24.229912758061346,-0.26894227994876874,17.13722796941637,20.659366948205204,6.248175886850426,13.386359457824453,42.69471354545456,38.56284044187457,4.131873103579991,True,False,False,22,6,0.4895065308028522,0.48598160999285184,6
9qng_chainA,3519,16,0.06411242485046387,Cryptic,0.6610003113746643,0.5339054465293884,1367.0,1,4,0.542775416480426,0.5562297993249437,32.26579917750285,10.49003663580009,8.692300374359546,37.75791850050322,9.543492972825245,12.898408936408611,28.076869840024727,31.083047686042026,-3.006177846017298,False,False,False,29,6,0.5371021611704214,0.5149659932113905,7
9qnh_chainA,508,1,0.004224745556712151,Cryptic,0.8157569169998169,0.488459974527359,270.0,1,6,0.5829774068581512,0.5414442936812096,-26.245237261447773,22.271156033430085,-11.946333665682422,-23.022297148500936,20.3967086335115,-15.77172218664642,29.16105274038698,27.501208982157255,1.6598437582297265,True,False,False,32,6,0.5281008911160003,0.5037229981008396,6
9qnh_chainA,510,4,0.0021769029553979635,Cryptic,0.6898545622825623,0.6522933840751648,217.0,1,3,0.6976243524362242,0.5128684921161069,-26.57379230814007,32.456765008295605,-1.6492455236767347,-24.216598912859094,33.60764431172459,-7.17199132491251,29.84807496816765,27.73465700357447,2.1134179645931823,True,False,False,22,6,0.511843421666409,0.4979186599043438,4
9qnh_chainA,4,5,0.002360666636377573,Cryptic,0.6660350561141968,0.7685481905937195,217.0,1,3,0.4589562274162458,0.5350988924103475,-26.227727260504484,26.16347961288446,-7.574671229458971,-28.666568367745484,20.8150170017724,-12.539327090000358,28.39206991746722,31.798058477313507,-3.4059885598462856,False,False,False,21,6,0.48482986560977703,0.4776857355737599,11
9qnh_chainA,5,6,0.0,Unknown,0.5290133953094482,1.0,87.0,1,3,0.6569941679183712,0.5201972402694793,-10.684370108908483,34.21047514849923,-4.970013197121198,-6.535731028484408,28.17969507524608,-3.5149859913189223,15.789999513049755,9.39074293392153,6.399256579128226,True,False,False,23,6,0.5225980402095565,0.49960989040597714,4
9qnh_chainA,507,7,0.0,Cryptic,0.5983368754386902,0.4363425076007843,89.0,1,5,0.5076672186291554,0.6036858247564875,-32.16985487245387,17.01455042478704,-3.4050493591209507,-29.90588424957067,19.983840389938557,-8.806633136650163,35.174288604120655,32.511044122615075,2.663244481505579,True,False,False,34,6,0.5796255733817266,0.5581796701616448,9
9qnh_chainA,4001,8,0.07259376347064972,ActiveSite,0.6243064999580383,0.4903157949447632,2896.0,1,3,0.7118413005892535,0.539773153852055,-24.97262427486454,7.355365829343183,-8.25938272204581,-19.865956518632828,2.4624313677518774,-13.946116208685268,32.34086697312342,32.50010639076173,-0.15923941763831095,False,False,False,27,6,0.5141316578153231,0.5073369017510172,7
9qnh_chainA,3514,9,0.06424632668495178,Cryptic,0.6243064999580383,0.6110804080963135,2896.0,1,3,0.7118413005892535,0.5436319613058791,-24.995495648291538,7.376372562520689,-8.219901366024718,-17.3699889825518,6.734797690003691,-9.464385577766881,32.34515083109657,26.89359784301476,5.451552988081808,True,False,False,26,6,0.5289603478527742,0.5118681018296718,6
9qnh_chainA,1512,10,0.028684256598353386,Cryptic,0.6243064999580383,0.4772616922855377,965.3333129882812,1,8,0.393144666945135,0.5579607248923567,-28.622893055088547,13.649418035740561,-2.906967511597398,-21.789260383117295,16.269804926294974,3.5454190208553413,32.7658936868283,26.887607437889358,5.878286248938942,True,False,False,37,6,0.5297845010376626,0.5179153090762529,8
9qnh_chainA,1512,10,0.028684256598353386,Cryptic,0.6243064999580383,0.4772616922855377,965.3333129882812,2,3,0.7118413005892535,0.5404581945943236,-24.996124007244457,7.375319133179716,-8.22257353772789,-17.884991430532217,4.328419657601614,-6.689431942797634,32.346478895997976,28.668761961348206,3.6777169346497693,True,False,False,24,6,0.5162201279163262,0.5039745776340998,7
9qnh_chainA,4513,11,0.025788811966776848,ActiveSite,0.6243064999580383,0.8439634442329407,965.3333129882812,1,6,0.5236348697420092,0.553944146317587,-27.6144949697409,12.386471751507239,-0.43278437170090384,-21.91234057610173,16.601313201082547,3.151145178402299,32.57677310284961,26.76408989992336,5.812683202926248,True,False,False,32,6,0.5313789364764657,0.5221382084299637,7
9qnh_chainA,4513,11,0.025788811966776848,ActiveSite,0.6243064999580383,0.8439634442329407,965.3333129882812,2,3,0.7118413005892535,0.5361339657102071,-24.997061242524545,7.376104051821347,-8.221130540793647,-18.056351885673298,4.537750425652508,-7.0257490884363625,32.34671223839362,28.65606458702929,3.69064765136433,True,False,False,25,6,0.5175515826640661,0.5114566107146128,6
9qnh_chainA,4512,12,0.02636939100921154,ActiveSite,0.6243064999580383,0.4522961676120758,965.3333129882812,1,3,0.7118413005892535,0.5303368048533483,-24.99145004630661,7.375769467026822,-8.219713302065646,-17.397465302833577,4.729556914550955,-6.790318793601626,32.34207802303436,28.046907601091466,4.2951704219428954,True,False,False,25,6,0.5116565443234043,0.50162968103747,6
9qnh_chainA,4512,12,0.02636939100921154,ActiveSite,0.6243064999580383,0.4522961676120758,965.3333129882812,2,4,0.6308942915281803,0.5589310147310056,-30.805443748329616,17.267981496366225,-7.066957036255574,-27.88443816844421,11.96258810669902,-6.377982926765598,33.77133037377809,32.62329412354312,1.1480362502349735,True,False,False,31,6,0.5197305444530482,0.5052029743311175,10
9qnh_chainA,4511,13,0.02060629241168499,ActiveSite,0.6243064999580383,0.6629576086997986,965.3333129882812,1,3,0.7118413005892535,0.5525340172692971,-24.98642768402738,7.371527435786345,-8.22752857644234,-18.275854824494072,4.624682975793881,-7.23893277720905,32.34085592245192,28.761951916315336,3.578904006136586,True,False,False,25,6,0.5241387555308046,0.5091304438582435,8
9qnh_chainA,4508,15,0.002682329621165991,Cryptic,0.8157569169998169,0.538357138633728,270.0,1,7,0.5320587741226757,0.5946140111081886,-20.828392430963074,22.82518896413116,-12.604665947886785,-17.086792865450153,19.521896429919977,-11.872034052816105,24.074481379111575,20.902041904179057,3.172439474932517,True,False,False,34,6,0.5749677716638578,0.5543361106202778,8
9qnh_chainA,4507,16,0.0,Cryptic,0.5983368754386902,0.49385592341423035,89.0,1,4,0.5766777392456505,0.5707847926356666,-35.60473290417969,18.714695862842586,-2.9503927714869422,-28.531283191129734,16.98559690745255,-6.336163682507388,38.239724721540696,31.602530562050013,6.637194159490683,True,False,False,27,6,0.5516015285746957,0.5406180157011139,7
9qni_chainA,509,1,0.0,Cryptic,0.49061086773872375,0.5117431879043579,2876.0,1,3,0.6900712634850629,0.5654102168666935,-25.18081072689222,-5.66009133921192,9.350705139689456,-30.365097959986905,-11.305675919706394,9.493063079376764,31.6684291371602,25.607648288634792,6.0607808485254075,True,False,False,23,6,0.5535952409949763,0.5406959769215866,6
9qni_chainA,509,1,0.0,Cryptic,0.49061086773872375,0.5117431879043579,2876.0,2,3,0.5730357196827982,0.5800373965459407,-27.248863431077755,-7.018001024089753,8.600558202735654,-31.87197109332743,-13.202608569417437,8.0355814510189,29.643273162416108,23.082093235223557,6.561179927192551,True,False,False,27,6,0.5362928546046377,0.5351235420184285,11
9qni_chainA,1,2,0.11491753160953522,ActiveSite,0.5969634652137756,0.5345813632011414,2876.0,1,6,0.6236411849546488,0.5891263616876304,-24.832153332899995,-3.6549767138244493,11.63051102305426,-18.384084030672003,0.5252040208556036,12.00305406561764,34.41530657085016,40.31446865890057,-5.89916208805041,False,False,False,30,6,0.5687101104150578,0.5472352625760872,8
9qni_chainA,1,2,0.11491753160953522,ActiveSite,0.5969634652137756,0.5345813632011414,2876.0,2,3,0.5730357196827982,0.5587903038287108,-27.25071531513854,-7.0342395889718405,8.58390582072886,-30.129012749090084,-12.604413928947135,10.64263733216009,29.62206216756588,25.09869602287584,4.523366144690041,True,False,False,28,6,0.5468176618839327,0.5296235438425654,6
9qni_chainA,3,3,0.0019847543444484472,Unknown,0.5524132251739502,0.529249370098114,141.0,1,14,0.44525807033190606,0.5543844445787366,-21.88260297421863,-22.186138869754036,15.35944057340345,-15.550767440930533,-21.21311339162912,11.616626329390597,24.462626364505034,26.425034385004405,-1.962408020499371,False,False,False,40,6,0.5333205746985258,0.5180293755140161,7
9qni_chainA,0,4,0.0,Unknown,0.5420923233032227,0.5096822381019592,137.0,1,3,0.7412557016867458,0.5457356519647916,-34.60929019908004,-25.550192598812988,3.7773544843304325,-28.36148709659805,-26.196115484658677,5.389649767160739,10.209669068744601,12.258376813544496,-2.048707744799895,False,False,False,21,6,0.5280440561474032,0.5253645031666895,6
9qni_chainA,2,5,0.003807221772149205,Cryptic,0.6702662110328674,0.6846726536750793,203.0,1,7,0.4665811868162079,0.616829635906543,-28.418198916008524,-25.509038944456933,4.4498502579351396,-29.911027340914636,-20.840908821864026,8.556546446392149,12.10548375590661,17.398486440642873,-5.293002684736264,False,False,False,35,6,0.5772994090814526,0.547220865969967,13
9qni_chainA,4,8,0.0017006800044327974,Unknown,0.5605071783065796,0.625953197479248,122.0,1,8,0.5220395640383815,0.5657288562325086,-27.45342748012091,-9.54225733418102,-5.513390210811914,-24.66869235003911,-3.7911859437393667,-0.2762163418256342,25.21975064706158,31.410005830041005,-6.190255182979424,False,False,False,33,6,0.5461685062776535,0.5329956561507111,7
9qni_chainA,5,9,0.0,Cryptic,0.4838300943374634,1.0,112.0,1,4,0.5240921141598115,0.5448410462570334,-13.482295956572576,-33.23330552762323,6.023843092262424,-15.877474557669348,-30.11861971895774,14.72134801670323,22.344614503532288,25.312617947949956,-2.9680034444176684,False,False,False,27,6,0.5318946657223277,0.5083769935093946,6
9qni_chainA,7,11,0.0,Unknown,0.6595833897590637,0.712959349155426,65.0,1,3,0.706258411196296,0.5712298555439396,-4.95556978126159,-31.954801673261684,1.9515791614867053,-8.088333694581396,-36.31671526822563,0.055813389246425066,29.585121501660083,26.33062275995488,3.254498741705202,True,False,False,19,6,0.5387375106902181,0.5287860278463079,9
9qni_chainA,4510,12,0.027251506224274635,ActiveSite,0.5969634652137756,0.45104101300239563,958.6666870117188,1,8,0.5402996579541346,0.5989433670692926,-24.465174482310815,-2.2179243205639434,12.755380984207616,-17.53116470348722,-0.6234551405455497,12.968291821622085,36.22917908577092,40.05589986708081,-3.826720781309888,False,False,False,34,6,0.5609484907957794,0.5495225770139777,11
9qni_chainA,4510,12,0.027251506224274635,ActiveSite,0.5969634652137756,0.45104101300239563,958.6666870117188,2,3,0.5730357196827982,0.5532129899003921,-27.424858995422127,-7.098823252338501,8.552071797719337,-18.899798653996985,0.7155051853599257,12.041474968888409,29.511936797314306,40.29141126905152,-10.779474471737217,False,False,False,30,6,0.5397974411805925,0.5245526914868274,6
9qni_chainA,1513,13,0.013312355615198612,Cryptic,0.49061086773872375,0.8371591567993164,958.6666870117188,1,9,0.5242725767383898,0.5978543305908177,-24.116224756984973,-1.6108610074619136,13.815501462641398,-18.44478099072213,0.4790740509942313,11.700175966136639,37.29979816587985,40.14411005372046,-2.844311887840611,False,False,False,34,6,0.5656804389126291,0.5504823966365403,10
9qni_chainA,1513,13,0.013312355615198612,Cryptic,0.49061086773872375,0.8371591567993164,958.6666870117188,2,3,0.5730357196827982,0.5586019528361346,-27.425950399561124,-7.1011505924782865,8.549855495973942,-18.92475585926837,0.9348024983742487,11.447702579537895,29.508769558280083,40.26091457401649,-10.752145015736406,False,False,False,29,6,0.5469139675148464,0.5283687955792143,6
9qni_chainA,4514,14,0.033347148448228836,ActiveSite,0.49061086773872375,0.46615099906921387,958.6666870117188,1,9,0.4836297684730705,0.5908816389785415,-26.90642812437288,-6.136607606448115,10.018430402650486,-18.72250509484997,0.3373244503149257,12.20843612122538,31.057410024034827,40.09795434305629,-9.04054431902146,False,False,False,38,6,0.5586932799012383,0.5383272053621798,10
9qni_chainA,4514,14,0.033347148448228836,ActiveSite,0.49061086773872375,0.46615099906921387,958.6666870117188,2,3,0.5730357196827982,0.5638563469489799,-27.230929688645467,-7.022940827816409,8.59167777670884,-24.2764179844062,-11.289061101073564,12.166854721392387,29.639726219852314,28.47284536351398,1.1668808563383344,True,False,False,26,6,0.5367461442018645,0.5247680790757129,8
9qni_chainA,1514,15,0.021844936534762383,Cryptic,0.49061086773872375,0.6145156025886536,958.6666870117188,1,7,0.6287107226935383,0.5939825761428429,-24.385115444206782,-2.9119706108513275,12.205363745630345,-17.290388682571965,-0.7804002125463249,13.77984508041366,35.41992600127323,40.34639219439744,-4.926466193124206,False,False,False,31,6,0.5609130261915148,0.5466177157402878,10
9qni_chainA,1514,15,0.021844936534762383,Cryptic,0.49061086773872375,0.6145156025886536,958.6666870117188,2,3,0.5730357196827982,0.567055589172209,-27.281188463933763,-7.043926412710228,8.58002892807305,-17.32954949464601,-0.41467718046810415,13.869532508040168,29.60481484617114,40.66452338533858,-11.059708539167442,False,False,False,26,6,0.5404011837206011,0.5288854117559642,8
9qni_chainA,4001,16,0.05429188162088394,ActiveSite,0.5969634652137756,0.5002941489219666,2876.0,1,8,0.5402996579541346,0.5808071375852368,-24.475443860094074,-2.1959622648118606,12.769921566579802,-17.95369730259925,0.12463258485429377,12.45823774243774,36.251579072240645,40.31302396935967,-4.061444897119024,False,False,False,33,6,0.563100568684164,0.5533578600931925,7
9qni_chainA,4001,16,0.05429188162088394,ActiveSite,0.5969634652137756,0.5002941489219666,2876.0,2,3,0.5730357196827982,0.5777959355206039,-27.259808934734657,-7.048037189837233,8.57130751331774,-24.279659078909962,-10.134120557044534,12.786655513754539,29.602862150053685,29.70009058036591,-0.09722843031222439,False,False,False,28,6,0.5541343368490517,0.5379543958304747,8
9qni_chainA,4511,17,0.027208931744098663,ActiveSite,0.5969634652137756,0.47495588660240173,958.6666870117188,1,7,0.6287107226935383,0.5855868136921686,-24.386144284280782,-2.9127200491907677,12.203062789527012,-18.38716388526598,0.24547768170414008,12.115625699653677,35.41804155392355,40.117016646635825,-4.698975092712274,False,False,False,32,6,0.5616074577930091,0.5526211436204361,8
9qni_chainA,4511,17,0.027208931744098663,ActiveSite,0.5969634652137756,0.47495588660240173,958.6666870117188,2,3,0.5730357196827982,0.5675582614426312,-27.288281103210124,-7.049516332958155,8.57562783161907,-25.809349802120305,-10.59228477666286,13.683557329839017,29.5965064069298,29.34145484129667,0.25505156563313136,True,False,False,28,6,0.5482565470304057,0.5353565497548793,7
9qni_chainA,1511,18,0.01964944414794445,Cryptic,0.5969634652137756,0.6145156025886536,958.6666870117188,1,7,0.6287107226935383,0.5794881083215395,-24.340234790646953,-2.89068464061973,12.280793839735782,-18.28717264020729,0.5742853643063938,11.908253882031515,35.481995858967814,40.36034359048336,-4.878347731515547,False,False,False,32,6,0.5617718866840298,0.5510809302751428,7
9qni_chainA,1511,18,0.01964944414794445,Cryptic,0.5969634652137756,0.6145156025886536,958.6666870117188,2,3,0.5730357196827982,0.5740731579961548,-27.366445546380497,-7.084604267337146,8.554940687068376,-23.377738555242868,-10.547118886132164,12.194362346900657,29.539191135101074,29.390951447106495,0.14823968799457887,True,False,False,28,6,0.556904692256806,0.5398245605366959,7
9qni_chainA,1510,19,0.01362534798681736,Cryptic,0.5969634652137756,0.8371591567993164,958.6666870117188,1,7,0.6287107226935383,0.5794881083215395,-24.340234790646953,-2.89068464061973,12.280793839735782,-18.28717264020729,0.5742853643063938,11.908253882031515,35.481995858967814,40.36034359048336,-4.878347731515547,False,False,False,32,6,0.5617718866840298,0.5510809302751428,7
9qni_chainA,1510,19,0.01362534798681736,Cryptic,0.5969634652137756,0.8371591567993164,958.6666870117188,2,3,0.5730357196827982,0.5740731579961548,-27.366445546380497,-7.084604267337146,8.554940687068376,-23.377738555242868,-10.547118886132164,12.194362346900657,29.539191135101074,29.390951447106495,0.14823968799457887,True,False,False,28,6,0.556904692256806,0.5398245605366959,7
9qni_chainA,4007,21,0.0,Unknown,0.6595833897590637,0.7238339781761169,65.0,1,3,0.706258411196296,0.5455500679368862,-4.958864839689554,-31.954813840213937,1.9416723107825817,-11.476913267751664,-33.84338605336784,0.5627860826748476,29.58040597188204,22.885694835260413,6.694711136621628,True,False,False,20,6,0.5238544123114268,0.5046225200628356,7
9qnj_chainA,507,1,0.0,Cryptic,0.5744906067848206,0.5234817266464233,1915.0,1,10,0.44107347128121016,0.5679563581117536,27.036678968130634,9.37194365863202,-6.770873952318659,22.28818704214805,4.040537153822526,-0.965854940366357,25.44638315511056,31.698932054437805,-6.252548899327245,False,False,False,39,6,0.5501360659220289,0.5312385967027158,7
9qnj_chainA,507,1,0.0,Cryptic,0.5744906067848206,0.5234817266464233,1915.0,2,3,0.6376976350387672,0.5478056670856237,25.941934761990698,18.303049851285763,-2.2729049362768627,20.233479020327255,15.854987939797192,-4.046019305164952,17.165010606372967,22.402476674848863,-5.2374660684758965,False,False,False,25,6,0.5230957175420966,0.5183662738068466,7
9qnj_chainA,3,2,0.054525990039110184,ActiveSite,0.5225258469581604,0.5068395137786865,1915.0,1,5,0.529873399591859,0.5512243790032854,27.990734842034055,10.738975010527748,-3.590167156717398,33.540293024041304,14.26954902936045,3.2229701277918505,23.5314434356628,20.017430321667725,3.5140131139950768,True,False,False,32,6,0.5369090975005381,0.52399675396147,6
9qnj_chainA,3,2,0.054525990039110184,ActiveSite,0.5225258469581604,0.5068395137786865,1915.0,2,3,0.6376976350387672,0.5570003425927627,25.889785880819627,18.135362717177266,-2.3186050305468973,18.960658130534327,16.920033562242246,-1.684214588070929,17.33721797276836,22.363476841226515,-5.026258868458154,False,False,False,26,6,0.5278800588948274,0.5193028345424975,8
9qnj_chainA,506,3,0.0069664218463003635,Cryptic,0.8263499736785889,0.4786108732223511,239.0,1,3,0.766788040793057,0.5680410860176602,26.494305501920408,21.110247610901503,10.557080454026984,23.14982761518406,28.671965050358878,6.227324263925203,19.43475608386047,14.6824305495502,4.7523255343102715,True,False,False,24,6,0.5587458390737774,0.537110878920317,6
9qnj_chainA,506,3,0.0069664218463003635,Cryptic,0.8263499736785889,0.4786108732223511,239.0,2,3,0.6354068261223649,0.5648248107066807,26.678408557114313,19.806905653740518,18.029326929515026,20.893471392275266,21.350072731646435,13.83579449953982,25.670105534936845,24.148324785995975,1.52178074894087,True,False,False,28,6,0.5135653424172976,0.49433245662915903,13
9qnj_chainA,6,5,0.0,Unknown,0.4687628149986267,0.5044635534286499,57.0,1,3,0.6877173748374462,0.5695209320735097,35.88241270443935,25.752004877371952,4.801404134716692,38.089503822519134,31.20731400087773,1.4409761938181072,10.746990940866338,6.080192391208637,4.666798549657701,True,False,False,19,6,0.5500754220768301,0.5392585590083925,7
9qnj_chainA,2,6,0.0,Cryptic,0.5031553506851196,1.0,66.0,1,3,0.6054198095478636,0.5086224557353403,10.676373405603258,29.850886238465602,0.6373020479687264,4.175414422865737,34.83708208028831,-5.132601921593507,23.79081624656867,29.966403595901962,-6.175587349333291,False,False,False,25,6,0.4852564244026735,0.47885832518980465,6
9qnj_chainA,4515,9,0.025477195158600807,ActiveSite,0.5225258469581604,0.7643850445747375,638.3333129882812,1,3,0.6376976350387672,0.5879263963158048,25.969523338701126,18.393123232047333,-2.1906894189588892,19.2198076868809,17.546261876145675,-0.39335016994785704,17.073531803401185,21.81036918734651,-4.736837383945325,False,False,False,27,6,0.5435483236105577,0.5309490824280446,12
9qnj_chainA,4513,10,0.02560773305594921,ActiveSite,0.5225258469581604,0.5144375562667847,638.3333129882812,1,8,0.41406135624109247,0.563539365376299,26.118327851610882,7.083201280087488,-4.150115350595619,23.445865766703925,-0.4068177614473818,-7.154480337287187,27.582938851404297,35.78569965979632,-8.202760808392025,False,False,False,35,6,0.5291622829736563,0.5214530670869311,9
9qnj_chainA,4513,10,0.02560773305594921,ActiveSite,0.5225258469581604,0.5144375562667847,638.3333129882812,2,3,0.6376976350387672,0.5429566004819979,25.968154757934727,18.390405039018738,-2.1201404074335524,22.567389956762227,10.049458549478421,-2.2561411852670394,17.07774966451486,26.052403562468818,-8.974653897953957,False,False,False,24,6,0.5259692206924087,0.5182124609814536,6
9qnj_chainA,4507,11,0.10744065046310425,Cryptic,0.5744906067848206,0.5092899203300476,1915.0,1,4,0.5955788260618478,0.5453229858860309,25.050996776031443,9.648522384087727,5.888594483513261,20.369273938999175,14.210502880200753,8.424844045147923,26.766216799848618,25.966111095892064,0.8001057039565538,True,False,False,27,6,0.5485890041611586,0.5407679856460275,4
9qnj_chainA,4507,11,0.10744065046310425,Cryptic,0.5744906067848206,0.5092899203300476,1915.0,2,3,0.6211988825018543,0.5583500006753176,25.26585206318884,6.997149534374699,0.2612062910168801,24.631681655327647,0.9383090016721272,-5.5315440239202225,27.997928475583546,33.98584449405496,-5.987916018471413,False,False,False,24,6,0.5387047361131893,0.5203586313992646,7
9qnj_chainA,4507,11,0.10744065046310425,Cryptic,0.5744906067848206,0.5092899203300476,1915.0,3,3,0.6376976350387672,0.5518938422991033,25.96131155097202,18.368250525929238,-2.132528057354086,20.154685320339414,15.27566331496926,3.200946003612912,17.10029160611243,23.537717090652265,-6.437425484539833,False,False,False,24,6,0.5396833624149125,0.518327709468843,6
9qnj_chainA,3517,12,0.0669797733426094,Cryptic,0.5744906067848206,0.5742222666740417,1915.0,1,5,0.5264387204153065,0.5453583001563209,27.63180001729624,9.199578655117248,-2.9964213062310967,25.603499322400967,2.8359830359447864,-0.108109983635402,25.08955439006676,31.84069339403413,-6.751139003967371,False,False,False,29,6,0.5289844988120322,0.5204213054642923,6
9qnj_chainA,3517,12,0.0669797733426094,Cryptic,0.5744906067848206,0.5742222666740417,1915.0,2,3,0.6376976350387672,0.5727693507969219,25.97706338738646,18.41984075241862,-2.0786624604162123,19.342382599664614,16.85843958544782,-1.7344702129823364,17.048414019158443,22.15323475778467,-5.104820738626227,False,False,False,25,6,0.5353640690258427,0.5235856997991173,10
9qnj_chainA,4511,13,0.02582894265651703,ActiveSite,0.5744906067848206,0.63447105884552,638.3333129882812,1,3,0.6016112669725253,0.5810652997634984,25.33576129566079,10.894451150811939,3.8326405272957937,21.42886694699314,17.268097454731897,0.42111374313885175,24.972166396106562,20.694206276545984,4.2779601195605785,True,False,False,23,6,0.5459826210549277,0.5305551505374733,10
9qnj_chainA,4511,13,0.02582894265651703,ActiveSite,0.5744906067848206,0.63447105884552,638.3333129882812,2,3,0.6211988825018543,0.5627955062876775,25.023523306132294,6.817219249013716,0.9353073164117347,24.041589085673195,0.9717324236121656,-4.226624454648436,28.31648629720221,34.02778957111378,-5.711303273911568,False,False,False,23,6,0.5361483882284387,0.5214065826828345,8
9qnj_chainA,4511,13,0.02582894265651703,ActiveSite,0.5744906067848206,0.63447105884552,638.3333129882812,3,3,0.6376976350387672,0.5634502369210588,25.961314119991645,18.368258461354653,-2.1325396809679247,19.18478138750894,16.908972018357453,0.306278498671465,17.100283185884592,22.37802238339348,-5.277739197508886,False,False,False,24,6,0.5220379211601818,0.5203001109831995,10
9qnj_chainA,1514,14,0.01238610502332449,Cryptic,0.5225258469581604,0.8003396987915039,638.3333129882812,1,3,0.6376976350387672,0.5685042621865825,25.905990873651007,18.1870416403767,-2.3226968527114322,19.6277379892024,16.885351905051525,0.3445920010195771,17.28393049299461,22.10998353258227,-4.826053039587659,False,False,False,25,6,0.522692796551586,0.5216580588940557,11
9qnj_chainA,4508,15,0.009503213688731194,ActiveSite,0.6173040270805359,0.5725340247154236,444.6666564941406,1,4,0.5450429530896916,0.5748192527742901,23.125721937831656,0.1744726958462203,16.89311756071339,24.30277576632611,8.174868064375747,14.441185954258726,39.999660911142136,31.91140193073134,8.088258980410796,True,False,False,26,6,0.5646107590052889,0.5519407229260538,6
9qnj_chainA,1508,16,0.008068161085247993,Cryptic,0.6173040270805359,0.8478601574897766,444.6666564941406,1,4,0.5450429530896916,0.5790293986961784,23.12533622200085,0.17353546198284686,16.894571686081004,23.652155140790956,7.737691302441683,14.41998590188463,40.0012485070478,32.449228734396286,7.552019772651512,True,False,False,25,6,0.5552761063829683,0.5404109607231178,8
9qnj_chainA,4005,18,0.04337412491440773,ActiveSite,0.6173040270805359,0.5723589658737183,1334.0,1,6,0.4895684565367389,0.6121831649654904,23.30204084205399,1.2797758340133687,14.787488294879527,24.642925794012434,5.135745365594365,20.764331978275322,38.03710996067255,37.79259366930988,0.24451629136267172,True,False,False,29,6,0.5914404483518654,0.5622680275537091,9
9qnj_chainA,3515,21,0.0029210031498223543,Cryptic,0.8263499736785889,0.5451279282569885,239.0,1,3,0.5170426879043601,0.5465528338848507,15.839374559035734,19.361824158276725,20.207343516114463,15.621963518970706,24.291817139094867,13.930708657327752,32.267358668708425,26.257895374009863,6.009463294698563,True,False,False,20,6,0.5225704868889163,0.5138091074258172,7
9qnk_chainA,509,2,0.11402365565299988,Cryptic,0.5868663787841797,0.4665418863296509,1819.0,1,6,0.7199713051208041,0.5967237967954916,30.366153757936193,10.721149377246778,-1.2293134985904486,32.15982470517812,16.228276553597755,2.3468428799954406,22.325877778934906,21.195380055702536,1.13049772323237,True,False,False,31,6,0.5619682863573326,0.5351103900699243,11
9qnk_chainA,3,3,0.040975600481033325,ActiveSite,0.5190325379371643,0.5160654783248901,1819.0,1,8,0.5065874027986421,0.5859340684125653,28.095605037894366,9.406183296459934,-5.541850362372459,32.4034851102669,16.193445552771106,2.0287523598912776,26.624414984510437,21.40036592982389,5.224049054686546,True,False,False,32,6,0.5588562674207117,0.5369211328153328,9
9qnk_chainA,4,5,0.0,Cryptic,0.5792620182037354,1.0,161.0,1,4,0.5481674954307045,0.5739392124391263,12.453644146745008,31.0919436123302,5.273955747390299,14.687825326455137,34.213471234964715,-0.08598078041371016,38.037269451340684,41.335277420954746,-3.298007969614062,False,False,False,23,6,0.5436785876239852,0.5262743122874983,9
9qnk_chainA,510,7,0.03287297114729881,Cryptic,0.5803795456886292,0.5264412760734558,1819.0,1,12,0.4631878616059637,0.5781606550587463,29.097497444608635,10.559123369607608,-6.685440277471024,26.343801832283543,2.4022810242201134,-0.5231654941674564,27.69895605929478,22.08442827763795,5.614527781656829,True,False,False,39,6,0.5476463040157855,0.5344864471122476,9
9qnk_chainA,6,9,0.0,Unknown,0.4948877990245819,0.5193548798561096,92.0,1,5,0.5413401147100333,0.6089956928554143,26.875452949350603,20.1752523832961,14.016047607066403,18.272128473375897,18.19720006568262,11.2586146871488,18.84461230625917,23.535561382753748,-4.690949076494579,False,False,False,30,6,0.5598921496263295,0.5473519542245759,14
9qnk_chainA,6,9,0.0,Unknown,0.4948877990245819,0.5193548798561096,92.0,2,3,0.5638390931080067,0.5663750595341615,15.807524587212265,23.10521626990366,13.182129991763865,19.692097269582476,16.260239454897345,10.232269470416142,27.86784923670005,21.80347526402786,6.06437397267219,True,False,False,21,6,0.5543317884758722,0.5431264109460149,6
9qnk_chainA,1526,10,0.02161572501063347,Cryptic,0.5190325379371643,0.5352442264556885,606.3333129882812,1,8,0.4870533266661969,0.5732912569971221,27.420048783666665,7.832071199044104,-2.9410471491870096,32.14829481158135,17.082061928996875,1.5589183491160805,24.116817404964728,22.32043914240356,1.7963782625611664,True,False,False,37,6,0.5553492977655212,0.5409700876382083,7
9qnk_chainA,4518,11,0.02355332486331463,ActiveSite,0.5803795456886292,0.5896472334861755,606.3333129882812,1,3,0.5629731809726233,0.5408933112349346,27.33441362674563,10.137716849884491,-3.384617895685732,27.275602476531645,2.6608894568245507,-0.2434596375437607,24.99713190485337,21.442288257410475,3.554843647442894,True,False,False,24,6,0.5243764984406738,0.5130723620642752,6
9qnk_chainA,4518,11,0.02355332486331463,ActiveSite,0.5803795456886292,0.5896472334861755,606.3333129882812,2,6,0.49061151819769255,0.5781123341823416,27.880550683834823,7.978168090567523,-4.481530733749493,29.152102151503,2.1556730181476653,1.2318181630398923,25.44208884893648,19.459470633986633,5.982618214949845,True,False,False,28,6,0.5807116639383636,0.5546707597356433,5
9qnk_chainA,4525,13,0.020868409425020218,ActiveSite,0.5190325379371643,0.6279658675193787,606.3333129882812,1,9,0.4925497939663119,0.5776113637249014,27.50480947188681,8.32882299307152,-2.3222399184724396,31.808416534766135,16.53157187289017,1.9844512403993337,23.59239298018376,21.71519876500786,1.8771942151759013,True,False,False,37,6,0.5545769807298495,0.5355929442393691,8
9qnk_chainA,4510,14,0.07905858755111694,Cryptic,0.5803795456886292,0.5104759335517883,1819.0,1,9,0.4925497939663119,0.584981753973655,27.5137037397343,8.360271549848644,-2.306362909993038,32.09363378649468,16.346657683987814,1.973090056290516,23.580141335036767,21.57590328785957,2.0042380471771963,True,False,False,36,6,0.5585703864241529,0.5330886738595976,9
9qnk_chainA,1516,18,0.00920795276761055,Cryptic,0.5868663787841797,0.9137690663337708,606.3333129882812,1,7,0.5072427582544977,0.5833721650480269,27.86838254024344,8.468352201428488,-3.5502168687883127,31.89095388046211,16.782133316304453,1.238347282658653,24.646261125441132,22.44908823712054,2.1971728883205905,True,False,False,32,6,0.5633901293585809,0.5357542178116195,8
9qnk_chainA,1519,19,0.009187613613903522,Cryptic,0.5803795456886292,0.9137690663337708,606.3333129882812,1,7,0.5072427582544977,0.5833721650480269,27.86838254024344,8.468352201428488,-3.5502168687883127,31.89095388046211,16.782133316304453,1.238347282658653,24.646261125441132,22.44908823712054,2.1971728883205905,True,False,False,32,6,0.5633901293585809,0.5357542178116195,8
9qnk_chainA,1517,20,0.01872004196047783,Cryptic,0.5868663787841797,0.5352442264556885,606.3333129882812,1,7,0.5072427582544977,0.5833721650480269,27.86838254024344,8.468352201428488,-3.5502168687883127,31.89095388046211,16.782133316304453,1.238347282658653,24.646261125441132,22.44908823712054,2.1971728883205905,True,False,False,32,6,0.5633901293585809,0.5357542178116195,8
9qnk_chainA,1520,21,0.01867869310081005,Cryptic,0.5803795456886292,0.5352442264556885,606.3333129882812,1,7,0.5072427582544977,0.5833721650480269,27.86838254024344,8.468352201428488,-3.5502168687883127,31.89095388046211,16.782133316304453,1.238347282658653,24.646261125441132,22.44908823712054,2.1971728883205905,True,False,False,32,6,0.5633901293585809,0.5357542178116195,8
9qnk_chainA,4514,23,0.030767878517508507,ActiveSite,0.6892939805984497,0.5693493485450745,424.0,1,3,0.9106780985299371,0.4817006928784043,26.888237968024818,17.333949553887916,13.236390520666045,35.6952878544374,13.7138440123817,14.078400338458023,16.789272267491206,10.920128416740507,5.869143850750699,True,False,False,20,6,0.488123908962564,0.47503344052404944,3
9qnl_chainA,3,1,0.0031108157709240913,Allosteric,0.5877894163131714,0.7141578197479248,193.0,1,3,0.628729153315038,0.6135901118183491,-24.901672996430776,-25.012137247928354,1.8945179382233817,-29.181507864818844,-20.90905581615656,8.904049836061668,14.060269584056911,21.243755365874346,-7.183485781817435,False,False,False,26,6,0.5690617974057405,0.5405226937561644,14
9qnl_chainA,0,2,0.0,Unknown,0.4740293025970459,0.5236222147941589,80.0,1,8,0.475151567031586,0.5774725975157102,-34.95495886558899,-21.39519584312959,-0.6712573223262883,-36.260923876652484,-13.919521895253194,3.651983827014311,22.908129107865015,29.55251751086632,-6.6443884030013045,False,False,False,38,6,0.5533387290476045,0.5389234311607094,8
9qnl_chainA,1,3,0.12432348728179932,ActiveSite,0.5150522589683533,0.5403020977973938,2838.0,1,8,0.5011177233723917,0.5813200936815552,-24.12909498120925,-8.274979631799921,6.473605761107488,-16.165991183314567,-1.787956619073708,14.208271673056668,30.405550490910517,38.414509685173904,-8.008959194263387,False,False,False,34,6,0.5750993424396472,0.550357031300715,6
9qnl_chainA,1,3,0.12432348728179932,ActiveSite,0.5150522589683533,0.5403020977973938,2838.0,2,4,0.5975320917950966,0.5954729602456884,-25.183645753090396,-6.449335283202018,5.986424873512657,-27.656726584067158,-10.637154056475511,11.774289603350097,32.28211123505442,30.45261725023837,1.8294939848160539,True,False,False,29,6,0.5644871286992116,0.542453803104501,10
9qnl_chainA,1,3,0.12432348728179932,ActiveSite,0.5150522589683533,0.5403020977973938,2838.0,3,3,0.620165123115838,0.6005831539592242,-34.57072328495156,-13.24665544082133,8.709696354312648,-27.470814215893085,-10.881401412443843,11.972351571808211,30.062185363718932,30.25469484695622,-0.19250948323728778,False,False,False,27,6,0.5556552092888369,0.5363321055593742,13
9qnl_chainA,508,4,0.0010478319600224495,Cryptic,0.6480921506881714,0.6626113057136536,115.0,1,5,0.5105959661049694,0.5444292645481036,-11.161307323215297,-25.527578251616255,13.367223997074897,-9.184951385673386,-29.753336037884814,19.714560290848237,19.102105597150434,22.654693721527696,-3.5525881243772623,False,False,False,30,6,0.513804197658409,0.5021939933375614,8
9qnl_chainA,4,7,0.0,Unknown,0.4777293801307678,0.6489668488502502,60.0,1,3,0.6328139776814041,0.5476790359926198,-28.866125671958898,-18.23955862073969,-3.243494386930297,-27.657733918291406,-27.12429168511607,-0.43833484039152465,22.2369889825664,13.771268511561136,8.465720471005266,True,False,False,22,6,0.5258583176812835,0.5087546678894691,7
9qnl_chainA,5,8,0.0,Unknown,0.5478298664093018,0.5671274065971375,64.0,1,8,0.5090662355611382,0.5734530940857901,-27.498261304269228,-11.558339843566959,-10.266413124638138,-23.468379931002726,-13.271141459624552,-17.39083145176863,29.687217967272463,30.84885842795134,-1.1616404606788748,False,False,False,29,6,0.5618934408083552,0.5539412136235886,6
9qnl_chainA,2,11,0.007189685944467783,Cryptic,0.8140251040458679,0.4791128933429718,315.0,1,3,0.7008060862269897,0.5858632607776871,-27.312941397219497,-18.62019376041169,16.944604126759618,-20.286520398850694,-19.167278104877532,14.198612823461373,26.311959692839963,22.867015781161257,3.444943911678706,True,False,False,26,6,0.5453897376620171,0.5146488090702134,12
9qnl_chainA,509,12,0.0,Cryptic,0.5622265338897705,0.4613349735736847,80.0,1,8,0.47167732254322353,0.5406575305982696,-33.962243867793426,-20.058567067463557,-1.6256643059424507,-31.015185732574132,-24.26991847765006,3.069521147599505,23.308131433776296,18.193546442268822,5.114584991507474,True,False,False,42,6,0.534870120715265,0.5163817572903538,5
9qnl_chainA,1512,13,0.019334934651851654,Cryptic,0.5150522589683533,0.6431534290313721,946.0,1,7,0.650418441773859,0.607118250251147,-23.30012048176214,-5.54537468718277,9.37808006432404,-19.216709770031684,1.445626064467088,10.356957529975725,33.55062990615645,40.28612224310089,-6.735492336944439,False,False,False,33,6,0.572401355861067,0.5531751814610649,11
9qnl_chainA,4001,14,0.04126105085015297,ActiveSite,0.5150522589683533,0.48687443137168884,2838.0,1,7,0.650418441773859,0.5998328696265097,-23.300012867994308,-5.55004354867976,9.376146008772563,-16.776032762892385,-1.0299806265780538,13.3305695818853,33.545650325527724,38.79513761033546,-5.249487284807735,False,False,False,33,6,0.6034323909150241,0.5894310742823372,5
9qnl_chainA,4001,14,0.04126105085015297,ActiveSite,0.5150522589683533,0.48687443137168884,2838.0,2,3,0.6646255277308989,0.6061958807608229,-25.72064211086001,-3.939308704489923,8.18717269193007,-27.037799632486536,-10.358287246956971,11.956593614888622,35.20867874292311,30.596522668106637,4.612156074816475,True,False,False,25,6,0.5681979442462012,0.5421852375872941,12
9qnl_chainA,1511,15,0.03150995820760727,Cryptic,0.5150522589683533,0.5872660279273987,946.0,1,9,0.5134267042816489,0.6008536667030394,-24.082254962032977,-6.854064873717904,7.536543055989505,-16.507379915028064,-1.356160400959394,13.899758112352112,31.979608630099897,38.69073689491285,-6.711128264812956,False,False,False,34,6,0.590143817407279,0.5656999473320825,7
9qnl_chainA,1511,15,0.03150995820760727,Cryptic,0.5150522589683533,0.5872660279273987,946.0,2,4,0.5975320917950966,0.6099419133404064,-25.194119225653996,-6.406817911996847,6.028934583531604,-26.774050541619285,-10.423889910657463,11.34225172726302,32.33204408703747,30.25125202330338,2.080792063734087,True,False,False,28,6,0.5750676433554198,0.5385888783802507,12
9qnl_chainA,1513,16,0.03485848009586334,Cryptic,0.5150522589683533,0.6056780219078064,946.0,1,3,0.620165123115838,0.6161657631084614,-34.585067195092606,-13.303887461579658,8.661892578586043,-27.478846531234883,-10.875833309317064,12.078696479432386,30.01067376003934,30.301023301142706,-0.2903495411033674,False,False,False,27,6,0.5668630177405852,0.5443893684061276,15
9qnl_chainA,1513,16,0.03485848009586334,Cryptic,0.5150522589683533,0.6056780219078064,946.0,2,7,0.6193964372654506,0.5933328776065849,-24.481453583649945,-6.6413874018352015,8.660828377796209,-16.11841394189132,-1.2789288538181587,13.689775814093904,32.50147367501636,38.71980186534217,-6.218328190325806,False,False,False,36,6,0.5954754013626424,0.5827913302279534,5
9qnl_chainA,1513,16,0.03485848009586334,Cryptic,0.5150522589683533,0.6056780219078064,946.0,3,3,0.6646255277308989,0.5926666311571892,-25.71804742516016,-3.9275644695356684,8.208636182032565,-27.51360467042509,-10.600621906692517,12.171399502596946,35.22390166652733,30.58882510489399,4.635076561633344,True,False,False,23,5,0.5647427986789372,0.5514527199492191,9
9qnl_chainA,4513,17,0.033981382846832275,ActiveSite,0.5150522589683533,0.4596303403377533,946.0,1,7,0.5407027192921751,0.5924204799258229,-24.149797445737267,-7.350964411125727,7.547554038099386,-26.374201713975918,-11.96612614645821,11.273418247111973,31.513842805611517,28.73709576477287,2.7767470408386465,True,False,False,34,6,0.5520788221619053,0.5457345643567199,11
9qnl_chainA,4513,17,0.033981382846832275,ActiveSite,0.5150522589683533,0.4596303403377533,946.0,2,3,0.620165123115838,0.6153964647322558,-34.59196784610914,-13.349471716719831,8.620070584287074,-27.486841185947025,-10.219807237010258,11.709876220218675,29.966390662873785,30.75394326258477,-0.7875525997109847,False,False,False,27,6,0.5851295932563256,0.5531994823320185,11
9qnl_chainA,4513,17,0.033981382846832275,ActiveSite,0.5150522589683533,0.4596303403377533,946.0,3,3,0.6646255277308989,0.5982097621013103,-25.71924473392483,-3.930510617630131,8.205814158678207,-28.142806886746804,-10.88122759693842,12.106418756370365,35.2207194597881,30.500029450303895,4.720690009484205,True,False,False,23,6,0.5792516087471805,0.5583923950650876,8
9qnl_chainA,3513,18,0.0035197287797927856,Cryptic,0.8140251040458679,0.5312066674232483,315.0,1,11,0.48307364644243905,0.5626623616981815,-21.742520850782384,-22.20217351806131,15.998519774793529,-17.515393176345505,-19.913516485818224,12.046283064398603,21.83449447457622,21.056272633235263,0.7782218413409581,True,False,False,42,6,0.5451545415332458,0.5209585688984003,7
9qwj_chainD,509,2,0.0029175891540944576,Cryptic,0.6650000214576721,0.5480837821960449,110.0,1,4,0.5525535253927655,0.610038001625956,-7.16130423111208,25.59756067996356,6.841439651861212,-3.956080348937968,17.399106856504105,6.161325875226075,40.311295766223594,40.41840313689459,-0.1071073706709953,False,False,False,20,5,0.5932307206379795,0.5721014790432193,8
9qwj_chainD,8,11,0.0,Unknown,0.5082430839538574,0.5212090611457825,67.0,1,3,0.8027389015317774,0.6009713784439235,-10.226334990666759,24.54850499956514,-25.55497331829687,-10.67855414775629,28.751373237806778,-19.557369824122226,8.231218702336617,15.020788507922857,-6.78956980558624,False,False,False,18,4,0.5727090781261288,0.5670860481795178,9
9qwj_chainD,7,12,0.0028950832784175873,Unknown,0.658750057220459,0.51316899061203,110.0,1,3,0.5990566838769474,0.5358520582590942,-8.063345799376528,27.309743087800204,6.439368246132793,-2.5784127163539123,24.728441090727145,7.305051483428856,39.966669831172254,41.63915266677032,-1.6724828355980677,False,False,False,16,6,0.5377224518988774,0.5287296423637582,4
9qwj_chainD,1511,13,0.013059464283287525,Cryptic,0.6845110654830933,0.6603549718856812,558.3333129882812,1,3,0.7388858231083156,0.6139674816998965,-14.31227682428166,16.38155800144105,-35.031118526970246,-11.61336536560523,10.541269330001805,-31.736748974596324,6.377121867607087,11.9118310312088,-5.534709163601713,False,False,False,24,6,0.5852263069087666,0.5675240811944873,10
9qwj_chainD,1511,13,0.013059464283287525,Cryptic,0.6845110654830933,0.6603549718856812,558.3333129882812,2,3,0.5913179667943586,0.566494380716395,-11.399593001000069,6.50687127062583,-33.73461171957438,-9.387539581116359,13.33930736163062,-31.87871904108173,15.91041701225146,9.793946182713906,6.116470829537553,True,False,False,17,6,0.5733282548747916,0.5662223949785412,4
9qwj_chainD,4512,14,0.017258942127227783,ActiveSite,0.6845110654830933,0.7367053031921387,558.3333129882812,1,4,0.6552252493575631,0.6193206253943618,-14.29517384528503,16.061790046839214,-28.597125036023424,-11.209098357623821,16.147145942263613,-37.741392532723246,7.622133455191087,8.097471052992896,-0.4753375978018086,False,False,False,30,6,0.5819282391419833,0.5631855023436966,12
9qwj_chainD,1513,15,0.009850128553807735,Cryptic,0.6845110654830933,0.6288023591041565,558.3333129882812,1,4,0.6552252493575631,0.6164149094903866,-14.495124716113587,16.16370317177168,-28.61971100640002,-11.555087264784337,6.789587122627519,-29.118402584309848,7.556804237839254,16.033585498540045,-8.476781260700792,False,False,False,29,6,0.6180142560040869,0.5863576412604434,6
9qwj_chainD,4004,16,0.056556373834609985,ActiveSite,0.6845110654830933,0.6001481413841248,1675.0,1,4,0.6552252493575631,0.6101592305550191,-14.495124716113587,16.16370317177168,-28.61971100640002,-11.590661058032822,16.131664869549187,-37.58823852961987,7.556804237839254,7.929758786430235,-0.37295454859098154,False,False,False,30,6,0.5850715613852508,0.5728472381428494,9
9qwj_chainD,4513,17,0.01778380014002323,ActiveSite,0.6845110654830933,0.6921597123146057,558.3333129882812,1,4,0.6552252493575631,0.623305861337593,-14.291149784338254,16.059096375698132,-28.60024463311575,-11.72108254620586,6.814929170434086,-29.840071969994554,7.622033089111737,15.838652738040935,-8.216619648929198,False,False,False,30,6,0.6276616092210157,0.5894585025414568,6
9qwj_chainT,4,3,0.0024726937990635633,Unknown,0.6093999147415161,0.5513772368431091,132.0,1,6,0.6617912992272454,0.6086082368484068,56.861601723485194,27.233963744531025,54.91448010253046,58.17083961162433,24.09044983100115,48.845099555344866,56.02648677524829,58.29236458624975,-2.2658778110014595,False,False,False,29,6,0.5908877365465223,0.5725673534527096,8
9qwj_chainT,507,4,0.0,Cryptic,0.5496923923492432,1.0,135.0,1,3,0.739524374770193,0.5909246986136512,78.39676173284907,0.18667120597443645,97.44492673980996,74.02048439320404,2.4535979550520017,103.17176233461403,8.684648834501933,13.461438082928916,-4.776789248426983,False,False,False,13,4,0.5940860441758006,0.5752658461205208,5
9qwj_chainT,2,5,0.06175461411476135,ActiveSite,0.5277388691902161,0.5030727982521057,1844.0,1,3,0.6178068764096222,0.5591465270085616,62.89712626563449,9.941409281534925,90.81083622610241,61.46822361869751,7.588495379780503,85.57342136575893,22.1689724004272,22.78604145533579,-0.6170690549085904,False,False,False,25,6,0.5496979394890272,0.5220437575252616,6
9qwj_chainT,2,5,0.06175461411476135,ActiveSite,0.5277388691902161,0.5030727982521057,1844.0,2,4,0.5240380190826478,0.5468977969889397,62.653666208814165,20.46081089872597,86.73639735923537,61.00163897368365,12.570346052462098,91.32955214239018,31.990376265933754,25.303155505414438,6.687220760519317,True,False,False,28,6,0.524317453998914,0.5098562798387699,7
9qwj_chainT,7,6,0.0138598857447505,Cryptic,0.770350456237793,0.5267655253410339,321.0,1,3,0.8062395799007098,0.5648926754144998,86.80119787315843,13.339349238555831,85.46218192017948,93.6279396348214,7.775506634102451,84.4804383031991,25.206550212552223,25.4239442145465,-0.2173940019942755,False,False,False,22,6,0.5605201684727864,0.5541948261595603,5
9qwj_chainT,7,6,0.0138598857447505,Cryptic,0.770350456237793,0.5267655253410339,321.0,2,4,0.6376706359833677,0.6113730690222341,78.60238737853261,2.70916363172692,97.838405180066,75.6863405428297,1.7318502448863249,103.92527176857091,11.161484343062327,13.313092312034744,-2.1516079689724172,False,False,False,24,6,0.5745175576522795,0.5675716194950597,11
9qwj_chainT,1509,7,0.009986083023250103,Cryptic,0.5277388691902161,0.6217749714851379,614.6666870117188,1,5,0.4832469664814825,0.5671706597633095,62.68949360252497,20.07872350121295,89.13460998120155,60.801004727580136,13.035423223278643,90.43190791171392,31.14523460454305,25.91574698891098,5.22948761563207,True,False,False,33,6,0.5583737134152594,0.5339681560387461,6
9qwj_chainT,1509,7,0.009986083023250103,Cryptic,0.5277388691902161,0.6217749714851379,614.6666870117188,2,3,0.6178068764096222,0.5268617295616327,62.91559830040353,9.95098839303169,90.80158811219606,61.90101012092091,3.3288791681344967,90.37185061528461,22.16716494901971,18.269643158649327,3.8975217903703836,True,False,False,26,6,0.5161569679744781,0.5082204985147267,5
9qwj_chainT,1508,8,0.011457016691565514,Cryptic,0.5277388691902161,0.6385589241981506,614.6666870117188,1,3,0.6178068764096222,0.5862175731078765,62.90874024127955,9.940097947999716,90.81202069393684,59.95664953611855,9.860081378507736,85.81231873198755,22.16089076242007,25.205060802897727,-3.044170040477656,False,False,False,26,6,0.5787586675445582,0.5629516218413606,6
9qwj_chainT,1508,8,0.011457016691565514,Cryptic,0.5277388691902161,0.6385589241981506,614.6666870117188,2,4,0.6458865739600975,0.6247485709608566,61.88944127419676,19.493918388825936,90.9387317314425,60.46455919230595,12.218704226930583,89.04209146665018,30.725984021250863,25.72853634688202,4.997447674368843,True,False,False,30,6,0.5968634098966475,0.5618251093939759,11
9qwj_chainT,4507,9,0.010912078432738781,ActiveSite,0.5277388691902161,0.5903339982032776,614.6666870117188,1,3,0.6178068764096222,0.5822135948142716,62.91914663806009,9.948543372348277,90.80390099755398,61.356201052290196,7.289675668588037,86.12884258587921,22.16276158052356,22.449154317591884,-0.28639273706832213,False,False,False,26,6,0.5561514222801953,0.5271095115305421,9
9qwj_chainT,4507,9,0.010912078432738781,ActiveSite,0.5277388691902161,0.5903339982032776,614.6666870117188,2,4,0.5240380190826478,0.6004258161172915,62.64053936933618,20.458086584120405,86.75664311882434,61.026767864466485,12.527701479770421,89.9962323131926,31.988600039846954,25.452052255389567,6.536547784457387,True,False,False,29,6,0.576050899347906,0.5296358278542599,10
9qwj_chainT,4508,10,0.01322268508374691,ActiveSite,0.5277388691902161,0.6297189593315125,614.6666870117188,1,5,0.4832469664814825,0.6139305030151092,62.69047885984037,20.07656894259457,89.10622708090163,60.673660483079615,13.3031558330217,90.4568121056881,31.147732552230753,26.199703360549474,4.948029191681279,True,False,False,32,6,0.5845388427017909,0.5477896130485232,11
9qwj_chainT,4508,10,0.01322268508374691,ActiveSite,0.5277388691902161,0.6297189593315125,614.6666870117188,2,3,0.6178068764096222,0.5636238603797208,62.918557807685104,9.94836406239165,90.80407551319057,61.46345810292348,7.196948777030316,85.9056200134028,22.162938190338604,22.401817532095038,-0.23887934175643366,False,False,False,27,6,0.5532570968989801,0.5328631627987114,6
9qwj_chainT,4002,11,0.04567944258451462,ActiveSite,0.5277388691902161,0.5723555088043213,1844.0,1,5,0.4832469664814825,0.6188486791803667,62.69305853433391,20.075452097206977,89.11355739474949,60.79501495431856,12.862496777054924,90.28433116526492,31.144389596555268,25.805131273051465,5.3392583235038025,True,False,False,32,6,0.6057224262274932,0.5491791705323001,9
9qwj_chainT,4002,11,0.04567944258451462,ActiveSite,0.5277388691902161,0.5723555088043213,1844.0,2,3,0.6178068764096222,0.5609214048588183,62.91355607589255,9.94020602288876,90.81188978480829,60.954451227764416,7.609576871646054,86.57722920686054,22.15815760168458,22.76531414053751,-0.6071565388529301,False,False,False,27,6,0.5515933897999605,0.5247579332660116,6
9qwj_chainT,3509,14,0.011980836279690266,Cryptic,0.8325151801109314,0.5414665341377258,371.0,1,4,0.6136297727133502,0.6484014054330449,52.85301544137844,23.32224187612157,53.550264945647285,50.8343808187514,17.02944034468514,49.61976261594005,56.22130099410059,56.97017046653954,-0.7488694724389546,False,False,False,23,6,0.6069264753152446,0.5915189586237551,14
9qwj_chainT,4000,15,0.014580209739506245,Cryptic,0.8325151801109314,0.5310696363449097,371.0,1,5,0.6100821139121911,0.639289296516819,53.74846594137241,24.55534338678706,52.96244015235164,54.15768145561378,14.962376847095989,51.48916333346213,56.976918058922244,53.17897864636522,3.797939412557021,True,False,False,27,5,0.6006483063000889,0.5836352530607792,13
9qwj_chainT,4005,17,0.0,Unknown,0.5142711997032166,0.5835049748420715,88.0,1,7,0.6410694777016628,0.6161674164970983,58.664350214076315,26.879302961202168,57.80141633532272,61.30163187843931,33.13198270881063,59.20401934552326,53.18770967749449,55.80249748104515,-2.614787803550662,False,False,False,30,6,0.5893890834556311,0.564994731403187,10
9qwj_chainT,4005,17,0.0,Unknown,0.5142711997032166,0.5835049748420715,88.0,2,4,0.47884979086068064,0.5547682174299855,63.10341284900025,24.046549633964883,58.30721608561445,64.6381694780363,18.14126925353596,56.46633540479951,49.707900003695265,47.236830126940156,2.4710698767551094,True,False,False,24,6,0.5175735543698777,0.515260695317644,9
9sia_chainB,4,4,0.07885060459375381,ActiveSite,0.691274106502533,0.4971524477005005,412.0,1,7,0.5284324312695841,0.6044403729597255,27.11155749844462,42.75087208841919,2.928476871198214,27.743417791665134,41.356536796611095,7.725129425786853,22.51873856211894,22.14105694745756,0.3776816146613804,True,False,False,30,6,0.5846169690939204,0.5721080282302596,8
9sia_chainB,6,7,0.006782799959182739,Unknown,0.49943843483924866,0.5354127287864685,93.0,1,4,0.46609977814410064,0.5691108499224626,21.10425297722349,27.777026991500673,-0.9554961041036469,18.48669937871973,21.219046378924972,3.401516260792557,7.218437441124114,2.8458631079581327,4.372574333165981,True,False,True,24,6,0.5582062451291346,0.544213378764418,6
9sia_chainB,4004,9,0.12865063548088074,ActiveSite,0.691274106502533,0.5471463799476624,412.0,1,4,0.6354985853433033,0.5976084618189853,20.715743615172503,40.95153980220583,3.940352217162574,27.298745207355914,38.2831601244163,7.079187741927354,19.923413818297,19.035028949947684,0.8883848683493163,True,False,False,29,6,0.5864483649338719,0.5614841434503849,7
9sic_chainB,3,4,0.0528649277985096,ActiveSite,0.8031696677207947,0.47647538781166077,761.0,1,3,0.6766664562257602,0.585827453774436,15.274942990549018,-10.159202490515387,-2.6554457923228902,7.2625016916744185,-10.052633594241541,-1.1635613138826082,19.777846816265058,17.953343640524984,1.8245031757400731,True,False,False,30,6,0.538046160360914,0.5197830136511826,13
9sic_chainB,1,6,0.01050370279699564,Unknown,0.5460951924324036,0.5092136263847351,145.0,1,3,0.7220492143543251,0.6134965900160702,1.553341443166331,-3.368564920703973,-1.9051330208246382,-1.898243621875456,-5.13107300631767,3.974181165008147,13.249881727603753,16.236902862765493,-2.98702113516174,False,False,False,24,6,0.5729846506455079,0.5631319880657834,12
9sic_chainB,1,6,0.01050370279699564,Unknown,0.5460951924324036,0.5092136263847351,145.0,2,3,0.7205148650552567,0.577861908827633,0.21206888979509098,-7.81599396165499,-4.639381313631317,-0.7520005737058046,-5.008747001470147,2.708456109707541,18.440989982285398,15.348850564813949,3.092139417471449,True,False,False,20,5,0.5587350462823606,0.5528196641110351,7
9sic_chainB,4,7,0.0,Unknown,0.5368952751159668,0.48225000500679016,73.0,1,3,0.7903102232542143,0.6022129783354191,12.235419760106389,5.198149486948578,-7.468732790505062,18.17256770644066,6.925071742169793,-7.3032922614367894,10.559767750712473,13.771146217626304,-3.211378466913832,False,False,False,19,5,0.5689232085389089,0.561736634074138,10
9sic_chainB,0,8,0.0,Unknown,0.4930506944656372,0.5270441174507141,64.0,1,3,0.8080786826196906,0.5778665239901206,-5.37412815780613,-14.156227203838915,0.713302476782435,-0.549616250673635,-17.772131592275255,4.685216708104522,25.545055312250923,26.926798838864336,-1.3817435266134126,False,False,False,17,4,0.5584652958235625,0.5537194289145669,7
9sic_chainB,1008,9,0.016284620389342308,Cryptic,0.8031696677207947,0.5032864809036255,253.6666717529297,1,3,0.6766664562257602,0.5828012579980881,15.221214525408579,-10.123949534207373,-2.602979329127093,18.658992871056796,-15.464279235732404,0.08008846409904548,19.71423812348181,25.538774012227485,-5.824535888745675,False,False,False,29,6,0.5665551590817106,0.5226133359617537,8
9sic_chainB,4007,10,0.01369981188327074,Cryptic,0.8031696677207947,0.5388248562812805,253.6666717529297,1,3,0.6766664562257602,0.5730508888980864,15.105350755527539,-10.14136468808648,-2.506845071879237,6.311521157105417,-7.191192247404441,0.12080121343615823,19.665753676418195,15.011057646515903,4.654696029902292,True,False,False,29,6,0.5318032191425257,0.5147823190310213,11
9sic_chainB,1009,11,0.027638113126158714,Cryptic,0.8031696677207947,0.5300225615501404,253.6666717529297,1,3,0.6766664562257602,0.5526772458760238,15.096980239376892,-10.08443696525806,-2.489308518835014,19.373948769134444,-15.330693948437668,0.45787310236386713,19.60735439706662,25.705311143364995,-6.097956746298376,False,False,False,28,6,0.5328851430006311,0.5109085350186102,7
9sic_chainB,3012,12,0.09468188136816025,Cryptic,0.8031696677207947,0.5278487205505371,761.0,1,3,0.6766664562257602,0.5671333863907514,15.274942990549018,-10.159202490515387,-2.6554457923228902,7.398271790771131,-9.635318972703363,-1.6035266040490403,19.777846816265058,17.61885283276857,2.1589939834964866,True,False,False,29,6,0.5225919364428586,0.515131475268264,11
9sic_chainB,4003,13,0.05932191014289856,ActiveSite,0.8031696677207947,0.4658832550048828,761.0,1,3,0.6766664562257602,0.5534320645684196,15.279971894940715,-10.143580110807958,-2.656912264344654,8.540615506992523,-9.705106226064737,-2.6361400109242785,19.766002485460476,17.92143879115368,1.844563694306796,True,False,False,30,6,0.525248097491796,0.5100153189806338,8
9sic_chainB,3013,18,0.023386415094137192,Cryptic,0.7397521734237671,0.5342079997062683,510.0,1,3,0.5642579670054504,0.5424755125831485,2.756125017593475,-14.239249815241179,4.2145084376802275,6.939066198126651,-19.68004304465628,2.923655803473733,22.59595871387725,27.352299894123686,-4.756341180246437,False,False,False,22,6,0.5099207746094068,0.5050463584220435,8
9sic_chainB,4004,20,0.0,Unknown,0.5368952751159668,0.5212519764900208,73.0,1,3,0.7903102232542143,0.6006965799431014,12.269261072331663,5.2198701581726255,-7.445755221167791,18.61496552266946,7.064558762028219,-7.387204772041407,10.548438612155019,14.152257364330916,-3.603818752175897,False,False,False,19,6,0.5656072598624207,0.5649314753111364,10
9sic_chainC,3,4,0.037925176322460175,Cryptic,0.6854772567749023,0.4975312650203705,353.0,1,7,0.5016735665040031,0.6177959759218508,1.8532344034128283,16.702331753142005,34.04181006011289,5.343935443045619,12.620544207385652,38.97826521004042,23.576386500691562,26.758577338519213,-3.182190837827651,False,False,False,31,6,0.5819585323077832,0.5755029863627561,11
9sic_chainC,4008,5,0.025943264365196228,Allosteric,0.6751246452331543,0.4938618838787079,191.6666717529297,1,3,0.7320289240091723,0.590891724931171,-17.248992390693523,12.387302287608685,30.957739041684317,-21.832418613251587,15.497975216690069,32.2472378375019,12.640657220377827,9.680948648251825,2.9597085721260026,True,False,False,25,6,0.5639696063476103,0.5450910638959412,9
9sic_chainC,4008,5,0.025943264365196228,Allosteric,0.6751246452331543,0.4938618838787079,191.6666717529297,2,4,0.632297168141392,0.6174984895848252,-12.846885707590566,14.460126084240851,30.532725360905893,-20.704711381620232,15.869329234855622,32.13240864458284,13.879663866276136,9.561644733236156,4.31801913303998,True,False,False,27,6,0.5854723527732673,0.5625956381648052,11
9sic_chainC,1007,6,0.027300694957375526,Cryptic,0.6751246452331543,0.5496066808700562,191.6666717529297,1,7,0.47857062216610774,0.5929322209132385,-13.307000837740224,13.915099720077645,30.011909104085888,-8.900085861237404,18.631747914780703,30.12092335303787,14.232009106631072,15.97894680887015,-1.7469377022390784,False,False,False,34,6,0.5602085757196222,0.5436554036259167,10
9sic_chainC,3009,7,0.07611554116010666,Cryptic,0.6751246452331543,0.5419709086418152,575.0,1,7,0.4551326628988632,0.6391465306135569,-13.168111202371179,14.128630484165532,29.789379338965087,-8.152563594843587,17.63706257580568,29.594431290803463,14.399095778269167,16.946935695931177,-2.54783991766201,False,False,False,35,6,0.5944437970061974,0.5696556733183653,15
9sic_chainC,4001,8,0.07767714560031891,ActiveSite,0.6751246452331543,0.4873289167881012,575.0,1,8,0.4571824584078909,0.6160941688507965,-14.960932411993037,12.891379418102582,30.021009628272427,-21.007758284774294,15.418235497120662,32.16656659122635,13.898162786693685,9.70787024434357,4.190292542350116,True,False,False,34,6,0.5901259611881309,0.5622336405410538,10
9sic_chainC,4003,9,0.060255225747823715,Cryptic,0.6854772567749023,0.5592275261878967,353.0,1,4,0.6801635151687295,0.5943643806508846,-6.405363173193227,16.546483072753702,34.03804206932264,-7.140382928038993,11.133864231319091,27.87121724858386,15.987918615564306,20.458271562387203,-4.4703529468228975,False,False,False,27,6,0.5604594683875584,0.5500008011433544,10
9sid_chainA,3,1,0.0,Unknown,0.5006803274154663,0.4848826825618744,52.0,1,3,0.5930094950876231,0.546811494581694,-16.697461871926333,2.531674638092497,-6.3909770722185755,-13.760720635956327,7.409873941439805,-13.051017692183835,8.164143901616226,7.8904368453097,0.2737070563065265,True,False,False,20,6,0.5305687773365504,0.5225383723864734,6
9sid_chainA,0,2,0.03399866819381714,ActiveSite,0.7513056993484497,0.46824297308921814,669.0,1,5,0.4486152407580552,0.5341327818399377,-22.74006200586529,16.331844103439728,-3.912538801434176,-28.108105807414713,20.54133959019691,-6.575671934701016,18.71254801826556,25.170923761592316,-6.458375743326755,False,False,False,31,6,0.5149269517191702,0.5099807419341778,6
9sid_chainA,2,3,0.008032063953578472,Unknown,0.5647244453430176,0.48567330837249756,129.0,1,3,0.8731326483058663,0.5778802815454464,-8.855844236572935,8.702544292550856,-0.9870813339923276,-3.4762786426750303,10.444196257940398,0.47657287892923555,7.967011446981919,11.496214800692677,-3.5292033537107574,False,False,False,19,5,0.5584541129218077,0.5538245611218985,7
9sid_chainA,1004,4,0.013121194206178188,Cryptic,0.7513056993484497,0.5568150877952576,223.0,1,3,0.7954580139554264,0.5303163113239504,-22.792431504425338,17.08774033187007,-2.849404218784426,-19.13785098493604,21.48776085217253,-6.693539189210307,19.478145864845008,19.993982535812183,-0.5158366709671753,False,False,False,23,6,0.4961944808607404,0.48886080680921873,8
9sid_chainA,3009,5,0.04125929996371269,Cryptic,0.6854075193405151,0.5310333371162415,563.0,1,3,0.5950332529028556,0.5915427269331796,-28.329916875656313,5.887925109424501,-11.968020743978592,-30.56547747882378,5.953821438712943,-5.690972996788762,20.00675161902545,21.865136350221647,-1.858384731196196,False,False,False,29,6,0.5427850043270419,0.5329581365549844,13
9sid_chainA,4005,7,0.013141204603016376,Cryptic,0.7513056993484497,0.5115081071853638,223.0,1,5,0.4486152407580552,0.5344684863008505,-22.73857729554252,16.33713679447713,-3.9226676436058616,-18.80540133701781,20.868082689115695,-6.323034374506655,18.71279522020281,19.31490112218346,-0.6021059019806501,False,False,False,31,6,0.5020053812105089,0.49073625555697176,8
9sid_chainA,1003,8,0.006204425357282162,Cryptic,0.7513056993484497,0.5075581073760986,223.0,1,5,0.4486152407580552,0.5512630404716031,-22.74089266722824,16.314975231380632,-3.926589944094795,-28.36972216506319,19.600517663089374,-7.094231116614123,18.699567295454834,24.765141287009193,-6.065573991554359,False,False,False,30,6,0.5284374675270901,0.5182924532855147,7
9sid_chainA,4004,9,0.007571806199848652,Cryptic,0.7513056993484497,0.4891084134578705,223.0,1,5,0.4486152407580552,0.5431688721860335,-22.739377139256458,16.352853679495986,-3.9131867444194204,-27.13772605617003,20.723102351177285,-8.08431678742526,18.725343574339355,24.53584044487138,-5.810496870532024,False,False,False,32,6,0.49947108965974796,0.4922354896844833,10
9sid_chainA,4000,11,0.017636045813560486,ActiveSite,0.7513056993484497,0.4660569131374359,669.0,1,5,0.4486152407580552,0.5376126749425376,-22.743978919126775,16.347392002627494,-3.9079634189654313,-25.659446958529795,21.53698078060459,-7.829025928904759,18.726314601550875,24.026042309610613,-5.299727708059738,False,False,False,32,6,0.5049269902698348,0.49696196932259795,8
9sid_chainB,1,2,0.05489484593272209,Cryptic,0.6978216767311096,0.4859307110309601,355.0,1,3,0.7639552843003503,0.5922349429727107,-10.425156960048021,-15.923832079205663,-5.159182707411403,-8.917704849893207,-19.419297432799425,-9.971424527713895,17.033888716351,20.97146208214335,-3.9375733657923497,False,False,False,24,6,0.5620505632872235,0.5580440440498965,9
9sid_chainB,3007,5,0.07335405051708221,Cryptic,0.7538539171218872,0.5315722823143005,570.0,1,3,0.7639552843003503,0.6079973544544656,-10.551538238624413,-16.06594847342875,-5.123365826290705,-6.861351076792552,-13.069420524615248,-11.566249769266872,17.126685494996867,20.10961247653933,-2.9829269815424624,False,False,False,24,6,0.5883779853275523,0.5512919798276024,9
9sid_chainB,4001,8,0.07492707669734955,Cryptic,0.6978216767311096,0.5180080533027649,355.0,1,3,0.7639552843003503,0.5491555152028155,-10.473044980890556,-15.984198091812656,-5.128401720348208,-10.225822221922044,-20.076610470750417,-10.123377412964006,17.058214227089618,21.965920218212993,-4.907705991123375,False,False,False,24,6,0.5570290387452361,0.5325005198316983,4
9sid_chainB,3009,9,0.03055066242814064,Cryptic,0.6978216767311096,0.531199038028717,355.0,1,5,0.4321536821755616,0.5884902939129647,-18.83347187064474,-13.569823622225345,-7.195588598034902,-20.328906863599794,-17.804561575593937,-0.3571094154621581,24.269566410484813,23.141178846874055,1.128387563610758,True,False,False,26,6,0.5603475482743507,0.544855597543003,9
9sid_chainB,4005,10,0.0013424165081232786,Unknown,0.45303764939308167,0.5395453572273254,75.0,1,3,0.7746978395303095,0.5783958650735129,5.569533165097612,6.133542012172691,-12.511413312603272,0.30136339301337123,3.2443227361186056,-19.069839449299575,26.927201489902878,30.098000900746076,-3.1707994108431983,False,False,False,19,6,0.5897426021728558,0.5723831880454221,4
9sid_chainB,4000,12,0.0,Unknown,0.5308859944343567,0.5730155110359192,84.0,1,3,0.6491211699607587,0.5640081315373606,-23.888610784246826,-14.353695177025218,-10.857933141552138,-17.14575029779181,-10.048448279879599,-12.104434193703451,30.554202945921723,26.249036451934145,4.305166493987578,True,False,False,17,5,0.5502845570800718,0.5444452729983619,6
9t29_chainA,511,5,0.028261758387088776,Cryptic,0.8118273615837097,0.6126302480697632,634.0,1,3,0.6219756481385537,0.5744113087328521,34.59514560888398,32.67954775755817,87.23424447221004,42.750413609495695,27.592099616224434,89.74530713657559,34.28919061629579,36.62680972759798,-2.337619111302189,False,False,False,19,5,0.5558675850280922,0.5448859127135025,7
9t29_chainA,3532,13,0.020504286512732506,Cryptic,0.7117264270782471,0.7735278010368347,1203.0,1,3,0.7727520796244515,0.5535257921564046,40.28026936029684,38.11275127749757,120.5637208836476,38.584395499784385,44.43713523441637,120.24208278334116,13.807869196346067,9.47341973258577,4.334449463760297,True,False,False,22,6,0.5168355300955444,0.5114471478413228,9
9t29_chainA,1518,15,0.016637582331895828,Cryptic,0.7117264270782471,0.714674174785614,401.0,1,3,0.7727520796244515,0.5712318814240102,40.28228063579673,38.10945468066413,120.56564111590271,39.32780706648912,44.87226361508083,120.732397540846,13.811758846588004,10.214801808144916,3.5969570384430885,True,False,False,21,6,0.5512862455126505,0.5438781295944782,7
9t29_chainA,4002,16,0.0725824236869812,ActiveSite,0.7117264270782471,0.7140123248100281,1203.0,1,3,0.7727520796244515,0.5282608681000077,40.279528612500556,38.11026294493769,120.56535117931953,38.51773255385286,45.141742266536234,121.30180924539357,13.809082897160167,9.569307362375923,4.239775534784243,True,False,False,23,6,0.5170885497981328,0.5121885502797241,5
9t29_chainA,3006,31,0.02484731934964657,ActiveSite,0.7678141593933105,0.6303882002830505,634.0,1,3,0.6219756481385537,0.5647928025738316,34.55011852779453,32.66096314968185,87.21978835569162,26.44782321627517,32.32077064818942,80.33863105528721,34.303164955562735,40.55772964055104,-6.254564684988303,False,False,False,19,6,0.5437648851218592,0.5361271566136573,7
9t2f_chainA,7,3,0.04734605550765991,ActiveSite,0.7390652298927307,0.7664656639099121,870.0,1,3,0.6380878775511607,0.6327222068253796,145.10283965189896,3.5213815664755264,5.4475605368101245,145.52101543986055,3.5013054173038762,-0.17803272548625232,42.81020533240029,45.64157628441239,-2.831370952012101,False,False,False,17,4,0.6235753994658686,0.5869022988496978,8
9t2f_chainA,1517,14,0.00792897492647171,Cryptic,0.6990652680397034,1.0,290.0,1,3,0.6380878775511607,0.5971528347648529,145.09067773780077,3.5159775825971753,5.445586017730387,145.63795459082812,2.2714948251944453,-0.31415133948105656,42.80264209497466,46.23416173489396,-3.4315196399193013,False,False,False,18,6,0.593476929271163,0.5697935795147773,6
9t2f_chainA,3524,15,0.04297688975930214,Cryptic,0.7390652298927307,0.6945397853851318,870.0,1,3,0.6380878775511607,0.6120232564004329,145.08436715680145,3.5277807170555024,5.448799272504832,145.751425194073,2.3672260460764187,-0.3094714383316876,42.79176484758248,46.287598653161005,-3.4958338055785276,False,False,False,17,4,0.61186447686774,0.5843861580038011,6
9t2f_chainA,1516,16,0.008032816462218761,Cryptic,0.6990652680397034,1.0,290.0,1,5,0.5710222291182055,0.6268162317818486,146.09281754478388,3.257318459968687,3.199583034333471,146.8536132858824,6.732297736786994,-0.3585322237743666,44.651633491787834,45.832828753666085,-1.1811952618782513,False,False,False,19,6,0.5928646552467064,0.5851593661112452,11
9t2f_chainA,1518,17,0.00872842501848936,Cryptic,0.6990652680397034,0.8190905451774597,290.0,1,4,0.592687117487187,0.5921588436561375,146.1913741443124,3.3914280635497764,3.8303382859028474,146.09188846649053,5.21138592833931,-0.5476408877069198,44.42314021940182,45.734989135053766,-1.311848915651943,False,False,False,19,6,0.5826965473116851,0.5798598653395032,6
9t2f_chainA,4514,18,0.012222475372254848,Cryptic,0.7390652298927307,0.8330225348472595,290.0,1,3,0.6380878775511607,0.6164699658513867,145.01663230441406,3.4597835996702933,5.426806867168271,145.59379111333817,3.439844909391989,-0.497256958859963,42.76778412380372,45.8775919137998,-3.1098077899960757,False,False,False,18,6,0.6080715969989827,0.5855161594007816,7
9t2f_chainA,4516,19,0.011450323276221752,Cryptic,0.6990652680397034,0.8956007361412048,290.0,1,4,0.592687117487187,0.6107392577297587,146.1674229392405,3.397776344277984,3.8481042081049566,144.85126408301062,0.44145275839518794,-0.12074813014859839,44.39345950982073,46.22217443314629,-1.8287149233255633,False,False,False,18,6,0.5902904564847764,0.5851636180601425,8
9t2f_chainA,1514,21,0.004353655967861414,Cryptic,0.7390652298927307,1.0,290.0,1,4,0.592687117487187,0.6071644643854726,146.1913741443124,3.3914280635497764,3.8303382859028474,146.67482190201824,6.946606223683645,0.6086454923261404,44.42314021940182,45.158579189928915,-0.7354389705270918,False,False,False,19,6,0.5945869084548929,0.5828138898395024,7
9t2f_chainA,1515,22,0.005724931135773659,Cryptic,0.7390652298927307,0.8190905451774597,290.0,1,4,0.592687117487187,0.6071644643854726,146.1913741443124,3.3914280635497764,3.8303382859028474,146.67482190201824,6.946606223683645,0.6086454923261404,44.42314021940182,45.158579189928915,-0.7354389705270918,False,False,False,19,6,0.5945869084548929,0.5828138898395024,7
9t2f_chainA,1513,23,0.00695492047816515,Cryptic,0.7390652298927307,1.0,290.0,1,4,0.592687117487187,0.6071644643854726,146.1913741443124,3.3914280635497764,3.8303382859028474,146.67482190201824,6.946606223683645,0.6086454923261404,44.42314021940182,45.158579189928915,-0.7354389705270918,False,False,False,19,6,0.5945869084548929,0.5828138898395024,7
9t2f_chainA,3511,38,0.015215469524264336,Allosteric,0.7144791483879089,0.859889805316925,150.0,1,4,0.4767931917681633,0.557400465390172,110.99802861901226,16.974263958420917,27.32895391639986,116.1347336855543,18.85328520753625,23.281109574814725,5.992881929827305,7.36319704742284,-1.3703151175955357,False,False,False,18,6,0.5280428096852289,0.5207745084607387,8
9t2g_chainA,514,2,0.07603669166564941,Cryptic,0.6210528016090393,0.7943893074989319,3598.0,1,5,0.4624949629255611,0.541406531182058,-14.709404745245804,13.991060354752927,-27.271474505475098,-12.11460637573414,7.843560446581212,-29.905326550755504,18.886860561337322,20.63532798478304,-1.7484674234457174,False,False,False,26,6,0.5172740733823783,0.505290937808102,7
9t2g_chainA,4514,13,0.0630321353673935,Cryptic,0.6210528016090393,0.7713789343833923,3598.0,1,5,0.46249496292556114,0.6046194574829484,-14.712183162496945,13.982861634867659,-27.267688068372117,-11.553396583049611,8.939278908484045,-30.435510629804583,18.888700603419746,20.128674047378663,-1.2399734439589167,False,False,False,25,5,0.5532488357507613,0.5309039317454899,15
9t2g_chainA,1524,14,0.0630267783999443,Cryptic,0.6210528016090393,1.0,1199.3333740234375,1,4,0.4856985836703481,0.591384117310034,-14.65128515443802,16.19365164581954,-27.009155115136156,-12.567863974893442,9.389902594674542,-30.12158328913175,18.396942450686737,20.38133289419629,-1.9843904435095538,False,False,False,25,6,0.5477814843099873,0.5344799151260446,12
9t2g_chainA,4527,15,0.046539194881916046,ActiveSite,0.5861695408821106,1.0,1199.3333740234375,1,4,0.4856985836703481,0.5869404670295195,-14.650180263598498,16.191902607306137,-27.013909370912305,-11.807545091629011,9.820058751244122,-30.37581957250594,18.3987002877322,19.88415474935816,-1.4854544616259595,False,False,False,25,6,0.5369518074654401,0.5289047268368902,13
9t2g_chainA,1525,16,0.06794533133506775,Cryptic,0.6210528016090393,0.9328401684761047,1199.3333740234375,1,6,0.4794009107504408,0.5762916739035121,-13.998230405274853,14.959260899952849,-26.653121001485143,-11.516609640501377,10.26997494607456,-30.904726903596163,17.801028398177543,19.88867567394769,-2.0876472757701485,False,False,False,28,6,0.5331798175968665,0.5265122990815422,11
9t2g_chainA,1523,17,0.047223370522260666,Cryptic,0.6210528016090393,0.6950399279594421,1199.3333740234375,1,3,0.775132911960526,0.5446968433248114,-14.926332247846142,10.95782293443191,-27.32000722535036,-9.743769650303532,9.217068535271512,-31.61210515437736,19.895133155417128,19.788390164100466,0.10674299131666132,True,False,False,24,6,0.5193115024449227,0.5151208540686,7
9t2g_chainA,1526,18,0.0405709370970726,Cryptic,0.5861695408821106,0.6950399279594421,1199.3333740234375,1,5,0.46249496292556114,0.5736457471820593,-14.711147083745615,13.982997714095053,-27.270050555399074,-11.23679136987637,9.500841091369399,-30.70019166490124,18.889088610855968,19.876649117418328,-0.9875605065623603,False,False,False,25,6,0.5288707085251162,0.5272872699574664,11
9t2g_chainA,1528,19,0.06280909478664398,Cryptic,0.5861695408821106,0.9328401684761047,1199.3333740234375,1,5,0.46249496292556114,0.5736457471820593,-14.711147083745615,13.982997714095053,-27.270050555399074,-11.23679136987637,9.500841091369399,-30.70019166490124,18.889088610855968,19.876649117418328,-0.9875605065623603,False,False,False,25,6,0.5288707085251162,0.5272872699574664,11
9t2g_chainA,1527,20,0.05681263282895088,Cryptic,0.5861695408821106,1.0,1199.3333740234375,1,5,0.46249496292556114,0.5736457471820593,-14.711147083745615,13.982997714095053,-27.270050555399074,-11.23679136987637,9.500841091369399,-30.70019166490124,18.889088610855968,19.876649117418328,-0.9875605065623603,False,False,False,25,6,0.5288707085251162,0.5272872699574664,11
9t7f_chainA,0,2,0.04387056827545166,ActiveSite,0.6703827381134033,0.5152878165245056,424.0,1,4,0.5716129754987114,0.5736604381577806,-4.46294959497473,42.126353984312225,66.8859324847149,-12.361886485518172,42.457698673363,61.41361146393189,23.866461370043865,28.209097302096783,-4.342635932052918,False,False,False,26,6,0.5566707145995364,0.5385213887309515,7
9t7f_chainA,2,3,0.00804583914577961,Unknown,0.5439304709434509,0.47825586795806885,90.0,1,3,0.5228313287277808,0.563204992193714,7.752341668027155,62.66052080998129,58.12820215228514,7.550341821572329,63.0857746459516,67.87779991948003,10.070102811846015,3.293556401193156,6.776546410652859,True,False,True,20,6,0.5623890478309574,0.5396825521415753,5
9t7f_chainA,1006,4,0.0,Cryptic,0.7266920208930969,0.5912305116653442,185.6666717529297,1,4,0.5664702971974072,0.5550941617003378,15.406267184733807,47.82879116667064,63.263501926396806,21.51952052710068,48.24730481236347,63.85667030282639,20.168257879672396,23.65103954249141,-3.482781662819015,False,False,False,24,6,0.5347536788763418,0.5169203725441195,7
9t7f_chainA,1006,4,0.0,Cryptic,0.7266920208930969,0.5912305116653442,185.6666717529297,2,3,0.5749486273795404,0.5435103446357001,13.646681396212585,48.72972522794862,60.06798079268889,19.5550058149749,45.87023508702838,63.92311049827315,19.49596969188011,24.031615653202607,-4.535645961322498,False,False,False,25,6,0.5291772389715091,0.5105551223428879,6
9t7f_chainA,4005,5,0.005846441723406315,Allosteric,0.7266920208930969,0.500124990940094,185.6666717529297,1,3,0.5749486273795404,0.5771748076012466,13.62814373768584,48.819486143769836,60.08925232711175,19.64143683695611,46.90477559732166,63.82122437369915,19.407735067427893,23.322350783536812,-3.9146157161089192,False,False,False,25,6,0.5623318969767979,0.5376943932221818,7
9t7f_chainA,4003,7,0.01724565215408802,ActiveSite,0.7266920208930969,0.49951913952827454,557.0,1,3,0.5749486273795404,0.5727226073579158,13.701393906862766,48.73980246811398,60.00726535070411,20.260375089534627,48.31908986783379,63.886691743153,19.537001311300852,22.705811919297073,-3.168810607996221,False,False,False,27,6,0.5357204587123237,0.5221937161230237,10
9t7f_chainA,4001,8,0.0,Unknown,0.5189516544342041,0.5538097023963928,55.0,1,4,0.5693447443171867,0.6395523887946776,-0.6553262506582247,52.9414017743856,61.082956133119616,0.9747570421286339,58.18916087937909,65.48243247247957,13.986004627647532,7.289207619114152,6.6967970085333794,True,False,False,22,5,0.5979202016427783,0.5938170545863317,13
9t7f_chainB,0,2,0.0,Unknown,0.43456190824508667,0.528285801410675,55.0,1,3,0.6389810545978367,0.5555071842388709,21.63670283202816,46.07687034732985,48.66111670557107,21.80429635940391,52.748511026327996,46.0263276487138,9.805745986838689,16.96062403256773,-7.15487804572904,False,False,False,25,6,0.5203770766678585,0.5098440818936335,9
9t7f_chainB,6,3,0.0,Unknown,0.5003065466880798,0.5290122032165527,54.0,1,3,0.7252100397236655,0.5503829732877558,45.89968089922333,29.415144000284336,52.75726178047335,48.3825873368187,21.46638630128463,49.15317973039052,25.889088829347152,31.32741922098403,-5.438330391636878,False,False,False,15,6,0.5538538081501791,0.5489573096903356,4
9t7f_chainB,3,4,0.00903464388102293,Allosteric,0.5828148722648621,0.5032666921615601,172.0,1,3,0.7200646840819553,0.5904219959898114,37.82413480168913,26.73603565048402,46.3041271473763,32.60542670256506,26.277884132553694,53.21196857349009,20.120923414225874,15.623582882689012,4.497340531536862,True,False,False,21,6,0.5378622000963579,0.5260808058689688,14
9t7f_chainB,1,5,0.00247964751906693,Unknown,0.5327417254447937,0.4745595455169678,72.0,1,6,0.44708464093158795,0.6203045486875145,25.31428333667964,39.250301668151955,45.31038726574282,24.142752584649,45.52580068367731,54.90779076160868,7.843434554651679,9.999814744996414,-2.156380190344735,False,False,False,31,6,0.5946840646352958,0.5684717035213576,10
9t7f_chainB,3011,6,0.033975277096033096,Cryptic,0.8325768709182739,0.5357435941696167,774.0,1,3,0.7134791802262272,0.5576179279762272,38.59503514894553,43.70139853984298,49.48176643372912,35.42395446924725,50.852022439457706,48.86417019892123,18.961750501982813,20.32026021337585,-1.3585097113930367,False,False,False,26,6,0.5290717920364352,0.518517628749595,8
9t7f_chainB,1007,7,0.01209383737295866,Cryptic,0.8325768709182739,0.5314052700996399,258.0,1,5,0.6497791944677038,0.6247409040004867,38.54611431852698,42.15251004118976,50.817519832912915,39.494324551560446,51.531481957929856,50.138891197397946,18.30700189441256,23.68739645197069,-5.38039455755813,False,False,False,32,6,0.5800212664735545,0.5606583801964564,14
9t7f_chainB,4008,8,0.01611626148223877,Cryptic,0.8325768709182739,0.5164950489997864,258.0,1,3,0.7134791802262272,0.585243064137458,38.59359798422408,43.690607399541776,49.48236335859728,39.11882332151669,51.80238998616712,50.03547041215273,18.956367502055375,23.575467058199344,-4.6190995561439685,False,False,False,27,6,0.5517920131341774,0.5325634481497098,10
9t7f_chainB,4009,9,0.007776044774800539,Cryptic,0.6665383577346802,0.5394003987312317,200.3333282470703,1,4,0.7356004200016004,0.5863978928035349,43.8489006382446,31.411306050506894,52.50016243047457,50.98018002570743,31.504191576822542,51.222086376420286,23.38893984439829,30.33776052276474,-6.948820678366449,False,False,False,26,6,0.5552377351198226,0.5510004847480706,9
9t7f_chainB,4004,10,0.024846648797392845,ActiveSite,0.8325768709182739,0.4652731716632843,774.0,1,3,0.7134791802262272,0.5834166343028313,38.5938825776402,43.69185595791768,49.482463762611815,38.89742115402531,52.21211983432269,50.12826546506432,18.957082245663596,23.66826435487372,-4.7111821092101245,False,False,False,27,6,0.5485420216011496,0.5339937714589169,10
9t7f_chainB,1010,11,0.013419042341411114,Cryptic,0.6665383577346802,0.5316754579544067,200.3333282470703,1,3,0.6511336697996328,0.569387079734498,38.76279988885819,39.53357880109127,52.40335161165574,45.00206698431503,34.17298944575525,49.99627326557561,17.93366753589834,24.086343167374515,-6.152675631476175,False,False,False,25,6,0.5236038857870233,0.5030719224479973,12
9t7f_chainB,1010,11,0.013419042341411114,Cryptic,0.6665383577346802,0.5316754579544067,200.3333282470703,2,3,0.6342198953443337,0.556845377422634,34.03115303758338,45.40595867583595,55.901198240900676,39.59561040002786,46.11770063137704,63.18570977199407,16.250203042684685,23.890065020421385,-7.6398619777367,False,False,False,26,6,0.5353731961375275,0.5236630200567468,7
9t7f_chainB,1011,12,0.011816136538982391,Cryptic,0.6665383577346802,0.5966302752494812,200.3333282470703,1,4,0.578072668054428,0.5949248925387115,40.198650085266,37.98199495904168,52.6425438956693,48.00718003624531,30.949074781450317,50.827979302488025,19.196800712262238,27.52844489095103,-8.33164417868879,False,False,False,28,6,0.5568709506790915,0.5426822097403078,11
9t7f_chainB,4010,13,0.02018439583480358,Cryptic,0.6665383577346802,0.48224982619285583,200.3333282470703,1,4,0.578072668054428,0.573564286339272,40.21599109668525,37.938592763135375,52.61906419735986,47.20905092881069,33.989978575935794,51.27369003033466,19.209653146838534,26.260064202637654,-7.05041105579912,False,False,False,28,6,0.5496702192019636,0.5313045322768515,8
9t7f_chainB,4002,14,0.06093689426779747,ActiveSite,0.6665383577346802,0.5195536017417908,601.0,1,4,0.578072668054428,0.5818749168460248,40.241729840048514,37.93707126493712,52.64840652215411,47.661557709585146,33.14060138549795,50.4828001679101,19.237073683132618,26.824210507620894,-7.587136824488276,False,False,False,28,6,0.5467419876624315,0.5321352944757176,10
9tf5_chainA,3,2,0.0,Unknown,0.5038928389549255,0.5390859246253967,82.0,1,7,0.4706371583665525,0.5737630377878254,4.781529354890293,0.554626562981562,14.153375633664119,8.561307032216618,-2.5569530309386947,8.788986449519456,19.370869828134833,17.326929840083217,2.0439399880516156,True,False,False,33,6,0.5546592557590775,0.545571628112667,7
9tf5_chainA,6,4,0.006025049369782209,Unknown,0.5784249305725098,0.5145254731178284,145.0,1,3,0.682487104552947,0.5530517684590859,6.359479370397637,-2.4591128134147167,12.274652551156763,5.0052244383351905,-5.276848129860892,7.855411860815371,16.894981624609233,18.517408762719523,-1.6224271381102895,False,False,False,24,6,0.5289866099817815,0.5254513802451813,7
9tf5_chainA,5,5,0.02235887013375759,ActiveSite,0.7220516204833984,0.49183714389801025,502.0,1,5,0.4908523364215244,0.5726520170658096,8.951100230393967,-1.9761190015106187,17.75125114378895,4.362684263042989,-4.931890634502009,11.12121821992928,14.198951529123544,17.372408251921836,-3.173456722798292,False,False,False,31,6,0.5546288181351308,0.5401154467804151,7
9tf5_chainA,4009,7,0.007321903016418219,Allosteric,0.7220516204833984,0.5432286262512207,167.3333282470703,1,4,0.5480913125057206,0.5449870942078974,9.873902441743038,-2.6380101179066062,18.070509214617168,5.853747099150249,-8.786132887918177,13.810500555891107,13.102923896791474,13.385213215770667,-0.28228931897919374,False,False,False,27,6,0.5277407531030553,0.5226074492763494,6
9tf5_chainA,4008,8,0.009826474823057652,Cryptic,0.7421712875366211,0.548730731010437,201.6666717529297,1,6,0.5606092572806927,0.5979502388623025,8.77934130445111,13.902059273403804,13.256349191444166,12.682570508147787,19.11319909605005,15.11415216319384,29.206149304524846,33.105765193535966,-3.8996158890111197,False,False,False,30,6,0.5815727506525514,0.5495510676775932,8
9tf5_chainA,1010,9,0.008273215964436531,Cryptic,0.7220516204833984,0.5424269437789917,167.3333282470703,1,3,0.7418493545167131,0.5860690303316908,8.196805251656869,10.178061085056504,19.52445126739698,5.003963114344031,8.516990886683791,27.806375786710454,25.2813859091276,26.579830822129043,-1.2984449130014433,False,False,False,27,6,0.5409117443649423,0.5302311350557245,12
9tf5_chainA,1011,10,0.0032892723102122545,Cryptic,0.7220516204833984,0.6331864595413208,167.3333282470703,1,3,0.7418493545167131,0.5262572908493252,8.060387837821208,10.25667249005324,19.65430275993494,9.616640776567197,5.187650743756434,13.187889194453257,25.40607696929567,20.973526202198673,4.432550767096995,True,False,False,25,6,0.5162472284113909,0.5049049585332223,5
9tf5_chainA,4002,11,0.023359423503279686,ActiveSite,0.7421712875366211,0.4846959114074707,605.0,1,6,0.5606092572806927,0.6241707600819164,8.809622444859174,13.936099263201305,13.22692936203554,10.122243990773619,20.361312532956546,14.609359628188367,29.235201511320298,34.82691167805104,-5.591710166730742,False,False,False,30,6,0.5932727738819275,0.5505664378766512,12
9tf5_chainA,4007,12,0.005438119173049927,Cryptic,0.7421712875366211,0.5023831725120544,201.6666717529297,1,6,0.5606092572806927,0.6395035441049083,8.80373134165616,13.957943103236415,13.165777388812158,10.458519062100427,20.443802375126143,14.858680677315022,29.269740431388797,34.80864193396113,-5.53890150257233,False,False,False,30,6,0.6050036732130676,0.570551548534045,13
9tf5_chainA,4005,13,0.028262516483664513,ActiveSite,0.7220516204833984,0.53762286901474,502.0,1,3,0.7418493545167131,0.5597370941804195,8.083575060843552,10.252703164152162,19.633164525369356,3.1820966218731086,9.448122925613587,27.87073691974621,25.393589482885275,28.234763270588626,-2.841173787703351,False,False,False,25,6,0.5273988729962457,0.5081727935341185,9
9tf5_chainB,6,2,0.0,Unknown,0.5095904469490051,0.5431990027427673,73.0,1,4,0.6488936635508777,0.5653447068271742,31.565155445539155,41.92230576463871,1.69925096015803,33.05133282919031,37.520340506737206,5.673792446619365,23.995429137863148,22.067564867322066,1.9278642705410824,True,False,False,16,6,0.552374085129693,0.5443371832861607,6
9tf5_chainB,1,3,0.041269559413194656,ActiveSite,0.8268575668334961,0.47616255283355713,683.0,1,3,0.6302504156904092,0.5198667333381841,9.608349193440116,37.70598705689918,-2.462536381734047,9.141433356969511,43.544744081556814,2.6179275278982352,20.41940482075366,26.08804973645292,-5.668644915699261,False,False,False,23,6,0.5222171522914439,0.4991952414833665,4
9tf5_chainB,5,5,0.003447650233283639,Unknown,0.48914235830307007,0.5218247771263123,78.0,1,3,0.6265583375985068,0.589772399398863,20.503570499492557,28.39664025799586,-1.6103552633464184,15.895625012634152,19.907909102603643,0.10857066083271957,7.694160677826621,5.492348932958767,2.201811744867854,True,False,False,25,6,0.5571107290057518,0.5379242978741181,10
9tf5_chainB,5,5,0.003447650233283639,Unknown,0.48914235830307007,0.5218247771263123,78.0,2,3,0.514267114554645,0.5380948351038104,26.449474671953684,33.5428219927206,-2.946100763251719,26.797005226357427,37.88647763251074,4.506810609151409,13.996219111849673,19.248916284238817,-5.252697172389144,False,False,False,21,6,0.5047105751302537,0.5000761193326,8
9tf5_chainB,1008,7,0.015370341017842293,Cryptic,0.8268575668334961,0.5442851185798645,227.6666717529297,1,3,0.6302504156904092,0.5489434632183422,9.610385986906154,37.71778709433528,-2.4453217474746936,13.461918889186705,41.90533870636389,1.585506512572444,20.42765184242962,22.735748502228777,-2.3080966597991583,False,False,False,23,6,0.5212432679738764,0.5005880081634854,8
9tf5_chainB,3011,8,0.03459210321307182,Cryptic,0.8268575668334961,0.5440240502357483,683.0,1,3,0.6302504156904092,0.5163008480641459,9.608349193440116,37.70598705689918,-2.462536381734047,6.255732427992314,33.778349952459116,0.4260858053985785,20.41940482075366,19.78343676032736,0.6359680604263005,True,False,False,23,6,0.49416717568254837,0.4882903451742395,6
9tf5_chainB,1006,9,0.014675297774374485,Cryptic,0.8268575668334961,0.5469262003898621,227.6666717529297,1,3,0.6302504156904092,0.5281334927496031,9.608009276370424,37.70426627172015,-2.4650959158299726,9.656564192571611,43.82382855287018,2.0573258746387575,20.418228758866615,26.01418431029186,-5.595955551425245,False,False,False,23,6,0.5116254092647119,0.49071430945949374,6
9tf5_chainB,1007,10,0.011017490178346634,Cryptic,0.8268575668334961,0.5168114304542542,227.6666717529297,1,3,0.6302504156904092,0.5432153924399983,9.610405905680125,37.72710878718686,-2.433543343330168,9.097399725709534,43.1981969031362,2.1629193118259047,20.435104510467298,25.729263207585937,-5.29415869711864,False,False,False,23,6,0.5364195464321402,0.5241354329191527,5
9tf5_chainB,4009,11,0.008290189318358898,Allosteric,0.6729654669761658,0.5524832606315613,197.3333282470703,1,5,0.5800345609759423,0.5879156345707357,29.886282342902327,41.91059930474471,2.283968268617079,35.47134934960649,39.52629399877621,5.612931889191288,23.387605042134396,24.939944499466456,-1.5523394573320601,False,False,False,31,6,0.582661998909154,0.5587561022207205,6
9tf5_chainB,4001,12,0.03813833370804787,ActiveSite,0.8268575668334961,0.468295693397522,683.0,1,3,0.6302504156904092,0.5475630486768873,9.605935218333736,37.713506046458015,-2.4558199475595126,8.943171437938746,43.531475302222816,2.6547110545269668,20.4268240530838,26.173089010760183,-5.7462649576763845,False,False,False,23,6,0.5336603681621913,0.5162484726791071,6
9tf5_chainC,7,1,0.0,Unknown,0.4207916855812073,0.5453348755836487,58.0,1,5,0.5823431498679448,0.5976891162308802,48.01768144320979,34.76664386590044,32.26169623213951,41.31665226675314,34.1471609016353,32.71820031705481,33.77031478167724,28.909043279160997,4.861271502516246,True,False,False,26,6,0.5838466903438986,0.5703428579272721,7
9tf5_chainC,5,2,0.011020592413842678,Unknown,0.5486761927604675,0.5026320815086365,105.0,1,3,0.6254861849124317,0.5562237631205997,36.53097784297822,30.112455442598872,25.79394970240674,30.618625164201397,25.242545708781204,32.21229269538728,20.57702376902992,17.193042907901926,3.383980861127995,True,False,False,19,6,0.5281127684772049,0.5146636310389555,8
9tf5_chainC,2,4,0.03407583385705948,ActiveSite,0.6816869974136353,0.501157283782959,506.0,1,6,0.5429043361752656,0.568681913871063,32.60220590947733,11.750128267353587,33.965784776470024,30.959132934580683,19.172953070230122,31.807721967420484,17.482309278507994,14.650201827436621,2.832107451071373,True,False,False,32,6,0.5492021289891453,0.5379016705311346,7
9tf5_chainC,1012,5,0.013081826269626617,Cryptic,0.6816869974136353,0.6082605719566345,168.6666717529297,1,4,0.6136200102751729,0.5652676819285655,36.24390031199363,12.707286821832918,34.04929846857493,31.959640303034895,18.9683719025143,32.317495571383056,19.636304151938198,15.58366925148788,4.052634900450318,True,False,False,28,6,0.5321853029561959,0.5202698349050097,9
9tf5_chainC,4010,6,0.008468758314847946,Allosteric,0.6816869974136353,0.5574660301208496,168.6666717529297,1,6,0.5429043361752656,0.5461693650660746,32.56782261108104,11.735047807275736,33.98593627332739,33.60731303341062,18.653668685754607,31.429407829644585,17.48265086279952,15.904867401324488,1.5777834614750326,True,False,False,32,6,0.514307864909731,0.5092575773606203,8
9tf5_chainC,4007,7,0.017242470756173134,Allosteric,0.7749369144439697,0.5449244976043701,197.3333282470703,1,4,0.5088127867122383,0.5512830661450268,45.325710680999016,16.15649250413776,30.06586311011948,50.70652312238588,14.264441421099617,31.183347754564796,24.633707576312567,30.070519300296038,-5.436811723983471,False,False,False,27,6,0.5221897983707234,0.5092097990071554,8
9tf5_chainC,1011,8,0.012390214949846268,Cryptic,0.6816869974136353,0.5487498044967651,168.6666717529297,1,3,0.6044509188525184,0.5842452691381491,38.323720138978096,14.684764392765079,33.812842963164904,31.66400465376922,18.756531580812023,29.91635242777494,20.751296302292708,13.53914037826675,7.212155924025959,True,False,False,26,5,0.5403597665970862,0.5229062568335489,12
9tf5_chainC,4009,9,0.014995844103395939,Allosteric,0.7749369144439697,0.5251152515411377,197.3333282470703,1,3,0.6044509188525184,0.5565420663677071,38.410283224247785,14.737381042715588,33.88745267655919,47.14462522005433,11.763172306771692,30.787867287163184,20.862418639039248,26.90523409067794,-6.042815451638692,False,False,False,23,6,0.5438561776469848,0.5280071803076272,6
9tf5_chainC,4009,9,0.014995844103395939,Allosteric,0.7749369144439697,0.5251152515411377,197.3333282470703,2,4,0.5088127867122383,0.5485015233529894,45.32807338945139,16.15722731468335,30.06810230895724,50.2104143168715,12.925736663332165,30.87558856811361,24.63678268173219,29.60053696198289,-4.963754280250701,False,False,False,26,6,0.5173960058376772,0.5108819107793691,8
9tf5_chainC,1008,10,0.013765021227300167,Cryptic,0.7749369144439697,0.5340790152549744,197.3333282470703,1,4,0.5088127867122383,0.587486201234597,45.356421071323616,16.10463153308149,30.00443922536332,50.628606333052645,14.765535944141485,31.154329742540376,24.636486754508937,29.964630351220162,-5.328143596711225,False,False,False,27,6,0.5559927456784274,0.5301267528665925,10
9tf5_chainC,4001,11,0.01595194637775421,Unknown,0.5419000387191772,0.5522380471229553,137.0,1,3,0.6742537963313415,0.5454806568290778,31.06333700863205,25.087838387198545,28.150351875921736,30.299587554029753,26.597574158323003,34.87617081100774,14.761319766318444,19.738169907017962,-4.9768501406995185,False,False,False,20,6,0.550627398887269,0.5349315575014033,4
9tf5_chainC,4003,12,0.0,Unknown,0.4840813875198364,0.5699247121810913,53.0,1,4,0.683810105726557,0.6330440079007787,29.716282305563656,23.246281781336442,27.797977825768886,32.51400503649062,26.768453355418888,32.374552763188646,12.704163170478871,19.070022528736786,-6.365859358257914,False,False,False,24,6,0.600115444896809,0.5927331803430623,11
9tf5_chainC,4004,13,0.05282776057720184,ActiveSite,0.7749369144439697,0.48184236884117126,592.0,1,4,0.5088127867122383,0.5574051350062578,45.32615315717278,16.15671809448967,30.066326282042883,50.40370770696776,13.580330003567504,31.221871988974893,24.6343021837435,29.849109449721322,-5.2148072659778215,False,False,False,28,6,0.5281249414496584,0.5205309283067717,8
9tf5_chainC,4000,14,0.0,Unknown,0.0,0.5544225573539734,56.0,1,4,0.5624179099835256,0.5571924173049736,22.745966845474165,13.56346376385899,30.248922607119894,24.03287107239321,6.302873274133911,34.59235736228426,10.42074684500681,17.42488113339861,-7.0041342883918,False,False,False,24,6,0.5518947366266373,0.5437261891119134,5
9u5b_chainA,509,2,0.02299337089061737,Cryptic,0.8153330683708191,0.5019065737724304,240.0,1,4,0.6524077943883448,0.5638999713501724,23.158500201278148,-2.5485967140127737,8.41945765788098,17.239029943892692,-2.5875649083538073,5.105631989776062,11.661677135913669,11.089243732876874,0.5724334030367952,True,False,False,30,6,0.5742615139095515,0.5502172562844587,4
9u5b_chainA,1515,12,0.012180141173303127,Cryptic,0.646817147731781,0.6611425876617432,264.6666564941406,1,3,0.7966243539387581,0.5524366368594883,-2.1657186655460436,4.488166946268645,30.98471203396162,-4.019022891022515,1.2618261692037238,23.849598975492427,23.013006772054304,20.11161495908197,2.901391812972335,True,False,False,20,6,0.5291331969355308,0.5218993146475078,7
9u5b_chainA,1511,13,0.023778120055794716,Cryptic,0.757012128829956,0.6664085984230042,188.3333282470703,1,3,0.5916786381162832,0.5807673179905793,19.982509052774336,-1.588197541902102,8.000009550788238,10.665453008547107,0.24377694266594344,2.0628328371085742,9.559873592721974,13.859530484655592,-4.299656891933617,False,False,False,27,6,0.545557019437588,0.5304484469292319,10
9u5b_chainA,1511,13,0.023778120055794716,Cryptic,0.757012128829956,0.6664085984230042,188.3333282470703,2,3,0.7278210972890897,0.564498856222518,11.367184089230658,4.331542055539359,4.538003024184161,11.268085604888897,4.560146195391868,-2.967913599449668,12.090947031458802,19.211189462200693,-7.120242430741891,False,False,False,24,6,0.5365530498514091,0.5286081820823836,8
9u5b_chainA,4514,14,0.0077459742315113544,Cryptic,0.646817147731781,0.5669941306114197,264.6666564941406,1,3,0.7966243539387581,0.534878455050528,-2.159966322625089,4.486825724734836,30.989373048522253,-4.753564708763036,9.42871922575982,31.968380672099148,23.011796341311808,26.85948110263887,-3.847684761327063,False,False,False,19,6,0.5488193591356803,0.5436620383220403,3
9u5b_chainA,4000,15,0.03561600297689438,ActiveSite,0.646817147731781,0.5566920638084412,794.0,1,3,0.7966243539387581,0.5415228379460973,-2.195456824791498,4.479140396030482,30.938359236751836,-5.265844512245679,3.1334222069543705,23.370393700630526,23.00119995996002,21.259001237635925,1.742198722324094,True,False,False,20,6,0.5240473150703095,0.517289841573773,6
9upz_chainA,504,3,0.0,Cryptic,0.5905434489250183,0.6128786206245422,162.0,1,3,0.7158680682254099,0.643067411100953,38.44039120396457,-1.8301350083817176,1.4720853323072993,43.45937715690258,-5.949283627348455,5.591331578016981,5.56932326446752,8.010910040918798,-2.4415867764512784,False,False,False,20,5,0.6086252337984558,0.595154198243117,12
9upz_chainA,505,4,0.033740442246198654,Cryptic,0.7721987962722778,0.5342694520950317,660.0,1,3,0.7003603725774374,0.5598946390928082,25.595539475131446,1.3625150836294146,-2.5558676475853317,22.02541009679033,2.450150900866774,4.041317441630206,14.14792799126442,15.222465998984744,-1.0745380077203244,False,False,False,24,6,0.5403965319726622,0.5225834869434306,7
9xj0_chainA,1,2,0.011344855651259422,Cryptic,0.680921733379364,0.5335489511489868,264.0,1,4,0.4414661960804413,0.5194270391160805,15.81053073278609,-16.654889157583543,-7.804217935153666,20.959581174552536,-20.49101390106203,-5.00216370163561,8.05688512481364,14.460931213463377,-6.4040460886497375,False,False,False,29,6,0.5177045287678022,0.5116627968246839,4
9xj0_chainA,2,4,0.0,Unknown,0.43870633840560913,0.49606773257255554,62.0,1,5,0.556592378861051,0.6059326143141156,18.92365973453974,-8.434267635467108,-26.244915148287213,24.06365519343948,0.2616643742455657,-23.641622635235912,14.4474674067141,20.376549886011592,-5.929082479297492,False,False,False,27,6,0.5710220170289698,0.5517298529802236,11
9xj0_chainA,3006,11,0.0,Cryptic,0.680921733379364,0.5676384568214417,264.0,1,3,0.7957022155535538,0.6094608033860511,12.976162840771247,-17.81051994328323,-1.01602944908307,6.456408202537192,-17.69039218122893,3.0025715573032965,14.089947017865976,18.89320346594534,-4.803256448079365,False,False,False,23,6,0.5706520493521791,0.5505340091190069,12
9xj0_chainA,3006,11,0.0,Cryptic,0.680921733379364,0.5676384568214417,264.0,2,4,0.4414661960804413,0.5494951438036546,15.841095315025886,-16.51239451226979,-8.043987486252364,6.747474039844743,-16.849374809822525,2.238079368069721,7.820408622038135,17.92883176559638,-10.108423143558246,False,False,False,28,6,0.5433273826002746,0.5330837221909974,5
9xj0_chainB,5,3,0.0,Unknown,0.4404709041118622,0.5044371485710144,57.0,1,3,0.7057886643725422,0.6106392851207022,36.20439377974607,-18.674722657364182,-27.77442618368458,30.09975612458134,-24.46268424842392,-23.28848031719175,15.992090002370375,18.17245822810779,-2.180368225737414,False,False,False,24,5,0.5736307482687846,0.5467456463132945,12
9xj0_chainB,1,6,0.004605331923812628,Unknown,0.5205138921737671,0.4756215810775757,72.0,1,3,0.5922511020810427,0.5687670608376172,32.79240780663272,-25.293773740331584,-21.61603409240802,29.38168394507437,-32.50729491587644,-19.60768548133284,15.51596030898773,21.325400280518085,-5.809439971530356,False,False,False,23,6,0.5568313530099004,0.5469628327277022,6
9xj0_chainB,1,6,0.004605331923812628,Unknown,0.5205138921737671,0.4756215810775757,72.0,2,3,0.7226488412858285,0.569042480447968,31.412433351026362,-24.428514440463406,-17.563905504222944,26.633923561502908,-31.387384754965268,-15.949320843680736,14.93871868121711,22.20651873437769,-7.2678000531605775,False,False,False,24,6,0.54874855528758,0.541178617945747,7
9xj0_chainB,4004,11,0.010420440696179867,Cryptic,0.7889906764030457,0.6303220391273499,302.0,1,5,0.5609031378605269,0.5618079461696632,40.413059118268784,-16.638598728685093,-9.777931138659321,45.590586318967304,-23.749019062261223,-10.85793848709537,6.770631856584153,6.056873792845249,0.7137580637389034,True,False,False,31,6,0.5436964256945999,0.5214253677314084,7
9xji_chainA,8,1,0.0,Cryptic,0.6342151165008545,0.49465063214302063,387.0,1,3,0.7383602932259941,0.5857533904881368,3.1789691586731315,20.320747462369713,-10.569783373625528,-1.7771820477612308,15.907742072325716,-7.868232299000046,4.83271357574932,9.400500448228284,-4.567786872478964,False,True,False,23,6,0.5391215995428027,0.5344709065099087,12
9xji_chainA,3,4,0.011320661753416061,Unknown,0.4952906370162964,0.5124234557151794,115.0,1,3,0.6415202338976225,0.5600843869697196,-5.643084866364553,17.635730262494853,-24.59372335059421,-10.758175906752392,22.60269605974411,-26.655199490734706,15.329984068870118,21.161998864022838,-5.83201479515272,False,False,False,22,6,0.5572172147126295,0.5408879836561689,5
9xji_chainA,508,6,0.045501191169023514,Cryptic,0.7508273720741272,0.47069427371025085,275.0,1,5,0.5583676768416727,0.6083817498818708,4.835395815532684,20.210051048904628,-8.208577455358588,7.021384901735053,23.180893877905895,-0.643652060502975,6.289645343774724,14.492751028386847,-8.203105684612122,False,False,False,31,6,0.600894260142741,0.5684014243359876,7
9xji_chainA,2,8,0.013404827564954758,Unknown,0.5805571675300598,0.47223320603370667,95.0,1,4,0.5387877506622928,0.5868540093462533,-8.230505815991782,22.634764154189135,-19.26413436600934,-0.4589055376559837,24.574799434741045,-26.073399411252964,15.453573192236673,15.255539189150443,0.19803400308622976,True,False,False,28,6,0.5581132385029433,0.5439356814665204,9
9xji_chainA,4002,10,0.013602414168417454,Unknown,0.5805571675300598,0.47733166813850403,95.0,1,3,0.5523386167039592,0.5445186458872348,-9.370509009683417,22.408383374551654,-17.526087025690998,-8.043006661033125,27.91710309126944,-22.807596042301576,15.902651414523516,19.15776527569809,-3.255113861174573,False,False,False,25,6,0.5281322146586228,0.5189929576174421,6
9xji_chainB,508,2,0.028014516457915306,Cryptic,0.6534326672554016,0.4681542217731476,167.0,1,3,0.5634128360443316,0.5462199733641814,-8.157284630143073,44.89598079552394,-2.861933963113115,-9.164561692197225,42.155986184905565,-10.314021357366133,11.659704952809468,7.512490076073555,4.147214876735913,True,False,False,19,6,0.522253911794076,0.5131736738807018,7
9xji_chainB,6,3,0.06011609733104706,Cryptic,0.683834433555603,0.4944288432598114,207.0,1,5,0.5157866939007093,0.5656051764082712,9.294331073936275,44.24734153009113,-11.933732598860324,8.840026669883319,50.726876210498794,-2.406172017519485,15.119470188605723,18.492539189978782,-3.373069001373059,False,False,False,28,6,0.5394442784063311,0.5247432902076528,8
9xji_chainB,5,4,0.0048365783877670765,Unknown,0.46596989035606384,0.507146418094635,92.0,1,3,0.702139880501826,0.5998871200264004,4.281589823793941,45.5059455296443,-25.600132506351073,11.828790541359995,49.07270943607017,-22.71028657260477,15.315511659558572,19.3695485892732,-4.054036929714629,False,False,False,25,6,0.5818389207269281,0.5583704207563588,8
9xji_chainB,4,7,0.0,Unknown,0.46683645248413086,0.5399752259254456,65.0,1,4,0.6547090795523564,0.6028305914487526,3.64480580493987,54.438566769330215,-23.862924133635847,-0.6646438879358988,57.80665520364948,-19.84155025058372,15.100869308621924,12.75166529287692,2.349204015745004,True,False,False,24,5,0.5903717672904025,0.5748437339404969,7
9xji_chainB,4508,8,0.018378278240561485,Cryptic,0.6534326672554016,0.5277954936027527,167.0,1,3,0.5634128360443316,0.493632483742017,-8.179378539417632,44.882804089127,-2.770035672257477,-3.7035544068090367,48.671729207913316,-1.040393913815992,11.754724478604803,12.966400280646408,-1.2116758020416043,False,False,False,20,6,0.5003464685193563,0.49496907628253844,3
9xji_chainB,4507,12,0.02892894856631756,Cryptic,0.7604807615280151,0.5450688600540161,207.0,1,3,0.6315899572876427,0.5542104291642783,1.5643944677902364,54.52410798834463,-20.144747455301804,-1.0133768357898871,56.23189851088041,-25.14888722389762,11.645059093248868,14.878898872871344,-3.2338397796224765,False,False,False,20,4,0.501625523941182,0.4986183455958837,12
9yc2_chainA,2,4,0.05745885521173477,Unknown,0.7025220990180969,0.49163296818733215,148.0,1,3,0.6248600517132568,0.6090510650726054,17.204204545652438,13.811100912643875,43.4438466376529,13.155159542782558,18.137755433064147,49.921864133846896,25.703028193591603,27.40683891483585,-1.7038107212442455,False,False,False,21,5,0.5635661737240909,0.5529610267117049,13
9yc2_chainA,2,4,0.05745885521173477,Unknown,0.7025220990180969,0.49163296818733215,148.0,2,3,0.804264878005873,0.5865883643018941,14.1551395568629,15.360898517178887,43.783376028637974,12.817580386659277,19.029399212812457,49.83065135177731,24.361965608900952,26.85794845411251,-2.4959828452115573,False,False,False,24,6,0.5568989238745536,0.5465539787869906,9
9yc2_chainA,4002,6,0.08486423641443253,Unknown,0.7025220990180969,0.5474435687065125,148.0,1,3,0.804264878005873,0.5851862680207375,14.144627661791148,15.377926807177538,43.79021154946259,12.140191182283463,18.76360570828303,49.923214832172356,24.35384011427759,27.056602772842943,-2.7027626585653515,False,False,False,23,6,0.5494026976107751,0.5400447430171648,10
9yg3_chainB,511,2,0.017173171043395996,Cryptic,0.6511337757110596,0.45773598551750183,106.0,1,3,0.7997801265638971,0.5809172435841429,-17.169050640626935,41.61242854923444,73.76027936686526,-12.004463127707744,37.938036556556526,72.44666278323832,34.45554315593942,31.29365754204671,3.161885613892707,True,False,False,17,5,0.5576074972444002,0.5422731648632865,8
9yg3_chainB,2,3,0.023323576897382736,Unknown,0.6392613053321838,0.4750676155090332,106.0,1,3,0.6004855778805462,0.5773256684995423,-10.251370142256562,41.352132655967836,78.7111413883406,-10.195541674477633,39.30231187347637,71.54034450390554,26.246943463669172,29.99823835348003,-3.7512948898108576,False,False,False,22,5,0.5460830271125322,0.5353921642518006,9
9yg3_chainB,1513,9,0.03490108251571655,Cryptic,0.7236047983169556,0.6214503645896912,361.3333435058594,1,4,0.44141887006656483,0.5797207615434012,0.1941569094894532,48.38525926482607,84.64224791879788,-9.851242828163024,49.60867604008057,89.14573982758003,14.290009104346819,23.88295916934252,-9.592950064995701,False,False,False,26,6,0.5708253854008087,0.5562507309861705,6
9yg3_chainB,3516,11,0.0730336606502533,Cryptic,0.7236047983169556,0.6449509859085083,1084.0,1,4,0.5553634335538498,0.6118615451558845,6.954723297416206,51.49260601830591,83.73058062597002,2.8430527820859295,54.72670842937293,80.84409960348533,10.04402595192386,16.01648394397197,-5.97245799204811,False,False,False,24,6,0.6029775270115685,0.549542075978698,8
9yg3_chainB,1512,12,0.0,Cryptic,0.7236047983169556,0.7038214802742004,361.3333435058594,1,4,0.5553634335538498,0.5747052473873251,6.950666889873649,51.4973434814257,83.71931159780647,2.4964662797220196,54.07400264203413,82.66288511471888,10.054773995118952,15.11565511379169,-5.060881118672738,False,False,False,23,6,0.5497187905261808,0.5368514807134107,8
9yg3_chainB,4514,13,0.01350223645567894,Cryptic,0.7236047983169556,0.7975607514381409,361.3333435058594,1,4,0.5553634335538498,0.5828928011418341,6.955775618969658,51.489551902388385,83.72827988474019,2.211036628822254,52.81533301935222,84.09695846835108,10.042663188857057,14.178959871746006,-4.136296682888949,False,False,False,26,6,0.5513676960202557,0.5221911637918356,10
9yg3_chainB,1514,15,0.004929841961711645,Cryptic,0.7236047983169556,0.7820496559143066,361.3333435058594,1,4,0.5553634335538498,0.5813051507185232,6.95539866987875,51.450107013043734,83.72923101324868,1.7284786969033854,52.82000333601861,83.94094028783326,10.02004314866021,14.62289292835044,-4.60284977969023,False,False,False,24,6,0.5461333303937868,0.5312645999613053,10
9yg3_chainB,4002,19,0.018370872363448143,Unknown,0.6392613053321838,0.523337721824646,106.0,1,3,0.7997801265638971,0.5753660396629517,-17.08082508519916,41.64675320646368,73.81301024424285,-11.97088253237619,40.26363420794266,70.49999313358077,34.34983204381071,31.823439996539932,2.5263920472707753,True,False,False,17,6,0.5736123473004795,0.5640120662118171,5
9znb_chainA,1,1,0.0036948216147720814,Cryptic,0.8376315832138062,0.6951830387115479,205.0,1,4,0.5753482540892139,0.636026896278492,-29.266677397357814,31.05996030819009,48.59391321855745,-31.695573763336462,37.15094821116202,52.00756774886713,5.640247313132435,8.767218570052007,-3.126971256919572,False,False,False,22,6,0.6160234490546878,0.6015919318345437,9
9znb_chainA,0,6,0.08654846996068954,ActiveSite,0.7407565712928772,0.4980602562427521,1018.0,1,5,0.6278812086830378,0.6107257013896352,-22.24030437224168,16.58715842776219,34.01009858908297,-27.82139737174952,9.724429218215267,31.97359414701578,23.459083939358248,27.059987098303083,-3.600903158944835,False,False,False,27,6,0.5902061479278107,0.5589921860526107,9
9znb_chainA,4,7,0.018298272043466568,Cryptic,0.7692350745201111,0.5603508353233337,221.0,1,3,0.862573607193915,0.5594691813484686,-17.313209385790493,15.737617399919795,17.44851310344174,-18.441158631487035,22.106156779641292,22.680889444822554,38.77452249210131,32.04184181865749,6.732680673443824,True,False,False,23,6,0.5474166082605488,0.5310713557173516,6
9znb_chainA,4,7,0.018298272043466568,Cryptic,0.7692350745201111,0.5603508353233337,221.0,2,3,0.6585119050939542,0.6130828175241234,-12.653781877845478,4.451266075123124,23.525989142173056,-7.803697953801491,-0.351154947272981,22.411248181477866,42.032237759160594,48.19809731616745,-6.165859557006854,False,False,False,18,6,0.5864950787912464,0.5828387414188856,9
9znb_chainA,1509,8,0.01539106946438551,Cryptic,0.7407565712928772,0.8150730729103088,339.3333435058594,1,4,0.6882122625935926,0.6270623631937948,-21.875975525180422,15.187720746162146,35.16894790324391,-26.863899862292634,10.013679213119838,32.63527464509199,23.716417888351735,26.686032917697645,-2.96961502934591,False,False,False,26,6,0.6108445913850802,0.5497390641159601,10
9znb_chainA,1508,9,0.022875498980283737,Cryptic,0.7407565712928772,0.6795344948768616,339.3333435058594,1,4,0.6882122625935926,0.581518815824731,-21.849609028271544,15.14700407823837,35.2115686192319,-26.78193380971931,9.427990411921918,31.308690825690157,23.729122443040964,27.975869900393487,-4.246747457352523,False,False,False,27,6,0.5852040281119291,0.5571029843835023,5
9znb_chainA,1507,10,0.01170266605913639,Cryptic,0.7407565712928772,0.5616961717605591,339.3333435058594,1,5,0.6278812086830379,0.6214089976470075,-22.224227769052757,16.568589925615875,34.03107336258376,-26.94839474491531,9.529343405477965,31.584827843666222,23.46378414639272,27.679302710625855,-4.215518564233136,False,False,False,28,6,0.6147917369546558,0.5588831561192789,8
9znb_chainA,4508,11,0.020523283630609512,Cryptic,0.7407565712928772,0.6577775478363037,339.3333435058594,1,5,0.6278812086830378,0.6154679987183204,-22.224988509257646,16.567835710676153,34.03125668921778,-27.598262946596897,9.831728734867934,32.29681219714702,23.463672473628172,26.831449432307018,-3.3677769586788457,False,False,False,28,6,0.5815696456113524,0.5450877979380397,12
9znb_chainA,1512,14,0.001372895436361432,Cryptic,0.7622089982032776,1.0,197.0,1,3,0.6980219059462129,0.593497212015716,-18.481765879072473,24.093580053172875,40.81130506660714,-15.679043842116297,25.30610697075755,37.58508934616137,18.955967818296646,22.632576490917625,-3.6766086726209792,False,False,False,25,6,0.578354225389287,0.567233847953939,7
9znb_chainA,4512,15,0.0018732218304648995,Allosteric,0.7622089982032776,0.9172373414039612,197.0,1,4,0.5543587151400194,0.6144293556435595,-17.694030560575,23.30558209001489,40.3588431806584,-12.262434672348176,21.99413997942666,42.24610361239988,20.051177710658298,24.521284304496557,-4.47010659383826,False,False,False,24,6,0.5797178024606073,0.5659522569746215,11
9znb_chainA,3514,16,0.0075246794149279594,Cryptic,0.7692350745201111,0.643610417842865,221.0,1,3,0.7791591906266998,0.6364583813814475,-8.641962843324508,5.493903837734844,22.403351770374847,-5.961013787782861,5.721657597953115,15.722573402529116,44.353693911416,50.08416022602531,-5.730466314609309,False,False,False,20,4,0.5936026310537855,0.5751063322155096,14
