target,site_id,site_rank,site_rank_score,site_classification,site_druggability,site_uv_enrichment_score,site_volume,cluster_id,seed_n,mapped_n,n_added,cluster_internal_score,raw_centroid_x,raw_centroid_y,raw_centroid_z,mapped_centroid_x,mapped_centroid_y,mapped_centroid_z,raw_dcc,mapped_dcc,dcc_gain,improved,good_raw_dcc_5,good_mapped_dcc_5
9ig2_chainA,5,4,0.005324935540556908,Unknown,0.5539416074752808,0.848883867263794,135.0,1,3,7,4,0.6588726029522837,-9.6244836799816,18.27752473846689,14.277120393386767,-9.116017905938355,18.08737953732695,14.11061972425807,17.2409635592062,16.883682642176858,0.3572809170293425,True,False,False
9ig2_chainA,515,6,0.0033917324617505074,Cryptic,0.647803783416748,0.8095075488090515,148.0,1,5,8,3,0.48158651828153437,-16.43458719924211,21.409545366653347,42.37998775865413,-16.5261905236168,21.924388290248437,42.490165383941175,28.771943907441287,29.05408970192015,-0.2821457944788648,False,False,False
9ig2_chainA,6,17,0.0014251668471843004,Unknown,0.4687826633453369,1.0,88.0,1,3,5,2,0.6588726029522837,-9.593924386386934,18.35303897685448,14.21124094603077,-9.59326522892539,18.355607397106585,14.297579575490833,17.27429955407067,17.227134228306056,0.047165325764613186,True,False,False
9ig2_chainA,6,17,0.0014251668471843004,Unknown,0.4687826633453369,1.0,88.0,2,3,4,1,0.733452830318809,-3.269667934094364,20.6209875890597,13.446958618233477,-2.9781230485524386,20.834701689093947,13.422005165064089,14.463832676758956,14.445773727135219,0.018058949623737774,True,False,False
9ig2_chainA,4523,19,0.03213292360305786,ActiveSite,0.6531283855438232,0.7885010838508606,637.0,1,9,11,2,0.4683131662837605,-2.6279201832786523,7.109428922504229,20.375656396096737,-2.739329591624509,7.1893865394896785,20.20627435087997,9.756594689561146,9.840028815493973,-0.08343412593282729,False,False,False
9ig2_chainA,1523,20,0.03225570172071457,Cryptic,0.6531283855438232,0.800568163394928,637.0,1,3,8,5,0.5746623706848173,-11.709710011596899,1.6011072279947753,32.55119692031322,-12.530688612148394,2.006922484927099,32.9559302766744,21.55869329214926,22.114499265854143,-0.5558059737048815,False,False,False
9ig2_chainA,4001,21,0.06936030834913254,ActiveSite,0.6531283855438232,0.7260258793830872,1911.0,1,5,9,4,0.395315057254353,-3.3701392647149135,7.158618922294886,18.89268042215091,-3.5599509122671664,7.302739571272855,18.61740900461049,10.818435754156576,10.990852539714627,-0.17241678555805073,False,False,False
9ig2_chainA,4004,29,0.025832701474428177,ActiveSite,0.6593725681304932,0.8579251766204834,1085.0,1,4,7,3,0.6630793392478516,-0.005596727294984096,20.82233239180727,24.86067429587303,0.09304416395485984,20.852831509458355,25.285455722508193,8.441084332651679,8.48973132910045,-0.04864699644877213,False,False,False
9ig2_chainA,4515,38,0.0025298779364675283,Cryptic,0.647803783416748,0.8920257091522217,148.0,1,6,8,2,0.48615130346740454,-16.719997783846573,24.677187554958753,40.925738896151984,-16.74165671506249,24.899247905759417,40.83355071646826,29.154521144014712,29.201838936240915,-0.04731779222620247,False,False,False
9ig2_chainB,7,1,0.020245607942342758,Allosteric,0.7401458024978638,0.7277721762657166,164.0,1,7,11,4,0.5521769501164101,3.186825907629052,9.556830355947104,82.73286034183099,3.0518046054990124,9.240952665666343,82.26312933872269,19.79749704631522,19.528834465843456,0.26866258047176217,True,False,False
9ig2_chainB,522,2,0.008245507255196571,Cryptic,0.8051583766937256,0.7481279373168945,218.0,1,4,5,1,0.7230867445461129,-5.154844489275565,13.775500433400824,68.53522973313372,-5.109907063059087,13.674432242980389,68.5758096835535,16.942215532638336,16.9099469791792,0.032268553459136484,True,False,False
9ig2_chainB,521,3,0.020790228620171547,Cryptic,0.7228531837463379,0.7728230357170105,215.0,1,4,8,4,0.6123268774308785,32.062756783430444,7.905747987123259,47.82435048289597,32.06189535230772,8.218157302072573,47.76500660142481,27.868454578504117,27.833643239197148,0.03481133930696956,True,False,False
9ig2_chainB,521,3,0.020790228620171547,Cryptic,0.7228531837463379,0.7728230357170105,215.0,2,3,8,5,0.8328115678602956,32.739877087701565,8.556728171652589,53.09344675157189,32.556484562413246,8.894140006657555,53.019693224265126,25.27778180958797,25.083096972778456,0.19468483680951465,True,False,False
9ig2_chainB,519,5,0.007274954579770565,Cryptic,0.6794591546058655,0.870921790599823,184.0,1,3,5,2,0.6801619856171746,27.564808229109964,28.746419972176373,47.45893068361682,27.847610094082924,29.34995357593552,47.7696117843564,28.034201503361594,28.312889112794732,-0.2786876094331383,False,False,False
9ig2_chainB,17,6,0.007705381605774164,Cryptic,0.6753491163253784,1.0,253.0,1,4,8,4,0.5055744631765745,28.040533032397708,31.300730650618064,47.21166739989672,28.134927496086583,31.52455450841435,47.218544584022624,29.831140874473213,30.006140305302356,-0.1749994308291427,False,False,False
9ig2_chainB,520,8,0.0,Cryptic,0.5838870406150818,0.7436869740486145,64.0,1,4,8,4,0.644372951053011,32.065803313766665,12.00827454739014,58.47108395765553,32.047290201111636,11.446075054103682,58.57174273471148,21.863991555401658,21.884996159624,-0.021004604222341072,False,False,False
9ig2_chainB,520,8,0.0,Cryptic,0.5838870406150818,0.7436869740486145,64.0,2,3,8,5,0.6395359419162675,32.60587706060645,8.864283634952207,58.50019561782625,32.515864444361405,9.29832965622521,58.0795378545583,22.922775367015312,22.869353915998825,0.05342145101648654,True,False,False
9ig2_chainB,19,10,0.0,Unknown,0.5780856013298035,0.8005380630493164,64.0,1,3,8,5,0.6395359419162675,32.50662517228504,8.896879775483985,58.43768089441144,32.44944239990998,9.291356134112926,58.063226804762984,22.842496603582088,22.815146168112786,0.027350435469301715,True,False,False
9ig2_chainB,19,10,0.0,Unknown,0.5780856013298035,0.8005380630493164,64.0,2,5,8,3,0.6610896852279259,31.874184476314927,12.02440149137569,59.53120386225395,31.839629637172575,11.696732941794327,59.55512303628147,21.364686814235448,21.36501928081203,-0.00033246657658381196,False,False,False
9ig2_chainB,525,17,0.0019176078494638205,Cryptic,0.4487433433532715,1.0,93.0,1,3,6,3,0.7330044643442746,16.046664825916977,22.915226670190187,55.40353254567079,16.086799253163218,22.667452650757575,55.652405471291914,13.893324372019206,13.576785984881447,0.3165383871377596,True,False,False
9ig2_chainB,1527,21,0.009418183006346226,Cryptic,0.7413843870162964,1.0,289.6666564941406,1,4,8,4,0.6930385196587653,20.972371827341505,2.9355987722886256,40.45054134696854,20.93791611888438,3.12546604273178,40.325387442387814,29.109240150349542,29.131190208604135,-0.02195005825459262,False,False,False
9ig2_chainB,4009,22,0.04788060858845711,ActiveSite,0.7847995162010193,0.6558361053466797,522.0,1,3,7,4,0.6978728524774983,20.885747780516027,9.69981004762192,73.96931697471017,21.022359095292487,10.806025402536502,74.44844515870646,13.553255821487323,13.614997049455937,-0.061741227968614254,False,False,False
9ig2_chainB,4528,23,0.015344182960689068,Cryptic,0.7413843870162964,1.0,289.6666564941406,1,5,8,3,0.6205058942192377,21.326596270418356,2.4022873602203623,42.21037505037757,21.32878831366902,2.2411828925666653,42.198435196551195,27.96256545833407,28.04308178076696,-0.0805163224328922,False,False,False
9ig2_chainB,1532,26,0.01622464507818222,Cryptic,0.7847995162010193,0.9540567994117737,174.0,1,5,10,5,0.5854304507969046,20.57613707267892,8.794427358445866,70.21623669628845,20.34263607318476,9.540483148425352,70.33970134883552,11.725469724883348,11.251357697939435,0.47411202694391363,True,False,False
9ig2_chainB,1532,26,0.01622464507818222,Cryptic,0.7847995162010193,0.9540567994117737,174.0,2,4,7,3,0.5842825992955377,19.729372878276948,10.92856876101101,66.55610391010659,19.75909010061805,10.395426712694047,66.65957751545099,9.034938092057898,9.295842436794572,-0.2609043447366748,False,False,False
9ig2_chainB,1533,27,0.016491899266839027,Cryptic,0.7847995162010193,0.6804891228675842,174.0,1,3,6,3,0.6978728524774983,20.907884768395604,9.713272224026673,73.99507036823377,21.20870242606786,10.685393181240153,74.40084743271764,13.58010156904737,13.747626372159102,-0.167524803111732,False,False,False
9ig2_chainB,4534,28,0.013973666355013847,Allosteric,0.7847995162010193,0.9247615337371826,174.0,1,4,7,3,0.6923208051126337,21.08102659109462,9.268536075151035,72.5728992849983,21.295018018169245,9.875495128825802,72.54402636224042,13.03173978526943,12.947273865194646,0.08446592007478415,True,False,False
9ig2_chainB,4010,29,0.0506487675011158,ActiveSite,0.7413843870162964,0.8943548798561096,869.0,1,4,8,4,0.6930385196587653,20.94804327151064,3.0008520992791086,40.48810854051783,20.903163594349035,3.2636465767806033,40.30268386495368,29.043257871011548,29.086046441441315,-0.04278857042976725,False,False,False
9ig2_chainB,3540,30,0.06818269938230515,Cryptic,0.7847995162010193,0.9767225384712219,522.0,1,3,8,5,0.5350049338657099,19.932576401087818,8.597726737151195,68.2263970989943,20.651186733840795,8.927429816926123,67.62228765814196,10.650413721095092,10.923691543161402,-0.27327782206631035,False,False,False
9ig2_chainB,1526,31,0.008475732058286667,Cryptic,0.7413843870162964,1.0,289.6666564941406,1,4,8,4,0.6930385196587653,20.972130998175714,2.935696604253553,40.450223754126895,20.93735797597685,3.1274382203369,40.32385948904492,29.10939562164302,29.1315592539355,-0.022163632292478752,False,False,False
9ig2_chainB,3538,33,0.037578318268060684,Cryptic,0.7413843870162964,1.0,869.0,1,4,8,4,0.6930385196587653,20.971731047751778,2.9372372605278416,40.45160621759034,20.936946585643515,3.1292120964180024,40.324833738761725,29.107468439459325,29.12989570412766,-0.02242726466833389,False,False,False
9ig2_chainB,4521,36,0.020633261650800705,Cryptic,0.7228531837463379,0.8582187294960022,215.0,1,3,7,4,0.6628634691815993,32.07553246234446,6.935528203256621,46.17862057365654,31.866989909945417,7.385103976022164,46.07707571042444,29.181053953372825,28.98877523609191,0.19227871728091372,True,False,False
9ig2_chainB,4007,41,0.011682379990816116,Allosteric,0.7401458024978638,0.8989976048469543,164.0,1,3,5,2,0.60149156419209,-0.641786386404482,11.750902173869166,83.5846533469232,-0.6613410708085224,11.52938468562299,83.53184524248536,21.99189498819619,21.987599462359206,0.004295525836983671,True,False,False
9ig2_chainB,4519,42,0.00705250957980752,Cryptic,0.6794591546058655,0.8894567489624023,184.0,1,5,8,3,0.5470956251315475,27.577066307567584,31.774498373987388,47.799378351525355,27.763094716626274,31.704020925079057,47.74011933104592,29.493508804552082,29.589635528888547,-0.09612672433646452,False,False,False
9ig2_chainB,4525,44,0.0,Cryptic,0.4487433433532715,1.0,93.0,1,3,3,0,0.6991819109632826,27.26408783378789,35.80573540574135,49.2385635516333,27.26408783378789,35.80573540574135,49.2385635516333,31.097031509751908,31.097031509751908,0.0,False,False,False
9nmx_chainA,1,2,0.0,Unknown,0.502488911151886,0.651981770992279,94.0,1,4,5,1,0.5012662555471343,-64.84175889706339,15.803737975762626,-37.90686161841811,-64.53779540029151,15.424289555832846,-38.002785236517845,29.65916499747655,29.348515550968365,0.3106494465081866,True,False,False
9nmx_chainA,7,4,0.0,Unknown,0.5165235996246338,0.6583465933799744,56.0,1,9,13,4,0.42896715141417613,-36.14867715036013,4.995529414213977,-5.85625430553172,-36.40542325309193,4.875785919842543,-5.639393786965765,17.277586038766096,17.290412218333675,-0.012826179567579032,False,False,False
9nmx_chainA,4,5,0.0,Unknown,0.5196069478988647,0.7249687314033508,63.0,1,3,6,3,0.6689419227590943,-50.82173363649695,14.006752163145832,-33.3521039677374,-50.81268810587903,14.175110086777858,-33.47656041536148,18.8094110390109,19.00491008526751,-0.19549904625661085,False,False,False
9nmx_chainA,0,7,0.0,Cryptic,0.4613068699836731,1.0,67.0,1,4,7,3,0.5012662555471343,-64.76157050034115,15.715404735174616,-37.91459352625834,-64.29738927669531,15.06217492772992,-37.979214744844214,29.57143464120297,29.015998735460293,0.5554359057426765,True,False,False
9nmx_chainA,10,12,0.03287430852651596,ActiveSite,0.8242324590682983,0.4762657880783081,533.0,1,3,5,2,0.7821783433469187,-37.81258455074624,-3.2443500356258475,-13.23473918618867,-37.819190311649216,-3.30242267318684,-13.192866771234318,11.621019763609649,11.666104633791804,-0.0450848701821549,False,False,False
9nmx_chainA,4005,14,0.11477607488632202,ActiveSite,0.6263172626495361,0.49929341673851013,1831.0,1,3,7,4,0.7530706708428191,-34.82738265247304,-0.6129911490101164,-14.117278887366098,-35.14492268603948,-0.6774221211772042,-14.260676048903605,12.688478377431366,12.361267569159834,0.32721080827153237,True,False,False
9nmx_chainA,4005,14,0.11477607488632202,ActiveSite,0.6263172626495361,0.49929341673851013,1831.0,2,6,11,5,0.529609763336121,-36.50570732386109,-1.8054638656066087,-17.209963618479584,-36.5281320553302,-1.844031184556014,-17.29961609050183,10.422414020742282,10.394254400640568,0.028159620101714467,True,False,False
9nmx_chainA,4521,15,0.02767237462103367,ActiveSite,0.6263172626495361,0.7001466155052185,610.3333129882812,1,6,10,4,0.529609763336121,-36.50595543761172,-1.804867783420408,-17.20954756740208,-36.40329257731683,-1.7104277181580907,-17.287953450729304,10.422080209572515,10.46222253998611,-0.04014233041359461,False,False,False
9nmx_chainA,4520,16,0.021017203107476234,ActiveSite,0.6263172626495361,0.7498255372047424,610.3333129882812,1,3,7,4,0.7530706708428191,-34.791503905775045,-0.5819483594828779,-14.17103926143768,-35.1063064629749,-0.650042470520404,-14.30348806468235,12.68963339305418,12.370004697994021,0.31962869506015856,True,False,False
9nmx_chainA,4520,16,0.021017203107476234,ActiveSite,0.6263172626495361,0.7498255372047424,610.3333129882812,2,7,10,3,0.5245171182660436,-36.51131617488289,-2.0597350130919807,-17.15144562875302,-36.45714724780894,-1.8978227143642985,-17.19428002328339,10.525926100025604,10.503370449443747,0.022555650581857378,True,False,False
9nmx_chainA,3522,17,0.1428401917219162,Cryptic,0.6263172626495361,0.5536805987358093,1831.0,1,5,8,3,0.590015669628447,-38.081424799702475,-3.189740501206238,-15.985135089541576,-37.89116981614974,-3.0222186241959985,-16.240841903690583,10.08337768693138,10.055095934633318,0.028281752298061846,True,False,False
9nmx_chainA,4519,18,0.030680831521749496,ActiveSite,0.6263172626495361,0.6236065030097961,610.3333129882812,1,5,8,3,0.5900156696284469,-38.08081109831901,-3.193267110458191,-15.977600564905877,-37.89288534764483,-3.027300864487669,-16.23116453780488,10.088497001410152,10.059667874344697,0.02882912706545504,True,False,False
9nmx_chainD,2,3,0.00810576044023037,Cryptic,0.8016400933265686,0.5940975546836853,239.0,1,3,6,3,0.7374775921187243,11.92067617677828,-27.348907582921967,36.309085201105596,11.856493283316958,-27.436383799665155,36.489605459396635,47.586280069612926,47.76095669161902,-0.17467662200609624,False,False,False
9nmx_chainD,504,5,0.014118495397269726,Cryptic,0.835198700428009,0.5369736552238464,239.0,1,4,5,1,0.7497590925495433,12.141504882743785,-26.936852942778085,34.73195775582671,12.183709438403099,-26.80686333698788,34.83442697947225,46.18667205526188,46.200626832034935,-0.013954776773054789,False,False,False
9nmy_chainD,3,1,0.0010663446737453341,Unknown,0.5289034247398376,0.6836830973625183,104.0,1,3,5,2,0.7452929923383885,19.049933120205598,-14.385294866924166,21.904541818438954,18.995159064202685,-14.151593270891347,21.879402431221294,32.53709341498092,32.38239119968452,0.15470221529640327,True,False,False
9nr0_chainA,2,1,0.060135941952466965,ActiveSite,0.6071255803108215,0.5984696745872498,1212.0,1,8,12,4,0.48872055142301774,-36.06482206228957,19.004615918636482,-1.0908623705540919,-36.354951365992896,19.241014671551874,-1.2343974388692445,17.188379392549294,17.274309726543045,-0.08593033399375116,False,False,False
9nr0_chainA,3,5,0.0,Unknown,0.5581868290901184,0.6087486147880554,73.0,1,3,5,2,0.6633788022560156,-40.56580042142503,-7.117776997190691,15.614933848358296,-40.50702316349872,-6.994733645954883,15.672250801949378,20.22021527505349,20.114711363022835,0.10550391203065601,True,False,False
9nr0_chainA,4,6,0.0,Unknown,0.494550883769989,0.8436943888664246,65.0,1,3,5,2,0.7552259226973127,-37.40778174821728,12.32610914994096,25.144949708025553,-37.082697368085114,11.686403375062282,25.265815530337623,13.402740553830693,13.692731570178434,-0.2899910163477415,False,False,False
9nr0_chainA,506,7,0.12111455202102661,Cryptic,0.6936384439468384,0.5329245328903198,1212.0,1,8,13,5,0.5260688446363003,-35.904775361467486,19.932512339550126,0.1567328719901966,-36.16539900800763,20.27515052213531,-0.01580547635497457,16.621765404722538,16.79305677714401,-0.17129137242147152,False,False,False
9nr0_chainA,1,8,0.039809294044971466,ActiveSite,0.8271401524543762,0.5526964068412781,575.0,1,5,8,3,0.6906316041419931,-36.33905031026948,9.089898209980433,25.51027906503996,-35.948803318097085,8.858808411396671,25.562835023516943,14.685870779543746,14.978968127385517,-0.2930973478417709,False,False,False
9nr0_chainA,4512,10,0.03037882409989834,ActiveSite,0.6936384439468384,0.5599032044410706,404.0,1,3,10,7,0.5597260234176149,-35.8085026774603,17.47572466716703,2.2553114675475405,-36.42630351021386,17.891434517930012,2.422546750049776,14.083734905869791,13.779040041363224,0.30469486450656724,True,False,False
9nr0_chainA,1510,11,0.014888402074575424,Cryptic,0.6936384439468384,0.5894176959991455,404.0,1,5,12,7,0.5605730276795853,-36.24227409826802,19.25073199455048,2.4868584182118583,-36.57349242864689,19.414842689111158,2.3349591786399455,14.383764701788424,14.411736738863222,-0.02797203707479845,False,False,False
9nr0_chainA,1509,18,0.005893487483263016,Cryptic,0.8271401524543762,0.6848759055137634,191.6666717529297,1,4,5,1,0.7587319953308337,-37.25037487054072,10.942007221971286,25.405966468990467,-37.03564514868232,10.89603874481291,25.432243983646003,13.819055497573407,13.944795369445758,-0.12573987187235147,False,False,False
9nr0_chainA,4507,19,0.0053767915815114975,Allosteric,0.8271401524543762,0.59223872423172,191.6666717529297,1,6,10,4,0.6446622557210033,-33.941381472271985,4.515371931399277,25.745284841351967,-33.75748719076818,4.529051926196782,25.843603828956898,17.76204940924154,17.923600728449856,-0.16155131920831423,False,False,False
9nr0_chainA,4000,20,0.014419332146644592,Cryptic,0.7431386113166809,0.5860713124275208,210.0,1,6,9,3,0.6197433460824936,-49.451960494641106,9.896295432105532,14.563713220856494,-49.779711765952634,9.468460639045428,14.463582165131594,6.859269879464216,7.313980314321277,-0.454710434857061,False,False,False
9nr0_chainA,1508,21,0.0,Cryptic,0.8271401524543762,1.0,191.6666717529297,1,5,8,3,0.6906316041419931,-36.390214137468575,9.061092604935027,25.553384886906834,-35.9383876204412,8.800581913583205,25.608181487343263,14.704974043926327,15.036917663096727,-0.3319436191703993,False,False,False
9nr0_chainA,3517,22,0.01853286102414131,Cryptic,0.7431386113166809,0.6334259510040283,210.0,1,6,8,2,0.517035262823022,-47.475977781387,14.171217028682916,6.456342605645184,-47.241734505055895,14.16593614377597,6.39241566172748,7.977916160282547,7.913754393115582,0.06416176716696498,True,False,False
9nr0_chainA,4006,23,0.011478547006845474,Cryptic,0.6526011824607849,0.6199528574943542,219.0,1,6,9,3,0.45198800684487617,-23.273214299815546,-3.5524606848233167,22.277442511023903,-23.365447275516,-3.831541082178612,21.997912083975937,27.4473772745778,27.45568992599075,-0.008312651412950345,False,False,False
9nr0_chainB,7,1,0.0077375490218400955,Allosteric,0.5670418739318848,0.5857018828392029,175.0,1,5,6,1,0.6196827922762574,-21.145082634385542,45.2255893659317,20.522086724643486,-21.43320703933594,45.4569864902276,20.502962546624122,10.785463742763609,10.996190040172266,-0.210726297408657,False,False,False
9nr0_chainB,508,2,0.0,Cryptic,0.6255750060081482,0.5200850367546082,66.0,1,11,13,2,0.4691481445688607,-34.43232716936635,60.07224101218638,13.245647906531488,-34.449610406564794,60.143446822632,13.067931939671222,26.361954185592325,26.416515140127434,-0.05456095453510912,False,False,False
9nr0_chainB,508,2,0.0,Cryptic,0.6255750060081482,0.5200850367546082,66.0,2,3,4,1,0.6444504739391892,-32.361872027847554,48.06176770216007,11.572335475727238,-32.1756779031174,48.18391560679921,11.746822627956051,17.670525739042052,17.545154466248746,0.12537127279330562,True,False,False
9nr0_chainB,6,3,0.0,Unknown,0.47936272621154785,0.5700610280036926,58.0,1,4,8,4,0.5147600007527485,-15.53412656466819,32.1127110533448,0.6332704687511699,-15.62231076657478,31.91268679845943,1.0098756958432837,14.47490315396465,14.309624001382588,0.1652791525820625,True,False,False
9nr0_chainB,5,4,0.0033299459610134363,Unknown,0.5008711218833923,0.6020925641059875,94.0,1,4,7,3,0.4951002674018708,-25.5278332034162,47.0301384128635,19.735320120688204,-25.80365578733746,47.39536005165582,20.18282632512697,13.592238136054974,14.200387171181227,-0.6081490351262531,False,False,False
9nr0_chainB,1,5,0.0,Unknown,0.5312714576721191,0.5727500915527344,63.0,1,5,5,0,0.6388039830993939,-32.18013746413038,62.21225436028788,8.358028532152785,-32.18013746413038,62.21225436028788,8.358028532152785,26.710478825558425,26.710478825558425,0.0,False,False,False
9nr0_chainB,3,6,0.0,Unknown,0.5206393599510193,0.6138181090354919,61.0,1,3,7,4,0.5562693139813415,-24.085372749649437,22.509249343008637,3.1600317587941547,-24.308396831833864,22.35169948420854,2.709084544578105,22.120035555616155,22.51457686258757,-0.39454130697141565,False,False,False
9nr0_chainB,3,6,0.0,Unknown,0.5206393599510193,0.6138181090354919,61.0,2,4,6,2,0.6134002060556853,-23.684987002322544,27.49845454921806,5.3257674948869695,-23.59292462163632,27.27360149202866,4.930324088539638,16.98196930860565,17.278764294755256,-0.29679498614960664,False,False,False
9nr0_chainB,4,8,0.009486878290772438,ActiveSite,0.7298888564109802,0.507169783115387,480.0,1,3,6,3,0.7161155915925568,-8.217681278869534,54.86540084603876,8.602575044326683,-8.225367012056163,54.79460335515425,8.745034456427243,16.115750699139788,16.023352924533224,0.09239777460656384,True,False,False
9nr0_chainB,3511,9,0.05853477865457535,Cryptic,0.6067577600479126,0.615142822265625,1097.0,1,3,7,4,0.718789189716661,-21.74731394631917,31.452695929077585,-4.077197072749683,-21.21489384643092,30.922001928323688,-3.907357374573745,19.54419354542501,19.530771289192288,0.013422256232722418,True,False,False
9nr0_chainB,3510,13,0.015325712040066719,Cryptic,0.7298888564109802,0.5907593369483948,480.0,1,3,6,3,0.739757368336192,-26.956981988923832,55.71782081901482,21.73059679894881,-27.372387305078103,55.21691566701166,21.589069400613923,20.639456195848194,20.448124441025925,0.1913317548222686,True,False,False
9nr0_chainB,4008,14,0.0021677566692233086,Unknown,0.6270703077316284,0.5651964545249939,79.0,1,3,8,5,0.8102827021393386,-5.917535094640732,46.16151299074801,10.510131085148652,-6.636309545367942,46.45657486517447,10.596363163751105,11.401685628291936,10.894397244776881,0.5072883835150552,True,False,False
9nr0_chainB,4006,15,0.0,Unknown,0.47936272621154785,0.6495619416236877,58.0,1,3,8,5,0.5994377801429726,-14.891296232570975,32.50216823335989,1.5323801238435215,-15.31859584875522,32.153804910800844,1.5965946921186356,13.575120353474205,13.722056204449604,-0.14693585097539952,False,False,False
9nr0_chainB,4006,15,0.0,Unknown,0.47936272621154785,0.6495619416236877,58.0,2,3,7,4,0.718789189716661,-21.767137294130503,31.66520391358971,-4.184400129487308,-21.25334815852054,31.119552583146824,-4.0038272133625155,19.53311101778505,19.51632101252823,0.016790005256819285,True,False,False
9nr0_chainB,4508,16,0.0,Cryptic,0.6255750060081482,0.560096800327301,66.0,1,3,10,7,0.6493361592346482,-31.800118001899058,60.00583263242186,11.356160955617407,-32.99798306637989,60.71447043401417,11.112056066321271,24.520443137050368,25.842336007158774,-1.3218928701084067,False,False,False
9nr0_chainB,4508,16,0.0,Cryptic,0.6255750060081482,0.560096800327301,66.0,2,3,6,3,0.8703304052793874,-37.80427717373892,60.91064711432714,14.12479319700481,-37.358399834449266,60.39793561815187,14.271754410722579,29.420535711490533,28.759652855934956,0.6608828555555775,True,False,False
9nr0_chainB,4007,17,0.003548916894942522,Allosteric,0.5670418739318848,0.5765748620033264,175.0,1,3,5,2,0.6140675170065549,-19.025536381102825,42.936876493915086,19.81672798398032,-19.296913230192395,42.865382901539725,19.85696670628506,8.629279092064378,8.748073128675701,-0.11879403661132315,False,False,False
9nxe_chainA,4,1,0.1002068743109703,ActiveSite,0.6662980914115906,0.7564861178398132,1575.0,1,3,3,0,0.6042186591349519,18.21278411520592,17.539879817465614,-11.700497405544239,18.21278411520592,17.539879817465614,-11.700497405544239,24.08642309854947,24.08642309854947,0.0,False,False,False
9nxe_chainA,518,3,0.0766458585858345,Cryptic,0.6412981152534485,0.7969226837158203,1575.0,1,3,3,0,0.6042186591349519,18.190522854311936,17.51576246271678,-11.69638061061058,18.190522854311936,17.51576246271678,-11.69638061061058,24.077526138209876,24.077526138209876,0.0,False,False,False
9nxe_chainA,519,15,0.002027984941378236,Cryptic,0.5592681169509888,0.8995216488838196,145.0,1,3,6,3,0.5503466448768864,32.293577675190946,-8.401440744512424,-32.55497528935646,32.53166726292347,-8.15552663961371,-32.190538754373065,19.963745166269927,19.971041533318207,-0.007296367048279961,False,False,False
9nxe_chainA,1524,20,0.011001242324709892,Cryptic,0.667780876159668,0.9927060604095459,511.0,1,3,5,2,0.8016512054969269,14.705712948737267,0.923192780623326,-36.835258205737055,14.656028736610365,0.5162660146322638,-36.71433929611714,6.988131512940251,7.2059884820479905,-0.21785696910773922,False,False,False
9nxe_chainA,4521,25,0.012427055276930332,ActiveSite,0.6662980914115906,0.9882294535636902,525.0,1,3,3,0,0.6042186591349519,18.139627068506396,17.438577035154626,-11.679538680438956,18.139627068506396,17.438577035154626,-11.679538680438956,24.052730146982015,24.052730146982015,0.0,False,False,False
9nxe_chainA,3530,26,0.08884473890066147,Cryptic,0.6662980914115906,0.7899745106697083,1575.0,1,3,3,0,0.6042186591349519,18.139797160248317,17.439563054769017,-11.679840331434876,18.139797160248317,17.439563054769017,-11.679840331434876,24.05296446585411,24.05296446585411,0.0,False,False,False
9nxe_chainA,1528,27,0.01568979024887085,Cryptic,0.6412981152534485,0.8344883918762207,525.0,1,3,3,0,0.6042186591349519,18.13599539934173,17.43626295451953,-11.679413158578473,18.13599539934173,17.43626295451953,-11.679413158578473,24.05164009061475,24.05164009061475,0.0,False,False,False
9nxn_chainB,507,1,0.006962402258068323,Cryptic,0.7716158032417297,0.4743025600910187,354.0,1,4,9,5,0.5456128682489264,10.133019185594863,-38.92540837282424,36.60996051004036,10.345413248315367,-38.97267345650362,36.13747611292861,19.943961969420894,20.30152292883399,-0.35756095941309596,False,False,False
9nxn_chainB,1,2,0.0,Unknown,0.4540725350379944,0.5373905301094055,58.0,1,4,6,2,0.5848639668119487,-6.492651451024115,-20.78342910431626,32.788319392426715,-6.53662005837045,-20.80093665324959,32.79829749575602,32.51495641640139,32.534407243644075,-0.019450827242685875,False,False,False
9nxn_chainB,5,5,0.007554285228252411,Cryptic,0.7545499801635742,0.523149311542511,380.0,1,3,6,3,0.6521533639398565,21.35830947312842,-43.59363163332491,48.18973302465454,21.17937847528275,-43.9686346092254,47.85041654890585,14.881861454637873,15.278079574520659,-0.39621811988278566,False,False,False
9nxn_chainB,1509,9,0.01981194131076336,Cryptic,0.5044828653335571,0.5666950345039368,559.0,1,3,6,3,0.7065545094264665,15.56651637348926,-20.07307130978449,38.52575641408421,15.827320778736338,-20.165439460624384,38.71555234935807,18.39441189837105,18.174764650749097,0.2196472476219533,True,False,False
9o9i_chainA,4,1,0.02992039918899536,Cryptic,0.66121506690979,0.5554456114768982,271.0,1,7,9,2,0.44061694197684026,-27.175315697668367,25.065529006582782,-18.503620374292687,-27.24650071972055,25.16615093085778,-18.41118809450233,16.072258189665494,16.105308693217165,-0.03305050355167083,False,False,False
9o9i_chainA,507,2,0.0,Cryptic,0.5352538824081421,0.4698486328125,68.0,1,4,9,5,0.6596037832125538,-18.014466766540366,8.142004981167087,-17.07367264980412,-18.488990554095036,7.682379133431652,-16.761184879333598,26.581663133939713,26.54554195638307,0.03612117755664457,True,False,False
9o9i_chainA,1,5,0.11681929230690002,ActiveSite,0.828298032283783,0.5046496391296387,656.0,1,4,4,0,0.6095860956146658,-35.11376846852159,19.46029901446893,-12.843359682114922,-35.11376846852159,19.46029901446893,-12.843359682114922,15.595069145135263,15.595069145135263,0.0,False,False,False
9o9i_chainA,1,5,0.11681929230690002,ActiveSite,0.828298032283783,0.5046496391296387,656.0,2,3,8,5,0.7014278693613093,-43.942640403382114,17.92001641992482,-17.955724786344305,-43.52142058839327,17.784419453199153,-17.878046694013225,11.194294127042088,11.118932122623642,0.0753620044184462,True,False,False
9o9i_chainA,1510,7,0.02039995975792408,Cryptic,0.828298032283783,0.6292945742607117,218.6666717529297,1,4,4,0,0.6095860956146658,-35.09055549426341,19.508575660898824,-12.827699897824646,-35.09055549426341,19.508575660898824,-12.827699897824646,15.614668229111503,15.614668229111503,0.0,False,False,False
9o9i_chainA,4001,9,0.12840285897254944,Cryptic,0.828298032283783,0.5711053609848022,656.0,1,4,4,0,0.6095860956146658,-35.10170716100997,19.501380923233835,-12.818296291745227,-35.10170716100997,19.501380923233835,-12.818296291745227,15.62103054693984,15.62103054693984,0.0,False,False,False
9o9i_chainA,4000,11,0.023745153099298477,Allosteric,0.6083232760429382,0.5607159733772278,194.0,1,4,7,3,0.5580864616698834,-41.424781358344326,16.816829008212252,-19.906010416037436,-41.23069501269262,16.912558363435547,-19.406488363915503,8.871101320878878,9.246077723886568,-0.37497640300768964,False,False,False
9o9i_chainA,3512,12,0.0,Cryptic,0.66121506690979,0.6207398176193237,271.0,1,4,7,3,0.616505536447329,-26.76549921351156,29.998532338604186,-20.160761133663513,-26.787830522186663,29.97587226423181,-20.04494599726981,17.72818012047551,17.75056924002699,-0.022389119551480263,False,False,False
9o9i_chainA,4005,13,0.0,Unknown,0.512814998626709,0.5327818393707275,57.0,1,4,10,6,0.6090997644422793,-27.720899823002735,24.456805594988868,-20.454708959242648,-27.80021897642357,23.56653336073328,-20.167097910060544,14.384198206081512,14.223481408687173,0.16071679739433975,True,False,False
9o9i_chainA,4005,13,0.0,Unknown,0.512814998626709,0.5327818393707275,57.0,2,3,5,2,0.7101857632104007,-32.497040497451025,23.744549745364743,-24.9547508188155,-31.98203632807537,23.633840783027814,-24.806915292883975,8.220408182602599,8.649953185597278,-0.42954500299467924,False,False,False
9ohy_chainB,4002,5,0.024250710383057594,Unknown,0.49733465909957886,0.5424827337265015,85.0,1,5,8,3,0.6765282914434916,20.773870437735386,-29.738442336406493,-15.364901942334617,20.85419313703613,-29.753785628054167,-15.378418632637322,15.018343314168007,15.03970264017639,-0.021359326008383306,False,False,False
9ohy_chainB,4001,8,0.0,Unknown,0.5884119868278503,0.48587027192115784,62.0,1,4,5,1,0.5688797685243474,13.068192681648846,-19.018639654728194,-4.5666081712822795,13.368084332905617,-19.198215580633345,-4.619709380651106,17.462133974355595,17.353631191296408,0.10850278305918692,True,False,False
9qng_chainA,507,1,0.03477148339152336,Cryptic,0.5869463086128235,0.5272281765937805,1840.0,1,3,8,5,0.5753735483422912,26.990611938179246,8.875863211814693,-2.8839165041568813,27.123168486819104,8.94341125842343,-3.3207370543519383,22.663169173938076,22.29781768873897,0.3653514851991062,True,False,False
9qng_chainA,507,1,0.03477148339152336,Cryptic,0.5869463086128235,0.5272281765937805,1840.0,2,6,11,5,0.4667133405903526,28.08353865177826,10.462895309847003,-8.119224919395544,28.29109123651221,10.242848295560089,-8.173854717386359,18.446611752628577,18.40717112542258,0.03944062720599817,True,False,False
9qng_chainA,507,1,0.03477148339152336,Cryptic,0.5869463086128235,0.5272281765937805,1840.0,3,7,11,4,0.4881761963443322,26.457525772187076,11.182050818463676,0.5056697038853065,26.58418301673942,11.079519534920026,0.39375501137315916,24.01454256424001,23.904512147696543,0.11003041654346646,True,False,False
9qng_chainA,2,2,0.034839000552892685,ActiveSite,0.5194580554962158,0.5121743083000183,1840.0,1,7,12,5,0.4881761963443322,26.409624109868357,11.06441540766956,0.558151795845263,26.45162636635504,11.054409610459807,0.42908750779619054,24.12794775951252,24.01939539301824,0.1085523664942798,True,False,False
9qng_chainA,2,2,0.034839000552892685,ActiveSite,0.5194580554962158,0.5121743083000183,1840.0,2,3,10,7,0.5442431039754194,28.600972504500227,11.264644934422954,-6.198501633086784,29.06182015665466,11.010161773370433,-6.419724419141274,18.54085147105091,18.258262095485577,0.28258937556533326,True,False,False
9qng_chainA,505,6,0.1115419790148735,Cryptic,0.5866591930389404,0.4586273431777954,1840.0,1,6,10,4,0.5161916778052164,25.90508626419471,10.830857166370516,2.7424212708914153,25.942522055003643,10.62831565587744,2.7009006446589385,26.03915206520698,26.068508445885502,-0.029356380678521532,False,False,False
9qng_chainA,4,7,0.03248501196503639,ActiveSite,0.6610003113746643,0.4712466895580292,1367.0,1,3,9,6,0.4853972205675682,31.91299797003533,9.010692930058624,9.639945248526752,32.07697398378877,9.343319753172025,9.275442609410753,29.588395546655924,29.089137300961006,0.49925824569491795,True,False,False
9qng_chainA,4,7,0.03248501196503639,ActiveSite,0.6610003113746643,0.4712466895580292,1367.0,2,3,9,6,0.6736124185220185,27.589696191956662,7.974519321872731,8.713391845085404,27.534591677044613,7.465996643367863,8.484218150682024,30.87494650449434,30.93844005784455,-0.06349355335020945,False,False,False
9qng_chainA,4518,8,0.026388613507151604,ActiveSite,0.5194580554962158,0.7270820140838623,613.3333129882812,1,6,10,4,0.5161916778052164,25.755627543197114,10.849195814698643,2.8028847425139287,25.809089926793238,10.645444534231133,2.7555806174140454,26.162177171301792,26.17798794779035,-0.01581077648855711,False,False,False
9qng_chainA,4508,9,0.012638222426176071,ActiveSite,0.6610003113746643,0.7086837887763977,455.6666564941406,1,3,5,2,0.5808285163415682,22.81688506232008,0.8344958829351021,12.542750048335517,23.198805101603753,0.6823954793612632,12.993293927625798,39.309747258190946,39.53930449052343,-0.22955723233248193,False,False,False
9qng_chainA,4508,9,0.012638222426176071,ActiveSite,0.6610003113746643,0.7086837887763977,455.6666564941406,2,3,8,5,0.7269966043325182,24.209623503991363,-0.2806294973535593,17.164836948516086,23.930535864630198,-0.073072896756501,16.698092840182497,42.7298448431177,42.378956771755234,0.35088807136246203,True,False,False
9qng_chainA,4510,10,0.03282015770673752,ActiveSite,0.5866591930389404,0.5004001259803772,613.3333129882812,1,4,11,7,0.44693617452516265,27.06248239391857,9.180275751669328,-6.037842964627686,27.611234375502136,9.04744724926857,-6.076292729976839,20.807104185145704,20.501135688282,0.3059684968637022,True,False,False
9qng_chainA,4510,10,0.03282015770673752,ActiveSite,0.5866591930389404,0.5004001259803772,613.3333129882812,2,8,11,3,0.4610638565061977,25.74820558675097,9.740631736118628,3.188026576592139,25.825766834697223,9.732778273366346,3.1713177058174753,26.89027230684039,26.837675099237412,0.05259720760297881,True,False,False
9qng_chainA,4507,11,0.09085509926080704,Cryptic,0.5869463086128235,0.5031033754348755,1840.0,1,9,12,3,0.44799068295196987,25.468556476621366,9.266657513057703,4.403272878965758,25.54806627033493,9.275586587337667,4.334926071627582,28.111775279402636,28.01487412689767,0.09690115250496589,True,False,False
9qng_chainA,4511,12,0.01917206309735775,ActiveSite,0.5866591930389404,0.6180766820907593,613.3333129882812,1,9,12,3,0.4479906829519699,25.479031759151532,9.2258580835457,4.40809251688172,25.559548342005737,9.237151365327485,4.338344219593731,28.126615023462968,28.027207129383232,0.09940789407973583,True,False,False
9qng_chainA,3521,13,0.06387368589639664,Cryptic,0.5869463086128235,0.5696819424629211,1840.0,1,7,11,4,0.4881761963443322,26.416327916593108,11.066475377578433,0.5546441035087522,26.527676771211887,10.991318696447104,0.4556897594399463,24.120643999567704,24.017632587483142,0.10301141208456244,True,False,False
9qng_chainA,3521,13,0.06387368589639664,Cryptic,0.5869463086128235,0.5696819424629211,1840.0,2,3,10,7,0.5442431039754194,28.568385480269008,11.24287500384711,-6.207998933260936,29.044317189735114,10.991159858691132,-6.429159050293702,18.569436121508875,18.275455617668765,0.29398050384011043,True,False,False
9qng_chainA,1507,14,0.017319053411483765,Cryptic,0.6610003113746643,0.5641791224479675,455.6666564941406,1,4,7,3,0.542775416480426,32.23905492776185,10.463042122254866,8.69202334378185,32.42255754514372,10.477414179570491,8.823787375842306,28.095234501617682,28.147670298880723,-0.052435797263040484,False,False,False
9qng_chainA,4509,15,0.013198171742260456,ActiveSite,0.6610003113746643,0.6911365985870361,455.6666564941406,1,3,5,2,0.5808285163415682,22.791459353319077,0.8654161922505009,12.535742539937127,23.17654379091897,0.7091931815983136,12.986542240430843,39.30059140649908,39.5306365805893,-0.23004517409022185,False,False,False
9qng_chainA,4509,15,0.013198171742260456,ActiveSite,0.6610003113746643,0.6911365985870361,455.6666564941406,2,3,8,5,0.7269966043325182,24.229912758061346,-0.26894227994876874,17.13722796941637,23.94109160602994,-0.05961261690832031,16.667846089708657,42.69471354545456,42.34479272920298,0.3499208162515828,True,False,False
9qng_chainA,3519,16,0.06411242485046387,Cryptic,0.6610003113746643,0.5339054465293884,1367.0,1,4,7,3,0.542775416480426,32.26579917750285,10.49003663580009,8.692300374359546,32.443154705019346,10.500111942277266,8.822683987224632,28.076869840024727,28.131825965241973,-0.054956125217245244,False,False,False
9qnh_chainA,508,1,0.004224745556712151,Cryptic,0.8157569169998169,0.488459974527359,270.0,1,6,8,2,0.5829774068581512,-26.245237261447773,22.271156033430085,-11.946333665682422,-26.331730381459597,22.105446725925017,-11.829843971618505,29.16105274038698,29.23449134631378,-0.07343860592679974,False,False,False
9qnh_chainA,510,4,0.0021769029553979635,Cryptic,0.6898545622825623,0.6522933840751648,217.0,1,3,6,3,0.6976243524362242,-26.57379230814007,32.456765008295605,-1.6492455236767347,-26.75041984148944,32.17290507070878,-1.7736210208811414,29.84807496816765,29.931847916959324,-0.08377294879167252,False,False,False
9qnh_chainA,4,5,0.002360666636377573,Cryptic,0.6660350561141968,0.7685481905937195,217.0,1,3,5,2,0.4589562274162458,-26.227727260504484,26.16347961288446,-7.574671229458971,-26.26538297820317,26.367524913626475,-7.144156419253588,28.39206991746722,28.409930462900462,-0.01786054543324056,False,False,False
9qnh_chainA,5,6,0.0,Unknown,0.5290133953094482,1.0,87.0,1,3,5,2,0.6569941679183712,-10.684370108908483,34.21047514849923,-4.970013197121198,-10.336685608193537,33.86100584548127,-4.699483306493328,15.789999513049755,15.313589792500641,0.476409720549114,True,False,False
9qnh_chainA,507,7,0.0,Cryptic,0.5983368754386902,0.4363425076007843,89.0,1,5,6,1,0.5076672186291554,-32.16985487245387,17.01455042478704,-3.4050493591209507,-31.994734039113922,17.016235009412174,-3.1385918067792806,35.174288604120655,35.01982177246897,0.15446683165168196,True,False,False
9qnh_chainA,4001,8,0.07259376347064972,ActiveSite,0.6243064999580383,0.4903157949447632,2896.0,1,3,8,5,0.7118413005892535,-24.97262427486454,7.355365829343183,-8.25938272204581,-24.883952401227454,6.730331475531298,-8.360008309925098,32.34086697312342,32.619613674538684,-0.27874670141526536,False,False,False
9qnh_chainA,3514,9,0.06424632668495178,Cryptic,0.6243064999580383,0.6110804080963135,2896.0,1,3,8,5,0.7118413005892535,-24.995495648291538,7.376372562520689,-8.219901366024718,-24.887919485495964,6.651827694493974,-8.343753555305074,32.34515083109657,32.66518798886603,-0.3200371577694625,False,False,False
9qnh_chainA,1512,10,0.028684256598353386,Cryptic,0.6243064999580383,0.4772616922855377,965.3333129882812,1,8,11,3,0.393144666945135,-28.622893055088547,13.649418035740561,-2.906967511597398,-28.436646558196667,13.493350004181366,-2.9352935047556246,32.7658936868283,32.64358372342963,0.12230996339867062,True,False,False
9qnh_chainA,1512,10,0.028684256598353386,Cryptic,0.6243064999580383,0.4772616922855377,965.3333129882812,2,3,9,6,0.7118413005892535,-24.996124007244457,7.375319133179716,-8.22257353772789,-25.008808417692673,6.669773148455072,-8.051972850714153,32.346478895997976,32.730134775889155,-0.38365587989117955,False,False,False
9qnh_chainA,4513,11,0.025788811966776848,ActiveSite,0.6243064999580383,0.8439634442329407,965.3333129882812,1,6,10,4,0.5236348697420092,-27.6144949697409,12.386471751507239,-0.43278437170090384,-27.425768166237287,12.207125683850283,-0.3050038363747116,32.57677310284961,32.49444097995858,0.08233212289102454,True,False,False
9qnh_chainA,4513,11,0.025788811966776848,ActiveSite,0.6243064999580383,0.8439634442329407,965.3333129882812,2,3,9,6,0.7118413005892535,-24.997061242524545,7.376104051821347,-8.221130540793647,-25.022684434481405,6.86985351517723,-8.078394839803787,32.34671223839362,32.63284631560985,-0.2861340772162251,False,False,False
9qnh_chainA,4512,12,0.02636939100921154,ActiveSite,0.6243064999580383,0.4522961676120758,965.3333129882812,1,3,10,7,0.7118413005892535,-24.99145004630661,7.375769467026822,-8.219713302065646,-25.128387385764153,6.878205568958489,-7.806971745885663,32.34207802303436,32.69498447472928,-0.3529064516949205,False,False,False
9qnh_chainA,4512,12,0.02636939100921154,ActiveSite,0.6243064999580383,0.4522961676120758,965.3333129882812,2,4,5,1,0.6308942915281803,-30.805443748329616,17.267981496366225,-7.066957036255574,-30.931405935598423,16.944812722852543,-7.213572893583719,33.77133037377809,33.97549148432149,-0.2041611105433958,False,False,False
9qnh_chainA,4511,13,0.02060629241168499,ActiveSite,0.6243064999580383,0.6629576086997986,965.3333129882812,1,3,8,5,0.7118413005892535,-24.98642768402738,7.371527435786345,-8.22752857644234,-24.878718283889874,6.632645509539214,-8.352442452387198,32.34085592245192,32.669096966242975,-0.3282410437910528,False,False,False
9qnh_chainA,4508,15,0.002682329621165991,Cryptic,0.8157569169998169,0.538357138633728,270.0,1,7,11,4,0.5320587741226757,-20.828392430963074,22.82518896413116,-12.604665947886785,-21.02362599639055,22.834909808755242,-12.563903637318294,24.074481379111575,24.2472326491724,-0.17275127006082514,False,False,False
9qnh_chainA,4507,16,0.0,Cryptic,0.5983368754386902,0.49385592341423035,89.0,1,4,5,1,0.5766777392456505,-35.60473290417969,18.714695862842586,-2.9503927714869422,-35.74500349829415,18.699931715374493,-3.143687514625133,38.239724721540696,38.368343813229416,-0.12861909168871932,False,False,False
9qni_chainA,509,1,0.0,Cryptic,0.49061086773872375,0.5117431879043579,2876.0,1,3,9,6,0.6900712634850629,-25.18081072689222,-5.66009133921192,9.350705139689456,-25.023689646023488,-5.377023369763057,9.321056055154916,31.6684291371602,31.952613219110255,-0.2841840819500554,False,False,False
9qni_chainA,509,1,0.0,Cryptic,0.49061086773872375,0.5117431879043579,2876.0,2,3,8,5,0.5730357196827982,-27.248863431077755,-7.018001024089753,8.600558202735654,-26.591137969501183,-6.809864000682698,8.305780726291646,29.643273162416108,29.882760072642697,-0.23948691022658863,False,False,False
9qni_chainA,1,2,0.11491753160953522,ActiveSite,0.5969634652137756,0.5345813632011414,2876.0,1,6,10,4,0.6236411849546488,-24.832153332899995,-3.6549767138244493,11.63051102305426,-24.654278418574364,-3.601884863971599,11.461275160853512,34.41530657085016,34.441661073113075,-0.026354502262911694,False,False,False
9qni_chainA,1,2,0.11491753160953522,ActiveSite,0.5969634652137756,0.5345813632011414,2876.0,2,3,9,6,0.5730357196827982,-27.25071531513854,-7.0342395889718405,8.58390582072886,-26.629702865760517,-6.839922612914879,8.061506488888124,29.62206216756588,29.759111082962054,-0.13704891539617492,False,False,False
9qni_chainA,3,3,0.0019847543444484472,Unknown,0.5524132251739502,0.529249370098114,141.0,1,14,15,1,0.44525807033190606,-21.875519239880703,-22.18104064911687,15.360504559390256,-21.9860343930385,-22.171585871469834,15.280942517912598,24.46934743515938,24.360601936413367,0.10874549874601414,True,False,False
9qni_chainA,0,4,0.0,Unknown,0.5420923233032227,0.5096822381019592,137.0,1,3,6,3,0.7412557016867458,-34.60929019908004,-25.550192598812988,3.7773544843304325,-35.1764092565559,-25.113246475826326,3.8562412183410815,10.209669068744601,10.64504265803568,-0.4353735892910784,False,False,False
9qni_chainA,2,5,0.003807221772149205,Cryptic,0.6702662110328674,0.6846726536750793,203.0,1,7,10,3,0.4665811868162079,-28.418198916008524,-25.509038944456933,4.4498502579351396,-28.261431117996192,-25.35042699656875,4.393362020275311,12.10548375590661,12.255859794017411,-0.15037603811080125,False,False,False
9qni_chainA,4,8,0.0017006800044327974,Unknown,0.5605071783065796,0.625953197479248,122.0,1,8,10,2,0.5220395640383815,-27.552847937025966,-9.630598665493983,-5.4816626323430535,-27.35733341035867,-9.528931631856235,-5.643053280636396,25.10503886157058,25.2744515786039,-0.16941271703332106,False,False,False
9qni_chainA,5,9,0.0,Cryptic,0.4838300943374634,1.0,112.0,1,4,4,0,0.5240921141598115,-13.482295956572576,-33.23330552762323,6.023843092262424,-13.482295956572576,-33.23330552762323,6.023843092262424,22.344614503532288,22.344614503532288,0.0,False,False,False
9qni_chainA,7,11,0.0,Unknown,0.6595833897590637,0.712959349155426,65.0,1,3,3,0,0.706258411196296,-4.95556978126159,-31.954801673261684,1.9515791614867053,-4.95556978126159,-31.954801673261684,1.9515791614867053,29.585121501660083,29.585121501660083,0.0,False,False,False
9qni_chainA,4510,12,0.027251506224274635,ActiveSite,0.5969634652137756,0.45104101300239563,958.6666870117188,1,8,10,2,0.5402996579541346,-24.465174482310815,-2.2179243205639434,12.755380984207616,-24.41549662195619,-2.2633044760426784,12.639496981904033,36.22917908577092,36.15474636857351,0.07443271719741062,True,False,False
9qni_chainA,4510,12,0.027251506224274635,ActiveSite,0.5969634652137756,0.45104101300239563,958.6666870117188,2,3,8,5,0.5730357196827982,-27.424858995422127,-7.098823252338501,8.552071797719337,-26.970970821212482,-6.95184485212428,8.367125934087607,29.511936797314306,29.683080999880186,-0.17114420256588048,False,False,False
9qni_chainA,1513,13,0.013312355615198612,Cryptic,0.49061086773872375,0.8371591567993164,958.6666870117188,1,9,12,3,0.5242725767383898,-24.116224756984973,-1.6108610074619136,13.815501462641398,-24.097826283326047,-1.633054399028408,13.7656189781453,37.29979816587985,37.26400909065969,0.035789075220158395,True,False,False
9qni_chainA,1513,13,0.013312355615198612,Cryptic,0.49061086773872375,0.8371591567993164,958.6666870117188,2,3,8,5,0.5730357196827982,-27.425950399561124,-7.1011505924782865,8.549855495973942,-26.971196461280055,-6.953615292329347,8.364928445396833,29.508769558280083,29.68063532182431,-0.1718657635442291,False,False,False
9qni_chainA,4514,14,0.033347148448228836,ActiveSite,0.49061086773872375,0.46615099906921387,958.6666870117188,1,9,13,4,0.4836297684730705,-26.90642812437288,-6.136607606448115,10.018430402650486,-26.688980137194037,-6.221211689507578,9.76025174167709,31.057410024034827,30.93160383066142,0.12580619337340693,True,False,False
9qni_chainA,4514,14,0.033347148448228836,ActiveSite,0.49061086773872375,0.46615099906921387,958.6666870117188,2,3,10,7,0.5730357196827982,-27.230929688645467,-7.022940827816409,8.59167777670884,-26.81810222024024,-6.823409478327529,8.168829388469074,29.639726219852314,29.764856293299893,-0.1251300734475791,False,False,False
9qni_chainA,1514,15,0.021844936534762383,Cryptic,0.49061086773872375,0.6145156025886536,958.6666870117188,1,7,9,2,0.6287107226935383,-24.385115444206782,-2.9119706108513275,12.205363745630345,-24.310381548545063,-2.9510882495828623,12.040315582798605,35.41992600127323,35.33886940908122,0.081056592192013,True,False,False
9qni_chainA,1514,15,0.021844936534762383,Cryptic,0.49061086773872375,0.6145156025886536,958.6666870117188,2,3,8,5,0.5730357196827982,-27.281188463933763,-7.043926412710228,8.58002892807305,-26.728010284862005,-6.866090065032478,8.338503368647546,29.60481484617114,29.80958804443378,-0.2047731982626395,False,False,False
9qni_chainA,4001,16,0.05429188162088394,ActiveSite,0.5969634652137756,0.5002941489219666,2876.0,1,8,10,2,0.5402996579541346,-24.475443860094074,-2.1959622648118606,12.769921566579802,-24.43338471194212,-2.234715067908467,12.672056502367223,36.251579072240645,36.18831798179488,0.06326109044576356,True,False,False
9qni_chainA,4001,16,0.05429188162088394,ActiveSite,0.5969634652137756,0.5002941489219666,2876.0,2,3,8,5,0.5730357196827982,-27.259808934734657,-7.048037189837233,8.57130751331774,-26.877123170733718,-6.923613449955903,8.404045146966235,29.602862150053685,29.744762351939098,-0.14190020188541297,False,False,False
9qni_chainA,4511,17,0.027208931744098663,ActiveSite,0.5969634652137756,0.47495588660240173,958.6666870117188,1,7,9,2,0.6287107226935383,-24.386144284280782,-2.9127200491907677,12.203062789527012,-24.311890040492074,-2.951523951400711,12.039292428583044,35.41804155392355,35.33765157179397,0.08038998212958148,True,False,False
9qni_chainA,4511,17,0.027208931744098663,ActiveSite,0.5969634652137756,0.47495588660240173,958.6666870117188,2,3,9,6,0.5730357196827982,-27.288281103210124,-7.049516332958155,8.57562783161907,-26.749749545661427,-6.880309475484987,8.13115043727835,29.5965064069298,29.7171597945084,-0.12065338757859934,False,False,False
9qni_chainA,1511,18,0.01964944414794445,Cryptic,0.5969634652137756,0.6145156025886536,958.6666870117188,1,7,9,2,0.6287107226935383,-24.340234790646953,-2.89068464061973,12.280793839735782,-24.29831498293426,-2.913892493530245,12.183346847689705,35.481995858967814,35.43325107223749,0.04874478673032456,True,False,False
9qni_chainA,1511,18,0.01964944414794445,Cryptic,0.5969634652137756,0.6145156025886536,958.6666870117188,2,3,8,5,0.5730357196827982,-27.366445546380497,-7.084604267337146,8.554940687068376,-26.992730576469913,-6.962975189919442,8.39934635259503,29.539191135101074,29.67952653923291,-0.14033540413183587,False,False,False
9qni_chainA,1510,19,0.01362534798681736,Cryptic,0.5969634652137756,0.8371591567993164,958.6666870117188,1,7,9,2,0.6287107226935383,-24.340234790646953,-2.89068464061973,12.280793839735782,-24.29831498293426,-2.913892493530245,12.183346847689705,35.481995858967814,35.43325107223749,0.04874478673032456,True,False,False
9qni_chainA,1510,19,0.01362534798681736,Cryptic,0.5969634652137756,0.8371591567993164,958.6666870117188,2,3,8,5,0.5730357196827982,-27.366445546380497,-7.084604267337146,8.554940687068376,-26.992730576469913,-6.962975189919442,8.39934635259503,29.539191135101074,29.67952653923291,-0.14033540413183587,False,False,False
9qni_chainA,4007,21,0.0,Unknown,0.6595833897590637,0.7238339781761169,65.0,1,3,3,0,0.706258411196296,-4.958864839689554,-31.954813840213937,1.9416723107825817,-4.958864839689554,-31.954813840213937,1.9416723107825817,29.58040597188204,29.58040597188204,0.0,False,False,False
9qnj_chainA,507,1,0.0,Cryptic,0.5744906067848206,0.5234817266464233,1915.0,1,10,12,2,0.44107347128121016,27.016891270148946,9.367748550488576,-6.721729391614534,26.99791330701779,9.264929544239186,-6.7611906865012745,25.447452537375174,25.55666239986697,-0.1092098624917952,False,False,False
9qnj_chainA,507,1,0.0,Cryptic,0.5744906067848206,0.5234817266464233,1915.0,2,3,5,2,0.6376976350387672,25.95522560371586,18.34222405261363,-2.4131989393167337,25.512126222670993,18.001590682138886,-2.326676384330481,17.123386264118356,17.633953986321806,-0.5105677222034508,False,False,False
9qnj_chainA,3,2,0.054525990039110184,ActiveSite,0.5225258469581604,0.5068395137786865,1915.0,1,5,13,8,0.529873399591859,27.98579965915695,10.736645169142443,-3.58402640185394,28.23018843081998,10.7298466973068,-3.9803279139578587,23.534652501112934,23.502728504626766,0.03192399648616728,True,False,False
9qnj_chainA,3,2,0.054525990039110184,ActiveSite,0.5225258469581604,0.5068395137786865,1915.0,2,3,7,4,0.6376976350387672,25.904813779108885,18.183151694984986,-2.3282034782751317,25.79832917291515,17.99287755471764,-2.5258107944871635,17.28788275750376,17.505715689654874,-0.217832932151115,False,False,False
9qnj_chainA,506,3,0.0069664218463003635,Cryptic,0.8263499736785889,0.4786108732223511,239.0,1,3,5,2,0.766788040793057,26.585959894645068,21.347673468622546,10.531285959939797,26.6862825204393,21.570239568235856,10.280660020880656,19.23186498681254,18.884025290210538,0.3478396966020014,True,False,False
9qnj_chainA,506,3,0.0069664218463003635,Cryptic,0.8263499736785889,0.4786108732223511,239.0,2,3,4,1,0.6354068261223649,26.678408557114313,19.806905653740518,18.029326929515026,26.877262019913022,19.64572668163194,17.774323902287755,25.670105534936845,25.49785060402418,0.17225493091266486,True,False,False
9qnj_chainA,6,5,0.0,Unknown,0.4687628149986267,0.5044635534286499,57.0,1,3,5,2,0.6877173748374462,35.88241270443935,25.752004877371952,4.801404134716692,36.03910810500878,25.439341677367747,4.663249155962214,10.746990940866338,10.911197597371778,-0.1642066565054403,False,False,False
9qnj_chainA,2,6,0.0,Cryptic,0.5031553506851196,1.0,66.0,1,3,4,1,0.6054198095478636,10.676373405603258,29.850886238465602,0.6373020479687264,10.724183589346861,29.98738827644301,0.8913770913216503,23.79081624656867,23.757874168838256,0.032942077730414354,True,False,False
9qnj_chainA,4515,9,0.025477195158600807,ActiveSite,0.5225258469581604,0.7643850445747375,638.3333129882812,1,3,7,4,0.6376976350387672,25.969523338701126,18.393123232047333,-2.1906894189588892,25.866925075658752,18.188805788325894,-2.3872097856777668,17.073531803401185,17.3003597097778,-0.22682790637661654,False,False,False
9qnj_chainA,4513,10,0.02560773305594921,ActiveSite,0.5225258469581604,0.5144375562667847,638.3333129882812,1,8,13,5,0.41406135624109247,26.092100317193157,7.047124203400177,-4.029165980824275,26.200177803773578,7.136193920903618,-4.121127767071705,27.617708086803752,27.507186601180305,0.11052148562344755,True,False,False
9qnj_chainA,4513,10,0.02560773305594921,ActiveSite,0.5225258469581604,0.5144375562667847,638.3333129882812,2,3,6,3,0.6376976350387672,25.968154757934727,18.390405039018738,-2.1201404074335524,25.693085733419053,18.26716196850264,-2.3673570774605417,17.07774966451486,17.313906453143982,-0.23615678862912048,False,False,False
9qnj_chainA,4507,11,0.10744065046310425,Cryptic,0.5744906067848206,0.5092899203300476,1915.0,1,4,7,3,0.5955788260618478,25.050996776031443,9.648522384087727,5.888594483513261,25.12531454631417,9.346098845684045,5.91537733297628,26.766216799848618,27.019444966313618,-0.253228166465,False,False,False
9qnj_chainA,4507,11,0.10744065046310425,Cryptic,0.5744906067848206,0.5092899203300476,1915.0,2,3,9,6,0.6211988825018543,25.21869170794998,6.896658232318455,0.46294958083577326,25.428313574027545,6.826118041228564,0.24858362373402712,28.127727821622425,28.108550109087457,0.019177712534968805,True,False,False
9qnj_chainA,4507,11,0.10744065046310425,Cryptic,0.5744906067848206,0.5092899203300476,1915.0,3,3,6,3,0.6376976350387672,25.96131155097202,18.368250525929238,-2.132528057354086,25.690047619855264,18.250245237982263,-2.3748799131421365,17.10029160611243,17.330181337552116,-0.22988973143968394,False,False,False
9qnj_chainA,3517,12,0.0669797733426094,Cryptic,0.5744906067848206,0.5742222666740417,1915.0,1,5,12,7,0.5264387204153065,27.52946241320839,9.057880084773965,-2.743259197963438,27.4266700243937,8.789579204574132,-3.0175095448490903,25.24829264114142,25.53869091345281,-0.2903982723113927,False,False,False
9qnj_chainA,3517,12,0.0669797733426094,Cryptic,0.5744906067848206,0.5742222666740417,1915.0,2,3,6,3,0.6376976350387672,25.975489208596716,18.414616134861244,-2.0869830780089296,25.692187850088814,18.28348133751938,-2.346918197945131,17.053589970192423,17.300112801213466,-0.24652283102104278,False,False,False
9qnj_chainA,4511,13,0.02582894265651703,ActiveSite,0.5744906067848206,0.63447105884552,638.3333129882812,1,3,7,4,0.6016112669725253,25.33576129566079,10.894451150811939,3.8326405272957937,25.310783314106615,10.481015069619158,4.029067707982778,24.972166396106562,25.404288578267582,-0.43212218216102016,False,False,False
9qnj_chainA,4511,13,0.02582894265651703,ActiveSite,0.5744906067848206,0.63447105884552,638.3333129882812,2,3,10,7,0.6211988825018543,25.023523306132294,6.817219249013716,0.9353073164117347,25.328918972631975,7.020456551343809,0.528604740732944,28.31648629720221,27.983398786213396,0.33308751098881473,True,False,False
9qnj_chainA,4511,13,0.02582894265651703,ActiveSite,0.5744906067848206,0.63447105884552,638.3333129882812,3,3,6,3,0.6376976350387672,25.961314119991645,18.368258461354653,-2.1325396809679247,25.690165106825262,18.250302060874862,-2.3747864681015267,17.100283185884592,17.330075544320565,-0.22979235843597223,False,False,False
9qnj_chainA,1514,14,0.01238610502332449,Cryptic,0.5225258469581604,0.8003396987915039,638.3333129882812,1,3,6,3,0.6376976350387672,25.920315533047795,18.232592337864915,-2.33193007457671,25.610715028724748,18.124953393359327,-2.571600764636292,17.236911774043634,17.47853908717328,-0.2416273131296478,False,False,False
9qnj_chainA,4508,15,0.009503213688731194,ActiveSite,0.6173040270805359,0.5725340247154236,444.6666564941406,1,4,8,4,0.5450429530896916,23.125721937831656,0.1744726958462203,16.89311756071339,23.25897837555857,-0.05329361184154775,16.907098916019415,39.999660911142136,40.16033580025962,-0.1606748891174803,False,False,False
9qnj_chainA,1508,16,0.008068161085247993,Cryptic,0.6173040270805359,0.8478601574897766,444.6666564941406,1,4,7,3,0.5450429530896916,23.12533622200085,0.17353546198284686,16.894571686081004,23.231813842316317,-0.06620176445791047,17.035708751109187,40.0012485070478,40.24046117720756,-0.239212670159759,False,False,False
9qnj_chainA,4005,18,0.04337412491440773,ActiveSite,0.6173040270805359,0.5723589658737183,1334.0,1,6,10,4,0.4895684565367389,23.30204084205399,1.2797758340133687,14.787488294879527,23.395955819814784,1.2342083422422352,14.785635573154039,38.03710996067255,38.04858178966646,-0.011471828993904865,False,False,False
9qnj_chainA,3515,21,0.0029210031498223543,Cryptic,0.8263499736785889,0.5451279282569885,239.0,1,3,6,3,0.5170426879043601,15.965243790563388,19.394000202419345,20.208100803178283,16.278405601625664,19.407358064369863,19.503278913479456,32.18318120062168,31.508123173635656,0.6750580269860258,True,False,False
9qnk_chainA,509,2,0.11402365565299988,Cryptic,0.5868663787841797,0.4665418863296509,1819.0,1,6,12,6,0.7199713051208041,30.366153757936193,10.721149377246778,-1.2293134985904486,30.067453439898564,10.764211982488742,-1.2085617226416328,22.325877778934906,22.387455677364557,-0.061577898429650446,False,False,False
9qnk_chainA,3,3,0.040975600481033325,ActiveSite,0.5190325379371643,0.5160654783248901,1819.0,1,8,12,4,0.5065874027986421,28.095605037894366,9.406183296459934,-5.541850362372459,28.17477737149917,9.405156153173108,-5.801631498993434,26.624414984510437,26.8480544567866,-0.22363947227616165,False,False,False
9qnk_chainA,4,5,0.0,Cryptic,0.5792620182037354,1.0,161.0,1,4,8,4,0.5481674954307045,12.453644146745008,31.0919436123302,5.273955747390299,13.023692587311432,30.897653667470966,5.024240269527391,38.037269451340684,37.6548063681908,0.38246308314988653,True,False,False
9qnk_chainA,510,7,0.03287297114729881,Cryptic,0.5803795456886292,0.5264412760734558,1819.0,1,12,15,3,0.4631878616059637,29.097497444608635,10.559123369607608,-6.685440277471024,29.054283060649343,10.628410482192475,-6.993820021380633,27.69895605929478,28.016620224469396,-0.31766416517461593,False,False,False
9qnk_chainA,6,9,0.0,Unknown,0.4948877990245819,0.5193548798561096,92.0,1,5,7,2,0.5413401147100333,26.875452949350603,20.1752523832961,14.016047607066403,27.002798308057443,20.11012064030357,13.938556609475691,18.84461230625917,18.755770314400184,0.08884199185898467,True,False,False
9qnk_chainA,6,9,0.0,Unknown,0.4948877990245819,0.5193548798561096,92.0,2,3,5,2,0.5638390931080067,15.807524587212265,23.10521626990366,13.182129991763865,16.031628798302272,22.778076663763535,13.404410715980502,27.86784923670005,27.439305339980073,0.42854389671997595,True,False,False
9qnk_chainA,1526,10,0.02161572501063347,Cryptic,0.5190325379371643,0.5352442264556885,606.3333129882812,1,8,13,5,0.4870533266661969,27.420048783666665,7.832071199044104,-2.9410471491870096,27.395657760975393,8.104183640306896,-3.1023107627600357,24.116817404964728,24.31666580041637,-0.19984839545164235,False,False,False
9qnk_chainA,4518,11,0.02355332486331463,ActiveSite,0.5803795456886292,0.5896472334861755,606.3333129882812,1,3,8,5,0.5629731809726233,27.33441362674563,10.137716849884491,-3.384617895685732,27.279232820601322,10.113479394148975,-3.0851666932314212,24.99713190485337,24.73473978352605,0.2623921213273199,True,False,False
9qnk_chainA,4518,11,0.02355332486331463,ActiveSite,0.5803795456886292,0.5896472334861755,606.3333129882812,2,6,12,6,0.49061151819769255,27.880550683834823,7.978168090567523,-4.481530733749493,27.89507651845154,8.357819057243434,-4.964958941151331,25.44208884893648,25.952207670763897,-0.5101188218274189,False,False,False
9qnk_chainA,4525,13,0.020868409425020218,ActiveSite,0.5190325379371643,0.6279658675193787,606.3333129882812,1,9,15,6,0.4925497939663119,27.49566632186078,8.327676830749311,-2.302752633956945,27.450717870513486,8.742832354024998,-2.406155662195781,23.57716165543135,23.762534201566943,-0.18537254613559284,False,False,False
9qnk_chainA,4510,14,0.07905858755111694,Cryptic,0.5803795456886292,0.5104759335517883,1819.0,1,9,15,6,0.4925497939663119,27.500448812451037,8.35851715902779,-2.2782185268365422,27.45357449664191,8.782747385606184,-2.3869998074258105,23.558146558986728,23.75142038303843,-0.19327382405170113,False,False,False
9qnk_chainA,1516,18,0.00920795276761055,Cryptic,0.5868663787841797,0.9137690663337708,606.3333129882812,1,7,12,5,0.5072427582544977,27.86838254024344,8.468352201428488,-3.5502168687883127,27.804642803222386,8.76704204735537,-3.6093713007657167,24.646261125441132,24.773486433760336,-0.1272253083192041,False,False,False
9qnk_chainA,1519,19,0.009187613613903522,Cryptic,0.5803795456886292,0.9137690663337708,606.3333129882812,1,7,12,5,0.5072427582544977,27.86838254024344,8.468352201428488,-3.5502168687883127,27.804642803222386,8.76704204735537,-3.6093713007657167,24.646261125441132,24.773486433760336,-0.1272253083192041,False,False,False
9qnk_chainA,1517,20,0.01872004196047783,Cryptic,0.5868663787841797,0.5352442264556885,606.3333129882812,1,7,12,5,0.5072427582544977,27.86838254024344,8.468352201428488,-3.5502168687883127,27.804642803222386,8.76704204735537,-3.6093713007657167,24.646261125441132,24.773486433760336,-0.1272253083192041,False,False,False
9qnk_chainA,1520,21,0.01867869310081005,Cryptic,0.5803795456886292,0.5352442264556885,606.3333129882812,1,7,12,5,0.5072427582544977,27.86838254024344,8.468352201428488,-3.5502168687883127,27.804642803222386,8.76704204735537,-3.6093713007657167,24.646261125441132,24.773486433760336,-0.1272253083192041,False,False,False
9qnk_chainA,4514,23,0.030767878517508507,ActiveSite,0.6892939805984497,0.5693493485450745,424.0,1,3,3,0,0.9106780985299371,26.888237968024818,17.333949553887916,13.236390520666045,26.888237968024818,17.333949553887916,13.236390520666045,16.789272267491206,16.789272267491206,0.0,False,False,False
9qnl_chainA,3,1,0.0031108157709240913,Allosteric,0.5877894163131714,0.7141578197479248,193.0,1,3,5,2,0.628729153315038,-24.901672996430776,-25.012137247928354,1.8945179382233817,-25.195799386525515,-25.231368928797103,2.3730608331634726,14.060269584056911,14.034102684231273,0.026166899825637913,True,False,False
9qnl_chainA,0,2,0.0,Unknown,0.4740293025970459,0.5236222147941589,80.0,1,8,9,1,0.475151567031586,-34.96023486774149,-21.4522097574341,-0.6374444710585455,-35.04346904235934,-21.519715307282084,-0.42442728934774215,22.868978526374246,22.866334077814685,0.002644448559561141,True,False,False
9qnl_chainA,1,3,0.12432348728179932,ActiveSite,0.5150522589683533,0.5403020977973938,2838.0,1,8,12,4,0.5011177233723917,-24.12909498120925,-8.274979631799921,6.473605761107488,-24.19503761478088,-8.16191321445532,6.464989350729865,30.405550490910517,30.5247077868853,-0.11915729597478375,False,False,False
9qnl_chainA,1,3,0.12432348728179932,ActiveSite,0.5150522589683533,0.5403020977973938,2838.0,2,4,10,6,0.5975320917950966,-25.183645753090396,-6.449335283202018,5.986424873512657,-25.02277752490258,-6.430193741021132,6.3831406329016565,32.28211123505442,32.335083125325276,-0.052971890270853805,False,False,False
9qnl_chainA,1,3,0.12432348728179932,ActiveSite,0.5150522589683533,0.5403020977973938,2838.0,3,3,3,0,0.620165123115838,-34.57072328495156,-13.24665544082133,8.709696354312648,-34.57072328495156,-13.24665544082133,8.709696354312648,30.062185363718932,30.062185363718932,0.0,False,False,False
9qnl_chainA,508,4,0.0010478319600224495,Cryptic,0.6480921506881714,0.6626113057136536,115.0,1,5,8,3,0.5105959661049694,-11.161307323215297,-25.527578251616255,13.367223997074897,-11.233036929310808,-25.54085279248654,13.547974915299083,19.102105597150434,19.18333887835213,-0.0812332812016976,False,False,False
9qnl_chainA,4,7,0.0,Unknown,0.4777293801307678,0.6489668488502502,60.0,1,3,5,2,0.6328139776814041,-28.948866476029515,-18.16731952974386,-3.2915623494892143,-28.382743495783586,-18.201377718480913,-2.986239270186188,22.346118464633214,22.012737487094,0.33338097753921403,True,False,False
9qnl_chainA,5,8,0.0,Unknown,0.5478298664093018,0.5671274065971375,64.0,1,8,11,3,0.5090662355611382,-27.492938684664377,-11.50955008908612,-10.25585896900315,-27.827818651332787,-11.821411351313639,-10.100440851868434,29.724719033674507,29.4908525426503,0.23386649102420876,True,False,False
9qnl_chainA,2,11,0.007189685944467783,Cryptic,0.8140251040458679,0.4791128933429718,315.0,1,3,6,3,0.7008060862269897,-27.312941397219497,-18.62019376041169,16.944604126759618,-27.505782017677895,-18.639653902450473,16.07097855625451,26.311959692839963,25.836813589266626,0.4751461035733371,True,False,False
9qnl_chainA,509,12,0.0,Cryptic,0.5622265338897705,0.4613349735736847,80.0,1,8,10,2,0.47167732254322353,-34.00275552423868,-20.223762940444438,-1.4665793336003887,-34.02463668793888,-20.423543624253423,-1.3714400234276676,23.19287099714199,23.047416455572577,0.14545454156941418,True,False,False
9qnl_chainA,1512,13,0.019334934651851654,Cryptic,0.5150522589683533,0.6431534290313721,946.0,1,7,11,4,0.650418441773859,-23.30012048176214,-5.54537468718277,9.37808006432404,-23.455030362705138,-5.369363965408186,9.568022348226805,33.55062990615645,33.78806435556884,-0.23743444941239034,False,False,False
9qnl_chainA,4001,14,0.04126105085015297,ActiveSite,0.5150522589683533,0.48687443137168884,2838.0,1,7,11,4,0.650418441773859,-23.300012867994308,-5.55004354867976,9.376146008772563,-23.456948487551895,-5.371353469513061,9.568723896455756,33.545650325527724,33.78659627941036,-0.24094595388263684,False,False,False
9qnl_chainA,4001,14,0.04126105085015297,ActiveSite,0.5150522589683533,0.48687443137168884,2838.0,2,3,9,6,0.6646255277308989,-25.72064211086001,-3.939308704489923,8.18717269193007,-25.31150828421279,-4.293778537451466,8.533518837751226,35.20867874292311,34.86603658217946,0.34264216074365095,True,False,False
9qnl_chainA,1511,15,0.03150995820760727,Cryptic,0.5150522589683533,0.5872660279273987,946.0,1,9,13,4,0.5134267042816489,-24.082254962032977,-6.854064873717904,7.536543055989505,-24.147903548663045,-6.841612847107298,7.470735367900476,31.979608630099897,31.988607446025583,-0.008998815925686188,False,False,False
9qnl_chainA,1511,15,0.03150995820760727,Cryptic,0.5150522589683533,0.5872660279273987,946.0,2,4,10,6,0.5975320917950966,-25.194119225653996,-6.406817911996847,6.028934583531604,-25.025190974482516,-6.3948481870782965,6.433257015332043,32.33204408703747,32.37828104218827,-0.04623695515080328,False,False,False
9qnl_chainA,1513,16,0.03485848009586334,Cryptic,0.5150522589683533,0.6056780219078064,946.0,1,3,4,1,0.620165123115838,-34.585067195092606,-13.303887461579658,8.661892578586043,-34.38346741232134,-13.24098759892178,8.726894151430967,30.01067376003934,29.97442811559011,0.0362456444492274,True,False,False
9qnl_chainA,1513,16,0.03485848009586334,Cryptic,0.5150522589683533,0.6056780219078064,946.0,2,7,12,5,0.6193964372654506,-24.481453583649945,-6.6413874018352015,8.660828377796209,-24.561540994389855,-6.544474717792111,8.619276175219603,32.50147367501636,32.59793060972684,-0.09645693471047423,False,False,False
9qnl_chainA,1513,16,0.03485848009586334,Cryptic,0.5150522589683533,0.6056780219078064,946.0,3,3,9,6,0.6646255277308989,-25.71804742516016,-3.9275644695356684,8.208636182032565,-25.309603672906164,-4.28457643980675,8.550108350035947,35.22390166652733,34.87815127693268,0.34575038959465587,True,False,False
9qnl_chainA,4513,17,0.033981382846832275,ActiveSite,0.5150522589683533,0.4596303403377533,946.0,1,7,11,4,0.5407027192921751,-24.149797445737267,-7.350964411125727,7.547554038099386,-24.22574743584506,-7.293750635973425,7.461647633471289,31.513842805611517,31.563550770888483,-0.04970796527696564,False,False,False
9qnl_chainA,4513,17,0.033981382846832275,ActiveSite,0.5150522589683533,0.4596303403377533,946.0,2,3,4,1,0.620165123115838,-34.59196784610914,-13.349471716719831,8.620070584287074,-34.38761924550323,-13.281292940126606,8.68998940855373,29.966390662873785,29.934030190924577,0.03236047194920744,True,False,False
9qnl_chainA,4513,17,0.033981382846832275,ActiveSite,0.5150522589683533,0.4596303403377533,946.0,3,3,9,6,0.6646255277308989,-25.71924473392483,-3.930510617630131,8.205814158678207,-25.307471532990967,-4.28949688709838,8.55044982760831,35.2207194597881,34.8731220500052,0.34759740978289955,True,False,False
9qnl_chainA,3513,18,0.0035197287797927856,Cryptic,0.8140251040458679,0.5312066674232483,315.0,1,11,13,2,0.48307364644243905,-21.714924560896932,-22.17886740409883,15.997412647949334,-21.92196127325495,-22.084431674296095,15.913255023358225,21.846776884822887,21.883221673022764,-0.0364447881998764,False,False,False
9qwj_chainD,509,2,0.0029175891540944576,Cryptic,0.6650000214576721,0.5480837821960449,110.0,1,4,6,2,0.5525535253927655,-7.16130423111208,25.59756067996356,6.841439651861212,-6.84030375776359,25.182381194423883,6.681238731338958,40.311295766223594,40.17132392574416,0.13997184047943279,True,False,False
9qwj_chainD,8,11,0.0,Unknown,0.5082430839538574,0.5212090611457825,67.0,1,3,5,2,0.8027389015317774,-10.226334990666759,24.54850499956514,-25.55497331829687,-10.674609171545194,24.260124811406683,-26.09696801423211,8.231218702336617,7.509216046004053,0.7220026563325641,True,False,False
9qwj_chainD,7,12,0.0028950832784175873,Unknown,0.658750057220459,0.51316899061203,110.0,1,3,4,1,0.5990566838769474,-8.063345799376528,27.309743087800204,6.439368246132793,-7.747741027638839,27.288193062148,6.277049996142101,39.966669831172254,39.84664738816235,0.12002244300990128,True,False,False
9qwj_chainD,1511,13,0.013059464283287525,Cryptic,0.6845110654830933,0.6603549718856812,558.3333129882812,1,3,5,2,0.7388858231083156,-14.31227682428166,16.38155800144105,-35.031118526970246,-14.500048860030665,16.50634150794324,-35.33221749521804,6.377121867607087,6.406020506069723,-0.028898638462635517,False,False,False
9qwj_chainD,1511,13,0.013059464283287525,Cryptic,0.6845110654830933,0.6603549718856812,558.3333129882812,2,3,3,0,0.5913179667943586,-11.399593001000069,6.50687127062583,-33.73461171957438,-11.399593001000069,6.50687127062583,-33.73461171957438,15.91041701225146,15.91041701225146,0.0,False,False,False
9qwj_chainD,4512,14,0.017258942127227783,ActiveSite,0.6845110654830933,0.7367053031921387,558.3333129882812,1,4,5,1,0.6552252493575631,-14.29517384528503,16.061790046839214,-28.597125036023424,-14.424481837665045,16.283543563264036,-28.519966308899612,7.622133455191087,7.505913659685443,0.11621979550564454,True,False,False
9qwj_chainD,1513,15,0.009850128553807735,Cryptic,0.6845110654830933,0.6288023591041565,558.3333129882812,1,4,5,1,0.6552252493575631,-14.495124716113587,16.16370317177168,-28.61971100640002,-14.60485617039891,16.36178732282885,-28.54840268221434,7.556804237839254,7.457631835974337,0.09917240186491671,True,False,False
9qwj_chainD,4004,16,0.056556373834609985,ActiveSite,0.6845110654830933,0.6001481413841248,1675.0,1,4,5,1,0.6552252493575631,-14.495124716113587,16.16370317177168,-28.61971100640002,-14.60485617039891,16.36178732282885,-28.54840268221434,7.556804237839254,7.457631835974337,0.09917240186491671,True,False,False
9qwj_chainD,4513,17,0.01778380014002323,ActiveSite,0.6845110654830933,0.6921597123146057,558.3333129882812,1,4,5,1,0.6552252493575631,-14.291149784338254,16.059096375698132,-28.60024463311575,-14.420567196641745,16.280848101973408,-28.522988267076016,7.622033089111737,7.505705848858235,0.11632724025350161,True,False,False
9qwj_chainT,4,3,0.0024726937990635633,Unknown,0.6093999147415161,0.5513772368431091,132.0,1,6,7,1,0.6617912992272454,56.861601723485194,27.233963744531025,54.91448010253046,56.93468743289926,27.17912087281399,54.85611392029804,56.02648677524829,56.00872261516417,0.01776416008411985,True,False,False
9qwj_chainT,507,4,0.0,Cryptic,0.5496923923492432,1.0,135.0,1,3,4,1,0.739524374770193,78.39676173284907,0.18667120597443645,97.44492673980996,78.26944243734826,0.6435276343941535,97.61680059533533,8.684648834501933,9.121652043208224,-0.4370032087062903,False,False,False
9qwj_chainT,2,5,0.06175461411476135,ActiveSite,0.5277388691902161,0.5030727982521057,1844.0,1,3,4,1,0.6178068764096222,62.89712626563449,9.941409281534925,90.81083622610241,62.58926057327787,9.751044692129549,91.03561612696427,22.1689724004272,22.167588101877154,0.0013842985500467364,True,False,False
9qwj_chainT,2,5,0.06175461411476135,ActiveSite,0.5277388691902161,0.5030727982521057,1844.0,2,4,7,3,0.5240380190826478,62.653666208814165,20.46081089872597,86.73639735923537,62.34535257824695,21.040064511812567,86.86707584468765,31.990376265933754,32.596539840204024,-0.6061635742702691,False,False,False
9qwj_chainT,7,6,0.0138598857447505,Cryptic,0.770350456237793,0.5267655253410339,321.0,1,3,5,2,0.8062395799007098,86.80119787315843,13.339349238555831,85.46218192017948,86.95817565263317,12.920758110186448,85.22362243985921,25.206550212552223,25.01559523032649,0.19095498222573326,True,False,False
9qwj_chainT,7,6,0.0138598857447505,Cryptic,0.770350456237793,0.5267655253410339,321.0,2,4,5,1,0.6376706359833677,78.60238737853261,2.70916363172692,97.838405180066,78.62613763551157,2.8623984028416767,97.66303333952068,11.161484343062327,11.256819287910025,-0.09533494484769811,False,False,False
9qwj_chainT,1509,7,0.009986083023250103,Cryptic,0.5277388691902161,0.6217749714851379,614.6666870117188,1,5,8,3,0.4832469664814825,62.689486589659246,20.073320749028163,89.12944987971704,62.453496235283694,20.340228061099594,89.05001426780066,31.14131508366643,31.492763460842294,-0.3514483771758634,False,False,False
9qwj_chainT,1509,7,0.009986083023250103,Cryptic,0.5277388691902161,0.6217749714851379,614.6666870117188,2,3,4,1,0.6178068764096222,62.91559830040353,9.95098839303169,90.80158811219606,62.608954105409325,9.761499417403806,91.02519942252975,22.16716494901971,22.1654755424334,0.0016894065863120034,True,False,False
9qwj_chainT,1508,8,0.011457016691565514,Cryptic,0.5277388691902161,0.6385589241981506,614.6666870117188,1,3,4,1,0.6178068764096222,62.90874024127955,9.940097947999716,90.81202069393684,62.600411012012046,9.750005084074907,91.03650367193359,22.16089076242007,22.159905707943057,0.0009850544770131364,True,False,False
9qwj_chainT,1508,8,0.011457016691565514,Cryptic,0.5277388691902161,0.6385589241981506,614.6666870117188,2,4,6,2,0.6458865739600975,61.88944127419676,19.493918388825936,90.9387317314425,61.770388611974795,19.58718984202818,91.606658042352,30.725984021250863,30.794599567920994,-0.06861554667013081,False,False,False
9qwj_chainT,4507,9,0.010912078432738781,ActiveSite,0.5277388691902161,0.5903339982032776,614.6666870117188,1,3,4,1,0.6178068764096222,62.91914663806009,9.948543372348277,90.80390099755398,62.61303727460728,9.759686930465596,91.02680315033952,22.16276158052356,22.161348209341377,0.001413371182184875,True,False,False
9qwj_chainT,4507,9,0.010912078432738781,ActiveSite,0.5277388691902161,0.5903339982032776,614.6666870117188,2,4,6,2,0.5240380190826478,62.64053936933618,20.458086584120405,86.75664311882434,62.64119777519535,20.691546502641902,86.96592630968188,31.988600039846954,32.14401447557421,-0.15541443572725555,False,False,False
9qwj_chainT,4508,10,0.01322268508374691,ActiveSite,0.5277388691902161,0.6297189593315125,614.6666870117188,1,5,7,2,0.4832469664814825,62.69047885984037,20.07656894259457,89.10622708090163,62.67814402699853,20.283429265734263,89.08714793261171,31.147732552230753,31.340080667005456,-0.1923481147747026,False,False,False
9qwj_chainT,4508,10,0.01322268508374691,ActiveSite,0.5277388691902161,0.6297189593315125,614.6666870117188,2,3,4,1,0.6178068764096222,62.918557807685104,9.94836406239165,90.80407551319057,62.611403254649325,9.758850759054788,91.02775536779238,22.162938190338604,22.161533343064605,0.0014048472739993656,True,False,False
9qwj_chainT,4002,11,0.04567944258451462,ActiveSite,0.5277388691902161,0.5723555088043213,1844.0,1,5,8,3,0.4832469664814825,62.69305853433391,20.075452097206977,89.11355739474949,62.44264058890005,20.55749589695364,88.93173439759178,31.144389596555268,31.710502413366147,-0.5661128168108789,False,False,False
9qwj_chainT,4002,11,0.04567944258451462,ActiveSite,0.5277388691902161,0.5723555088043213,1844.0,2,3,4,1,0.6178068764096222,62.91355607589255,9.94020602288876,90.81188978480829,62.61235800163725,9.754693255591143,91.03096428149883,22.15815760168458,22.157211782747154,0.000945818937424292,True,False,False
9qwj_chainT,3509,14,0.011980836279690266,Cryptic,0.8325151801109314,0.5414665341377258,371.0,1,4,8,4,0.6136297727133502,52.85301544137844,23.32224187612157,53.550264945647285,53.0093001969239,23.12234470472036,53.117900988288724,56.22130099410059,56.363495147954154,-0.14219415385356626,False,False,False
9qwj_chainT,4000,15,0.014580209739506245,Cryptic,0.8325151801109314,0.5310696363449097,371.0,1,5,10,5,0.6100821139121911,53.74846594137241,24.55534338678706,52.96244015235164,54.01009052207661,24.217882529996533,52.88006418884169,56.976918058922244,56.745595978640935,0.23132208028130918,True,False,False
9qwj_chainT,4005,17,0.0,Unknown,0.5142711997032166,0.5835049748420715,88.0,1,7,9,2,0.6410694777016628,58.664611185377495,26.87909044105563,57.801288334710975,58.76678503439606,26.741785106494252,57.71990438368152,53.18757513547125,53.12166899957918,0.06590613589207095,True,False,False
9qwj_chainT,4005,17,0.0,Unknown,0.5142711997032166,0.5835049748420715,88.0,2,4,7,3,0.47884979086068064,63.072784597192786,24.075830617804833,58.30480678460439,62.843677287257535,24.351259496115205,58.06785195428233,49.736228712693354,50.143292565946666,-0.4070638532533124,False,False,False
9sia_chainB,4,4,0.07885060459375381,ActiveSite,0.691274106502533,0.4971524477005005,412.0,1,7,8,1,0.5284324312695841,27.08503369326636,42.79876790148579,2.947865224694269,26.914928782320732,42.79808248149954,3.019464445998398,22.558326295441137,22.515037158800574,0.04328913664056344,True,False,False
9sia_chainB,6,7,0.006782799959182739,Unknown,0.49943843483924866,0.5354127287864685,93.0,1,4,7,3,0.46609977814410064,21.239519454247,27.78543372304394,-1.0649220749044468,21.374301178101717,27.93473500023194,-0.9741305006221477,7.275002280630912,7.384008674487328,-0.10900639385641586,False,False,False
9sia_chainB,4004,9,0.12865063548088074,ActiveSite,0.691274106502533,0.5471463799476624,412.0,1,4,5,1,0.6354985853433033,20.715743615172503,40.95153980220583,3.940352217162574,20.53775133245394,40.8448863342448,3.808216417373286,19.923413818297,19.806251843488702,0.11716197480829749,True,False,False
9sic_chainB,3,4,0.0528649277985096,ActiveSite,0.8031696677207947,0.47647538781166077,761.0,1,3,7,4,0.6766664562257602,15.274942990549018,-10.159202490515387,-2.6554457923228902,15.763564957553065,-9.769771029795438,-2.4627717826535496,19.777846816265058,19.57534325938591,0.20250355687914734,True,False,False
9sic_chainB,1,6,0.01050370279699564,Unknown,0.5460951924324036,0.5092136263847351,145.0,1,3,6,3,0.7220492143543251,1.553341443166331,-3.368564920703973,-1.9051330208246382,1.81523764929419,-3.597849554882627,-1.8480636340919603,13.249881727603753,13.303061894896915,-0.05318016729316177,False,False,False
9sic_chainB,1,6,0.01050370279699564,Unknown,0.5460951924324036,0.5092136263847351,145.0,2,3,5,2,0.7205148650552567,0.21206888979509098,-7.81599396165499,-4.639381313631317,-0.16565981530404852,-7.974323754980946,-4.5027060046183065,18.440989982285398,18.686612361964148,-0.24562237967874978,False,False,False
9sic_chainB,4,7,0.0,Unknown,0.5368952751159668,0.48225000500679016,73.0,1,3,4,1,0.7903102232542143,12.235419760106389,5.198149486948578,-7.468732790505062,11.915584675828375,5.116072042432618,-7.349479783748072,10.559767750712473,10.346086710212669,0.21368104049980374,True,False,False
9sic_chainB,0,8,0.0,Unknown,0.4930506944656372,0.5270441174507141,64.0,1,3,4,1,0.8080786826196906,-5.314498258146363,-14.007662374728454,0.7356702437627022,-5.476076360581137,-13.895821006602217,0.4320382663370832,25.38634311967924,25.391079420861924,-0.00473630118268531,False,False,False
9sic_chainB,1008,9,0.016284620389342308,Cryptic,0.8031696677207947,0.5032864809036255,253.6666717529297,1,3,7,4,0.6766664562257602,15.221214525408579,-10.123949534207373,-2.602979329127093,15.716442220261289,-9.747140858795984,-2.424813082345356,19.71423812348181,19.528000130355935,0.18623799312587508,True,False,False
9sic_chainB,4007,10,0.01369981188327074,Cryptic,0.8031696677207947,0.5388248562812805,253.6666717529297,1,3,7,4,0.6766664562257602,15.105350755527539,-10.14136468808648,-2.506845071879237,15.578790044129164,-9.794973988053066,-2.3653872087608647,19.665753676418195,19.503146789465937,0.16260688695225767,True,False,False
9sic_chainB,1009,11,0.027638113126158714,Cryptic,0.8031696677207947,0.5300225615501404,253.6666717529297,1,3,7,4,0.6766664562257602,15.096980239376892,-10.08443696525806,-2.489308518835014,15.54885528665458,-9.766774806986293,-2.3584666069962403,19.60735439706662,19.46468499102642,0.1426694060401985,True,False,False
9sic_chainB,3012,12,0.09468188136816025,Cryptic,0.8031696677207947,0.5278487205505371,761.0,1,3,7,4,0.6766664562257602,15.274942990549018,-10.159202490515387,-2.6554457923228902,15.763564957553065,-9.769771029795438,-2.4627717826535496,19.777846816265058,19.57534325938591,0.20250355687914734,True,False,False
9sic_chainB,4003,13,0.05932191014289856,ActiveSite,0.8031696677207947,0.4658832550048828,761.0,1,3,7,4,0.6766664562257602,15.279971894940715,-10.143580110807958,-2.656912264344654,15.765705576718494,-9.759325254291173,-2.4646220749771337,19.766002485460476,19.567324288589703,0.19867819687077315,True,False,False
9sic_chainB,3013,18,0.023386415094137192,Cryptic,0.7397521734237671,0.5342079997062683,510.0,1,3,5,2,0.5642579670054504,2.756125017593475,-14.239249815241179,4.2145084376802275,2.24355266456183,-14.477659667892969,4.108526928596044,22.59595871387725,22.937288737178253,-0.3413300233010048,False,False,False
9sic_chainB,4004,20,0.0,Unknown,0.5368952751159668,0.5212519764900208,73.0,1,3,4,1,0.7903102232542143,12.269261072331663,5.2198701581726255,-7.445755221167791,11.983616088583863,5.145698109937829,-7.341622029087298,10.548438612155019,10.358496142543787,0.18994246961123196,True,False,False
9sic_chainC,3,4,0.037925176322460175,Cryptic,0.6854772567749023,0.4975312650203705,353.0,1,7,8,1,0.5016735665040031,1.83871092693146,16.715639348425345,34.043751001733455,1.8129632772006883,16.888488475783912,34.07647729889467,23.560621904978785,23.5087455903621,0.05187631461668474,True,False,False
9sic_chainC,4008,5,0.025943264365196228,Allosteric,0.6751246452331543,0.4938618838787079,191.6666717529297,1,3,6,3,0.7320289240091723,-17.166135089291217,12.38764063694897,31.07814350553476,-17.030713811610607,12.578682924297201,30.519297175555003,12.565929778527574,12.952153010668438,-0.38622323214086407,False,False,False
9sic_chainC,4008,5,0.025943264365196228,Allosteric,0.6751246452331543,0.4938618838787079,191.6666717529297,2,4,10,6,0.632297168141392,-12.846885707590566,14.460126084240851,30.532725360905893,-12.650614527499323,14.223645328075841,30.629050166678258,13.879663866276136,13.998808308618134,-0.11914444234199806,False,False,False
9sic_chainC,1007,6,0.027300694957375526,Cryptic,0.6751246452331543,0.5496066808700562,191.6666717529297,1,7,10,3,0.47857062216610774,-13.307000837740224,13.915099720077645,30.011909104085888,-13.101952027031524,13.836681236245335,30.016181822437417,14.232009106631072,14.36264716483877,-0.13063805820769758,False,False,False
9sic_chainC,3009,7,0.07611554116010666,Cryptic,0.6751246452331543,0.5419709086418152,575.0,1,7,10,3,0.4551326628988632,-13.168111202371179,14.128630484165532,29.789379338965087,-12.949314617304001,14.037705980628257,29.807244364654657,14.399095778269167,14.52999988217324,-0.13090410390407214,False,False,False
9sic_chainC,4001,8,0.07767714560031891,ActiveSite,0.6751246452331543,0.4873289167881012,575.0,1,8,10,2,0.4571824584078909,-14.948513242485383,12.885310302181358,30.091772781068396,-14.846584868296997,12.812228353017785,30.086115824315755,13.849619202728475,13.92871220590408,-0.07909300317560586,False,False,False
9sic_chainC,4003,9,0.060255225747823715,Cryptic,0.6854772567749023,0.5592275261878967,353.0,1,4,4,0,0.6801635151687295,-6.363884631574504,16.592970268508747,34.044614866227064,-6.363884631574504,16.592970268508747,34.044614866227064,16.013961909624104,16.013961909624104,0.0,False,False,False
9sid_chainA,3,1,0.0,Unknown,0.5006803274154663,0.4848826825618744,52.0,1,3,6,3,0.5930094950876231,-16.722859500897457,2.5556317053610917,-6.464972114920217,-16.26722855081737,2.4969937155511825,-6.19131673242212,8.171927995271638,7.795233665968305,0.3766943293033327,True,False,False
9sid_chainA,0,2,0.03399866819381714,ActiveSite,0.7513056993484497,0.46824297308921814,669.0,1,5,7,2,0.4486152407580552,-22.74006200586529,16.331844103439728,-3.912538801434176,-22.65173662950024,16.229079317421178,-4.124913708018758,18.71254801826556,18.539494987677035,0.17305303058852672,True,False,False
9sid_chainA,2,3,0.008032063953578472,Unknown,0.5647244453430176,0.48567330837249756,129.0,1,3,6,3,0.8731326483058663,-8.855844236572935,8.702544292550856,-0.9870813339923276,-8.92432851331636,8.773111378804247,-1.6783571458851048,7.967011446981919,7.438180671887106,0.5288307750948134,True,False,False
9sid_chainA,1004,4,0.013121194206178188,Cryptic,0.7513056993484497,0.5568150877952576,223.0,1,3,6,3,0.7954580139554264,-22.792431504425338,17.08774033187007,-2.849404218784426,-22.686622437138166,16.999350373009896,-3.2860901904420268,19.478145864845008,19.240445005667233,0.2377008591777745,True,False,False
9sid_chainA,3009,5,0.04125929996371269,Cryptic,0.6854075193405151,0.5310333371162415,563.0,1,3,4,1,0.5950332529028556,-28.329916875656313,5.887925109424501,-11.968020743978592,-28.396571040350135,5.8399494836893755,-11.960804763968039,20.00675161902545,20.066556580095238,-0.059804961069787055,False,False,False
9sid_chainA,4005,7,0.013141204603016376,Cryptic,0.7513056993484497,0.5115081071853638,223.0,1,5,7,2,0.4486152407580552,-22.73857729554252,16.33713679447713,-3.9226676436058616,-22.660219678832522,16.24548012675362,-4.1106182185033395,18.71279522020281,18.559041308773285,0.15375391142952566,True,False,False
9sid_chainA,1003,8,0.006204425357282162,Cryptic,0.7513056993484497,0.5075581073760986,223.0,1,5,7,2,0.4486152407580552,-22.74089266722824,16.314975231380632,-3.926589944094795,-22.656645374170605,16.218370070882415,-4.127872163436768,18.699567295454834,18.535738320193285,0.1638289752615485,True,False,False
9sid_chainA,4004,9,0.007571806199848652,Cryptic,0.7513056993484497,0.4891084134578705,223.0,1,5,7,2,0.4486152407580552,-22.739377139256458,16.352853679495986,-3.9131867444194204,-22.661020281100328,16.260114047405168,-4.1017102397507,18.725343574339355,18.570713755071683,0.15462981926767227,True,False,False
9sid_chainA,4000,11,0.017636045813560486,ActiveSite,0.7513056993484497,0.4660569131374359,669.0,1,5,7,2,0.4486152407580552,-22.743978919126775,16.347392002627494,-3.9079634189654313,-22.658277578361798,16.246817196672456,-4.113661338948693,18.726314601550875,18.55786719076564,0.16844741078523384,True,False,False
9sid_chainB,1,2,0.05489484593272209,Cryptic,0.6978216767311096,0.4859307110309601,355.0,1,3,5,2,0.7639552843003503,-10.588914453583794,-16.142973757052896,-5.020342395021346,-10.62083303202254,-16.16132988464223,-4.581484906111235,17.098200490859387,16.81912767389545,0.2790728169639358,True,False,False
9sid_chainB,3007,5,0.07335405051708221,Cryptic,0.7538539171218872,0.5315722823143005,570.0,1,3,4,1,0.7639552843003503,-10.53658843586522,-16.065726574846536,-5.083786856642773,-10.10545270824645,-15.844857266215088,-4.722988230327136,17.088751516186765,16.493539706059842,0.5952118101269228,True,False,False
9sid_chainB,4001,8,0.07492707669734955,Cryptic,0.6978216767311096,0.5180080533027649,355.0,1,3,4,1,0.7639552843003503,-10.473044980890556,-15.984198091812656,-5.128401720348208,-10.08068043486859,-15.787833077009127,-4.790780178598962,17.058214227089618,16.511619092053028,0.5465951350365899,True,False,False
9sid_chainB,3009,9,0.03055066242814064,Cryptic,0.6978216767311096,0.531199038028717,355.0,1,5,6,1,0.4321536821755616,-18.824984551357534,-13.685493766496535,-7.195030657175121,-18.889962916037344,-13.475470089839623,-7.298659328760864,24.271084875815333,24.368862485798008,-0.09777760998267482,False,False,False
9sid_chainB,4005,10,0.0013424165081232786,Unknown,0.45303764939308167,0.5395453572273254,75.0,1,3,5,2,0.7746978395303095,5.569533165097612,6.133542012172691,-12.511413312603272,5.217860342310677,6.039481246146073,-12.592253539244483,26.927201489902878,26.863020117495694,0.0641813724071838,True,False,False
9sid_chainB,4000,12,0.0,Unknown,0.5308859944343567,0.5730155110359192,84.0,1,3,6,3,0.6491211699607587,-23.883733249252558,-14.350333484603393,-10.852831632831577,-23.54732070127145,-14.123877632881445,-10.538910014973903,30.547004347511944,30.073768671277634,0.4732356762343102,True,False,False
9t29_chainA,511,5,0.028261758387088776,Cryptic,0.8118273615837097,0.6126302480697632,634.0,1,3,5,2,0.6219756481385537,34.59495721237365,32.67945358826624,87.23416953893836,34.070985397096216,32.52448877429603,87.62384716234457,34.28926860484611,33.927437789524355,0.36183081532175265,True,False,False
9t29_chainA,3532,13,0.020504286512732506,Cryptic,0.7117264270782471,0.7735278010368347,1203.0,1,3,6,3,0.7727520796244515,40.28026936029684,38.11275127749757,120.5637208836476,40.205011720025475,38.154849108765745,120.71954556104697,13.807869196346067,13.751484689645826,0.05638450670024042,True,False,False
9t29_chainA,1518,15,0.016637582331895828,Cryptic,0.7117264270782471,0.714674174785614,401.0,1,3,6,3,0.7727520796244515,40.28228063579673,38.10945468066413,120.56564111590271,40.20928282124725,38.15056735113276,120.71596410440091,13.811758846588004,13.756734325624048,0.055024520963955936,True,False,False
9t29_chainA,4002,16,0.0725824236869812,ActiveSite,0.7117264270782471,0.7140123248100281,1203.0,1,3,7,4,0.7727520796244515,40.279528612500556,38.11026294493769,120.56535117931953,40.134195843569614,37.93118071542139,120.74509642484053,13.809082897160167,13.838743692706123,-0.02966079554595602,False,False,False
9t29_chainA,3006,31,0.02484731934964657,ActiveSite,0.7678141593933105,0.6303882002830505,634.0,1,3,5,2,0.6219756481385537,34.55011852779453,32.66096314968185,87.21978835569162,34.03638138402762,32.509975242284796,87.60836528012375,34.303164955562735,33.94279467396648,0.3603702815962535,True,False,False
9t2f_chainA,7,3,0.04734605550765991,ActiveSite,0.7390652298927307,0.7664656639099121,870.0,1,3,5,2,0.6380878775511607,145.10283965189896,3.5213815664755264,5.4475605368101245,144.72799520876404,3.597407568912619,5.729372578726749,42.81020533240029,42.355736972471135,0.4544683599291517,True,False,False
9t2f_chainA,1517,14,0.00792897492647171,Cryptic,0.6990652680397034,1.0,290.0,1,3,5,2,0.6380878775511607,145.09067773780077,3.5159775825971753,5.445586017730387,144.7161697494004,3.5930903103861014,5.728662502535805,42.80264209497466,42.34757573771431,0.4550663572603497,True,False,False
9t2f_chainA,3524,15,0.04297688975930214,Cryptic,0.7390652298927307,0.6945397853851318,870.0,1,3,6,3,0.6380878775511607,145.08436715680145,3.5277807170555024,5.448799272504832,144.2789523500199,3.3995282968799474,5.8284542930548096,42.79176484758248,42.010930669261256,0.7808341783212214,True,False,False
9t2f_chainA,1516,16,0.008032816462218761,Cryptic,0.6990652680397034,1.0,290.0,1,5,7,2,0.5710222291182055,146.09281754478388,3.257318459968687,3.199583034333471,145.66090841997664,3.133594763491638,3.613654097211506,44.651633491787834,44.16125239670924,0.49038109507859673,True,False,False
9t2f_chainA,1518,17,0.00872842501848936,Cryptic,0.6990652680397034,0.8190905451774597,290.0,1,4,6,2,0.592687117487187,146.1913741443124,3.3914280635497764,3.8303382859028474,145.63211096936175,3.22015236897103,4.296972579052398,44.42314021940182,43.82365094075835,0.5994892786434747,True,False,False
9t2f_chainA,4514,18,0.012222475372254848,Cryptic,0.7390652298927307,0.8330225348472595,290.0,1,3,5,2,0.6380878775511607,145.01663230441406,3.4597835996702933,5.426806867168271,144.66387990686934,3.5424719433829464,5.703448513789353,42.76778412380372,42.3316199414082,0.43616418239552246,True,False,False
9t2f_chainA,4516,19,0.011450323276221752,Cryptic,0.6990652680397034,0.8956007361412048,290.0,1,4,6,2,0.592687117487187,146.1674229392405,3.397776344277984,3.8481042081049566,145.6364355620853,3.233687782194063,4.291369533708272,44.39345950982073,43.824671277916394,0.5687882319043354,True,False,False
9t2f_chainA,1514,21,0.004353655967861414,Cryptic,0.7390652298927307,1.0,290.0,1,4,6,2,0.592687117487187,146.1913741443124,3.3914280635497764,3.8303382859028474,145.63211096936175,3.22015236897103,4.296972579052398,44.42314021940182,43.82365094075835,0.5994892786434747,True,False,False
9t2f_chainA,1515,22,0.005724931135773659,Cryptic,0.7390652298927307,0.8190905451774597,290.0,1,4,6,2,0.592687117487187,146.1913741443124,3.3914280635497764,3.8303382859028474,145.63211096936175,3.22015236897103,4.296972579052398,44.42314021940182,43.82365094075835,0.5994892786434747,True,False,False
9t2f_chainA,1513,23,0.00695492047816515,Cryptic,0.7390652298927307,1.0,290.0,1,4,6,2,0.592687117487187,146.1913741443124,3.3914280635497764,3.8303382859028474,145.63211096936175,3.22015236897103,4.296972579052398,44.42314021940182,43.82365094075835,0.5994892786434747,True,False,False
9t2f_chainA,3511,38,0.015215469524264336,Allosteric,0.7144791483879089,0.859889805316925,150.0,1,4,4,0,0.4767931917681633,110.99802861901226,16.974263958420917,27.32895391639986,110.99802861901226,16.974263958420917,27.32895391639986,5.992881929827305,5.992881929827305,0.0,False,False,False
9t2g_chainA,514,2,0.07603669166564941,Cryptic,0.6210528016090393,0.7943893074989319,3598.0,1,5,7,2,0.4624949629255611,-14.709404745245804,13.991060354752927,-27.271474505475098,-14.660688175993142,13.644555334847919,-27.376984482287455,18.886860561337322,18.973660189923496,-0.0867996285861743,False,False,False
9t2g_chainA,4514,13,0.0630321353673935,Cryptic,0.6210528016090393,0.7713789343833923,3598.0,1,5,7,2,0.46249496292556114,-14.712183162496945,13.982861634867659,-27.267688068372117,-14.662708482482106,13.633151456016476,-27.374676563714765,18.888700603419746,18.976468359814987,-0.08776775639524104,False,False,False
9t2g_chainA,1524,14,0.0630267783999443,Cryptic,0.6210528016090393,1.0,1199.3333740234375,1,4,6,2,0.4856985836703481,-14.65128515443802,16.19365164581954,-27.009155115136156,-14.424536195216044,16.181765483657163,-26.95878177392084,18.396942450686737,18.180481900881492,0.21646054980524454,True,False,False
9t2g_chainA,4527,15,0.046539194881916046,ActiveSite,0.5861695408821106,1.0,1199.3333740234375,1,4,6,2,0.4856985836703481,-14.650180263598498,16.191902607306137,-27.013909370912305,-14.421707067457099,16.180069688937134,-26.962672537803147,18.3987002877322,18.180347206655867,0.21835308107633367,True,False,False
9t2g_chainA,1525,16,0.06794533133506775,Cryptic,0.6210528016090393,0.9328401684761047,1199.3333740234375,1,6,9,3,0.4794009107504408,-13.998230405274853,14.959260899952849,-26.653121001485143,-13.957395884387225,14.811670682876445,-26.764141572363773,17.801028398177543,17.849500840516455,-0.04847244233891246,False,False,False
9t2g_chainA,1523,17,0.047223370522260666,Cryptic,0.6210528016090393,0.6950399279594421,1199.3333740234375,1,3,6,3,0.775132911960526,-14.926332247846142,10.95782293443191,-27.32000722535036,-14.775987614634785,11.068293671573768,-27.552602528683742,19.895133155417128,19.860222448929843,0.03491070648728467,True,False,False
9t2g_chainA,1526,18,0.0405709370970726,Cryptic,0.5861695408821106,0.6950399279594421,1199.3333740234375,1,5,7,2,0.46249496292556114,-14.711147083745615,13.982997714095053,-27.270050555399074,-14.661629411675596,13.632346495404592,-27.37714288073899,18.889088610855968,18.977087707478752,-0.08799909662278438,False,False,False
9t2g_chainA,1528,19,0.06280909478664398,Cryptic,0.5861695408821106,0.9328401684761047,1199.3333740234375,1,5,7,2,0.46249496292556114,-14.711147083745615,13.982997714095053,-27.270050555399074,-14.661629411675596,13.632346495404592,-27.37714288073899,18.889088610855968,18.977087707478752,-0.08799909662278438,False,False,False
9t2g_chainA,1527,20,0.05681263282895088,Cryptic,0.5861695408821106,1.0,1199.3333740234375,1,5,7,2,0.46249496292556114,-14.711147083745615,13.982997714095053,-27.270050555399074,-14.661629411675596,13.632346495404592,-27.37714288073899,18.889088610855968,18.977087707478752,-0.08799909662278438,False,False,False
9t7f_chainA,0,2,0.04387056827545166,ActiveSite,0.6703827381134033,0.5152878165245056,424.0,1,4,7,3,0.5716129754987114,-4.498244107224464,42.225483204051976,66.96262314682473,-4.5180997400995295,42.3798266472117,67.05450643154644,23.786015344242546,23.64878422399454,0.137231120248007,True,False,False
9t7f_chainA,2,3,0.00804583914577961,Unknown,0.5439304709434509,0.47825586795806885,90.0,1,3,4,1,0.5228313287277808,7.752341668027155,62.66052080998129,58.12820215228514,7.526671944052864,62.562806886199155,58.25338613480336,10.070102811846015,9.897802686607461,0.17230012523855365,True,False,False
9t7f_chainA,1006,4,0.0,Cryptic,0.7266920208930969,0.5912305116653442,185.6666717529297,1,4,6,2,0.5664702971974072,15.357269087043868,47.84663408867148,63.23601495156851,15.10897046746533,48.02894786937317,63.12148035850967,20.133068351010817,19.875962595991954,0.2571057550188627,True,False,False
9t7f_chainA,1006,4,0.0,Cryptic,0.7266920208930969,0.5912305116653442,185.6666717529297,2,3,4,1,0.5749486273795404,13.646681396212585,48.72972522794862,60.06798079268889,13.8947651613269,48.63615697179664,60.12028309376472,19.49596969188011,19.6680907846097,-0.17212109272958998,False,False,False
9t7f_chainA,4005,5,0.005846441723406315,Allosteric,0.7266920208930969,0.500124990940094,185.6666717529297,1,3,5,2,0.5749486273795404,13.62814373768584,48.819486143769836,60.08925232711175,13.789654806071832,48.69115838202722,60.65790496713304,19.407735067427893,19.377405969025748,0.03032909840214515,True,False,False
9t7f_chainA,4003,7,0.01724565215408802,ActiveSite,0.7266920208930969,0.49951913952827454,557.0,1,3,4,1,0.5749486273795404,13.701393906862766,48.73980246811398,60.00726535070411,13.972032505963522,48.635461221532786,60.06965369912664,19.537001311300852,19.724790484847404,-0.18778917354655178,False,False,False
9t7f_chainA,4001,8,0.0,Unknown,0.5189516544342041,0.5538097023963928,55.0,1,4,5,1,0.5693447443171867,-0.7896477361796888,52.812433366265175,61.058784612811586,-0.7265707284698667,53.17118212408592,61.0388390373163,14.151012610689877,13.84831051971621,0.30270209097366774,True,False,False
9t7f_chainB,0,2,0.0,Unknown,0.43456190824508667,0.528285801410675,55.0,1,3,5,2,0.6389810545978367,21.63670283202816,46.07687034732985,48.66111670557107,21.474500102365322,46.56470384201405,48.50460840596839,9.805745986838689,10.309751867588526,-0.5040058807498369,False,False,False
9t7f_chainB,6,3,0.0,Unknown,0.5003065466880798,0.5290122032165527,54.0,1,3,4,1,0.7252100397236655,45.898336367802145,29.26774566269858,52.61779603532278,45.602184946999586,28.820776630734624,52.36652384704912,25.922574618011378,25.761263279428537,0.1613113385828413,True,False,False
9t7f_chainB,3,4,0.00903464388102293,Allosteric,0.5828148722648621,0.5032666921615601,172.0,1,3,7,4,0.7200646840819553,37.82413480168913,26.73603565048402,46.3041271473763,37.773173791655715,26.812607386856914,46.65269541040028,20.120923414225874,19.955058568365125,0.16586484586074945,True,False,False
9t7f_chainB,1,5,0.00247964751906693,Unknown,0.5327417254447937,0.4745595455169678,72.0,1,6,9,3,0.44708464093158795,25.242827496809912,39.45050027783569,45.61741736033376,25.211639173373307,39.452642084798306,45.5466804912384,7.638665795354865,7.676277135054486,-0.037611339699620494,False,False,False
9t7f_chainB,3011,6,0.033975277096033096,Cryptic,0.8325768709182739,0.5357435941696167,774.0,1,3,7,4,0.7134791802262272,38.59503514894553,43.70139853984298,49.48176643372912,38.16807247221889,44.17689277093612,49.17922625238416,18.961750501982813,18.786593157432755,0.17515734455005827,True,False,False
9t7f_chainB,1007,7,0.01209383737295866,Cryptic,0.8325768709182739,0.5314052700996399,258.0,1,5,9,4,0.6497791944677038,38.54611431852698,42.15251004118976,50.817519832912915,38.52880756286565,42.26505253712181,50.764245230443244,18.30700189441256,18.326265601645737,-0.01926370723317561,False,False,False
9t7f_chainB,4008,8,0.01611626148223877,Cryptic,0.8325768709182739,0.5164950489997864,258.0,1,3,8,5,0.7134791802262272,38.59359798422408,43.690607399541776,49.48236335859728,38.23279644238882,43.79363266300449,49.321869920462596,18.956367502055375,18.679852748241462,0.2765147538139132,True,False,False
9t7f_chainB,4009,9,0.007776044774800539,Cryptic,0.6665383577346802,0.5394003987312317,200.3333282470703,1,4,6,2,0.7356004200016004,43.8489006382446,31.411306050506894,52.50016243047457,43.74816458527727,31.18509853874689,52.45431808252994,23.38893984439829,23.340962576941667,0.04797726745662345,True,False,False
9t7f_chainB,4004,10,0.024846648797392845,ActiveSite,0.8325768709182739,0.4652731716632843,774.0,1,3,8,5,0.7134791802262272,38.5938825776402,43.69185595791768,49.482463762611815,38.2354683581918,43.793928109321065,49.323023300998386,18.957082245663596,18.68228987684791,0.27479236881568525,True,False,False
9t7f_chainB,1010,11,0.013419042341411114,Cryptic,0.6665383577346802,0.5316754579544067,200.3333282470703,1,3,5,2,0.6511336697996328,38.76279988885819,39.53357880109127,52.40335161165574,38.86885047410188,39.372862858799806,52.350126210165946,17.93366753589834,18.010539737604677,-0.0768722017063368,False,False,False
9t7f_chainB,1010,11,0.013419042341411114,Cryptic,0.6665383577346802,0.5316754579544067,200.3333282470703,2,3,4,1,0.6342198953443337,34.08941320931806,45.48854182458159,55.9511229633261,34.33128921410295,45.35972816813735,55.79024237314524,16.35487386477792,16.435829373767458,-0.08095550898953618,False,False,False
9t7f_chainB,1011,12,0.011816136538982391,Cryptic,0.6665383577346802,0.5966302752494812,200.3333282470703,1,4,6,2,0.578072668054428,40.198650085266,37.98199495904168,52.6425438956693,40.15471368729722,37.9906383266514,52.57849823534842,19.196800712262238,19.149586085963197,0.047214626299041385,True,False,False
9t7f_chainB,4010,13,0.02018439583480358,Cryptic,0.6665383577346802,0.48224982619285583,200.3333282470703,1,4,6,2,0.578072668054428,40.21599109668525,37.938592763135375,52.61906419735986,40.17073296390121,37.950943264048014,52.55747011467786,19.209653146838534,19.16156780985184,0.048085336986694927,True,False,False
9t7f_chainB,4002,14,0.06093689426779747,ActiveSite,0.6665383577346802,0.5195536017417908,601.0,1,4,6,2,0.578072668054428,40.241729840048514,37.93707126493712,52.64840652215411,40.19602688792104,37.94867201720101,52.586471325177676,19.237073683132618,19.18838728464111,0.04868639849150824,True,False,False
9tf5_chainA,3,2,0.0,Unknown,0.5038928389549255,0.5390859246253967,82.0,1,7,9,2,0.4706371583665525,4.777721600522633,0.5571868798923921,14.15453595004291,4.809281853770505,0.3841436014079211,14.178999239633647,19.37486689545311,19.22358514723844,0.15128174821467155,True,False,False
9tf5_chainA,6,4,0.006025049369782209,Unknown,0.5784249305725098,0.5145254731178284,145.0,1,3,5,2,0.682487104552947,6.359479370397637,-2.4591128134147167,12.274652551156763,6.174146918607967,-2.333118943766852,12.16771953116313,16.894981624609233,17.139436919950715,-0.24445529534148136,False,False,False
9tf5_chainA,5,5,0.02235887013375759,ActiveSite,0.7220516204833984,0.49183714389801025,502.0,1,5,8,3,0.4908523364215244,8.778908711197747,-1.8582498541703758,17.692414514911725,9.080017183791087,-2.205418525275349,17.27459785528925,14.400324111324377,13.99395314247006,0.40637096885431667,True,False,False
9tf5_chainA,4009,7,0.007321903016418219,Allosteric,0.7220516204833984,0.5432286262512207,167.3333282470703,1,4,7,3,0.5480913125057206,9.873902441743038,-2.6380101179066062,18.070509214617168,10.432322562736518,-2.76395292241439,17.933728456646406,13.102923896791474,12.704051687812983,0.3988722089784904,True,False,False
9tf5_chainA,4008,8,0.009826474823057652,Cryptic,0.7421712875366211,0.548730731010437,201.6666717529297,1,6,7,1,0.5606092572806927,8.77934130445111,13.902059273403804,13.256349191444166,8.870184739347915,13.962335100328087,13.080667823382576,29.206149304524846,29.27226428018325,-0.06611497565840452,False,False,False
9tf5_chainA,1010,9,0.008273215964436531,Cryptic,0.7220516204833984,0.5424269437789917,167.3333282470703,1,3,7,4,0.7418493545167131,8.196805251656869,10.178061085056504,19.52445126739698,8.048032535939225,9.93780976329624,19.24653155695353,25.2813859091276,25.10828087746592,0.1731050316616809,True,False,False
9tf5_chainA,1011,10,0.0032892723102122545,Cryptic,0.7220516204833984,0.6331864595413208,167.3333282470703,1,3,6,3,0.7418493545167131,8.060387837821208,10.25667249005324,19.65430275993494,7.746788311954695,10.31626859427937,19.41506332003304,25.40607696929567,25.5723920672856,-0.1663150979899335,False,False,False
9tf5_chainA,4002,11,0.023359423503279686,ActiveSite,0.7421712875366211,0.4846959114074707,605.0,1,6,7,1,0.5606092572806927,8.809622444859174,13.936099263201305,13.22692936203554,8.894016581003724,13.99166227514428,13.062814310759073,29.235201511320298,29.29661642079008,-0.06141490946978223,False,False,False
9tf5_chainA,4007,12,0.005438119173049927,Cryptic,0.7421712875366211,0.5023831725120544,201.6666717529297,1,6,7,1,0.5606092572806927,8.80373134165616,13.957943103236415,13.165777388812158,8.884837862307474,14.010574783330988,13.010220140723868,29.269740431388797,29.327855312281642,-0.05811488089284467,False,False,False
9tf5_chainA,4005,13,0.028262516483664513,ActiveSite,0.7220516204833984,0.53762286901474,502.0,1,3,6,3,0.7418493545167131,8.083575060843552,10.252703164152162,19.633164525369356,7.752592555846329,10.315934651850563,19.386508522485506,25.393589482885275,25.569625428605107,-0.17603594571983194,False,False,False
9tf5_chainB,6,2,0.0,Unknown,0.5095904469490051,0.5431990027427673,73.0,1,4,4,0,0.6488936635508777,31.529926099178425,41.98330412346507,1.6514991194507747,31.529926099178425,41.98330412346507,1.6514991194507747,24.026616696647682,24.026616696647682,0.0,False,False,False
9tf5_chainB,1,3,0.041269559413194656,ActiveSite,0.8268575668334961,0.47616255283355713,683.0,1,3,5,2,0.6302504156904092,9.608349193440116,37.70598705689918,-2.462536381734047,9.812535365640112,37.814418997153176,-2.674173852183399,20.41940482075366,20.404296123195454,0.015108697558204653,True,False,False
9tf5_chainB,5,5,0.003447650233283639,Unknown,0.48914235830307007,0.5218247771263123,78.0,1,3,5,2,0.6265583375985068,20.503570499492557,28.39664025799586,-1.6103552633464184,20.719625936083062,28.15284754505865,-1.7138167285883943,7.694160677826621,7.437995950062371,0.2561647277642498,True,False,False
9tf5_chainB,5,5,0.003447650233283639,Unknown,0.48914235830307007,0.5218247771263123,78.0,2,3,6,3,0.514267114554645,26.449474671953684,33.5428219927206,-2.946100763251719,26.180356122793928,33.265343295474004,-3.036306532700443,13.996219111849673,13.643624542697353,0.3525945691523198,True,False,False
9tf5_chainB,1008,7,0.015370341017842293,Cryptic,0.8268575668334961,0.5442851185798645,227.6666717529297,1,3,5,2,0.6302504156904092,9.610385986906154,37.71778709433528,-2.4453217474746936,9.812420231510107,37.82370123927284,-2.657021345527118,20.42765184242962,20.41151823316241,0.016133609267207305,True,False,False
9tf5_chainB,3011,8,0.03459210321307182,Cryptic,0.8268575668334961,0.5440240502357483,683.0,1,3,5,2,0.6302504156904092,9.608349193440116,37.70598705689918,-2.462536381734047,9.812535365640112,37.814418997153176,-2.674173852183399,20.41940482075366,20.404296123195454,0.015108697558204653,True,False,False
9tf5_chainB,1006,9,0.014675297774374485,Cryptic,0.8268575668334961,0.5469262003898621,227.6666717529297,1,3,5,2,0.6302504156904092,9.608009276370424,37.70426627172015,-2.4650959158299726,9.812800123673583,37.81322024529419,-2.677011049775962,20.418228758866615,20.403251174511983,0.014977584354632256,True,False,False
9tf5_chainB,1007,10,0.011017490178346634,Cryptic,0.8268575668334961,0.5168114304542542,227.6666717529297,1,3,5,2,0.6302504156904092,9.610405905680125,37.72710878718686,-2.433543343330168,9.810222341573793,37.83071009816774,-2.6443254252506843,20.435104510467298,20.418140659190467,0.016963851276830866,True,False,False
9tf5_chainB,4009,11,0.008290189318358898,Allosteric,0.6729654669761658,0.5524832606315613,197.3333282470703,1,5,7,2,0.5800345609759423,29.886282342902327,41.91059930474471,2.283968268617079,29.70419997501066,42.14016254477451,2.402835529889233,23.387605042134396,23.548869181365774,-0.1612641392313776,False,False,False
9tf5_chainB,4001,12,0.03813833370804787,ActiveSite,0.8268575668334961,0.468295693397522,683.0,1,3,5,2,0.6302504156904092,9.605935218333736,37.713506046458015,-2.4558199475595126,9.81296645202695,37.82236935579482,-2.670970620475657,20.4268240530838,20.41060570559442,0.016218347489378004,True,False,False
9tf5_chainC,7,1,0.0,Unknown,0.4207916855812073,0.5453348755836487,58.0,1,5,7,2,0.5823431498679448,48.08858954153086,34.74882381367626,32.274253878942694,47.98013116281572,34.58112238148588,32.31151610955814,33.81786640802859,33.65687777693811,0.16098863109048267,True,False,False
9tf5_chainC,5,2,0.011020592413842678,Unknown,0.5486761927604675,0.5026320815086365,105.0,1,3,5,2,0.6254861849124317,36.567924256068736,30.128138441413146,25.78227529980754,36.507830957147426,30.155395625053355,26.102343281444828,20.60929617802947,20.678877815848686,-0.06958163781921556,False,False,False
9tf5_chainC,2,4,0.03407583385705948,ActiveSite,0.6816869974136353,0.501157283782959,506.0,1,6,8,2,0.5429043361752656,32.60220590947733,11.750128267353587,33.965784776470024,32.345496302042406,11.806719668663208,33.987344130989385,17.482309278507994,17.343602292411457,0.13870698609653687,True,False,False
9tf5_chainC,1012,5,0.013081826269626617,Cryptic,0.6816869974136353,0.6082605719566345,168.6666717529297,1,4,5,1,0.6136200102751729,36.24390031199363,12.707286821832918,34.04929846857493,36.39468837290512,12.888372360914355,33.94185023189997,19.636304151938198,19.635537941407655,0.0007662105305428213,True,False,False
9tf5_chainC,4010,6,0.008468758314847946,Allosteric,0.6816869974136353,0.5574660301208496,168.6666717529297,1,6,8,2,0.5429043361752656,32.56782261108104,11.735047807275736,33.98593627332739,32.30727462592254,11.793980233409082,34.00663595740914,17.48265086279952,17.34108551036701,0.14156535243251156,True,False,False
9tf5_chainC,4007,7,0.017242470756173134,Allosteric,0.7749369144439697,0.5449244976043701,197.3333282470703,1,4,7,3,0.5088127867122383,45.325710680999016,16.15649250413776,30.06586311011948,45.133318990564746,16.248867399087764,29.722909861409608,24.633707576312567,24.321278074956403,0.31242950135616354,True,False,False
9tf5_chainC,1011,8,0.012390214949846268,Cryptic,0.6816869974136353,0.5487498044967651,168.6666717529297,1,3,5,2,0.6044509188525184,38.323720138978096,14.684764392765079,33.812842963164904,38.82335910054865,15.019461669156716,33.59475702798816,20.751296302292708,20.970115757973865,-0.21881945568115668,False,False,False
9tf5_chainC,4009,9,0.014995844103395939,Allosteric,0.7749369144439697,0.5251152515411377,197.3333282470703,1,3,5,2,0.6044509188525184,38.410283224247785,14.737381042715588,33.88745267655919,38.8457781729121,15.029366031739551,33.68555255733265,20.862418639039248,21.045381809504384,-0.18296317046513622,False,False,False
9tf5_chainC,4009,9,0.014995844103395939,Allosteric,0.7749369144439697,0.5251152515411377,197.3333282470703,2,4,8,4,0.5088127867122383,45.32807338945139,16.15722731468335,30.06810230895724,45.03352044171602,16.256441450469648,29.956620622745422,24.63678268173219,24.323661200894154,0.3131214808380349,True,False,False
9tf5_chainC,1008,10,0.013765021227300167,Cryptic,0.7749369144439697,0.5340790152549744,197.3333282470703,1,4,7,3,0.5088127867122383,45.356421071323616,16.10463153308149,30.00443922536332,45.21533131411351,16.175538405364787,29.761151287462518,24.636486754508937,24.410733973761534,0.22575278074740268,True,False,False
9tf5_chainC,4001,11,0.01595194637775421,Unknown,0.5419000387191772,0.5522380471229553,137.0,1,3,7,4,0.6742537963313415,31.06333700863205,25.087838387198545,28.150351875921736,31.041444425876435,24.55436381785182,28.329428931263855,14.761319766318444,14.52304680556613,0.23827296075231352,True,False,False
9tf5_chainC,4003,12,0.0,Unknown,0.4840813875198364,0.5699247121810913,53.0,1,4,5,1,0.683810105726557,29.716282305563656,23.246281781336442,27.797977825768886,29.709816817538123,23.05944714179124,27.810046528458773,12.704163170478871,12.600653395899785,0.10350977457908606,True,False,False
9tf5_chainC,4004,13,0.05282776057720184,ActiveSite,0.7749369144439697,0.48184236884117126,592.0,1,4,7,3,0.5088127867122383,45.32615315717278,16.15671809448967,30.066326282042883,45.133888141580826,16.248980746932407,29.72364006653145,24.6343021837435,24.322091527922172,0.31221065582132823,True,False,False
9tf5_chainC,4000,14,0.0,Unknown,0.0,0.5544225573539734,56.0,1,4,8,4,0.5624179099835256,22.746778440411873,13.564553426575959,30.2518356896411,22.95770684342573,13.493977648607759,30.408163420049554,10.423339738160408,10.592465671255164,-0.16912593309475632,False,False,False
9u5b_chainA,509,2,0.02299337089061737,Cryptic,0.8153330683708191,0.5019065737724304,240.0,1,4,6,2,0.6524077943883448,23.158500201278148,-2.5485967140127737,8.41945765788098,23.4613536555307,-2.5504463177126975,8.72615367662464,11.661677135913669,11.717092384111972,-0.05541524819830279,False,False,False
9u5b_chainA,1515,12,0.012180141173303127,Cryptic,0.646817147731781,0.6611425876617432,264.6666564941406,1,3,3,0,0.7966243539387581,-2.1657186655460436,4.488166946268645,30.98471203396162,-2.1657186655460436,4.488166946268645,30.98471203396162,23.013006772054304,23.013006772054304,0.0,False,False,False
9u5b_chainA,1511,13,0.023778120055794716,Cryptic,0.757012128829956,0.6664085984230042,188.3333282470703,1,3,5,2,0.5916786381162832,19.982509052774336,-1.588197541902102,8.000009550788238,19.931316909245613,-1.8707274794140043,8.220003816849598,9.559873592721974,9.409693437920856,0.15018015480111835,True,False,False
9u5b_chainA,1511,13,0.023778120055794716,Cryptic,0.757012128829956,0.6664085984230042,188.3333282470703,2,3,6,3,0.7278210972890897,11.367184089230658,4.331542055539359,4.538003024184161,11.125377978005346,3.948449198626773,4.45682365553909,12.090947031458802,12.09243032299084,-0.001483291532037967,False,False,False
9u5b_chainA,4514,14,0.0077459742315113544,Cryptic,0.646817147731781,0.5669941306114197,264.6666564941406,1,3,3,0,0.7966243539387581,-2.159966322625089,4.486825724734836,30.989373048522253,-2.159966322625089,4.486825724734836,30.989373048522253,23.011796341311808,23.011796341311808,0.0,False,False,False
9u5b_chainA,4000,15,0.03561600297689438,ActiveSite,0.646817147731781,0.5566920638084412,794.0,1,3,3,0,0.7966243539387581,-2.195456824791498,4.479140396030482,30.938359236751836,-2.195456824791498,4.479140396030482,30.938359236751836,23.00119995996002,23.00119995996002,0.0,False,False,False
9upz_chainA,504,3,0.0,Cryptic,0.5905434489250183,0.6128786206245422,162.0,1,3,6,3,0.7158680682254099,38.41073935334351,-1.7211497056237224,1.5257190036726256,38.56896183211799,-1.428409312972065,1.8532397868111614,5.558544827635228,5.530376159673808,0.02816866796142037,True,False,False
9upz_chainA,505,4,0.033740442246198654,Cryptic,0.7721987962722778,0.5342694520950317,660.0,1,3,5,2,0.7003603725774374,25.595539475131446,1.3625150836294146,-2.5558676475853317,25.798637861436116,1.2011977657117114,-2.4135077051432225,14.14792799126442,13.857799897598762,0.2901280936656576,True,False,False
9xj0_chainA,1,2,0.011344855651259422,Cryptic,0.680921733379364,0.5335489511489868,264.0,1,4,6,2,0.4414661960804413,15.825115876104892,-16.646558787006228,-7.868635080233528,15.589248053736966,-16.624654280540703,-7.8616862721696,8.00672246025236,7.906421202185068,0.10030125806729284,True,False,False
9xj0_chainA,2,4,0.0,Unknown,0.43870633840560913,0.49606773257255554,62.0,1,5,10,5,0.556592378861051,18.96003247717618,-8.573262421354448,-26.171525614078433,19.23446848597026,-8.579249177724376,-25.850241124791896,14.353957289981606,14.221263351659085,0.13269393832252163,True,False,False
9xj0_chainA,3006,11,0.0,Cryptic,0.680921733379364,0.5676384568214417,264.0,1,3,5,2,0.7957022155535538,12.976162840771247,-17.81051994328323,-1.01602944908307,13.115583766289566,-17.83024701481977,-1.398012272723357,14.089947017865976,13.737714416433299,0.3522326014326769,True,False,False
9xj0_chainA,3006,11,0.0,Cryptic,0.680921733379364,0.5676384568214417,264.0,2,4,6,2,0.4414661960804413,15.841095315025886,-16.51239451226979,-8.043987486252364,15.689544826784799,-16.508063163162408,-8.027569102719633,7.820408622038135,7.767001217993908,0.05340740404422739,True,False,False
9xj0_chainB,5,3,0.0,Unknown,0.4404709041118622,0.5044371485710144,57.0,1,3,6,3,0.7057886643725422,36.15719016497779,-18.706381693725938,-27.698210573672167,35.991019570106,-19.214079901325732,-27.178163103372867,15.953641144752066,15.618839965908217,0.33480117884384875,True,False,False
9xj0_chainB,1,6,0.004605331923812628,Unknown,0.5205138921737671,0.4756215810775757,72.0,1,3,7,4,0.5922511020810427,32.79240780663272,-25.293773740331584,-21.61603409240802,33.00473706811857,-25.968984060779746,-21.160229587472735,15.51596030898773,15.44001429826747,0.07594601072025853,True,False,False
9xj0_chainB,1,6,0.004605331923812628,Unknown,0.5205138921737671,0.4756215810775757,72.0,2,3,7,4,0.7226488412858285,31.412433351026362,-24.428514440463406,-17.563905504222944,31.228945746326158,-24.81074791500927,-17.300454046704008,14.93871868121711,15.196465731569225,-0.25774705035211376,False,False,False
9xj0_chainB,4004,11,0.010420440696179867,Cryptic,0.7889906764030457,0.6303220391273499,302.0,1,5,7,2,0.5609031378605269,40.413059118268784,-16.638598728685093,-9.777931138659321,40.45480442403057,-16.631823923963484,-9.71193544737057,6.770631856584153,6.790209274890118,-0.019577418305964933,False,False,False
9xji_chainA,8,1,0.0,Cryptic,0.6342151165008545,0.49465063214302063,387.0,1,3,5,2,0.7383602932259941,3.1789691586731315,20.320747462369713,-10.569783373625528,3.2937816409153062,20.35018089232574,-10.590938349640565,4.83271357574932,4.786590616450671,0.04612295929864896,True,True,True
9xji_chainA,3,4,0.011320661753416061,Unknown,0.4952906370162964,0.5124234557151794,115.0,1,3,5,2,0.6415202338976225,-5.622974301680807,17.61107465985632,-24.602479805926123,-5.469168300199901,18.088342922476972,-24.88937315198707,15.321548470536639,15.427760177373322,-0.10621170683668346,False,False,False
9xji_chainA,508,6,0.045501191169023514,Cryptic,0.7508273720741272,0.47069427371025085,275.0,1,5,6,1,0.5583676768416727,4.835395815532684,20.210051048904628,-8.208577455358588,4.974235094232295,20.167197870514542,-8.233739696312476,6.289645343774724,6.2397933060409665,0.049852037733757903,True,False,False
9xji_chainA,2,8,0.013404827564954758,Unknown,0.5805571675300598,0.47223320603370667,95.0,1,4,6,2,0.5387877506622928,-8.33491741147319,22.59430819202362,-19.135036840405483,-8.450715263508213,22.528592979998013,-19.16118277932614,15.487206028157052,15.576679054478861,-0.08947302632180865,False,False,False
9xji_chainA,4002,10,0.013602414168417454,Unknown,0.5805571675300598,0.47733166813850403,95.0,1,3,7,4,0.5523386167039592,-9.507986241748034,22.3099926419294,-17.386769323075185,-9.309041013875692,22.427386560162432,-17.052429055179935,15.968180189120158,15.748975413641778,0.2192047754783797,True,False,False
9xji_chainB,508,2,0.028014516457915306,Cryptic,0.6534326672554016,0.4681542217731476,167.0,1,3,5,2,0.5634128360443316,-8.157284630143073,44.89598079552394,-2.861933963113115,-8.099066995550594,44.70053720985619,-3.5136454242313246,11.659704952809468,11.081402680933747,0.5783022718757209,True,False,False
9xji_chainB,6,3,0.06011609733104706,Cryptic,0.683834433555603,0.4944288432598114,207.0,1,5,9,4,0.5157866939007093,9.274621709692031,44.26571215609964,-11.737645928682532,9.439194289161494,44.047111973395424,-11.47859077067234,15.12260407932389,15.368169626188775,-0.24556554686488496,False,False,False
9xji_chainB,5,4,0.0048365783877670765,Unknown,0.46596989035606384,0.507146418094635,92.0,1,3,6,3,0.702139880501826,4.241964686934167,45.690185467486906,-25.62314454594312,4.851631927693236,45.461519983699716,-25.099279127730405,15.284721030420494,15.314088388200027,-0.02936735777953281,False,False,False
9xji_chainB,4,7,0.0,Unknown,0.46683645248413086,0.5399752259254456,65.0,1,4,6,2,0.6547090795523564,3.64480580493987,54.438566769330215,-23.862924133635847,3.5692752995068426,54.47884304371392,-23.881134614935565,15.100869308621924,15.086630341754198,0.014238966867726077,True,False,False
9xji_chainB,4508,8,0.018378278240561485,Cryptic,0.6534326672554016,0.5277954936027527,167.0,1,3,4,1,0.5634128360443316,-8.179378539417632,44.882804089127,-2.770035672257477,-8.171572688466899,44.93746788893411,-3.0615792877660195,11.754724478604803,11.465616696862181,0.2891077817426222,True,False,False
9xji_chainB,4507,12,0.02892894856631756,Cryptic,0.7604807615280151,0.5450688600540161,207.0,1,3,5,2,0.6315899572876427,1.5643944677902364,54.52410798834463,-20.144747455301804,1.8558605693206538,54.72807383440697,-20.510024760005077,11.645059093248868,12.137654945098129,-0.492595851849261,False,False,False
9yc2_chainA,2,4,0.05745885521173477,Unknown,0.7025220990180969,0.49163296818733215,148.0,1,3,8,5,0.6248600517132568,16.868619506160975,13.795038316288453,43.79251263862729,16.66349020239886,14.34193195886675,43.396201698731794,25.877482369205605,25.179910319059545,0.6975720501460607,True,False,False
9yc2_chainA,2,4,0.05745885521173477,Unknown,0.7025220990180969,0.49163296818733215,148.0,2,3,8,5,0.804264878005873,14.1551395568629,15.360898517178887,43.783376028637974,13.92464486929435,15.354471634033077,43.96381759934442,24.361965608900952,24.473629423472865,-0.11166381457191221,False,False,False
9yc2_chainA,4002,6,0.08486423641443253,Unknown,0.7025220990180969,0.5474435687065125,148.0,1,3,8,5,0.804264878005873,14.144627661791148,15.377926807177538,43.79021154946259,13.91031100173379,15.367607045450468,43.97361386316069,24.35384011427759,24.470191895853947,-0.1163517815763555,False,False,False
9yg3_chainB,511,2,0.017173171043395996,Cryptic,0.6511337757110596,0.45773598551750183,106.0,1,3,5,2,0.7997801265638971,-17.169050640626935,41.61242854923444,73.76027936686526,-16.86164876776305,41.854574840893825,74.00871687104956,34.45554315593942,34.04546535842944,0.4100777975099774,True,False,False
9yg3_chainB,2,3,0.023323576897382736,Unknown,0.6392613053321838,0.4750676155090332,106.0,1,3,6,3,0.6004855778805462,-10.251370142256562,41.352132655967836,78.7111413883406,-10.638301790139435,41.87051901038919,78.16174973239791,26.246943463669172,26.72658732140468,-0.4796438577355069,False,False,False
9yg3_chainB,1513,9,0.03490108251571655,Cryptic,0.7236047983169556,0.6214503645896912,361.3333435058594,1,4,6,2,0.44141887006656483,0.4610189972767754,48.45464265567013,84.44172897562675,0.640565147822687,48.40313675051949,84.1681337091731,14.106889505516808,14.010101178935928,0.09678832658087977,True,False,False
9yg3_chainB,3516,11,0.0730336606502533,Cryptic,0.7236047983169556,0.6449509859085083,1084.0,1,4,4,0,0.5553634335538498,6.976448999570956,51.359433245626285,83.57136480175924,6.976448999570956,51.359433245626285,83.57136480175924,10.030768530836141,10.030768530836141,0.0,False,False,False
9yg3_chainB,1512,12,0.0,Cryptic,0.7236047983169556,0.7038214802742004,361.3333435058594,1,4,4,0,0.5553634335538498,6.979390334130199,51.40742882580846,83.63151742807892,6.979390334130199,51.40742882580846,83.63151742807892,10.02647713138981,10.02647713138981,0.0,False,False,False
9yg3_chainB,4514,13,0.01350223645567894,Cryptic,0.7236047983169556,0.7975607514381409,361.3333435058594,1,4,4,0,0.5553634335538498,6.978452865838167,51.3977459741609,83.62891727173685,6.978452865838167,51.3977459741609,83.62891727173685,10.022918335278952,10.022918335278952,0.0,False,False,False
9yg3_chainB,1514,15,0.004929841961711645,Cryptic,0.7236047983169556,0.7820496559143066,361.3333435058594,1,4,4,0,0.5553634335538498,6.974159079121779,51.3515212465548,83.61147253879217,6.974159079121779,51.3515212465548,83.61147253879217,10.00837030604031,10.00837030604031,0.0,False,False,False
9yg3_chainB,4002,19,0.018370872363448143,Unknown,0.6392613053321838,0.523337721824646,106.0,1,3,4,1,0.7997801265638971,-17.08082508519916,41.64675320646368,73.81301024424285,-16.99401167172098,42.00273095912154,73.96114903566773,34.34983204381071,34.16789725423434,0.181934789576367,True,False,False
9znb_chainA,1,1,0.0036948216147720814,Cryptic,0.8376315832138062,0.6951830387115479,205.0,1,4,4,0,0.5753482540892139,-29.266677397357814,31.05996030819009,48.59391321855745,-29.266677397357814,31.05996030819009,48.59391321855745,5.640247313132435,5.640247313132435,0.0,False,False,False
9znb_chainA,0,6,0.08654846996068954,ActiveSite,0.7407565712928772,0.4980602562427521,1018.0,1,5,7,2,0.6278812086830378,-22.24030437224168,16.58715842776219,34.01009858908297,-22.310705298949433,16.622373169820772,33.959259568416,23.459083939358248,23.436722405885227,0.0223615334730205,True,False,False
9znb_chainA,4,7,0.018298272043466568,Cryptic,0.7692350745201111,0.5603508353233337,221.0,1,3,4,1,0.862573607193915,-17.313209385790493,15.737617399919795,17.44851310344174,-17.495553185684912,15.635036653924272,17.628832668560438,38.77452249210131,38.581006015871374,0.19351647622993795,True,False,False
9znb_chainA,4,7,0.018298272043466568,Cryptic,0.7692350745201111,0.5603508353233337,221.0,2,3,5,2,0.6585119050939542,-12.653781877845478,4.451266075123124,23.525989142173056,-12.545391174873332,4.366248507835562,23.543005539221106,42.032237759160594,42.128524364328385,-0.09628660516779064,False,False,False
9znb_chainA,1509,8,0.01539106946438551,Cryptic,0.7407565712928772,0.8150730729103088,339.3333435058594,1,4,7,3,0.6882122625935926,-21.875975525180422,15.187720746162146,35.16894790324391,-22.032699240164327,15.194649439767774,35.07306209658739,23.716417888351735,23.686948680029534,0.029469208322201013,True,False,False
9znb_chainA,1508,9,0.022875498980283737,Cryptic,0.7407565712928772,0.6795344948768616,339.3333435058594,1,4,7,3,0.6882122625935926,-21.849609028271544,15.14700407823837,35.2115686192319,-22.00620298155205,15.156172117542985,35.114633008202134,23.729122443040964,23.698679821321917,0.03044262171904677,True,False,False
9znb_chainA,1507,10,0.01170266605913639,Cryptic,0.7407565712928772,0.5616961717605591,339.3333435058594,1,5,7,2,0.6278812086830379,-22.224227769052757,16.568589925615875,34.03107336258376,-22.29480092515346,16.60442022676451,33.97967174602982,23.46378414639272,23.441253823291074,0.02253032310164471,True,False,False
9znb_chainA,4508,11,0.020523283630609512,Cryptic,0.7407565712928772,0.6577775478363037,339.3333435058594,1,5,7,2,0.6278812086830378,-22.224988509257646,16.567835710676153,34.03125668921778,-22.2954375655649,16.60364300566715,33.979912212837895,23.463672473628172,23.441182394223134,0.022490079405038443,True,False,False
9znb_chainA,1512,14,0.001372895436361432,Cryptic,0.7622089982032776,1.0,197.0,1,3,4,1,0.6980219059462129,-18.481765879072473,24.093580053172875,40.81130506660714,-18.5718513275304,24.17180429462406,40.88863795716184,18.955967818296646,18.8231326245999,0.1328351936967458,True,False,False
9znb_chainA,4512,15,0.0018732218304648995,Allosteric,0.7622089982032776,0.9172373414039612,197.0,1,4,6,2,0.5543587151400194,-17.694030560575,23.30558209001489,40.3588431806584,-17.68357531616308,23.41120009678496,40.40630209123014,20.051177710658298,20.00735381648938,0.04382389416891641,True,False,False
9znb_chainA,3514,16,0.0075246794149279594,Cryptic,0.7692350745201111,0.643610417842865,221.0,1,3,6,3,0.7791591906266998,-8.641962843324508,5.493903837734844,22.403351770374847,-8.567341029958804,5.11283353451729,22.231141484613488,44.353693911416,44.70713778695694,-0.3534438755409397,False,False,False
