target,site_id,site_rank,site_rank_score,site_classification,site_druggability,site_uv_enrichment_score,site_volume,cluster_id,n_residues,centroid_x,centroid_y,centroid_z,mean_radius,max_radius,max_diameter,mean_pair_dist,edge_density,mean_degree,min_degree,mean_cosine,frac_negative_cos,lag_std,lag_mean,mean_lag_diff,mean_corr_diff,mean_lag_corr,mean_local_cov,mean_active_causal_steps,mean_kcc_score,mean_motion_efficiency,mean_direction_score,mean_burst_motion,mean_vector_norm,nearest_outside_dist,separation_ratio,cluster_score,gt_dcc,good_dcc_2,good_dcc_3,good_dcc_5
9ig2_chainA,5,4,0.005324935540556908,Unknown,0.5539416074752808,0.848883867263794,135.0,1,3,-9.684824918879416,17.999745311531406,14.446813987367975,2.780912799374263,2.9387008204894727,5.336036019070282,4.720189347147237,1.0,2.0,2.0,0.2471341884347481,0.3333333333333333,8.16496580927726,-20.0,13.333333333333334,0.074799378712972,0.8947393695513407,0.6688992977142334,1970.0,0.3862740198771159,0.000494678815205892,0.0004385470723112424,0.9046019117037455,0.015284913876437286,3.849630712752571,1.3843047195218712,0.6894810296899472,17.12086453001133,False,False,False
9ig2_chainA,515,6,0.0033917324617505074,Cryptic,0.647803783416748,0.8095075488090515,148.0,1,5,-16.78994062093737,20.038971366059528,43.56987129144262,4.236284430845629,8.707095260044017,10.369512348323568,6.069636951191063,0.4,1.6,1.0,-0.07085644158967755,0.6,12.649110640673518,30.0,16.0,0.0903420090675354,0.7372294664382935,0.2677881747484207,5249.2,0.4343536078929901,0.0004962563514709472,0.0007359086419455707,1.083331787586212,0.013833380574977594,3.8623249899774694,0.9117246617943661,0.4857670860184849,29.468350580799886,False,False,False
9ig2_chainA,6,17,0.0014251668471843004,Unknown,0.4687826633453369,1.0,88.0,1,3,-9.594242769908876,18.267558761039236,14.237999457939614,2.7327191668660684,3.20510922922552,5.336036019070282,4.720189347147237,1.0,2.0,2.0,0.2471341884347481,0.3333333333333333,8.16496580927726,-20.0,13.333333333333334,0.074799378712972,0.8947393695513407,0.6688992977142334,1970.0,0.3862740198771159,0.000494678815205892,0.0004385470723112424,0.9046019117037455,0.015284913876437286,3.8621293319415995,1.413291705481306,0.69102558614536,17.235829043146545,False,False,False
9ig2_chainA,6,17,0.0014251668471843004,Unknown,0.4687826633453369,1.0,88.0,2,3,-2.5582175241156655,20.699452941701427,12.769259681891523,3.6495774842299498,5.304768707507501,8.49088663091021,5.931047894831508,0.6666666666666666,1.3333333333333333,1.0,0.07045329661230455,0.6666666666666666,0.0,30.0,0.0,0.3325066963831584,0.7120770215988159,0.26668594280878705,4280.0,0.3958492974440257,0.00048810243606567383,0.0006319327027692149,0.9905287027359009,0.01520146638512968,3.8853393852315636,1.0645997795691025,0.6858576698302603,14.659907831282148,False,False,False
9ig2_chainA,4523,19,0.03213292360305786,ActiveSite,0.6531283855438232,0.7885010838508606,637.0,1,9,-2.5400720854786614,7.257184479040232,20.348397946551106,4.976006139790913,7.943851835850844,14.794871526307915,7.362391500610215,0.3333333333333333,2.6666666666666665,1.0,-0.0445536938710277,0.4722222222222222,11.889408088351498,30.555555555555557,14.722222222222221,0.14818337890836927,0.8307429684533013,0.378847148683336,2760.6666666666665,0.39603908856709796,0.0004566775427924262,0.0005918866372667253,1.04587721824646,0.01299737196726117,3.8583053528903277,0.7753819518101419,0.4667640368984761,9.610677429523722,False,False,False
9ig2_chainA,1523,20,0.03225570172071457,Cryptic,0.6531283855438232,0.800568163394928,637.0,1,3,-12.411981026763252,1.8072858246479955,32.58043480561018,4.157995481057032,7.0666089899653235,9.50918675317321,7.352941592149453,0.6666666666666666,1.3333333333333333,1.0,-0.10522718370644295,0.6666666666666666,4.714045207910317,36.666666666666664,6.666666666666667,0.18057123819986978,0.7683303753534952,0.45752692222595215,3658.3333333333335,0.3938509424527486,0.0004656513532002767,0.0005040365504100919,0.9497170249621073,0.007954544619052801,5.076519771619257,1.2209055528672004,0.5822399874739186,21.97650569949166,False,False,False
9ig2_chainA,4001,21,0.06936030834913254,ActiveSite,0.6531283855438232,0.7260258793830872,1911.0,1,5,-3.3050466591759915,7.26085108620484,18.621477233202423,5.433916313628925,8.880323873998012,14.794871526307915,8.445885310255079,0.4,1.6,1.0,-0.16514737899687665,0.6,13.92838827718412,29.0,19.0,0.18668088912963868,0.8521414756774902,0.34894788861274717,2336.8,0.38757563233375547,0.00045609474182128906,0.00047886461834423244,0.9845659017562867,0.012911988567467971,3.8583053528903277,0.7100413643127385,0.4006981892535339,10.839706589723331,False,False,False
9ig2_chainA,4004,29,0.025832701474428177,ActiveSite,0.6593725681304932,0.8579251766204834,1085.0,1,4,-0.006647285030011958,20.814484670961505,24.916957305375,3.637281868760147,5.1234563173970225,8.512244191746477,5.924837481148863,0.8333333333333334,2.5,2.0,0.443646434651277,0.16666666666666666,10.307764064044152,37.5,15.0,0.11828319231669109,0.8628936409950256,0.24796590395271778,2899.0,0.4044530689716339,0.00048647820949554443,0.0007620070391567424,0.9676978886127472,0.01353822749728241,5.542734540770329,1.5238672010480454,0.6969554391231807,8.442537906195653,False,False,False
9ig2_chainA,4515,38,0.0025298779364675283,Cryptic,0.647803783416748,0.8920257091522217,148.0,1,6,-16.823437726880574,25.32397961752942,40.93854518150648,4.534381827877178,7.971388822164083,14.065749685681228,6.971735899979227,0.4,2.0,1.0,-0.05247060338836341,0.5333333333333333,11.696390706348499,30.833333333333332,14.333333333333334,0.12379318078358968,0.7645325859387716,0.24658953646818796,5354.5,0.44515950481096905,0.0004954238732655843,0.0007058888780496394,1.0826346377531688,0.01272060634142298,3.855477158354722,0.8502762459595747,0.4808651996311617,29.48964678344918,False,False,False
9ig2_chainB,7,1,0.020245607942342758,Allosteric,0.7401458024978638,0.7277721762657166,164.0,1,7,3.5566523678799906,9.246160203005292,82.41097803960938,4.586919357127546,6.841493624957677,12.153985573118357,6.743648848058295,0.5238095238095238,3.142857142857143,1.0,-0.019862057073997096,0.5238095238095238,7.889543583705186,23.571428571428573,10.0,0.09211345513661702,0.8824487583977836,0.37621107910360607,1997.4285714285713,0.3852119871548244,0.0004951783588954381,0.0005542786883389843,0.9332341040883746,0.012872940024803211,3.8559498594881836,0.8406404297246866,0.5395459905279787,19.44359119154891,False,False,False
9ig2_chainB,522,2,0.008245507255196571,Cryptic,0.8051583766937256,0.7481279373168945,218.0,1,4,-5.0486682077083795,13.896176017020297,68.45460167610965,5.081033825257106,7.096665719971386,12.624742052316087,8.29415236348402,0.5,1.5,1.0,0.5045108941062377,0.0,5.448623679425842,16.25,7.5,0.16292614738146463,0.6461738795042038,0.2979695163667202,5255.75,0.39443495124578476,0.0004908591508865356,0.0003079226989939343,0.8936610072851181,0.013338257727021295,3.8276955408751463,0.753330064808506,0.6941108882556779,16.818815031797136,False,False,False
9ig2_chainB,521,3,0.020790228620171547,Cryptic,0.7228531837463379,0.7728230357170105,215.0,1,4,31.852662953572093,7.995913456747687,45.71177256160355,5.312342084785827,8.532359077888046,11.923698326117286,7.63049034604584,0.5,1.5,1.0,0.5241022816826393,0.0,22.360679774997898,0.0,33.333333333333336,0.0968863566716512,0.820432722568512,0.313831502571702,4831.25,0.4537137597799301,0.00047776103019714355,0.0005267049782560207,1.1631715148687363,0.014135283143928676,3.843391050935049,0.7234833505813283,0.5795698522505953,29.082231630003257,False,False,False
9ig2_chainB,521,3,0.020790228620171547,Cryptic,0.7228531837463379,0.7728230357170105,215.0,2,3,33.32993640424344,8.247004180145854,54.52770239680123,3.9049495600393747,6.598991287494936,8.786725866895013,6.422754893524203,1.0,2.0,2.0,0.5562305537340946,0.0,2.3570226039551585,-28.333333333333332,3.3333333333333335,0.11961042881011963,0.7971506118774414,0.37224138776461285,4553.333333333333,0.4302406410376231,0.0004779497782389323,0.00041229658139248687,1.02195143699646,0.009586027115813701,3.8393641900763216,0.9832045538733177,0.8018404757677735,25.194878628737296,False,False,False
9ig2_chainB,519,5,0.007274954579770565,Cryptic,0.6794591546058655,0.870921790599823,184.0,1,3,27.04936156875674,30.26665924686405,48.06985277506451,4.740580614789117,7.586202006018145,10.883668808798491,7.4705173778002765,0.6666666666666666,1.3333333333333333,1.0,0.4680477613095045,0.0,8.498365855987974,33.333333333333336,13.333333333333334,0.10799622535705566,0.6496186256408691,0.3642290234565735,5930.333333333333,0.4180781642595927,0.0004976590474446615,0.0007759147168447574,0.9733372131983439,0.020082364781668645,3.837342870265273,0.8094668527087111,0.6662087293887935,28.17367645117838,False,False,False
9ig2_chainB,17,6,0.007705381605774164,Cryptic,0.6753491163253784,1.0,253.0,1,4,28.0408658497863,31.157454188685485,47.09833440074048,4.62409919025184,6.170827711972182,10.61173926734727,7.227084890290911,0.5,1.5,1.0,-0.16363750109155537,0.5,7.5,32.5,10.0,0.12924264868100485,0.7479040175676346,0.30042240768671036,4308.25,0.41001326590776443,0.0004974007606506348,0.0008747845131438226,1.028538390994072,0.020151838151753827,3.8550827565588253,0.8336937850913332,0.5071852239417363,29.820262085199875,False,False,False
9ig2_chainB,520,8,0.0,Cryptic,0.5838870406150818,0.7436869740486145,64.0,1,4,31.557796899037246,11.853259209403653,58.30662857587056,3.5565215940174744,5.330418031898652,9.980464687080246,5.909513342192845,0.6666666666666666,2.0,1.0,0.23390607539605512,0.3333333333333333,7.905694150420948,35.0,11.666666666666666,0.04156789183616638,0.7540769428014755,0.3277412410825491,5785.0,0.453494556248188,0.0004889369010925293,0.0006555088039021939,1.0920833349227905,0.013599548645840048,3.8393641900763216,1.0795278725523907,0.6394722771324143,21.459022489241597,False,False,False
9ig2_chainB,520,8,0.0,Cryptic,0.5838870406150818,0.7436869740486145,64.0,2,3,33.18840596018063,8.727123804277612,58.96810179968959,3.718500901924362,4.929111075335655,8.505612523741757,6.18709801682911,0.6666666666666666,1.3333333333333333,1.0,0.37217167410123864,0.0,10.274023338281626,-38.333333333333336,16.666666666666668,0.15559653441111246,0.792474607626597,0.5778181552886963,3808.6666666666665,0.4007599850495656,0.0004857977231343587,0.0005405905152050158,0.8827890555063883,0.01791002958771163,3.8393641900763216,1.0325032294840675,0.649172327096073,23.359638300972243,False,False,False
9ig2_chainB,19,10,0.0,Unknown,0.5780856013298035,0.8005380630493164,64.0,1,3,32.63179007407913,8.88379617662889,58.568779247402055,3.5904307363906534,4.4602486592045505,8.505612523741757,6.1870980168291085,0.6666666666666666,1.3333333333333333,1.0,0.3721716741012386,0.0,10.274023338281626,-38.333333333333336,16.666666666666668,0.15559653441111246,0.792474607626597,0.5778181552886963,3808.6666666666665,0.4007599850495656,0.0004857977231343587,0.0005405905152050158,0.8827890555063883,0.017910029587711627,3.8393641900763216,1.0693324762298333,0.6519368106406697,22.921239541478943,False,False,False
9ig2_chainB,19,10,0.0,Unknown,0.5780856013298035,0.8005380630493164,64.0,2,5,31.875648688317522,11.97976464090246,58.740113703374256,4.223752955714417,7.074031263276137,12.285803675975265,6.645634986761249,0.5,2.0,1.0,0.30291883113982293,0.3,7.3484692283495345,34.0,10.0,0.16689736843109132,0.6830986261367797,0.3517937108874321,6004.0,0.4367896020412445,0.0004882216453552246,0.0006136293290182948,1.0776239156723022,0.013184115310587444,3.8393641900763216,0.9089935491804636,0.6368594411990176,21.603398191697238,False,False,False
9ig2_chainB,525,17,0.0019176078494638205,Cryptic,0.4487433433532715,1.0,93.0,1,3,16.444181464071924,22.934651596756705,55.05605307206828,5.398854194180111,8.552225686865333,14.604989261893131,9.977661055219547,0.6666666666666666,1.3333333333333333,1.0,0.5240301774026866,0.0,4.08248290463863,25.0,6.666666666666667,0.13734273115793863,0.8258271416028341,0.28298644721508026,2988.3333333333335,0.39431388179461163,0.0004781484603881836,0.0006423152711552879,0.9503973325093588,0.008592875725475325,3.842143343825235,0.7116590309045596,0.703660933181522,14.290985561698944,False,False,False
9ig2_chainB,1527,21,0.009418183006346226,Cryptic,0.7413843870162964,1.0,289.6666564941406,1,4,20.960962074480165,2.9626195233553414,40.46110017004045,3.754269716639806,4.6567026876328415,8.51845185112356,6.113413975624479,0.6666666666666666,2.0,1.0,-0.030259502717184653,0.5,0.0,30.0,0.0,0.17793169617652893,0.8478635102510452,0.3686014972627163,3107.0,0.40849774330854416,0.00048686563968658447,0.0006266045347729232,1.01680289208889,0.01641167044532054,3.845587272026193,1.0243236534076512,0.656937319369085,29.085766534284534,False,False,False
9ig2_chainB,4009,22,0.04788060858845711,ActiveSite,0.7847995162010193,0.6558361053466797,522.0,1,3,21.21353760020889,9.961883836326136,76.03979287847396,3.4557391801377655,5.195007454261818,5.8690946915995195,4.950128860039466,0.6666666666666666,1.3333333333333333,1.0,0.5085074711553207,0.0,10.274023338281626,28.333333333333332,16.666666666666668,0.020052154858907063,0.8364509344100952,0.10885780180493991,4028.3333333333335,0.4217950602372487,0.000490864117940267,0.0006048759484353164,0.9154199361801147,0.008631633372199068,4.806091667410871,1.3907564827329568,0.7109173973253362,15.070836632288586,False,False,False
9ig2_chainB,4528,23,0.015344182960689068,Cryptic,0.7413843870162964,1.0,289.6666564941406,1,5,21.124482547663874,2.806373781450849,41.83809775969992,5.064004925349593,9.2962046584153,14.141967653697781,8.059030681342168,0.5,2.0,1.0,-0.14165972103072,0.5,0.0,30.0,0.0,0.1547896146774292,0.8460860967636108,0.3784199386835098,3065.8,0.40458089113235474,0.00046731233596801757,0.0005895548238186166,0.986214280128479,0.014818372999421806,3.8337237781308806,0.7570537222307737,0.5704071754992711,28.03253088957525,False,False,False
9ig2_chainB,1532,26,0.01622464507818222,Cryptic,0.7847995162010193,0.9540567994117737,174.0,1,5,20.36429828582658,8.84051547256191,70.47179237251528,4.412497396844119,6.834192505612849,13.291913982324871,7.0382810847791175,0.4,1.6,1.0,0.3941354431164207,0.1,14.966629547095765,29.0,21.0,0.012753736972808839,0.8345697522163391,0.13877418115735055,3782.8,0.41540742516517637,0.0004919052124023437,0.0006448794505558908,0.9214057803153992,0.010903955948693402,3.8524393881574786,0.8730745973726349,0.5649600661503548,11.64759972601228,False,False,False
9ig2_chainB,1532,26,0.01622464507818222,Cryptic,0.7847995162010193,0.9540567994117737,174.0,2,4,19.808140915229533,10.3981860223209,65.59089011392992,4.157135432465676,6.241526303447934,10.539012209708673,6.321178864902165,0.6666666666666666,2.0,1.0,0.15126455593721067,0.3333333333333333,10.0,-40.0,13.333333333333334,0.09300445516904195,0.883951798081398,0.4147022143006325,2012.0,0.3909110128879547,0.00045031309127807617,0.0006994204959482886,1.0162762552499771,0.01402179803929251,3.8524393881574786,0.9267052879902263,0.5833604492482776,9.259789219958732,False,False,False
9ig2_chainB,1533,27,0.016491899266839027,Cryptic,0.7847995162010193,0.6804891228675842,174.0,1,3,21.22298020639122,9.96943431361155,76.09946232040483,3.4727599397111955,5.251756946925521,5.8690946915995195,4.950128860039466,0.6666666666666666,1.3333333333333333,1.0,0.5085074711553207,0.0,10.274023338281626,28.333333333333332,16.666666666666668,0.020052154858907063,0.8364509344100952,0.10885780180493991,4028.3333333333335,0.4217950602372487,0.000490864117940267,0.0006048759484353164,0.9154199361801147,0.008631633372199068,5.657971479795747,1.6292434772402609,0.7186627146940319,15.116688564425377,False,False,False
9ig2_chainB,4534,28,0.013973666355013847,Allosteric,0.7847995162010193,0.9247615337371826,174.0,1,4,21.309618916288258,9.871572973660037,75.44698928539184,4.71499173332376,8.954112922622809,10.250414830016002,6.08247911057731,0.5,1.5,1.0,0.6425791476323565,0.0,11.92424001771182,23.75,17.5,0.015269428491592407,0.8355539888143539,0.1013093376532197,3539.25,0.4071217030286789,0.0004896968603134155,0.000647841181489639,0.8860562890768051,0.0122290809063676,15.668920242523727,3.323212664781952,0.7359111734517879,14.751796433572059,False,False,False
9ig2_chainB,4010,29,0.0506487675011158,ActiveSite,0.7413843870162964,0.8943548798561096,869.0,1,4,20.822563978192967,3.3211352066421522,40.68994950560512,3.8295117394664104,4.681623853553509,8.51845185112356,6.113413975624479,0.6666666666666666,2.0,1.0,-0.030259502717184656,0.5,0.0,30.0,0.0,0.17793169617652893,0.8478635102510452,0.3686014972627163,3107.0,0.40849774330854416,0.00048686563968658447,0.0006266045347729232,1.01680289208889,0.01641167044532054,3.8337237781308806,1.001099889215918,0.6552602896221079,28.70333827936883,False,False,False
9ig2_chainB,3540,30,0.06818269938230515,Cryptic,0.7847995162010193,0.9767225384712219,522.0,1,3,19.385045654793043,7.852279789077717,65.07083468456526,5.183591370297324,7.644853796815421,8.870442164219495,6.8672387937376485,0.6666666666666666,1.3333333333333333,1.0,-0.0300636079134541,0.3333333333333333,8.16496580927726,40.0,13.333333333333334,0.014640132586161295,0.8391569455464681,0.1593510868648688,3290.0,0.40759750207265216,0.0004920760790506998,0.0005067242115425566,0.9717026551564535,0.009260915333640542,3.8524393881574786,0.7431988968560436,0.5315798499495273,10.303697245013856,False,False,False
9ig2_chainB,1526,31,0.008475732058286667,Cryptic,0.7413843870162964,1.0,289.6666564941406,1,4,20.959717361045943,2.964791516545403,40.46186303064007,3.7546338117306597,4.656413855279242,8.51845185112356,6.113413975624479,0.6666666666666666,2.0,1.0,-0.030259502717184656,0.5,0.0,30.0,0.0,0.17793169617652893,0.8478635102510452,0.3686014972627163,3107.0,0.40849774330854416,0.00048686563968658447,0.0006266045347729232,1.01680289208889,0.01641167044532054,3.8337237781308806,1.021064628500686,0.6568243160644291,29.08384738581705,False,False,False
9ig2_chainB,3538,33,0.037578318268060684,Cryptic,0.7413843870162964,1.0,869.0,1,4,20.95883290435335,2.967989214794688,40.46474923980681,3.7552446137917586,4.654309038844686,8.51845185112356,6.113413975624479,0.6666666666666666,2.0,1.0,-0.030259502717184656,0.5,0.0,30.0,0.0,0.17793169617652893,0.8478635102510452,0.3686014972627163,3107.0,0.40849774330854416,0.00048686563968658447,0.0006266045347729232,1.01680289208889,0.01641167044532054,3.8337237781308806,1.020898549205262,0.6568114504631819,29.079816484803978,False,False,False
9ig2_chainB,4521,36,0.020633261650800705,Cryptic,0.7228531837463379,0.8582187294960022,215.0,1,3,31.86013036133403,7.487320091721409,44.04061608109218,4.476339484445582,7.395055098011476,9.29322594876532,6.628113909440209,0.6666666666666666,1.3333333333333333,1.0,0.9355368852067674,0.0,16.32993161855452,-10.0,26.666666666666668,0.06971947352091472,0.8514460325241089,0.3786790023247401,4222.333333333333,0.44718430439631146,0.0004731615384419759,0.0005461222705586503,1.1588738560676575,0.013201886669786007,3.8942278030174426,0.8699581022728805,0.6339112090614776,30.358729290835758,False,False,False
9ig2_chainB,4007,41,0.011682379990816116,Allosteric,0.7401458024978638,0.8989976048469543,164.0,1,3,-0.7424922465281838,11.777279557992502,83.5916715464416,4.021428455544425,5.917880412756397,10.486406857467433,7.253753991963514,0.6666666666666666,1.3333333333333333,1.0,0.08084725994364268,0.3333333333333333,7.0710678118654755,40.0,10.0,0.09011471271514893,0.8941946228345236,0.5168260534604391,2181.3333333333335,0.3918334941069285,0.000494539737701416,0.00037498577148653567,0.9099844694137573,0.012583125379725245,5.595307482833918,1.3913731264122216,0.6112217157825156,22.05015214105088,False,False,False
9ig2_chainB,4519,42,0.00705250957980752,Cryptic,0.6794591546058655,0.8894567489624023,184.0,1,5,27.448534714425918,31.71031344289491,47.655538355026984,5.512924675479751,8.680809100077552,14.809537808554662,8.418386270940609,0.4,1.6,1.0,0.033120411697012034,0.4,7.3484692283495345,31.0,9.0,0.10417729616165161,0.6679133653640748,0.3499938726425171,5894.2,0.4183383882045746,0.0004962325096130371,0.0007444626651704311,0.9090609788894654,0.01657992154507491,3.87234206575713,0.7024115680340123,0.5287214953410284,29.472453070349214,False,False,False
9ig2_chainB,4525,44,0.0,Cryptic,0.4487433433532715,1.0,93.0,1,3,27.264186476521022,35.833855926064835,49.22554356841949,2.5473583319812563,2.942389773444128,5.503783638412468,4.422744585204964,0.6666666666666666,1.3333333333333333,1.0,0.006006342612507876,0.3333333333333333,2.3570226039551585,28.333333333333332,3.3333333333333335,0.10962049166361491,0.7144390940666199,0.3341807822386424,5781.0,0.43001802762349445,0.0004927913347880045,0.0007169828362142047,0.9188717206319174,0.013677750682256448,,,0.634522249230813,31.123172038727805,False,False,False
9nmx_chainA,1,2,0.0,Unknown,0.502488911151886,0.651981770992279,94.0,1,4,-65.48101247507955,16.624432127157224,-37.66859196069876,3.719112179776712,7.075483822575686,10.557518559945974,6.447998072994182,0.6666666666666666,2.0,1.0,-0.11720934383783549,0.6666666666666666,10.0,40.0,13.333333333333334,0.08002293109893799,0.8933886587619781,0.3130963146686554,1366.5,0.38146431744098663,0.00047035515308380127,0.0005080990231363103,1.0361210107803345,0.010637805783172168,12.491151662065805,3.358638045388496,0.5822617640908363,30.31795239430932,False,False,False
9nmx_chainA,7,4,0.0,Unknown,0.5165235996246338,0.6583465933799744,56.0,1,9,-36.92715608759568,4.3948731542856745,-5.890217567460179,6.465384511383716,10.733224341728079,17.835944994988015,9.51213787913554,0.2222222222222222,1.7777777777777777,1.0,-0.10469320061372106,0.5555555555555556,10.829771494232181,32.77777777777778,13.333333333333334,0.07237703270382351,0.8858842849731445,0.4032071977853775,2305.777777777778,0.4077439804871877,0.0004419154591030545,0.0006824669774990374,1.0859870711962383,0.013368838127032379,3.811438757210153,0.5895146298722506,0.428000605628503,16.72436594833176,False,False,False
9nmx_chainA,4,5,0.0,Unknown,0.5196069478988647,0.7249687314033508,63.0,1,3,-50.14216706240917,14.491181926547,-32.82611396101187,4.721840999290046,6.559024404601532,8.9056535398786,8.12528739193916,0.6666666666666666,1.3333333333333333,1.0,0.8849039071807687,0.0,10.801234497346433,-35.0,16.666666666666668,0.05270183086395264,0.9041653474171957,0.3821455736955007,1938.0,0.3997126917044322,0.0004471143086751302,0.0005265518945331374,1.032766342163086,0.010883622039349235,3.8029350794137606,0.8053924475613542,0.6860325607021515,18.587414857557746,False,False,False
9nmx_chainA,0,7,0.0,Cryptic,0.4613068699836731,1.0,67.0,1,4,-65.05620979407388,16.1304859182894,-37.74906805883375,3.7272398753641074,6.445380151114628,10.557518559945974,6.447998072994182,0.6666666666666666,2.0,1.0,-0.11720934383783549,0.6666666666666666,10.0,40.0,13.333333333333334,0.08002293109893799,0.8933886587619781,0.3130963146686554,1366.5,0.38146431744098663,0.00047035515308380127,0.0005080990231363103,1.0361210107803345,0.010637805783172168,3.816747002259917,1.0240143188763953,0.5162980423730007,29.855040959547424,False,False,False
9nmx_chainA,10,12,0.03287430852651596,ActiveSite,0.8242324590682983,0.4762657880783081,533.0,1,3,-37.506040556691325,-2.430773871768039,-12.878032431057164,3.148520800369312,4.145621831509792,5.918860546684641,4.9369220070922735,1.0,2.0,2.0,0.4251339722402044,0.0,4.08248290463863,35.0,6.666666666666667,0.07449932893117268,0.7907149195671082,0.45773743589719135,4623.666666666667,0.4375498791535695,0.00033112366994222003,0.00037816034940381843,1.0385293364524841,0.005873274771686449,3.8391168982254738,1.2193398556475017,0.77358740044323,11.71039820564008,False,False,False
9nmx_chainA,4005,14,0.11477607488632202,ActiveSite,0.6263172626495361,0.49929341673851013,1831.0,1,3,-34.64222245519491,-0.4784764602104183,-14.375724210632379,3.844928604191382,6.4928344629263695,10.581456487679116,7.15880655430433,0.6666666666666666,1.3333333333333333,1.0,0.5637681663322993,0.0,6.236095644623236,-41.666666666666664,10.0,0.025548100471496582,0.8464104731877645,0.24503364662329355,7693.666666666667,0.5377429525057474,0.0004728237787882487,0.0004114039281072716,1.0030002196629841,0.010073380576865376,3.8127741756203193,0.9916371844886765,0.7379961214287498,12.711734896891366,False,False,False
9nmx_chainA,4005,14,0.11477607488632202,ActiveSite,0.6263172626495361,0.49929341673851013,1831.0,2,6,-35.32819420240434,-0.5692707203989668,-17.575007021812272,5.80107175744995,8.453547508023169,14.247865040296933,8.016994561653094,0.4666666666666667,2.3333333333333335,1.0,-0.009547094448284967,0.4666666666666667,7.993052538854532,33.333333333333336,10.666666666666666,0.05876304705937704,0.8110927244027456,0.5204597686727842,4352.833333333333,0.43682576219240826,0.00031688809394836426,0.00045773666352033615,1.049842745065689,0.008646100267240399,3.8123641985998917,0.6571827341566518,0.5091221415841668,11.073313557706193,False,False,False
9nmx_chainA,4521,15,0.02767237462103367,ActiveSite,0.6263172626495361,0.7001466155052185,610.3333129882812,1,6,-35.31837703534816,-0.5560291481899242,-17.577346175499077,5.807351218629978,8.46801838257431,14.247865040296933,8.016994561653092,0.4666666666666667,2.3333333333333335,1.0,-0.00954709444828498,0.4666666666666667,7.993052538854533,33.333333333333336,10.666666666666666,0.05876304705937704,0.8110927244027456,0.5204597686727842,4352.833333333333,0.43682576219240826,0.00031688809394836426,0.00045773666352033615,1.049842745065689,0.008646100267240399,3.8315401626270558,0.6597741411498375,0.5091331682831126,11.079216609919232,False,False,False
9nmx_chainA,4520,16,0.021017203107476234,ActiveSite,0.6263172626495361,0.7498255372047424,610.3333129882812,1,3,-34.56760262139052,-0.41248740832935943,-14.48858910006943,3.822368447585216,6.64311624025588,10.581456487679116,7.15880655430433,0.6666666666666666,1.3333333333333333,1.0,0.5637681663322993,0.0,6.236095644623236,-41.666666666666664,10.0,0.025548100471496582,0.8464104731877645,0.24503364662329355,7693.666666666667,0.5377429525057474,0.0004728237787882487,0.0004114039281072716,1.0030002196629841,0.010073380576865376,3.8127741756203193,0.9974899667322866,0.7384619360494774,12.717924209703597,False,False,False
9nmx_chainA,4520,16,0.021017203107476234,ActiveSite,0.6263172626495361,0.7498255372047424,610.3333129882812,2,7,-35.8628438471239,-1.237818126806098,-17.06902321154569,5.045322745031332,7.474359854923494,14.247865040296933,7.341995140212591,0.42857142857142855,2.5714285714285716,2.0,-0.10858665444151783,0.5714285714285714,7.491491772643939,32.857142857142854,9.523809523809524,0.06106718381245931,0.8027910249573844,0.46559373821531025,4198.0,0.42961235131536213,0.0003063763890947614,0.00039459350903468603,1.0447976844651359,0.008389374203620523,3.8127741756203193,0.7557047127213348,0.49935328776660354,10.859142606201278,False,False,False
9nmx_chainA,3522,17,0.1428401917219162,Cryptic,0.6263172626495361,0.5536805987358093,1831.0,1,5,-37.871727082988166,-2.6289808318036134,-15.145439256884922,4.3265139841945714,6.347149865459276,9.853587261126158,6.7068642179863405,0.6,2.4,1.0,0.1373488691963203,0.4,8.602325267042627,34.0,12.0,0.06656224727630615,0.8067599892616272,0.48957802951335905,3809.8,0.42160696983337403,0.000285649299621582,0.00045326930703595283,1.0702354192733765,0.006257949494645263,3.855445214313326,0.891120479073422,0.5906362097641752,10.32795627846082,False,False,False
9nmx_chainA,4519,18,0.030680831521749496,ActiveSite,0.6263172626495361,0.6236065030097961,610.3333129882812,1,5,-37.88104072575481,-2.6760756230244778,-15.162548639941035,4.313287896531376,6.311648204803195,9.853587261126158,6.7068642179863405,0.6,2.4,1.0,0.13734886919632028,0.4,8.602325267042627,34.0,12.0,0.06656224727630615,0.8067599892616272,0.48957802951335905,3809.8,0.42160696983337403,0.000285649299621582,0.00045326930703595283,1.0702354192733765,0.006257949494645263,3.8391168982254738,0.8900673894995006,0.5907598198303361,10.333960978387733,False,False,False
9nmx_chainD,2,3,0.00810576044023037,Cryptic,0.8016400933265686,0.5940975546836853,239.0,1,3,12.389959352405931,-26.837533523421005,36.13281377793732,4.559326256379218,5.954906694371786,10.191977871183616,7.609788136564723,0.6666666666666666,1.3333333333333333,1.0,0.5716227052704208,0.0,7.0710678118654755,40.0,10.0,0.027920643488566082,0.8457275231679281,0.2853311250607173,2837.6666666666665,0.4062526623408,0.0004367629686991374,0.0008980398221562306,1.0275758703549702,0.015696767552721435,3.818346633661427,0.8374804563106132,0.7211897999934741,47.27718114492712,False,False,False
9nmx_chainD,504,5,0.014118495397269726,Cryptic,0.835198700428009,0.5369736552238464,239.0,1,4,12.89929267631071,-26.31061796544595,34.276588967040844,4.632626186852926,7.747926095874741,10.50953231760828,7.356020038320889,0.6666666666666666,2.0,1.0,0.6507988649275408,0.0,6.49519052838329,41.25,9.166666666666666,0.02856634060541789,0.8530305325984955,0.3037816770374775,2417.75,0.39764391630887985,0.00044092535972595215,0.0007306529623747338,1.036673590540886,0.012960069558903251,3.818346633661427,0.8242293851590339,0.7324559578556504,45.68168113645391,False,False,False
9nmy_chainD,3,1,0.0010663446737453341,Unknown,0.5289034247398376,0.6836830973625183,104.0,1,3,19.107543021475458,-15.334170789822913,22.179493567137992,3.9251672322965256,5.846335482149235,9.460349648001698,6.408909949588554,0.6666666666666666,1.3333333333333333,1.0,0.49103012758448045,0.0,6.236095644623236,36.666666666666664,10.0,0.031880855560302734,0.8350027799606323,0.43766269087791443,4954.0,0.4590512116750081,0.0004367828369140625,0.0007361214181097845,1.002312421798706,0.011341918211961977,3.7758338097683963,0.9619548891320083,0.7208337571583526,33.19577711409101,False,False,False
9nr0_chainA,2,1,0.060135941952466965,ActiveSite,0.6071255803108215,0.5984696745872498,1212.0,1,8,-36.31833350913573,18.546289900576035,-2.8032404045847965,6.54684013253989,11.326341283165089,17.651713303481277,9.18591270353828,0.39285714285714285,2.75,1.0,0.20024075666735522,0.35714285714285715,12.854352375751958,34.375,16.607142857142858,0.08536420975412641,0.8486736416816711,0.32425824366509914,3913.75,0.4362463466823101,0.0004072263836860657,0.0006257966779230628,1.0310777723789215,0.01010349745166198,,,0.47471630249848784,18.384534835112127,False,False,False
9nr0_chainA,3,5,0.0,Unknown,0.5581868290901184,0.6087486147880554,73.0,1,3,-40.311080941511825,-6.981941103132187,16.28640110056125,2.9112121359438947,4.741425584467651,7.148984299179931,4.946485453330829,0.6666666666666666,1.3333333333333333,1.0,0.37291211578761535,0.3333333333333333,10.274023338281626,36.666666666666664,16.666666666666668,0.020963668823242188,0.8582580288251241,0.3667355825503667,3866.0,0.4348475436369578,0.00044208765029907227,0.0006790451589040458,0.9785757660865784,0.006528961846002057,5.0898626914135106,1.748365441518482,0.6883883575971688,20.21711072815844,False,False,False
9nr0_chainA,4,6,0.0,Unknown,0.494550883769989,0.8436943888664246,65.0,1,3,-37.33502486707232,12.334493355516063,25.013726544734272,2.8909585849430646,3.408268610844821,5.601673927645238,4.979792268551112,1.0,2.0,2.0,0.597534536317795,0.0,8.498365855987975,18.333333333333332,13.333333333333334,0.04873299598693848,0.8854848345120748,0.5433262884616852,1212.6666666666667,0.37474843859672546,0.00046324729919433594,0.0010098049145502348,1.0347265601158142,0.013554030586255358,16.058253061798435,5.554646526392453,0.8335043347220712,13.318046720556008,False,False,False
9nr0_chainA,506,7,0.12111455202102661,Cryptic,0.6936384439468384,0.5329245328903198,1212.0,1,8,-36.408591978977434,18.59670347242203,-2.6446786095425443,7.1975049164787,12.64531420944435,16.647226927998933,9.070963964208335,0.39285714285714285,2.75,1.0,0.20648119980947272,0.35714285714285715,10.588171466310886,36.875,13.75,0.06764126675469535,0.8578476011753082,0.33151549100875854,3566.125,0.42911347001791,0.000406801700592041,0.0005775843856099527,1.0251747220754623,0.009063994908309354,3.857191252012994,0.5359067200054213,0.5098665338749484,18.22845252566833,False,False,False
9nr0_chainA,1,8,0.039809294044971466,ActiveSite,0.8271401524543762,0.5526964068412781,575.0,1,5,-36.38225295184444,9.604104336933394,25.388883619174116,4.913416196286471,9.257884629344197,15.188062954064254,7.959943543176531,0.6,2.4,1.0,0.6893200031349812,0.0,9.273618495495704,22.0,13.0,0.04683455228805542,0.8953217506408692,0.41296142488718035,1101.2,0.37629778385162355,0.0004603743553161621,0.0009153499966487288,1.0600868821144105,0.01460235579318942,3.88143591227844,0.7899668493810894,0.6741486142886085,14.4422701606069,False,False,False
9nr0_chainA,4512,10,0.03037882409989834,ActiveSite,0.6936384439468384,0.5599032044410706,404.0,1,3,-36.93982189124676,15.294744186302234,-1.3689864027489,6.724350607634757,11.630528400845348,13.541370139345695,9.149602177444477,0.6666666666666666,1.3333333333333333,1.0,0.2676741714285808,0.3333333333333333,10.801234497346433,35.0,16.666666666666668,0.03284104665120443,0.823442280292511,0.2801647533973058,4027.6666666666665,0.4277358651161194,0.0003904104232788086,0.0006128964693440745,0.9741640289624532,0.010260399689725844,3.857191252012994,0.5736154280286306,0.5427808163434129,16.087063357303037,False,False,False
9nr0_chainA,1510,11,0.014888402074575424,Cryptic,0.6936384439468384,0.5894176959991455,404.0,1,5,-36.52850709882181,18.00329600936397,0.5247540985760033,5.646932434444666,8.627433159825177,13.541370139345695,7.7091431801933314,0.7,2.8,2.0,0.19476095406707547,0.4,10.198039027185569,39.0,14.0,0.0742566704750061,0.8552707433700562,0.28918269872665403,3202.8,0.4174587905406952,0.00036972761154174805,0.0006267293530981988,1.0188458919525147,0.00802651569903445,12.345498984690934,2.1862310427847405,0.6039899584599485,15.295203697370194,False,False,False
9nr0_chainA,1509,18,0.005893487483263016,Cryptic,0.8271401524543762,0.6848759055137634,191.6666717529297,1,4,-37.4133702241295,11.631828918757561,25.330022152004847,3.7256513445963897,6.357291808624436,10.394181508437592,6.15030787542089,0.8333333333333334,2.5,2.0,0.703811179026987,0.0,7.39509972887452,18.75,10.833333333333334,0.038124680519104004,0.8833418786525726,0.43791606463491917,1211.0,0.37396353483200073,0.00046116113662719727,0.0009576329903211445,1.033825621008873,0.014342394732161621,12.332087550118606,3.310048743021759,0.8113306912786924,13.605732056350167,False,False,False
9nr0_chainA,4507,19,0.0053767915815114975,Allosteric,0.8271401524543762,0.59223872423172,191.6666717529297,1,6,-33.9812600002445,5.123093395229132,25.689876553722588,6.268245052854657,10.298337685623755,17.915588650272387,9.310100604783532,0.4666666666666667,2.3333333333333335,1.0,0.5645479096764007,0.0,9.574271077563381,20.0,12.666666666666666,0.055923112233479816,0.8744831681251526,0.40609626347819966,1248.1666666666667,0.3752312312523524,0.00046503543853759766,0.0007940598976953576,1.0768747627735138,0.013194764601217148,3.88143591227844,0.6192221075515824,0.6331245893418522,17.427068943371395,False,False,False
9nr0_chainA,4000,20,0.014419332146644592,Cryptic,0.7431386113166809,0.5860713124275208,210.0,1,6,-50.048951794288534,8.90301047082521,13.461788124142016,6.170122365524108,9.46852025759495,14.596246169555785,9.27731157829909,0.3333333333333333,1.6666666666666667,1.0,0.40656707724673186,0.2,8.498365855987974,28.333333333333332,11.333333333333334,0.06704756816228231,0.7913803358872732,0.576662873228391,3842.3333333333335,0.41962861518065137,0.0003623366355895996,0.0008073790959315374,1.078674167394638,0.008308066922867813,3.8568227792348493,0.625080436132848,0.6057172122838134,7.708895400843524,False,False,False
9nr0_chainA,1508,21,0.0,Cryptic,0.8271401524543762,1.0,191.6666717529297,1,5,-36.606035571297205,9.831692572785167,25.472682076890436,4.901547919344703,9.548002743224353,15.188062954064254,7.95994354317653,0.6,2.4,1.0,0.6893200031349813,0.0,9.273618495495704,22.0,13.0,0.04683455228805542,0.8953217506408692,0.41296142488718035,1101.2,0.37629778385162355,0.0004603743553161621,0.0009153499966487288,1.0600868821144105,0.014602355793189423,3.88143591227844,0.791879621733323,0.6743547926903175,14.35875863013326,False,False,False
9nr0_chainA,3517,22,0.01853286102414131,Cryptic,0.7431386113166809,0.6334259510040283,210.0,1,6,-47.519302357466884,14.416996970636854,6.9645431958400845,3.585433119750816,5.214880119707457,9.776760855537912,5.552802870655627,0.3333333333333333,1.6666666666666667,1.0,0.09982703309101816,0.3333333333333333,21.682686385429477,25.833333333333332,29.0,0.061457653840382896,0.8363474706808726,0.4751274262865384,2896.6666666666665,0.40511741240819293,0.00037929415702819824,0.0005119471413005764,1.0421312252680461,0.0039996456595413205,3.860598413193467,1.0767453426831106,0.4980512787465005,7.6297406087796515,False,False,False
9nr0_chainA,4006,23,0.011478547006845474,Cryptic,0.6526011824607849,0.6199528574943542,219.0,1,6,-23.07980341553736,-3.3290974020095336,23.153756658833682,4.849958089117074,7.589745969336848,11.708590217980815,7.147054244435773,0.3333333333333333,1.6666666666666667,1.0,-0.14823755531799396,0.6666666666666666,10.960788698304922,39.166666666666664,14.333333333333334,0.16855341990788777,0.78778009613355,0.2797403459747632,2582.5,0.3788736363252004,0.0004666149616241455,0.0005700645172813287,0.9758117000261942,0.012807279675128083,3.8021113020322095,0.7839472490625949,0.4588063912892057,27.76144701511834,False,False,False
9nr0_chainB,7,1,0.0077375490218400955,Allosteric,0.5670418739318848,0.5857018828392029,175.0,1,5,-20.95612552476782,45.24846096016533,20.193627296523566,5.179475415106589,7.354936779018504,14.398068556445436,7.929918780410851,0.5,2.0,1.0,0.5284843422423939,0.0,12.806248474865697,34.0,18.0,0.051772689819335936,0.8994191527366638,0.3404317796230316,1182.0,0.3812297165393829,0.000448763370513916,0.0007583946804516018,1.0854222059249878,0.013687558921014194,3.828120094019513,0.7390941721345603,0.6101142137198421,10.443881777505402,False,False,False
9nr0_chainB,508,2,0.0,Cryptic,0.6255750060081482,0.5200850367546082,66.0,1,11,-33.988910554394636,60.89026700967874,12.388516797410272,6.2886993132201265,9.628850650063372,16.095982328809626,8.834210887649869,0.2545454545454545,2.5454545454545454,1.0,-0.05839884237454214,0.5636363636363636,9.599414582701307,38.18181818181818,11.818181818181818,0.08379956592213024,0.8205164454200051,0.522884345867417,2750.090909090909,0.39966045726429333,0.00046188181096857244,0.0006434858395633372,1.0726978995583274,0.012220118232814981,3.8187304037620313,0.6072369203174148,0.4577791234972841,26.624343761326802,False,False,False
9nr0_chainB,508,2,0.0,Cryptic,0.6255750060081482,0.5200850367546082,66.0,2,3,-32.42285412090461,48.08452995003475,11.600797941161156,3.615085620646205,5.491895067333304,10.035455115711857,6.7016800015596365,0.6666666666666666,1.3333333333333333,1.0,0.19473920955719623,0.6666666666666666,7.0710678118654755,35.0,10.0,0.09577985604604085,0.906899094581604,0.30691509942213696,1632.6666666666667,0.39445793628692627,0.0004448692003885905,0.0003973238441782693,1.0672465562820435,0.015380069630491976,10.093799457033231,2.7921328887444,0.6942284853545935,17.73505567781768,False,False,False
9nr0_chainB,6,3,0.0,Unknown,0.47936272621154785,0.5700610280036926,58.0,1,4,-15.62474240051832,33.34851169492159,0.8727805813144615,3.28839467082246,4.801209877603159,6.358382816910756,5.071754634796423,0.5,1.5,1.0,-0.0394324930044116,0.5,12.24744871391589,25.0,16.666666666666668,0.10584549109141032,0.8366902470588684,0.4663398377597332,2622.0,0.4113823175430298,0.00031976401805877686,0.0004213670254102908,1.260452151298523,0.007091432380750832,5.70454676180588,1.734751248815008,0.5552686706344395,13.534538682496107,False,False,False
9nr0_chainB,5,4,0.0033299459610134363,Unknown,0.5008711218833923,0.6020925641059875,94.0,1,4,-25.619022773256617,46.694817734470256,19.0918945296922,4.694145517108612,6.42278698775647,11.589734486998148,7.431379784845899,0.5,1.5,1.0,-0.2738264724314757,0.6666666666666666,7.5,42.5,10.0,0.0413725475470225,0.8883870095014572,0.19507382065057755,1338.5,0.38022465258836746,0.00045205652713775635,0.0004996544375899248,1.0556174665689468,0.017599508535372215,3.871651556983825,0.8247830287478163,0.4895752898289114,13.152919278845209,False,False,False
9nr0_chainB,1,5,0.0,Unknown,0.5312714576721191,0.5727500915527344,63.0,1,5,-31.557002901150287,62.2274173619336,8.612145675665356,3.821264174702121,5.27450837237501,9.21642687045229,5.728692751838669,0.6,2.4,1.0,0.34246268753820636,0.3,10.295630140987,38.0,14.0,0.09684699773788452,0.7724645495414734,0.5003789067268372,3490.8,0.40416377782821655,0.0004682302474975586,0.0006328919029328972,1.05206241607666,0.01374222350229749,,,0.6086801141233846,26.318896196550835,False,False,False
9nr0_chainB,3,6,0.0,Unknown,0.5206393599510193,0.6138181090354919,61.0,1,3,-23.977845367270447,22.99903266437993,2.4083143984925477,4.137705266295511,5.610148050979198,9.543760274229575,6.7298044537276285,0.6666666666666666,1.3333333333333333,1.0,0.02588559420097769,0.3333333333333333,8.498365855987975,21.666666666666668,13.333333333333334,0.11850949128468831,0.9118851820627848,0.2497566193342209,2984.6666666666665,0.4387018283208211,0.0004737973213195801,0.0005966909908844779,1.1485885381698608,0.017058987311362673,3.8862243708742086,0.9392221341936098,0.5625684519419043,21.982331879547175,False,False,False
9nr0_chainB,3,6,0.0,Unknown,0.5206393599510193,0.6138181090354919,61.0,2,4,-22.46534624903562,27.462636752867006,3.6025762451833776,5.406688956981628,6.286288317824209,9.912768055858312,7.256630190892381,0.5,1.5,1.0,0.2944631783831136,0.16666666666666666,9.354143466934854,-40.0,13.333333333333334,0.050554116566975914,0.8371836543083191,0.4898454025387764,2853.0,0.4085696265101433,0.00046490132808685303,0.0004299003994674422,1.0888761579990387,0.010199134929994167,3.8862243708742086,0.7187808290425045,0.6013273965761967,17.260489088804878,False,False,False
9nr0_chainB,4,8,0.009486878290772438,ActiveSite,0.7298888564109802,0.507169783115387,480.0,1,3,-8.333511339148009,54.93164964410607,7.906492590562988,3.72782036837973,5.375111001370983,8.293196412308571,6.518836415971669,0.6666666666666666,1.3333333333333333,1.0,0.1818875997913911,0.3333333333333333,2.3570226039551585,31.666666666666668,3.3333333333333335,0.14651894569396973,0.8532187740008036,0.29867161562045413,2589.6666666666665,0.39996838569641113,0.0004809101422627767,0.0005745427139724294,0.9916039109230042,0.010686838669745099,3.065041951783759,0.8222075231366249,0.6832442191294109,16.272407456848676,False,False,False
9nr0_chainB,3511,9,0.05853477865457535,Cryptic,0.6067577600479126,0.615142822265625,1097.0,1,3,-22.295436690235416,30.54528127705554,-4.073867209014485,4.347124643610956,6.276318298787809,9.05411433795823,7.115449628633954,0.6666666666666666,1.3333333333333333,1.0,0.5877600581382892,0.0,8.498365855987975,-18.333333333333332,13.333333333333334,0.11400572458902995,0.8350032766660055,0.34485556930303574,5550.666666666667,0.4776952068010966,0.00047592322031656903,0.000772562634665519,1.0290271242459614,0.009855246142433488,3.847191279448226,0.8849967725453903,0.7161216320418521,20.171108899021704,False,False,False
9nr0_chainB,3510,13,0.015325712040066719,Cryptic,0.7298888564109802,0.5907593369483948,480.0,1,3,-27.07062152476287,56.00980883234176,21.833960915450422,3.839625014422104,5.77565325387598,10.095037950760176,6.929003282517946,0.6666666666666666,1.3333333333333333,1.0,0.26931800746279605,0.3333333333333333,2.3570226039551585,28.333333333333332,3.3333333333333335,0.09399537245432536,0.9367459019025167,0.4531238029400508,798.6666666666666,0.38693783680597943,0.00044272343317667645,0.000750523565026621,1.1612568298975627,0.013339597777048004,3.8645536296544307,1.006492460888418,0.7034946472523235,20.954326486325094,False,False,False
9nr0_chainB,4008,14,0.0021677566692233086,Unknown,0.6270703077316284,0.5651964545249939,79.0,1,3,-6.624614134122773,44.162209466706166,9.607661323750662,4.421482603853466,6.606898588457185,8.316243702401515,6.228477157798619,1.0,2.0,2.0,0.7517304975663137,0.0,4.08248290463863,15.0,6.666666666666667,0.0956871509552002,0.8323780496915182,0.31880440190434456,2169.6666666666665,0.38726552327473956,0.0002504587173461914,0.00032406994432676584,1.1188835104306538,0.004771588669813083,3.8566332987230445,0.8722488912117087,0.7820459861857413,10.176164845797631,False,False,False
9nr0_chainB,4006,15,0.0,Unknown,0.47936272621154785,0.6495619416236877,58.0,1,3,-14.879939079284664,32.465768814086914,1.5361647009849546,2.5368566263558985,2.9147962102977423,5.547106136453341,4.418202206551327,0.6666666666666666,1.3333333333333333,1.0,-0.2527398762776987,0.6666666666666666,4.714045207910316,18.333333333333332,6.666666666666667,0.11405730247497559,0.8201123277346293,0.5457687576611837,3038.3333333333335,0.4169444839159648,0.00030271212259928387,0.000369549272969986,1.2520876328150432,0.006473387181538709,6.0124508671163195,2.3700396800717054,0.6320293367909071,13.59656512328712,False,False,False
9nr0_chainB,4006,15,0.0,Unknown,0.47936272621154785,0.6495619416236877,58.0,2,3,-22.275206688438104,31.21994858334306,-4.354488162578139,4.184675809038997,5.7028169570424465,9.05411433795823,7.115449628633954,0.6666666666666666,1.3333333333333333,1.0,0.5877600581382892,0.0,8.498365855987975,-18.333333333333332,13.333333333333334,0.11400572458902995,0.8350032766660055,0.34485556930303574,5550.666666666667,0.4776952068010966,0.00047592322031656903,0.000772562634665519,1.0290271242459614,0.009855246142433488,3.847191279448226,0.9193522879689278,0.7192162019041669,20.043799359618482,False,False,False
9nr0_chainB,4508,16,0.0,Cryptic,0.6255750060081482,0.560096800327301,66.0,1,3,-30.52608158046534,60.66137417289222,11.094040056293714,4.5164581685803205,6.169351388598188,8.963304007367961,7.328803737834164,0.6666666666666666,1.3333333333333333,1.0,0.48094323565901814,0.0,10.801234497346433,40.0,16.666666666666668,0.03926618893941244,0.769698699315389,0.6322973867257436,4724.333333333333,0.4399212996164958,0.0004661281903584798,0.0007938955483647684,1.0964939792950947,0.011431792728954908,3.855124768515975,0.8535725616446426,0.6592002045127298,24.254489142375647,False,False,False
9nr0_chainB,4508,16,0.0,Cryptic,0.6255750060081482,0.560096800327301,66.0,2,3,-37.499231855620096,61.74340381814246,14.04168297786466,2.9619453218871747,4.050092833522646,5.887059473785688,4.863926672442079,1.0,2.0,2.0,0.6001085242535579,0.0,2.357022603955158,43.333333333333336,3.3333333333333335,0.12794979413350424,0.8501935998598734,0.5120471318562826,2557.3333333333335,0.4017661511898041,0.0004761616388956706,0.000545366172445938,1.046522855758667,0.010167700323989825,3.8187304037620313,1.2892643140788853,0.8481890378774137,29.758749483868787,False,False,False
9nr0_chainB,4007,17,0.003548916894942522,Allosteric,0.5670418739318848,0.5765748620033264,175.0,1,3,-18.953746720676666,42.85987510607422,19.76929331109096,4.237359192898079,6.482073852740446,10.821587617134773,7.497411950238141,0.6666666666666666,1.3333333333333333,1.0,0.46851202454479446,0.0,14.337208778404378,33.333333333333336,23.333333333333332,0.02249590555826823,0.92827840646108,0.2642804980278015,925.0,0.3800762395064036,0.0004565119743347168,0.0007363300343664984,1.0416755676269531,0.011141554039267547,3.828120094019513,0.9034211922452877,0.6032031808374062,8.546057371840032,False,False,False
9nxe_chainA,4,1,0.1002068743109703,ActiveSite,0.6662980914115906,0.7564861178398132,1575.0,1,3,18.619048759281856,18.06483453423511,-11.804212278320174,3.2825088161992393,4.533111481542672,7.347098575892676,5.424755676624823,0.6666666666666666,1.3333333333333333,1.0,-0.14107387347296968,0.3333333333333333,4.08248290463863,35.0,6.666666666666667,0.08561249574025472,0.8370654582977295,0.3849816521008809,2995.6666666666665,0.40531279643376666,0.00047705570856730145,0.000978947093244642,0.9786353905995687,0.020150911640009816,6.9794525312003435,2.126255532584291,0.6259286684627139,24.27586515280416,False,False,False
9nxe_chainA,518,3,0.0766458585858345,Cryptic,0.6412981152534485,0.7969226837158203,1575.0,1,3,18.506715951387832,17.932246995181433,-11.779768888057509,3.241508336243944,4.365959213612222,7.347098575892676,5.424755676624823,0.6666666666666666,1.3333333333333333,1.0,-0.14107387347296968,0.3333333333333333,4.08248290463863,35.0,6.666666666666667,0.08561249574025472,0.8370654582977295,0.3849816521008809,2995.6666666666665,0.40531279643376666,0.00047705570856730145,0.000978947093244642,0.9786353905995687,0.020150911640009816,6.9794525312003435,2.153149647391527,0.627317144715752,24.224642725485587,False,False,False
9nxe_chainA,519,15,0.002027984941378236,Cryptic,0.5592681169509888,0.8995216488838196,145.0,1,3,32.315385353221,-8.283397124071067,-32.25232224788345,3.392578559760865,4.57343236981376,8.413190332270773,5.867702113234535,0.6666666666666666,1.3333333333333333,1.0,0.050302380265839115,0.6666666666666666,10.274023338281626,-23.333333333333332,16.666666666666668,0.009551366170247396,0.8142998417218527,0.30584228535493213,5571.333333333333,0.4686930974324544,0.0004781285921732585,0.0007137539214454591,0.9782983263333639,0.010090863976003934,3.8523098540335936,1.135510876513095,0.5680099665846942,19.899629324517385,False,False,False
9nxe_chainA,1524,20,0.011001242324709892,Cryptic,0.667780876159668,0.9927060604095459,511.0,1,3,14.602008017722817,1.1962446164541483,-36.7156840992176,5.228816050652569,5.9306938026301115,11.277149110317609,8.849585861325883,0.6666666666666666,1.3333333333333333,1.0,0.6797464724826995,0.0,2.357022603955158,-46.666666666666664,3.3333333333333335,0.06047805150349935,0.8840481837590536,0.26855593423048657,2336.6666666666665,0.39758625626564026,0.0004674990971883138,0.0008588961985272666,0.9232267737388611,0.01363461534761762,10.106588008632308,1.9328635604557136,0.8040543186515368,6.790313541593775,False,False,False
9nxe_chainA,4521,25,0.012427055276930332,ActiveSite,0.6662980914115906,0.9882294535636902,525.0,1,3,18.204928130741806,17.51372024070616,-11.693096858199446,3.141547518718198,3.858881671302095,7.347098575892676,5.424755676624823,0.6666666666666666,1.3333333333333333,1.0,-0.14107387347296965,0.3333333333333333,4.08248290463863,35.0,6.666666666666667,0.08561249574025472,0.8370654582977295,0.3849816521008809,2995.6666666666665,0.40531279643376666,0.00047705570856730145,0.000978947093244642,0.9786353905995687,0.020150911640009816,6.9794525312003435,2.221660659154401,0.6308003749181567,24.079532780717965,False,False,False
9nxe_chainA,3530,26,0.08884473890066147,Cryptic,0.6662980914115906,0.7899745106697083,1575.0,1,3,18.20501460984552,17.51517034147509,-11.693569973917812,3.1416311400002015,3.860340148569873,7.347098575892676,5.424755676624823,0.6666666666666666,1.3333333333333333,1.0,-0.14107387347296968,0.3333333333333333,4.08248290463863,35.0,6.666666666666667,0.08561249574025472,0.8370654582977295,0.3849816521008809,2995.6666666666665,0.40531279643376666,0.00047705570856730145,0.000978947093244642,0.9786353905995687,0.020150911640009816,6.9794525312003435,2.2216015248689875,0.6307974003199255,24.07985470286924,False,False,False
9nxe_chainA,1528,27,0.01568979024887085,Cryptic,0.6412981152534485,0.8344883918762207,525.0,1,3,18.19798926030609,17.508834005622578,-11.692700379458353,3.1398490241560437,3.8519536616097856,7.347098575892676,5.424755676624823,0.6666666666666666,1.3333333333333333,1.0,-0.14107387347296968,0.3333333333333333,4.08248290463863,35.0,6.666666666666667,0.08561249574025472,0.8370654582977295,0.3849816521008809,2995.6666666666665,0.40531279643376666,0.00047705570856730145,0.000978947093244642,0.9786353905995687,0.020150911640009816,6.9794525312003435,2.2228624616995214,0.6308608169377399,24.077321861190295,False,False,False
9nxn_chainB,507,1,0.006962402258068323,Cryptic,0.7716158032417297,0.4743025600910187,354.0,1,4,10.666755044374966,-39.41737962799066,36.68098065281633,4.326796987036582,5.141652781304701,8.755235480336127,6.654129454988442,0.5,1.5,1.0,0.133787884258826,0.5,11.388041973930374,21.25,15.833333333333334,0.017978588740030926,0.8343694508075714,0.4180144891142845,4785.75,0.45294006913900375,0.00045487284660339355,0.0007624129502801225,0.9782128781080246,0.013246824895791352,3.83133704824563,0.8854903661356454,0.5605916123097308,19.931872193165194,False,False,False
9nxn_chainB,1,2,0.0,Unknown,0.4540725350379944,0.5373905301094055,58.0,1,4,-6.426336935445926,-20.87501259967288,32.88263183180337,2.9425328996004265,3.5400732102298176,5.738614009918091,4.759936893590766,0.6666666666666666,2.0,1.0,-0.006979883367505713,0.3333333333333333,8.2915619758885,42.5,11.666666666666666,0.07423508167266846,0.9112753570079803,0.4330415800213814,1410.5,0.3837412968277931,0.0004801154136657715,0.0005351010149752256,0.9695497751235962,0.014755893033400526,3.8908415184687546,1.3222763011407965,0.6040789546731972,32.38015919096107,False,False,False
9nxn_chainB,5,5,0.007554285228252411,Cryptic,0.7545499801635742,0.523149311542511,380.0,1,3,20.31333507971329,-43.91160245692288,44.76218487440392,5.497514290645781,10.376771584135554,11.611445922626622,7.923817091653187,0.6666666666666666,1.3333333333333333,1.0,0.2583989945877455,0.3333333333333333,6.236095644623236,23.333333333333332,10.0,0.057637691497802734,0.8241564234097799,0.3271843542655309,5494.0,0.4696887135505676,0.0004749099413553874,0.0006190750670308868,0.981379230817159,0.016521729341334,3.715685267303915,0.6758846036337346,0.6185659745942689,16.415352405329855,False,False,False
9nxn_chainB,1509,9,0.01981194131076336,Cryptic,0.5044828653335571,0.5666950345039368,559.0,1,3,14.795373838875307,-20.662561560836885,38.9220406730154,4.0154726674346115,7.229846960268154,8.990291625560817,7.188504777190694,1.0,2.0,2.0,0.19721493643054433,0.3333333333333333,2.357022603955158,48.333333333333336,3.3333333333333335,0.056125760078430176,0.8673676252365112,0.2246775527795156,3214.0,0.42402950922648114,0.0004754066467285156,0.0008162490654891977,1.0343269904454548,0.017782072193908247,3.8277489272254237,0.9532499021269344,0.6988867366535225,17.791676135476163,False,False,False
9o9i_chainA,4,1,0.02992039918899536,Cryptic,0.66121506690979,0.5554456114768982,271.0,1,7,-27.334159408216745,23.232128753418532,-17.856773029418537,6.056583435711736,9.462691176198435,15.851532497457324,8.3579485212768,0.3333333333333333,2.0,1.0,0.028889010754818454,0.5714285714285714,16.84260874650228,-26.428571428571427,21.904761904761905,0.059636042231605166,0.8025295564106533,0.45216418376990725,4569.285714285715,0.44224077463150024,0.0004538212503705706,0.0006368624100494864,1.0499779071126665,0.013081075892605983,3.8068447471770592,0.6285465704526697,0.41579732698521077,15.870444769368971,False,False,False
9o9i_chainA,507,2,0.0,Cryptic,0.5352538824081421,0.4698486328125,68.0,1,4,-17.22282818039667,7.545695890384566,-16.737982851272744,3.8004047306486615,6.8307892817235425,8.380498951247187,6.2540930404569535,0.8333333333333334,2.5,2.0,0.2592366929953895,0.16666666666666666,7.0710678118654755,30.0,10.0,0.08924061059951782,0.8506843149662018,0.37033070623874664,2968.25,0.4012175276875496,0.0004237443208694458,0.0005532123577722814,0.8797712028026581,0.0118736884194185,3.8398098831124625,1.0103686726168966,0.6654367678997728,27.615829419384564,False,False,False
9o9i_chainA,1,5,0.11681929230690002,ActiveSite,0.828298032283783,0.5046496391296387,656.0,1,4,-35.17909876485757,19.404007747529313,-12.955350935241825,4.246263252924188,6.480455003048403,10.184162670434064,6.824653925118477,0.5,1.5,1.0,0.1979580081692945,0.3333333333333333,8.2915619758885,-37.5,11.666666666666666,0.07829050223032634,0.9104601740837097,0.3907330185174942,1520.5,0.3922668695449829,0.00043751299381256104,0.000745148106943816,1.0653736889362335,0.014900448609895981,5.007737538810859,1.179328091672668,0.6138158008498215,15.472045023027514,False,False,False
9o9i_chainA,1,5,0.11681929230690002,ActiveSite,0.828298032283783,0.5046496391296387,656.0,2,3,-44.36632401854835,17.6620030517691,-17.67039295246457,3.7154376624006176,5.090717050686122,7.911133379699972,6.311842973294795,0.6666666666666666,1.3333333333333333,1.0,0.6147432938240166,0.0,10.801234497346433,35.0,16.666666666666668,0.11659892400105794,0.8843563795089722,0.49612873792648315,2592.6666666666665,0.4194948573907216,0.0004741549491882324,0.000472658653355514,1.144827385743459,0.016203489986688167,3.854645101222163,1.0374673057309758,0.7113789454472036,11.678750552713863,False,False,False
9o9i_chainA,1510,7,0.02039995975792408,Cryptic,0.828298032283783,0.6292945742607117,218.6666717529297,1,4,-35.09417565243736,19.57828225935461,-12.90439035662244,4.202975002359004,6.657121917797596,10.184162670434064,6.824653925118477,0.5,1.5,1.0,0.1979580081692945,0.3333333333333333,8.2915619758885,-37.5,11.666666666666666,0.07829050223032634,0.9104601740837097,0.3907330185174942,1520.5,0.3922668695449829,0.00043751299381256104,0.000745148106943816,1.0653736889362335,0.014900448609895981,10.352391886663478,2.4631105064514993,0.657128007015898,15.53772156962014,False,False,False
9o9i_chainA,4001,9,0.12840285897254944,Cryptic,0.828298032283783,0.5711053609848022,656.0,1,4,-35.14203653651018,19.550390030202593,-12.883747349542197,4.205007141544318,6.643139443805337,10.184162670434064,6.824653925118477,0.5,1.5,1.0,0.1979580081692945,0.3333333333333333,8.2915619758885,-37.5,11.666666666666666,0.07829050223032634,0.9104601740837097,0.3907330185174942,1520.5,0.3922668695449829,0.00043751299381256104,0.000745148106943816,1.0653736889362335,0.014900448609895981,9.703039183944787,2.3074964815354106,0.6519164871818048,15.545828773789044,False,False,False
9o9i_chainA,4000,11,0.023745153099298477,Allosteric,0.6083232760429382,0.5607159733772278,194.0,1,4,-41.70318451719651,16.262911923419765,-19.516519164400737,2.92881486106381,3.645706375239318,5.166130333014655,4.450574667743229,0.5,1.5,1.0,-0.1762877631034816,0.5,7.5,32.5,10.0,0.06987481315930684,0.8702370077371597,0.3532728925347328,3432.0,0.4315101429820061,0.00047107040882110596,0.000590197931160219,1.0457602590322495,0.013884012338903228,3.8712891603642077,1.3217937438893186,0.565328762015825,9.497962948214418,False,False,False
9o9i_chainA,3512,12,0.0,Cryptic,0.66121506690979,0.6207398176193237,271.0,1,4,-26.714698584270202,29.986965119286083,-20.19280709285746,3.1392071024383155,3.9593764810592904,6.322119297386464,5.055798077145778,0.6666666666666666,2.0,1.0,0.16316525015985328,0.5,9.60143218483576,-13.75,12.5,0.04274750749270121,0.7698929756879807,0.5331323705613613,3152.25,0.3973200023174286,0.0004395395517349243,0.0005817587552883197,1.1060024052858353,0.012953260479010398,3.833795257783257,1.2212622909796025,0.6330757900834776,17.743447912272696,False,False,False
9o9i_chainA,4005,13,0.0,Unknown,0.512814998626709,0.5327818393707275,57.0,1,4,-28.3504195940612,22.28882312994129,-19.572434998716304,5.647374230151814,7.266102409956567,10.816758915924,7.196253225978412,0.6666666666666666,2.0,1.0,0.40746186742904894,0.3333333333333333,12.5,-27.5,18.333333333333332,0.10235169529914856,0.8314318209886551,0.3326616548001766,3931.5,0.4413203299045563,0.0004226267337799072,0.00037166567199165,1.1744304150342941,0.010760913441939763,3.833795257783257,0.6788633268385679,0.5941977015088697,13.860575429119889,False,False,False
9o9i_chainA,4005,13,0.0,Unknown,0.512814998626709,0.5327818393707275,57.0,2,3,-33.08831994027888,23.997377637449368,-25.628677521070493,3.608007425811189,4.488397412841951,6.318661397655028,5.875411491191005,1.0,2.0,2.0,0.3706714469233056,0.3333333333333333,6.236095644623236,23.333333333333332,10.0,0.07229673862457275,0.9364957412083944,0.4129960536956787,1165.3333333333333,0.3869783381621043,0.0003914038340250651,0.0004688332264777273,1.024965226650238,0.010140323039620468,3.854685024360633,1.0683694819430654,0.7198139809802769,7.645611868492063,False,False,False
9ohy_chainB,4002,5,0.024250710383057594,Unknown,0.49733465909957886,0.5424827337265015,85.0,1,5,22.081510995496558,-29.348402184970407,-14.96257955397413,4.5705401813411495,8.06608015036745,10.101820078943618,6.696437511819255,0.7,2.8,2.0,0.5604049196382365,0.0,10.677078252031311,34.0,15.0,0.06248195171356201,0.8631016135215759,0.38170463740825655,4473.4,0.44985600709915163,0.0004475712776184082,0.0006132489303126931,0.9322986245155335,0.015281783731989565,10.86358258580925,2.376870600582164,0.7338397438007687,15.070201661856798,False,False,False
9ohy_chainB,4001,8,0.0,Unknown,0.5884119868278503,0.48587027192115784,62.0,1,4,12.604442991906353,-18.897627434936282,-4.222422559145312,3.420007845017891,5.055114394974671,8.478733026053472,5.612583201710314,0.5,1.5,1.0,0.15762438578647192,0.5,11.92424001771182,-33.75,17.5,0.07706966002782185,0.8706327378749847,0.4486699625849724,4110.25,0.44161081314086914,0.000356331467628479,0.0006189037885633297,0.943806990981102,0.013883818236332234,3.820682850902895,1.1171561657288853,0.5778521127377593,17.91131850972785,False,False,False
9qng_chainA,507,1,0.03477148339152336,Cryptic,0.5869463086128235,0.5272281765937805,1840.0,1,3,27.05154952833463,9.095789240326086,-1.8942495748324184,5.067273477995993,7.816661929160297,12.672188870761165,8.739169814561672,0.6666666666666666,1.3333333333333333,1.0,-0.18872090701626423,0.3333333333333333,2.357022603955158,-38.333333333333336,3.3333333333333335,0.018589218457539875,0.8199868003527323,0.3284435272216797,4951.0,0.4604622920354207,0.0004198153813680013,0.00047143184444090974,1.0964925090471904,0.01486425758310502,3.8715675772376397,0.76403367492389,0.545629317152522,23.08807778843761,False,False,False
9qng_chainA,507,1,0.03477148339152336,Cryptic,0.5869463086128235,0.5272281765937805,1840.0,2,6,27.87410968260622,9.694356321011192,-8.242559473836064,5.959227311495919,8.188816115220469,15.61128196667842,9.04343988182214,0.4,2.0,1.0,0.15459372293115206,0.3333333333333333,19.238993967691993,-4.166666666666667,25.0,0.09154229164123535,0.7992127736409506,0.4995806614557902,3422.5,0.4052867392698924,0.0004285772641499837,0.0007593362388433889,0.9852120876312256,0.012529487608311782,3.822295260802711,0.6414078639740991,0.4473829711745687,18.995404429097974,False,False,False
9qng_chainA,507,1,0.03477148339152336,Cryptic,0.5869463086128235,0.5272281765937805,1840.0,3,7,27.504701289717456,11.69048545014992,-0.9702832328000475,6.922166837451641,9.938026801148196,17.76266814578652,9.383806225605957,0.2857142857142857,1.7142857142857142,1.0,-0.13832284227629602,0.5714285714285714,6.226998490772391,40.714285714285715,8.095238095238095,0.04128061022077288,0.8684355190822056,0.29091798088380266,3248.285714285714,0.42319866589137484,0.00036470379148210796,0.0006326663964760623,1.0282167451722282,0.00691031545989071,3.822295260802711,0.5521819035222602,0.45997170616213023,22.169917927850626,False,False,False
9qng_chainA,2,2,0.034839000552892685,ActiveSite,0.5194580554962158,0.5121743083000183,1840.0,1,7,26.97032936580468,11.217504829113935,-0.24548318588698598,6.631036411441246,9.330568813820934,17.76266814578652,9.383806225605957,0.2857142857142857,1.7142857142857142,1.0,-0.13832284227629602,0.5714285714285714,6.226998490772391,40.714285714285715,8.095238095238095,0.04128061022077288,0.8684355190822056,0.29091798088380266,3248.285714285714,0.42319866589137484,0.00036470379148210796,0.0006326663964760623,1.0282167451722282,0.00691031545989071,3.8477080224048135,0.5802574113099342,0.46440112153384405,23.181619228790023,False,False,False
9qng_chainA,2,2,0.034839000552892685,ActiveSite,0.5194580554962158,0.5121743083000183,1840.0,2,3,28.837490835645184,11.14388847197142,-6.107380204045131,4.176074347947865,5.738262125852088,10.757999964462215,7.624824128474988,0.6666666666666666,1.3333333333333333,1.0,0.13813374739164483,0.3333333333333333,10.801234497346433,-5.0,16.666666666666668,0.0856936772664388,0.8308215339978536,0.509013444185257,3144.6666666666665,0.40540148814519245,0.00038123130798339844,0.0005746134071766088,0.9692788521448771,0.012053385633137034,3.8477080224048135,0.9213696169694844,0.5624100674681928,18.494876668410992,False,False,False
9qng_chainA,505,6,0.1115419790148735,Cryptic,0.5866591930389404,0.4586273431777954,1840.0,1,6,26.329114602136077,10.856039424054215,2.660375654526186,5.195142753812218,7.051194367897956,12.919545391062314,7.7863865679460265,0.3333333333333333,1.6666666666666667,1.0,-0.13363384573438383,0.6,6.718548123582124,40.833333333333336,9.0,0.04607326587041219,0.8707732458909353,0.29450534904996556,2990.5,0.41772890090942383,0.0003471672534942627,0.0006739641200207794,1.0449882447719574,0.007579260478163653,3.8477080224048135,0.7406356677266182,0.4973411593158532,25.72561219359596,False,False,False
9qng_chainA,4,7,0.03248501196503639,ActiveSite,0.6610003113746643,0.4712466895580292,1367.0,1,3,33.075572390577314,10.503613712571955,9.439605217764424,6.025683255386984,9.071234624941114,13.854420652257003,9.523183052007964,0.6666666666666666,1.3333333333333333,1.0,-0.2504834481539477,0.6666666666666666,6.236095644623236,-38.333333333333336,10.0,0.0534361203511556,0.913888156414032,0.40711543957392377,2901.0,0.43081743518511456,0.00033414363861083984,0.0002520871882249291,1.0874746243158977,0.00307253586399386,3.855359261831826,0.6398210955388536,0.47507165746089125,28.487373382505428,False,False,False
9qng_chainA,4,7,0.03248501196503639,ActiveSite,0.6610003113746643,0.4712466895580292,1367.0,2,3,25.960938506591337,7.449901894850771,9.247272848757286,4.728174757989726,8.114828289813964,11.02233001705889,8.00495497329019,0.6666666666666666,1.3333333333333333,1.0,0.35466326305221446,0.3333333333333333,6.236095644623236,21.666666666666668,10.0,0.07766091823577881,0.884744664033254,0.20113280415534973,4673.666666666667,0.4599308669567108,0.0003171563148498535,0.00034066101276645594,0.9338557521502177,0.0029664078607677113,3.83508643241958,0.8111135118132013,0.66080352794346,32.253747723760696,False,False,False
9qng_chainA,4518,8,0.026388613507151604,ActiveSite,0.5194580554962158,0.7270820140838623,613.3333129882812,1,6,25.956700278226005,10.904280834103298,2.80603612613427,5.092086931698508,7.413491879087921,12.919545391062314,7.786386567946025,0.3333333333333333,1.6666666666666667,1.0,-0.13363384573438383,0.6,6.718548123582125,40.833333333333336,9.0,0.04607326587041219,0.8707732458909353,0.29450534904996556,2990.5,0.41772890090942383,0.0003471672534942627,0.0006739641200207794,1.0449882447719574,0.007579260478163653,3.8649719390251223,0.7590153096101855,0.49919048391067,26.02558986416445,False,False,False
9qng_chainA,4508,9,0.012638222426176071,ActiveSite,0.6610003113746643,0.7086837887763977,455.6666564941406,1,3,23.860940186779672,0.5944585807521701,11.801714950970378,2.9530799759415274,4.77360966080351,6.163095234431993,5.071262376677275,0.6666666666666666,1.3333333333333333,1.0,0.1754593543247959,0.3333333333333333,12.47219128924647,-13.333333333333334,20.0,0.24761545658111572,0.5925699671109518,0.4424867530663808,4910.333333333333,0.38200265169143677,0.0004539688428243001,0.000347102065764678,0.9521116415659586,0.011921161447273182,3.83508643241958,1.2986734066343204,0.5961393728999644,38.42658256502738,False,False,False
9qng_chainA,4508,9,0.012638222426176071,ActiveSite,0.6610003113746643,0.7086837887763977,455.6666564941406,2,3,24.293170535337207,0.1108754431457779,16.993365604292684,3.726113395935759,4.920728658445285,8.359936457027214,6.315520238720148,1.0,2.0,2.0,0.330808939337494,0.3333333333333333,4.714045207910316,26.666666666666668,6.666666666666667,0.2067317565282186,0.8245575030644735,0.49669864773750305,2898.0,0.39307211836179096,0.0004768172899881999,0.0007139254885260016,0.8917158842086792,0.014864718440908897,3.850769424708512,1.0334547061580899,0.7197583125865981,42.36956081972971,False,False,False
9qng_chainA,4510,10,0.03282015770673752,ActiveSite,0.5866591930389404,0.5004001259803772,613.3333129882812,1,4,26.956316783312406,8.763263523565612,-5.953584344291851,5.3195381474498715,8.35503753518799,14.780575680365606,8.757905024473024,0.5,1.5,1.0,0.031655963638060204,0.3333333333333333,17.80975856096876,3.75,25.833333333333332,0.06720475355784099,0.8303201198577881,0.4723827764391899,3218.0,0.40803059935569763,0.0004037320613861084,0.0007762051463942043,0.9756079018115997,0.012372363304738457,3.8477080224048135,0.7233161819225533,0.4316296078953137,21.158456013357455,False,False,False
9qng_chainA,4510,10,0.03282015770673752,ActiveSite,0.5866591930389404,0.5004001259803772,613.3333129882812,2,8,26.167883091320284,10.11627328082493,2.980541030984438,5.1726371436705705,7.487828635425146,14.205890966248917,7.550541410933671,0.2857142857142857,2.0,1.0,-0.1386550654650078,0.6071428571428571,10.532687216470448,36.25,13.214285714285714,0.08024874329566956,0.8397219777107239,0.2994447508826852,3289.5,0.41285067051649094,0.0003442615270614624,0.0005911239495617338,0.9900099039077759,0.006888168759012253,3.8477080224048135,0.7438580970468828,0.4514437046530773,26.34743258075864,False,False,False
9qng_chainA,4507,11,0.09085509926080704,Cryptic,0.5869463086128235,0.5031033754348755,1840.0,1,9,25.631924922797456,9.444501618560231,4.641405515969019,5.33350416638123,9.133955494008475,16.582773669120566,8.044762442302707,0.2777777777777778,2.2222222222222223,1.0,-0.11512936136364796,0.5833333333333334,11.1665284679121,34.44444444444444,14.166666666666666,0.07367479470041063,0.839825815624661,0.2947556616531478,3727.6666666666665,0.42537983920839095,0.0003494686550564236,0.0006048115642948283,0.9970446295208402,0.006730552262726727,3.8477080224048135,0.7214221461863926,0.440221190787616,28.11916125663662,False,False,False
9qng_chainA,4511,12,0.01917206309735775,ActiveSite,0.5866591930389404,0.6180766820907593,613.3333129882812,1,9,25.671184970277416,9.345020257686317,4.668103840428433,5.324712264109895,9.147839398276282,16.582773669120566,8.044762442302709,0.2777777777777778,2.2222222222222223,1.0,-0.11512936136364793,0.5833333333333334,11.1665284679121,34.44444444444444,14.166666666666666,0.07367479470041063,0.839825815624661,0.2947556616531478,3727.6666666666665,0.42537983920839095,0.0003494686550564236,0.0006048115642948283,0.9970446295208402,0.006730552262726727,3.9021881213934453,0.7328448802192233,0.44070745141596646,28.158389515083208,False,False,False
9qng_chainA,3521,13,0.06387368589639664,Cryptic,0.5869463086128235,0.5696819424629211,1840.0,1,7,27.00950794958087,11.229136359450541,-0.28442139210335465,6.64637123973351,9.28428642204088,17.76266814578652,9.383806225605957,0.2857142857142857,1.7142857142857142,1.0,-0.13832284227629602,0.5714285714285714,6.226998490772391,40.714285714285715,8.095238095238095,0.04128061022077288,0.8684355190822056,0.29091798088380266,3248.285714285714,0.42319866589137484,0.00036470379148210796,0.0006326663964760623,1.0282167451722282,0.00691031545989071,3.8477080224048135,0.5789186134235694,0.46417247699812475,23.12676041089841,False,False,False
9qng_chainA,3521,13,0.06387368589639664,Cryptic,0.5869463086128235,0.5696819424629211,1840.0,2,3,28.758285674556753,11.074767917273133,-6.129174007198776,4.171793619774339,5.63737693946109,10.757999964462215,7.624824128474988,0.6666666666666666,1.3333333333333333,1.0,0.13813374739164483,0.3333333333333333,10.801234497346433,-5.0,16.666666666666668,0.0856936772664388,0.8308215339978536,0.509013444185257,3144.6666666666665,0.40540148814519245,0.00038123130798339844,0.0005746134071766088,0.9692788521448771,0.012053385633137034,3.8477080224048135,0.9223150455397994,0.5624929504919522,18.573232654566795,False,False,False
9qng_chainA,1507,14,0.017319053411483765,Cryptic,0.6610003113746643,0.5641791224479675,455.6666564941406,1,4,33.072382635196774,10.918081454488838,9.08480389584014,6.214255125373992,9.34991145751157,14.113397428542685,9.785674409879565,0.5,1.5,1.0,0.04067892236043672,0.5,6.123724356957945,-40.0,8.333333333333334,0.04249170422554016,0.9106231182813644,0.36535729467868805,2695.5,0.42218342423439026,0.00031071901321411133,0.00023545900694443844,1.0620176792144775,0.0024247411811734875,3.855359261831826,0.6204056936912128,0.536977100674769,28.021635587780136,False,False,False
9qng_chainA,4509,15,0.013198171742260456,ActiveSite,0.6610003113746643,0.6911365985870361,455.6666564941406,1,3,23.85547603716995,0.6047636950708192,11.796551903304326,2.9515179284369464,4.778613922243969,6.163095234431993,5.071262376677275,0.6666666666666666,1.3333333333333333,1.0,0.1754593543247959,0.3333333333333333,12.47219128924647,-13.333333333333334,20.0,0.24761545658111572,0.5925699671109518,0.4424867530663808,4910.333333333333,0.38200265169143677,0.0004539688428243001,0.000347102065764678,0.9521116415659586,0.011921161447273182,3.83508643241958,1.299360710456721,0.5961810275974326,38.419829388497114,False,False,False
9qng_chainA,4509,15,0.013198171742260456,ActiveSite,0.6610003113746643,0.6911365985870361,455.6666564941406,2,3,24.355030507838073,0.17172859074129015,16.904944536706925,3.737487171710566,5.042629222778188,8.359936457027214,6.315520238720148,1.0,2.0,2.0,0.330808939337494,0.3333333333333333,4.714045207910316,26.666666666666668,6.666666666666667,0.2067317565282186,0.8245575030644735,0.49669864773750305,2898.0,0.39307211836179096,0.0004768172899881999,0.0007139254885260016,0.8917158842086792,0.014864718440908897,3.850769424708512,1.0303097369418124,0.7195169949700911,42.24655722965875,False,False,False
9qng_chainA,3519,16,0.06411242485046387,Cryptic,0.6610003113746643,0.5339054465293884,1367.0,1,4,33.152414480652524,11.025680694111692,9.059041612775584,6.220581748181461,9.48262495505476,14.113397428542685,9.785674409879565,0.5,1.5,1.0,0.04067892236043672,0.5,6.123724356957945,-40.0,8.333333333333334,0.04249170422554016,0.9106231182813644,0.36535729467868805,2695.5,0.42218342423439026,0.00031071901321411133,0.00023545900694443844,1.0620176792144775,0.0024247411811734875,3.855359261831826,0.6197747120611204,0.5368801484800763,27.93706047620452,False,False,False
9qnh_chainA,508,1,0.004224745556712151,Cryptic,0.8157569169998169,0.488459974527359,270.0,1,6,-26.241969778357827,21.556224865038416,-12.475893274068818,5.6611040621402475,10.382178176807653,15.746312996526584,8.86954591708543,0.4,2.0,1.0,0.4055289196370995,0.13333333333333333,11.814539065631521,27.5,15.0,0.10918865203857422,0.8760526776313782,0.45258613551656407,2378.1666666666665,0.40131350855032605,0.00042865673700968426,0.0006560310187827175,1.0071824789047241,0.01077407157201927,3.858303407889149,0.6815461022333639,0.5777118874596149,29.35369742671155,False,False,False
9qnh_chainA,510,4,0.0021769029553979635,Cryptic,0.6898545622825623,0.6522933840751648,217.0,1,3,-26.472269346974002,32.704451793770176,-1.3805768738836055,2.8131369613832233,3.9915378787372853,5.9970081488394795,4.900016602134442,0.6666666666666666,1.3333333333333333,1.0,0.15695501352098035,0.3333333333333333,4.08248290463863,-10.0,6.666666666666667,0.10158876578013103,0.8955653111139933,0.4745335380236308,427.0,0.3627660671869914,0.00036784013112386066,0.0005865198521253964,1.1531274914741516,0.008696524208647435,3.8556448846252445,1.3705855553969966,0.6906566903468468,29.84976597542168,False,False,False
9qnh_chainA,4,5,0.002360666636377573,Cryptic,0.6660350561141968,0.7685481905937195,217.0,1,3,-26.548463239133604,25.961272724095952,-7.7736432530947335,2.814807541401993,4.0745663449971845,5.881465142318878,4.942872081202139,0.6666666666666666,1.3333333333333333,1.0,-0.29506384138309033,0.3333333333333333,14.337208778404378,31.666666666666668,23.333333333333332,0.013686577479044596,0.8431340654691061,0.388279269138972,3081.0,0.4084726969401042,0.00039249658584594727,0.0008880120391647021,0.982979933420817,0.010743951595225468,3.8556448846252445,1.369772116890391,0.47650062320036074,28.718988102686545,False,False,False
9qnh_chainA,5,6,0.0,Unknown,0.5290133953094482,1.0,87.0,1,3,-10.797228182478404,33.86829645640781,-5.327721048073151,3.3307520024872677,4.7232604954264765,7.500656731944289,5.850917813244673,0.6666666666666666,1.3333333333333333,1.0,0.5610679169438425,0.0,16.32993161855452,-10.0,26.666666666666668,0.0687795877456665,0.8921330173810323,0.23282746970653534,1141.0,0.3773733675479889,0.00046632687250773114,0.000808002621245881,1.0731103420257568,0.014213260114265998,3.8676521576194682,1.1611948757311459,0.650612790052642,15.676826816028502,False,False,False
9qnh_chainA,507,7,0.0,Cryptic,0.5983368754386902,0.4363425076007843,89.0,1,5,-32.896168916309335,17.396009940181063,-3.9281705990977285,5.679442269187401,9.14604923536631,13.919534522282301,9.100640682744162,0.5,2.0,1.0,-0.0821950438397907,0.6,6.6332495807108,29.0,9.0,0.04802885055541992,0.7853801846504211,0.24128313958644867,3692.0,0.4121380388736725,0.00033636093139648436,0.00038210308775887825,1.061296534538269,0.00935567442162823,3.8400923525525537,0.6761389887500315,0.5054671400283325,35.774084563418896,False,False,False
9qnh_chainA,4001,8,0.07259376347064972,ActiveSite,0.6243064999580383,0.4903157949447632,2896.0,1,3,-24.935005561225058,7.3637145773889205,-8.225477179136364,2.8764823452078363,3.6558924584488395,5.912417122746509,5.006685347348886,0.6666666666666666,1.3333333333333333,1.0,0.9227832225354633,0.0,12.47219128924647,-28.333333333333332,20.0,0.08922795454661052,0.8309968312581381,0.3795078694820404,5365.666666666667,0.47245484590530396,0.00046887000401814777,0.0006763665878679603,1.0458609263102214,0.011523802937924689,3.836815318432011,1.333856724281333,0.7185673531033416,32.30193469535434,False,False,False
9qnh_chainA,3514,9,0.06424632668495178,Cryptic,0.6243064999580383,0.6110804080963135,2896.0,1,3,-24.973155166096785,7.431192819451932,-8.084881729255594,2.8651415202841863,3.8135868876236327,5.912417122746509,5.006685347348886,0.6666666666666666,1.3333333333333333,1.0,0.9227832225354633,0.0,12.472191289246473,-28.333333333333332,20.0,0.08922795454661052,0.8309968312581381,0.3795078694820404,5365.666666666667,0.47245484590530396,0.00046887000401814777,0.0006763665878679603,1.0458609263102214,0.011523802937924689,3.836815318432011,1.3391364060967734,0.7188794323962734,32.28533857466328,False,False,False
9qnh_chainA,1512,10,0.028684256598353386,Cryptic,0.6243064999580383,0.4772616922855377,965.3333129882812,1,8,-26.98951740994456,12.86942017047336,-2.2600297074036475,7.219115583194759,12.87981216045429,20.19647570441384,10.513987054919989,0.25,1.75,1.0,-0.1088024332925172,0.5714285714285714,11.180339887498949,32.5,14.285714285714286,0.11419382052762168,0.8234765902161598,0.33616221509873867,2782.875,0.39582688733935356,0.00040005147457122803,0.0005058344286226202,1.002580851316452,0.012239514731257131,3.8678480344274564,0.5357786545808113,0.4108605962920487,31.58892890918488,False,False,False
9qnh_chainA,1512,10,0.028684256598353386,Cryptic,0.6243064999580383,0.4772616922855377,965.3333129882812,2,3,-24.974349546990606,7.429626463184298,-8.08895642748183,2.865464509332029,3.809303123826256,5.912417122746509,5.006685347348886,0.6666666666666666,1.3333333333333333,1.0,0.9227832225354633,0.0,12.47219128924647,-28.333333333333332,20.0,0.08922795454661052,0.8309968312581381,0.3795078694820404,5365.666666666667,0.47245484590530396,0.00046887000401814777,0.0006763665878679603,1.0458609263102214,0.011523802937924689,3.836815318432011,1.3389854614972756,0.7188705250410492,32.287523215223864,False,False,False
9qnh_chainA,4513,11,0.025788811966776848,ActiveSite,0.6243064999580383,0.8439634442329407,965.3333129882812,1,6,-26.17725492796722,11.935052932935932,-0.4237927913851821,5.402761181314848,9.703387028704714,13.79926162323943,8.202765474653097,0.3333333333333333,1.6666666666666667,1.0,-0.019636078032608317,0.4666666666666667,8.036375634160796,37.5,10.333333333333334,0.11495436827341715,0.8093331058820089,0.32802340636650723,2918.6666666666665,0.3937658915917079,0.00042568643887837726,0.0005429520776184896,0.9739389816919962,0.012283219289120071,3.826673384796564,0.7082810541452217,0.5082830784844052,31.45813567650756,False,False,False
9qnh_chainA,4513,11,0.025788811966776848,ActiveSite,0.6243064999580383,0.8439634442329407,965.3333129882812,2,3,-24.97627980484833,7.433273875456032,-8.08130538342639,2.8649707798881665,3.817873629008678,5.912417122746509,5.006685347348886,0.6666666666666666,1.3333333333333333,1.0,0.9227832225354633,0.0,12.472191289246473,-28.333333333333332,20.0,0.08922795454661052,0.8309968312581381,0.3795078694820404,5365.666666666667,0.47245484590530396,0.00046887000401814777,0.0006763665878679603,1.0458609263102214,0.011523802937924689,3.836815318432011,1.3392162130818592,0.7188841415138618,32.28653300921905,False,False,False
9qnh_chainA,4512,12,0.02636939100921154,ActiveSite,0.6243064999580383,0.4522961676120758,965.3333129882812,1,3,-24.96162869240829,7.433020433623822,-8.076175996240195,2.8642407414486395,3.8216289459692003,5.912417122746509,5.006685347348886,0.6666666666666666,1.3333333333333333,1.0,0.9227832225354633,0.0,12.472191289246473,-28.333333333333332,20.0,0.08922795454661052,0.8309968312581381,0.3795078694820404,5365.666666666667,0.47245484590530396,0.00046887000401814777,0.0006763665878679603,1.0458609263102214,0.011523802937924689,3.836815318432011,1.3395575528652928,0.7189042799679173,32.273981478171535,False,False,False
9qnh_chainA,4512,12,0.02636939100921154,ActiveSite,0.6243064999580383,0.4522961676120758,965.3333129882812,2,4,-29.46987936818738,17.397631318745148,-7.108359895998209,6.0825998815645725,7.181491644795242,13.685120943417598,9.24645475631897,0.5,1.5,1.0,0.2734204344710988,0.3333333333333333,5.5901699437494745,22.5,8.333333333333334,0.11361601948738098,0.829067662358284,0.2912808395922184,2599.25,0.3963326960802078,0.00035075843334198,0.00040639224971528165,1.0713647902011871,0.01323284301619761,4.618017731929014,0.7592177394284174,0.6105423741794843,32.44529171877046,False,False,False
9qnh_chainA,4511,13,0.02060629241168499,ActiveSite,0.6243064999580383,0.6629576086997986,965.3333129882812,1,3,-24.947598913182908,7.4235362310823865,-8.092556896445462,2.865097119495303,3.802099255413221,5.912417122746509,5.006685347348886,0.6666666666666666,1.3333333333333333,1.0,0.9227832225354633,0.0,12.472191289246473,-28.333333333333332,20.0,0.08922795454661052,0.8309968312581381,0.3795078694820404,5365.666666666667,0.47245484590530396,0.00046887000401814777,0.0006763665878679603,1.0458609263102214,0.011523802937924689,3.836815318432011,1.3391571588707192,0.7188806569648715,32.26872910166459,False,False,False
9qnh_chainA,4508,15,0.002682329621165991,Cryptic,0.8157569169998169,0.538357138633728,270.0,1,7,-20.77020278932344,22.779117116975353,-12.67079209642032,6.643486006633954,8.955009885539813,15.679644616345758,9.838219402620027,0.2857142857142857,1.7142857142857142,1.0,0.25803797659964955,0.19047619047619047,10.301575072754256,32.857142857142854,13.333333333333334,0.10356831550598145,0.86558826480593,0.44797006781612125,2819.1428571428573,0.41275995544024874,0.00045893873487200053,0.0005625028674590535,1.038903193814414,0.010260848086419494,3.858303407889149,0.5807648881982111,0.5327384286100992,24.043071625940424,False,False,False
9qnh_chainA,4507,16,0.0,Cryptic,0.5983368754386902,0.49385592341423035,89.0,1,4,-35.85887032057409,19.03098456846879,-2.4249300538886986,4.565333438946263,6.4343696311606875,12.121032855233928,7.353693992132006,0.5,1.5,1.0,0.11288489186051892,0.5,8.2915619758885,17.5,11.666666666666666,0.17481672763824463,0.8140470385551453,0.3019050769507885,2992.75,0.39733192324638367,0.0003445148468017578,0.0003699517728819046,0.9944341629743576,0.009382531826022531,3.8442629672046333,0.8420552449487541,0.5667476140979031,38.477745497667364,False,False,False
9qni_chainA,509,1,0.0,Cryptic,0.49061086773872375,0.5117431879043579,2876.0,1,3,-25.59964989762754,-5.2651785737724035,9.208435113030422,2.8316369189375785,3.944080894848303,5.450503613720572,4.841616304503713,0.6666666666666666,1.3333333333333333,1.0,0.1264761867753752,0.3333333333333333,4.714045207910317,36.666666666666664,6.666666666666667,0.026688496271769207,0.8065663576126099,0.434067040681839,5229.333333333333,0.45468292633692425,0.0004490216573079427,0.00070271505198131,0.949416438738505,0.014157618819231504,3.834406151937693,1.3541305830185144,0.6852037031360046,31.85083062204409,False,False,False
9qni_chainA,509,1,0.0,Cryptic,0.49061086773872375,0.5117431879043579,2876.0,2,3,-26.564224057174023,-6.670768879533684,8.823609516505902,5.620912567656383,7.949641498247391,14.069479118344786,9.803572401881981,0.6666666666666666,1.3333333333333333,1.0,0.230860381832009,0.3333333333333333,8.498365855987975,-33.333333333333336,13.333333333333334,0.09484946727752686,0.9071746667226156,0.5571986337502798,3857.3333333333335,0.45973867177963257,0.0003612836201985677,0.0006136791780591011,1.153641700744629,0.008901889744511707,3.834406151937693,0.6821679052617666,0.5749825289196631,30.20344791641972,False,False,False
9qni_chainA,1,2,0.11491753160953522,ActiveSite,0.5969634652137756,0.5345813632011414,2876.0,1,6,-25.02261012799948,-3.6112161464168384,11.413044357478226,4.060300858409929,6.111658746240697,10.871930608536033,6.261542437462435,0.4666666666666667,2.3333333333333335,1.0,0.0584605290601328,0.4666666666666667,5.5901699437494745,37.5,7.0,0.04192991256713867,0.7791178027788798,0.3555653244256973,4670.833333333333,0.4369053393602371,0.00045922398567199707,0.0005701223393164886,1.0326433380444844,0.013200874745791444,3.834406151937693,0.9443650324570532,0.5992122360003966,34.31412034037997,False,False,False
9qni_chainA,1,2,0.11491753160953522,ActiveSite,0.5969634652137756,0.5345813632011414,2876.0,2,3,-26.62626306942353,-6.74195343368439,8.761731286477767,5.591394347882546,7.853922913673232,14.069479118344786,9.803572401881981,0.6666666666666666,1.3333333333333333,1.0,0.230860381832009,0.3333333333333333,8.498365855987975,-33.333333333333336,13.333333333333334,0.09484946727752686,0.9071746667226156,0.5571986337502798,3857.3333333333335,0.45973867177963257,0.0003612836201985677,0.0006136791780591011,1.153641700744629,0.008901889744511707,3.834406151937693,0.6857692220170051,0.5754567914487904,30.10124577187756,False,False,False
9qni_chainA,3,3,0.0019847543444484472,Unknown,0.5524132251739502,0.529249370098114,141.0,1,14,-22.30054401954352,-22.589373734764987,15.497222636563603,6.878554719599274,13.38723963156546,21.417697991005642,9.787903994516133,0.2087912087912088,2.7142857142857144,1.0,0.17970651212625105,0.3956043956043956,19.564779892574766,26.071428571428573,23.021978021978022,0.1265114231424017,0.836838390145983,0.5369514652660915,2080.5714285714284,0.3837903482573373,0.000392981937953404,0.0003777799491737304,1.0509827733039856,0.008502988171177847,4.902221189777711,0.7126818626316461,0.43947046302071513,24.169362933222047,False,False,False
9qni_chainA,0,4,0.0,Unknown,0.5420923233032227,0.5096822381019592,137.0,1,3,-34.921360029446404,-25.891117121909236,2.7686904655018822,2.8482989017742244,4.427549698814076,5.738531178931412,4.8601881815764605,1.0,2.0,2.0,0.3096226042946882,0.3333333333333333,4.714045207910316,21.666666666666668,6.666666666666667,0.15789941946665445,0.8466835816701254,0.24057463059822717,1959.6666666666667,0.3769467969735463,0.0002493858337402344,0.0004614750941982493,0.985668957233429,0.006019694502996679,3.832655280228497,1.3455944802145277,0.7438294109618617,9.366044802208577,False,False,False
9qni_chainA,2,5,0.003807221772149205,Cryptic,0.6702662110328674,0.6846726536750793,203.0,1,7,-28.37705726760397,-25.360304147154398,4.960156647596964,5.842775895310695,10.556810597535028,15.232170838852396,8.894243811044527,0.38095238095238093,2.2857142857142856,1.0,-0.04368132613665723,0.6190476190476191,10.151907431108496,14.285714285714286,12.857142857142858,0.11776969546363467,0.8262828929083688,0.49485732295683454,1461.857142857143,0.3592811567442758,0.00032012803213936944,0.0005218046821287967,1.00012184040887,0.007604178841581494,3.821488698754987,0.6540536154778833,0.46849800900503685,12.519235917064512,False,False,False
9qni_chainA,4,8,0.0017006800044327974,Unknown,0.5605071783065796,0.625953197479248,122.0,1,8,-27.139730124894612,-9.259694181267765,-7.2617424515815365,5.792538402726035,11.655590613450634,14.312064263088677,8.443030344499853,0.25,1.75,1.0,0.024459360537097175,0.4642857142857143,8.454843286542927,40.625,10.535714285714286,0.06104813516139984,0.7705778554081917,0.39028792828321457,3703.125,0.396999828517437,0.0002937614917755127,0.0004878131458099233,0.9057091623544693,0.004902686168981615,3.863215927812256,0.666929704944931,0.5062181951058614,25.844461838033187,False,False,False
9qni_chainA,5,9,0.0,Cryptic,0.4838300943374634,1.0,112.0,1,4,-13.468233997869808,-33.19909308241185,6.032826017646476,3.854265358853737,6.191678283897879,10.590408254892203,6.46323029381005,0.5,1.5,1.0,0.06803725387564064,0.5,12.24744871391589,30.0,16.666666666666668,0.16449016332626343,0.7642998993396759,0.4858165979385376,3109.25,0.38615888357162476,0.00047369301319122314,0.0005743401852669194,0.9736716598272324,0.012489858113779095,,,0.5013420562142169,22.361695240815386,False,False,False
9qni_chainA,7,11,0.0,Unknown,0.6595833897590637,0.712959349155426,65.0,1,3,-4.952093042719606,-31.956903626458345,1.958017044535037,3.859376796505387,5.676570725509543,11.291714748699237,7.5340881792332866,0.6666666666666666,1.3333333333333333,1.0,0.16178014923543593,0.3333333333333333,2.3570226039551585,16.666666666666668,3.3333333333333335,0.1695627768834432,0.8713834881782532,0.41080992420514423,1317.6666666666667,0.3739415605862935,0.0004753271738688151,0.0005950304524352154,1.0410306056340535,0.00791906813987827,11.806518547556388,3.0591774708929766,0.7349463605842123,29.589384900055137,False,False,False
9qni_chainA,4510,12,0.027251506224274635,ActiveSite,0.5969634652137756,0.45104101300239563,958.6666870117188,1,8,-24.46719672887022,-2.1906096364922334,12.769041516062073,4.626222789949299,7.900563244807371,14.235503653938435,6.943274173413985,0.39285714285714285,2.75,1.0,0.05387681395828696,0.4642857142857143,10.43955818030629,34.375,11.607142857142858,0.0435401052236557,0.7700802311301231,0.3492992799729109,4739.625,0.43514131009578705,0.0004610121250152588,0.0005492327672982356,1.0183398872613907,0.012486770669454,3.834406151937693,0.8288416546362904,0.5249830072042228,36.258060808496836,False,False,False
9qni_chainA,4510,12,0.027251506224274635,ActiveSite,0.5969634652137756,0.45104101300239563,958.6666870117188,2,3,-27.256889764190916,-7.007474176127714,8.61325620552392,5.482366552305713,7.153781464419496,14.069479118344786,9.803572401881981,0.6666666666666666,1.3333333333333333,1.0,0.230860381832009,0.3333333333333333,8.498365855987975,-33.333333333333336,13.333333333333334,0.09484946727752686,0.9071746667226156,0.5571986337502798,3857.3333333333335,0.45973867177963257,0.0003612836201985677,0.0006136791780591011,1.153641700744629,0.008901889744511707,3.834406151937693,0.6994071110267264,0.5772197212960365,29.65558149679121,False,False,False
9qni_chainA,1513,13,0.013312355615198612,Cryptic,0.49061086773872375,0.8371591567993164,958.6666870117188,1,9,-24.11237196769341,-1.578874197427134,13.843049092213892,5.055931379179424,9.039988454232146,16.867375992822435,7.595974328754614,0.3333333333333333,2.6666666666666665,1.0,0.008467832486948391,0.5277777777777778,10.0,35.0,10.555555555555555,0.0706904563638899,0.7884931961695353,0.38559797571765053,4272.555555555556,0.4294074806902144,0.00046244594785902236,0.0005289643191240935,1.0402488046222262,0.013892618193065405,3.834406151937693,0.7583975857995161,0.50147664745679,37.34030579146517,False,False,False
9qni_chainA,1513,13,0.013312355615198612,Cryptic,0.49061086773872375,0.8371591567993164,958.6666870117188,2,3,-27.258417379551535,-7.011091748980079,8.609776407512632,5.481098942879566,7.150333254988769,14.069479118344786,9.803572401881981,0.6666666666666666,1.3333333333333333,1.0,0.230860381832009,0.3333333333333333,8.498365855987975,-33.333333333333336,13.333333333333334,0.09484946727752686,0.9071746667226156,0.5571986337502798,3857.3333333333335,0.45973867177963257,0.0003612836201985677,0.0006136791780591011,1.153641700744629,0.008901889744511707,3.834406151937693,0.6995688623572335,0.5772403243201671,29.65068079888058,False,False,False
9qni_chainA,4514,14,0.033347148448228836,ActiveSite,0.49061086773872375,0.46615099906921387,958.6666870117188,1,9,-27.012477739751425,-6.362063608386708,9.5382455416078,6.212246660331341,9.289197655790561,18.203805114442567,9.140603110696329,0.2777777777777778,2.2222222222222223,1.0,-0.06523244631653703,0.6111111111111112,8.498365855987975,33.333333333333336,10.555555555555555,0.06955868668026394,0.7924100226826138,0.4542563358942668,4365.111111111111,0.43284827801916337,0.0004258288277520074,0.0005797942689645828,1.0445355110698276,0.011434348553689704,3.834406151937693,0.6172334038863129,0.46935570371245317,30.642533784535374,False,False,False
9qni_chainA,4514,14,0.033347148448228836,ActiveSite,0.49061086773872375,0.46615099906921387,958.6666870117188,2,3,-26.5247494358137,-6.689133828182925,8.796203599420418,5.617484562532392,7.972591373999149,14.069479118344786,9.803572401881981,0.6666666666666666,1.3333333333333333,1.0,0.23086038183200905,0.3333333333333333,8.498365855987974,-33.333333333333336,13.333333333333334,0.09484946727752686,0.9071746667226156,0.5571986337502798,3857.3333333333335,0.45973867177963257,0.0003612836201985677,0.0006136791780591011,1.153641700744629,0.008901889744511707,3.834406151937693,0.6825841903531857,0.575037541150865,30.186817260384803,False,False,False
9qni_chainA,1514,15,0.021844936534762383,Cryptic,0.49061086773872375,0.6145156025886536,958.6666870117188,1,7,-24.44219783764375,-2.8727334297953817,12.152031419069681,4.386796604487269,6.990469157841846,12.427080102332843,6.636357325242662,0.47619047619047616,2.857142857142857,2.0,0.08213844876951695,0.47619047619047616,5.248906591678239,37.857142857142854,6.190476190476191,0.0477279197602045,0.7702288116727557,0.37295552236693247,4637.0,0.4309938762869154,0.0004589727946690151,0.0005790927035767319,0.9978552716118949,0.013211408671963161,3.834406151937693,0.874078854719516,0.5979787690479155,35.41630733507949,False,False,False
9qni_chainA,1514,15,0.021844936534762383,Cryptic,0.49061086773872375,0.6145156025886536,958.6666870117188,2,3,-26.894090316803165,-6.856434938593458,8.696875059887544,5.537394735652838,7.555560523378087,14.069479118344786,9.803572401881981,0.6666666666666666,1.3333333333333333,1.0,0.230860381832009,0.3333333333333333,8.498365855987975,-33.333333333333336,13.333333333333334,0.09484946727752686,0.9071746667226156,0.5571986337502798,3857.3333333333335,0.45973867177963257,0.0003612836201985677,0.0006136791780591011,1.153641700744629,0.008901889744511707,3.834406151937693,0.692456712043598,0.5763277031297667,29.908576150111948,False,False,False
9qni_chainA,4001,16,0.05429188162088394,ActiveSite,0.5969634652137756,0.5002941489219666,2876.0,1,8,-24.478145493890764,-2.156750194571948,12.799378982205548,4.622355785228805,7.947145438862949,14.235503653938435,6.943274173413985,0.39285714285714285,2.75,1.0,0.05387681395828695,0.4642857142857143,10.43955818030629,34.375,11.607142857142858,0.0435401052236557,0.7700802311301231,0.3492992799729109,4739.625,0.43514131009578705,0.0004610121250152588,0.0005492327672982356,1.0183398872613907,0.012486770669454,3.834406151937693,0.8295350531412828,0.5250525245443683,36.297229044049594,False,False,False
9qni_chainA,4001,16,0.05429188162088394,ActiveSite,0.5969634652137756,0.5002941489219666,2876.0,2,3,-27.034933032018536,-6.944197390004158,8.633858608522685,5.50306242206164,7.382511905701802,14.069479118344786,9.803572401881981,0.6666666666666666,1.3333333333333333,1.0,0.230860381832009,0.3333333333333333,8.498365855987975,-33.333333333333336,13.333333333333334,0.09484946727752686,0.9071746667226156,0.5571986337502798,3857.3333333333335,0.45973867177963257,0.0003612836201985677,0.0006136791780591011,1.153641700744629,0.008901889744511707,3.834406151937693,0.6967767867879627,0.57688369338434,29.772494196594838,False,False,False
9qni_chainA,4511,17,0.027208931744098663,ActiveSite,0.5969634652137756,0.47495588660240173,958.6666870117188,1,7,-24.44290259375416,-2.8746205127208,12.148823573976987,4.387027105312463,6.987051956203216,12.427080102332843,6.636357325242661,0.47619047619047616,2.857142857142857,2.0,0.08213844876951695,0.47619047619047616,5.248906591678239,37.857142857142854,6.190476190476191,0.0477279197602045,0.7702288116727557,0.37295552236693247,4637.0,0.4309938762869154,0.0004589727946690151,0.0005790927035767319,0.9978552716118949,0.013211408671963161,3.834406151937693,0.8740329293371416,0.597974472191934,35.41315417152678,False,False,False
9qni_chainA,4511,17,0.027208931744098663,ActiveSite,0.5969634652137756,0.47495588660240173,958.6666870117188,2,3,-26.91468907578963,-6.870686021195894,8.686173805632693,5.5316820095412735,7.529405467782131,14.069479118344786,9.803572401881981,0.6666666666666666,1.3333333333333333,1.0,0.23086038183200905,0.3333333333333333,8.498365855987974,-33.333333333333336,13.333333333333334,0.09484946727752686,0.9071746667226156,0.5571986337502798,3857.3333333333335,0.45973867177963257,0.0003612836201985677,0.0006136791780591011,1.153641700744629,0.008901889744511707,3.834406151937693,0.6931718318811441,0.5764200931710237,29.886826361905886,False,False,False
9qni_chainA,1511,18,0.01964944414794445,Cryptic,0.5969634652137756,0.6145156025886536,958.6666870117188,1,7,-24.33009678348746,-2.856172118951316,12.32015022872488,4.383660763667432,7.100801985507494,12.427080102332843,6.636357325242662,0.47619047619047616,2.857142857142857,2.0,0.08213844876951695,0.47619047619047616,5.248906591678239,37.857142857142854,6.190476190476191,0.0477279197602045,0.7702288116727557,0.37295552236693247,4637.0,0.4309938762869154,0.0004589727946690151,0.0005790927035767319,0.9978552716118949,0.013211408671963161,3.834406151937693,0.8747041248533508,0.598037241475548,35.53103522198221,False,False,False
9qni_chainA,1511,18,0.01964944414794445,Cryptic,0.5969634652137756,0.6145156025886536,958.6666870117188,2,3,-27.202712206874576,-7.003152516937073,8.606616356798895,5.482631275938466,7.203071670950803,14.069479118344786,9.803572401881981,0.6666666666666666,1.3333333333333333,1.0,0.230860381832009,0.3333333333333333,8.498365855987975,-33.333333333333336,13.333333333333334,0.09484946727752686,0.9071746667226156,0.5571986337502798,3857.3333333333335,0.45973867177963257,0.0003612836201985677,0.0006136791780591011,1.153641700744629,0.008901889744511707,3.834406151937693,0.6993733408200709,0.5772154189388883,29.669666220111775,False,False,False
9qni_chainA,1510,19,0.01362534798681736,Cryptic,0.5969634652137756,0.8371591567993164,958.6666870117188,1,7,-24.33009678348746,-2.856172118951316,12.32015022872488,4.383660763667432,7.100801985507494,12.427080102332843,6.636357325242662,0.47619047619047616,2.857142857142857,2.0,0.08213844876951695,0.47619047619047616,5.248906591678239,37.857142857142854,6.190476190476191,0.0477279197602045,0.7702288116727557,0.37295552236693247,4637.0,0.4309938762869154,0.0004589727946690151,0.0005790927035767319,0.9978552716118949,0.013211408671963161,3.834406151937693,0.8747041248533508,0.598037241475548,35.53103522198221,False,False,False
9qni_chainA,1510,19,0.01362534798681736,Cryptic,0.5969634652137756,0.8371591567993164,958.6666870117188,2,3,-27.202712206874576,-7.003152516937073,8.606616356798895,5.482631275938466,7.203071670950803,14.069479118344786,9.803572401881981,0.6666666666666666,1.3333333333333333,1.0,0.230860381832009,0.3333333333333333,8.498365855987975,-33.333333333333336,13.333333333333334,0.09484946727752686,0.9071746667226156,0.5571986337502798,3857.3333333333335,0.45973867177963257,0.0003612836201985677,0.0006136791780591011,1.153641700744629,0.008901889744511707,3.834406151937693,0.6993733408200709,0.5772154189388883,29.669666220111775,False,False,False
9qni_chainA,4007,21,0.0,Unknown,0.6595833897590637,0.7238339781761169,65.0,1,3,-4.955671669043516,-31.955826298991216,1.9493281582780884,3.862066610648528,5.6853738592679885,11.291714748699237,7.5340881792332866,0.6666666666666666,1.3333333333333333,1.0,0.16178014923543593,0.3333333333333333,2.3570226039551585,16.666666666666668,3.3333333333333335,0.1695627768834432,0.8713834881782532,0.41080992420514423,1317.6666666666667,0.3739415605862935,0.0004753271738688151,0.0005950304524352154,1.0410306056340535,0.00791906813987827,,,0.6349140828144946,29.58462976553046,False,False,False
9qnj_chainA,507,1,0.0,Cryptic,0.5744906067848206,0.5234817266464233,1915.0,1,10,27.573526418760274,9.775136474600645,-7.394293432688235,5.843891765005025,10.282865090466949,16.945677361586952,8.466929344147049,0.24444444444444444,2.2,1.0,-0.06924792535524742,0.5333333333333333,11.84271928232701,33.5,14.555555555555555,0.05606858862770928,0.8353949248790741,0.33614281564950943,3553.8,0.4190852463245392,0.0004373610019683838,0.0006836172717157752,0.9737954080104828,0.011642876676759102,3.8198932728343444,0.6536557189010601,0.43795716372145094,25.037283794648303,False,False,False
9qnj_chainA,507,1,0.0,Cryptic,0.5744906067848206,0.5234817266464233,1915.0,2,3,25.961427052815754,18.362297693888344,-2.4021101196606955,3.2543064430300657,3.4308899793633723,6.191683061672767,5.638069585543704,0.6666666666666666,1.3333333333333333,1.0,0.2413083639472352,0.3333333333333333,8.498365855987975,6.666666666666667,13.333333333333334,0.006024599075317383,0.7283413410186768,0.6270783146222433,2322.6666666666665,0.3550451497236888,0.0003083944320678711,0.0006443383899750188,1.0276387135187786,0.0022149219154915765,3.820370029632672,1.173942926553514,0.6546434053393457,17.102770992088228,False,False,False
9qnj_chainA,3,2,0.054525990039110184,ActiveSite,0.5225258469581604,0.5068395137786865,1915.0,1,5,28.43380045386697,9.913137929284959,-5.0148299378502,5.723048988468635,8.651063283636772,12.976501366399098,8.5452906078939,0.4,1.6,1.0,0.2235700278205947,0.3,11.661903789690601,38.0,16.0,0.059564483165740964,0.8524705529212951,0.3002007007598877,3546.4,0.42447522282600403,0.0003968119621276855,0.0006342591543216259,0.9900294661521911,0.005674612675136355,3.8198932728343444,0.6674577276083156,0.5353981349758866,24.333785062748678,False,False,False
9qnj_chainA,3,2,0.054525990039110184,ActiveSite,0.5225258469581604,0.5068395137786865,1915.0,2,3,25.65115264225014,17.386593228565243,-1.7359916717730173,3.3635808036067627,4.581284345558465,6.191683061672767,5.638069585543704,0.6666666666666666,1.3333333333333333,1.0,0.2413083639472352,0.3333333333333333,8.498365855987975,6.666666666666667,13.333333333333334,0.006024599075317383,0.7283413410186768,0.6270783146222433,2322.6666666666665,0.3550451497236888,0.0003083944320678711,0.0006443383899750188,1.0276387135187786,0.0022149219154915765,3.820370029632672,1.135804445529031,0.6520608303116092,18.124523022179794,False,False,False
9qnj_chainA,506,3,0.0069664218463003635,Cryptic,0.8263499736785889,0.4786108732223511,239.0,1,3,25.818248480749745,19.359802140458154,10.745047447722595,3.8343153538947803,7.428893089207083,8.634070569958443,6.253300201052273,0.6666666666666666,1.3333333333333333,1.0,0.7161939815443644,0.0,7.0710678118654755,-20.0,10.0,0.1317737102508545,0.857209583123525,0.24655246982971826,1966.6666666666667,0.3789282441139221,0.000333706537882487,0.0008362655838330587,0.945625921090444,0.013744949298237512,3.862368952372151,1.0073164557132408,0.7490088504057965,20.965091315067795,False,False,False
9qnj_chainA,506,3,0.0069664218463003635,Cryptic,0.8263499736785889,0.4786108732223511,239.0,2,3,26.522708440694515,19.7299810958986,17.666298491604273,4.19784319502205,4.5286923436015485,8.498192185769103,7.1590912840456395,1.0,2.0,2.0,0.321930481413193,0.3333333333333333,8.498365855987974,41.666666666666664,13.333333333333334,0.1560067335764567,0.8447873195012411,0.3255682736635208,2202.0,0.38333837191263836,0.0004686117172241211,0.0008122869670235863,0.9410910606384277,0.014347980632872818,3.8941597140922855,0.9276572594970001,0.6596716893209362,25.46825521978801,False,False,False
9qnj_chainA,6,5,0.0,Unknown,0.4687628149986267,0.5044635534286499,57.0,1,3,36.73927005509957,24.846912123850057,5.626028337995839,3.305069572836216,4.041257334154097,5.728023379846536,5.112970189042465,0.6666666666666666,1.3333333333333333,1.0,0.15008111622355436,0.6666666666666666,4.714045207910317,-36.666666666666664,6.666666666666667,0.12387625376383464,0.9096281925837199,0.32858434319496155,742.3333333333334,0.3650722901026408,0.00019778807957967123,0.00029500399371803115,1.0341414213180542,0.0069525171165531465,3.8674295715301397,1.1701507294478342,0.6742496402236184,12.119364751942225,False,False,False
9qnj_chainA,2,6,0.0,Cryptic,0.5031553506851196,1.0,66.0,1,3,10.76637699406928,29.791133132038397,0.7353438985386923,4.969690927053597,6.43098536424693,11.752476382740518,8.725519023073884,0.6666666666666666,1.3333333333333333,1.0,-0.31787398781920756,0.6666666666666666,0.0,-45.0,0.0,0.08765828609466553,0.8869994481404623,0.4704592128594716,2036.0,0.40316371122996014,0.0004667838414510091,0.0008350497422118982,1.1168002486228943,0.01581405486522888,3.8638706198383748,0.7774871066537663,0.5734525576226996,23.72473349016464,False,False,False
9qnj_chainA,4515,9,0.025477195158600807,ActiveSite,0.5225258469581604,0.7643850445747375,638.3333129882812,1,3,26.007724599788492,18.52730901428545,-1.673307006595441,3.3335918911038527,3.620993430392315,6.191683061672767,5.638069585543704,0.6666666666666666,1.3333333333333333,1.0,0.2413083639472352,0.3333333333333333,8.498365855987975,6.666666666666667,13.333333333333334,0.006024599075317383,0.7283413410186768,0.6270783146222433,2322.6666666666665,0.3550451497236888,0.0003083944320678711,0.0006443383899750188,1.0276387135187786,0.002214921915491577,3.820370029632672,1.1460221150128944,0.6527612862444396,16.952678630909134,False,False,False
9qnj_chainA,4513,10,0.02560773305594921,ActiveSite,0.5225258469581604,0.5144375562667847,638.3333129882812,1,8,26.472756411281807,7.182923076465407,-5.025416839650887,5.627348210193776,12.184279038668436,16.55320579624372,8.565291938686071,0.25,1.75,1.0,-0.1118855265561898,0.5357142857142857,12.99038105676658,32.5,16.428571428571427,0.090839826634952,0.8075656816363335,0.31261616945266724,3588.75,0.41046473383903503,0.0004025772213935852,0.0005823576263992436,0.9634003788232803,0.011276820526591694,3.8198932728343444,0.6788087621652273,0.41595965007676444,27.456753307345718,False,False,False
9qnj_chainA,4513,10,0.02560773305594921,ActiveSite,0.5225258469581604,0.5144375562667847,638.3333129882812,2,3,26.015076385227438,18.562882584252982,-1.1579832618778212,3.4380153299272656,4.087284284285645,6.191683061672767,5.638069585543704,0.6666666666666666,1.3333333333333333,1.0,0.2413083639472352,0.3333333333333333,8.498365855987975,6.666666666666667,13.333333333333334,0.006024599075317383,0.7283413410186768,0.6270783146222433,2322.6666666666665,0.3550451497236888,0.0003083944320678711,0.0006443383899750188,1.0276387135187786,0.0022149219154915765,3.820370029632672,1.1112137855748,0.6503479273306222,16.949050857464908,False,False,False
9qnj_chainA,4507,11,0.10744065046310425,Cryptic,0.5744906067848206,0.5092899203300476,1915.0,1,4,25.426701074146333,9.85559474430144,5.753309930777263,4.70591912665296,7.11214223838413,11.778209685797183,7.416653366741506,0.5,1.5,1.0,-0.04179225790196219,0.6666666666666666,4.14578098794425,-46.25,5.833333333333333,0.08910787105560303,0.8399569690227509,0.3867901414632797,4171.75,0.4367707073688507,0.0003864765167236328,0.0003850755747407675,0.9776564985513687,0.011849099320701648,3.8198932728343444,0.8117209773537284,0.5698685160268545,26.415905989285,False,False,False
9qnj_chainA,4507,11,0.10744065046310425,Cryptic,0.5744906067848206,0.5092899203300476,1915.0,2,3,26.05288644996747,7.369583155524836,-1.699749377882752,5.165932965454469,9.08980882959189,10.621920822288185,7.824436913447386,0.6666666666666666,1.3333333333333333,1.0,0.296006032375341,0.3333333333333333,8.16496580927726,30.0,13.333333333333334,0.17801745732625326,0.7969227830568949,0.2786423017581304,3470.3333333333335,0.4097311496734619,0.00034801165262858075,0.0006545574136301487,1.0608999927838643,0.00583155674914151,3.8198932728343444,0.7394391871475421,0.6142123871269255,27.284582820995887,False,False,False
9qnj_chainA,4507,11,0.10744065046310425,Cryptic,0.5744906067848206,0.5092899203300476,1915.0,3,3,25.984873588205115,18.464143830742376,-1.2535438844632731,3.405878922919858,3.9547855438593738,6.191683061672767,5.638069585543704,0.6666666666666666,1.3333333333333333,1.0,0.2413083639472352,0.3333333333333333,8.498365855987975,6.666666666666667,13.333333333333334,0.006024599075317383,0.7283413410186768,0.6270783146222433,2322.6666666666665,0.3550451497236888,0.0003083944320678711,0.0006443383899750188,1.0276387135187786,0.0022149219154915765,3.820370029632672,1.1216987203871214,0.6510830620417885,17.04316293498665,False,False,False
9qnj_chainA,3517,12,0.0669797733426094,Cryptic,0.5744906067848206,0.5742222666740417,1915.0,1,5,28.398658745597935,9.774458203487432,-4.696660856628763,6.828468478208592,13.360707638627384,18.39526793046065,9.89879488405409,0.4,1.6,1.0,0.20662942166591697,0.3,10.198039027185569,34.0,14.0,0.11992727518081665,0.8203881859779358,0.2915504306554794,3824.4,0.4245611608028412,0.00038338899612426757,0.0005773240900452947,1.025071632862091,0.005635103404349228,3.8198932728343444,0.5594070302915817,0.5161629436704234,24.444607259909613,False,False,False
9qnj_chainA,3517,12,0.0669797733426094,Cryptic,0.5744906067848206,0.5742222666740417,1915.0,2,3,26.02126689905795,18.584204870399837,-1.0921588170271377,3.456599812422764,4.155860711245093,6.191683061672767,5.638069585543704,0.6666666666666666,1.3333333333333333,1.0,0.2413083639472352,0.3333333333333333,8.498365855987975,6.666666666666667,13.333333333333334,0.006024599075317383,0.7283413410186768,0.6270783146222433,2322.6666666666665,0.3550451497236888,0.0003083944320678711,0.0006443383899750188,1.0276387135187786,0.0022149219154915765,3.820370029632672,1.1052393209947373,0.6499257647213407,16.932505713013594,False,False,False
9qnj_chainA,4511,13,0.02582894265651703,ActiveSite,0.5744906067848206,0.63447105884552,638.3333129882812,1,3,25.599368472957046,11.202151190385147,3.538129890902153,3.317856358564383,5.59796040456738,8.094087608848552,5.884101241381342,0.6666666666666666,1.3333333333333333,1.0,-0.1250387783427799,0.6666666666666666,4.08248290463863,-45.0,6.666666666666667,0.10026641686757405,0.855256458123525,0.35300644238789874,3308.6666666666665,0.4190399845441182,0.0003943443298339844,0.00032036662256966036,0.9942414164543152,0.011240159811831617,3.8198932728343444,1.1513136374858584,0.5943819530171593,24.529856635826494,False,False,False
9qnj_chainA,4511,13,0.02582894265651703,ActiveSite,0.5744906067848206,0.63447105884552,638.3333129882812,2,3,25.32139384588456,7.070326608351663,0.0722873655938203,4.649678708595834,7.232961339597749,10.621920822288185,7.824436913447386,0.6666666666666666,1.3333333333333333,1.0,0.296006032375341,0.3333333333333333,8.16496580927726,30.0,13.333333333333334,0.17801745732625326,0.7969227830568949,0.2786423017581304,3470.3333333333335,0.4097311496734619,0.00034801165262858075,0.0006545574136301487,1.0608999927838643,0.00583155674914151,3.8198932728343444,0.8215391884545764,0.6231441049194636,27.893816149017464,False,False,False
9qnj_chainA,4511,13,0.02582894265651703,ActiveSite,0.5744906067848206,0.63447105884552,638.3333129882812,3,3,25.9848456054346,18.464008885197746,-1.2554858700818272,3.4054492379919856,3.952996036789343,6.191683061672767,5.638069585543704,0.6666666666666666,1.3333333333333333,1.0,0.2413083639472352,0.3333333333333333,8.498365855987975,6.666666666666667,13.333333333333334,0.006024599075317383,0.7283413410186768,0.6270783146222433,2322.6666666666665,0.3550451497236888,0.0003083944320678711,0.0006443383899750188,1.0276387135187786,0.0022149219154915765,3.820370029632672,1.1218402515038937,0.6510929359648153,17.043159763968738,False,False,False
9qnj_chainA,1514,14,0.01238610502332449,Cryptic,0.5225258469581604,0.8003396987915039,638.3333129882812,1,3,25.730502566845967,17.64451345569052,-1.5484665142815957,3.3512630674006765,4.381737836573438,6.191683061672767,5.638069585543704,0.6666666666666666,1.3333333333333333,1.0,0.2413083639472352,0.3333333333333333,8.498365855987975,6.666666666666667,13.333333333333334,0.006024599075317383,0.7283413410186768,0.6270783146222433,2322.6666666666665,0.3550451497236888,0.0003083944320678711,0.0006443383899750188,1.0276387135187786,0.0022149219154915765,3.820370029632672,1.139979151978614,0.6523478000277351,17.867673780745985,False,False,False
9qnj_chainA,4508,15,0.009503213688731194,ActiveSite,0.6173040270805359,0.5725340247154236,444.6666564941406,1,4,23.11145640028161,0.15311829973697977,16.923233253594614,3.3869877675713598,4.5617693474499745,8.632083774481272,5.566413696880654,0.5,1.5,1.0,-0.1721332696629182,0.6666666666666666,7.0710678118654755,-20.0,10.0,0.08015838265419006,0.8645715266466141,0.6364762634038925,2701.25,0.4128531366586685,0.0004695802927017212,0.0005550923888222314,1.090720146894455,0.018488157426159283,3.851980372454255,1.1372879492907997,0.5431281155080172,40.035866375611306,False,False,False
9qnj_chainA,1508,16,0.008068161085247993,Cryptic,0.6173040270805359,0.8478601574897766,444.6666564941406,1,4,23.110657983225472,0.15138752333921512,16.92569161674064,3.387430041949434,4.5586716636666065,8.632083774481272,5.566413696880654,0.5,1.5,1.0,-0.1721332696629182,0.6666666666666666,7.0710678118654755,-20.0,10.0,0.08015838265419006,0.8645715266466141,0.6364762634038925,2701.25,0.4128531366586685,0.0004695802927017212,0.0005550923888222314,1.090720146894455,0.018488157426159283,3.851980372454255,1.137139461111196,0.5431178586094936,40.038712352531974,False,False,False
9qnj_chainA,4005,18,0.04337412491440773,ActiveSite,0.6173040270805359,0.5723589658737183,1334.0,1,6,23.253988156589056,1.2336138775150682,14.864405460215,4.415743729038488,7.142601121209545,13.891444021735332,6.9660912821401855,0.4,2.0,1.0,-0.08272481589712537,0.6,10.960788698304922,-15.833333333333334,13.666666666666666,0.07803983290990193,0.8413255314032236,0.6315864622592926,3740.5,0.4325945128997167,0.00044206778208414715,0.0004353233161964454,1.072685420513153,0.013683887154943538,3.8233333176156474,0.865841306068766,0.4840767776380489,38.124542190223885,False,False,False
9qnj_chainA,3515,21,0.0029210031498223543,Cryptic,0.8263499736785889,0.5451279282569885,239.0,1,3,15.448518736797899,19.009849379721064,20.23245410371932,3.0179374546427318,3.4190119156421312,5.76352882399961,4.9346468461298265,0.6666666666666666,1.3333333333333333,1.0,-0.2115592438997712,0.6666666666666666,8.498365855987975,-36.666666666666664,13.333333333333334,0.10012936592102051,0.8680752317110697,0.35025525093078613,2549.6666666666665,0.3971565365791321,0.00031314293543497723,0.000417415973667327,0.9369182189305624,0.005239703440258941,4.1524174276679355,1.3759123540747815,0.5446820463990254,32.660558640508846,False,False,False
9qnk_chainA,509,2,0.11402365565299988,Cryptic,0.5868663787841797,0.4665418863296509,1819.0,1,6,30.313848425727105,10.7191677849265,-1.1611885493734013,5.260446782181237,8.961445776302432,13.626315535848398,8.273820713152757,0.4666666666666667,2.3333333333333335,1.0,0.3842430369925197,0.2,3.435921354681384,45.833333333333336,4.333333333333333,0.10786343018213908,0.8264061311880747,0.4226556494832039,3331.1666666666665,0.4114973197380702,0.00041439135869344074,0.0007068204746853249,0.9966332813103994,0.014647523055094898,3.822147661490306,0.7265823265120948,0.6772915653748827,22.273619322901215,False,False,False
9qnk_chainA,3,3,0.040975600481033325,ActiveSite,0.5190325379371643,0.5160654783248901,1819.0,1,8,28.129222646214664,9.504568099943485,-5.622555374294645,5.205220098411053,7.584644013074451,14.783803151493284,7.870249356615103,0.35714285714285715,2.5,2.0,-0.10695586919669098,0.5714285714285714,7.806247497997997,41.25,9.642857142857142,0.06237428954669407,0.7937185168266296,0.4035743772983551,3425.75,0.4064369909465313,0.00042060017585754395,0.0007865545576350996,1.0276142731308937,0.012878995886136602,3.8430599098388294,0.7383088202191417,0.48892645511355415,26.710504936015408,False,False,False
9qnk_chainA,4,5,0.0,Cryptic,0.5792620182037354,1.0,161.0,1,4,12.299467932662548,30.88266614664444,5.257445925376966,3.6724708900715557,5.273307186568074,9.522752622866424,6.046028136481368,0.5,1.5,1.0,-0.09709265097883736,0.6666666666666666,8.660254037844387,5.0,10.0,0.04898663361867269,0.8419348299503326,0.5832376256585121,2848.0,0.407997265458107,0.00046916306018829346,0.0007604176644235849,1.0595012456178665,0.013594609213404751,3.855231763431917,1.04976509789484,0.544180997485039,37.98954619694887,False,False,False
9qnk_chainA,510,7,0.03287297114729881,Cryptic,0.5803795456886292,0.5264412760734558,1819.0,1,12,29.321265576999572,11.095286333805443,-6.698087062446897,6.045754715345981,9.61507850868702,16.99398133912378,8.720343079800116,0.30303030303030304,3.3333333333333335,1.0,-0.0829321837482711,0.5454545454545454,9.673488971869917,37.083333333333336,11.893939393939394,0.05674427296176101,0.7895295272270838,0.3787219586471717,3638.5833333333335,0.40915094316005707,0.00042788684368133545,0.0007657514737123469,0.9985006302595139,0.011896274630966415,3.8064598100980414,0.6296087071538112,0.45532615282127337,27.788106501335047,False,False,False
9qnk_chainA,6,9,0.0,Unknown,0.4948877990245819,0.5193548798561096,92.0,1,5,26.799632158905,20.04244116676759,14.170865722748353,4.464717287137519,5.814669935394939,9.733947960379284,6.99772689030853,0.4,1.6,1.0,-0.1861753600718254,0.6,6.0,27.0,6.0,0.11643993854522705,0.8714412331581116,0.38094686046242715,2110.0,0.39751595854759214,0.0004486203193664551,0.000455700617749244,1.076479959487915,0.015614103317319925,3.8554062311466843,0.8635275165694791,0.5274029649273745,18.72191456495717,False,False,False
9qnk_chainA,6,9,0.0,Unknown,0.4948877990245819,0.5193548798561096,92.0,2,3,15.789187164069268,23.070694108667773,13.171661656824698,2.896222326488392,3.4770180809920146,5.886047667068571,5.0048876774648745,0.6666666666666666,1.3333333333333333,1.0,-0.17249677523239104,0.3333333333333333,6.236095644623236,36.666666666666664,10.0,0.06540866692860921,0.8716345429420471,0.5309958159923553,2574.6666666666665,0.40751105546951294,0.0004678169886271159,0.0006314614438451827,1.030869762102763,0.010352838629862532,5.022309329046322,1.734089708208197,0.5915590070709265,27.859798636994007,False,False,False
9qnk_chainA,1526,10,0.02161572501063347,Cryptic,0.5190325379371643,0.5352442264556885,606.3333129882812,1,8,27.88292894212001,7.969544788809655,-3.989244135569063,5.57386712564268,11.857657952384834,14.842013870476205,8.425979728194074,0.32142857142857145,2.25,1.0,-0.08732492276404326,0.5714285714285714,8.660254037844387,40.0,11.071428571428571,0.0702878747667585,0.7734665274620056,0.34586415719240904,3601.25,0.4066137336194515,0.00039496272802352905,0.000716492502760957,1.055479995906353,0.010458953127176172,3.8430599098388294,0.6894782066401907,0.4759467834481397,24.97543488709458,False,False,False
9qnk_chainA,4518,11,0.02355332486331463,ActiveSite,0.5803795456886292,0.5896472334861755,606.3333129882812,1,3,27.23521779216008,9.405940220367743,-3.5788136858456094,5.477367645118414,7.60450362650898,13.132902643155987,9.10948397361608,0.6666666666666666,1.3333333333333333,1.0,-0.21005233318727654,0.6666666666666666,2.3570226039551585,-18.333333333333332,3.3333333333333335,0.08468345801035564,0.8901963631312052,0.5256032248338064,2220.0,0.406629999478658,0.0003663301467895508,0.00034396462312239845,1.1024772723515828,0.011919805732371844,3.834838582582185,0.7001243719690612,0.5335285170937818,25.047152740303524,False,False,False
9qnk_chainA,4518,11,0.02355332486331463,ActiveSite,0.5803795456886292,0.5896472334861755,606.3333129882812,2,6,28.082342738229677,8.155684008764995,-4.372568914295384,4.248224815673703,6.706619874384926,11.278613002986294,6.622063984754638,0.4,2.0,1.0,-0.18312135435046806,0.6666666666666666,8.858454843945541,40.833333333333336,11.666666666666666,0.0663296103477478,0.7884297470251719,0.4152230570713679,3717.1666666666665,0.4140305072069168,0.000412215789159139,0.0007802998031062695,1.0480007231235504,0.012852994209491217,3.8430599098388294,0.9046272446928821,0.48877400693551426,25.30711075628985,False,False,False
9qnk_chainA,4525,13,0.020868409425020218,ActiveSite,0.5190325379371643,0.6279658675193787,606.3333129882812,1,9,27.950921596861686,8.572341456787878,-3.151507821309512,5.613127890039992,11.14891059537016,14.842013870476205,8.348551962151385,0.3333333333333333,2.6666666666666665,1.0,-0.09283811206042644,0.5833333333333334,8.16496580927726,40.0,10.277777777777779,0.07216861181788975,0.7819045119815402,0.3347347353895505,3774.4444444444443,0.4136468337641822,0.00039921866522894963,0.0006845655007055029,1.0512461993429396,0.012422790374362377,3.822147661490306,0.6809300868188617,0.48005897771523315,24.265722565133384,False,False,False
9qnk_chainA,4510,14,0.07905858755111694,Cryptic,0.5803795456886292,0.5104759335517883,1819.0,1,9,28.010078208559204,8.68938626975867,-3.16543414156156,5.630827042643634,11.195701251044431,14.842013870476205,8.348551962151385,0.3333333333333333,2.6666666666666665,1.0,-0.09283811206042644,0.5833333333333334,8.16496580927726,40.0,10.277777777777779,0.07216861181788975,0.7819045119815402,0.3347347353895505,3774.4444444444443,0.4136468337641822,0.00039921866522894963,0.0006845655007055029,1.0512461993429396,0.012422790374362377,3.822147661490306,0.6787897466116867,0.479775243210417,24.281826912867082,False,False,False
9qnk_chainA,1516,18,0.00920795276761055,Cryptic,0.5868663787841797,0.9137690663337708,606.3333129882812,1,7,27.985737534692802,8.554595796703454,-3.4654622183590438,4.655917070124384,7.154422086109306,12.148749056624126,7.198632012061304,0.42857142857142855,2.5714285714285716,2.0,-0.13138319472641716,0.6190476190476191,8.206518066482898,40.714285714285715,10.476190476190476,0.06587098326001849,0.7971409814698356,0.39100538619927,3923.285714285714,0.42201352545193266,0.00041522298540387837,0.000730135471842784,1.0436257379395621,0.015035921944114187,3.822147661490306,0.8209226246781488,0.5008605860599604,24.54626961871157,False,False,False
9qnk_chainA,1519,19,0.009187613613903522,Cryptic,0.5803795456886292,0.9137690663337708,606.3333129882812,1,7,27.985737534692802,8.554595796703454,-3.4654622183590438,4.655917070124384,7.154422086109306,12.148749056624126,7.198632012061304,0.42857142857142855,2.5714285714285716,2.0,-0.13138319472641716,0.6190476190476191,8.206518066482898,40.714285714285715,10.476190476190476,0.06587098326001849,0.7971409814698356,0.39100538619927,3923.285714285714,0.42201352545193266,0.00041522298540387837,0.000730135471842784,1.0436257379395621,0.015035921944114187,3.822147661490306,0.8209226246781488,0.5008605860599604,24.54626961871157,False,False,False
9qnk_chainA,1517,20,0.01872004196047783,Cryptic,0.5868663787841797,0.5352442264556885,606.3333129882812,1,7,27.985737534692802,8.554595796703454,-3.4654622183590438,4.655917070124384,7.154422086109306,12.148749056624126,7.198632012061304,0.42857142857142855,2.5714285714285716,2.0,-0.13138319472641716,0.6190476190476191,8.206518066482898,40.714285714285715,10.476190476190476,0.06587098326001849,0.7971409814698356,0.39100538619927,3923.285714285714,0.42201352545193266,0.00041522298540387837,0.000730135471842784,1.0436257379395621,0.015035921944114187,3.822147661490306,0.8209226246781488,0.5008605860599604,24.54626961871157,False,False,False
9qnk_chainA,1520,21,0.01867869310081005,Cryptic,0.5803795456886292,0.5352442264556885,606.3333129882812,1,7,27.985737534692802,8.554595796703454,-3.4654622183590438,4.655917070124384,7.154422086109306,12.148749056624126,7.198632012061304,0.42857142857142855,2.5714285714285716,2.0,-0.13138319472641716,0.6190476190476191,8.206518066482898,40.714285714285715,10.476190476190476,0.06587098326001849,0.7971409814698356,0.39100538619927,3923.285714285714,0.42201352545193266,0.00041522298540387837,0.000730135471842784,1.0436257379395621,0.015035921944114187,3.822147661490306,0.8209226246781488,0.5008605860599604,24.54626961871157,False,False,False
9qnk_chainA,4514,23,0.030767878517508507,ActiveSite,0.6892939805984497,0.5693493485450745,424.0,1,3,26.870838146226884,17.31880852740561,13.257664137584387,2.7475507268881323,3.088707833496047,5.449151835441879,4.742367340537655,1.0,2.0,2.0,0.6232626898592067,0.0,0.0,30.0,0.0,0.13349727789560953,0.8927167852719625,0.4336329661309719,1930.3333333333333,0.3962813417116801,0.00045430660247802734,0.00040145606180885807,1.0345202287038167,0.01791151832205048,7.392646451706313,2.690631470189161,0.9244793167670202,16.7782653495389,False,False,False
9qnl_chainA,3,1,0.0031108157709240913,Allosteric,0.5877894163131714,0.7141578197479248,193.0,1,3,-24.893999143937116,-25.02395304524511,0.3377030327467442,5.758612664647063,8.237008025760323,13.85476339966768,9.314840249300618,0.6666666666666666,1.3333333333333333,1.0,0.15926399872822306,0.3333333333333333,4.714045207910316,-11.666666666666666,6.666666666666667,0.030773003896077473,0.7578258911768595,0.4853672981262207,2017.6666666666667,0.35783082246780396,0.00034447511037190753,0.0005968865880277008,1.053464452425639,0.009442938705896492,3.8423957754118385,0.6672433100077818,0.5969216451194481,14.02060064819225,False,False,False
9qnl_chainA,0,2,0.0,Unknown,0.4740293025970459,0.5236222147941589,80.0,1,8,-34.97822738688743,-21.306428280113945,-2.206828415782481,6.4154568874038915,10.036461699641944,16.59840029968764,9.036800223911184,0.25,1.75,1.0,-0.03429897910336738,0.5,9.662265521087692,28.125,11.25,0.12857010321957724,0.7714040502905846,0.38694028556346893,3010.25,0.3949010632932186,0.00027727335691452026,0.0004978282677257084,1.1576432213187218,0.007379749907523419,3.829031097677606,0.5968446464343835,0.46292720439704294,23.14231008533496,False,False,False
9qnl_chainA,1,3,0.12432348728179932,ActiveSite,0.5150522589683533,0.5403020977973938,2838.0,1,8,-24.060621179481934,-8.08639785889118,6.694854169061439,6.400533766725838,11.165670396251654,21.443369523187634,9.888401250598807,0.2857142857142857,2.0,1.0,0.17857805557396622,0.35714285714285715,11.842059575935261,-40.625,13.75,0.07773819352899279,0.8335935845971107,0.3693568930029869,3398.375,0.41298557072877884,0.00045403093099594116,0.0004734807771455962,0.9505511969327927,0.012019287356306911,3.813274765420432,0.5957744938780465,0.5022519430041934,30.617846120707675,False,False,False
9qnl_chainA,1,3,0.12432348728179932,ActiveSite,0.5150522589683533,0.5403020977973938,2838.0,2,4,-25.200129663064573,-6.1162535093528,6.3558367652040175,6.407584924555734,11.060313995936074,18.355597955095327,10.6015969096294,0.5,1.5,1.0,0.3720411929449427,0.16666666666666666,8.2915619758885,32.5,11.666666666666666,0.10698286692301433,0.8402574062347412,0.37689437717199326,4128.25,0.43510840833187103,0.0004485100507736206,0.0004709820295829559,0.9550780802965164,0.0077868155690056905,3.834644360244766,0.5984539269310798,0.5923963301102765,32.667758370674385,False,False,False
9qnl_chainA,1,3,0.12432348728179932,ActiveSite,0.5150522589683533,0.5403020977973938,2838.0,3,3,-34.45986574939542,-13.636652013858717,8.211165673519051,4.0728685341316435,6.3028412282581305,10.023013443763864,7.1710886958051985,0.6666666666666666,1.3333333333333333,1.0,0.1388957853581145,0.6666666666666666,6.236095644623236,38.333333333333336,10.0,0.11782427628835042,0.8474109172821045,0.20849711323777834,1846.0,0.3776295483112335,0.00033229589462280273,0.0004538741147068019,1.0204922159512837,0.0085647149793829,9.035891280345819,2.2185570696973937,0.6577432222934753,29.560114958585945,False,False,False
9qnl_chainA,508,4,0.0010478319600224495,Cryptic,0.6480921506881714,0.6626113057136536,115.0,1,5,-11.076314824448541,-25.5925206172966,13.396184218012028,4.109039892960839,5.979915557162979,9.298875064431536,6.538618431298045,0.4,1.6,1.0,0.1465560155865342,0.3,20.09975124224178,14.0,28.0,0.1118051528930664,0.882153308391571,0.22171572148799895,1083.6,0.36958596110343933,0.0004669666290283203,0.0005775185534730553,1.0248907208442688,0.01487965429438588,3.8846868324260138,0.9454001259712367,0.5011312210089139,19.114581668691024,False,False,False
9qnl_chainA,4,7,0.0,Unknown,0.4777293801307678,0.6489668488502502,60.0,1,3,-28.119382621587558,-18.65962759664159,-2.705928200532245,3.7568184743744175,6.00580098770825,8.72809644056857,6.416592040148292,0.6666666666666666,1.3333333333333333,1.0,0.41434783459139485,0.0,12.472191289246473,26.666666666666668,20.0,0.10056408246358235,0.80838014682134,0.36054442326227826,3263.6666666666665,0.41137850284576416,0.0003534952799479167,0.0003478535412189861,1.117820719877879,0.009168221500895413,3.8203884584578005,1.0169212285653404,0.632528979036958,21.4452836450799,False,False,False
9qnl_chainA,5,8,0.0,Unknown,0.5478298664093018,0.5671274065971375,64.0,1,8,-27.999331438860448,-11.527788943803968,-11.393742130219715,5.305440972762511,11.746954302849426,15.086868456579046,8.085402803438882,0.2857142857142857,2.0,1.0,0.0756626003463765,0.4642857142857143,10.588171466310886,28.125,13.75,0.10561247169971466,0.84458938986063,0.2810385785996914,2716.625,0.41504135727882385,0.00040912628173828125,0.00047725420245114947,1.2208923697471619,0.010213959754995807,3.862996585476242,0.7281197934928306,0.5016110471655165,30.30114893466239,False,False,False
9qnl_chainA,2,11,0.007189685944467783,Cryptic,0.8140251040458679,0.4791128933429718,315.0,1,3,-27.471300646034592,-18.15412197330663,18.07106964691685,4.413799749985789,6.464545860006074,8.862933928915782,7.212911051806376,0.6666666666666666,1.3333333333333333,1.0,0.41041714050040695,0.0,6.236095644623236,31.666666666666668,10.0,0.09649181365966797,0.897899309794108,0.3267795642217,2556.0,0.41122259696324664,0.00045857826868693036,0.0007212048900934557,0.9779313405354818,0.012792265447305502,3.8539143273217396,0.8731511499437979,0.6909185301242486,27.394476391131857,False,False,False
9qnl_chainA,509,12,0.0,Cryptic,0.5622265338897705,0.4613349735736847,80.0,1,8,-32.98545084920928,-20.72406732955667,-3.0549878619028115,6.408830223875629,8.449862382081966,13.4890794896846,8.798679656198335,0.25,1.75,1.0,0.018979229191439715,0.4642857142857143,11.162856937182346,26.875,13.392857142857142,0.14060747836317336,0.7821135446429253,0.37713782489299774,3185.875,0.4029117040336132,0.0002977624535560608,0.0005107306005811552,1.1531367152929306,0.0075244480955408075,3.828387041075575,0.5973612823777417,0.47239152447013066,22.384358076641814,False,False,False
9qnl_chainA,1512,13,0.019334934651851654,Cryptic,0.5150522589683533,0.6431534290313721,946.0,1,7,-23.303515717278735,-5.599065426883415,9.362641443095985,5.827076595753929,9.022735291853838,17.849532278752307,8.732651133150663,0.38095238095238093,2.2857142857142856,1.0,0.24493665593841754,0.2857142857142857,4.5175395145262565,-47.142857142857146,4.761904761904762,0.06276120458330427,0.810531028679439,0.4354689674718039,3880.285714285714,0.4172871708869934,0.00045727831976754326,0.0004271325680227684,0.9210575137819562,0.012073301663252175,3.813274765420432,0.654406150795939,0.6085220278397836,33.49569057373779,False,False,False
9qnl_chainA,4001,14,0.04126105085015297,ActiveSite,0.5150522589683533,0.48687443137168884,2838.0,1,7,-23.303588395084525,-5.612122942166652,9.357214412127602,5.826974021757797,9.03581858676816,17.849532278752307,8.73265113315066,0.38095238095238093,2.2857142857142856,1.0,0.24493665593841754,0.2857142857142857,4.5175395145262565,-47.142857142857146,4.761904761904762,0.06276120458330427,0.810531028679439,0.4354689674718039,3880.285714285714,0.4172871708869934,0.00045727831976754326,0.0004271325680227684,0.9210575137819562,0.012073301663252175,3.813274765420432,0.6544176705064662,0.608523642718088,33.4818087053892,False,False,False
9qnl_chainA,4001,14,0.04126105085015297,ActiveSite,0.5150522589683533,0.48687443137168884,2838.0,2,3,-25.680743141896915,-3.7903084546680303,8.426750842554545,4.022390339340052,6.401011894656185,10.790000105384443,7.418565419798941,0.6666666666666666,1.3333333333333333,1.0,0.4019788695313165,0.0,8.16496580927726,30.0,13.333333333333334,0.03446030616760254,0.7953810493151346,0.3577749232451121,5341.333333333333,0.45458556214968365,0.000455776850382487,0.0006065251557932546,0.9510973493258158,0.008941201401537528,3.8514203891715715,0.9574954353643035,0.6651931516932151,35.39427821741529,False,False,False
9qnl_chainA,1511,15,0.03150995820760727,Cryptic,0.5150522589683533,0.5872660279273987,946.0,1,9,-24.035403084968934,-6.809259592038336,7.683832994033357,6.701321536685259,11.16274224515906,21.57147151386438,9.967950913226495,0.3333333333333333,2.6666666666666665,2.0,0.1107952624274223,0.4444444444444444,9.162456945817024,-42.77777777777778,10.555555555555555,0.08465469876925151,0.8370208806461759,0.3687337065736453,3751.8888888888887,0.4234147038724687,0.0004595319430033366,0.0004930001741740853,0.9456843402650621,0.011773105778430163,3.813274765420432,0.5690332488219376,0.5083379268750986,32.04629437001665,False,False,False
9qnl_chainA,1511,15,0.03150995820760727,Cryptic,0.5150522589683533,0.5872660279273987,946.0,2,4,-25.223499663290205,-5.986533185705134,6.492676551662271,6.401418102230676,11.249537756785939,18.355597955095327,10.6015969096294,0.5,1.5,1.0,0.3720411929449427,0.16666666666666666,8.2915619758885,32.5,11.666666666666666,0.10698286692301433,0.8402574062347412,0.37689437717199326,4128.25,0.43510840833187103,0.0004485100507736206,0.0004709820295829559,0.9550780802965164,0.0077868155690056905,3.834644360244766,0.5990304490357415,0.5924895493816659,32.820800499126506,False,False,False
9qnl_chainA,1513,16,0.03485848009586334,Cryptic,0.5150522589683533,0.6056780219078064,946.0,1,3,-34.49630090512342,-13.970507177171662,7.893182361147072,4.120904918111134,6.765321863127488,10.023013443763864,7.1710886958051985,0.6666666666666666,1.3333333333333333,1.0,0.1388957853581145,0.6666666666666666,6.236095644623236,38.333333333333336,10.0,0.11782427628835042,0.8474109172821045,0.20849711323777834,1846.0,0.3776295483112335,0.00033229589462280273,0.0004538741147068019,1.0204922159512837,0.0085647149793829,3.857592000173488,0.9361031319163902,0.6144183210930213,29.230304861417114,False,False,False
9qnl_chainA,1513,16,0.03485848009586334,Cryptic,0.5150522589683533,0.6056780219078064,946.0,2,7,-24.290122720138676,-6.728221192264155,8.55379242385996,5.496201710108324,8.938083917666738,16.041943298096204,8.488837293576442,0.3333333333333333,2.0,1.0,0.11432773772622101,0.3333333333333333,4.5175395145262565,-47.142857142857146,4.761904761904762,0.05022967429388137,0.8224514722824097,0.38289250220571247,3522.4285714285716,0.41042622923851013,0.0004576104027884347,0.00046296807288724395,0.9107636383601597,0.011689971374705456,3.813274765420432,0.6938018228856591,0.5755519047017378,32.360839386952726,False,False,False
9qnl_chainA,1513,16,0.03485848009586334,Cryptic,0.5150522589683533,0.6056780219078064,946.0,3,3,-25.674656100537533,-3.763226124783589,8.475759740733501,4.020476869708927,6.457078797027131,10.790000105384443,7.418565419798941,0.6666666666666666,1.3333333333333333,1.0,0.4019788695313165,0.0,8.16496580927726,30.0,13.333333333333334,0.03446030616760254,0.7953810493151346,0.3577749232451121,5341.333333333333,0.45458556214968365,0.000455776850382487,0.0006065251557932546,0.9510973493258158,0.008941201401537528,3.8514203891715715,0.9579511371372236,0.6652313033878859,35.429545897157574,False,False,False
9qnl_chainA,4513,17,0.033981382846832275,ActiveSite,0.5150522589683533,0.4596303403377533,946.0,1,7,-24.144835273018256,-7.413999388629789,7.539479548961591,5.462887980036348,10.119664732909154,17.726791254203565,8.486091042899776,0.38095238095238093,2.2857142857142856,1.0,0.06076964500390568,0.42857142857142855,8.748177652797064,-43.57142857142857,10.0,0.06168408053261893,0.8331456354686192,0.37744450675589697,4080.4285714285716,0.4298844465187618,0.00045987537928989956,0.00045442757878585586,0.925751907484872,0.01272857734895871,3.813274765420432,0.6980327583790323,0.520266729972541,31.450592446806642,False,False,False
9qnl_chainA,4513,17,0.033981382846832275,ActiveSite,0.5150522589683533,0.4596303403377533,946.0,2,3,-34.52154510042132,-14.206274230540602,7.668221267637109,4.174506597290109,7.092167243181913,10.023013443763864,7.1710886958051985,0.6666666666666666,1.3333333333333333,1.0,0.1388957853581145,0.6666666666666666,6.236095644623236,38.333333333333336,10.0,0.11782427628835042,0.8474109172821045,0.20849711323777834,1846.0,0.3776295483112335,0.00033229589462280273,0.0004538741147068019,1.0204922159512837,0.0085647149793829,7.635507763834692,1.8290802962896981,0.6435410064219839,28.999223164748148,False,False,False
9qnl_chainA,4513,17,0.033981382846832275,ActiveSite,0.5150522589683533,0.4596303403377533,946.0,3,3,-25.67615992141913,-3.7653207705125142,8.476813418244989,4.019825782792046,6.456564135632758,10.790000105384443,7.418565419798941,0.6666666666666666,1.3333333333333333,1.0,0.4019788695313165,0.0,8.16496580927726,30.0,13.333333333333334,0.03446030616760254,0.7953810493151346,0.3577749232451121,5341.333333333333,0.45458556214968365,0.000455776850382487,0.0006065251557932546,0.9510973493258158,0.00894120140153753,3.8514203891715715,0.9581062954664902,0.6652442883751973,35.428050245609455,False,False,False
9qnl_chainA,3513,18,0.0035197287797927856,Cryptic,0.8140251040458679,0.5312066674232483,315.0,1,11,-23.25255469200599,-23.023886950075298,15.978818902363987,7.032851447479618,11.025309999793416,17.63255379833671,9.543220952972291,0.23636363636363636,2.3636363636363638,1.0,0.21353016951694706,0.32727272727272727,13.205308223939955,32.27272727272727,16.181818181818183,0.08615084561434659,0.904243062842976,0.2264096879146316,1738.909090909091,0.3888226395303553,0.00042368065227161753,0.0005304325115337798,0.9557757431810553,0.012734877624552138,3.8539143273217396,0.547987449486492,0.48206260779877014,21.495489229078284,False,False,False
9qwj_chainD,509,2,0.0029175891540944576,Cryptic,0.6650000214576721,0.5480837821960449,110.0,1,4,-6.736980998779661,25.725101239017768,7.008972983239097,3.9837854828633787,5.8283573321871085,9.436849409010849,6.449125346612944,0.5,1.5,1.0,-0.12043882602934952,0.5,6.49519052838329,33.75,9.166666666666666,0.02925647298494975,0.7960203737020493,0.5732108429074287,3835.25,0.4222136065363884,0.00037817656993865967,0.00039499607009929605,1.0965213626623154,0.004850867323056,5.77537764019997,1.449721041718559,0.5631733311160239,40.55293147142851,False,False,False
9qwj_chainD,8,11,0.0,Unknown,0.5082430839538574,0.5212090611457825,67.0,1,3,-10.076684503377717,23.95836176463104,-25.929744768085122,4.007998143345879,4.810137147134191,9.19680788860963,6.580634128372348,0.6666666666666666,1.3333333333333333,1.0,0.6288737308012324,0.0,4.714045207910317,41.666666666666664,6.666666666666667,0.00755457083384196,0.8172216812769572,0.45221735040346783,3153.6666666666665,0.40826307733853656,0.00047783056894938153,0.0007519164161446193,1.0477194587389629,0.01987673051081282,3.831347524754405,0.955925473946451,0.7707153207719534,7.811199453607943,False,False,False
9qwj_chainD,7,12,0.0028950832784175873,Unknown,0.658750057220459,0.51316899061203,110.0,1,3,-7.313526570436663,27.37914844130394,6.689829157218812,2.704873996321257,4.089938070405501,5.656267275559926,4.46020685403482,0.6666666666666666,1.3333333333333333,1.0,-0.21232579978129407,0.6666666666666666,4.714045207910317,36.666666666666664,6.666666666666667,0.012636860211690268,0.8074893951416016,0.47266390919685364,4410.333333333333,0.4397702713807424,0.000359038511912028,0.000341606176031443,1.077394187450409,0.004145439543703872,3.798179738894969,1.4041984003915353,0.5975770570227259,40.32525698532906,False,False,False
9qwj_chainD,1511,13,0.013059464283287525,Cryptic,0.6845110654830933,0.6603549718856812,558.3333129882812,1,3,-14.279278978075121,16.395639344937596,-35.1591598027645,4.791577381689524,6.745367579835902,12.291851583987885,8.289007365440186,0.6666666666666666,1.3333333333333333,1.0,0.7599749774493935,0.0,6.236095644623236,26.666666666666668,10.0,0.07137580712636311,0.8274717728296915,0.19702375928560892,2414.3333333333335,0.3910108804702759,0.00047226746877034503,0.0007569073932245374,1.0464988946914673,0.01967976088502693,3.8311525104633652,0.7995597702551326,0.7191238618757285,6.403296115117263,False,False,False
9qwj_chainD,1511,13,0.013059464283287525,Cryptic,0.6845110654830933,0.6603549718856812,558.3333129882812,2,3,-11.145436983295067,6.578374642654682,-33.74566165493728,2.6415513497568752,3.7642973170137353,6.406184988825955,4.702613625501659,0.6666666666666666,1.3333333333333333,1.0,0.2681625804167939,0.3333333333333333,16.32993161855452,30.0,26.666666666666668,0.07125592231750488,0.9372123877207438,0.28915685415267944,1055.6666666666667,0.39353930950164795,0.00047477086385091144,0.0005543708490828673,1.1461306810379028,0.018605008830327684,9.171740604734152,3.4721038474524852,0.6453470447334189,15.87176249865865,False,False,False
9qwj_chainD,4512,14,0.017258942127227783,ActiveSite,0.6845110654830933,0.7367053031921387,558.3333129882812,1,4,-13.819959236521308,15.804412266072319,-28.62482929216153,4.590445777952273,7.703176170410256,10.884800109076522,7.61170605134857,0.6666666666666666,2.0,1.0,0.22285641583908353,0.16666666666666666,5.448623679425842,28.75,7.5,0.11026918888092041,0.8040938377380371,0.3348277471959591,2405.0,0.37896354496479034,0.0004731416702270508,0.0007576003699796274,0.9746097475290298,0.01150839577858783,3.8311525104633652,0.8345926944316033,0.6396649723499332,7.769217217841617,False,False,False
9qwj_chainD,1513,15,0.009850128553807735,Cryptic,0.6845110654830933,0.6288023591041565,558.3333129882812,1,4,-14.437084185275388,16.12405345483453,-28.663507809597427,4.504293309700919,7.180988981801062,10.884800109076522,7.61170605134857,0.6666666666666666,2.0,1.0,0.22285641583908353,0.16666666666666666,5.448623679425842,28.75,7.5,0.11026918888092041,0.8040938377380371,0.3348277471959591,2405.0,0.37896354496479034,0.0004731416702270508,0.0007576003699796274,0.9746097475290298,0.01150839577858783,3.8311525104633652,0.8505557358381154,0.6412309033491667,7.5551612915567254,False,False,False
9qwj_chainD,4004,16,0.056556373834609985,ActiveSite,0.6845110654830933,0.6001481413841248,1675.0,1,4,-14.437084185275388,16.12405345483453,-28.663507809597427,4.504293309700919,7.180988981801062,10.884800109076522,7.61170605134857,0.6666666666666666,2.0,1.0,0.22285641583908353,0.16666666666666666,5.448623679425842,28.75,7.5,0.11026918888092041,0.8040938377380371,0.3348277471959591,2405.0,0.37896354496479034,0.0004731416702270508,0.0007576003699796274,0.9746097475290298,0.01150839577858783,3.8311525104633652,0.8505557358381154,0.6412309033491667,7.5551612915567254,False,False,False
9qwj_chainD,4513,17,0.01778380014002323,ActiveSite,0.6845110654830933,0.6921597123146057,558.3333129882812,1,4,-13.808708712517396,15.796791260715302,-28.634263192523356,4.591084616737009,7.7197092067672894,10.884800109076522,7.61170605134857,0.6666666666666666,2.0,1.0,0.22285641583908353,0.16666666666666666,5.448623679425842,28.75,7.5,0.11026918888092041,0.8040938377380371,0.3348277471959591,2405.0,0.37896354496479034,0.0004731416702270508,0.0007576003699796274,0.9746097475290298,0.01150839577858783,3.8311525104633652,0.8344765627923134,0.6396534352298735,7.769608293983634,False,False,False
9qwj_chainT,4,3,0.0024726937990635633,Unknown,0.6093999147415161,0.5513772368431091,132.0,1,6,55.90055360836744,26.863903636193527,53.79282251749384,5.730222238337027,9.54719548392163,13.612934830485074,8.299022717348855,0.5333333333333333,2.6666666666666665,2.0,0.32714146907535435,0.26666666666666666,5.5901699437494745,-37.5,7.0,0.08036602735519409,0.8808755576610565,0.48762742429971695,3899.1666666666665,0.44489923616250354,0.0004301766554514567,0.00042415336550523836,1.017067054907481,0.010216455120387954,3.8460707454914607,0.6711905028325101,0.6359706697137191,56.92880638059416,False,False,False
9qwj_chainT,507,4,0.0,Cryptic,0.5496923923492432,1.0,135.0,1,3,78.67504354341305,1.397939143155716,97.99316150009965,3.796812420965813,6.964331690479809,9.453489621710814,6.6404656609939465,0.6666666666666666,1.3333333333333333,1.0,0.37605278092711397,0.0,4.08248290463863,-15.0,6.666666666666667,0.06366626421610515,0.8570805788040161,0.38690230747063953,2877.0,0.4100023905436198,0.0004760424296061198,0.0008399710641242564,1.0078919132550557,0.011517685415150886,,,0.68202271408879,10.038018041888101,False,False,False
9qwj_chainT,2,5,0.06175461411476135,ActiveSite,0.5277388691902161,0.5030727982521057,1844.0,1,3,62.544164853936486,9.701999880562479,91.04134618937827,2.706130697110298,4.0135616139941614,6.408721910138493,4.696925590277098,0.6666666666666666,1.3333333333333333,1.0,-0.004313684129706345,0.3333333333333333,6.236095644623236,-23.333333333333332,10.0,0.06694682439168294,0.9261753559112549,0.3450518151124318,873.6666666666666,0.37710313002268475,0.0004731019337972005,0.0004461560699079807,1.0242445071538289,0.013117547572105587,7.211480004674677,2.664867595779964,0.6656217943350711,22.155687165300165,False,False,False
9qwj_chainT,2,5,0.06175461411476135,ActiveSite,0.5277388691902161,0.5030727982521057,1844.0,2,4,62.78812533002755,20.647886094263182,86.50452235370895,4.107187873599423,6.089768229270586,11.33638386437631,6.724885578717078,0.6666666666666666,2.0,1.0,0.1679659996438111,0.16666666666666666,15.562374497485916,33.75,22.5,0.04911585648854574,0.7950548231601715,0.1461708303540945,3281.75,0.4065789133310318,0.0004718303680419922,0.0006980755279073492,1.07124263048172,0.013366626275606478,3.858153076950318,0.9393661053954033,0.5180966473347572,32.155352996382064,False,False,False
9qwj_chainT,7,6,0.0138598857447505,Cryptic,0.770350456237793,0.5267655253410339,321.0,1,3,87.67294505510112,13.35747160515192,85.5511481416885,3.5834761091871257,6.472188217807523,9.695329539823824,6.709541228814852,0.6666666666666666,1.3333333333333333,1.0,0.7033508283192709,0.0,4.08248290463863,-15.0,6.666666666666667,0.08788124720255534,0.8813357353210449,0.44242191314697266,2031.3333333333333,0.39776791135470074,0.00047351916631062824,0.0006844486924819648,1.0619694590568542,0.017322142279390624,3.8190974417838324,1.065752170634718,0.7804682676969126,25.57676459425184,False,False,False
9qwj_chainT,7,6,0.0138598857447505,Cryptic,0.770350456237793,0.5267655253410339,321.0,2,4,78.83672621794595,2.7869263021322523,97.89480519493362,3.4796195895566777,5.056089149512156,9.752937507258508,5.823819302850211,0.6666666666666666,2.0,1.0,0.20902654442425903,0.3333333333333333,7.905694150420948,-25.0,11.666666666666666,0.06787109375,0.8669471740722656,0.38086879439651966,2750.5,0.41589415818452835,0.0004803091287612915,0.0007226597226690501,1.1028326004743576,0.011247331029307132,3.8087293755738765,1.0945821166787744,0.634811754320353,11.307480984860394,False,False,False
9qwj_chainT,1509,7,0.009986083023250103,Cryptic,0.5277388691902161,0.6217749714851379,614.6666870117188,1,5,62.72752190072023,19.837708367784515,91.00545084373142,5.409032265570427,10.25624224669617,15.441984795333417,8.069538364683122,0.5,2.0,1.0,0.09555368652332116,0.3,14.628738838327793,36.0,19.0,0.04034585952758789,0.7948234438896179,0.16610254496335983,3472.4,0.4106148600578308,0.00047512054443359374,0.0006932221702300012,1.054099702835083,0.014946974838012186,3.825271363446051,0.7072006924038278,0.46888515646051426,30.6504615548603,False,False,False
9qwj_chainT,1509,7,0.009986083023250103,Cryptic,0.5277388691902161,0.6217749714851379,614.6666870117188,2,3,62.61920840553417,9.74298979995179,91.00179570590734,2.691042033401619,3.92077983087381,6.408721910138493,4.696925590277098,0.6666666666666666,1.3333333333333333,1.0,-0.004313684129706345,0.3333333333333333,6.236095644623236,-23.333333333333332,10.0,0.06694682439168294,0.9261753559112549,0.3450518151124318,873.6666666666666,0.37710313002268475,0.0004731019337972005,0.0004461560699079807,1.0242445071538289,0.013117547572105587,7.211480004674677,2.67980949950417,0.6663009217570487,22.148405760133414,False,False,False
9qwj_chainT,1508,8,0.011457016691565514,Cryptic,0.5277388691902161,0.6385589241981506,614.6666870117188,1,3,62.58555471983393,9.69782495278663,91.0450917573328,2.697544108661224,3.98962627794084,6.408721910138493,4.696925590277098,0.6666666666666666,1.3333333333333333,1.0,-0.004313684129706345,0.3333333333333333,6.236095644623236,-23.333333333333332,10.0,0.06694682439168294,0.9261753559112549,0.3450518151124318,873.6666666666666,0.37710313002268475,0.0004731019337972005,0.0004461560699079807,1.0242445071538289,0.013117547572105587,7.211480004674677,2.673350171187263,0.6660075859100364,22.12677981241425,False,False,False
9qwj_chainT,1508,8,0.011457016691565514,Cryptic,0.5277388691902161,0.6385589241981506,614.6666870117188,2,4,62.064033508522776,19.274153657658132,93.06960174658337,4.705389652649981,6.7196153024844,9.88993552974291,6.461116858079582,0.6666666666666666,2.0,1.0,0.23719265341514553,0.3333333333333333,7.5,42.5,10.0,0.046696354945500694,0.7986840754747391,0.16637946851551533,3358.0,0.4084012359380722,0.00047519803047180176,0.0007005465886322781,1.050292432308197,0.01626425958764098,3.825271363446051,0.8129552801842318,0.624563992320999,30.282557329573756,False,False,False
9qwj_chainT,4507,9,0.010912078432738781,ActiveSite,0.5277388691902161,0.5903339982032776,614.6666870117188,1,3,62.63394667348817,9.73644383774262,91.00795769978217,2.6879470349547616,3.917432446510161,6.408721910138493,4.696925590277098,0.6666666666666666,1.3333333333333333,1.0,-0.004313684129706345,0.3333333333333333,6.236095644623236,-23.333333333333332,10.0,0.06694682439168294,0.9261753559112549,0.3450518151124318,873.6666666666666,0.37710313002268475,0.0004731019337972005,0.0004461560699079807,1.0242445071538289,0.013117547572105587,7.211480004674677,2.682895128101379,0.6664409160249845,22.133443394257927,False,False,False
9qwj_chainT,4507,9,0.010912078432738781,ActiveSite,0.5277388691902161,0.5903339982032776,614.6666870117188,2,4,62.64489568934764,20.591991628218807,86.72381929937663,4.053181639925966,6.356583370745132,11.33638386437631,6.724885578717078,0.6666666666666666,2.0,1.0,0.1679659996438111,0.16666666666666666,15.562374497485916,33.75,22.5,0.04911585648854574,0.7950548231601715,0.1461708303540945,3281.75,0.4065789133310318,0.0004718303680419922,0.0006980755279073492,1.07124263048172,0.013366626275606478,3.841670050224072,0.9478159114266201,0.5190263823398793,32.11211063438047,False,False,False
9qwj_chainT,4508,10,0.01322268508374691,ActiveSite,0.5277388691902161,0.6297189593315125,614.6666870117188,1,5,62.73346414148146,19.85939365647082,90.8923734447508,5.372238502138941,10.145526051514466,15.441984795333417,8.069538364683122,0.5,2.0,1.0,0.09555368652332116,0.3,14.628738838327793,36.0,19.0,0.04034585952758789,0.7948234438896179,0.16610254496335983,3472.4,0.4106148600578308,0.00047512054443359374,0.0006932221702300012,1.054099702835083,0.014946974838012186,3.825271363446051,0.7120442180523129,0.4694881324766416,30.680106951984474,False,False,False
9qwj_chainT,4508,10,0.01322268508374691,ActiveSite,0.5277388691902161,0.6297189593315125,614.6666870117188,2,3,62.62774277227612,9.732675516980105,91.01158968097675,2.689123993021145,3.9254814211016242,6.408721910138493,4.696925590277098,0.6666666666666666,1.3333333333333333,1.0,-0.004313684129706345,0.3333333333333333,6.236095644623236,-23.333333333333332,10.0,0.06694682439168294,0.9261753559112549,0.3450518151124318,873.6666666666666,0.37710313002268475,0.0004731019337972005,0.0004461560699079807,1.0242445071538289,0.013117547572105587,7.211480004674677,2.6817208962435424,0.66638765146626,22.13367548081659,False,False,False
9qwj_chainT,4002,11,0.04567944258451462,ActiveSite,0.5277388691902161,0.5723555088043213,1844.0,1,5,62.743380105547025,19.895585963067624,90.80175012854404,5.345804329835435,10.050434841810596,15.441984795333417,8.069538364683122,0.5,2.0,1.0,0.09555368652332116,0.3,14.628738838327793,36.0,19.0,0.04034585952758789,0.7948234438896179,0.16610254496335983,3472.4,0.4106148600578308,0.00047512054443359374,0.0006932221702300012,1.054099702835083,0.014946974838012186,3.825271363446051,0.7155651661428858,0.46992270748063614,30.718765958470513,False,False,False
9qwj_chainT,4002,11,0.04567944258451462,ActiveSite,0.5277388691902161,0.5723555088043213,1844.0,2,3,62.63150212310204,9.721033712596826,91.02267807931408,2.6882207845212704,3.9348298962536004,6.408721910138493,4.696925590277098,0.6666666666666666,1.3333333333333333,1.0,-0.004313684129706345,0.3333333333333333,6.236095644623236,-23.333333333333332,10.0,0.06694682439168294,0.9261753559112549,0.3450518151124318,873.6666666666666,0.37710313002268475,0.0004731019337972005,0.0004461560699079807,1.0242445071538289,0.013117547572105587,7.211480004674677,2.6826219208624,0.6664285241222205,22.12059078781365,False,False,False
9qwj_chainT,3509,14,0.011980836279690266,Cryptic,0.8325151801109314,0.5414665341377258,371.0,1,4,53.3831751754916,23.17830898816501,52.97457152258203,4.308545048552388,5.763355494755431,9.795308398919843,6.8686924124677935,0.6666666666666666,2.0,1.0,0.21843308088197497,0.16666666666666666,8.926785535678562,-31.25,12.5,0.0827785034974416,0.8625389188528061,0.3844579868018627,3711.75,0.43237731605768204,0.0004700273275375366,0.00046270441816886887,0.9793964475393295,0.008586052562340265,,,0.5825418710080685,56.34810814484144,False,False,False
9qwj_chainT,4000,15,0.014580209739506245,Cryptic,0.8325151801109314,0.5310696363449097,371.0,1,5,54.35341340963755,24.980780502044418,52.353666484644286,4.853929895659142,7.345387030367156,11.136115676278743,7.235850015103035,0.7,2.8,1.0,0.2521509248043058,0.2,8.717797887081348,-33.0,12.0,0.06968271732330322,0.8576628923416137,0.4594711273908615,4024.0,0.43836359977722167,0.000470125675201416,0.00042813638574443755,0.9634284734725952,0.008259438754455811,3.8460707454914607,0.7923622359958252,0.6107523888899794,57.430133912379524,False,False,False
9qwj_chainT,4005,17,0.0,Unknown,0.5142711997032166,0.5835049748420715,88.0,1,7,57.26118714239321,26.822011683587256,56.69552487956089,6.602080367532529,13.155912903973254,18.677402651217065,9.662228749058986,0.47619047619047616,2.857142857142857,1.0,0.43267449203910135,0.14285714285714285,7.889543583705186,-38.57142857142857,10.0,0.10858284859430223,0.880336582660675,0.48966198521001,3532.714285714286,0.43625946981566294,0.00043407508305140903,0.0005136367773437607,1.0387914776802063,0.011099878810108214,3.8418368249967285,0.5819130654467605,0.6144495968577407,54.38536385095124,False,False,False
9qwj_chainT,4005,17,0.0,Unknown,0.5142711997032166,0.5835049748420715,88.0,2,4,63.68086786488025,23.50480650080303,58.56112712527361,4.099100731729824,7.50762240031166,10.370883453287389,6.785477434500631,0.5,1.5,1.0,-0.009519428986790146,0.5,14.79019945774904,7.5,21.666666666666668,0.04070645570755005,0.8479445576667786,0.4179031699895859,5567.75,0.48029962182044983,0.0004604160785675049,0.00068047422246309,1.0064962953329086,0.015539668074239602,3.8460707454914607,0.9382718301407575,0.47806279773178983,49.03142457845051,False,False,False
9sia_chainB,4,4,0.07885060459375381,ActiveSite,0.691274106502533,0.4971524477005005,412.0,1,7,28.524531269691167,43.1158655151235,2.9124067522635007,6.282939394615731,16.028027102506584,20.025313282679765,9.687667811013117,0.38095238095238093,2.2857142857142856,1.0,0.08995184705528517,0.5714285714285714,7.889543583705187,36.42857142857143,9.523809523809524,0.05535620734805152,0.8595000590596881,0.42515151841299875,2889.0,0.4132749395711081,0.0004546727452959333,0.0005282477650325745,1.0464592320578439,0.01169113752243712,3.8421430521322746,0.6115199926048726,0.521982185704901,23.293168286383253,False,False,False
9sia_chainB,6,7,0.006782799959182739,Unknown,0.49943843483924866,0.5354127287864685,93.0,1,4,19.646790720598435,27.413664381539494,-0.3492300363074401,3.925802072103099,6.83090878869911,8.82801859960481,6.081864879916154,0.5,1.5,1.0,-0.14793666208694384,0.8333333333333334,12.24744871391589,-10.0,16.666666666666668,0.014254699150721232,0.7967271953821182,0.4811737686395645,3230.75,0.3981059119105339,0.00047300755977630615,0.000701240191119723,0.9572152346372604,0.016936523214275925,3.876338870333746,0.9874004850828215,0.48212810747610335,6.770076313915343,False,False,False
9sia_chainB,4004,9,0.12865063548088074,ActiveSite,0.691274106502533,0.5471463799476624,412.0,1,4,19.67542241534521,39.46715538923513,3.5072693905388133,5.484909625106389,8.493309798958252,14.472739906420317,8.105457586495048,0.6666666666666666,2.0,1.0,0.11405166282194301,0.5,4.14578098794425,33.75,5.833333333333333,0.02787730097770691,0.8293123096227646,0.38873882591724396,3521.0,0.41509121656417847,0.0004266798496246338,0.0005021961769671179,0.9573497772216797,0.015582453862298534,3.846957167496941,0.7013711128234539,0.5940746592022097,18.442909470439734,False,False,False
9sic_chainB,3,4,0.0528649277985096,ActiveSite,0.8031696677207947,0.47647538781166077,761.0,1,3,16.5178311727775,-10.662188925323482,-3.812254819436704,4.986339847200171,8.26041996971663,11.840707546424136,8.352315679674925,0.6666666666666666,1.3333333333333333,1.0,0.2702654538366754,0.3333333333333333,4.714045207910317,-43.333333333333336,6.666666666666667,0.07841841379801433,0.8838509122530619,0.27510177592436474,2478.0,0.40230605999628705,0.0004293521245320638,0.0005262941510106126,0.9461776614189148,0.0065438271844524805,3.8298484361097795,0.7680680726686205,0.6494352980606237,20.99845133581018,False,False,False
9sic_chainB,1,6,0.01050370279699564,Unknown,0.5460951924324036,0.5092136263847351,145.0,1,3,1.4761474365755605,-3.55134735399112,-2.5335076497744797,4.704076716873669,5.700504293379418,11.11055843307529,7.966006233650205,0.6666666666666666,1.3333333333333333,1.0,0.3873897863097698,0.3333333333333333,4.08248290463863,15.0,6.666666666666667,0.07481658458709717,0.8965222636858622,0.2786502117911975,2808.3333333333335,0.4216782550017039,0.00039513905843098957,0.0005926462375403693,1.0522060592969258,0.0077336228114041625,3.819191436771109,0.811889700495647,0.6937564047188344,13.627820620448578,False,False,False
9sic_chainB,1,6,0.01050370279699564,Unknown,0.5460951924324036,0.5092136263847351,145.0,2,3,1.0188667988788331,-7.321430699246303,-4.53295129894652,2.9499395877402197,4.824138459322937,6.8467715150675135,4.837034512558199,0.6666666666666666,1.3333333333333333,1.0,0.6150467931875828,0.0,12.24744871391589,-15.0,20.0,0.03753964106241862,0.8224161465962728,0.5385995308558146,6779.333333333333,0.5079867839813232,0.0004723866780598958,0.0004795658169314265,1.038659671942393,0.009433502303057647,5.057085817246216,1.7143014854484397,0.728773426382595,17.6605118022234,False,False,False
9sic_chainB,4,7,0.0,Unknown,0.5368952751159668,0.48225000500679016,73.0,1,3,12.724650553902295,5.612011762442244,-6.725413493660199,2.9808503389095513,4.849682238265488,7.129592043102358,4.929857406017067,1.0,2.0,2.0,0.5825850576762664,0.0,7.0710678118654755,-20.0,10.0,0.059658447901407875,0.8500303626060486,0.38543434937795,4575.333333333333,0.45274512966473895,0.00047667821248372394,0.0005396238411776721,0.986318826675415,0.011528909983913566,3.83865694453332,1.2877724501719094,0.7867122504710728,10.041603213847784,False,False,False
9sic_chainB,0,8,0.0,Unknown,0.4930506944656372,0.5270441174507141,64.0,1,3,-5.977256468345203,-15.075617207437789,0.4113850235901555,4.113248408234341,6.041273826691264,8.152537528285071,6.535098070954812,1.0,2.0,2.0,0.6666340409479683,0.0,4.08248290463863,-45.0,6.666666666666667,0.050247629483540855,0.8504907290140787,0.3893070767323176,4553.0,0.4417188862959544,0.00041623910268147785,0.0006892032688483596,0.8413642644882202,0.014382298757168302,3.839927632247029,0.9335511136550495,0.7909111688241843,26.657594109246187,False,False,False
9sic_chainB,1008,9,0.016284620389342308,Cryptic,0.8031696677207947,0.5032864809036255,253.6666717529297,1,3,16.180278407603875,-10.460282564605125,-3.4861934327249595,4.859760112014683,7.781470675426573,11.840707546424136,8.352315679674925,0.6666666666666666,1.3333333333333333,1.0,0.2702654538366754,0.3333333333333333,4.714045207910317,-43.333333333333336,6.666666666666667,0.07841841379801433,0.8838509122530619,0.27510177592436474,2478.0,0.40230605999628705,0.0004293521245320638,0.0005262941510106126,0.9461776614189148,0.0065438271844524805,3.8298484361097795,0.788073556684686,0.6516211043500517,20.59861019006354,False,False,False
9sic_chainB,4007,10,0.01369981188327074,Cryptic,0.8031696677207947,0.5388248562812805,253.6666717529297,1,3,15.424449328709063,-10.38391802385727,-2.8244886144778643,4.7349501964219955,6.774648786693443,11.840707546424136,8.352315679674925,0.6666666666666666,1.3333333333333333,1.0,0.2702654538366754,0.3333333333333333,4.714045207910317,-43.333333333333336,6.666666666666667,0.07841841379801433,0.8838509122530619,0.27510177592436474,2478.0,0.40230605999628705,0.0004293521245320638,0.0005262941510106126,0.9461776614189148,0.0065438271844524805,3.8298484361097795,0.8088466144805148,0.6538112585970249,20.074549616640127,False,False,False
9sic_chainB,1009,11,0.027638113126158714,Cryptic,0.8031696677207947,0.5300225615501404,253.6666717529297,1,3,15.342545739485695,-10.173967370964082,-2.716074220237868,4.679367343343366,6.63703779050529,11.840707546424136,8.352315679674925,0.6666666666666666,1.3333333333333333,1.0,0.2702654538366754,0.3333333333333333,4.714045207910317,-43.333333333333336,6.666666666666667,0.07841841379801433,0.8838509122530619,0.27510177592436474,2478.0,0.40230605999628705,0.0004293521245320638,0.0005262941510106126,0.9461776614189148,0.0065438271844524805,3.8298484361097795,0.8184543240782176,0.6547985098205586,19.830266540808488,False,False,False
9sic_chainB,3012,12,0.09468188136816025,Cryptic,0.8031696677207947,0.5278487205505371,761.0,1,3,16.5178311727775,-10.662188925323482,-3.812254819436704,4.986339847200171,8.26041996971663,11.840707546424136,8.352315679674925,0.6666666666666666,1.3333333333333333,1.0,0.2702654538366754,0.3333333333333333,4.714045207910317,-43.333333333333336,6.666666666666667,0.07841841379801433,0.8838509122530619,0.27510177592436474,2478.0,0.40230605999628705,0.0004293521245320638,0.0005262941510106126,0.9461776614189148,0.0065438271844524805,3.8298484361097795,0.7680680726686205,0.6494352980606237,20.99845133581018,False,False,False
9sic_chainB,4003,13,0.05932191014289856,ActiveSite,0.8031696677207947,0.4658832550048828,761.0,1,3,16.513253417145133,-10.572850170582576,-3.792069282990196,4.965786312412807,8.238399046490938,11.840707546424136,8.352315679674925,0.6666666666666666,1.3333333333333333,1.0,0.2702654538366754,0.3333333333333333,4.714045207910317,-43.333333333333336,6.666666666666667,0.07841841379801433,0.8838509122530619,0.27510177592436474,2478.0,0.40230605999628705,0.0004293521245320638,0.0005262941510106126,0.9461776614189148,0.0065438271844524805,3.8298484361097795,0.7712471288860009,0.6497879090186514,20.913316354254388,False,False,False
9sic_chainB,3013,18,0.023386415094137192,Cryptic,0.7397521734237671,0.5342079997062683,510.0,1,3,2.9052415912655416,-14.501557990447491,4.184884976701421,3.8099795074279204,5.632346417722616,8.309281742609338,6.644870858571,0.6666666666666666,1.3333333333333333,1.0,0.21700787653096135,0.6666666666666666,12.47219128924647,33.333333333333336,20.0,0.0018222332000732422,0.6926060318946838,0.28107597927252453,3613.6666666666665,0.3842112123966217,0.0003299514452616374,0.0006888685942006608,1.0929041703542073,0.007244289809727147,10.114964923147163,2.65486071602933,0.6322903555770492,22.813757797564108,False,False,False
9sic_chainB,4004,20,0.0,Unknown,0.5368952751159668,0.5212519764900208,73.0,1,3,12.640086441952393,5.5189930268288805,-6.942347491240873,2.9063721522445327,4.629139329102466,7.129592043102358,4.929857406017067,1.0,2.0,2.0,0.5825850576762664,0.0,7.0710678118654755,-20.0,10.0,0.059658447901407875,0.8500303626060486,0.38543434937795,4575.333333333333,0.45274512966473895,0.00047667821248372394,0.0005396238411776721,0.986318826675415,0.011528909983913566,3.83865694453332,1.3207726827305313,0.7887059964630069,10.206830728463189,False,False,False
9sic_chainC,3,4,0.037925176322460175,Cryptic,0.6854772567749023,0.4975312650203705,353.0,1,7,2.7138958245379663,14.949993097225462,33.59487267660325,5.41714050350443,8.827371335685763,12.842618927316046,7.682273289643255,0.42857142857142855,2.5714285714285716,1.0,0.07203870753752575,0.5238095238095238,11.473127431577865,35.714285714285715,14.761904761904763,0.0996043738864717,0.8071730818067279,0.3576375139611108,2700.0,0.3919257862227304,0.0004243084362574986,0.0006615314549500388,1.0456409198897225,0.01282083468782155,3.8284901198653043,0.7067363523963605,0.5053302716463502,24.76741164693539,False,False,False
9sic_chainC,4008,5,0.025943264365196228,Allosteric,0.6751246452331543,0.4938618838787079,191.6666717529297,1,3,-18.080177638987838,12.544448207221022,29.625192029925316,4.61314046478947,7.377794054006808,9.684527998392303,6.668864354035189,0.6666666666666666,1.3333333333333333,1.0,0.7324097550440346,0.0,8.498365855987975,28.333333333333332,13.333333333333334,0.13611364364624023,0.8468522230784098,0.4946748614311218,2941.3333333333335,0.3979535400867462,0.0004490017890930176,0.0008786867062250773,0.8528956373532613,0.012759915013264914,3.8368918711675053,0.8317309868305972,0.7112416868646357,13.480523275014237,False,False,False
9sic_chainC,4008,5,0.025943264365196228,Allosteric,0.6751246452331543,0.4938618838787079,191.6666717529297,2,4,-13.32306577848445,14.42753200976946,30.611823564572486,5.995939686292672,8.15816948038779,15.15006105317056,9.467747568639531,0.5,1.5,1.0,0.4220487304469638,0.16666666666666666,8.1967981553775,38.75,10.833333333333334,0.0534436305363973,0.8684685826301575,0.40157707408070564,3276.75,0.4220457226037979,0.0004591643810272217,0.0005471687181852758,0.9780046194791794,0.011103259369035131,3.8368918711675053,0.6399150211499008,0.6197577195872309,13.572959691229599,False,False,False
9sic_chainC,1007,6,0.027300694957375526,Cryptic,0.6751246452331543,0.5496066808700562,191.6666717529297,1,7,-13.373629163266994,13.873774929147713,29.913944032935486,6.837371851516168,10.840954547345383,17.15345181008615,9.84809807108194,0.3333333333333333,2.0,1.0,-0.018742744430338017,0.47619047619047616,8.390957231764808,37.857142857142854,10.0,0.09666112491062709,0.8774861097335815,0.49103485899312155,2788.285714285714,0.4106215238571167,0.0004635282925197056,0.0006669721125425505,0.9647201810564313,0.013361312726490753,3.8576860201330687,0.5642059703506747,0.4778256548856462,14.290368578048415,False,False,False
9sic_chainC,3009,7,0.07611554116010666,Cryptic,0.6751246452331543,0.5419709086418152,575.0,1,7,-13.607983441102693,13.852335671875911,29.51972417559105,7.225524821303926,13.974299911928675,19.67308042541486,10.647091972020835,0.2857142857142857,1.7142857142857142,1.0,-0.02087059554620505,0.47619047619047616,8.864052604279182,35.0,10.952380952380953,0.08100708893367223,0.885313127722059,0.5239077231713704,2477.8571428571427,0.4049701179776873,0.0004329085350036621,0.0005104882584419101,0.9788406065532139,0.010686636202434211,3.8576860201330687,0.5338969992544993,0.46345524581263986,14.495629012297009,False,False,False
9sic_chainC,4001,8,0.07767714560031891,ActiveSite,0.6751246452331543,0.4873289167881012,575.0,1,8,-15.596687806538814,12.739483282472643,29.38028112750049,5.708671379278385,10.925306585694242,15.15006105317056,8.360954185874595,0.25,1.75,1.0,-0.1323495794893244,0.6071428571428571,9.662265521087692,33.125,11.964285714285714,0.08858671358653478,0.8720918893814087,0.47254412807524204,2834.0,0.40682021528482437,0.0004575774073600769,0.0006476287926489022,0.9146418124437332,0.011310439331954872,3.8576860201330687,0.675758992562768,0.44957242392334307,14.249587825140134,False,False,False
9sic_chainC,4003,9,0.060255225747823715,Cryptic,0.6854772567749023,0.5592275261878967,353.0,1,4,-7.912757821470173,15.094838664346014,33.369024926646226,4.119362489407186,7.885913617921193,9.476998444897212,5.6930390308470535,0.8333333333333334,2.5,2.0,0.3354717731931141,0.0,8.1967981553775,38.75,10.833333333333334,0.06605881452560425,0.8117909729480743,0.3723977282643318,4112.5,0.43221820145845413,0.00040061771869659424,0.0006109040696173906,1.0568332523107529,0.013405813932340496,9.835189953459219,2.387551466701488,0.7146597645031271,15.332844332974062,False,False,False
9sid_chainA,3,1,0.0,Unknown,0.5006803274154663,0.4848826825618744,52.0,1,3,-15.979887052805047,3.0322200612188057,-4.658615248311505,3.212233667507617,5.423255283568227,6.115459236155767,4.698728645138133,0.6666666666666666,1.3333333333333333,1.0,0.024150858876177166,0.3333333333333333,8.16496580927726,-40.0,13.333333333333334,0.09754741191864014,0.8580913146336874,0.42384907603263855,4002.3333333333335,0.45390960574150085,0.0003952980041503906,0.0004992313746091289,1.2202831109364827,0.018944280861892013,3.854498916937785,1.1999435022199065,0.5999424835701276,7.858758219237007,False,False,False
9sid_chainA,0,2,0.03399866819381714,ActiveSite,0.7513056993484497,0.46824297308921814,669.0,1,5,-22.868792202853108,16.35028059194455,-4.025426136446145,4.083332352807289,5.86281680497954,9.819425422491692,6.399121851979869,0.5,2.0,1.0,-0.17788875160457657,0.6,11.575836902790225,-34.0,16.0,0.05967862606048584,0.8818683981895447,0.4278970807790756,1992.6,0.3998491942882538,0.00043970346450805664,0.000667727694963105,1.1142702579498291,0.009044585834366525,3.8230855081335933,0.9362660635510661,0.47175594393295517,18.797799173288706,False,False,False
9sid_chainA,2,3,0.008032063953578472,Unknown,0.5647244453430176,0.48567330837249756,129.0,1,3,-8.66562659651012,9.024779087224246,-1.0225053146816045,2.7005027974507008,4.105025217199052,7.158783936238254,4.940876171256197,1.0,2.0,2.0,0.6151581887451134,0.0,2.3570226039551585,28.333333333333332,3.3333333333333335,0.0807644526163737,0.8531487385431925,0.2771814713875453,4611.0,0.4590837260087331,0.00048015515009562176,0.0006940184199872116,1.051760991414388,0.01856064699330838,12.858725465844316,4.761604201255807,0.9027672527210492,8.119605549090842,False,False,False
9sid_chainA,1004,4,0.013121194206178188,Cryptic,0.7513056993484497,0.5568150877952576,223.0,1,3,-22.979540558022745,17.15879513220907,-2.8374743655230095,3.6476873221874953,3.961933850219748,6.702101725730146,6.310993986216693,1.0,2.0,2.0,0.5572633470856815,0.0,4.08248290463863,-25.0,6.666666666666667,0.06058061122894287,0.9017529686292013,0.30095089972019196,1282.6666666666667,0.3845365345478058,0.00042692820231119793,0.0007113595590150604,1.0883253812789917,0.011887230550623192,3.8338809515774637,1.051044295451922,0.791986336426805,19.66160344351612,False,False,False
9sid_chainA,3009,5,0.04125929996371269,Cryptic,0.6854075193405151,0.5310333371162415,563.0,1,3,-28.73119633720067,5.591412849962848,-11.9213048872494,4.246631801063569,4.952878407680672,8.98925346407751,7.191871666719258,0.6666666666666666,1.3333333333333333,1.0,0.056931980518464216,0.3333333333333333,6.236095644623235,-16.666666666666668,10.0,0.013665556907653809,0.8574479023615519,0.3011702199776967,3322.3333333333335,0.42258893450101215,0.00043463706970214844,0.0006981696157405773,1.0223907629648845,0.012266340912260448,3.799274740595646,0.8946560282537604,0.5959074020009407,20.368041919931894,False,False,False
9sid_chainA,4005,7,0.013141204603016376,Cryptic,0.7513056993484497,0.5115081071853638,223.0,1,5,-22.83435942019299,16.371318695503646,-4.015312613708466,4.079413158817426,5.882193409390638,9.819425422491692,6.399121851979869,0.5,2.0,1.0,-0.17788875160457654,0.6,11.575836902790225,-34.0,16.0,0.05967862606048584,0.8818683981895447,0.4278970807790756,1992.6,0.3998491942882538,0.00043970346450805664,0.000667727694963105,1.1142702579498291,0.009044585834366525,3.8230855081335933,0.937165557715135,0.4718329573996358,18.787528126793976,False,False,False
9sid_chainA,1003,8,0.006204425357282162,Cryptic,0.7513056993484497,0.5075581073760986,223.0,1,5,-22.85629069008544,16.306437535388998,-4.047524929925985,4.09057847376323,5.812888369112865,9.819425422491692,6.399121851979869,0.5,2.0,1.0,-0.17788875160457657,0.6,11.575836902790225,-34.0,16.0,0.05967862606048584,0.8818683981895447,0.4278970807790756,1992.6,0.3998491942882538,0.00043970346450805664,0.000667727694963105,1.1142702579498291,0.009044585834366525,3.8230855081335933,0.9346075457675916,0.47161370655536805,18.756271347284724,False,False,False
9sid_chainA,4004,9,0.007571806199848652,Cryptic,0.7513056993484497,0.4891084134578705,223.0,1,5,-22.83633767994516,16.4103717047619,-3.991781088689783,4.0730652953121815,5.927736445545862,9.819425422491692,6.399121851979869,0.5,2.0,1.0,-0.17788875160457657,0.6,11.575836902790225,-34.0,16.0,0.05967862606048584,0.8818683981895447,0.4278970807790756,1992.6,0.3998491942882538,0.00043970346450805664,0.000667727694963105,1.1142702579498291,0.009044585834366525,3.8230855081335933,0.9386261282218339,0.47195781744525533,18.818554943337418,False,False,False
9sid_chainA,4000,11,0.017636045813560486,ActiveSite,0.7513056993484497,0.4660569131374359,669.0,1,5,-22.870035083483923,16.398683530937205,-4.000143773877058,4.075475023207477,5.917041588496956,9.819425422491692,6.399121851979869,0.5,2.0,1.0,-0.17788875160457657,0.6,11.575836902790225,-34.0,16.0,0.05967862606048584,0.8818683981895447,0.4278970807790756,1992.6,0.3998491942882538,0.00043970346450805664,0.000667727694963105,1.1142702579498291,0.009044585834366525,3.8230855081335933,0.9380711417352159,0.4719104011609579,18.8345188563813,False,False,False
9sid_chainB,1,2,0.05489484593272209,Cryptic,0.6978216767311096,0.4859307110309601,355.0,1,3,-10.59497865041097,-16.155579884847004,-5.003339290618896,2.7049412719413843,3.550561910960884,7.006388842222016,4.889021060646669,1.0,2.0,2.0,0.9046467678314025,0.0,8.16496580927726,40.0,13.333333333333334,0.013815482457478842,0.7823323011398315,0.3395351568857829,4217.333333333333,0.428261677424113,0.0003013412157694499,0.0005156270053703338,1.1096444924672444,0.00716387560926382,3.8352616647033213,1.4178724338627455,0.7798794555394628,17.09349913314398,False,False,False
9sid_chainB,3007,5,0.07335405051708221,Cryptic,0.7538539171218872,0.5315722823143005,570.0,1,3,-9.89050458819131,-15.203904919254933,-5.624238392326378,2.9437814301429435,4.846060324447024,7.006388842222016,4.889021060646669,1.0,2.0,2.0,0.9046467678314025,0.0,8.16496580927726,40.0,13.333333333333334,0.013815482457478842,0.7823323011398315,0.3395351568857829,4217.333333333333,0.428261677424113,0.0003013412157694499,0.0005156270053703338,1.1096444924672444,0.00716387560926382,3.8012260400425504,1.2912731907062718,0.7727933988691615,16.869004590298985,False,False,False
9sid_chainB,4001,8,0.07492707669734955,Cryptic,0.6978216767311096,0.5180080533027649,355.0,1,3,-9.771605139640837,-15.02473916056398,-5.778011904150107,3.0194720955360808,5.094536592651081,7.006388842222016,4.889021060646669,1.0,2.0,2.0,0.9046467678314025,0.0,8.16496580927726,40.0,13.333333333333334,0.013815482457478842,0.7823323011398315,0.3395351568857829,4217.333333333333,0.428261677424113,0.0003013412157694499,0.0005156270053703338,1.1096444924672444,0.00716387560926382,3.8012260400425504,1.2589041791981443,0.770806143834173,16.874770017544932,False,False,False
9sid_chainB,3009,9,0.03055066242814064,Cryptic,0.6978216767311096,0.531199038028717,355.0,1,5,-18.700551126215657,-12.168157719079206,-7.546007129528827,4.613160277118267,7.819557885033925,11.524640918215049,6.463148367450678,0.4,1.6,1.0,-0.12950636692177625,0.5,16.1245154965971,15.0,22.0,0.06749978065490722,0.8127878904342651,0.4254717886447906,2700.0,0.3988163948059082,0.00041072368621826173,0.0006368020898662507,1.1268268465995788,0.004454604156537865,3.842305286062717,0.8329008868651135,0.41633267085140113,24.308266035694036,False,False,False
9sid_chainB,4005,10,0.0013424165081232786,Unknown,0.45303764939308167,0.5395453572273254,75.0,1,3,5.562448009449883,6.128970489877454,-12.515438721134355,3.995077545709577,5.7846084661437285,10.312650778203507,7.0730129728337445,0.6666666666666666,1.3333333333333333,1.0,0.5286298133668503,0.0,4.714045207910317,36.666666666666664,6.666666666666667,0.08805982271830241,0.9147255023320516,0.5178422232468923,1651.6666666666667,0.3927253186702728,0.0004776914914449056,0.00025058165192604065,0.9911011060078939,0.009773316117577832,3.849095349580672,0.9634594837124804,0.7466017017493188,26.925812832600954,False,False,False
9sid_chainB,4000,12,0.0,Unknown,0.5308859944343567,0.5730155110359192,84.0,1,3,-24.404880818421688,-14.818151700473631,-12.054860251331245,4.360857954412462,6.56088618151802,8.856070138515618,7.352097501672084,0.6666666666666666,1.3333333333333333,1.0,0.5627093050115568,0.0,14.337208778404378,-28.333333333333332,23.333333333333332,0.037168423334757485,0.8637759884198507,0.4341888179381688,5242.0,0.4755780001481374,0.0004442135492960612,0.0008109587943181396,1.0011365214983623,0.011195124999154066,3.818149605295255,0.875550097070216,0.6398763354043685,31.71821673404274,False,False,False
9t29_chainA,511,5,0.028261758387088776,Cryptic,0.8118273615837097,0.6126302480697632,634.0,1,3,35.12842813757203,33.18892319483159,87.66013646808949,4.6206968709226865,5.842349351806368,10.969739236482285,7.6196044920522565,0.6666666666666666,1.3333333333333333,1.0,0.04209632074054013,0.3333333333333333,4.08248290463863,-15.0,6.666666666666667,0.0493768056233724,0.8127322793006897,0.5313456455866495,2584.3333333333335,0.39748011032740277,0.0004528363545735677,0.0008473456837236881,1.144558270772298,0.012887579733262225,3.8328205621124054,0.8294897218278346,0.6015339468867488,33.78432969358633,False,False,False
9t29_chainA,3532,13,0.020504286512732506,Cryptic,0.7117264270782471,0.7735278010368347,1203.0,1,3,40.3359440275574,38.009338079023536,120.62455194951916,4.642363227290106,6.095277976268429,10.210665776228408,8.08626042491369,0.6666666666666666,1.3333333333333333,1.0,0.6552717379051424,0.0,4.714045207910317,-46.666666666666664,6.666666666666667,0.09890913963317871,0.9228567679723104,0.3005162974198659,844.3333333333334,0.3721064031124115,0.00036156177520751953,0.0003962305054301396,1.001398007074992,0.010426061415822307,3.8234084144828113,0.8235909659129915,0.7510900128536004,13.924367643488246,False,False,False
9t29_chainA,1518,15,0.016637582331895828,Cryptic,0.7117264270782471,0.714674174785614,401.0,1,3,40.334181254822504,38.009080449360354,120.62485574581972,4.642328871011241,6.096067135416052,10.210665776228408,8.08626042491369,0.6666666666666666,1.3333333333333333,1.0,0.6552717379051424,0.0,4.714045207910317,-46.666666666666664,6.666666666666667,0.09890913963317871,0.9228567679723104,0.3005162974198659,844.3333333333334,0.3721064031124115,0.00036156177520751953,0.0003962305054301396,1.001398007074992,0.010426061415822307,3.8234084144828113,0.8235970610263887,0.7510906282993934,13.923213558866168,False,False,False
9t29_chainA,4002,16,0.0725824236869812,ActiveSite,0.7117264270782471,0.7140123248100281,1203.0,1,3,40.32630640155232,38.0134828504726,120.62270686864046,4.643140031385854,6.093220945309108,10.210665776228408,8.08626042491369,0.6666666666666666,1.3333333333333333,1.0,0.6552717379051424,0.0,4.714045207910317,-46.666666666666664,6.666666666666667,0.09890913963317871,0.9228567679723104,0.3005162974198659,844.3333333333334,0.3721064031124115,0.00036156177520751953,0.0003962305054301396,1.001398007074992,0.010426061415822307,3.8234084144828113,0.8234531779438118,0.7510760982721455,13.9140658282068,False,False,False
9t29_chainA,3006,31,0.02484731934964657,ActiveSite,0.7678141593933105,0.6303882002830505,634.0,1,3,35.0844912526108,33.184933539289126,87.65848404787961,4.607918000494131,5.804114824974934,10.969739236482285,7.6196044920522565,0.6666666666666666,1.3333333333333333,1.0,0.04209632074054013,0.3333333333333333,4.08248290463863,-15.0,6.666666666666667,0.0493768056233724,0.8127322793006897,0.5313456455866495,2584.3333333333335,0.39748011032740277,0.0004528363545735677,0.0008473456837236881,1.144558270772298,0.012887579733262225,3.8328205621124054,0.831790097328423,0.6017639725152444,33.780185994836806,False,False,False
9t2f_chainA,7,3,0.04734605550765991,ActiveSite,0.7390652298927307,0.7664656639099121,870.0,1,3,146.33739920034662,3.9798813747126127,5.621866500185286,3.2845718972118347,5.922583506357138,7.096918769307462,5.67119883496517,0.6666666666666666,1.3333333333333333,1.0,0.008963286131168369,0.6666666666666666,4.714045207910316,26.666666666666668,6.666666666666667,0.0322654644648234,0.8250877261161804,0.2844630926847458,2734.3333333333335,0.40157999595006305,0.0004253784815470378,0.0007229719970685741,1.0954602162043254,0.011012796255643062,3.8606956165049438,1.175402986240661,0.63198474694859,43.633647687765915,False,False,False
9t2f_chainA,1517,14,0.00792897492647171,Cryptic,0.6990652680397034,1.0,290.0,1,3,146.33052914814886,3.973641311891895,5.619826394230908,3.2828728289158544,5.9137108714311255,7.096918769307462,5.67119883496517,0.6666666666666666,1.3333333333333333,1.0,0.008963286131168369,0.6666666666666666,4.714045207910316,26.666666666666668,6.666666666666667,0.0322654644648234,0.8250877261161804,0.2844630926847458,2734.3333333333335,0.40157999595006305,0.0004253784815470378,0.0007229719970685741,1.0954602162043254,0.011012796255643062,3.8606956165049438,1.1760113223087936,0.6320254136370795,43.63067619987355,False,False,False
9t2f_chainA,3524,15,0.04297688975930214,Cryptic,0.7390652298927307,0.6945397853851318,870.0,1,3,146.0054032997798,3.9086641184361666,5.5901022599121895,3.2282708749285267,5.586633244805021,7.096918769307462,5.67119883496517,0.6666666666666666,1.3333333333333333,1.0,0.008963286131168369,0.6666666666666666,4.714045207910316,26.666666666666668,6.666666666666667,0.0322654644648234,0.8250877261161804,0.2844630926847458,2734.3333333333335,0.40157999595006305,0.0004253784815470378,0.0007229719970685741,1.0954602162043254,0.011012796255643062,3.8606956165049438,1.1959020063923287,0.633343659887712,43.385779867287866,False,False,False
9t2f_chainA,1516,16,0.008032816462218761,Cryptic,0.6990652680397034,1.0,290.0,1,5,146.873990753956,3.4856827529883834,3.0790528341611263,4.075775395770206,6.458901392217526,10.225096287842659,6.350311264256737,0.6,2.4,2.0,-0.08671848575017092,0.6,5.830951894845301,24.0,8.0,0.050421082973480226,0.8072583198547363,0.2537928447127342,3130.2,0.4035945415496826,0.00044585466384887694,0.0008158421842381358,1.0392247080802917,0.011580646980294767,3.8606956165049438,0.9472297272591444,0.5608374969086249,45.276443842898765,False,False,False
9t2f_chainA,1518,17,0.00872842501848936,Cryptic,0.6990652680397034,0.8190905451774597,290.0,1,4,147.2546684989433,3.6928292785291315,3.658721569021232,4.322100293961906,6.743722380391222,10.225096287842659,6.96883172616027,0.6666666666666666,2.0,1.0,-0.08350084784195505,0.6666666666666666,4.14578098794425,26.25,5.833333333333333,0.024515022834142048,0.8251143544912338,0.2339684721082449,3268.0,0.41445475816726685,0.00043833255767822266,0.000739399140002206,1.0672122538089752,0.010658488655741902,3.8606956165049438,0.8932452636276031,0.5774445495080074,45.28668014671436,False,False,False
9t2f_chainA,4514,18,0.012222475372254848,Cryptic,0.7390652298927307,0.8330225348472595,290.0,1,3,145.8852405816852,3.6861335693543067,5.521523642486162,3.223390207367425,5.386715410426449,7.096918769307462,5.67119883496517,0.6666666666666666,1.3333333333333333,1.0,0.008963286131168369,0.6666666666666666,4.714045207910316,26.666666666666668,6.666666666666667,0.0322654644648234,0.8250877261161804,0.2844630926847458,2734.3333333333335,0.40157999595006305,0.0004253784815470378,0.0007229719970685741,1.0954602162043254,0.011012796255643062,3.8606956165049438,1.1977127707594584,0.6334625867106829,43.38753049346551,False,False,False
9t2f_chainA,4516,19,0.011450323276221752,Cryptic,0.6990652680397034,0.8956007361412048,290.0,1,4,146.980897585448,3.664066540054518,3.7512247935325065,4.261407714651471,6.4613262652462895,10.225096287842659,6.96883172616027,0.6666666666666666,2.0,1.0,-0.08350084784195505,0.6666666666666666,4.14578098794425,26.25,5.833333333333333,0.024515022834142048,0.8251143544912338,0.2339684721082449,3268.0,0.41445475816726685,0.00043833255767822266,0.000739399140002206,1.0672122538089752,0.010658488655741902,3.8606956165049438,0.9059672002824776,0.5785969250148952,45.02681781100416,False,False,False
9t2f_chainA,1514,21,0.004353655967861414,Cryptic,0.7390652298927307,1.0,290.0,1,4,147.2546684989433,3.6928292785291315,3.658721569021232,4.322100293961906,6.743722380391222,10.225096287842659,6.96883172616027,0.6666666666666666,2.0,1.0,-0.08350084784195505,0.6666666666666666,4.14578098794425,26.25,5.833333333333333,0.024515022834142048,0.8251143544912338,0.2339684721082449,3268.0,0.41445475816726685,0.00043833255767822266,0.000739399140002206,1.0672122538089752,0.010658488655741902,3.8606956165049438,0.8932452636276031,0.5774445495080074,45.28668014671436,False,False,False
9t2f_chainA,1515,22,0.005724931135773659,Cryptic,0.7390652298927307,0.8190905451774597,290.0,1,4,147.2546684989433,3.6928292785291315,3.658721569021232,4.322100293961906,6.743722380391222,10.225096287842659,6.96883172616027,0.6666666666666666,2.0,1.0,-0.08350084784195505,0.6666666666666666,4.14578098794425,26.25,5.833333333333333,0.024515022834142048,0.8251143544912338,0.2339684721082449,3268.0,0.41445475816726685,0.00043833255767822266,0.000739399140002206,1.0672122538089752,0.010658488655741902,3.8606956165049438,0.8932452636276031,0.5774445495080074,45.28668014671436,False,False,False
9t2f_chainA,1513,23,0.00695492047816515,Cryptic,0.7390652298927307,1.0,290.0,1,4,147.2546684989433,3.6928292785291315,3.658721569021232,4.322100293961906,6.743722380391222,10.225096287842659,6.96883172616027,0.6666666666666666,2.0,1.0,-0.08350084784195505,0.6666666666666666,4.14578098794425,26.25,5.833333333333333,0.024515022834142048,0.8251143544912338,0.2339684721082449,3268.0,0.41445475816726685,0.00043833255767822266,0.000739399140002206,1.0672122538089752,0.010658488655741902,3.8606956165049438,0.8932452636276031,0.5774445495080074,45.28668014671436,False,False,False
9t2f_chainA,3511,38,0.015215469524264336,Allosteric,0.7144791483879089,0.859889805316925,150.0,1,4,110.9676109966558,17.158678781175297,26.982604454684108,3.238524999973336,4.771217181996228,7.659223938973772,5.35545106742014,0.5,1.5,1.0,-0.2994657411692418,0.6666666666666666,10.825317547305483,26.25,15.833333333333334,0.04805022478103638,0.8738053441047668,0.4286256805062294,4959.0,0.4798244386911392,0.00047634541988372803,0.0006094232085160911,1.1285421252250671,0.014774398412053861,3.8568821232763746,1.190937887868128,0.5005373068097401,5.618780270513739,False,False,False
9t2g_chainA,514,2,0.07603669166564941,Cryptic,0.6210528016090393,0.7943893074989319,3598.0,1,5,-14.649716350847958,13.091579989881966,-27.798715528659613,4.90042673121049,8.60200464970849,14.810390133381754,7.552150787104813,0.4,1.6,1.0,-0.11024490301234029,0.6,11.661903789690601,28.0,14.0,0.06795446872711182,0.8543119430541992,0.37691508084535597,1833.0,0.37933121919631957,0.000477147102355957,0.0007507319503929466,0.9872438669204712,0.015262864020526862,15.615383643082533,3.1865354793755407,0.5295987024540288,19.318140137574122,False,False,False
9t2g_chainA,4514,13,0.0630321353673935,Cryptic,0.6210528016090393,0.7713789343833923,3598.0,1,5,-14.656355359637534,13.026871052524656,-27.808930946008747,4.911474953278072,8.666171760464346,14.810390133381754,7.552150787104816,0.4,1.6,1.0,-0.11024490301234027,0.6,11.661903789690601,28.0,14.0,0.06795446872711182,0.8543119430541992,0.37691508084535597,1833.0,0.37933121919631957,0.000477147102355957,0.0007507319503929466,0.9872438669204712,0.015262864020526862,15.615383643082533,3.179367459190714,0.5294661237892179,19.344415857131203,False,False,False
9t2g_chainA,1524,14,0.0630267783999443,Cryptic,0.6210528016090393,1.0,1199.3333740234375,1,4,-14.55115601776511,15.725132980961044,-27.637552014326374,3.6243915041525057,6.104817852180135,10.065167047999847,5.976146789046388,0.5,1.5,1.0,-0.08462393329798183,0.6666666666666666,12.24744871391589,30.0,16.666666666666668,0.08452025055885315,0.8604598492383957,0.3181005958467722,1585.5,0.3729570508003235,0.00047719478607177734,0.0006761045879102312,0.9653134047985077,0.013342681411235832,15.615383643082533,4.308415254034178,0.5626708498481988,18.7009085337599,False,False,False
9t2g_chainA,4527,15,0.046539194881916046,ActiveSite,0.5861695408821106,1.0,1199.3333740234375,1,4,-14.54365061680943,15.702118534305747,-27.677686928286487,3.6323735220130233,6.1431783528222645,10.065167047999847,5.976146789046388,0.5,1.5,1.0,-0.08462393329798183,0.6666666666666666,12.24744871391589,30.0,16.666666666666668,0.08452025055885315,0.8604598492383957,0.3181005958467722,1585.5,0.3729570508003235,0.00047719478607177734,0.0006761045879102312,0.9653134047985077,0.013342681411235832,15.615383643082533,4.298947657351232,0.5625750656338726,18.719660714028137,False,False,False
9t2g_chainA,1525,16,0.06794533133506775,Cryptic,0.6210528016090393,0.9328401684761047,1199.3333740234375,1,6,-13.986885854502484,14.944987198928796,-26.680715308921357,4.730039502207573,8.375355768322585,14.810390133381754,7.395814544036241,0.4,2.0,1.0,0.03078658506984847,0.4,13.437096247164249,31.666666666666668,16.666666666666668,0.05855751434961955,0.85182985663414,0.4570887548228105,2105.6666666666665,0.3864173839489619,0.0004775126775105794,0.0008958422646780188,0.9928644100824991,0.015872596828559658,3.8627610506915637,0.8166445647840279,0.47853132568773027,17.808502960481405,False,False,False
9t2g_chainA,1523,17,0.047223370522260666,Cryptic,0.6210528016090393,0.6950399279594421,1199.3333740234375,1,3,-15.009886142374517,9.72071981620098,-27.77983947295836,4.162690607794819,7.332004315167901,10.202200691604824,7.0800438749011825,0.6666666666666666,1.3333333333333333,1.0,0.26690711998912525,0.3333333333333333,0.0,20.0,0.0,0.014907320340474447,0.8231674830118815,0.3669240747888883,2059.3333333333335,0.3808157841364543,0.00048033396402994793,0.0009100800574136277,1.056118667125702,0.01841758340549945,15.615383643082533,3.7512717408884644,0.790953175273812,20.641780211758146,False,False,False
9t2g_chainA,1526,18,0.0405709370970726,Cryptic,0.5861695408821106,0.6950399279594421,1199.3333740234375,1,5,-14.652261209279175,13.016280564431485,-27.822980323670297,4.914504646686857,8.680857333115572,14.810390133381754,7.552150787104816,0.4,1.6,1.0,-0.11024490301234027,0.6,11.661903789690601,28.0,14.0,0.06795446872711182,0.8543119430541992,0.37691508084535597,1833.0,0.37933121919631957,0.000477147102355957,0.0007507319503929466,0.9872438669204712,0.015262864020526862,15.615383643082533,3.1774074430084704,0.5294297674683124,19.351417547002047,False,False,False
9t2g_chainA,1528,19,0.06280909478664398,Cryptic,0.5861695408821106,0.9328401684761047,1199.3333740234375,1,5,-14.652261209279175,13.016280564431485,-27.822980323670297,4.914504646686857,8.680857333115572,14.810390133381754,7.552150787104816,0.4,1.6,1.0,-0.11024490301234027,0.6,11.661903789690601,28.0,14.0,0.06795446872711182,0.8543119430541992,0.37691508084535597,1833.0,0.37933121919631957,0.000477147102355957,0.0007507319503929466,0.9872438669204712,0.015262864020526862,15.615383643082533,3.1774074430084704,0.5294297674683124,19.351417547002047,False,False,False
9t2g_chainA,1527,20,0.05681263282895088,Cryptic,0.5861695408821106,1.0,1199.3333740234375,1,5,-14.652261209279175,13.016280564431485,-27.822980323670297,4.914504646686857,8.680857333115572,14.810390133381754,7.552150787104816,0.4,1.6,1.0,-0.11024490301234027,0.6,11.661903789690601,28.0,14.0,0.06795446872711182,0.8543119430541992,0.37691508084535597,1833.0,0.37933121919631957,0.000477147102355957,0.0007507319503929466,0.9872438669204712,0.015262864020526862,15.615383643082533,3.1774074430084704,0.5294297674683124,19.351417547002047,False,False,False
9t7f_chainA,0,2,0.04387056827545166,ActiveSite,0.6703827381134033,0.5152878165245056,424.0,1,4,-4.39752660640927,41.79629135598632,66.45181394829547,4.509420803918981,6.225415702071275,11.124984501521443,7.192860286417609,0.5,1.5,1.0,0.36585346158220816,0.16666666666666666,16.00781059358212,27.5,23.333333333333332,0.10716313123703003,0.806277871131897,0.3877134509384632,4421.5,0.4413842558860779,0.0004453808069229126,0.000543833986739628,1.0827572643756866,0.008206518853310455,3.0501985525412625,0.6764058368406074,0.5502060637503193,24.163814842387943,False,False,False
9t7f_chainA,2,3,0.00804583914577961,Unknown,0.5439304709434509,0.47825586795806885,90.0,1,3,7.991559168142177,62.86191748883006,58.552446297668425,2.9062274021856367,4.404268728128094,7.116398396159575,4.937553354337524,0.6666666666666666,1.3333333333333333,1.0,-0.261739258950326,0.6666666666666666,8.498365855987974,36.666666666666664,13.333333333333334,0.1208794116973877,0.8672866821289062,0.4282598892847697,4527.666666666667,0.45180914799372357,0.00047520796457926434,0.0005237463822898766,0.914479394753774,0.018078392065460438,3.842010465522941,1.3219923749371938,0.540087829679178,9.728281262363701,False,False,False
9t7f_chainA,1006,4,0.0,Cryptic,0.7266920208930969,0.5912305116653442,185.6666717529297,1,4,15.74266396379196,47.689683049315015,63.47942088185251,2.963961733880935,4.072579449262266,5.923273593144807,4.737793182205041,0.5,1.5,1.0,-0.015359035827958454,0.3333333333333333,9.013878188659973,-27.5,13.333333333333334,0.1749363342920939,0.747863382101059,0.43505648523569107,2330.75,0.36125850677490234,0.0004314035177230835,0.00040098855970427394,1.0023709833621979,0.009806146448783777,3.82529630493484,1.2906024599467738,0.5819305583852071,20.42086221559268,False,False,False
9t7f_chainA,1006,4,0.0,Cryptic,0.7266920208930969,0.5912305116653442,185.6666717529297,2,3,14.031710108061718,48.471931446785,59.63823822087305,4.303580505326366,6.395339157765831,9.76683156648297,7.507745014364052,0.6666666666666666,1.3333333333333333,1.0,-0.10333306855085007,0.6666666666666666,4.714045207910316,23.333333333333332,6.666666666666667,0.11388651529947917,0.8956416050593058,0.35997274518013,1936.0,0.39996854464213055,0.0003865162531534831,0.0005330214286611105,1.089403748512268,0.01730967772132842,3.82529630493484,0.8888636567157108,0.5681526518828921,20.04869704020836,False,False,False
9t7f_chainA,4005,5,0.005846441723406315,Allosteric,0.7266920208930969,0.500124990940094,185.6666717529297,1,3,14.035595809386043,48.71291555724813,59.63573117275023,4.26815046172007,6.378145833253463,9.76683156648297,7.507745014364052,0.6666666666666666,1.3333333333333333,1.0,-0.10333306855085007,0.6666666666666666,4.714045207910316,23.333333333333332,6.666666666666667,0.11388651529947917,0.8956416050593058,0.35997274518013,1936.0,0.39996854464213055,0.0003865162531534831,0.0005330214286611105,1.089403748512268,0.01730967772132842,3.8448937761408106,0.9008337008324008,0.568976813876724,19.86256231146411,False,False,False
9t7f_chainA,4003,7,0.01724565215408802,ActiveSite,0.7266920208930969,0.49951913952827454,557.0,1,3,14.402589618874183,48.40128921638143,59.225622796066446,4.337157645210472,6.954535882054443,9.76683156648297,7.507745014364052,0.6666666666666666,1.3333333333333333,1.0,-0.10333306855085007,0.6666666666666666,4.714045207910316,23.333333333333332,6.666666666666667,0.11388651529947917,0.8956416050593058,0.35997274518013,1936.0,0.39996854464213055,0.0003865162531534831,0.0005330214286611105,1.089403748512268,0.01730967772132842,3.8448937761408106,0.8865008124357046,0.5676709647282826,20.44692911735461,False,False,False
9t7f_chainA,4001,8,0.0,Unknown,0.5189516544342041,0.5538097023963928,55.0,1,4,0.20791791462603143,53.493982434857365,61.175743420963904,3.643207621328494,6.404472147580308,9.327018340628479,5.498336140613856,0.6666666666666666,2.0,1.0,0.017231781742604778,0.5,9.60143218483576,-26.25,12.5,0.0523965060710907,0.8075821250677109,0.49919796362519264,5555.0,0.4662100151181221,0.00047639012336730957,0.0006308459996944293,0.9784790426492691,0.011490593801268406,3.8166250288092125,1.0476001989196218,0.569378398378143,13.194900440736268,False,False,False
9t7f_chainB,0,2,0.0,Unknown,0.43456190824508667,0.528285801410675,55.0,1,3,21.749197194571764,45.43669348074459,47.59338249660835,5.467637411564411,8.202972267568226,12.126387729371173,8.912028906543275,0.6666666666666666,1.3333333333333333,1.0,0.4170246351668058,0.0,8.498365855987974,33.333333333333336,13.333333333333334,0.004317005475362142,0.8539931178092957,0.4174854854742686,3770.6666666666665,0.44830122590065,0.000336309274037679,0.0005008252774132416,1.2626390655835469,0.014650661449157228,3.838167381138279,0.7019791350868118,0.6359463289729378,9.572907135774022,False,False,False
9t7f_chainB,6,3,0.0,Unknown,0.5003065466880798,0.5290122032165527,54.0,1,3,45.82820891365116,29.87588041974026,52.80822692288475,2.7013366369167957,3.7955967958472345,6.135319082079417,4.606124637339229,0.6666666666666666,1.3333333333333333,1.0,0.23036096852983265,0.3333333333333333,4.714045207910317,41.666666666666664,6.666666666666667,0.044144233067830406,0.8327410419782003,0.39486877123514813,3162.3333333333335,0.4067333936691284,0.00029323498407999676,0.0004104216447255264,0.9934375286102295,0.005863864870534349,6.244303609464512,2.311560700776459,0.743110404522905,25.697592399879213,False,False,False
9t7f_chainB,3,4,0.00903464388102293,Allosteric,0.5828148722648621,0.5032666921615601,172.0,1,3,37.817304050884005,27.279076496588583,45.43671626442816,3.0888832014881564,5.40888645584082,7.365322457773246,5.265007098822418,0.6666666666666666,1.3333333333333333,1.0,0.7472321490204198,0.0,10.801234497346433,30.0,16.666666666666668,0.06691451867421468,0.7863934437433878,0.3022318333387375,4769.333333333333,0.4362510144710541,0.00039952993392944336,0.0005989151541143656,0.9631816546122233,0.012310368605749916,3.796144895044983,1.2289700346118893,0.7268280174139483,20.092446093932207,False,False,False
9t7f_chainB,1,5,0.00247964751906693,Unknown,0.5327417254447937,0.4745595455169678,72.0,1,6,25.512146902623567,39.227323369703186,44.57922797451998,6.481514752009076,9.617476513712143,14.536417925255254,9.502974581579748,0.4,2.0,1.0,0.057019183581471705,0.5333333333333333,12.133516482134198,31.666666666666668,16.0,0.05190715789794922,0.8394689758618673,0.38324003914992016,4563.5,0.464947630961736,0.0004068911075592041,0.0005050268603857452,1.2374774813652039,0.014815612788106407,3.83517714643834,0.5917100081041318,0.46953583981916813,8.517389526721706,False,False,False
9t7f_chainB,3011,6,0.033975277096033096,Cryptic,0.8325768709182739,0.5357435941696167,774.0,1,3,38.79896272049177,43.51239892183835,49.82038541376117,3.861888493958833,4.198407214557268,7.8833611700432495,6.4682333380433406,1.0,2.0,2.0,0.4266707129383067,0.0,7.0710678118654755,20.0,10.0,0.08592832088470459,0.8704340060551962,0.528586208820343,3434.0,0.42802465955416363,0.0004378954569498698,0.0004029274241474923,0.9995183944702148,0.009684260521097535,3.8337405308856063,0.9927113475396148,0.7204891667172927,19.050705622779407,False,False,False
9t7f_chainB,1007,7,0.01209383737295866,Cryptic,0.8325768709182739,0.5314052700996399,258.0,1,5,38.76211791379281,41.91724945309364,50.85519602202532,4.6464879092221265,6.234009097822473,11.710643928658618,7.235684054169271,0.7,2.8,1.0,0.43230278325446314,0.2,9.695359714832659,26.0,13.0,0.05427241325378418,0.8624093294143677,0.44278261363506316,3314.0,0.42118739485740664,0.0004502534866333008,0.0003904931458237115,0.9793978333473206,0.009985964594895697,3.8337405308856063,0.8250835051731399,0.6516429035584473,18.443749006931075,False,False,False
9t7f_chainB,4008,8,0.01611626148223877,Cryptic,0.8325768709182739,0.5164950489997864,258.0,1,3,38.79649791672323,43.47751345241225,49.82543959399497,3.866365629423258,4.164498955265488,7.8833611700432495,6.46823333804334,1.0,2.0,2.0,0.4266707129383068,0.0,7.0710678118654755,20.0,10.0,0.08592832088470459,0.8704340060551962,0.528586208820343,3434.0,0.42802465955416363,0.0004378954569498698,0.0004029274241474923,0.9995183944702148,0.009684260521097535,3.8337405308856063,0.9915618175659919,0.7203971234259323,19.035504237447142,False,False,False
9t7f_chainB,4009,9,0.007776044774800539,Cryptic,0.6665383577346802,0.5394003987312317,200.3333282470703,1,4,41.3656312442766,34.186772994427635,52.40723127538838,5.919681222568146,8.735735240466594,11.066368643710602,7.02055102698008,0.5,1.5,1.0,0.39369015938300206,0.16666666666666666,4.14578098794425,41.25,5.833333333333333,0.035848637421925865,0.8388459980487823,0.3909401297569275,3379.0,0.41263432800769806,0.00033755600452423096,0.0004001990091637708,0.9558892697095871,0.006106044365710081,3.8241403761743022,0.6460044438871437,0.6721598402274435,20.455897643014747,False,False,False
9t7f_chainB,4004,10,0.024846648797392845,ActiveSite,0.8325768709182739,0.4652731716632843,774.0,1,3,38.7920323513644,43.48712259329199,49.81667838179514,3.863458159557105,4.177037629550652,7.8833611700432495,6.4682333380433406,1.0,2.0,2.0,0.4266707129383067,0.0,7.0710678118654755,20.0,10.0,0.08592832088470459,0.8704340060551962,0.528586208820343,3434.0,0.42802465955416363,0.0004378954569498698,0.0004029274241474923,0.9995183944702148,0.009684260521097535,3.8337405308856063,0.9923080236813266,0.7204568866015038,19.035510517824452,False,False,False
9t7f_chainB,1010,11,0.013419042341411114,Cryptic,0.6665383577346802,0.5316754579544067,200.3333282470703,1,3,38.92443942432609,39.16389514876079,52.22802844604617,3.2402134260849884,5.371101457638103,8.539572600568405,5.944453022199025,0.6666666666666666,1.3333333333333333,1.0,0.39044895304792465,0.3333333333333333,10.274023338281626,28.333333333333332,16.666666666666668,0.02781256039937337,0.8387288848559061,0.3900630821784337,4126.333333333333,0.43620559573173523,0.000468750794728597,0.00040249563365553814,0.9747471213340759,0.009464065146210258,3.8241403761743022,1.1802124963091853,0.6643315795852025,18.029359497210436,False,False,False
9t7f_chainB,1010,11,0.013419042341411114,Cryptic,0.6665383577346802,0.5316754579544067,200.3333282470703,2,3,33.17262887419932,44.42739537209012,56.05625189866049,4.942423340617273,5.865029515532777,9.399266659036766,7.923081667874562,0.6666666666666666,1.3333333333333333,1.0,0.38256085055371875,0.0,9.428090415820632,-23.333333333333332,13.333333333333334,0.0814739465713501,0.8352922002474467,0.4312385966380437,1664.0,0.3742492198944092,0.0003981192906697591,0.0004299505865977456,1.0839990774790447,0.012174086722943409,3.8540636310251206,0.7797922932566469,0.6399549024398016,15.095490212712749,False,False,False
9t7f_chainB,1011,12,0.011816136538982391,Cryptic,0.6665383577346802,0.5966302752494812,200.3333282470703,1,4,39.896699738727776,38.09572342682424,52.371356423645366,4.765402308545405,8.25878722865959,14.454157836904576,8.235238357553406,0.5,1.5,1.0,0.3248558106816973,0.3333333333333333,11.4564392373896,32.5,16.666666666666668,0.021337032318115234,0.8392261862754822,0.3465176932513714,3907.75,0.428434856235981,0.000456392765045166,0.0004352201794972643,0.9480967372655869,0.009661278831558644,3.8241403761743022,0.8024800695875739,0.5758116423337934,18.88845390008835,False,False,False
9t7f_chainB,4010,13,0.02018439583480358,Cryptic,0.6665383577346802,0.48224982619285583,200.3333282470703,1,4,39.951438741341626,37.954545462638364,52.29426128379872,4.765394227239206,8.132388584542403,14.454157836904576,8.235238357553406,0.5,1.5,1.0,0.3248558106816973,0.3333333333333333,11.4564392373896,32.5,16.666666666666668,0.021337032318115234,0.8392261862754822,0.3465176932513714,3907.75,0.428434856235981,0.000456392765045166,0.0004352201794972643,0.9480967372655869,0.009661278831558644,3.8241403761743022,0.8024814304586482,0.5758117846718369,18.929088683357246,False,False,False
9t7f_chainB,4002,14,0.06093689426779747,ActiveSite,0.6665383577346802,0.5195536017417908,601.0,1,4,40.058854799105056,37.947746950676866,52.41845577329052,4.776913651167879,8.035261105554827,14.454157836904576,8.235238357553406,0.5,1.5,1.0,0.3248558106816973,0.3333333333333333,11.4564392373896,32.5,16.666666666666668,0.021337032318115234,0.8392261862754822,0.3465176932513714,3907.75,0.428434856235981,0.000456392765045166,0.0004352201794972643,0.9480967372655869,0.009661278831558644,3.8241403761743022,0.8005462638495383,0.5756090460310559,19.041955691177392,False,False,False
9tf5_chainA,3,2,0.0,Unknown,0.5038928389549255,0.5390859246253967,82.0,1,7,5.155996336404895,-0.016878983506073926,13.725214763237558,5.044872057425103,8.948902149036309,12.591342793930945,7.579102912012727,0.2857142857142857,1.7142857142857142,1.0,-0.1525142855421627,0.6666666666666666,9.422075684480657,25.714285714285715,12.380952380952381,0.045652542795453756,0.8360601833888462,0.44585153460502625,4033.714285714286,0.4381942025252751,0.0004201275961739676,0.0005918619322723576,1.0651297654424394,0.009981895945047618,3.8450983370984146,0.7621795544723782,0.46759138405000855,18.83699647781426,False,False,False
9tf5_chainA,6,4,0.006025049369782209,Unknown,0.5784249305725098,0.5145254731178284,145.0,1,3,5.569013530872174,-1.8962147487943681,12.105017694617642,3.6659007246421953,6.895910897504176,9.120941622054165,6.5114096128503585,0.6666666666666666,1.3333333333333333,1.0,0.17518774795234945,0.3333333333333333,4.08248290463863,30.0,6.666666666666667,0.04633251825968424,0.8223763505617777,0.4809853881597519,5595.0,0.4727583130200704,0.0004719694455464681,0.0006539243234631916,0.9947266181310018,0.011844940546218907,3.7811722486841943,1.0314442568690263,0.6658828434458028,17.840058015545516,False,False,False
9tf5_chainA,5,5,0.02235887013375759,ActiveSite,0.7220516204833984,0.49183714389801025,502.0,1,5,9.233472647385474,-1.7118703630565222,17.665799851148638,5.71744299238279,8.064620196656515,13.305029161229303,8.878746807249732,0.4,1.6,1.0,0.16358074109319176,0.4,13.564659966250536,26.0,18.0,0.05237724781036377,0.8441151857376099,0.29132430255413055,3079.2,0.4157124638557434,0.0004385828971862793,0.0005303254525642842,1.0780650138854981,0.007733783017724994,3.8138592258884105,0.6670567998613229,0.4988370148382992,14.261293604320196,False,False,False
9tf5_chainA,4009,7,0.007321903016418219,Allosteric,0.7220516204833984,0.5432286262512207,167.3333282470703,1,4,9.479026292075593,-1.9944958245115278,17.76756512187542,5.038972928345293,6.5405555495251235,11.572059510477125,7.801862607465782,0.5,1.5,1.0,0.30331180399705293,0.3333333333333333,14.79019945774904,27.5,21.666666666666668,0.038482447465260826,0.8587590754032135,0.31209488213062286,3028.0,0.41081810742616653,0.00047284364700317383,0.0005933463617111556,0.9518937170505524,0.008705585894194817,3.8138592258884105,0.7568723388916503,0.5395639364712411,13.881194100090417,False,False,False
9tf5_chainA,4008,8,0.009826474823057652,Cryptic,0.7421712875366211,0.548730731010437,201.6666717529297,1,6,8.814546430703873,14.10245689244912,13.668446525186955,3.6078882681283164,4.712600697675189,8.56451185559952,5.501306587832407,0.5333333333333333,2.6666666666666665,2.0,-0.1728150768432942,0.7333333333333333,6.066758241067099,19.166666666666668,7.666666666666667,0.09397704203923543,0.8568250238895416,0.44840381294488907,2453.6666666666665,0.39856797953446704,0.0004553099473317464,0.0007502348938335975,1.0155006845792134,0.009863810274450132,3.8480943220243438,1.066578019063944,0.5525660714675301,29.304145125811182,False,False,False
9tf5_chainA,1010,9,0.008273215964436531,Cryptic,0.7220516204833984,0.5424269437789917,167.3333282470703,1,3,9.67179462280638,9.762440141439976,18.1635992670997,4.827622099267296,9.217683077739599,11.522103270845726,8.24076537080456,0.6666666666666666,1.3333333333333333,1.0,0.8274688247004168,0.0,6.236095644623235,-16.666666666666668,10.0,0.09612397352854411,0.8760494987169901,0.3099780132373174,2720.0,0.40673526128133136,0.0003935496012369792,0.0003309860670318206,0.9570741256078085,0.011697503351472191,3.849358602728475,0.7973612108770289,0.7237060698682818,24.41326475089607,False,False,False
9tf5_chainA,1011,10,0.0032892723102122545,Cryptic,0.7220516204833984,0.6331864595413208,167.3333282470703,1,3,9.13206081334915,10.061684537320597,18.67618490678213,4.634220366341633,8.433949688901853,11.522103270845726,8.24076537080456,0.6666666666666666,1.3333333333333333,1.0,0.8274688247004168,0.0,6.236095644623236,-16.666666666666668,10.0,0.09612397352854411,0.8760494987169901,0.3099780132373174,2720.0,0.40673526128133136,0.0003935496012369792,0.0003309860670318206,0.9570741256078085,0.011697503351472195,3.859693965128318,0.8328680252586381,0.7272104511427768,24.85355307466748,False,False,False
9tf5_chainA,4002,11,0.023359423503279686,ActiveSite,0.7421712875366211,0.4846959114074707,605.0,1,6,8.898423543567157,14.162044120302506,13.501019378899947,3.596568254148684,4.822567008151,8.56451185559952,5.501306587832407,0.5333333333333333,2.6666666666666665,2.0,-0.1728150768432942,0.7333333333333333,6.066758241067099,19.166666666666668,7.666666666666667,0.09397704203923543,0.8568250238895416,0.44840381294488907,2453.6666666666665,0.39856797953446704,0.0004553099473317464,0.0007502348938335975,1.0155006845792134,0.009863810274450132,3.8480943220243438,1.0699350186349228,0.552813811620985,29.3678394410494,False,False,False
9tf5_chainA,4007,12,0.005438119173049927,Cryptic,0.7421712875366211,0.5023831725120544,201.6666717529297,1,6,8.871837711417161,14.191195245885607,13.301029390878949,3.5893288881146344,4.904112276945769,8.56451185559952,5.501306587832407,0.5333333333333333,2.6666666666666665,2.0,-0.1728150768432942,0.7333333333333333,6.066758241067099,19.166666666666668,7.666666666666667,0.09397704203923543,0.8568250238895416,0.44840381294488907,2453.6666666666665,0.39856797953446704,0.0004553099473317464,0.0007502348938335975,1.0155006845792134,0.009863810274450135,3.8480943220243438,1.0720929850609568,0.5529726162275947,29.441695208335982,False,False,False
9tf5_chainA,4005,13,0.028262516483664513,ActiveSite,0.7220516204833984,0.53762286901474,502.0,1,3,9.46695476121998,10.000971365380172,18.370548436995396,4.7297082585586026,8.89126023586716,11.522103270845726,8.24076537080456,0.6666666666666666,1.3333333333333333,1.0,0.8274688247004168,0.0,6.236095644623236,-16.666666666666668,10.0,0.09612397352854411,0.8760494987169901,0.3099780132373174,2720.0,0.40673526128133136,0.0003935496012369792,0.0003309860670318206,0.9570741256078085,0.011697503351472195,3.859693965128318,0.816053285769591,0.7255041051198715,24.696366106121513,False,False,False
9tf5_chainB,6,2,0.0,Unknown,0.5095904469490051,0.5431990027427673,73.0,1,4,31.88603541543863,42.87729590174574,1.4829117173152098,3.1223294710886664,5.230442306651166,8.329085379051174,5.167580219558432,0.5,1.5,1.0,-0.01723928087478649,0.5,4.330127018922194,32.5,5.0,0.06971315542856853,0.8282627165317535,0.3608577623963356,2871.5,0.3952060341835022,0.0004590451717376709,0.0007350993037107401,0.92185840010643,0.008663844286719853,6.380855320559079,2.043620117493321,0.6526603763550054,24.95177254873254,False,False,False
9tf5_chainB,1,3,0.041269559413194656,ActiveSite,0.8268575668334961,0.47616255283355713,683.0,1,3,9.585812723627471,37.71862511094176,-2.472419213981456,2.988139383797965,3.7166398257202076,6.6809849022510805,5.202640125652322,0.6666666666666666,1.3333333333333333,1.0,0.06605014339668995,0.3333333333333333,6.236095644623236,36.666666666666664,10.0,0.14203759034474692,0.8900022904078165,0.37218042214711505,1473.3333333333333,0.36953110496203107,0.0004655917485555013,0.0004939502784206221,0.8297516107559204,0.01248158399463612,3.8558581864340544,1.290387659739355,0.6355965544484079,20.442675439843935,False,False,False
9tf5_chainB,5,5,0.003447650233283639,Unknown,0.48914235830307007,0.5218247771263123,78.0,1,3,20.044133105344333,28.099263289867437,-1.7183544340703538,3.838942224654192,3.9708870576610087,7.634413388259718,6.246821499037666,0.6666666666666666,1.3333333333333333,1.0,0.1049005024676769,0.6666666666666666,6.236095644623236,-41.666666666666664,10.0,0.030162652333577473,0.856097420056661,0.44552434235811234,5266.666666666667,0.4761449595292409,0.0004589955012003581,0.0009899734674642484,1.03050963083903,0.01579989228808636,3.788222076983784,0.9867879887994467,0.6248720321323334,7.4342953577566355,False,False,False
9tf5_chainB,5,5,0.003447650233283639,Unknown,0.48914235830307007,0.5218247771263123,78.0,2,3,26.040820369701727,34.218942725659865,-3.36665540465901,2.730688072921158,4.016585894211839,5.7644981707035345,4.755310522126073,0.6666666666666666,1.3333333333333333,1.0,-0.22547911580658023,0.6666666666666666,9.428090415820632,21.666666666666668,13.333333333333334,0.03927520910898844,0.8461971879005432,0.28049392501513165,3854.0,0.43278778592745465,0.0004744529724121094,0.0006098922264451782,0.9996837576230367,0.007674796535958382,3.788222076983784,1.3872774831185049,0.5436230624205243,14.504345870030775,False,False,False
9tf5_chainB,1008,7,0.015370341017842293,Cryptic,0.8268575668334961,0.5442851185798645,227.6666717529297,1,3,9.593072660935833,37.75612373951852,-2.416811793135319,2.9844985387352048,3.7765866559610406,6.6809849022510805,5.202640125652322,0.6666666666666666,1.3333333333333333,1.0,0.06605014339668995,0.3333333333333333,6.236095644623236,36.666666666666664,10.0,0.14203759034474692,0.8900022904078165,0.37218042214711505,1473.3333333333333,0.36953110496203107,0.0004655917485555013,0.0004939502784206221,0.8297516107559204,0.01248158399463612,3.8558581864340544,1.2919618275531546,0.635692716849621,20.468448290241188,False,False,False
9tf5_chainB,3011,8,0.03459210321307182,Cryptic,0.8268575668334961,0.5440240502357483,683.0,1,3,9.585812723627471,37.71862511094176,-2.472419213981456,2.988139383797965,3.7166398257202076,6.6809849022510805,5.202640125652322,0.6666666666666666,1.3333333333333333,1.0,0.06605014339668995,0.3333333333333333,6.236095644623236,36.666666666666664,10.0,0.14203759034474692,0.8900022904078165,0.37218042214711505,1473.3333333333333,0.36953110496203107,0.0004655917485555013,0.0004939502784206221,0.8297516107559204,0.01248158399463612,3.8558581864340544,1.290387659739355,0.6355965544484079,20.442675439843935,False,False,False
9tf5_chainB,1006,9,0.014675297774374485,Cryptic,0.8268575668334961,0.5469262003898621,227.6666717529297,1,3,9.584484067670845,37.712975343703775,-2.4810664119277486,2.9887404749460362,3.707530885808324,6.6809849022510805,5.202640125652322,0.6666666666666666,1.3333333333333333,1.0,0.06605014339668995,0.3333333333333333,6.236095644623236,36.666666666666664,10.0,0.14203759034474692,0.8900022904078165,0.37218042214711505,1473.3333333333333,0.36953110496203107,0.0004655917485555013,0.0004939502784206221,0.8297516107559204,0.01248158399463612,3.8558581864340544,1.2901281388454027,0.6355806906581659,20.43894642366144,False,False,False
9tf5_chainB,1007,10,0.011017490178346634,Cryptic,0.8268575668334961,0.5168114304542542,227.6666717529297,1,3,9.59373550095484,37.783972620258375,-2.380932147514363,2.981780658977291,3.819167068055027,6.6809849022510805,5.202640125652322,0.6666666666666666,1.3333333333333333,1.0,0.06605014339668995,0.3333333333333333,6.236095644623236,36.666666666666664,10.0,0.14203759034474692,0.8900022904078165,0.37218042214711505,1473.3333333333333,0.36953110496203107,0.0004655917485555013,0.0004939502784206221,0.8297516107559204,0.01248158399463612,3.8558581864340544,1.2931394449907525,0.6357645853213025,20.490445733789333,False,False,False
9tf5_chainB,4009,11,0.008290189318358898,Allosteric,0.6729654669761658,0.5524832606315613,197.3333282470703,1,5,30.099151250280737,41.91339258475956,2.2390953596471874,4.381374007562011,7.986440461064327,11.445587589357935,7.087742377541969,0.4,1.6,1.0,-0.004836337839070448,0.6,6.324555320336759,35.0,8.0,0.11616238355636596,0.7910954713821411,0.39191567301750185,3274.2,0.39432392120361326,0.00046216249465942384,0.0006559834000654519,0.9105616927146911,0.011878565281193108,3.8112771456687486,0.8698817172628253,0.5618398436708116,23.464452549029307,False,False,False
9tf5_chainB,4001,12,0.03813833370804787,ActiveSite,0.8268575668334961,0.468295693397522,683.0,1,3,9.576855098193871,37.74377100943781,-2.4509707398079827,2.984210821055139,3.750875293062715,6.6809849022510805,5.202640125652322,0.6666666666666666,1.3333333333333333,1.0,0.06605014339668995,0.3333333333333333,6.236095644623236,36.666666666666664,10.0,0.14203759034474692,0.8900022904078165,0.37218042214711505,1473.3333333333333,0.36953110496203107,0.0004655917485555013,0.0004939502784206221,0.8297516107559204,0.01248158399463612,3.8558581864340544,1.2920863898853914,0.635700321539523,20.467999452106188,False,False,False
9tf5_chainC,7,1,0.0,Unknown,0.4207916855812073,0.5453348755836487,58.0,1,5,47.38335303114189,34.99013774245777,31.601205949228092,4.0293653074453,5.812974297277774,9.980292334759348,6.312355583219308,0.4,1.6,1.0,-0.03050791768587808,0.6,6.782329983125268,-43.0,8.0,0.13615747690200805,0.8033457279205323,0.2253578096628189,2819.0,0.3881736695766449,0.00038609504699707033,0.00024552470204071143,0.96712406873703,0.004151491829368167,3.8465588616931643,0.954631453888196,0.5642261790291189,33.191820638055056,False,False,False
9tf5_chainC,5,2,0.011020592413842678,Unknown,0.5486761927604675,0.5026320815086365,105.0,1,3,35.46740127098802,29.816292758878806,26.825332776352557,2.9022173011123003,4.788958097718437,5.697684865885387,4.471233277774011,0.6666666666666666,1.3333333333333333,1.0,0.23134104280855294,0.3333333333333333,10.274023338281626,-28.333333333333332,16.666666666666668,0.07492454846700032,0.8173075715700785,0.3875684241453807,4411.666666666667,0.4389012356599172,0.00047252575556437176,0.0006862770824227482,0.9935791889826456,0.01745676348646634,3.844187298766924,1.3245690794047729,0.6418090353387642,19.995880097594526,False,False,False
9tf5_chainC,2,4,0.03407583385705948,ActiveSite,0.6816869974136353,0.501157283782959,506.0,1,6,31.761139741540234,11.304144710167083,33.963171302355136,6.894059408938555,12.037976470331882,19.654230953291446,10.395469125469344,0.4,2.0,1.0,0.33251475991214774,0.2,10.960788698304922,29.166666666666668,13.666666666666666,0.05692998170852661,0.8062065343062083,0.4246607795357704,3569.0,0.4168130209048589,0.00041780869166056317,0.0004080462676938623,1.0696543455123901,0.004608091954974349,3.04566516734825,0.4417811026402478,0.543573537540617,17.136811512349084,False,False,False
9tf5_chainC,1012,5,0.013081826269626617,Cryptic,0.6816869974136353,0.6082605719566345,168.6666717529297,1,4,35.64922581169212,12.261382073721991,33.91024322982205,4.967202777709613,8.215840034085453,14.184874948462712,8.130392197435283,0.5,1.5,1.0,0.1661698139838669,0.3333333333333333,6.49519052838329,23.75,9.166666666666666,0.06124848127365112,0.8244329988956451,0.4207184500992298,3494.25,0.42433445155620575,0.00038892030715942383,0.00031083788780961186,1.1376808881759644,0.004089750199556494,3.808740198716154,0.7667776753161609,0.5858571964885202,19.21255604349912,False,False,False
9tf5_chainC,4010,6,0.008468758314847946,Allosteric,0.6816869974136353,0.5574660301208496,168.6666717529297,1,6,31.588646469653767,11.221367076934092,34.03345592294571,6.915240829483128,12.218863993974384,19.654230953291446,10.395469125469344,0.4,2.0,1.0,0.33251475991214774,0.2,10.960788698304922,29.166666666666668,13.666666666666666,0.05692998170852661,0.8062065343062083,0.4246607795357704,3569.0,0.4168130209048589,0.00041780869166056317,0.0004080462676938623,1.0696543455123901,0.004608091954974349,3.04566516734825,0.44042792470264475,0.5432742545628287,17.126883033616725,False,False,False
9tf5_chainC,4007,7,0.017242470756173134,Allosteric,0.7749369144439697,0.5449244976043701,197.3333282470703,1,4,45.39368008300507,16.241204296035935,30.291589790106457,2.9667268985252493,3.786750780305577,6.427536253633923,4.838279336536704,0.5,1.5,1.0,-0.035754244614243307,0.5,13.693063937629153,-30.0,20.0,0.09225366512934367,0.8649982213973999,0.27893119864165783,2338.25,0.3950173035264015,0.0003765374422073364,0.0005341651412891224,0.9907232969999313,0.007653011439726588,3.82844864631812,1.290462107658521,0.5230956077558523,24.788982944187666,False,False,False
9tf5_chainC,1011,8,0.012390214949846268,Cryptic,0.6816869974136353,0.5487498044967651,168.6666717529297,1,3,38.00437346921805,14.484528070500524,33.523131311469086,3.2567664107830763,5.328370859878863,8.375892950175059,5.957576959342306,0.6666666666666666,1.3333333333333333,1.0,0.011066542912899288,0.3333333333333333,6.236095644623236,21.666666666666668,10.0,0.075613538424174,0.818192183971405,0.4023780475060145,3732.6666666666665,0.4315613806247711,0.00036533673604329425,0.00030177494045346975,1.1819579203923543,0.005291355985980933,3.8409491537847815,1.179375082310936,0.607885522254031,20.333688600849978,False,False,False
9tf5_chainC,4009,9,0.014995844103395939,Allosteric,0.7749369144439697,0.5251152515411377,197.3333282470703,1,3,38.362270255213176,14.698767134241773,33.82380012307371,3.321225437393737,4.833892635485146,8.375892950175059,5.957576959342307,0.6666666666666666,1.3333333333333333,1.0,0.011066542912899302,0.3333333333333333,6.236095644623235,21.666666666666668,10.0,0.075613538424174,0.818192183971405,0.4023780475060145,3732.6666666666665,0.4315613806247711,0.00036533673604329425,0.00030177494045346975,1.1819579203923543,0.005291355985980933,3.8409491537847815,1.1564855280642699,0.6063490287931476,20.78657778714101,False,False,False
9tf5_chainC,4009,9,0.014995844103395939,Allosteric,0.7749369144439697,0.5251152515411377,197.3333282470703,2,4,45.39855724721468,16.24151233208072,30.293043214546753,2.9670725274094862,3.7850241941074763,6.427536253633923,4.838279336536704,0.5,1.5,1.0,-0.03575424461424331,0.5,13.693063937629153,-30.0,20.0,0.09225366512934367,0.8649982213973999,0.27893119864165783,2338.25,0.3950173035264015,0.0003765374422073364,0.0005341651412891224,0.9907232969999313,0.007653011439726589,3.82844864631812,1.2903117840738092,0.5230864494230844,24.794029989155856,False,False,False
9tf5_chainC,1008,10,0.013765021227300167,Cryptic,0.7749369144439697,0.5340790152549744,197.3333282470703,1,4,45.407888722510926,16.10558733720914,30.04976143403227,2.9441082582259526,3.563536967672919,6.427536253633923,4.838279336536704,0.5,1.5,1.0,-0.035754244614243307,0.5,13.693063937629153,-30.0,20.0,0.09225366512934367,0.8649982213973999,0.27893119864165783,2338.25,0.3950173035264015,0.0003765374422073364,0.0005341651412891224,0.9907232969999313,0.007653011439726588,3.82844864631812,1.3003763144990632,0.5236975050007953,24.701856896810504,False,False,False
9tf5_chainC,4001,11,0.01595194637775421,Unknown,0.5419000387191772,0.5522380471229553,137.0,1,3,31.117418908256372,24.857423888239563,28.170868140413354,2.5587955720959705,3.394203572291509,5.839131480688029,4.502538763402956,0.6666666666666666,1.3333333333333333,1.0,0.30969086610848645,0.3333333333333333,9.428090415820632,31.666666666666668,13.333333333333334,0.07575011253356934,0.8177709976832072,0.6123021841049194,4699.333333333333,0.4546213448047638,0.00047401587168375653,0.0007960022970413169,1.1091182231903076,0.016448951916591667,3.799738767980525,1.484971605163467,0.6908425330218544,14.660685527114023,False,False,False
9tf5_chainC,4003,12,0.0,Unknown,0.4840813875198364,0.5699247121810913,53.0,1,4,29.647879422689115,22.967150331163648,27.79520421463829,3.897721277687827,6.034742186893602,11.362978966415543,6.642685573779893,0.5,1.5,1.0,0.454156511841352,0.16666666666666666,9.60143218483576,28.75,12.5,0.05823551615079244,0.8146857768297195,0.6286491602659225,4885.5,0.4576008468866348,0.000473901629447937,0.0006931802126928233,1.0917178988456726,0.014566322805377768,3.799738767980525,0.9748615914975258,0.6689418133899907,12.505193967126255,False,False,False
9tf5_chainC,4004,13,0.05282776057720184,ActiveSite,0.7749369144439697,0.48184236884117126,592.0,1,4,45.39461876365614,16.241498800861088,30.292029306163425,2.9668329021444286,3.7865990922347317,6.427536253633923,4.838279336536704,0.5,1.5,1.0,-0.035754244614243307,0.5,13.693063937629153,-30.0,20.0,0.09225366512934367,0.8649982213973999,0.27893119864165783,2338.25,0.3950173035264015,0.0003765374422073364,0.0005341651412891224,0.9907232969999313,0.007653011439726588,3.82844864631812,1.2904160000217455,0.5230927987911963,24.790023466735313,False,False,False
9tf5_chainC,4000,14,0.0,Unknown,0.0,0.5544225573539734,56.0,1,4,23.036174821411766,14.502633491189888,28.54941152253288,4.579737270420102,7.220298765612872,9.73995810842047,6.991318852786982,0.5,1.5,1.0,0.10068725539139346,0.3333333333333333,9.354143466934854,10.0,13.333333333333334,0.055408318837483726,0.8165748119354248,0.5356142707169056,4859.0,0.4514884352684021,0.0004596412181854248,0.0004832375907426467,1.0058951824903488,0.012657170911429923,3.8271861317578875,0.8356780980597207,0.5638037786378549,8.57459747667037,False,False,False
9u5b_chainA,509,2,0.02299337089061737,Cryptic,0.8153330683708191,0.5019065737724304,240.0,1,4,23.766895527725755,-3.084283711304647,8.66846939693355,5.332847905237919,8.856918195397347,14.304436358307958,8.614246442453348,0.5,1.5,1.0,0.5002496135244335,0.0,9.013878188659973,22.5,13.333333333333334,0.03723933299382528,0.8778054416179657,0.25947634503245354,2166.5,0.39413322508335114,0.00046759843826293945,0.0008023505288292654,0.9691974818706512,0.01812364181918022,3.82968067537989,0.7181304892679163,0.6397036753570813,12.116637680422498,False,False,False
9u5b_chainA,1515,12,0.012180141173303127,Cryptic,0.646817147731781,0.6611425876617432,264.6666564941406,1,3,-1.9023471861719652,4.569544845987082,31.39723050031823,2.7781080056423284,4.318843238841812,7.295042209631051,5.006003164917461,1.0,2.0,2.0,0.6653449024832723,0.0,6.236095644623235,31.666666666666668,10.0,0.10013262430826823,0.8365825215975443,0.18046138435602188,2000.3333333333333,0.3738107681274414,0.0004737377166748047,0.0004973890415082375,0.9169146418571472,0.010289744709289199,3.849162862491639,1.3855339154107766,0.7974000130854593,23.124852182754008,False,False,False
9u5b_chainA,1511,13,0.023778120055794716,Cryptic,0.757012128829956,0.6664085984230042,188.3333282470703,1,3,20.62146364466388,-1.6471333728655775,8.251847591734812,4.687648397634207,7.764444564472245,13.527344167903614,9.018397766959902,0.6666666666666666,1.3333333333333333,1.0,0.3240093653554878,0.3333333333333333,10.274023338281626,33.333333333333336,16.666666666666668,0.045415639877319336,0.8374288280804952,0.21645813683668771,3636.6666666666665,0.422419140736262,0.00046888987223307293,0.0006195714716644337,0.9737544655799866,0.013319007490327996,3.7882743697007273,0.8081396146546781,0.5930272940985649,9.780986853898304,False,False,False
9u5b_chainA,1511,13,0.023778120055794716,Cryptic,0.757012128829956,0.6664085984230042,188.3333282470703,2,3,11.7810991814785,4.081160055144485,3.970666514180902,3.814174930890586,5.394602223762587,8.023415088983814,6.547844259097627,1.0,2.0,2.0,0.6385202767185326,0.0,8.498365855987974,-41.666666666666664,13.333333333333334,0.09103739261627197,0.9367914398511251,0.2585536291201909,1051.3333333333333,0.38023293018341064,0.00046902894973754883,0.0004561918807060768,0.9516413410504659,0.012644001380451289,3.86188609679537,1.0125089086812398,0.744390979120216,12.434116224480245,False,False,False
9u5b_chainA,4514,14,0.0077459742315113544,Cryptic,0.646817147731781,0.5669941306114197,264.6666564941406,1,3,-1.8800462675657783,4.562978241092004,31.413394379627196,2.785479440700675,4.344070814397422,7.295042209631051,5.006003164917461,1.0,2.0,2.0,0.6653449024832723,0.0,6.236095644623235,31.666666666666668,10.0,0.10013262430826823,0.8365825215975443,0.18046138435602188,2000.3333333333333,0.3738107681274414,0.0004737377166748047,0.0004973890415082375,0.9169146418571472,0.010289744709289199,3.849162862491639,1.3818672671744434,0.7971893342568812,23.119167807449426,False,False,False
9u5b_chainA,4000,15,0.03561600297689438,ActiveSite,0.646817147731781,0.5566920638084412,794.0,1,3,-2.157048621446892,4.493701083252855,31.00227349483825,2.726764248370415,3.843982391371774,7.295042209631051,5.006003164917461,1.0,2.0,2.0,0.6653449024832723,0.0,6.236095644623235,31.666666666666668,10.0,0.10013262430826823,0.8365825215975443,0.18046138435602188,2000.3333333333333,0.3738107681274414,0.0004737377166748047,0.0004973890415082375,0.9169146418571472,0.010289744709289199,3.849162862491639,1.411622902417031,0.7988857710729307,23.019773858429527,False,False,False
9upz_chainA,504,3,0.0,Cryptic,0.5905434489250183,0.6128786206245422,162.0,1,3,38.58861312849754,-2.6850078317993575,1.5886136297689564,3.7249724330939755,4.7746295793595355,8.11847567490487,5.930928891166972,1.0,2.0,2.0,0.3843163246112649,0.0,6.236095644623236,-33.333333333333336,10.0,0.11534937222798665,0.8546027342478434,0.3020106206337611,4211.666666666667,0.4465220868587494,0.00047673781712849933,0.0005730216895850996,1.021101176738739,0.01436026849363356,3.876123446040373,1.040577753436111,0.7147631365727674,5.270437663917336,False,False,False
9upz_chainA,505,4,0.033740442246198654,Cryptic,0.7721987962722778,0.5342694520950317,660.0,1,3,24.89776751447145,1.2785710519279954,-2.1766766051014192,3.605697297028019,6.865048439432695,10.194412430183666,6.810992122123728,0.6666666666666666,1.3333333333333333,1.0,0.6218251544286734,0.0,10.801234497346433,5.0,16.666666666666668,0.0737620194753011,0.859125812848409,0.3901062806447347,5856.333333333333,0.4940441648165385,0.00047912200291951496,0.0009132704581134021,1.03973784049352,0.015280941901139357,3.827340082815279,1.061470158898238,0.7044119980362396,14.410102735882992,False,False,False
9xj0_chainA,1,2,0.011344855651259422,Cryptic,0.680921733379364,0.5335489511489868,264.0,1,4,15.727419368565291,-17.65819976104671,-7.005981154402172,4.444384417672294,6.087523675261678,9.52394587745932,6.576487091136286,0.5,1.5,1.0,-0.18587104187880252,0.6666666666666666,12.5,22.5,18.333333333333332,0.1270653506120046,0.7164528518915176,0.48220381140708923,5200.0,0.4468861296772957,0.0004151463508605957,0.0003740661095434916,1.2580891847610474,0.00865601321157818,3.8418449490663846,0.8644267885086583,0.45105813932450944,9.086481954098177,False,False,False
9xj0_chainA,2,4,0.0,Unknown,0.43870633840560913,0.49606773257255554,62.0,1,5,19.456890482329253,-6.782769709766345,-26.28994289998695,5.8374473573411905,8.525354606811616,12.44327767198099,8.413982448562587,0.4,1.6,1.0,0.06579429337990463,0.3,7.745966692414834,35.0,9.0,0.0361486554145813,0.8553764820098877,0.41829828917980194,2681.2,0.40383483171463014,0.0004682779312133789,0.0003123315604170784,1.0056824684143066,0.009995854979852255,3.821900057680502,0.6547211175915907,0.5409479188830508,15.40124454347096,False,False,False
9xj0_chainA,3006,11,0.0,Cryptic,0.680921733379364,0.5676384568214417,264.0,1,3,12.890206007153575,-17.908701405499258,-0.7030766815103687,3.5744951341843074,6.044518464801757,8.76134971336714,6.4468110091705215,1.0,2.0,2.0,0.314774101273466,0.0,0.0,50.0,0.0,0.12582159042358398,0.767471710840861,0.4314860999584198,2735.0,0.3775332073370616,0.000429073969523112,0.0007666760648135096,0.9928606549898783,0.01265621883420827,3.8470266345971167,1.0762433547066501,0.7671702781931827,14.41447994786753,False,False,False
9xj0_chainA,3006,11,0.0,Cryptic,0.680921733379364,0.5676384568214417,264.0,2,4,15.826307560851005,-16.663151120611566,-7.946269487527915,4.098240543671562,5.733684607349282,9.52394587745932,6.576487091136285,0.5,1.5,1.0,-0.18587104187880252,0.6666666666666666,12.5,22.5,18.333333333333332,0.1270653506120046,0.7164528518915176,0.48220381140708923,5200.0,0.4468861296772957,0.0004151463508605957,0.0003740661095434916,1.2580891847610474,0.00865601321157818,3.8470266345971167,0.9387020097045388,0.4576877065190476,7.949344158387071,False,False,False
9xj0_chainB,5,3,0.0,Unknown,0.4404709041118622,0.5044371485710144,57.0,1,3,36.783958069298706,-18.121226429598355,-28.776596283811216,3.571716390640233,6.752540790633721,7.867705908114119,6.276304102564326,1.0,2.0,2.0,0.5321741879311933,0.0,9.428090415820632,-23.333333333333332,13.333333333333334,0.15884228547414145,0.8613275488217672,0.3207506984472275,2054.0,0.38608288764953613,0.0004704594612121582,0.000738670447996507,0.9680654406547546,0.01084552450553346,3.8073087816986906,1.0659605537762833,0.7271433430720091,16.56579406030477,False,False,False
9xj0_chainB,1,6,0.004605331923812628,Unknown,0.5205138921737671,0.4756215810775757,72.0,1,3,33.63246268942297,-25.76873447533203,-22.496631787289196,3.2695294965353505,5.924076595005533,7.324334298698845,5.599944130986792,0.6666666666666666,1.3333333333333333,1.0,0.18776328021798017,0.6666666666666666,10.274023338281626,31.666666666666668,16.666666666666668,0.06421053409576416,0.8823246757189432,0.39471498131752014,2377.0,0.4020104904969533,0.00047139326731363934,0.0006569941954997679,0.9802733461062113,0.010235700065989782,3.82375613578652,1.169512659187957,0.6124140224869136,15.525585637863076,False,False,False
9xj0_chainB,1,6,0.004605331923812628,Unknown,0.5205138921737671,0.4756215810775757,72.0,2,3,31.364136904666836,-23.572377709149748,-16.880709185878832,3.6780057617884374,4.825436055985419,6.27835250982712,6.116151587263093,1.0,2.0,2.0,0.545766357393306,0.0,8.498365855987975,-26.666666666666668,13.333333333333334,0.014696558316548666,0.8388380805651346,0.35596494873364765,5658.333333333333,0.48468682169914246,0.00047403573989868164,0.0005043008180412775,1.0734280745188396,0.012656008464102394,3.82375613578652,1.0396275545602223,0.74338862290456,14.550701986888228,False,False,False
9xj0_chainB,4004,11,0.010420440696179867,Cryptic,0.7889906764030457,0.6303220391273499,302.0,1,5,40.39896221561155,-16.443726978530517,-9.67437406873931,4.650651321951118,6.623173357560085,11.907274947385655,7.190452528024916,0.5,2.0,1.0,0.3286326489756533,0.3,15.033296378372908,28.0,21.0,0.08712326288223267,0.8272363066673278,0.3558395206928253,4180.2,0.4376210629940033,0.0004274725914001465,0.0005976818036288023,1.0346548318862916,0.014949735731131415,3.771224359780875,0.8109024088691965,0.5533987453230126,6.915551636490479,False,False,False
9xji_chainA,8,1,0.0,Cryptic,0.6342151165008545,0.49465063214302063,387.0,1,3,2.7773935715958,20.276727149310073,-10.408666100475712,2.5623550670561577,3.6250330437335587,6.046598025233483,4.553151072686837,1.0,2.0,2.0,0.37992488974717303,0.3333333333333333,6.236095644623236,11.666666666666666,10.0,0.03308788935343424,0.8123571674029032,0.3293878783782323,5521.666666666667,0.4722993274529775,0.0003920594851175944,0.001246386217341448,1.0800180633862813,0.01818408562984813,3.7842872743940905,1.4768785649764722,0.7515179638521601,5.104332504505672,False,False,False
9xji_chainA,3,4,0.011320661753416061,Unknown,0.4952906370162964,0.5124234557151794,115.0,1,3,-5.462693306208594,17.87046183244315,-26.220056581999405,3.6666863197126305,6.591508053782919,8.206513548068417,6.481288111751738,0.6666666666666666,1.3333333333333333,1.0,0.17733486774585697,0.3333333333333333,6.236095644623236,36.666666666666664,10.0,0.17429729302724203,0.8509809374809265,0.377883513768514,2602.0,0.4110729396343231,0.0004195968310038249,0.0003499969655725484,1.1773295402526855,0.006690183339970399,3.8275791404816584,1.0438796250183837,0.6442583629337124,16.3949185923306,False,False,False
9xji_chainA,508,6,0.045501191169023514,Cryptic,0.7508273720741272,0.47069427371025085,275.0,1,5,4.283007669525974,20.04514817157429,-8.401840679102618,4.338285831216474,7.186007478507836,11.2200191615205,6.668756814731782,0.5,2.0,1.0,0.13258041674598384,0.4,10.295630140987,8.0,14.0,0.022256112098693846,0.8114995002746582,0.3112107485532761,4979.8,0.46167070269584654,0.00039358139038085936,0.0011338221200276166,1.1459393620491027,0.0196821769626098,3.8555962557122023,0.888737258381861,0.5617605805380799,6.111957091318857,False,False,False
9xji_chainA,2,8,0.013404827564954758,Unknown,0.5805571675300598,0.47223320603370667,95.0,1,4,-7.7557334387475985,23.451153061759555,-19.610882565502596,4.677998098420813,6.918423480215049,11.401396196973867,7.3439299424797495,0.5,1.5,1.0,0.025793947286309477,0.5,8.926785535678562,23.75,12.5,0.048886269330978394,0.8574541062116623,0.2803752217441797,2379.25,0.39546243101358414,0.000408366322517395,0.0006591682067664806,1.0072276592254639,0.007507230182080163,3.8413250353922215,0.8211471989885943,0.5369871569415016,15.464384645134961,False,False,False
9xji_chainA,4002,10,0.013602414168417454,Unknown,0.5805571675300598,0.47733166813850403,95.0,1,3,-9.10552991505003,23.974681653376805,-17.249906705138063,3.8591632494296335,5.491672560136651,7.177701667635719,6.483173694464366,0.6666666666666666,1.3333333333333333,1.0,0.008787602375804615,0.3333333333333333,8.498365855987975,26.666666666666668,13.333333333333334,0.036481340726216636,0.8727769056955973,0.20843850821256638,2324.3333333333335,0.4018773635228475,0.0003890593846638997,0.0005635398216933633,1.0614516536394756,0.003268431723203791,3.8413250353922215,0.9953776990283973,0.5719933948314742,16.159590355445317,False,False,False
9xji_chainB,508,2,0.028014516457915306,Cryptic,0.6534326672554016,0.4681542217731476,167.0,1,3,-8.13214257602697,44.98586702002554,-3.1011926070873774,2.6940633582182674,3.837877035551154,6.742162249493124,4.824167102957673,0.6666666666666666,1.3333333333333333,1.0,0.17215194855651683,0.6666666666666666,16.32993161855452,30.0,26.666666666666668,0.029380997021993,0.8594982822736105,0.2953703701496124,3398.6666666666665,0.433946172396342,0.0004500746726989746,0.0008102644157285491,1.14865509668986,0.011992459788189705,4.193079514040945,1.5564145888588379,0.5707749106230586,11.407578231303924,False,False,False
9xji_chainB,6,3,0.06011609733104706,Cryptic,0.683834433555603,0.4944288432598114,207.0,1,5,8.852813792955656,43.359231418635225,-12.509929741504362,5.400809156285346,10.114107932485474,16.428957271353656,8.42793016546999,0.4,1.6,1.0,0.16946457452988925,0.3,12.489995996796797,33.0,16.0,0.12850313186645507,0.80452481508255,0.46852470338344576,2702.4,0.3924294590950012,0.00037354230880737305,0.0002865800735889934,1.076116156578064,0.0056347968199284065,3.841233598328682,0.7112329814243364,0.5078781790459249,14.854874760690949,False,False,False
9xji_chainB,5,4,0.0048365783877670765,Unknown,0.46596989035606384,0.507146418094635,92.0,1,3,4.328950577002208,44.61337385592949,-25.69330341694579,5.254335751920206,5.617827676654037,10.479527651468128,8.590883468583232,0.6666666666666666,1.3333333333333333,1.0,0.24722975309301667,0.0,2.3570226039551585,31.666666666666668,3.3333333333333335,0.06399007638295491,0.8051588535308838,0.5130919814109802,3650.6666666666665,0.4159788489341736,0.00046714146931966144,0.0005513273063115776,1.0171336730321248,0.008770167179323506,3.872239355090995,0.7369607763789892,0.6721595373471629,15.560794448518225,False,False,False
9xji_chainB,4,7,0.0,Unknown,0.46683645248413086,0.5399752259254456,65.0,1,4,3.827761508110461,54.97232835832584,-23.820732169119438,4.363407087085338,5.711168402614609,8.940617113167386,7.081150502174502,0.6666666666666666,2.0,1.0,0.6175234395684539,0.0,14.142135623730951,30.0,20.0,0.07361498475074768,0.8185985833406448,0.3556014709174633,3496.0,0.41305047273635864,0.0004506111145019531,0.0005985655734548345,0.9796480983495712,0.010171902935436999,,,0.6323012263328035,15.431776624205884,False,False,False
9xji_chainB,4508,8,0.018378278240561485,Cryptic,0.6534326672554016,0.5277954936027527,167.0,1,3,-8.19618578224555,44.907669113392636,-2.7628694063750228,2.6942157935981483,3.4866277820246494,6.742162249493124,4.824167102957673,0.6666666666666666,1.3333333333333333,1.0,0.17215194855651683,0.6666666666666666,16.32993161855452,30.0,26.666666666666668,0.029380997021993,0.8594982822736105,0.2953703701496124,3398.6666666666665,0.433946172396342,0.0004500746726989746,0.0008102644157285491,1.14865509668986,0.011992459788189705,9.047230005833091,3.358019809449056,0.6188925951032054,11.759930514016117,False,False,False
9xji_chainB,4507,12,0.02892894856631756,Cryptic,0.7604807615280151,0.5450688600540161,207.0,1,3,1.8889663891821962,54.78717311168283,-20.53945152911309,4.206826706094314,5.6981342233390215,10.483194166300681,7.074287034765518,0.6666666666666666,1.3333333333333333,1.0,0.2846198546649433,0.3333333333333333,8.498365855987975,21.666666666666668,13.333333333333334,0.06568022569020589,0.8222313125928243,0.41254159311453503,3450.6666666666665,0.415939062833786,0.00042243798573811847,0.0005305124795995653,1.031615436077118,0.008463041809053579,10.213832353886312,2.427918492361431,0.678762147491163,12.20831319724123,False,False,False
9yc2_chainA,2,4,0.05745885521173477,Unknown,0.7025220990180969,0.49163296818733215,148.0,1,3,18.53105133968295,13.920934652953365,42.01819349266502,5.314365286570019,7.542229933409715,10.753432777848875,8.134530349767134,0.6666666666666666,1.3333333333333333,1.0,0.4920935344820461,0.0,12.47219128924647,-6.666666666666667,20.0,0.06691141923268636,0.8410176038742065,0.2490053673585256,2994.0,0.4096924165884654,0.00039136409759521484,0.000702261517290026,1.0469226439793904,0.010487995208052872,3.7898034032905445,0.7131243711958964,0.6156061451720629,25.029653940134867,False,False,False
9yc2_chainA,2,4,0.05745885521173477,Unknown,0.7025220990180969,0.49163296818733215,148.0,2,3,14.111292068394498,15.528762042433996,43.919502969097685,3.9520334276602047,4.636858662710663,7.912046016414355,6.760066478734491,1.0,2.0,2.0,0.6554157482690168,0.0,4.08248290463863,30.0,6.666666666666667,0.05773643652598063,0.8790739178657532,0.44597984353701275,4326.0,0.4580434262752533,0.00044163068135579425,0.00034456483748120564,1.0452715158462524,0.013763205510436948,3.8612496444765325,0.977028589245152,0.7958677679440282,24.336845700460387,False,False,False
9yc2_chainA,4002,6,0.08486423641443253,Unknown,0.7025220990180969,0.5474435687065125,148.0,1,3,14.080015229301852,15.589535707850306,43.951074561436045,3.9641402490725355,4.602164630279975,7.912046016414355,6.760066478734491,1.0,2.0,2.0,0.6554157482690168,0.0,4.08248290463863,30.0,6.666666666666667,0.05773643652598063,0.8790739178657532,0.44597984353701275,4326.0,0.4580434262752533,0.00044163068135579425,0.00034456483748120564,1.0452715158462524,0.013763205510436948,3.8612496444765325,0.9740446608517255,0.7956230218072994,24.314196318858457,False,False,False
9yg3_chainB,511,2,0.017173171043395996,Cryptic,0.6511337757110596,0.45773598551750183,106.0,1,3,-17.241912584830114,41.44012352048868,73.3895112372583,2.542004385743003,3.5403333501990266,5.6035741478766194,4.446448775304086,1.0,2.0,2.0,0.4700702513409955,0.0,4.714045207910317,-46.666666666666664,6.666666666666667,0.07659510771433513,0.8725102543830872,0.4138273348410924,3127.6666666666665,0.427075316508611,0.0004645983378092448,0.0006709036824759096,1.0948387384414673,0.015222054329202664,3.857159031224756,1.5173691488723953,0.8006856478030439,34.701522140948455,False,False,False
9yg3_chainB,2,3,0.023323576897382736,Unknown,0.6392613053321838,0.4750676155090332,106.0,1,3,-10.517388975436392,41.518644615493514,77.92485943351384,3.837683799741369,5.41113638782435,8.307021279563545,6.5683121867425776,0.6666666666666666,1.3333333333333333,1.0,0.04194468489809441,0.6666666666666666,6.236095644623236,38.333333333333336,10.0,0.012527227401733398,0.8524439136187235,0.20925356075167656,3020.0,0.41508837540944415,0.00046813488006591797,0.0005107784430341175,1.04882150888443,0.013207156381158219,3.838716885516383,1.0002691951262592,0.6022743268302213,26.76270270551784,False,False,False
9yg3_chainB,1513,9,0.03490108251571655,Cryptic,0.7236047983169556,0.6214503645896912,361.3333435058594,1,4,-3.1445936857303876,48.35652539587749,85.62901623996407,7.144965553829196,10.707330759061653,14.33678129105204,9.78461968408507,0.5,1.5,1.0,0.08811055269099792,0.3333333333333333,18.498310733685926,18.75,27.5,0.07356865207354228,0.8292725533246994,0.30212289467453957,3081.0,0.41017402708530426,0.00046218931674957275,0.0007075883622746915,1.0554665327072144,0.01651421615459487,3.810924081143456,0.5333719319473934,0.4196779092456265,17.288209509130674,False,False,False
9yg3_chainB,3516,11,0.0730336606502533,Cryptic,0.7236047983169556,0.6449509859085083,1084.0,1,4,7.149486181332683,53.11411819635864,84.03052928435515,4.1484087035900234,5.465274395114134,7.876651168568237,5.907402927040411,0.5,1.5,1.0,0.05057049136533668,0.5,9.60143218483576,31.25,14.166666666666666,0.11889166633288066,0.8199170678853989,0.18265053629875183,2256.5,0.3801357075572014,0.00047075748443603516,0.0005109130615892354,0.9826417565345764,0.012872071007824473,3.8545101479675234,0.9291539053593826,0.557715125364227,10.80433393030145,False,False,False
9yg3_chainB,1512,12,0.0,Cryptic,0.7236047983169556,0.7038214802742004,361.3333435058594,1,4,7.144116391670651,53.185628332870905,84.3710434845753,4.2117593356833165,5.769840698879976,7.876651168568237,5.907402927040411,0.5,1.5,1.0,0.05057049136533668,0.5,9.60143218483576,31.25,14.166666666666666,0.11889166633288066,0.8199170678853989,0.18265053629875183,2256.5,0.3801357075572014,0.00047075748443603516,0.0005109130615892354,0.9826417565345764,0.012872071007824473,3.8545101479675234,0.9151781573346158,0.5564890595116153,10.721625542282819,False,False,False
9yg3_chainB,4514,13,0.01350223645567894,Cryptic,0.7236047983169556,0.7975607514381409,361.3333435058594,1,4,7.138720239458353,53.13148548444956,84.36193863748214,4.191994014929811,5.730837193989956,7.876651168568237,5.907402927040411,0.5,1.5,1.0,0.05057049136533668,0.5,9.60143218483576,31.25,14.166666666666666,0.11889166633288066,0.8199170678853989,0.18265053629875183,2256.5,0.3801357075572014,0.00047075748443603516,0.0005109130615892354,0.9826417565345764,0.012872071007824473,3.8545101479675234,0.9194932374043624,0.5568700793629823,10.691045820544435,False,False,False
9yg3_chainB,1514,15,0.004929841961711645,Cryptic,0.7236047983169556,0.7820496559143066,361.3333435058594,1,4,7.1150690155889915,52.87817305991486,84.27741020846628,4.095686091958264,5.518567233952107,7.876651168568237,5.907402927040411,0.5,1.5,1.0,0.05057049136533668,0.5,9.60143218483576,31.25,14.166666666666666,0.11889166633288066,0.8199170678853989,0.18265053629875183,2256.5,0.3801357075572014,0.00047075748443603516,0.0005109130615892354,0.9826417565345764,0.012872071007824473,3.857926061276985,0.9419486685886127,0.5587742888114491,10.56619670551621,False,False,False
9yg3_chainB,4002,19,0.018370872363448143,Unknown,0.6392613053321838,0.523337721824646,106.0,1,3,-16.962634516035447,41.47112485424963,73.37992253008355,2.5718682503699255,3.615323727252279,5.6035741478766194,4.446448775304085,1.0,2.0,2.0,0.4700702513409955,0.0,4.714045207910317,-46.666666666666664,6.666666666666667,0.07659510771433513,0.8725102543830872,0.4138273348410924,3127.6666666666665,0.427075316508611,0.0004645983378092448,0.0006709036824759096,1.0948387384414673,0.015222054329202664,3.857159031224756,1.4997498533099276,0.7997399715754384,34.45296295798573,False,False,False
9znb_chainA,1,1,0.0036948216147720814,Cryptic,0.8376315832138062,0.6951830387115479,205.0,1,4,-29.297909353482208,31.11136536902951,48.56120496039226,3.317959021579305,5.100850609420852,8.49457265523293,5.860342410208097,0.5,1.5,1.0,0.17004964649099666,0.3333333333333333,11.388041973930374,28.75,15.833333333333334,0.03529089689254761,0.8509518802165985,0.38005178421735764,2094.0,0.38669823855161667,0.00046293437480926514,0.0007699192938162014,1.0092694610357285,0.013927529299513429,,,0.5522897365007051,5.632630956412254,False,False,False
9znb_chainA,0,6,0.08654846996068954,ActiveSite,0.7407565712928772,0.4980602562427521,1018.0,1,5,-22.30359519461429,16.67181465872441,33.91769692941703,6.047184703540534,8.377972515877088,15.340637059809382,9.135819345164307,0.5,2.0,1.0,0.30445772982160246,0.2,5.830951894845301,41.0,8.0,0.0986055850982666,0.8663638353347778,0.1752141684293747,2881.8,0.4122007191181183,0.00043537616729736326,0.0003139843873213977,1.0070673823356628,0.005538108405019115,3.830805994229945,0.6334858586322105,0.6078471563657952,23.44129550522642,False,False,False
9znb_chainA,4,7,0.018298272043466568,Cryptic,0.7692350745201111,0.5603508353233337,221.0,1,3,-17.219913917649276,15.64356939481953,17.277684136625066,4.43218370038475,5.3482554921394945,10.249432315751417,7.5959475086308075,0.6666666666666666,1.3333333333333333,1.0,0.6629946033203756,0.0,0.0,30.0,0.0,0.06280310948689778,0.932851254940033,0.3639996250470479,1381.3333333333333,0.3902762830257416,0.0004741350809733073,0.0008924861516182622,0.9832239747047424,0.010264565243956372,3.8490827614638126,0.8684393566831808,0.8083803654993356,38.98975304982055,False,False,False
9znb_chainA,4,7,0.018298272043466568,Cryptic,0.7692350745201111,0.5603508353233337,221.0,2,3,-10.514688489255194,4.268621822527826,23.857086266177237,4.766193732433401,7.502859693332972,10.150435255684206,7.425826334465568,0.6666666666666666,1.3333333333333333,1.0,0.399094825065615,0.0,8.16496580927726,-20.0,13.333333333333334,0.03741955757141113,0.8387425939242045,0.4088074366251628,1944.0,0.3794243236382802,0.00033400456110636395,0.0008265965928634008,1.0453879634539287,0.01066972525301719,3.852799486807883,0.8083598156302427,0.6516416948558033,43.09294743512455,False,False,False
9znb_chainA,1509,8,0.01539106946438551,Cryptic,0.7407565712928772,0.8150730729103088,339.3333435058594,1,4,-21.95365696879378,15.272036644925535,35.068557774851506,5.592359464259588,6.7067770632334245,11.883621897180124,8.699161997296931,0.5,1.5,1.0,0.4721045952356109,0.16666666666666666,6.123724356957945,40.0,8.333333333333334,0.11662222941716512,0.867401510477066,0.18712292611598969,2730.25,0.4093048423528671,0.0004255026578903198,0.0002849762749974616,1.0232202112674713,0.004601453980582307,3.830805994229945,0.6850071099170898,0.6733116892504879,23.685719947108865,False,False,False
9znb_chainA,1508,9,0.022875498980283737,Cryptic,0.7407565712928772,0.6795344948768616,339.3333435058594,1,4,-21.907726218479205,15.202401148337758,35.14185345892954,5.587741632701136,6.598734601193623,11.883621897180124,8.699161997296933,0.5,1.5,1.0,0.47210459523561094,0.16666666666666666,6.123724356957945,40.0,8.333333333333334,0.11662222941716512,0.867401510477066,0.18712292611598969,2730.25,0.4093048423528671,0.0004255026578903198,0.0002849762749974616,1.0232202112674713,0.004601453980582307,3.8283318344154833,0.6851304312302021,0.6733712139396264,23.707077644643352,False,False,False
9znb_chainA,1507,10,0.01170266605913639,Cryptic,0.7407565712928772,0.5616961717605591,339.3333435058594,1,5,-22.27582977467215,16.63997633842106,33.9537722364492,6.052910273104296,8.32243754527484,15.340637059809382,9.135819345164307,0.5,2.0,1.0,0.3044577298216025,0.2,5.830951894845301,41.0,8.0,0.0986055850982666,0.8663638353347778,0.1752141684293747,2881.8,0.4122007191181183,0.00043537616729736326,0.0003139843873213977,1.0070673823356628,0.005538108405019116,3.8283318344154833,0.6324778762088084,0.6077448501169166,23.449087618021768,False,False,False
9znb_chainA,4508,11,0.020523283630609512,Cryptic,0.7407565712928772,0.6577775478363037,339.3333435058594,1,5,-22.27695015063869,16.63865493294325,33.95419679955394,6.0529651613763065,8.322007492723865,15.340637059809382,9.135819345164307,0.5,2.0,1.0,0.30445772982160246,0.2,5.830951894845301,41.0,8.0,0.0986055850982666,0.8663638353347778,0.1752141684293747,2881.8,0.4122007191181183,0.00043537616729736326,0.0003139843873213977,1.0070673823356628,0.005538108405019116,3.8283318344154833,0.6324721409011064,0.6077440002807291,23.448932650945515,False,False,False
9znb_chainA,1512,14,0.001372895436361432,Cryptic,0.7622089982032776,1.0,197.0,1,3,-18.424832548143016,24.00454246255756,40.76721783804563,5.417721247510173,7.053430137815209,13.554472797360493,9.60347407249296,0.6666666666666666,1.3333333333333333,1.0,0.2813196130688298,0.6666666666666666,2.357022603955158,-46.666666666666664,3.3333333333333335,0.08330837885538737,0.8013922969500223,0.3259904409448306,3504.6666666666665,0.4097573757171631,0.0004677772521972656,0.0007285234363128742,1.0000775655110676,0.020235841486647765,3.8401432200298573,0.7088115177196825,0.6638664578947628,19.048714002373522,False,False,False
9znb_chainA,4512,15,0.0018732218304648995,Allosteric,0.7622089982032776,0.9172373414039612,197.0,1,4,-17.658254145325042,23.269035879435716,40.34540238767971,5.036116509176441,8.159416886387929,13.554472797360493,8.248758708497833,0.5,1.5,1.0,-0.16523140038188372,0.6666666666666666,3.5355339059327378,-45.0,5.0,0.06510257720947266,0.8070960640907288,0.35242666490375996,4047.5,0.42658887803554535,0.0004715770483016968,0.0006376233141054399,1.0041044652462006,0.018218325440377655,3.8401432200298573,0.7625207266417746,0.5284944144650853,20.098219220198125,False,False,False
9znb_chainA,3514,16,0.0075246794149279594,Cryptic,0.7692350745201111,0.643610417842865,221.0,1,3,-7.583404845787372,6.145890065539635,22.27136303279397,4.642850909352556,7.1756312424446005,10.88434220089386,8.006219591401003,0.6666666666666666,1.3333333333333333,1.0,0.7722773655963056,0.0,4.714045207910316,-13.333333333333334,6.666666666666667,0.055472493171691895,0.8477690617243449,0.4364682237307231,1921.6666666666667,0.37851957480112713,0.000416417916615804,0.000618718748834605,0.9821026921272278,0.01081728077655758,3.8227556175594573,0.8233638538465452,0.7503309335849566,44.71905375765113,False,False,False
