target,site_id,site_rank,site_rank_score,site_classification,site_druggability,site_uv_enrichment_score,site_volume,cluster_id,n_residues,centroid_x,centroid_y,centroid_z,mean_radius,max_radius,max_diameter,mean_pair_dist,edge_density,mean_degree,min_degree,mean_cosine,frac_negative_cos,lag_std,lag_mean,mean_lag_diff,mean_corr_diff,mean_lag_corr,mean_local_cov,mean_active_causal_steps,mean_kcc_score,mean_motion_efficiency,mean_direction_score,mean_burst_motion,mean_vector_norm,nearest_outside_dist,separation_ratio,cluster_score,gt_dcc,good_dcc_2,good_dcc_3,good_dcc_5
9ig2_chainA,1,1,0.15403957664966583,ActiveSite,0.6531283855438232,0.7364893555641174,1911.0,1,3,-2.6686074254885948,5.274180770878736,18.43220020588222,4.057324193607087,6.112950677673123,10.101926335928752,7.211592675859109,0.6666666666666666,1.3333333333333333,1.0,0.2708426212241529,0.0,13.123346456686352,21.666666666666668,20.0,0.2206654946009318,0.7543679277102152,0.2854226628939311,3773.3333333333335,0.39193535844484967,0.000493307908376058,0.0008046675357036293,0.9332877993583679,0.015669903058969734,3.8583053528903277,0.9509482527843491,0.5917120769647615,11.798644484770413,False,False,False
9ig2_chainA,3,2,0.02568606659770012,ActiveSite,0.7228365540504456,0.7667074799537659,1035.0,1,4,-1.7249949294345353,-0.43792942579071387,47.48885907865279,4.85441951594848,5.873312785892734,10.637131638629521,7.7175934001533655,0.6666666666666666,2.0,1.0,-0.09662782722230788,0.5,11.388041973930374,-38.75,15.833333333333334,0.08262020349502563,0.8584079146385193,0.4604095444083214,2340.75,0.38506998121738434,0.0003775060176849365,0.00046752539856242947,0.934975191950798,0.009022169588852571,3.8281228772409697,0.7885850954298934,0.4968095055463852,28.120774560237855,False,False,False
9ig2_chainA,4,3,0.036112308502197266,ActiveSite,0.6593725681304932,0.8285130858421326,1085.0,1,3,-2.514950868191961,28.83361998193075,16.086796331671763,3.7643512689579857,6.462615166076698,10.085555354011607,6.945613888957941,0.6666666666666666,1.3333333333333333,1.0,0.23498873097594886,0.6666666666666666,10.274023338281628,-31.666666666666668,16.666666666666668,0.11239790916442871,0.9084000786145529,0.29846028983592987,721.6666666666666,0.3587081929047902,0.0004451076189676921,0.0006908905537178119,0.9164435863494873,0.013550105835581888,,,0.5773353705550651,18.34473522648881,False,False,False
9ig2_chainA,5,4,0.005324935540556908,Unknown,0.5539416074752808,0.848883867263794,135.0,1,7,-7.900462654384114,16.357720719458033,13.875311315594505,4.508823669269562,7.471554262146196,11.985439086551395,6.692447635613227,0.38095238095238093,2.2857142857142856,1.0,0.07179674033726322,0.42857142857142855,27.311506134721657,9.285714285714286,35.714285714285715,0.09106360730670747,0.8588329298155648,0.5359620196478707,3514.8571428571427,0.4185713103839329,0.0004903333527701241,0.00048541792784817517,0.9624473282269069,0.012955524808308303,3.8621293319415995,0.8565713842979519,0.46511110846346804,15.693812440996133,False,False,False
9ig2_chainA,515,6,0.0033917324617505074,Cryptic,0.647803783416748,0.8095075488090515,148.0,1,9,-11.89102260251847,18.221311501122347,44.16682462128021,6.657759681722561,10.796029545638001,19.369921034478523,9.077689378533421,0.3055555555555556,2.4444444444444446,1.0,-0.024825775590339206,0.5277777777777778,14.142135623730951,30.0,17.77777777777778,0.12253241406546699,0.7971234255366855,0.4029993298980925,3847.777777777778,0.41497233841154313,0.000496314631568061,0.0007343198683682001,1.0574837393230863,0.01294768670709321,,,0.40957620537911077,26.31351298270401,False,False,False
9ig2_chainA,517,9,0.0002499206457287073,Cryptic,0.6088988184928894,1.0,167.0,1,3,26.6810571043542,15.868513718800777,17.693906376421026,3.8058011393273277,4.795053345058105,9.278529418452589,6.627896466155615,1.0,2.0,2.0,0.7596481399035048,0.0,13.12334645668635,1.6666666666666667,20.0,0.07118940353393555,0.7962431708971659,0.4797333578268687,1936.6666666666667,0.37083842356999713,0.0004983743031819662,0.00036803027614951134,1.1282862424850464,0.013350022202542486,,,0.6707238733979685,23.614902942297984,False,False,False
9ig2_chainA,516,11,0.0,Cryptic,0.6285156011581421,0.8101717829704285,87.0,1,8,21.483153314165097,16.8082049869101,19.481431336076334,5.655058972817209,9.51616670976064,16.690004377253203,8.392632935212882,0.32142857142857145,2.25,1.0,-0.07321247908536203,0.5357142857142857,22.465250944514285,16.25,28.928571428571427,0.17406938544341496,0.6673888117074966,0.3664846448227763,4766.0,0.40023273229599,0.0004974976181983948,0.0006137578857305925,1.069964438676834,0.017077459330647637,,,0.3638605961422438,18.321560010653194,False,False,False
9ig2_chainA,9,13,0.0,Cryptic,0.6758342385292053,1.0,257.0,1,3,4.620691836795976,-4.083388834810214,74.8531731087036,4.975932557998399,7.5205813668550965,11.062001395994676,8.515783373880161,0.6666666666666666,1.3333333333333333,1.0,-0.028563352133900512,0.6666666666666666,10.274023338281626,-36.666666666666664,16.666666666666668,0.11333644390106201,0.8813875714937845,0.268155741194884,1748.6666666666667,0.3865812619527181,0.0005006194114685059,0.0005776494702634712,1.052149732907613,0.007984235731534223,3.8240185099922948,0.7685028817051595,0.5135647847458319,54.06493631550199,False,False,False
9ig2_chainA,6,17,0.0014251668471843004,Unknown,0.4687826633453369,1.0,88.0,1,3,-9.594242769908876,18.267558761039236,14.237999457939614,2.7327191668660684,3.20510922922552,5.336036019070282,4.720189347147237,1.0,2.0,2.0,0.2471341884347481,0.3333333333333333,8.16496580927726,-20.0,13.333333333333334,0.074799378712972,0.8947393695513407,0.6688992977142334,1970.0,0.3862740198771159,0.000494678815205892,0.0004385470723112424,0.9046019117037455,0.015284913876437286,3.8621293319415995,1.413291705481306,0.70102558614536,17.235829043146545,False,False,False
9ig2_chainA,6,17,0.0014251668471843004,Unknown,0.4687826633453369,1.0,88.0,2,4,-4.644439325128732,18.952827999841613,14.243306617496124,3.8399332940664133,6.045252908465019,10.433569224434121,6.4559186218818105,0.5,1.5,1.0,-0.21467999844292343,0.6666666666666666,12.99038105676658,22.5,15.0,0.2724416454633077,0.6758067309856415,0.3703073412179947,4831.5,0.40065568685531616,0.0004883259534835815,0.0005751006538048387,1.0155722796916962,0.013974160285691543,3.8621293319415995,1.0057803186085248,0.47466148612572256,13.935440448211251,False,False,False
9ig2_chainA,4523,19,0.03213292360305786,ActiveSite,0.6531283855438232,0.7885010838508606,637.0,1,10,-2.8099222236300787,6.624431785190653,21.14831143802049,5.86553601075666,13.563202374511677,20.786580643511705,8.863225112546298,0.4,3.6,1.0,-0.08178393180446662,0.4888888888888889,11.629703349613008,31.5,13.88888888888889,0.1363864580790202,0.8324134945869446,0.3849701344966888,2655.9,0.39306029975414275,0.00045143961906433103,0.0005473592202179134,1.0348739922046661,0.012720661666443136,3.8583053528903277,0.6577924584922294,0.45429017498638175,9.972869493092677,False,False,False
9ig2_chainA,1523,20,0.03225570172071457,Cryptic,0.6531283855438232,0.800568163394928,637.0,1,7,-7.208183240742704,4.322146871056143,26.219019571088026,7.41564786772769,10.567943322226935,20.581096279466724,10.955169111729,0.2857142857142857,1.7142857142857142,1.0,-0.14364448473942817,0.5238095238095238,9.422075684480657,35.714285714285715,10.476190476190476,0.13278325398763022,0.8476361121450152,0.4223910740443638,2330.8571428571427,0.3880769567830222,0.00045305490493774414,0.0006038089507325951,1.015122617994036,0.011354107291677138,3.8583053528903277,0.5202924170228425,0.432283858266454,14.660164563031072,False,False,False
9ig2_chainA,4001,21,0.06936030834913254,ActiveSite,0.6531283855438232,0.7260258793830872,1911.0,1,7,-3.637754392602289,6.010796308777895,20.339866924437338,6.458098596693399,13.659290276557664,20.786580643511705,9.993274210796978,0.3333333333333333,2.0,1.0,-0.15867124772060737,0.5238095238095238,12.777531299998799,32.142857142857146,15.238095238095237,0.15021781694321407,0.8493466547557286,0.35951073254857746,2254.285714285714,0.3853739798069,0.0004532933235168457,0.0005548292080805238,0.9960993102618626,0.013010256313280271,3.8583053528903277,0.5974367370089104,0.4104599440785217,11.178630127319584,False,False,False
9ig2_chainA,3528,22,0.13101764023303986,Cryptic,0.6531283855438232,0.804995059967041,1911.0,1,3,-2.752390245655907,5.359617614062977,18.010315883837798,4.026887306253913,5.67442432797785,10.101926335928752,7.211592675859109,0.6666666666666666,1.3333333333333333,1.0,0.2708426212241529,0.0,13.123346456686352,21.666666666666668,20.0,0.2206654946009318,0.7543679277102152,0.2854226628939311,3773.3333333333335,0.39193535844484967,0.000493307908376058,0.0008046675357036293,0.9332877993583679,0.015669903058969734,3.8583053528903277,0.9581359147791966,0.5923169083461611,11.982292327739204,False,False,False
9ig2_chainA,1524,23,0.03474137559533119,Cryptic,0.6531283855438232,1.0,637.0,1,3,-3.2673840148203697,3.4530775359477834,22.662009462396696,5.7586690059964285,10.517427039917804,16.321950321011485,10.96150900813962,0.6666666666666666,1.3333333333333333,1.0,0.28620415226951784,0.0,11.785113019775793,31.666666666666668,16.666666666666668,0.027429699897766113,0.8543782432874044,0.3691638906796773,1960.3333333333333,0.3764719069004059,0.00046173731486002606,0.0007303897097396354,0.9498557249704996,0.014504759698038855,3.8583053528903277,0.6699994996886821,0.5580066512505362,12.40303476954211,False,False,False
9ig2_chainA,4524,24,0.037741709500551224,ActiveSite,0.6531283855438232,0.9570186138153076,637.0,1,3,-1.3562493240124418,6.371949171973692,19.62295262401508,3.200071691055978,4.258346380361223,7.317105022108481,5.585498512151062,1.0,2.0,2.0,0.4404510557292523,0.0,11.785113019775793,31.666666666666668,16.666666666666668,0.03558953603108724,0.8469059069951376,0.35826683044433594,2625.3333333333335,0.3963683446248372,0.000489811102549235,0.0009058890670227507,1.0217635830243428,0.016485632829492784,3.8583053528903277,1.2056934110801567,0.7008926816808942,9.774308873377793,False,False,False
9ig2_chainA,4522,25,0.022241974249482155,ActiveSite,0.6531283855438232,0.7407190203666687,637.0,1,3,-2.7720889373622493,5.375205910142662,17.930507362575078,4.026210784689217,5.5908435299279295,10.101926335928752,7.211592675859109,0.6666666666666666,1.3333333333333333,1.0,0.2708426212241529,0.0,13.123346456686352,21.666666666666668,20.0,0.2206654946009318,0.7543679277102152,0.2854226628939311,3773.3333333333335,0.39193535844484967,0.000493307908376058,0.0008046675357036293,0.9332877993583679,0.015669903058969734,3.8583053528903277,0.9582969097302616,0.5923303931033064,12.021063855909475,False,False,False
9ig2_chainA,1520,26,0.005031939595937729,Cryptic,0.7228365540504456,1.0,345.0,1,3,-1.6203535701021379,0.7665507646403643,48.66777093522496,4.277013221151931,5.00037280295818,8.39610009140653,7.428747189611189,1.0,2.0,2.0,0.3201845842515482,0.3333333333333333,12.472191289246473,-36.666666666666664,20.0,0.10343062877655029,0.8453704516092936,0.47869594891866046,2730.6666666666665,0.3939231038093567,0.0003812114397684733,0.00048247838761502254,0.9768976171811422,0.010159500728725788,3.8281228772409697,0.8950458367322837,0.626785426949217,28.547928763169832,False,False,False
9ig2_chainA,1521,28,0.005609449930489063,Cryptic,0.7228365540504456,1.0,345.0,1,3,-1.6192300469266991,0.7568914074826987,48.65982282217924,4.277665835192496,4.98961735248388,8.39610009140653,7.428747189611189,1.0,2.0,2.0,0.32018458425154817,0.3333333333333333,12.47219128924647,-36.666666666666664,20.0,0.10343062877655029,0.8453704516092936,0.47869594891866046,2730.6666666666665,0.3939231038093567,0.0003812114397684733,0.00048247838761502254,0.9768976171811422,0.01015950072872579,3.8281228772409697,0.894909285748054,0.6267730438812559,28.5450625050819,False,False,False
9ig2_chainA,4004,29,0.025832701474428177,ActiveSite,0.6593725681304932,0.8579251766204834,1085.0,1,4,-0.006647285030011958,20.814484670961505,24.916957305375,3.637281868760147,5.1234563173970225,8.512244191746477,5.924837481148863,1.0,3.0,3.0,0.443646434651277,0.16666666666666666,10.307764064044152,37.5,15.0,0.11828319231669109,0.8628936409950256,0.24796590395271778,2899.0,0.4044530689716339,0.00048647820949554443,0.0007620070391567424,0.9676978886127472,0.01353822749728241,5.542734540770329,1.5238672010480454,0.7148721057898475,8.442537906195653,False,False,False
9ig2_chainA,1525,32,0.003981958143413067,Cryptic,0.6593725681304932,1.0,361.6666564941406,1,3,-2.5260616642198164,28.82475752236323,16.113511337306406,3.7679382466305817,6.4324258553774625,10.085555354011607,6.945613888957941,0.6666666666666666,1.3333333333333333,1.0,0.23498873097594886,0.6666666666666666,10.274023338281628,-31.666666666666668,16.666666666666668,0.11239790916442871,0.9084000786145529,0.29846028983592987,721.6666666666666,0.3587081929047902,0.0004451076189676921,0.0006908905537178119,0.9164435863494873,0.013550105835581888,16.138599649823657,4.283138043532253,0.677292326822994,18.33014491843704,False,False,False
9ig2_chainA,4003,33,0.01993192546069622,ActiveSite,0.7228365540504456,0.9061646461486816,1035.0,1,4,-1.7219216490409839,-0.47820356889329046,47.48226894951358,4.852846146601131,5.839830170565687,10.637131638629521,7.7175934001533655,0.6666666666666666,2.0,1.0,-0.09662782722230788,0.5,11.388041973930374,-38.75,15.833333333333334,0.08262020349502563,0.8584079146385193,0.4604095444083214,2340.75,0.38506998121738434,0.0003775060176849365,0.00046752539856242947,0.934975191950798,0.009022169588852571,3.8281228772409697,0.7888407671696199,0.4968369083698776,28.134521529465886,False,False,False
9ig2_chainA,1519,35,0.005705908872187138,Cryptic,0.7228365540504456,1.0,345.0,1,4,-1.721447340351489,-0.4865929869064743,47.47855179054086,4.852333852692431,5.831239924338994,10.637131638629521,7.7175934001533655,0.6666666666666666,2.0,1.0,-0.09662782722230788,0.5,11.388041973930374,-38.75,15.833333333333334,0.08262020349502563,0.8584079146385193,0.4604095444083214,2340.75,0.38506998121738434,0.0003775060176849365,0.00046752539856242947,0.934975191950798,0.009022169588852571,3.8281228772409697,0.7889240504580792,0.4968458320063973,28.13544564896777,False,False,False
9ig2_chainA,3527,36,0.022474564611911774,Cryptic,0.7228365540504456,0.8648426532745361,1035.0,1,4,-1.7226454726564513,-0.4679780025373671,47.48471497544628,4.853294535665151,5.848858077959103,10.637131638629521,7.7175934001533655,0.6666666666666666,2.0,1.0,-0.09662782722230788,0.5,11.388041973930374,-38.75,15.833333333333334,0.08262020349502563,0.8584079146385193,0.4604095444083214,2340.75,0.38506998121738434,0.0003775060176849365,0.00046752539856242947,0.934975191950798,0.009022169588852571,3.8281228772409697,0.7887678872793406,0.49682909837143335,28.131667577310044,False,False,False
9ig2_chainA,4515,38,0.0025298779364675283,Cryptic,0.647803783416748,0.8920257091522217,148.0,1,6,-16.823437726880574,25.32397961752942,40.93854518150648,4.534381827877178,7.971388822164083,14.065749685681228,6.971735899979226,0.4666666666666667,2.3333333333333335,1.0,-0.052470603388363436,0.5333333333333333,11.6963907063485,30.833333333333332,14.333333333333334,0.12379318078358968,0.7645325859387716,0.24658953646818796,5354.5,0.44515950481096905,0.0004954238732655843,0.0007058888780496394,1.0826346377531688,0.01272060634142298,3.855477158354722,0.8502762459595747,0.49428186629782833,29.48964678344918,False,False,False
9ig2_chainA,4516,40,0.0,Cryptic,0.6285156011581421,0.8837586045265198,87.0,1,3,25.710751043443373,17.245423963597094,18.24468541367856,4.742744545013953,7.658121960565449,12.702545260725888,8.66580464165863,0.6666666666666666,1.3333333333333333,1.0,0.33553805260491437,0.3333333333333333,22.48456260538674,21.666666666666668,36.666666666666664,0.24218163887659708,0.7107470532258352,0.4325053294499715,3088.3333333333335,0.380030353864034,0.0004967451095581055,0.00045405298199815053,1.211970329284668,0.014853219005324677,5.383435868417081,1.1350887270697905,0.5499312242569925,22.731403392139892,False,False,False
9ig2_chainB,7,1,0.020245607942342758,Allosteric,0.7401458024978638,0.7277721762657166,164.0,1,9,3.758636312850797,10.138271089610496,81.00530681272572,5.171305188023624,7.951070997034086,14.434841031285647,7.47348606234639,0.3888888888888889,3.111111111111111,1.0,0.061532444853997115,0.4722222222222222,20.68278940998476,13.333333333333334,24.166666666666668,0.09742117590374416,0.8730900287628174,0.3479618910286162,2171.6666666666665,0.38807236817147994,0.0004953344662984213,0.0005526584799453202,0.9517791999710931,0.013344743357792378,,,0.43080156529921526,17.906754477565194,False,False,False
9ig2_chainB,522,2,0.008245507255196571,Cryptic,0.8051583766937256,0.7481279373168945,218.0,1,7,-3.965703791615415,14.150997259208502,68.81086228135325,4.737909001219949,6.543298022405372,12.624742052316087,7.198057927653818,0.38095238095238093,2.2857142857142856,1.0,-0.06977960759823534,0.5714285714285714,15.050933932646771,28.571428571428573,19.523809523809526,0.1615415641239711,0.6777234588350568,0.35659648052283693,5428.428571428572,0.4134838197912489,0.0004914317812238421,0.00042994424126975773,0.9712614502225604,0.01257791241561557,,,0.42690430446791044,15.82016581127815,False,False,False
9ig2_chainB,521,3,0.020790228620171547,Cryptic,0.7228531837463379,0.7728230357170105,215.0,1,5,32.07596552578706,8.373660688914775,47.062928250932536,6.237037425584728,11.2784831748144,16.156163579030117,8.692416397208286,0.4,1.6,1.0,0.3403780498950649,0.1,25.612496949731394,8.0,36.0,0.09315524101257325,0.8040172815322876,0.3325963273644447,5021.4,0.4515002012252808,0.0004782557487487793,0.0005084519798401743,1.1312438130378724,0.012744065593462561,3.8393641900763216,0.6155749802505598,0.4925460033174598,28.26106307157956,False,False,False
9ig2_chainB,521,3,0.020790228620171547,Cryptic,0.7228531837463379,0.7728230357170105,215.0,2,4,33.04845255813057,8.311841692898454,54.59677915257922,3.7907704929289903,6.519339807617773,8.786725866895013,5.888965756847779,0.6666666666666666,2.0,1.0,0.208339102844765,0.3333333333333333,9.60143218483576,-33.75,12.5,0.13575050234794617,0.7591779679059982,0.4170631542801857,4868.25,0.42492563277482986,0.0004827231168746948,0.0004965597036061808,0.9918155819177628,0.013490485035206563,3.8393641900763216,1.0128189499306208,0.6294735596845518,24.905028964695248,False,False,False
9ig2_chainB,519,5,0.007274954579770565,Cryptic,0.6794591546058655,0.870921790599823,184.0,1,4,25.411095439574552,27.442205855191357,47.91269511702047,5.819954534426508,8.476378156041998,14.331082958975745,9.28684455791445,0.6666666666666666,2.0,1.0,0.058370874774273364,0.5,7.39509972887452,33.75,10.833333333333334,0.14273998141288757,0.693989560008049,0.37018847465515137,5159.75,0.41323426365852356,0.0004962831735610962,0.0006749102831236087,0.995317131280899,0.021212369291843093,3.83536974978224,0.6590033868984809,0.5443758498939636,25.87723373944291,False,False,False
9ig2_chainB,519,5,0.007274954579770565,Cryptic,0.6794591546058655,0.870921790599823,184.0,2,3,27.92733537094679,26.123378267020154,45.000191222137346,5.987827048075175,6.990139391703424,12.65476855779688,10.40778877276131,0.6666666666666666,1.3333333333333333,1.0,-0.004457943091119317,0.3333333333333333,10.801234497346433,-35.0,16.666666666666668,0.049960931142171226,0.8732079466183981,0.33840904633204144,2326.0,0.3995908200740814,0.0004964272181193033,0.0010507444967515767,1.0641806324323018,0.016333509498886557,3.83536974978224,0.6405278106713426,0.4949918566087548,28.707452147379044,False,False,False
9ig2_chainB,17,6,0.007705381605774164,Cryptic,0.6753491163253784,1.0,253.0,1,4,28.0408658497863,31.157454188685485,47.09833440074048,4.62409919025184,6.170827711972182,10.61173926734727,7.227084890290911,0.5,1.5,1.0,-0.16363750109155537,0.5,7.5,32.5,10.0,0.12924264868100485,0.7479040175676346,0.30042240768671036,4308.25,0.41001326590776443,0.0004974007606506348,0.0008747845131438226,1.028538390994072,0.020151838151753827,3.8550827565588253,0.8336937850913332,0.5146852239417362,29.820262085199875,False,False,False
9ig2_chainB,520,8,0.0,Cryptic,0.5838870406150818,0.7436869740486145,64.0,1,6,30.077935659544664,14.841867264477477,62.52092592389923,7.919596722351691,12.98948412470599,22.49388986674297,11.78366350695143,0.4666666666666667,2.3333333333333335,1.0,0.3130196972276351,0.2,7.0710678118654755,35.0,9.333333333333334,0.07264337142308554,0.7888395090897878,0.33211738243699074,4906.833333333333,0.44254423181215924,0.0004875659942626953,0.0007632070822486033,1.1064151724179585,0.01529034788301487,3.8393641900763216,0.4847928909360221,0.5801721910248736,18.82139683326139,False,False,False
9ig2_chainB,520,8,0.0,Cryptic,0.5838870406150818,0.7436869740486145,64.0,2,3,33.18840596018063,8.727123804277612,58.96810179968959,3.718500901924362,4.929111075335655,8.505612523741757,6.18709801682911,1.0,2.0,2.0,0.37217167410123864,0.0,10.274023338281626,-38.333333333333336,16.666666666666668,0.15559653441111246,0.792474607626597,0.5778181552886963,3808.6666666666665,0.4007599850495656,0.0004857977231343587,0.0005405905152050158,0.8827890555063883,0.01791002958771163,3.8393641900763216,1.0325032294840675,0.6750056604294064,23.359638300972243,False,False,False
9ig2_chainB,19,10,0.0,Unknown,0.5780856013298035,0.8005380630493164,64.0,1,3,32.63179007407913,8.88379617662889,58.568779247402055,3.5904307363906534,4.4602486592045505,8.505612523741757,6.1870980168291085,1.0,2.0,2.0,0.3721716741012386,0.0,10.274023338281628,-38.333333333333336,16.666666666666668,0.15559653441111246,0.792474607626597,0.5778181552886963,3808.6666666666665,0.4007599850495656,0.0004857977231343587,0.0005405905152050158,0.8827890555063883,0.017910029587711627,3.8393641900763216,1.0693324762298333,0.6777701439740031,22.921239541478943,False,False,False
9ig2_chainB,19,10,0.0,Unknown,0.5780856013298035,0.8005380630493164,64.0,2,5,31.875648688317522,11.97976464090246,58.740113703374256,4.223752955714418,7.074031263276137,12.285803675975265,6.645634986761249,0.7,2.8,2.0,0.30291883113982293,0.3,7.3484692283495345,34.0,10.0,0.16689736843109132,0.6830986261367797,0.3517937108874321,6004.0,0.4367896020412445,0.0004882216453552246,0.0006136293290182948,1.0776239156723022,0.013184115310587444,3.8393641900763216,0.9089935491804634,0.6523594411990177,21.603398191697238,False,False,False
9ig2_chainB,525,17,0.0019176078494638205,Cryptic,0.4487433433532715,1.0,93.0,1,3,16.444181464071924,22.934651596756705,55.05605307206828,5.398854194180111,8.552225686865333,14.604989261893131,9.977661055219547,0.6666666666666666,1.3333333333333333,1.0,0.5240301774026866,0.0,4.08248290463863,25.0,6.666666666666667,0.13734273115793863,0.8258271416028341,0.28298644721508026,2988.3333333333335,0.39431388179461163,0.0004781484603881836,0.0006423152711552879,0.9503973325093588,0.008592875725475325,3.842143343825235,0.7116590309045596,0.708660933181522,14.290985561698944,False,False,False
9ig2_chainB,1527,21,0.009418183006346226,Cryptic,0.7413843870162964,1.0,289.6666564941406,1,3,20.555629548272762,7.432482752921016,40.13839045578925,5.6626070868078955,8.2764415160359,14.176795260022562,9.639273116019153,0.6666666666666666,1.3333333333333333,1.0,0.24710027537578327,0.0,4.714045207910317,-33.333333333333336,6.666666666666667,0.028867403666178387,0.8948938647905985,0.6187930802504221,1501.0,0.37987584869066876,0.0004830161730448405,0.0005726817956504723,0.9892013470331827,0.017535063582270194,3.845587272026193,0.6791195668484945,0.6279816559326845,27.78278614704105,False,False,False
9ig2_chainB,1527,21,0.009418183006346226,Cryptic,0.7413843870162964,1.0,289.6666564941406,2,4,20.960962074480165,2.9626195233553414,40.46110017004045,3.754269716639806,4.6567026876328415,8.51845185112356,6.113413975624479,0.6666666666666666,2.0,1.0,-0.030259502717184653,0.5,0.0,30.0,0.0,0.17793169617652893,0.8478635102510452,0.3686014972627163,3107.0,0.40849774330854416,0.00048686563968658447,0.0006266045347729232,1.01680289208889,0.01641167044532054,3.845587272026193,1.0243236534076512,0.656937319369085,29.085766534284534,False,False,False
9ig2_chainB,4009,22,0.04788060858845711,ActiveSite,0.7847995162010193,0.6558361053466797,522.0,1,4,21.49848687664554,12.453841676980186,77.10704877170667,4.695077716414627,7.251621896505442,10.141117869203958,6.506621758977772,0.6666666666666666,2.0,1.0,0.01774461374124074,0.3333333333333333,8.926785535678562,28.75,12.5,0.015410959720611572,0.8353416919708252,0.16211627516895533,4569.25,0.4358297809958458,0.000490725040435791,0.0005358533162507229,0.9247995615005493,0.011922355118406315,4.806091667410871,1.02364475259017,0.5634564503978143,15.501652028915583,False,False,False
9ig2_chainB,4528,23,0.015344182960689068,Cryptic,0.7413843870162964,1.0,289.6666564941406,1,5,21.124482547663874,2.806373781450849,41.83809775969992,5.064004925349593,9.2962046584153,14.141967653697781,8.059030681342168,0.6,2.4,2.0,-0.14165972103072,0.5,0.0,30.0,0.0,0.1547896146774292,0.8460860967636108,0.3784199386835098,3065.8,0.40458089113235474,0.00046731233596801757,0.0005895548238186166,0.986214280128479,0.014818372999421806,3.8337237781308806,0.7570537222307737,0.5744071754992711,28.03253088957525,False,False,False
9ig2_chainB,4528,23,0.015344182960689068,Cryptic,0.7413843870162964,1.0,289.6666564941406,2,4,21.08256737058566,4.760862794282074,41.60608600468156,6.873505517185523,8.160420922837096,14.560786039131578,10.66075290528804,0.5,1.5,1.0,0.21348618941474018,0.3333333333333333,4.330127018922194,-32.5,5.0,0.028314948081970215,0.9018344879150391,0.598404549062252,1669.25,0.3862781226634979,0.0004859119653701782,0.0005194410477997735,0.9892722368240356,0.016846596040275212,3.8337237781308806,0.5577537936858551,0.5991424511895933,27.464274124069185,False,False,False
9ig2_chainB,3539,25,0.042282748967409134,Cryptic,0.762758195400238,0.8174511790275574,783.0,1,5,11.420059796887598,22.60543824681854,67.7568077300192,7.328254982609235,11.954775859601181,18.023904812736294,11.51902525795263,0.4,1.6,1.0,0.24888238946700456,0.3,8.0,41.0,8.0,0.12539441585540773,0.8278721451759339,0.3912795394659042,3239.6,0.3991848587989807,0.0004831552505493164,0.000516539387172088,0.9175062417984009,0.013207152481705847,3.821231338164542,0.5214380977780863,0.5616442931405291,8.467444011336958,False,False,False
9ig2_chainB,1532,26,0.01622464507818222,Cryptic,0.7847995162010193,0.9540567994117737,174.0,1,5,20.36429828582658,8.84051547256191,70.47179237251528,4.412497396844119,6.834192505612849,13.291913982324871,7.0382810847791175,0.7,2.8,1.0,0.3941354431164207,0.1,14.966629547095765,29.0,21.0,0.012753736972808839,0.8345697522163391,0.13877418115735055,3782.8,0.41540742516517637,0.0004919052124023437,0.0006448794505558908,0.9214057803153992,0.010903955948693402,3.8524393881574786,0.8730745973726349,0.5927100661503547,11.64759972601228,False,False,False
9ig2_chainB,1532,26,0.01622464507818222,Cryptic,0.7847995162010193,0.9540567994117737,174.0,2,5,19.919059798653805,9.927877141356257,65.26120739955402,4.923365435122265,7.171478712751219,12.766165823521401,7.61947198896145,0.6,2.4,1.0,-0.01856478860175469,0.6,9.797958971132712,-38.0,12.0,0.11217410564422607,0.8557660818099976,0.3862900137901306,2439.6,0.39242381453514097,0.0004584193229675293,0.0006338680977933109,1.001021671295166,0.013643120303557382,3.8524393881574786,0.7824808942019573,0.5253187155674376,9.573646970796291,False,False,False
9ig2_chainB,1533,27,0.016491899266839027,Cryptic,0.7847995162010193,0.6804891228675842,174.0,1,4,21.507505305004653,12.49228015860365,77.1539226844092,4.721913816506575,7.311264528084973,10.141117869203958,6.506621758977772,0.6666666666666666,2.0,1.0,0.01774461374124074,0.3333333333333333,8.926785535678562,28.75,12.5,0.015410959720611572,0.8353416919708252,0.16211627516895533,4569.25,0.4358297809958458,0.000490725040435791,0.0005358533162507229,0.9247995615005493,0.011922355118406315,,,0.5290129254437053,15.53785061934335,False,False,False
9ig2_chainB,4534,28,0.013973666355013847,Allosteric,0.7847995162010193,0.9247615337371826,174.0,1,4,21.309618916288258,9.871572973660037,75.44698928539184,4.71499173332376,8.954112922622809,10.250414830016002,6.082479110577311,1.0,3.0,3.0,0.6425791476323565,0.0,11.92424001771182,23.75,17.5,0.015269428491592407,0.8355539888143539,0.1013093376532197,3539.25,0.4071217030286789,0.0004896968603134155,0.000647841181489639,0.8860562890768051,0.012229080906367602,15.668920242523727,3.323212664781952,0.7690361734517879,14.751796433572059,False,False,False
9ig2_chainB,4010,29,0.0506487675011158,ActiveSite,0.7413843870162964,0.8943548798561096,869.0,1,5,21.04759815324244,3.511846969602216,40.70242466427656,5.309437556165209,11.166927433364737,13.758015310520435,8.569274640271088,0.5,2.0,1.0,0.04819150508175444,0.5,8.0,34.0,8.0,0.171073842048645,0.8157060980796814,0.312161859869957,3423.6,0.40570822954177854,0.00047562122344970705,0.000554777352954261,1.0015772342681886,0.015274605641542607,3.8337237781308806,0.7220583607164265,0.5506799370730059,28.693261363749293,False,False,False
9ig2_chainB,4010,29,0.0506487675011158,ActiveSite,0.7413843870162964,0.8943548798561096,869.0,2,4,21.084797551671546,4.762224428826742,41.618753076085255,6.874479630738835,8.15827360477437,14.560786039131578,10.66075290528804,0.5,1.5,1.0,0.21348618941474018,0.3333333333333333,4.330127018922194,-32.5,5.0,0.028314948081970215,0.9018344879150391,0.598404549062252,1669.25,0.3862781226634979,0.0004859119653701782,0.0005194410477997735,0.9892722368240356,0.016846596040275216,3.8337237781308806,0.5576747599903574,0.5991281273704369,27.453579646024394,False,False,False
9ig2_chainB,3540,30,0.06818269938230515,Cryptic,0.7847995162010193,0.9767225384712219,522.0,1,3,19.385045654793043,7.852279789077717,65.07083468456526,5.183591370297324,7.644853796815421,8.870442164219495,6.8672387937376485,0.6666666666666666,1.3333333333333333,1.0,-0.0300636079134541,0.3333333333333333,8.16496580927726,40.0,13.333333333333334,0.014640132586161295,0.8391569455464681,0.1593510868648688,3290.0,0.40759750207265216,0.0004920760790506998,0.0005067242115425566,0.9717026551564535,0.009260915333640542,3.8524393881574786,0.7431988968560436,0.5415798499495273,10.303697245013856,False,False,False
9ig2_chainB,1526,31,0.008475732058286667,Cryptic,0.7413843870162964,1.0,289.6666564941406,1,4,20.959717361045943,2.964791516545403,40.46186303064007,3.7546338117306597,4.656413855279242,8.51845185112356,6.113413975624479,0.6666666666666666,2.0,1.0,-0.030259502717184656,0.5,0.0,30.0,0.0,0.17793169617652893,0.8478635102510452,0.3686014972627163,3107.0,0.40849774330854416,0.00048686563968658447,0.0006266045347729232,1.01680289208889,0.01641167044532054,3.8337237781308806,1.021064628500686,0.6568243160644291,29.08384738581705,False,False,False
9ig2_chainB,1526,31,0.008475732058286667,Cryptic,0.7413843870162964,1.0,289.6666564941406,2,4,21.143491631613472,5.02458035635495,41.42270342254997,6.839765766344019,7.900866992048888,14.560786039131578,10.66075290528804,0.5,1.5,1.0,0.21348618941474018,0.3333333333333333,4.330127018922194,-32.5,5.0,0.028314948081970215,0.9018344879150391,0.598404549062252,1669.25,0.3862781226634979,0.0004859119653701782,0.0005194410477997735,0.9892722368240356,0.016846596040275212,3.8337237781308806,0.5605051267976501,0.5996390393034178,27.553372601690015,False,False,False
9ig2_chainB,3538,33,0.037578318268060684,Cryptic,0.7413843870162964,1.0,869.0,1,4,20.95883290435335,2.967989214794688,40.46474923980681,3.7552446137917586,4.654309038844686,8.51845185112356,6.113413975624479,0.6666666666666666,2.0,1.0,-0.030259502717184656,0.5,0.0,30.0,0.0,0.17793169617652893,0.8478635102510452,0.3686014972627163,3107.0,0.40849774330854416,0.00048686563968658447,0.0006266045347729232,1.01680289208889,0.01641167044532054,3.8337237781308806,1.020898549205262,0.6568114504631819,29.079816484803978,False,False,False
9ig2_chainB,3538,33,0.037578318268060684,Cryptic,0.7413843870162964,1.0,869.0,2,4,21.14253735730684,5.0233407799603285,41.420375200179066,6.839705442926704,7.902369852419384,14.560786039131578,10.66075290528804,0.5,1.5,1.0,0.21348618941474018,0.3333333333333333,4.330127018922194,-32.5,5.0,0.028314948081970215,0.9018344879150391,0.598404549062252,1669.25,0.3862781226634979,0.0004859119653701782,0.0005194410477997735,0.9892722368240356,0.016846596040275212,3.8337237781308806,0.5605100702246666,0.5996399279653261,27.55549239289,False,False,False
9ig2_chainB,4521,36,0.020633261650800705,Cryptic,0.7228531837463379,0.8582187294960022,215.0,1,3,31.86013036133403,7.487320091721409,44.04061608109218,4.476339484445582,7.395055098011476,9.29322594876532,6.628113909440209,0.6666666666666666,1.3333333333333333,1.0,0.9355368852067674,0.0,16.32993161855452,-10.0,26.666666666666668,0.06971947352091472,0.8514460325241089,0.3786790023247401,4222.333333333333,0.44718430439631146,0.0004731615384419759,0.0005461222705586503,1.1588738560676575,0.013201886669786007,3.8942278030174426,0.8699581022728805,0.6439112090614776,30.358729290835758,False,False,False
9ig2_chainB,4007,41,0.011682379990816116,Allosteric,0.7401458024978638,0.8989976048469543,164.0,1,3,-0.7424922465281838,11.777279557992502,83.5916715464416,4.021428455544425,5.917880412756397,10.486406857467433,7.253753991963514,0.6666666666666666,1.3333333333333333,1.0,0.08084725994364268,0.3333333333333333,7.0710678118654755,40.0,10.0,0.09011471271514893,0.8941946228345236,0.5168260534604391,2181.3333333333335,0.3918334941069285,0.000494539737701416,0.00037498577148653567,0.9099844694137573,0.012583125379725245,5.595307482833918,1.3913731264122216,0.6187217157825157,22.05015214105088,False,False,False
9ig2_chainB,4519,42,0.00705250957980752,Cryptic,0.6794591546058655,0.8894567489624023,184.0,1,5,27.448534714425918,31.71031344289491,47.655538355026984,5.512924675479751,8.680809100077552,14.809537808554662,8.418386270940609,0.5,2.0,1.0,0.033120411697012034,0.4,7.3484692283495345,31.0,9.0,0.10417729616165161,0.6679133653640748,0.3499938726425171,5894.2,0.4183383882045746,0.0004962325096130371,0.0007444626651704311,0.9090609788894654,0.01657992154507491,3.87234206575713,0.7024115680340123,0.5394714953410283,29.472453070349214,False,False,False
9ig2_chainB,4525,44,0.0,Cryptic,0.4487433433532715,1.0,93.0,1,3,27.264186476521022,35.833855926064835,49.22554356841949,2.5473583319812563,2.942389773444128,5.503783638412468,4.422744585204964,0.6666666666666666,1.3333333333333333,1.0,0.006006342612507876,0.3333333333333333,2.3570226039551585,28.333333333333332,3.3333333333333335,0.10962049166361491,0.7144390940666199,0.3341807822386424,5781.0,0.43001802762349445,0.0004927913347880045,0.0007169828362142047,0.9188717206319174,0.013677750682256448,,,0.637022249230813,31.123172038727805,False,False,False
9nmx_chainA,2,1,0.00854431465268135,Cryptic,0.7249395847320557,0.5625490546226501,247.0,1,5,-46.44520396022281,-4.886808908838116,-4.150882262439565,5.485392897270375,10.232434764593064,16.372140591856542,8.97794125571184,0.4,1.6,1.0,0.17746447651952763,0.5,15.937377450509228,-34.0,21.0,0.12135977745056152,0.8797826290130615,0.47778175473213197,3492.2,0.4323222517967224,0.000396728515625,0.0005139984485140303,1.007201325893402,0.010700672292600157,3.824500784592769,0.6972154695602398,0.487589483776423,17.079954825196545,False,False,False
9nmx_chainA,1,2,0.0,Unknown,0.502488911151886,0.651981770992279,94.0,1,4,-65.48101247507955,16.624432127157224,-37.66859196069876,3.719112179776712,7.075483822575686,10.557518559945974,6.447998072994182,0.8333333333333334,2.5,2.0,-0.11720934383783549,0.6666666666666666,10.0,40.0,13.333333333333334,0.08002293109893799,0.8933886587619781,0.3130963146686554,1366.5,0.38146431744098663,0.00047035515308380127,0.0005080990231363103,1.0361210107803345,0.010637805783172168,12.491151662065805,3.358638045388496,0.598928430757503,30.31795239430932,False,False,False
9nmx_chainA,514,3,0.005190268624573946,Cryptic,0.6710993647575378,0.5986229777336121,119.0,1,3,-46.27278445730911,2.7519746669257423,10.463338397063914,3.818121963225718,6.178654565559345,10.073890850139337,6.957329127282391,1.0,2.0,2.0,0.4494571883453866,0.0,10.801234497346433,-25.0,16.666666666666668,0.049918293952941895,0.8149400750796,0.46010802189509076,4773.333333333333,0.4515144129594167,0.00041802724202473957,0.0006564971408806741,1.0577885905901592,0.0103419000515469,3.8530319178657715,1.0091432266900557,0.6845939779616808,30.2758615772495,False,False,False
9nmx_chainA,7,4,0.0,Unknown,0.5165235996246338,0.6583465933799744,56.0,1,12,-37.67192093309612,5.194937837736572,-4.457073753794216,6.47570986817323,11.923378745947511,20.18108429372628,9.399549427792454,0.21212121212121213,2.3333333333333335,1.0,-0.0384520213286239,0.5151515151515151,27.166538854505067,18.75,31.28787878787879,0.06823035623088028,0.8950600028038025,0.4307248654464881,1977.5,0.4005609229207039,0.00044622023900349933,0.0006785948429145113,1.0702782571315765,0.013309055057684517,6.362764220846923,0.982558568925175,0.38963006816042645,17.70353913240544,False,False,False
9nmx_chainA,4,5,0.0,Unknown,0.5196069478988647,0.7249687314033508,63.0,1,3,-50.14216706240917,14.491181926547,-32.82611396101187,4.721840999290046,6.559024404601532,8.9056535398786,8.12528739193916,1.0,2.0,2.0,0.8849039071807687,0.0,10.801234497346433,-35.0,16.666666666666668,0.05270183086395264,0.9041653474171957,0.3821455736955007,1938.0,0.3997126917044322,0.0004471143086751302,0.0005265518945331374,1.032766342163086,0.010883622039349235,3.8029350794137606,0.8053924475613542,0.7118658940354847,18.587414857557746,False,False,False
9nmx_chainA,0,7,0.0,Cryptic,0.4613068699836731,1.0,67.0,1,5,-64.68276597715203,15.960610731722563,-37.69922916280224,4.130631536421417,6.147869278823023,10.557518559945974,6.402636756593845,0.6,2.4,1.0,-0.05048862719896472,0.6,13.416407864998739,35.0,18.0,0.13352760076522827,0.8506317377090454,0.3048789441585541,1833.6,0.37879648208618166,0.0004679083824157715,0.0005252291215583682,0.9979550957679748,0.01271000790936555,3.8568822383929873,0.9337270110842196,0.5010475872356676,29.50528554575436,False,False,False
9nmx_chainA,8,8,0.0020038015209138393,Unknown,0.5119292140007019,0.7577957510948181,92.0,1,4,-46.06620760554139,-8.828632127930732,-5.243195456424625,3.852199673474211,7.3375821837208335,10.969132136283864,6.467238135363655,0.6666666666666666,2.0,1.0,0.4012205302929484,0.5,15.411035007422441,-30.0,21.666666666666668,0.10850114623705547,0.8671707957983017,0.49337812326848507,1157.0,0.36916013807058334,0.00035525858402252197,0.0005245357101557602,1.0811120867729187,0.00773133367974182,10.496894217869638,2.7249091707654727,0.6674301553551812,18.104507557926134,False,False,False
9nmx_chainA,3,9,0.0037704564165323973,Unknown,0.5168166756629944,0.9592686295509338,138.0,1,3,-48.79818964894064,-5.436822367013652,4.044485118260876,6.027176467929173,7.587702628984864,11.7604502369946,9.233327095452168,0.6666666666666666,1.3333333333333333,1.0,0.8368333877512514,0.0,8.498365855987974,-33.333333333333336,13.333333333333334,0.14630393187204996,0.9056301116943359,0.13393071790536246,1724.3333333333333,0.3883831401666005,0.00034495194753011066,0.0005437564298820993,0.9665983517964681,0.0048226681483491286,3.8624481224426805,0.64083873153456,0.6856741402077136,25.126957027373795,False,False,False
9nmx_chainA,13,10,0.0,Unknown,0.5191877484321594,0.6626598238945007,54.0,1,4,-30.230401959048184,3.998983199953656,-20.111861039043912,5.65730238310836,8.767097082202838,10.575834794862578,9.120375030218495,0.8333333333333334,2.5,2.0,-0.03802855442027322,0.6666666666666666,7.5,42.5,10.0,0.0630718966325124,0.8709400743246078,0.4547361955046654,3052.0,0.4168678745627403,0.0004672706127166748,0.0005898457457078621,0.9792671501636505,0.014295097529478953,3.8315401626270558,0.677273354535072,0.5466174210366271,15.790833775945265,False,False,False
9nmx_chainA,13,10,0.0,Unknown,0.5191877484321594,0.6626598238945007,54.0,2,3,-33.30075097248833,0.6165390068157874,-16.173332969737803,2.9121389536930624,4.888424440577319,6.448983238317409,4.841406618832931,0.6666666666666666,1.3333333333333333,1.0,0.1974105810802584,0.0,16.49915822768611,-31.666666666666668,26.666666666666668,0.057705084482828774,0.8275093237559,0.33522795140743256,5973.333333333333,0.4869248569011688,0.0004667242368062337,0.0007015006752529492,1.030468185742696,0.009057297130255349,3.8315401626270558,1.3157133720449858,0.5796029662816513,13.160209297702547,False,False,False
9nmx_chainA,10,12,0.03287430852651596,ActiveSite,0.8242324590682983,0.4762657880783081,533.0,1,3,-37.506040556691325,-2.430773871768039,-12.878032431057164,3.148520800369312,4.145621831509792,5.918860546684641,4.9369220070922735,1.0,2.0,2.0,0.4251339722402044,0.0,4.08248290463863,35.0,6.666666666666667,0.07449932893117268,0.7907149195671082,0.45773743589719135,4623.666666666667,0.4375498791535695,0.00033112366994222003,0.00037816034940381843,1.0385293364524841,0.005873274771686449,3.8391168982254738,1.2193398556475017,0.77858740044323,11.71039820564008,False,False,False
9nmx_chainA,4005,14,0.11477607488632202,ActiveSite,0.6263172626495361,0.49929341673851013,1831.0,1,6,-37.07339615937105,-1.5244161560226102,-14.208709773703436,6.127823767907649,7.465967169499465,13.177451092058714,9.190684112573313,0.4,2.0,1.0,-0.08402704584477562,0.5333333333333333,6.2915286960589585,-42.5,8.333333333333334,0.05556104977925618,0.8672910928726196,0.25642191370328266,5887.166666666667,0.495032861828804,0.0004291633764902751,0.0007254333565166841,1.0167342921098073,0.012089409718761893,3.8123641985998917,0.6221399868850385,0.509909201093442,10.992131037742007,False,False,False
9nmx_chainA,4005,14,0.11477607488632202,ActiveSite,0.6263172626495361,0.49929341673851013,1831.0,2,7,-35.883266587917646,-2.343600809145719,-18.053954707168984,6.267901985180039,10.991344935484724,16.837875979847865,9.132629264352484,0.42857142857142855,2.5714285714285716,1.0,-0.10776226065819941,0.5238095238095238,8.451542547285166,35.0,10.952380952380953,0.08227828570774623,0.8312450647354126,0.4639418497681618,3989.4285714285716,0.43143233231135775,0.0003392270633152553,0.0004954423888453416,1.021833062171936,0.009647765611246353,3.8123641985998917,0.6082360904197173,0.4699357410184142,11.015691189165175,False,False,False
9nmx_chainA,4521,15,0.02767237462103367,ActiveSite,0.6263172626495361,0.7001466155052185,610.3333129882812,1,9,-36.137210108573825,-1.4948217862660411,-23.748229394061866,8.229864678656979,12.569206179267832,21.79817888109387,11.397092220908513,0.3055555555555556,2.4444444444444446,1.0,0.034680923077519736,0.4444444444444444,8.31479419283098,34.44444444444444,10.555555555555555,0.07687471972571479,0.8278911776012845,0.520527195599344,3762.4444444444443,0.4296940830018785,0.0003693103790283203,0.0005485333515227669,1.0968573424551222,0.009227359617698978,3.8315401626270558,0.46556539046913226,0.48678409052469906,11.060689946019968,False,False,False
9nmx_chainA,4520,16,0.021017203107476234,ActiveSite,0.6263172626495361,0.7498255372047424,610.3333129882812,1,3,-34.56760262139052,-0.41248740832935943,-14.48858910006943,3.822368447585216,6.64311624025588,10.581456487679116,7.15880655430433,1.0,2.0,2.0,0.5637681663322993,0.0,6.236095644623236,-41.666666666666664,10.0,0.025548100471496582,0.8464104731877645,0.24503364662329355,7693.666666666667,0.5377429525057474,0.0004728237787882487,0.0004114039281072716,1.0030002196629841,0.010073380576865376,3.8127741756203193,0.9974899667322866,0.7592952693828108,12.717924209703597,False,False,False
9nmx_chainA,4520,16,0.021017203107476234,ActiveSite,0.6263172626495361,0.7498255372047424,610.3333129882812,2,8,-36.149458481311044,-1.498661901162776,-16.782908181339103,5.595797691536062,10.095200764044924,17.482709392745154,7.993520533106524,0.39285714285714285,2.75,1.0,-0.1079824440252359,0.6071428571428571,9.164298936634488,30.625,11.607142857142858,0.05990620808941977,0.8093121275305748,0.4441140815615654,3867.5,0.4220433719456196,0.0003160238265991211,0.0003873445571116463,1.0349579080939293,0.008654061722434579,3.8127741756203193,0.681363835112792,0.47257298758496014,10.753001300827586,False,False,False
9nmx_chainA,3522,17,0.1428401917219162,Cryptic,0.6263172626495361,0.5536805987358093,1831.0,1,5,-37.871727082988166,-2.6289808318036134,-15.145439256884922,4.3265139841945714,6.347149865459276,9.853587261126158,6.7068642179863405,0.6,2.4,1.0,0.1373488691963203,0.4,8.602325267042627,34.0,12.0,0.06656224727630615,0.8067599892616272,0.48957802951335905,3809.8,0.42160696983337403,0.000285649299621582,0.00045326930703595283,1.0702354192733765,0.006257949494645263,3.855445214313326,0.891120479073422,0.5996362097641752,10.32795627846082,False,False,False
9nmx_chainA,4519,18,0.030680831521749496,ActiveSite,0.6263172626495361,0.6236065030097961,610.3333129882812,1,5,-37.88104072575481,-2.6760756230244778,-15.162548639941035,4.313287896531376,6.311648204803195,9.853587261126158,6.7068642179863405,0.6,2.4,1.0,0.13734886919632028,0.4,8.602325267042627,34.0,12.0,0.06656224727630615,0.8067599892616272,0.48957802951335905,3809.8,0.42160696983337403,0.000285649299621582,0.00045326930703595283,1.0702354192733765,0.006257949494645263,3.8391168982254738,0.8900673894995006,0.5997598198303361,10.333960978387733,False,False,False
9nmx_chainA,4514,24,0.003304682206362486,Cryptic,0.6710993647575378,0.6817136406898499,119.0,1,3,-46.16059518446172,2.591317553176366,10.370500144272352,3.809699716319393,5.9625365931855105,10.073890850139337,6.957329127282391,1.0,2.0,2.0,0.4494571883453866,0.0,10.801234497346433,-25.0,16.666666666666668,0.049918293952941895,0.8149400750796,0.46010802189509076,4773.333333333333,0.4515144129594167,0.00041802724202473957,0.0006564971408806741,1.0577885905901592,0.0103419000515469,3.8530319178657715,1.0113741776971972,0.6847694099581281,30.177905158063453,False,False,False
9nmx_chainA,4014,27,0.006422535050660372,Cryptic,0.8193560838699341,0.6488892436027527,200.0,1,3,-25.4167473617108,4.289930020176293,-16.35924780553553,4.506584031625037,7.195224934804477,10.67942468973032,7.7609366891896725,1.0,2.0,2.0,0.7361689248402157,0.0,13.123346456686352,33.333333333333336,20.0,0.14474165439605713,0.7974646290143331,0.29544491072495777,2281.3333333333335,0.37388073404630023,0.0003954768180847168,0.0005571506238387277,0.9965633551279703,0.01544143428065145,3.844337477390732,0.853049105578199,0.6836547503508362,20.88613659036997,False,False,False
9nmx_chainD,505,2,0.0,Cryptic,0.7031404376029968,1.0,239.0,1,3,12.445593934656824,-25.74237003201735,36.74892530840015,3.819331177826887,7.523503050770369,8.527218770186805,6.0110742773768955,1.0,2.0,2.0,0.1815405553704396,0.3333333333333333,11.785113019775793,18.333333333333332,16.666666666666668,0.18325591087341309,0.6629496614138285,0.3973237822453181,3301.0,0.3600290020306905,0.0004330277442932129,0.0004984194286710893,0.9686224857966105,0.01362136572537418,3.82155410491715,1.000582019989041,0.6087268977695833,47.164249628633044,False,False,False
9nmx_chainD,2,3,0.00810576044023037,Cryptic,0.8016400933265686,0.5940975546836853,239.0,1,6,12.21389102099491,-26.901655249049206,36.52930834916475,4.11146085551689,6.409942463598861,10.312157790713151,6.091156060526684,0.4666666666666667,2.3333333333333335,2.0,-0.06531624366869135,0.6,14.553540997144149,29.166666666666668,18.333333333333332,0.15190202792485555,0.7543385922908783,0.3413274536530177,3069.3333333333335,0.38314083218574524,0.0004348953564961751,0.00069822962541366,0.9980991780757904,0.014659066639047808,,,0.45484379901924443,47.57698050552029,False,False,False
9nmx_chainD,3,4,0.0,Unknown,0.628083348274231,0.6514904499053955,98.0,1,4,6.529131119399143,-9.439767746973024,22.0606874945969,5.645817713270126,7.798690580168682,11.323880598106784,8.773062859937165,0.6666666666666666,2.0,1.0,0.06704160860212498,0.3333333333333333,12.99038105676658,-27.5,18.333333333333332,0.1395313342412313,0.8624389469623566,0.3811265155673027,1387.0,0.361510805785656,0.00045678019523620605,0.000641349412035197,0.8705607801675797,0.00941071216291102,3.842807641642996,0.6806467790503983,0.5074126250740315,25.518816647296816,False,False,False
9nmx_chainD,504,5,0.014118495397269726,Cryptic,0.835198700428009,0.5369736552238464,239.0,1,6,12.815916320139426,-26.151259016897107,34.744482790338175,4.771422082425842,7.7778319643069755,10.50953231760828,6.935488633465798,0.5333333333333333,2.6666666666666665,1.0,0.1003203180325316,0.4,12.583057392117917,35.0,15.333333333333334,0.06995579401652018,0.8180625240008036,0.3379542628924052,2505.0,0.3870931764443715,0.00043892860412597656,0.0006972691165477348,1.0005759100119274,0.014006994922582928,13.350050582412324,2.7979185978082692,0.6078570328182598,45.92591194673483,False,False,False
9nmx_chainD,1507,8,0.015406513586640358,Cryptic,0.5526803135871887,0.640897810459137,355.0,1,3,5.377706949683528,-9.589268100445512,24.017863316873658,4.528321557140045,9.488375186282838,10.612692810787316,8.066985038629355,0.6666666666666666,1.3333333333333333,1.0,-0.18830243593839546,0.3333333333333333,9.428090415820632,-21.666666666666668,13.333333333333334,0.15668646494547525,0.8792382876078287,0.37465614080429077,1311.6666666666667,0.3655434151490529,0.0004558563232421875,0.0005351441213861108,0.8866370717684428,0.01087655522925052,,,0.46609743627180067,27.07368995964996,False,False,False
9nmx_chainD,1506,9,0.0181934405118227,Cryptic,0.5526803135871887,0.6812899708747864,355.0,1,3,5.368111328062029,-9.572001938084249,24.121376102815624,4.539579333073768,9.592775735938622,10.612692810787316,8.066985038629355,0.6666666666666666,1.3333333333333333,1.0,-0.18830243593839546,0.3333333333333333,9.428090415820632,-21.666666666666668,13.333333333333334,0.15668646494547525,0.8792382876078287,0.37465614080429077,1311.6666666666667,0.3655434151490529,0.0004558563232421875,0.0005351441213861108,0.8866370717684428,0.01087655522925052,3.851497220356643,0.848426018749358,0.4942432102522412,27.160035673536086,False,False,False
9nmx_chainD,4004,12,0.0,Unknown,0.47390255331993103,0.573103129863739,105.0,1,3,16.244767750799454,-22.750884053738044,27.183867023214926,4.496034904830933,6.441713521563075,12.720873186642073,8.536840871280564,0.6666666666666666,1.3333333333333333,1.0,0.7845489955987173,0.0,20.548046676563253,21.666666666666668,33.333333333333336,0.11997052033742268,0.8078228036562601,0.42299676934878033,4475.666666666667,0.4396174152692159,0.0004530946413675944,0.0007476866448996589,1.025102436542511,0.015581838683458566,3.8533192255468642,0.8570483341680736,0.6181989636195048,39.54945342889776,False,False,False
9nmx_chainD,4004,12,0.0,Unknown,0.47390255331993103,0.573103129863739,105.0,2,3,17.797361790486825,-21.91683150453036,26.510209549112215,5.8094295048585,8.407379175209817,15.329266770037162,10.346313472887028,0.6666666666666666,1.3333333333333333,1.0,-0.08946939729382801,0.3333333333333333,12.24744871391589,-30.0,20.0,0.0959020455678304,0.8427068193753561,0.4304351309935252,4588.666666666667,0.450064092874527,0.0004488031069437663,0.0006696253937358657,0.9796819488207499,0.015435188287765416,3.8533192255468642,0.6632870271210425,0.44649651407664875,39.27835569360661,False,False,False
9nmy_chainD,3,1,0.0010663446737453341,Unknown,0.5289034247398376,0.6836830973625183,104.0,1,3,19.107543021475458,-15.334170789822913,22.179493567137992,3.9251672322965256,5.846335482149235,9.460349648001698,6.408909949588554,1.0,2.0,2.0,0.49103012758448045,0.0,6.236095644623236,36.666666666666664,10.0,0.031880855560302734,0.8350027799606323,0.43766269087791443,4954.0,0.4590512116750081,0.0004367828369140625,0.0007361214181097845,1.002312421798706,0.011341918211961977,3.7758338097683963,0.9619548891320083,0.7416670904916859,33.19577711409101,False,False,False
9nmy_chainD,2,2,0.0011885147541761398,Unknown,0.5514755249023438,0.5563917756080627,87.0,1,3,12.465142965915698,-27.802332630988143,35.85669015504092,4.5426378803995116,5.95625597205999,10.1630348920191,7.625744695582955,0.6666666666666666,1.3333333333333333,1.0,0.0013899049979060514,0.3333333333333333,12.47219128924647,26.666666666666668,20.0,0.03825978438059489,0.8210655252138773,0.4460550770163536,3751.6666666666665,0.4228128393491109,0.00044582287470499676,0.0005818436426731447,1.0114973783493042,0.011962493636861691,16.343036261643327,3.5976973494101196,0.5853429636728409,47.26862426747356,False,False,False
9nmy_chainD,4001,9,0.0,Unknown,0.5833418369293213,0.5215360522270203,61.0,1,3,-21.413438946408302,-6.1101051783295794,-1.6595061505254083,8.240606232705007,15.130818178757032,17.96838967090599,12.750941801711889,0.6666666666666666,1.3333333333333333,1.0,-0.0012444884121792972,0.3333333333333333,16.99673171197595,-13.333333333333334,26.666666666666668,0.04724661509195963,0.8655843337376913,0.30332525571187335,2313.6666666666665,0.4036642909049988,0.0004717707633972168,0.0005422031827038154,1.1064074039459229,0.0086346595043944,3.8599375465282866,0.4684045612092363,0.39779910115706596,22.502853577207354,False,False,False
9nr0_chainA,2,1,0.060135941952466965,ActiveSite,0.6071255803108215,0.5984696745872498,1212.0,1,8,-36.318333509135726,18.54628990057603,-2.8032404045847965,6.54684013253989,11.326341283165089,17.651713303481277,9.18591270353828,0.5714285714285714,4.0,1.0,0.20024075666735522,0.35714285714285715,12.854352375751958,34.375,16.607142857142858,0.08536420975412641,0.8486736416816711,0.32425824366509914,3913.75,0.4362463466823101,0.0004072263836860657,0.0006257966779230628,1.0310777723789215,0.01010349745166198,,,0.49431451678420213,18.38453483511213,False,False,False
9nr0_chainA,3,5,0.0,Unknown,0.5581868290901184,0.6087486147880554,73.0,1,3,-40.311080941511825,-6.981941103132187,16.28640110056125,2.911212135943894,4.741425584467651,7.148984299179931,4.946485453330829,1.0,2.0,2.0,0.37291211578761535,0.3333333333333333,10.274023338281628,36.666666666666664,16.666666666666668,0.020963668823242188,0.8582580288251241,0.3667355825503667,3866.0,0.4348475436369578,0.00044208765029907227,0.0006790451589040458,0.9785757660865784,0.006528961846002057,5.0898626914135106,1.7483654415184826,0.7142216909305024,20.21711072815844,False,False,False
9nr0_chainA,3,5,0.0,Unknown,0.5581868290901184,0.6087486147880554,73.0,2,3,-45.47117766065719,-2.5647490371844532,7.7957358587381815,4.826373964848023,7.122700685241657,9.584343595518158,6.930210119529167,0.6666666666666666,1.3333333333333333,1.0,0.2628134144746091,0.3333333333333333,6.236095644623236,-38.333333333333336,10.0,0.07137906551361084,0.8834482828776041,0.19179687649011612,2581.6666666666665,0.40839511156082153,0.00039176146189371747,0.0005352801332871119,1.005361835161845,0.010228734219270319,3.895133248960868,0.8070516866969552,0.6464385174572387,16.362938118277036,False,False,False
9nr0_chainA,4,6,0.0,Unknown,0.494550883769989,0.8436943888664246,65.0,1,3,-37.33502486707232,12.334493355516063,25.013726544734272,2.8909585849430646,3.408268610844821,5.601673927645238,4.979792268551112,1.0,2.0,2.0,0.597534536317795,0.0,8.498365855987975,18.333333333333332,13.333333333333334,0.04873299598693848,0.8854848345120748,0.5433262884616852,1212.6666666666667,0.37474843859672546,0.00046324729919433594,0.0010098049145502348,1.0347265601158142,0.013554030586255358,16.058253061798435,5.554646526392453,0.8435043347220712,13.318046720556008,False,False,False
9nr0_chainA,506,7,0.12111455202102661,Cryptic,0.6936384439468384,0.5329245328903198,1212.0,1,10,-37.3402255772519,17.293881405923397,-2.581494306175335,7.571816841727598,13.845818717414943,19.215888091028848,9.7482163053078,0.4666666666666667,4.2,1.0,0.06834790027675626,0.4444444444444444,11.135528725660043,36.0,14.0,0.0695412900712755,0.8491883635520935,0.3008537381887436,4014.7,0.4374676913022995,0.0003955245018005371,0.0005347836078726687,1.0085548758506775,0.007855602765733416,3.870129300770163,0.5111229420450625,0.4768575076457077,17.453926613541842,False,False,False
9nr0_chainA,1,8,0.039809294044971466,ActiveSite,0.8271401524543762,0.5526964068412781,575.0,1,5,-36.38225295184444,9.604104336933394,25.388883619174116,4.913416196286471,9.257884629344197,15.188062954064254,7.959943543176531,0.8,3.2,2.0,0.6893200031349812,0.0,9.273618495495704,22.0,13.0,0.04683455228805542,0.8953217506408692,0.41296142488718035,1101.2,0.37629778385162355,0.0004603743553161621,0.0009153499966487288,1.0600868821144105,0.01460235579318942,3.88143591227844,0.7899668493810894,0.6918986142886085,14.4422701606069,False,False,False
9nr0_chainA,1512,9,0.03532703220844269,Cryptic,0.6936384439468384,0.5596508383750916,404.0,1,4,-40.20580634152945,11.204801143218386,-1.511660691904298,5.4297856175334696,10.124342337447597,13.724101563782511,8.883007375623537,0.5,1.5,1.0,0.22908035988425524,0.16666666666666666,14.306903927824496,26.25,20.833333333333332,0.030112306276957195,0.8432198762893677,0.24428360536694527,5669.75,0.48427944630384445,0.0004129558801651001,0.0004949973845214117,1.0566855520009995,0.009886085409956783,3.829488546548682,0.7052743545127778,0.5257933726502086,15.083603777392764,False,False,False
9nr0_chainA,4512,10,0.03037882409989834,ActiveSite,0.6936384439468384,0.5599032044410706,404.0,1,4,-38.69384211410478,13.794009465715348,-2.0723473144917572,6.565356492962845,13.609244481306664,15.925894779208337,9.642257457124524,0.5,1.5,1.0,0.15723190328436584,0.3333333333333333,10.307764064044152,37.5,15.0,0.03657815853754679,0.8335210978984833,0.23846953734755516,4712.0,0.4504494369029999,0.00041237473487854004,0.0005189322437217925,0.9847675114870071,0.00899469515891796,12.345498984690934,1.8804004013984013,0.5613082461696134,15.963525789614062,False,False,False
9nr0_chainA,1510,11,0.014888402074575424,Cryptic,0.6936384439468384,0.5894176959991455,404.0,1,5,-36.52850709882181,18.00329600936397,0.5247540985760033,5.646932434444666,8.627433159825177,13.541370139345695,7.7091431801933314,0.7,2.8,2.0,0.19476095406707547,0.4,10.198039027185569,39.0,14.0,0.0742566704750061,0.8552707433700562,0.28918269872665403,3202.8,0.4174587905406952,0.00036972761154174805,0.0006267293530981988,1.0188458919525147,0.00802651569903445,12.345498984690934,2.1862310427847405,0.6144899584599486,15.295203697370194,False,False,False
9nr0_chainA,1509,18,0.005893487483263016,Cryptic,0.8271401524543762,0.6848759055137634,191.6666717529297,1,4,-37.4133702241295,11.631828918757561,25.330022152004847,3.7256513445963897,6.357291808624436,10.394181508437592,6.15030787542089,1.0,3.0,3.0,0.703811179026987,0.0,7.39509972887452,18.75,10.833333333333334,0.038124680519104004,0.8833418786525726,0.43791606463491917,1211.0,0.37396353483200073,0.00046116113662719727,0.0009576329903211445,1.033825621008873,0.014342394732161621,12.332087550118606,3.310048743021759,0.826122357945359,13.605732056350167,False,False,False
9nr0_chainA,4507,19,0.0053767915815114975,Allosteric,0.8271401524543762,0.59223872423172,191.6666717529297,1,6,-33.9812600002445,5.123093395229133,25.689876553722588,6.268245052854659,10.298337685623757,17.915588650272387,9.310100604783532,0.6,3.0,2.0,0.5645479096764008,0.0,9.574271077563381,20.0,12.666666666666666,0.055923112233479816,0.8744831681251526,0.40609626347819966,1248.1666666666667,0.3752312312523524,0.00046503543853759766,0.0007940598976953576,1.0768747627735138,0.013194764601217145,3.88143591227844,0.6192221075515821,0.6479579226751855,17.427068943371395,False,False,False
9nr0_chainA,4000,20,0.014419332146644592,Cryptic,0.7431386113166809,0.5860713124275208,210.0,1,7,-50.1556989340457,9.799618686090335,12.219370863732495,6.574404151739323,9.936757031442973,14.987233317606414,9.684231009345202,0.5238095238095238,3.142857142857143,1.0,0.20083517699501496,0.3333333333333333,15.551100755055174,22.857142857142858,19.047619047619047,0.07343363761901855,0.8041515946388245,0.5158606150320598,3592.1428571428573,0.41911162223134724,0.0003751346043178013,0.000724417602344017,1.1130403876304626,0.008694928826507785,3.8568227792348493,0.586642179309054,0.49424621271450686,7.452330853674604,False,False,False
9nr0_chainA,1508,21,0.0,Cryptic,0.8271401524543762,1.0,191.6666717529297,1,5,-36.606035571297205,9.831692572785167,25.472682076890436,4.901547919344703,9.548002743224353,15.188062954064254,7.95994354317653,0.8,3.2,2.0,0.6893200031349813,0.0,9.273618495495704,22.0,13.0,0.04683455228805542,0.8953217506408692,0.41296142488718035,1101.2,0.37629778385162355,0.0004603743553161621,0.0009153499966487288,1.0600868821144105,0.014602355793189423,3.88143591227844,0.791879621733323,0.6921047926903175,14.35875863013326,False,False,False
9nr0_chainA,3517,22,0.01853286102414131,Cryptic,0.7431386113166809,0.6334259510040283,210.0,1,7,-47.7451758351736,13.608412630472372,7.388935939428917,4.4559592150294955,8.870065509703736,14.328245624548748,6.8766296732453585,0.38095238095238093,2.2857142857142856,1.0,0.10062051574992582,0.3333333333333333,25.694436783721354,19.285714285714285,33.80952380952381,0.07220301741645449,0.8504998173032489,0.4780452144997461,2556.714285714286,0.3985212871006557,0.00035199097224644253,0.0005229006513088409,1.024696980203901,0.003659075912370997,3.860598413193467,0.8663899795518915,0.4626816920012358,7.281942063268708,False,False,False
9nr0_chainA,4006,23,0.011478547006845474,Cryptic,0.6526011824607849,0.6199528574943542,219.0,1,9,-24.458837739987068,-2.596169679871554,21.91754126615764,5.275983288219946,10.21510971617449,14.957783159464963,7.842297006398163,0.25,2.0,1.0,-0.04376853304342095,0.5277777777777778,20.10773452317095,28.88888888888889,24.444444444444443,0.15563676754633585,0.8019118044111464,0.3232678886916902,2610.6666666666665,0.3847210307916005,0.0004654526710510254,0.0006011260265950114,0.9886224402321709,0.011609701408392407,3.830028056053427,0.725936350974613,0.4155610481168607,25.891689659574666,False,False,False
9nr0_chainB,7,1,0.0077375490218400955,Allosteric,0.5670418739318848,0.5857018828392029,175.0,1,5,-20.956125524767817,45.248460960165325,20.193627296523566,5.179475415106589,7.354936779018497,14.398068556445436,7.929918780410851,0.8,3.2,2.0,0.5284843422423939,0.0,12.806248474865697,34.0,18.0,0.051772689819335936,0.8994191527366638,0.3404317796230316,1182.0,0.3812297165393829,0.000448763370513916,0.0007583946804516018,1.0854222059249878,0.013687558921014194,3.828120094019513,0.7390941721345603,0.6356142137198422,10.443881777505398,False,False,False
9nr0_chainB,508,2,0.0,Cryptic,0.6255750060081482,0.5200850367546082,66.0,1,14,-33.84845111937017,59.74172181424093,12.317866376939598,7.571620244173344,14.548174620224863,20.107388028801388,10.670307307652278,0.3076923076923077,4.0,1.0,-0.01384152691317826,0.5274725274725275,9.20985497016259,37.5,11.153846153846153,0.09200300227154742,0.8390270130974906,0.47660522162914276,2510.6428571428573,0.3985456313405718,0.0004582362515585763,0.0005907368405522513,1.0715297545705522,0.012897250675174337,3.8187304037620313,0.504347851663677,0.46694486891069314,25.687528845825312,False,False,False
9nr0_chainB,6,3,0.0,Unknown,0.47936272621154785,0.5700610280036926,58.0,1,7,-20.357176969173754,33.18265175319027,-4.732873723021507,5.6342119951071075,9.641290627572948,12.278340921797549,7.231307820932921,0.38095238095238093,2.2857142857142856,1.0,0.10897444852238398,0.42857142857142855,24.70230923684369,14.285714285714286,31.904761904761905,0.09019176732926142,0.8281510983194623,0.3589776466999735,4366.714285714285,0.44799179690224783,0.00038555690220424106,0.0005639824958052486,1.119282501084464,0.008587900381292533,3.8531586748329607,0.6838859947369998,0.4540389621474156,18.943021604258973,False,False,False
9nr0_chainB,5,4,0.0033299459610134363,Unknown,0.5008711218833923,0.6020925641059875,94.0,1,4,-25.619022773256617,46.694817734470256,19.0918945296922,4.694145517108612,6.42278698775647,11.589734486998148,7.431379784845899,0.5,1.5,1.0,-0.2738264724314757,0.6666666666666666,7.5,42.5,10.0,0.0413725475470225,0.8883870095014572,0.19507382065057755,1338.5,0.38022465258836746,0.00045205652713775635,0.0004996544375899248,1.0556174665689468,0.017599508535372215,3.871651556983825,0.8247830287478163,0.4970752898289114,13.152919278845209,False,False,False
9nr0_chainB,1,5,0.0,Unknown,0.5312714576721191,0.5727500915527344,63.0,1,5,-31.557002901150287,62.2274173619336,8.612145675665356,3.821264174702121,5.27450837237501,9.21642687045229,5.728692751838669,0.8,3.2,2.0,0.34246268753820636,0.3,10.295630140987,38.0,14.0,0.09684699773788452,0.7724645495414734,0.5003789067268372,3490.8,0.40416377782821655,0.0004682302474975586,0.0006328919029328972,1.05206241607666,0.01374222350229749,,,0.6271801141233847,26.318896196550835,False,False,False
9nr0_chainB,3,6,0.0,Unknown,0.5206393599510193,0.6138181090354919,61.0,1,4,-24.74326531385572,21.834585432870522,1.9221690418048025,5.275342317662343,7.978389932708484,10.905972146745519,8.405468965128826,0.6666666666666666,2.0,1.0,3.783005920365845e-05,0.5,12.5,27.5,18.333333333333332,0.10512141386667888,0.8974940776824951,0.2587929554283619,2919.5,0.43098846822977066,0.00047366321086883545,0.0005962358482065611,1.1243371069431305,0.014817842378836071,3.8435495416558556,0.7285877029794426,0.5011539122855462,23.432322885248052,False,False,False
9nr0_chainB,3,6,0.0,Unknown,0.5206393599510193,0.6138181090354919,61.0,2,4,-22.46534624903562,27.462636752867006,3.6025762451833776,5.406688956981628,6.286288317824209,9.912768055858312,7.256630190892381,0.8333333333333334,2.5,2.0,0.2944631783831136,0.16666666666666666,9.354143466934854,-40.0,13.333333333333334,0.050554116566975914,0.8371836543083191,0.4898454025387764,2853.0,0.4085696265101433,0.00046490132808685303,0.0004299003994674422,1.0888761579990387,0.010199134929994167,3.8862243708742086,0.7187808290425045,0.62466072990953,17.260489088804878,False,False,False
9nr0_chainB,2,7,0.13691280782222748,ActiveSite,0.6067577600479126,0.5202417969703674,1097.0,1,3,-15.327996223080186,40.807367523978435,-3.1641884888979455,2.8645249918044957,3.9026847623430507,6.701191865492545,4.7979424752491555,0.6666666666666666,1.3333333333333333,1.0,0.4556301348486414,0.0,15.456030825826172,-36.666666666666664,23.333333333333332,0.12478597958882649,0.7852364381154379,0.40833451350529987,6258.666666666667,0.47586195667584735,0.0004737377166748047,0.0006242888824393352,0.9365670283635458,0.010647544913683943,3.8531586748329607,1.3451300602567546,0.6642091389360059,15.082084377237381,False,False,False
9nr0_chainB,4,8,0.009486878290772438,ActiveSite,0.7298888564109802,0.507169783115387,480.0,1,5,-9.977982899437203,56.18700622788053,7.603598010390319,6.3433056079036,10.398993213709407,15.254845902163556,9.81278536741677,0.4,1.6,1.0,-0.023944339619990006,0.5,5.830951894845301,36.0,8.0,0.11752759218215943,0.8468405961990356,0.32278199940919877,2674.0,0.3940819978713989,0.000394904613494873,0.0004743336292449385,0.9170127987861634,0.007995469330141605,3.065041951783759,0.483193171075471,0.5119300966284659,16.750624164061612,False,False,False
9nr0_chainB,3511,9,0.05853477865457535,Cryptic,0.6067577600479126,0.615142822265625,1097.0,1,3,-22.295436690235416,30.54528127705554,-4.073867209014485,4.347124643610956,6.276318298787809,9.05411433795823,7.115449628633954,1.0,2.0,2.0,0.5877600581382892,0.0,8.498365855987975,-18.333333333333332,13.333333333333334,0.11400572458902995,0.8350032766660055,0.34485556930303574,5550.666666666667,0.4776952068010966,0.00047592322031656903,0.000772562634665519,1.0290271242459614,0.009855246142433488,3.847191279448226,0.8849967725453903,0.7394549653751855,20.171108899021704,False,False,False
9nr0_chainB,4002,10,0.08059949427843094,ActiveSite,0.6067577600479126,0.504737377166748,1097.0,1,4,-14.287700973118554,42.47848850362939,-2.355480950112194,3.562902760325662,5.282893370233871,10.153185486254575,5.8567939605539285,0.8333333333333334,2.5,2.0,0.47721160306161486,0.0,13.693063937629153,-35.0,20.0,0.0975375771522522,0.79953733086586,0.37926504760980606,6264.0,0.47949404269456863,0.0004740804433822632,0.0005926306621404365,0.9244829416275024,0.011621670297181742,3.8531586748329607,1.0814661342261185,0.6644303757558948,14.41997287745775,False,False,False
9nr0_chainB,3510,13,0.015325712040066719,Cryptic,0.7298888564109802,0.5907593369483948,480.0,1,3,-27.07062152476287,56.00980883234176,21.833960915450422,3.839625014422104,5.77565325387598,10.095037950760176,6.929003282517946,1.0,2.0,2.0,0.26931800746279605,0.3333333333333333,2.3570226039551585,28.333333333333332,3.3333333333333335,0.09399537245432536,0.9367459019025167,0.4531238029400508,798.6666666666666,0.38693783680597943,0.00044272343317667645,0.000750523565026621,1.1612568298975627,0.013339597777048004,3.8645536296544307,1.006492460888418,0.7193279805856567,20.954326486325094,False,False,False
9nr0_chainB,4008,14,0.0021677566692233086,Unknown,0.6270703077316284,0.5651964545249939,79.0,1,3,-6.624614134122773,44.162209466706166,9.607661323750662,4.421482603853466,6.606898588457185,8.316243702401515,6.228477157798619,1.0,2.0,2.0,0.7517304975663137,0.0,4.08248290463863,15.0,6.666666666666667,0.0956871509552002,0.8323780496915182,0.31880440190434456,2169.6666666666665,0.38726552327473956,0.0002504587173461914,0.00032406994432676584,1.1188835104306538,0.004771588669813083,3.8566332987230445,0.8722488912117087,0.7870459861857413,10.176164845797631,False,False,False
9nr0_chainB,4006,15,0.0,Unknown,0.47936272621154785,0.6495619416236877,58.0,1,8,-20.902324883735655,30.765629324816473,-3.606950961419366,6.128284619580571,8.59838930012358,12.278340921797549,8.090817756602707,0.4642857142857143,3.25,1.0,0.17325241404738217,0.39285714285714285,26.22022120425379,0.0,33.92857142857143,0.087973524417196,0.8268969878554344,0.44493431504815817,4739.5,0.45915430784225464,0.0004047602415084839,0.0005929071885475423,1.1355017572641373,0.008896274707366881,,,0.44699570199950855,19.291823487134735,False,False,False
9nr0_chainB,4508,16,0.0,Cryptic,0.6255750060081482,0.560096800327301,66.0,1,8,-33.673726390024044,60.904476498850556,12.157190786043097,5.999366085961325,12.168684007983963,15.275953730587318,8.767665725251344,0.39285714285714285,2.75,2.0,-0.08096828845068596,0.5357142857142857,8.569568250501305,41.25,10.357142857142858,0.1074496933392116,0.8391644656658173,0.540575597435236,2966.375,0.4098036028444767,0.0004681423306465149,0.0006212523621798027,1.051077090203762,0.013633134215873387,3.8187304037620313,0.6365223173658232,0.4842149114218523,26.420706294187504,False,False,False
9nr0_chainB,4007,17,0.003548916894942522,Allosteric,0.5670418739318848,0.5765748620033264,175.0,1,3,-18.953746720676666,42.85987510607422,19.76929331109096,4.237359192898079,6.482073852740446,10.821587617134773,7.497411950238141,0.6666666666666666,1.3333333333333333,1.0,0.46851202454479446,0.0,14.337208778404378,33.333333333333336,23.333333333333332,0.02249590555826823,0.92827840646108,0.2642804980278015,925.0,0.3800762395064036,0.0004565119743347168,0.0007363300343664984,1.0416755676269531,0.011141554039267547,3.828120094019513,0.9034211922452877,0.6207031808374063,8.546057371840032,False,False,False
9nxe_chainA,4,1,0.1002068743109703,ActiveSite,0.6662980914115906,0.7564861178398132,1575.0,1,3,18.619048759281856,18.06483453423511,-11.804212278320174,3.2825088161992393,4.533111481542672,7.347098575892676,5.424755676624823,0.6666666666666666,1.3333333333333333,1.0,-0.14107387347296968,0.3333333333333333,4.08248290463863,35.0,6.666666666666667,0.08561249574025472,0.8370654582977295,0.3849816521008809,2995.6666666666665,0.40531279643376666,0.00047705570856730145,0.000978947093244642,0.9786353905995687,0.020150911640009816,6.9794525312003435,2.126255532584291,0.6309286684627138,24.27586515280416,False,False,False
9nxe_chainA,518,3,0.0766458585858345,Cryptic,0.6412981152534485,0.7969226837158203,1575.0,1,3,18.506715951387832,17.932246995181433,-11.779768888057509,3.241508336243944,4.365959213612222,7.347098575892676,5.424755676624823,0.6666666666666666,1.3333333333333333,1.0,-0.14107387347296968,0.3333333333333333,4.08248290463863,35.0,6.666666666666667,0.08561249574025472,0.8370654582977295,0.3849816521008809,2995.6666666666665,0.40531279643376666,0.00047705570856730145,0.000978947093244642,0.9786353905995687,0.020150911640009816,6.9794525312003435,2.153149647391527,0.632317144715752,24.224642725485587,False,False,False
9nxe_chainA,0,4,0.0,ActiveSite,0.667780876159668,0.9067985415458679,1533.0,1,3,16.616433431193382,2.5801147801951427,-35.608555971877465,6.326790571925396,6.710896767561606,11.277149110317609,10.906702789526085,0.6666666666666666,1.3333333333333333,1.0,0.44749829991149664,0.3333333333333333,2.357022603955158,-43.333333333333336,3.3333333333333335,0.021990299224853516,0.8648043076197306,0.29825899998346966,2848.0,0.4139043390750885,0.0004660288492838542,0.000619698102430751,1.046110987663269,0.011955871792066003,3.845428682506867,0.6078008492284596,0.7077914190683966,4.379221366923255,False,False,True
9nxe_chainA,14,5,0.01332537829875946,Cryptic,0.7880186438560486,0.9424121975898743,560.0,1,3,36.09407848946549,-4.389323787919425,-20.083787925652615,4.631541021287854,8.342607510084479,10.087448379557895,6.934770729062291,0.6666666666666666,1.3333333333333333,1.0,0.6039537775232269,0.0,14.719601443879744,35.0,23.333333333333332,0.2212465206782023,0.6845312317212423,0.5818969408671061,4272.666666666667,0.39481568336486816,0.00044669707616170246,0.0007280037777187923,0.9924000898996989,0.012222136415573676,3.857881665648106,0.8329585440172518,0.6540512784575189,24.12823039245152,False,False,False
9nxe_chainA,519,15,0.002027984941378236,Cryptic,0.5592681169509888,0.8995216488838196,145.0,1,4,31.45736351853287,-9.064749968760658,-32.79777481486939,4.805821449314507,9.00917057896686,13.23326180072748,8.08800697452962,0.5,1.5,1.0,-0.13759222782465705,0.8333333333333334,14.577379737113251,-30.0,21.666666666666668,0.08181238174438477,0.8528181910514832,0.3792327679693699,4339.5,0.44664139300584793,0.00047735869884490967,0.0005957641515124124,0.9784539490938187,0.012225303904698955,3.8496488061974357,0.8010386667083818,0.4339818551930107,19.848443013528723,False,False,False
9nxe_chainA,1524,20,0.011001242324709892,Cryptic,0.667780876159668,0.9927060604095459,511.0,1,4,16.186631934638672,1.5122433664824417,-35.74991930893006,6.005753799153534,7.251928038812437,11.277149110317609,9.721886312373327,0.8333333333333334,2.5,2.0,0.5601168972176077,0.16666666666666666,3.5355339059327378,-45.0,5.0,0.05061043302218119,0.8846119493246078,0.255269642919302,2254.5,0.40038110315799713,0.000461578369140625,0.0007242994761327282,0.9977590590715408,0.014300399556836312,3.845428682506867,0.6402907630094413,0.7380601780770878,5.338585077035487,False,False,False
9nxe_chainA,3531,23,0.05504396930336952,Cryptic,0.667780876159668,0.8093686103820801,1533.0,1,3,16.62520435961679,2.5781296719771207,-35.608066960011456,6.3261708319254355,6.703265087166021,11.277149110317609,10.906702789526085,0.6666666666666666,1.3333333333333333,1.0,0.44749829991149664,0.3333333333333333,2.357022603955158,-43.333333333333336,3.3333333333333335,0.021990299224853516,0.8648043076197306,0.29825899998346966,2848.0,0.4139043390750885,0.0004660288492838542,0.000619698102430751,1.046110987663269,0.011955871792066003,3.845428682506867,0.6078603921191409,0.7078008407114188,4.377652891357088,False,False,True
9nxe_chainA,4521,25,0.012427055276930332,ActiveSite,0.6662980914115906,0.9882294535636902,525.0,1,3,18.204928130741806,17.51372024070616,-11.693096858199446,3.141547518718198,3.858881671302095,7.347098575892676,5.424755676624823,0.6666666666666666,1.3333333333333333,1.0,-0.14107387347296965,0.3333333333333333,4.08248290463863,35.0,6.666666666666667,0.08561249574025472,0.8370654582977295,0.3849816521008809,2995.6666666666665,0.40531279643376666,0.00047705570856730145,0.000978947093244642,0.9786353905995687,0.020150911640009816,6.9794525312003435,2.221660659154401,0.6358003749181567,24.079532780717965,False,False,False
9nxe_chainA,3530,26,0.08884473890066147,Cryptic,0.6662980914115906,0.7899745106697083,1575.0,1,3,18.20501460984552,17.51517034147509,-11.693569973917812,3.1416311400002015,3.860340148569873,7.347098575892676,5.424755676624823,0.6666666666666666,1.3333333333333333,1.0,-0.14107387347296968,0.3333333333333333,4.08248290463863,35.0,6.666666666666667,0.08561249574025472,0.8370654582977295,0.3849816521008809,2995.6666666666665,0.40531279643376666,0.00047705570856730145,0.000978947093244642,0.9786353905995687,0.020150911640009816,6.9794525312003435,2.2216015248689875,0.6357974003199255,24.07985470286924,False,False,False
9nxe_chainA,1528,27,0.01568979024887085,Cryptic,0.6412981152534485,0.8344883918762207,525.0,1,3,18.19798926030609,17.508834005622578,-11.692700379458353,3.1398490241560437,3.8519536616097856,7.347098575892676,5.424755676624823,0.6666666666666666,1.3333333333333333,1.0,-0.14107387347296968,0.3333333333333333,4.08248290463863,35.0,6.666666666666667,0.08561249574025472,0.8370654582977295,0.3849816521008809,2995.6666666666665,0.40531279643376666,0.00047705570856730145,0.000978947093244642,0.9786353905995687,0.020150911640009816,6.9794525312003435,2.2228624616995214,0.6358608169377398,24.077321861190295,False,False,False
9nxe_chainA,3532,35,0.006890785414725542,Cryptic,0.7880186438560486,0.9715843200683594,560.0,1,3,36.57378131854193,-5.04671774909151,-21.119440742280887,3.0222773997738863,5.07364224056362,5.766044048477924,5.032591756025432,0.6666666666666666,1.3333333333333333,1.0,0.5564088608891196,0.0,10.274023338281626,28.333333333333332,16.666666666666668,0.23437933127085367,0.7020767132441202,0.46803706884384155,3875.3333333333335,0.3919980426629384,0.000462194283803304,0.0005796117766294628,1.030455966790517,0.009883900698390943,3.8531643229871055,1.274920800875321,0.7392481612732442,24.2598979190068,False,False,False
9nxe_chainA,4526,36,0.004293251782655716,Allosteric,0.7880186438560486,0.9142693877220154,186.6666717529297,1,4,34.17312596560821,-5.031941189174936,-26.16438645709242,6.38765284415156,11.693085076495848,15.015621753619097,9.386892055305987,0.6666666666666666,2.0,1.0,0.4675350464789419,0.3333333333333333,7.39509972887452,-18.75,10.833333333333334,0.17929174502690634,0.8003749847412109,0.35332294553518295,3641.25,0.4172107130289078,0.0004612058401107788,0.0008007156720850617,1.061952605843544,0.011090279002693566,3.835885186115832,0.6005156009108903,0.6453837089054271,20.366703014208856,False,False,False
9nxn_chainB,507,1,0.006962402258068323,Cryptic,0.7716158032417297,0.4743025600910187,354.0,1,4,10.666755044374966,-39.417379627990655,36.68098065281633,4.326796987036581,5.1416527813047,8.755235480336127,6.654129454988442,0.8333333333333334,2.5,2.0,0.13378788425882598,0.5,11.388041973930374,21.25,15.833333333333334,0.017978588740030926,0.8343694508075714,0.4180144891142845,4785.75,0.45294006913900375,0.00045487284660339355,0.0007624129502801225,0.9782128781080246,0.013246824895791353,3.83133704824563,0.8854903661356455,0.585799945643064,19.93187219316519,False,False,False
9nxn_chainB,507,1,0.006962402258068323,Cryptic,0.7716158032417297,0.4743025600910187,354.0,2,3,7.437896768058612,-29.190599193248573,38.82109939785094,5.005565371425494,10.356296870059701,13.459358326610973,9.382097398239083,0.6666666666666666,1.3333333333333333,1.0,0.19678643720565045,0.3333333333333333,6.236095644623236,-38.333333333333336,10.0,0.1675569216410319,0.8702564636866251,0.4701327383518219,2846.0,0.40585018197695416,0.0004450281461079915,0.0006070365877045939,0.9063261349995931,0.012213272434161301,3.83133704824563,0.7654154453994345,0.6096854329690963,17.37482519590874,False,False,False
9nxn_chainB,1,2,0.0,Unknown,0.4540725350379944,0.5373905301094055,58.0,1,4,-6.426336935445926,-20.87501259967288,32.88263183180337,2.9425328996004265,3.5400732102298176,5.738614009918091,4.759936893590766,0.6666666666666666,2.0,1.0,-0.006979883367505713,0.3333333333333333,8.2915619758885,42.5,11.666666666666666,0.07423508167266846,0.9112753570079803,0.4330415800213814,1410.5,0.3837412968277931,0.0004801154136657715,0.0005351010149752256,0.9695497751235962,0.014755893033400526,3.8908415184687546,1.3222763011407965,0.6128289546731972,32.38015919096107,False,False,False
9nxn_chainB,2,4,0.09657642990350723,ActiveSite,0.5044828653335571,0.5252415537834167,1677.0,1,3,10.14945139625422,-24.825428311285954,41.452125484970615,6.2936125541434,10.467229864390973,12.054162695717121,8.58003905504458,0.6666666666666666,1.3333333333333333,1.0,0.3820025740862479,0.0,14.142135623730951,20.0,20.0,0.148472269376119,0.8695361018180847,0.2851542880137761,3762.6666666666665,0.4352293113867442,0.0004278222719828288,0.000488619446211184,0.9793171485265096,0.010783903382598672,3.8923855210391585,0.6184660221062713,0.5714737186802071,14.85750631849325,False,False,False
9nxn_chainB,5,5,0.007554285228252411,Cryptic,0.7545499801635742,0.523149311542511,380.0,1,4,19.865278533777012,-44.32743076669367,45.27545952321575,4.678031496107483,10.169426708716736,11.611445922626622,6.898108545893283,0.6666666666666666,2.0,2.0,0.2740848663432037,0.16666666666666666,12.747548783981962,30.0,18.333333333333332,0.05050961176554362,0.8336131870746613,0.34302767738699913,4881.75,0.4617977440357208,0.0004755258560180664,0.0006853589729871601,1.0706781148910522,0.01478467319076509,3.715685267303915,0.7942839355390572,0.5824593755901449,16.392014596838067,False,False,False
9nxn_chainB,1509,9,0.01981194131076336,Cryptic,0.5044828653335571,0.5666950345039368,559.0,1,3,14.795373838875307,-20.662561560836885,38.9220406730154,4.0154726674346115,7.229846960268154,8.990291625560817,7.188504777190694,1.0,2.0,2.0,0.19721493643054433,0.3333333333333333,2.357022603955158,48.333333333333336,3.3333333333333335,0.056125760078430176,0.8673676252365112,0.2246775527795156,3214.0,0.42402950922648114,0.0004754066467285156,0.0008162490654891977,1.0343269904454548,0.017782072193908247,3.8277489272254237,0.9532499021269344,0.7013867366535225,17.791676135476163,False,False,False
9nxn_chainB,1509,9,0.01981194131076336,Cryptic,0.5044828653335571,0.5666950345039368,559.0,2,3,10.128085185714257,-24.8590884038148,41.459332392936794,6.29148986059597,10.45145957340735,12.054162695717121,8.58003905504458,0.6666666666666666,1.3333333333333333,1.0,0.3820025740862479,0.0,14.142135623730951,20.0,20.0,0.148472269376119,0.8695361018180847,0.2851542880137761,3762.6666666666665,0.4352293113867442,0.0004278222719828288,0.000488619446211184,0.9793171485265096,0.010783903382598672,3.8923855210391585,0.6186746871225899,0.5715061465033203,14.847716752219451,False,False,False
9nxn_chainB,4002,10,0.07854431867599487,ActiveSite,0.5044828653335571,0.5089572668075562,1677.0,1,3,10.116258152042754,-24.85362685070092,41.45412032509296,6.287077053491179,10.438246537902033,12.054162695717121,8.58003905504458,0.6666666666666666,1.3333333333333333,1.0,0.3820025740862479,0.0,14.142135623730951,20.0,20.0,0.148472269376119,0.8695361018180847,0.2851542880137761,3762.6666666666665,0.4352293113867442,0.0004278222719828288,0.000488619446211184,0.9793171485265096,0.010783903382598672,3.8923855210391585,0.6191089258048362,0.5715735748113194,14.859159407051905,False,False,False
9nxn_chainB,3512,11,0.09267430752515793,Cryptic,0.5044828653335571,0.5519829392433167,1677.0,1,3,10.262981821308957,-24.877702394389157,41.502099039291956,6.335865815918347,10.593982662467981,12.054162695717121,8.58003905504458,0.6666666666666666,1.3333333333333333,1.0,0.3820025740862479,0.0,14.142135623730951,20.0,20.0,0.148472269376119,0.8695361018180847,0.2851542880137761,3762.6666666666665,0.4352293113867442,0.0004278222719828288,0.000488619446211184,0.9793171485265096,0.010783903382598672,5.23488361331793,0.8262301894345222,0.5778921517831829,14.74809334614223,False,False,False
9nxn_chainB,1507,12,0.02562241442501545,Cryptic,0.5044828653335571,0.5315528512001038,559.0,1,3,10.056153298372715,-24.79400711127042,41.41546375110085,6.260445250309746,10.365298894888491,12.054162695717121,8.58003905504458,0.6666666666666666,1.3333333333333333,1.0,0.3820025740862479,0.0,14.142135623730951,20.0,20.0,0.148472269376119,0.8695361018180847,0.2851542880137761,3762.6666666666665,0.4352293113867442,0.0004278222719828288,0.000488619446211184,0.9793171485265096,0.010783903382598672,3.8923855210391585,0.6217426022289031,0.5719809456636322,14.939652933725661,False,False,False
9nxn_chainB,4507,13,0.010544049553573132,Cryptic,0.7716158032417297,0.5283746123313904,354.0,1,3,7.376372281437843,-29.60085818765228,38.67630246241794,5.080405808773256,9.992186113888522,13.459358326610973,9.382097398239083,0.6666666666666666,1.3333333333333333,1.0,0.19678643720565045,0.3333333333333333,6.236095644623236,-38.333333333333336,10.0,0.1675569216410319,0.8702564636866251,0.4701327383518219,2846.0,0.40585018197695416,0.0004450281461079915,0.0006070365877045939,0.9063261349995931,0.012213272434161301,5.648424123200936,1.1118056973808628,0.6203336894536374,17.501666640659252,False,False,False
9nxn_chainB,4005,17,0.0036206513177603483,Cryptic,0.7545499801635742,0.5271989107131958,380.0,1,4,22.307861464880553,-39.488689037924246,52.97921185088187,6.087220490146082,9.453149400764053,14.700570991937308,8.80264766421868,0.5,1.5,1.0,0.291275396230856,0.16666666666666666,18.498310733685926,23.75,27.5,0.046164502700169883,0.8312613815069199,0.3430163152515888,5499.0,0.4769565910100937,0.00047872960567474365,0.0007595336064696312,1.0553096681833267,0.01508690593686065,3.715685267303915,0.6104075371212232,0.4984267773824967,10.634862454254758,False,False,False
9o9i_chainA,4,1,0.02992039918899536,Cryptic,0.66121506690979,0.5554456114768982,271.0,1,3,-18.505681991577145,27.901257197062176,-13.632961591084797,3.4493720043347706,4.581052101727233,8.02697159969368,5.992137463665121,0.6666666666666666,1.3333333333333333,1.0,0.22568703627760142,0.3333333333333333,20.412414523193153,15.0,33.333333333333336,0.0246121088663737,0.7926375269889832,0.21563352396090826,3174.0,0.40675156315167743,0.0002999305725097656,0.0004693307322061931,1.1678085327148438,0.0072025548085069184,5.445304248709904,1.578636413198367,0.5699967026007751,26.342266194934744,False,False,False
9o9i_chainA,4,1,0.02992039918899536,Cryptic,0.66121506690979,0.5554456114768982,271.0,2,7,-27.334159408216745,23.232128753418532,-17.856773029418537,6.056583435711736,9.462691176198435,15.851532497457324,8.3579485212768,0.38095238095238093,2.2857142857142856,1.0,0.028889010754818454,0.5714285714285714,16.84260874650228,-26.428571428571427,21.904761904761905,0.059636042231605166,0.8025295564106533,0.45216418376990725,4569.285714285715,0.44224077463150024,0.0004538212503705706,0.0006368624100494864,1.0499779071126665,0.013081075892605983,3.8068447471770592,0.6285465704526697,0.43413066031854414,15.870444769368971,False,False,False
9o9i_chainA,507,2,0.0,Cryptic,0.5352538824081421,0.4698486328125,68.0,1,4,-17.22282818039667,7.545695890384566,-16.737982851272744,3.8004047306486615,6.8307892817235425,8.380498951247187,6.2540930404569535,0.8333333333333334,2.5,2.0,0.2592366929953895,0.16666666666666666,7.0710678118654755,30.0,10.0,0.08924061059951782,0.8506843149662018,0.37033070623874664,2968.25,0.4012175276875496,0.0004237443208694458,0.0005532123577722814,0.8797712028026581,0.0118736884194185,3.8398098831124625,1.0103686726168966,0.6729367678997729,27.615829419384564,False,False,False
9o9i_chainA,508,4,0.00525282695889473,Cryptic,0.6798333525657654,0.5117351412773132,77.0,1,4,-30.967409356470835,0.6251462047421014,-18.384949315054733,3.703132503130558,7.071866059435836,10.508260429952086,6.119253729681308,0.5,1.5,1.0,-0.2968563557806154,0.6666666666666666,8.926785535678562,38.75,12.5,0.10334612925847371,0.8694639503955841,0.5110197067260742,2538.25,0.4000948369503021,0.00047563016414642334,0.0008340623462572694,0.9422296583652496,0.012525336422536344,3.844780612774772,1.0382508888149335,0.5088999555690411,23.099303449671186,False,False,False
9o9i_chainA,1,5,0.11681929230690002,ActiveSite,0.828298032283783,0.5046496391296387,656.0,1,4,-35.17909876485757,19.404007747529313,-12.955350935241825,4.246263252924188,6.480455003048403,10.184162670434064,6.824653925118477,0.6666666666666666,2.0,1.0,0.1979580081692945,0.3333333333333333,8.2915619758885,-37.5,11.666666666666666,0.07829050223032634,0.9104601740837097,0.3907330185174942,1520.5,0.3922668695449829,0.00043751299381256104,0.000745148106943816,1.0653736889362335,0.014900448609895981,5.007737538810859,1.179328091672668,0.6292324675164882,15.472045023027514,False,False,False
9o9i_chainA,1,5,0.11681929230690002,ActiveSite,0.828298032283783,0.5046496391296387,656.0,2,3,-44.36632401854835,17.6620030517691,-17.67039295246457,3.7154376624006176,5.090717050686122,7.911133379699972,6.311842973294795,1.0,2.0,2.0,0.6147432938240166,0.0,10.801234497346433,35.0,16.666666666666668,0.11659892400105794,0.8843563795089722,0.49612873792648315,2592.6666666666665,0.4194948573907216,0.0004741549491882324,0.000472658653355514,1.144827385743459,0.016203489986688167,3.854645101222163,1.0374673057309758,0.7372122787805369,11.678750552713863,False,False,False
9o9i_chainA,7,6,0.022014524787664413,Cryptic,0.7519932985305786,0.5062684416770935,238.0,1,5,-22.00936005651921,9.336327417263034,-14.36174198093292,5.672346967628351,9.533874995738758,17.04691692266579,8.873858492319519,0.4,1.6,1.0,0.03612489078409171,0.4,9.695359714832659,-26.0,13.0,0.03058319091796875,0.848718011379242,0.3568638265132904,4864.6,0.4641146719455719,0.00034587383270263673,0.0003649270845926367,1.0741285920143127,0.00838315370338485,3.835348400548198,0.6761484130706809,0.5046645422868841,24.337265714772528,False,False,False
9o9i_chainA,1510,7,0.02039995975792408,Cryptic,0.828298032283783,0.6292945742607117,218.6666717529297,1,4,-35.09417565243736,19.57828225935461,-12.90439035662244,4.202975002359004,6.657121917797596,10.184162670434064,6.824653925118477,0.6666666666666666,2.0,1.0,0.1979580081692945,0.3333333333333333,8.2915619758885,-37.5,11.666666666666666,0.07829050223032634,0.9104601740837097,0.3907330185174942,1520.5,0.3922668695449829,0.00043751299381256104,0.000745148106943816,1.0653736889362335,0.014900448609895981,10.352391886663478,2.4631105064514993,0.6725446736825649,15.53772156962014,False,False,False
9o9i_chainA,4001,9,0.12840285897254944,Cryptic,0.828298032283783,0.5711053609848022,656.0,1,4,-35.14203653651018,19.550390030202593,-12.883747349542197,4.205007141544318,6.643139443805337,10.184162670434064,6.824653925118477,0.6666666666666666,2.0,1.0,0.1979580081692945,0.3333333333333333,8.2915619758885,-37.5,11.666666666666666,0.07829050223032634,0.9104601740837097,0.3907330185174942,1520.5,0.3922668695449829,0.00043751299381256104,0.000745148106943816,1.0653736889362335,0.014900448609895981,9.703039183944787,2.3074964815354106,0.6673331538484715,15.545828773789044,False,False,False
9o9i_chainA,4000,11,0.023745153099298477,Allosteric,0.6083232760429382,0.5607159733772278,194.0,1,7,-42.293519210479474,14.86385434815868,-17.01659061154419,5.0772439500658,7.0589235491131825,12.836351854235627,7.471268399202121,0.38095238095238093,2.2857142857142856,1.0,-0.1204295685687754,0.5238095238095238,9.89743318610787,26.428571428571427,12.380952380952381,0.0742186534972418,0.8944520098822457,0.27603256702423096,2775.714285714286,0.4182818957737514,0.00047389098576136997,0.0007481479135874126,1.0059683322906494,0.01324026096615925,3.8712891603642077,0.762478462417398,0.4840711954099196,12.41001011419263,False,False,False
9o9i_chainA,3512,12,0.0,Cryptic,0.66121506690979,0.6207398176193237,271.0,1,4,-26.714698584270202,29.986965119286083,-20.19280709285746,3.1392071024383155,3.9593764810592904,6.322119297386464,5.055798077145778,0.8333333333333334,2.5,2.0,0.16316525015985328,0.5,9.60143218483576,-13.75,12.5,0.04274750749270121,0.7698929756879807,0.5331323705613613,3152.25,0.3973200023174286,0.0004395395517349243,0.0005817587552883197,1.1060024052858353,0.012953260479010398,3.833795257783257,1.2212622909796025,0.6491174567501441,17.743447912272696,False,False,False
9o9i_chainA,4005,13,0.0,Unknown,0.512814998626709,0.5327818393707275,57.0,1,3,-29.372166726590546,15.811374465186868,-22.298402503811836,2.8964243349483607,3.406273983255492,5.4894969075385545,4.881049511401698,0.6666666666666666,1.3333333333333333,1.0,0.43732353811857144,0.0,22.48456260538674,11.666666666666666,36.666666666666664,0.059845527013142906,0.7968712051709493,0.4151197572549184,3079.3333333333335,0.3990275462468465,0.00045800209045410156,0.0006251629480781654,1.0358230471611023,0.010673566017652574,3.854685024360633,1.3308426454818323,0.6390265286649137,12.060287689298878,False,False,False
9o9i_chainA,4005,13,0.0,Unknown,0.512814998626709,0.5327818393707275,57.0,2,4,-28.3504195940612,22.28882312994129,-19.572434998716304,5.647374230151814,7.266102409956567,10.816758915924,7.196253225978412,0.8333333333333334,2.5,2.0,0.40746186742904894,0.3333333333333333,12.5,-27.5,18.333333333333332,0.10235169529914856,0.8314318209886551,0.3326616548001766,3931.5,0.4413203299045563,0.0004226267337799072,0.00037166567199165,1.1744304150342941,0.010760913441939763,3.833795257783257,0.6788633268385679,0.6146143681755365,13.860575429119889,False,False,False
9o9i_chainA,4005,13,0.0,Unknown,0.512814998626709,0.5327818393707275,57.0,3,3,-33.08831994027888,23.997377637449368,-25.628677521070493,3.608007425811189,4.488397412841951,6.318661397655028,5.875411491191005,1.0,2.0,2.0,0.3706714469233056,0.3333333333333333,6.236095644623236,23.333333333333332,10.0,0.07229673862457275,0.9364957412083944,0.4129960536956787,1165.3333333333333,0.3869783381621043,0.0003914038340250651,0.0004688332264777273,1.024965226650238,0.010140323039620468,3.854685024360633,1.0683694819430654,0.727313980980277,7.645611868492063,False,False,False
9o9i_chainA,4507,14,0.0030009879264980555,Cryptic,0.5352538824081421,0.5034430623054504,68.0,1,3,-25.887082779558813,11.927816153830882,-20.161549979396728,4.3763691495929145,8.470738070698298,11.27903552326963,8.09997394232272,0.6666666666666666,1.3333333333333333,1.0,0.4902947016256016,0.0,6.236095644623236,38.333333333333336,10.0,0.044458349545796715,0.8024198611577352,0.361757496992747,3485.6666666666665,0.40130455295244855,0.0004413922627766927,0.0006918463041074574,0.8824251294136047,0.012769708072016711,3.814346265203326,0.871577815952325,0.7100876781002546,17.384144770499553,False,False,False
9ohy_chainB,5,2,0.054411835968494415,Allosteric,0.583448052406311,0.5461754202842712,157.0,1,3,23.453313952821798,-28.711798386849154,-13.833993751088649,4.536564311208648,8.546197805653037,12.811446010421612,8.602688582918377,0.6666666666666666,1.3333333333333333,1.0,0.4500831731790485,0.0,12.24744871391589,35.0,20.0,0.018136978149414062,0.8328286210695902,0.4576745827992757,6928.0,0.5052826702594757,0.0004761815071105957,0.0007305264589376748,0.8891959190368652,0.014859891438836351,3.864943996271044,0.8519539746679645,0.6283848089520262,15.384298233671736,False,False,False
9ohy_chainB,1,3,0.0,Unknown,0.5884119868278503,0.4599206745624542,62.0,1,3,12.314644390825613,-18.671986483961884,-3.567487196620395,3.389068240460728,5.352722318808794,8.478733026053472,6.004014469391682,0.6666666666666666,1.3333333333333333,1.0,-0.06442036317765105,0.6666666666666666,12.472191289246473,-36.666666666666664,20.0,0.09570773442586263,0.8843477964401245,0.404278963804245,3844.3333333333335,0.44008400042851764,0.0003708799680074056,0.000578599952859804,0.9647542635599772,0.014976515996216827,3.820682850902895,1.1273549482684628,0.526458793712008,18.58174268038535,False,False,False
9ohy_chainB,4000,4,0.0,Unknown,0.5700869560241699,0.508777916431427,88.0,1,4,12.559986184819461,-15.650468053741402,-0.5462495229168457,4.700264197541872,10.51012569076573,13.518004757184327,7.727412479310474,0.6666666666666666,2.0,1.0,0.16053796541617404,0.3333333333333333,13.863170633011771,-26.25,19.166666666666668,0.01175220807393392,0.8480937480926514,0.4558711424469948,5167.25,0.46530261635780334,0.00044767558574676514,0.0006837091132183559,0.9475662857294083,0.015974790934602755,3.8646400151204676,0.8222176143080603,0.5356273295379473,21.180042795468093,False,False,False
9ohy_chainB,4002,5,0.024250710383057594,Unknown,0.49733465909957886,0.5424827337265015,85.0,1,5,22.081510995496558,-29.348402184970407,-14.96257955397413,4.5705401813411495,8.06608015036745,10.101820078943618,6.696437511819255,1.0,4.0,4.0,0.5604049196382364,0.0,10.677078252031311,34.0,15.0,0.06248195171356201,0.8631016135215759,0.38170463740825655,4473.4,0.44985600709915163,0.0004475712776184082,0.0006132489303126931,0.9322986245155335,0.015281783731989565,10.86358258580925,2.376870600582164,0.7570897438007684,15.070201661856798,False,False,False
9ohy_chainB,4001,8,0.0,Unknown,0.5884119868278503,0.48587027192115784,62.0,1,4,12.604442991906355,-18.897627434936282,-4.222422559145311,3.420007845017891,5.0551143949746695,8.478733026053472,5.612583201710314,0.8333333333333334,2.5,2.0,0.1576243857864719,0.5,11.92424001771182,-33.75,17.5,0.07706966002782185,0.8706327378749847,0.4486699625849724,4110.25,0.44161081314086914,0.000356331467628479,0.0006189037885633297,0.943806990981102,0.013883818236332234,3.820682850902895,1.1171561657288853,0.6043104460710925,17.91131850972785,False,False,False
9pi9_chainE,3516,7,0.08429719507694244,Cryptic,0.536380410194397,0.6506621241569519,3049.0,1,3,-3.2076649029931463,28.346953476007464,-49.49293721140297,2.432639022472608,2.907317917724377,5.070687014093296,4.24869997007394,0.6666666666666666,1.3333333333333333,1.0,-0.06524753824280448,0.6666666666666666,12.24744871391589,-35.0,20.0,0.07157679398854573,0.9015904068946838,0.4707067410151164,3573.6666666666665,0.44452182451883954,0.000477453072865804,0.000719883896332855,1.0402622818946838,0.013350778462862077,3.87765671969125,1.5940123807394497,0.5698336471303018,38.76658400467033,False,False,False
9pi9_chainE,4510,8,0.03833683952689171,ActiveSite,0.536380410194397,0.5898571610450745,1016.3333129882812,1,3,-3.192444336128737,28.337720407599594,-49.432217056999946,2.4366127506116366,2.917682259671438,5.070687014093296,4.24869997007394,0.6666666666666666,1.3333333333333333,1.0,-0.06524753824280448,0.6666666666666666,12.24744871391589,-35.0,20.0,0.07157679398854573,0.9015904068946838,0.4707067410151164,3573.6666666666665,0.44452182451883954,0.000477453072865804,0.000719883896332855,1.0402622818946838,0.013350778462862077,3.87765671969125,1.5914127998870087,0.569699309697552,38.728716330291995,False,False,False
9pi9_chainE,1511,9,0.013954643160104752,Cryptic,0.536380410194397,0.6919889450073242,1016.3333129882812,1,3,-3.2087837815654767,28.340954556229473,-49.46555817291893,2.4343655667984887,2.9194731066870303,5.070687014093296,4.24869997007394,0.6666666666666666,1.3333333333333333,1.0,-0.06524753824280448,0.6666666666666666,12.24744871391589,-35.0,20.0,0.07157679398854573,0.9015904068946838,0.4707067410151164,3573.6666666666665,0.44452182451883954,0.000477453072865804,0.000719883896332855,1.0402622818946838,0.013350778462862077,3.87765671969125,1.5928818467436998,0.5697752441318662,38.751948480909185,False,False,False
9pi9_chainE,3001,10,0.05701616406440735,ActiveSite,0.536380410194397,0.5815398693084717,3049.0,1,3,-3.21557835546413,28.341475813066754,-49.47549520112717,2.433754526700756,2.9219458706217907,5.070687014093296,4.24869997007394,0.6666666666666666,1.3333333333333333,1.0,-0.06524753824280448,0.6666666666666666,12.24744871391589,-35.0,20.0,0.07157679398854573,0.9015904068946838,0.4707067410151164,3573.6666666666665,0.44452182451883954,0.000477453072865804,0.000719883896332855,1.0402622818946838,0.013350778462862077,3.87765671969125,1.5932817698537065,0.5697959073833726,38.75946738729617,False,False,False
9pi9_chainE,4512,11,0.0374365858733654,ActiveSite,0.536380410194397,0.841416597366333,1016.3333129882812,1,3,-3.185569952083013,28.340666199830867,-49.438725259005714,2.436151800780419,2.908391327266972,5.070687014093296,4.24869997007394,0.6666666666666666,1.3333333333333333,1.0,-0.06524753824280448,0.6666666666666666,12.24744871391589,-35.0,20.0,0.07157679398854573,0.9015904068946838,0.4707067410151164,3573.6666666666665,0.44452182451883954,0.000477453072865804,0.000719883896332855,1.0402622818946838,0.013350778462862077,3.87765671969125,1.5917139147277466,0.5697148782568846,38.73016577910335,False,False,False
9pi9_chainE,4511,12,0.016958346590399742,ActiveSite,0.536380410194397,0.8140676617622375,1016.3333129882812,1,3,-3.166049483735748,28.339894010138394,-49.41363556040772,2.4380292467215376,2.9004598318229884,5.070687014093296,4.24869997007394,0.6666666666666666,1.3333333333333333,1.0,-0.06524753824280448,0.6666666666666666,12.24744871391589,-35.0,20.0,0.07157679398854573,0.9015904068946838,0.4707067410151164,3573.6666666666665,0.44452182451883954,0.000477453072865804,0.000719883896332855,1.0402622818946838,0.013350778462862077,3.87765671969125,1.5904881883207946,0.5696514913586928,38.710485059140524,False,False,False
9pi9_chainE,1512,13,0.02880633808672428,Cryptic,0.536380410194397,1.0,1016.3333129882812,1,3,-3.210828037158976,28.339663669624695,-49.461644401700475,2.4346333001939335,2.9230334799200572,5.070687014093296,4.24869997007394,0.6666666666666666,1.3333333333333333,1.0,-0.06524753824280448,0.6666666666666666,12.24744871391589,-35.0,20.0,0.07157679398854573,0.9015904068946838,0.4707067410151164,3573.6666666666665,0.44452182451883954,0.000477453072865804,0.000719883896332855,1.0402622818946838,0.013350778462862077,3.87765671969125,1.5927066796393408,0.5697661924276423,38.75043562201854,False,False,False
9qng_chainA,507,1,0.03477148339152336,Cryptic,0.5869463086128235,0.5272281765937805,1840.0,1,17,27.548208137389242,10.317413488947077,-3.99585860472337,7.264402355734141,12.105100280933994,21.459693872295464,10.190727893550346,0.19117647058823528,3.0588235294117645,1.0,-0.04612540346100124,0.5,31.941230635854843,9.411764705882353,38.23529411764706,0.06536673535318936,0.8302091956138611,0.3747396508560461,3637.4117647058824,0.42168886696591096,0.00039786801618688246,0.0006382488756892545,1.0109358885708977,0.010272817260365497,,,0.3448019563070215,20.92026987997022,False,False,False
9qng_chainA,2,2,0.034839000552892685,ActiveSite,0.5194580554962158,0.5121743083000183,1840.0,1,5,27.97366069130486,10.174619116971185,-3.4664350463381437,5.000816530708995,6.82640786305963,11.054945309844273,7.96558189923428,0.6,2.4,1.0,0.10486850723062155,0.3,18.05547008526779,-18.0,25.0,0.05592697858810425,0.8293092131614686,0.4553778231143951,4103.4,0.4367569625377655,0.00039162635803222654,0.0005444502894533798,1.0519277811050416,0.015105945222476325,3.8477080224048135,0.769415954130055,0.4928832025060301,21.02791356496805,False,False,False
9qng_chainA,2,2,0.034839000552892685,ActiveSite,0.5194580554962158,0.5121743083000183,1840.0,2,8,26.956603289212232,10.885147786618173,0.036025064189240535,6.364235672741229,9.638802281688225,17.76266814578652,8.853538503006378,0.35714285714285715,2.5,1.0,-0.10453668788993707,0.5714285714285714,10.307764064044152,37.5,12.5,0.05325167519705636,0.8572899103164673,0.29846993926912546,3306.0,0.41945042833685875,0.00036660581827163696,0.0006099897400417831,0.9981450065970421,0.00685852437837846,3.8477080224048135,0.6045828942012629,0.4504224767318595,23.521687018563476,False,False,False
9qng_chainA,506,4,0.01152984518557787,Cryptic,0.8254595994949341,0.4847593307495117,297.0,1,4,24.8005734783423,25.620025581845482,11.647249387580022,5.065380676365791,7.579882590837683,13.221951337753765,8.560942911002185,0.5,1.5,1.0,-0.024847269090092036,0.6666666666666666,14.306903927824496,28.75,20.833333333333332,0.08385623494784038,0.9205712229013443,0.2866797614842653,1223.0,0.3838050663471222,0.00039631128311157227,0.0005096056484035216,1.0242708921432495,0.01657877945263242,3.863107573458387,0.7626490130313389,0.4617321048538668,32.19937486741587,False,False,False
9qng_chainA,1,5,0.0,Cryptic,0.5157526135444641,1.0,95.0,1,4,9.959381379437774,31.676471453914154,6.228334948019307,5.090016823232858,8.923199728942095,14.3557544465659,8.645867785860256,0.5,1.5,1.0,0.1382933400311641,0.5,21.937410968480304,-22.5,31.666666666666668,0.10010997454325359,0.7930747866630554,0.5520245768129826,3002.5,0.3948945924639702,0.0004722028970718384,0.0006182889264891855,1.0191582143306732,0.014979989280346986,3.8936209162552875,0.7649524650848413,0.4669091450342947,39.54489093838101,False,False,False
9qng_chainA,505,6,0.1115419790148735,Cryptic,0.5866591930389404,0.4586273431777954,1840.0,1,4,28.647928185912274,10.535427101471763,-2.7786645771015612,4.706257215608981,6.380366678516251,9.972337385253981,7.652302071612426,0.8333333333333334,2.5,2.0,0.19104220004117425,0.16666666666666666,12.747548783981962,-25.0,18.333333333333332,0.04908527930577596,0.8425471186637878,0.4381076470017433,4015.0,0.43943312019109726,0.00041106343269348145,0.0006053581419109832,1.0641971826553345,0.01597640465206621,3.8477080224048135,0.8175728282855715,0.574073207106441,20.84718126241734,False,False,False
9qng_chainA,505,6,0.1115419790148735,Cryptic,0.5866591930389404,0.4586273431777954,1840.0,2,8,26.45386066309787,10.415757335334819,2.801769565657101,5.49563508606586,9.331905278672814,12.919545391062314,8.240060171637667,0.35714285714285715,2.5,1.0,-0.08562367395377683,0.5714285714285714,11.110243021644486,38.75,13.571428571428571,0.09373541176319122,0.832978643476963,0.38090815860778093,3201.375,0.40826357901096344,0.0003393217921257019,0.0005654296987813723,0.9887483566999435,0.006537399344440574,3.8477080224048135,0.7001389215526058,0.4751590549855217,25.934263465739043,False,False,False
9qng_chainA,4,7,0.03248501196503639,ActiveSite,0.6610003113746643,0.4712466895580292,1367.0,1,5,28.938143107786214,6.0189812908351685,10.375878889566048,6.439771140350921,10.960506132906124,18.35754382980291,9.967948470209276,0.4,1.6,1.0,0.023226972121822242,0.5,12.0,-31.0,16.0,0.1989190936088562,0.8134233117103576,0.43373990058898926,3808.4,0.42531179785728457,0.00037974119186401367,0.00029768806998617945,1.0754584789276123,0.004803695387394148,3.83508643241958,0.5955314791218801,0.4667839377215636,32.52724030079301,False,False,False
9qng_chainA,4,7,0.03248501196503639,ActiveSite,0.6610003113746643,0.4712466895580292,1367.0,2,8,28.866802521110362,5.471563546113838,12.192590858907987,6.964153553311002,9.968754342121766,18.64004677832541,9.845157926080832,0.2857142857142857,2.0,1.0,-0.10113125072201516,0.5357142857142857,12.854352375751958,24.375,15.892857142857142,0.11451050213405065,0.8034657686948776,0.5005505196750164,3600.125,0.4069689139723778,0.00036062300205230713,0.0004945687994677428,0.9343308061361313,0.008189554780888699,3.83508643241958,0.5506895278890348,0.41586438421134353,34.27612860859157,False,False,False
9qng_chainA,4518,8,0.026388613507151604,ActiveSite,0.5194580554962158,0.7270820140838623,613.3333129882812,1,7,26.037391011263967,10.541013810625387,2.8472875210039597,4.875742318893691,7.3966414641243965,12.919545391062314,7.332971980953118,0.42857142857142855,2.5714285714285716,2.0,-0.13670614799145395,0.6190476190476191,10.973065354098011,37.142857142857146,13.80952380952381,0.059053074745904835,0.8577014463288444,0.30262367746659685,3093.285714285714,0.4142265958445413,0.00035184621810913086,0.0006421482664466437,1.0082246150289262,0.0074245070966820915,3.9021881213934453,0.8003269791909049,0.47449447150732865,26.15280044344491,False,False,False
9qng_chainA,4508,9,0.012638222426176071,ActiveSite,0.6610003113746643,0.7086837887763977,455.6666564941406,1,10,24.615455510182738,-0.544341396790314,16.52024780883318,6.06969780068291,11.64470789851807,17.815217056827777,8.811187951731794,0.2222222222222222,2.0,1.0,0.23970112994807333,0.3333333333333333,26.720778431774775,-9.0,33.55555555555556,0.21455940670437282,0.7925031542778015,0.3762464687228203,3422.7,0.40326730608940126,0.0004475712776184082,0.0004801422604941763,0.9811770141124725,0.011065460138953175,3.83508643241958,0.6318414125968659,0.45947874424650403,42.2092586700235,False,False,False
9qng_chainA,4510,10,0.03282015770673752,ActiveSite,0.5866591930389404,0.5004001259803772,613.3333129882812,1,15,26.585541734600703,9.046416263401525,0.333254300303649,6.6789664644542714,10.048162016817864,18.92556246228545,9.543271445196012,0.20952380952380953,2.933333333333333,1.0,-0.03262972131657576,0.5238095238095238,31.351058816073326,12.666666666666666,37.142857142857146,0.06384167671203614,0.8377490043640137,0.3479214037458102,3760.4,0.4273708482583364,0.00037059386571248375,0.0006233653393186007,1.0180839856465658,0.010110211778963015,,,0.35626705267019204,24.785017727478653,False,False,False
9qng_chainA,4507,11,0.09085509926080704,Cryptic,0.5869463086128235,0.5031033754348755,1840.0,1,5,27.060942269609615,8.169332529054781,-0.16292272770438565,6.478802605028977,10.071334769047716,17.730015664236873,10.02133257505882,0.4,1.6,1.0,0.25757181541136964,0.2,19.8997487421324,-23.0,26.0,0.06197192668914795,0.8416868925094605,0.42048060297966006,4755.4,0.4597881555557251,0.000388789176940918,0.0004358243168098852,1.0757798552513123,0.012851819022370892,3.8477080224048135,0.5938918434431302,0.4789159632291165,24.63582191167891,False,False,False
9qng_chainA,4507,11,0.09085509926080704,Cryptic,0.5869463086128235,0.5031033754348755,1840.0,2,9,25.63192492279746,9.444501618560231,4.64140551596902,5.333504166381231,9.133955494008474,16.582773669120566,8.044762442302709,0.4722222222222222,3.7777777777777777,2.0,-0.11512936136364796,0.5833333333333334,11.1665284679121,34.44444444444444,14.166666666666666,0.07367479470041063,0.839825815624661,0.2947556616531478,3727.6666666666665,0.42537983920839095,0.0003494686550564236,0.0006048115642948283,0.9970446295208402,0.006730552262726727,3.8477080224048135,0.7214221461863924,0.4586239685653938,28.119161256636612,False,False,False
9qng_chainA,4511,12,0.01917206309735775,ActiveSite,0.5866591930389404,0.6180766820907593,613.3333129882812,1,9,25.671184970277416,9.345020257686317,4.668103840428434,5.324712264109895,9.147839398276282,16.582773669120566,8.04476244230271,0.4722222222222222,3.7777777777777777,2.0,-0.11512936136364796,0.5833333333333334,11.1665284679121,34.44444444444444,14.166666666666666,0.07367479470041063,0.839825815624661,0.2947556616531478,3727.6666666666665,0.42537983920839095,0.0003494686550564236,0.0006048115642948283,0.9970446295208402,0.006730552262726727,3.9021881213934453,0.7328448802192233,0.4591102291937442,28.158389515083208,False,False,False
9qng_chainA,3521,13,0.06387368589639664,Cryptic,0.5869463086128235,0.5696819424629211,1840.0,1,8,26.993836640483647,10.919937908426235,-0.02034765701320171,6.387697976545243,9.573268984259936,17.76266814578652,8.853538503006378,0.35714285714285715,2.5,1.0,-0.10453668788993707,0.5714285714285714,10.307764064044152,37.5,12.5,0.05325167519705636,0.8572899103164673,0.29846993926912546,3306.0,0.41945042833685875,0.00036660581827163696,0.0006099897400417831,0.9981450065970421,0.00685852437837846,3.8477080224048135,0.6023622338646994,0.4500669070749925,23.44636732217603,False,False,False
9qng_chainA,3521,13,0.06387368589639664,Cryptic,0.5869463086128235,0.5696819424629211,1840.0,2,5,27.92005639235881,10.113040394359464,-3.4572661447542115,5.0005869702123045,6.907625117507258,11.054945309844273,7.96558189923428,0.6,2.4,1.0,0.10486850723062155,0.3,18.05547008526779,-18.0,25.0,0.05592697858810425,0.8293092131614686,0.4553778231143951,4103.4,0.4367569625377655,0.00039162635803222654,0.0005444502894533798,1.0519277811050416,0.015105945222476325,3.8477080224048135,0.7694512754852568,0.4928871346104971,21.098693675957886,False,False,False
9qng_chainA,1507,14,0.017319053411483765,Cryptic,0.6610003113746643,0.5641791224479675,455.6666564941406,1,4,33.072382635196774,10.918081454488838,9.08480389584014,6.214255125373992,9.34991145751157,14.113397428542685,9.785674409879565,0.6666666666666666,2.0,1.0,0.04067892236043672,0.5,6.123724356957945,-40.0,8.333333333333334,0.04249170422554016,0.9106231182813644,0.36535729467868805,2695.5,0.42218342423439026,0.00031071901321411133,0.00023545900694443844,1.0620176792144775,0.0024247411811734875,3.855359261831826,0.6204056936912128,0.5498937673414357,28.021635587780136,False,False,False
9qng_chainA,1507,14,0.017319053411483765,Cryptic,0.6610003113746643,0.5641791224479675,455.6666564941406,2,4,28.827277125685466,4.694543941202409,12.895005883469755,5.647252460682076,6.8653452054339645,10.941053365621816,8.796927976851032,0.5,1.5,1.0,-0.17097168655121786,0.5,9.013878188659973,17.5,13.333333333333334,0.03225219249725342,0.8210589587688446,0.6046562939882278,3283.75,0.4093344807624817,0.0004007071256637573,0.0007268688023032155,1.0106990933418274,0.013156367229455956,3.855546867462105,0.6827296803721135,0.4774345883703809,35.22039282613459,False,False,False
9qng_chainA,4509,15,0.013198171742260456,ActiveSite,0.6610003113746643,0.6911365985870361,455.6666564941406,1,12,26.477309787609567,3.5259769006248827,13.497511416912237,6.696971421727597,11.878678625909929,21.38593037473416,9.604147629376685,0.18181818181818182,2.0,1.0,0.06121174654333273,0.5,29.498116700713098,5.833333333333333,35.75757575757576,0.18727611953561957,0.7727927565574646,0.4152790680527687,4245.0,0.4192288741469383,0.00041283170382181805,0.0004989693967824375,0.9807023455699285,0.010309507036306367,5.404292511415648,0.8069755970410756,0.40765885468360674,37.12346310568603,False,False,False
9qng_chainA,3519,16,0.06411242485046387,Cryptic,0.6610003113746643,0.5339054465293884,1367.0,1,4,33.152414480652524,11.025680694111694,9.059041612775582,6.220581748181461,9.482624955054762,14.113397428542685,9.785674409879565,0.6666666666666666,2.0,1.0,0.04067892236043672,0.5,6.123724356957945,-40.0,8.333333333333334,0.04249170422554016,0.9106231182813644,0.36535729467868805,2695.5,0.42218342423439026,0.00031071901321411133,0.00023545900694443844,1.0620176792144775,0.0024247411811734875,3.855359261831826,0.6197747120611204,0.549796815146743,27.937060476204515,False,False,False
9qng_chainA,3518,17,0.006679813377559185,Cryptic,0.8254595994949341,0.5362755656242371,297.0,1,3,24.236105210996673,26.268039514531388,14.668411336940471,3.860531105444755,5.723862324920833,9.944967302045118,7.041495630865502,0.6666666666666666,1.3333333333333333,1.0,0.3972313452807657,0.3333333333333333,14.337208778404378,28.333333333333332,23.333333333333332,0.06271358331044515,0.9018276532491049,0.24063178151845932,1153.0,0.3811630805333455,0.0004670421282450358,0.00043630014988593757,1.0818180243174236,0.013494121944110505,3.863711946592695,1.0008239387434164,0.6127583514187658,35.16454581143635,False,False,False
9qng_chainA,3518,17,0.006679813377559185,Cryptic,0.8254595994949341,0.5362755656242371,297.0,2,3,12.833612855504823,21.933862432486226,17.084127297536067,4.675659588830026,6.436126905286487,10.618116485169567,7.757942177598757,0.6666666666666666,1.3333333333333333,1.0,0.2264937800044602,0.3333333333333333,0.0,30.0,0.0,0.08293545246124268,0.8572398622830709,0.4235729326804479,2796.3333333333335,0.4005311628182729,0.00046386321385701496,0.0005360302166081965,0.9013019601504008,0.012400191610698564,3.8529243294055022,0.8240386743744118,0.70081653622511,43.328530605957205,False,False,False
9qnh_chainA,508,1,0.004224745556712151,Cryptic,0.8157569169998169,0.488459974527359,270.0,1,9,-25.881823982247504,21.352478343669286,-14.802965746771598,6.653914636114495,10.703324201395079,16.38515279065297,9.920899409193588,0.5555555555555556,4.444444444444445,3.0,0.23754073869965905,0.2777777777777778,12.570787221094179,29.444444444444443,15.833333333333334,0.08445171515146892,0.8862437870767381,0.4134652457303471,1998.4444444444443,0.39492524332470363,0.00043714708752102323,0.0005571505074234059,1.019071830643548,0.009569524518421786,3.858303407889149,0.5798546598340758,0.5252869950115718,29.68314642797948,False,False,False
9qnh_chainA,510,4,0.0021769029553979635,Cryptic,0.6898545622825623,0.6522933840751648,217.0,1,9,-24.768882652341283,27.711685179948272,-2.1866161035867933,7.118814488468151,9.847696014725528,19.058780646201658,10.42161823398077,0.2777777777777778,2.2222222222222223,1.0,0.10159288816412348,0.3888888888888889,24.8327740429189,5.0,30.833333333333332,0.08512191971143086,0.8755042751630148,0.44216539627975887,1514.6666666666667,0.3804842233657837,0.0003884169790479872,0.0005267284124986165,1.0596962240007188,0.010020008120540791,3.823225579134096,0.5370593074629748,0.4074149889030476,27.161942942004757,False,False,False
9qnh_chainA,4,5,0.002360666636377573,Cryptic,0.6660350561141968,0.7685481905937195,217.0,1,6,-20.567072108099474,27.402087383317525,-5.140723681711965,7.421332729748202,10.39525572905528,18.511505699440782,10.483767785385686,0.3333333333333333,1.6666666666666667,1.0,-0.17227726987108472,0.6,18.800856954464127,20.833333333333332,25.0,0.08906318346659342,0.855882445971171,0.42004357278347015,2526.5,0.3989824155966441,0.0004234413305918376,0.000832102009250472,1.0032120645046234,0.011313965232766466,3.8676521576194682,0.5211533155111203,0.34598705550048475,22.760838739101867,False,False,False
9qnh_chainA,5,6,0.0,Unknown,0.5290133953094482,1.0,87.0,1,7,-11.86409284850464,31.529644791683552,-4.767827986350683,5.421704051707679,8.603405878998863,15.640199580423477,8.410010785562273,0.38095238095238093,2.2857142857142856,1.0,0.15145589538738427,0.42857142857142855,21.38089935299395,10.0,26.666666666666668,0.10136464663914271,0.8493121351514544,0.4098966824156897,2233.0,0.39676707131522043,0.00046815190996442525,0.0007761119465742793,1.1096362727028983,0.014390014848266353,5.009780258837897,0.9240231873703918,0.47051987093223846,15.433600406202286,False,False,False
9qnh_chainA,507,7,0.0,Cryptic,0.5983368754386902,0.4363425076007843,89.0,1,9,-29.320667359778444,15.864794066655692,-0.6900283602828652,7.685955132860615,12.743259537825361,19.22704086196547,10.977689620025032,0.3333333333333333,2.6666666666666665,1.0,-0.11620302273776982,0.6111111111111112,16.905693394114376,24.444444444444443,19.72222222222222,0.10002817047966851,0.7931559218300713,0.33928509718841976,3377.8888888888887,0.4048239555623796,0.00038237041897243925,0.0005002749793574265,1.0345605413119,0.011465473309419764,3.826673384796564,0.49787870455240674,0.3749912028764463,32.9851698284118,False,False,False
9qnh_chainA,4001,8,0.07259376347064972,ActiveSite,0.6243064999580383,0.4903157949447632,2896.0,1,10,-24.91769346575799,6.25754807566893,-9.154570164225925,5.9765874953479825,12.133270494560124,20.17956514070383,9.055469449327914,0.24444444444444444,2.2,1.0,-0.06459044989590536,0.5333333333333333,24.84451649760969,-10.5,30.77777777777778,0.11203835010528565,0.8158722281455993,0.38161845356225965,4274.6,0.43934646546840667,0.0004645049571990967,0.0006720249934005551,1.0646138787269592,0.013226608443643834,3.836815318432011,0.6419742572862,0.37900718284146595,32.99350106532121,False,False,False
9qnh_chainA,3514,9,0.06424632668495178,Cryptic,0.6243064999580383,0.6110804080963135,2896.0,1,9,-25.210900917688132,6.775541915762722,-8.551578031319135,5.517303640089106,11.718575836381515,17.8565121919769,8.431859683392561,0.25,2.0,1.0,-0.023671753424925036,0.5,25.615870851996675,-12.222222222222221,31.666666666666668,0.06587489777141148,0.8455414440896776,0.39321719110012054,4266.222222222223,0.4478757083415985,0.0004649957021077474,0.00068233385132367,1.0623423390918307,0.013687677225565263,3.836815318432011,0.6954149288709521,0.39813711320690587,32.88293127970503,False,False,False
9qnh_chainA,1512,10,0.028684256598353386,Cryptic,0.6243064999580383,0.4772616922855377,965.3333129882812,1,22,-26.854962070422882,8.2573850308773,-6.761980444900118,7.942989303935705,12.808437721349499,20.903338139101766,11.214389184698371,0.13852813852813853,2.909090909090909,1.0,-0.0394644812971895,0.5281385281385281,30.32622218585948,7.954545454545454,35.90909090909091,0.08769218901019075,0.8439472967928107,0.3141486690464345,3341.818181818182,0.41757872565226123,0.000435306267304854,0.0005688288186899048,1.0000631240281193,0.012488298277587895,3.836815318432011,0.48304425092589404,0.35735791769768843,33.378267460573,False,False,False
9qnh_chainA,4513,11,0.025788811966776848,ActiveSite,0.6243064999580383,0.8439634442329407,965.3333129882812,1,17,-25.95872448967877,8.15577892686185,-6.9999139896472435,7.99467272498074,12.206425431522506,20.414516017820638,11.431597623917234,0.15441176470588236,2.4705882352941178,1.0,-0.03998950433754553,0.49264705882352944,30.6898763782249,9.117647058823529,36.98529411764706,0.09622928237213808,0.8430566156611723,0.3302658601280521,3374.0,0.4193824967917274,0.00043933531817267924,0.0005569699047448332,1.0170742308392244,0.012664393203869929,3.826673384796564,0.4786529125625693,0.3578270051258736,32.667801010515845,False,False,False
9qnh_chainA,4512,12,0.02636939100921154,ActiveSite,0.6243064999580383,0.4522961676120758,965.3333129882812,1,19,-26.50258452592974,8.775326659866172,-6.938586840800781,7.565132872227217,12.614162471583668,20.903338139101766,10.693028616602625,0.13450292397660818,2.4210526315789473,1.0,-0.04440931467767845,0.52046783625731,28.85391613722986,2.3684210526315788,34.50292397660819,0.07777310533133167,0.8505110709290755,0.32778086689741986,3483.9473684210525,0.4249336970479865,0.0004355154539409437,0.0005935594212803009,1.0226249569340755,0.012993074515917039,3.836815318432011,0.5071709093858164,0.3569123689632674,32.82390064967793,False,False,False
9qnh_chainA,4511,13,0.02060629241168499,ActiveSite,0.6243064999580383,0.6629576086997986,965.3333129882812,1,16,-26.146323606218107,9.305458907933293,-8.540432758182526,7.76607971546124,11.033530269316302,20.414516017820638,11.073905797588662,0.15833333333333333,2.375,1.0,-0.0625408227681236,0.5166666666666667,26.568014133540355,3.125,31.833333333333332,0.08226479788621267,0.8401073887944221,0.369355603819713,3500.5625,0.4235996603965759,0.0004506409168243408,0.000574853967918898,1.039258923381567,0.01332637360004945,3.836815318432011,0.49404789276028394,0.35260833481667625,32.370483686065675,False,False,False
9qnh_chainA,4002,14,0.0,Unknown,0.5147067308425903,0.6334999203681946,132.0,1,3,-24.77705736303894,-4.490574317305863,-21.0736221550318,3.7701211066421245,7.265704997563981,8.925422369835704,6.497466213982903,1.0,2.0,2.0,0.7795984924461731,0.0,13.123346456686352,23.333333333333332,20.0,0.22849388917287192,0.7609129746754965,0.33026739458243054,2507.3333333333335,0.3701516588528951,0.0004749695460001628,0.0005611264108059307,0.9947666128476461,0.009663442051683355,3.864883940195962,1.025135222682074,0.705954786332435,42.75933142818841,False,False,False
9qnh_chainA,4508,15,0.002682329621165991,Cryptic,0.8157569169998169,0.538357138633728,270.0,1,11,-22.097758649204756,22.670005672513618,-14.526764621290308,6.921797367030763,9.562393925689527,16.822976792392694,9.994935132122702,0.4,4.0,2.0,0.010642790034255263,0.45454545454545453,11.887906209656384,31.363636363636363,14.545454545454545,0.081333158232949,0.8804600184614008,0.43321809240362863,2236.181818181818,0.4010061675851995,0.0004584084857593883,0.0004956454517510297,1.0343685258518567,0.009526955407235254,3.858303407889149,0.5574135160712227,0.4607401225738883,25.90942832865221,False,False,False
9qnh_chainA,4507,16,0.0,Cryptic,0.5983368754386902,0.49385592341423035,89.0,1,5,-35.44560497847367,21.06376326282298,-0.22209961445760767,6.14126879212097,8.235659406200552,15.142469344037417,9.053892660448765,0.6,2.4,2.0,-0.03903455684698904,0.6,14.966629547095765,11.0,20.0,0.15114908218383788,0.800439989566803,0.3209183603525162,3332.6,0.40525513887405396,0.00035867691040039065,0.0003753453172976151,1.032295048236847,0.00878926767833956,3.8305778805837507,0.6237437262961436,0.4360326280427245,38.048549536577205,False,False,False
9qnh_chainA,4006,17,0.0,Unknown,0.685035765171051,0.6758134961128235,104.0,1,3,-5.258552889431152,29.947229044659498,-8.348517422147864,5.878174147937986,8.738155947867302,15.326881250836639,10.486691811563299,0.6666666666666666,1.3333333333333333,1.0,0.20583224211129444,0.6666666666666666,6.236095644623235,21.666666666666668,10.0,0.10592691103617351,0.8918465574582418,0.33973560730616253,1617.6666666666667,0.39191189408302307,0.0004725456237792969,0.0004378096297538529,1.0966405272483826,0.008811053882226668,11.209999711161515,1.9070547127450943,0.6297061606501103,9.363726360987515,False,False,False
9qnh_chainA,3516,19,0.0,Cryptic,0.6898545622825623,1.0,217.0,1,6,-14.907729819323285,30.523111217656254,-4.8928992865637415,7.5699017038288625,13.351674393970717,17.393039328420702,10.928468675863448,0.4666666666666667,2.3333333333333335,1.0,-0.021626339196416707,0.6666666666666666,13.66768288904727,14.166666666666666,17.666666666666668,0.10452682574590047,0.85631596048673,0.34569326291481656,2243.1666666666665,0.393150399128596,0.00045166412989298504,0.0007334166439250112,1.0234839220841725,0.014585008805760321,3.8676521576194682,0.510925017119206,0.42580776994232916,17.879512251871926,False,False,False
9qni_chainA,509,1,0.0,Cryptic,0.49061086773872375,0.5117431879043579,2876.0,1,3,-25.59964989762754,-5.2651785737724035,9.208435113030422,2.8316369189375785,3.944080894848303,5.450503613720572,4.841616304503713,0.6666666666666666,1.3333333333333333,1.0,0.1264761867753752,0.3333333333333333,4.714045207910317,36.666666666666664,6.666666666666667,0.026688496271769207,0.8065663576126099,0.434067040681839,5229.333333333333,0.45468292633692425,0.0004490216573079427,0.00070271505198131,0.949416438738505,0.014157618819231504,3.834406151937693,1.3541305830185144,0.6902037031360047,31.85083062204409,False,False,False
9qni_chainA,509,1,0.0,Cryptic,0.49061086773872375,0.5117431879043579,2876.0,2,6,-28.712795791553933,-9.092307839224063,9.203233493036317,7.4372978319613035,9.884860850054014,18.358051929385486,10.960254304442655,0.4,2.0,1.0,0.21072885198157348,0.26666666666666666,11.902380714238083,-25.0,15.333333333333334,0.13927863438924154,0.8630337516466776,0.5862033292651176,2322.6666666666665,0.4051998555660248,0.00033787886301676434,0.0005972410435788333,1.167279799779256,0.007316436601351097,3.834406151937693,0.5155644211879726,0.5065958440706116,27.713803271670166,False,False,False
9qni_chainA,509,1,0.0,Cryptic,0.49061086773872375,0.5117431879043579,2876.0,3,4,-28.58807549734235,-14.48771630945972,6.079124350601039,7.814147330039834,11.466724545392841,18.008223665757356,12.273034354072074,0.5,1.5,1.0,0.41110327617197084,0.3333333333333333,10.825317547305483,31.25,15.833333333333334,0.152275820573171,0.8160196840763092,0.37836962565779686,2953.5,0.38756362348794937,0.0003557950258255005,0.0005821934901177883,0.8522323966026306,0.014193898981085081,3.84093057532819,0.4915354693355405,0.5673556203188529,21.694583611894938,False,False,False
9qni_chainA,1,2,0.11491753160953522,ActiveSite,0.5969634652137756,0.5345813632011414,2876.0,1,10,-25.423401178536654,-6.149485181408545,8.831626833434775,6.443943444825909,12.316675498667834,18.203805114442567,9.610837256875797,0.3111111111111111,2.8,1.0,-0.08377653921463524,0.6222222222222222,9.695359714832659,34.0,11.777777777777779,0.0712602867020501,0.8144844114780426,0.3269765481352806,4127.6,0.42973071336746216,0.00044568181037902833,0.0005363239572034218,0.9911956012248992,0.01473671066962293,3.834406151937693,0.5950403172790856,0.4588935387877872,30.975481616831743,False,False,False
9qni_chainA,1,2,0.11491753160953522,ActiveSite,0.5969634652137756,0.5345813632011414,2876.0,2,3,-26.62626306942353,-6.74195343368439,8.761731286477767,5.591394347882546,7.853922913673232,14.069479118344786,9.803572401881981,0.6666666666666666,1.3333333333333333,1.0,0.230860381832009,0.3333333333333333,8.498365855987975,-33.333333333333336,13.333333333333334,0.09484946727752686,0.9071746667226156,0.5571986337502798,3857.3333333333335,0.45973867177963257,0.0003612836201985677,0.0006136791780591011,1.153641700744629,0.008901889744511707,3.834406151937693,0.6857692220170051,0.5854567914487904,30.10124577187756,False,False,False
9qni_chainA,3,3,0.0019847543444484472,Unknown,0.5524132251739502,0.529249370098114,141.0,1,14,-22.300544019543526,-22.589373734764987,15.497222636563604,6.8785547195992764,13.387239631565466,21.417697991005642,9.787903994516133,0.2857142857142857,3.7142857142857144,1.0,0.17970651212625105,0.3956043956043956,19.56477989257477,26.071428571428573,23.021978021978022,0.1265114231424017,0.836838390145983,0.5369514652660915,2080.5714285714284,0.3837903482573373,0.000392981937953404,0.0003777799491737304,1.0509827733039856,0.008502988171177847,4.902221189777711,0.7126818626316459,0.4598138696141217,24.169362933222043,False,False,False
9qni_chainA,0,4,0.0,Unknown,0.5420923233032227,0.5096822381019592,137.0,1,5,-35.857093045468474,-20.758548860250745,3.185442373385618,6.447640174296365,9.041842117109631,14.6019682357246,9.745165476606259,0.6,2.4,1.0,0.2247942635143772,0.5,12.409673645990857,31.0,17.0,0.13028451204299926,0.8399349451065063,0.3622976318001747,2322.6,0.3870055675506592,0.0002607107162475586,0.00045150415680836884,1.0159188985824585,0.005325781955079704,3.832655280228497,0.5944276008930287,0.5294991960767953,14.161088769833626,False,False,False
9qni_chainA,2,5,0.003807221772149205,Cryptic,0.6702662110328674,0.6846726536750793,203.0,1,11,-27.39269130424624,-25.694697557303503,2.4030198383733326,6.232416373183484,8.612206958746647,15.232170838852396,9.124098797933687,0.34545454545454546,3.4545454545454546,1.0,-0.026406540729713938,0.5272727272727272,21.874926210029027,8.181818181818182,26.363636363636363,0.11581211523576217,0.8508069623600353,0.45239574733105575,1577.7272727272727,0.3735179765657945,0.00034447691657326436,0.0004447510304585607,1.0505532080476934,0.006839716022204987,3.8397856568218134,0.6160990259481768,0.4023245969104744,11.509749993896131,False,False,False
9qni_chainA,508,6,0.0,Cryptic,0.6254185438156128,0.46393004059791565,137.0,1,4,-35.974427109798285,-19.829829168737742,3.8945611650891117,6.3421958217881205,7.874986745744408,14.6019682357246,10.154929731666,0.6666666666666666,2.0,1.0,0.061819724952984635,0.6666666666666666,10.606601717798213,35.0,15.0,0.14892622828483582,0.8485574573278427,0.4217274412512779,2490.5,0.39256421476602554,0.0002550482749938965,0.0005390572478063405,0.9929561913013458,0.006328257124678064,3.832655280228497,0.6043104609072,0.505752128413669,15.303930745720757,False,False,False
9qni_chainA,507,7,0.0016236663796007633,Cryptic,0.6621112823486328,0.6651166677474976,128.0,1,3,-7.560551728552459,-27.074815007418678,13.044716725147635,5.254023824303334,7.694400156554996,12.405150391611215,8.930037069384072,0.6666666666666666,1.3333333333333333,1.0,0.20285643260422623,0.0,10.801234497346433,5.0,16.666666666666668,0.05538280804951986,0.8665009538332621,0.3764181435108185,1342.0,0.37017981211344403,0.00047640005747477215,0.00047931486430267495,0.9965535402297974,0.008224505110648836,5.398746179955461,1.0275450512772117,0.5735911921571305,31.468292754398536,False,False,False
9qni_chainA,4,8,0.0017006800044327974,Unknown,0.5605071783065796,0.625953197479248,122.0,1,10,-27.0459203641567,-9.627973396781034,-7.010402884358726,6.827327708922188,11.449032500028034,15.876349699568223,9.43988840481102,0.35555555555555557,3.2,1.0,0.023863136816567782,0.4666666666666667,14.568802284333465,34.5,17.666666666666668,0.0778047521909078,0.7773869454860687,0.36883833557367324,3363.2,0.3900547713041306,0.0003049015998840332,0.00045731023274129254,0.9074868321418762,0.00500165726578262,3.821488698754987,0.5597341832238305,0.4392454577669914,25.476637917445913,False,False,False
9qni_chainA,5,9,0.0,Cryptic,0.4838300943374634,1.0,112.0,1,4,-13.468233997869808,-33.19909308241185,6.032826017646476,3.8542653588537372,6.191678283897879,10.590408254892203,6.46323029381005,0.6666666666666666,2.0,1.0,0.06803725387564065,0.5,12.24744871391589,30.0,16.666666666666668,0.16449016332626343,0.7642998993396759,0.4858165979385376,3109.25,0.38615888357162476,0.00047369301319122314,0.0005743401852669194,0.9736716598272324,0.012489858113779095,,,0.5205087228808836,22.361695240815386,False,False,False
9qni_chainA,7,11,0.0,Unknown,0.6595833897590637,0.712959349155426,65.0,1,3,-4.952093042719606,-31.956903626458345,1.958017044535037,3.859376796505387,5.676570725509543,11.291714748699237,7.5340881792332866,0.6666666666666666,1.3333333333333333,1.0,0.16178014923543593,0.3333333333333333,2.3570226039551585,16.666666666666668,3.3333333333333335,0.1695627768834432,0.8713834881782532,0.41080992420514423,1317.6666666666667,0.3739415605862935,0.0004753271738688151,0.0005950304524352154,1.0410306056340535,0.00791906813987827,11.806518547556388,3.0591774708929766,0.7374463605842123,29.589384900055137,False,False,False
9qni_chainA,4510,12,0.027251506224274635,ActiveSite,0.5969634652137756,0.45104101300239563,958.6666870117188,1,10,-24.422473832052237,-3.402699436789548,11.312804559637318,5.615272765479011,11.537577313407134,19.721630801792852,8.299604644026875,0.4,3.6,1.0,0.021034919929872605,0.5111111111111111,9.86154146165801,35.5,10.777777777777779,0.04885881079567803,0.7817055523395539,0.32940574288368224,4445.9,0.4298493355512619,0.0004570305347442627,0.0005282112906570546,1.0077295482158661,0.013110478363618361,3.834406151937693,0.682853053107314,0.5060586032330445,34.62086811807806,False,False,False
9qni_chainA,4510,12,0.027251506224274635,ActiveSite,0.5969634652137756,0.45104101300239563,958.6666870117188,2,3,-27.256889764190916,-7.007474176127714,8.61325620552392,5.482366552305713,7.153781464419496,14.069479118344786,9.803572401881981,0.6666666666666666,1.3333333333333333,1.0,0.230860381832009,0.3333333333333333,8.498365855987975,-33.333333333333336,13.333333333333334,0.09484946727752686,0.9071746667226156,0.5571986337502798,3857.3333333333335,0.45973867177963257,0.0003612836201985677,0.0006136791780591011,1.153641700744629,0.008901889744511707,3.834406151937693,0.6994071110267264,0.5872197212960365,29.65558149679121,False,False,False
9qni_chainA,1513,13,0.013312355615198612,Cryptic,0.49061086773872375,0.8371591567993164,958.6666870117188,1,10,-24.094440872058048,-1.7691992790971156,13.283933664089302,5.291036276654452,8.81022595956364,16.867375992822435,7.7834847257920865,0.4,3.6,1.0,-0.02740039615024526,0.5555555555555556,9.9498743710662,36.0,10.444444444444445,0.06832388771904839,0.7914380908012391,0.3667585879564285,4306.3,0.43143723607063295,0.0004568517208099365,0.0005456547150970437,1.0448726892471314,0.013507146464632441,3.834406151937693,0.724698518673209,0.4988019546705159,36.94071307272924,False,False,False
9qni_chainA,1513,13,0.013312355615198612,Cryptic,0.49061086773872375,0.8371591567993164,958.6666870117188,2,3,-27.258417379551535,-7.011091748980079,8.609776407512632,5.481098942879566,7.150333254988769,14.069479118344786,9.803572401881981,0.6666666666666666,1.3333333333333333,1.0,0.230860381832009,0.3333333333333333,8.498365855987975,-33.333333333333336,13.333333333333334,0.09484946727752686,0.9071746667226156,0.5571986337502798,3857.3333333333335,0.45973867177963257,0.0003612836201985677,0.0006136791780591011,1.153641700744629,0.008901889744511707,3.834406151937693,0.6995688623572335,0.5872403243201672,29.65068079888058,False,False,False
9qni_chainA,4514,14,0.033347148448228836,ActiveSite,0.49061086773872375,0.46615099906921387,958.6666870117188,1,12,-26.678336312920482,-6.943416104994899,8.945194606168865,6.794513237167837,11.584051249874237,18.203805114442567,9.89821057681535,0.3333333333333333,3.6666666666666665,2.0,-0.07119420663930723,0.5909090909090909,9.673488971869917,32.916666666666664,11.742424242424242,0.07948033647103743,0.8117325554291407,0.3974759516616662,3898.0,0.42326251169045764,0.0004216631253560384,0.0005404618241300341,1.0058778027693431,0.013033279715379063,3.834406151937693,0.5643386094183241,0.4585137034947992,29.977238733725,False,False,False
9qni_chainA,4514,14,0.033347148448228836,ActiveSite,0.49061086773872375,0.46615099906921387,958.6666870117188,2,6,-28.93720326240838,-9.250285987246455,9.206977094197912,7.37289182069198,9.726567533664964,18.358051929385486,10.960254304442657,0.4,2.0,1.0,0.2107288519815735,0.26666666666666666,11.902380714238083,-25.0,15.333333333333334,0.13927863438924154,0.8630337516466776,0.5862033292651176,2322.6666666666665,0.4051998555660248,0.00033787886301676434,0.0005972410435788333,1.167279799779256,0.0073164366013510965,3.834406151937693,0.520068142214762,0.5075188402400698,27.531960973007816,False,False,False
9qni_chainA,1514,15,0.021844936534762383,Cryptic,0.49061086773872375,0.6145156025886536,958.6666870117188,1,11,-25.35315351299459,-5.659381112350443,10.639117649981344,6.664739025160896,12.619214658181267,20.595293668981235,10.013103199883457,0.34545454545454546,3.4545454545454546,2.0,-0.0660036971079054,0.5818181818181818,9.403709484353273,34.54545454545455,11.090909090909092,0.0777344140139493,0.792017936706543,0.3832793736999685,3995.2727272727275,0.418885510076176,0.0004251220009543679,0.0005299321452515538,0.9883841330354864,0.013638330328899462,3.834406151937693,0.5753272765012919,0.4655764592811778,32.12234089619555,False,False,False
9qni_chainA,1514,15,0.021844936534762383,Cryptic,0.49061086773872375,0.6145156025886536,958.6666870117188,2,3,-26.894090316803165,-6.856434938593458,8.696875059887544,5.537394735652838,7.555560523378087,14.069479118344786,9.803572401881981,0.6666666666666666,1.3333333333333333,1.0,0.230860381832009,0.3333333333333333,8.498365855987975,-33.333333333333336,13.333333333333334,0.09484946727752686,0.9071746667226156,0.5571986337502798,3857.3333333333335,0.45973867177963257,0.0003612836201985677,0.0006136791780591011,1.153641700744629,0.008901889744511707,3.834406151937693,0.692456712043598,0.5863277031297667,29.908576150111948,False,False,False
9qni_chainA,4001,16,0.05429188162088394,ActiveSite,0.5969634652137756,0.5002941489219666,2876.0,1,11,-24.493195745417168,-4.274045396741082,11.370122575644636,6.443482728297065,14.034378524719475,21.87079025711342,9.653056514050691,0.34545454545454546,3.4545454545454546,1.0,0.016452693938054555,0.509090909090909,11.096868741576094,33.63636363636363,12.727272727272727,0.07106288779865612,0.7972493009133772,0.315981694243171,4127.909090909091,0.42405873807993805,0.00044687227769331497,0.0005146596006604589,0.9833121028813449,0.013944034996088489,3.834406151937693,0.59508286335565,0.4768406480001817,33.86515864662958,False,False,False
9qni_chainA,4001,16,0.05429188162088394,ActiveSite,0.5969634652137756,0.5002941489219666,2876.0,2,3,-27.034933032018536,-6.944197390004158,8.633858608522685,5.50306242206164,7.382511905701802,14.069479118344786,9.803572401881981,0.6666666666666666,1.3333333333333333,1.0,0.230860381832009,0.3333333333333333,8.498365855987975,-33.333333333333336,13.333333333333334,0.09484946727752686,0.9071746667226156,0.5571986337502798,3857.3333333333335,0.45973867177963257,0.0003612836201985677,0.0006136791780591011,1.153641700744629,0.008901889744511707,3.834406151937693,0.6967767867879627,0.58688369338434,29.772494196594838,False,False,False
9qni_chainA,4511,17,0.027208931744098663,ActiveSite,0.5969634652137756,0.47495588660240173,958.6666870117188,1,10,-24.462383565853372,-4.80393974122997,10.79871429865254,6.175751089804873,13.504582688742396,20.595293668981235,9.379745616149512,0.35555555555555557,3.2,1.0,-0.020407407380467722,0.5555555555555556,8.602325267042627,36.0,9.777777777777779,0.07532538308037652,0.8000702142715455,0.3292093053460121,3994.9,0.42004727721214297,0.00044403076171875,0.0005321042393916286,0.9654700934886933,0.014597008030508354,3.834406151937693,0.6208809416343954,0.4940887204594688,33.18374092070061,False,False,False
9qni_chainA,4511,17,0.027208931744098663,ActiveSite,0.5969634652137756,0.47495588660240173,958.6666870117188,2,3,-26.91468907578963,-6.870686021195894,8.686173805632693,5.5316820095412735,7.529405467782131,14.069479118344786,9.803572401881981,0.6666666666666666,1.3333333333333333,1.0,0.23086038183200905,0.3333333333333333,8.498365855987974,-33.333333333333336,13.333333333333334,0.09484946727752686,0.9071746667226156,0.5571986337502798,3857.3333333333335,0.45973867177963257,0.0003612836201985677,0.0006136791780591011,1.153641700744629,0.008901889744511707,3.834406151937693,0.6931718318811441,0.5864200931710236,29.886826361905886,False,False,False
9qni_chainA,1511,18,0.01964944414794445,Cryptic,0.5969634652137756,0.6145156025886536,958.6666870117188,1,10,-24.3927691215915,-5.143880684040132,10.82856533372229,6.192174875316219,13.170355824885798,20.595293668981235,9.379745616149513,0.35555555555555557,3.2,1.0,-0.020407407380467715,0.5555555555555556,8.602325267042627,36.0,9.777777777777779,0.07532538308037652,0.8000702142715455,0.3292093053460121,3994.9,0.42004727721214297,0.00044403076171875,0.0005321042393916286,0.9654700934886933,0.014597008030508354,3.834406151937693,0.6192341510287013,0.4938367420131429,32.92123165503697,False,False,False
9qni_chainA,1511,18,0.01964944414794445,Cryptic,0.5969634652137756,0.6145156025886536,958.6666870117188,2,3,-27.202712206874576,-7.003152516937073,8.606616356798895,5.482631275938466,7.203071670950803,14.069479118344786,9.803572401881981,0.6666666666666666,1.3333333333333333,1.0,0.230860381832009,0.3333333333333333,8.498365855987975,-33.333333333333336,13.333333333333334,0.09484946727752686,0.9071746667226156,0.5571986337502798,3857.3333333333335,0.45973867177963257,0.0003612836201985677,0.0006136791780591011,1.153641700744629,0.008901889744511707,3.834406151937693,0.6993733408200709,0.5872154189388883,29.669666220111775,False,False,False
9qni_chainA,1510,19,0.01362534798681736,Cryptic,0.5969634652137756,0.8371591567993164,958.6666870117188,1,10,-24.3927691215915,-5.143880684040132,10.82856533372229,6.192174875316219,13.170355824885798,20.595293668981235,9.379745616149513,0.35555555555555557,3.2,1.0,-0.020407407380467715,0.5555555555555556,8.602325267042627,36.0,9.777777777777779,0.07532538308037652,0.8000702142715455,0.3292093053460121,3994.9,0.42004727721214297,0.00044403076171875,0.0005321042393916286,0.9654700934886933,0.014597008030508354,3.834406151937693,0.6192341510287013,0.4938367420131429,32.92123165503697,False,False,False
9qni_chainA,1510,19,0.01362534798681736,Cryptic,0.5969634652137756,0.8371591567993164,958.6666870117188,2,3,-27.202712206874576,-7.003152516937073,8.606616356798895,5.482631275938466,7.203071670950803,14.069479118344786,9.803572401881981,0.6666666666666666,1.3333333333333333,1.0,0.230860381832009,0.3333333333333333,8.498365855987975,-33.333333333333336,13.333333333333334,0.09484946727752686,0.9071746667226156,0.5571986337502798,3857.3333333333335,0.45973867177963257,0.0003612836201985677,0.0006136791780591011,1.153641700744629,0.008901889744511707,3.834406151937693,0.6993733408200709,0.5872154189388883,29.669666220111775,False,False,False
9qni_chainA,3515,20,0.0,Cryptic,0.6702662110328674,1.0,203.0,1,3,-24.979864564691347,-30.23497734864604,2.751142465202041,3.5293512226651185,4.6136719483460205,7.087410825496628,5.79744895034699,0.6666666666666666,1.3333333333333333,1.0,0.2794790344660955,0.3333333333333333,20.548046676563253,18.333333333333332,33.333333333333336,0.1266549030939738,0.8814953366915385,0.3842426538467407,454.3333333333333,0.3476145068804423,0.00035760800043741864,0.0005931388538253183,0.9802797238032023,0.010310095873375934,3.8397856568218134,1.0879579318043264,0.5685464413447234,11.081645633108831,False,False,False
9qni_chainA,4007,21,0.0,Unknown,0.6595833897590637,0.7238339781761169,65.0,1,3,-4.955671669043516,-31.955826298991216,1.9493281582780884,3.862066610648528,5.6853738592679885,11.291714748699237,7.5340881792332866,0.6666666666666666,1.3333333333333333,1.0,0.16178014923543593,0.3333333333333333,2.3570226039551585,16.666666666666668,3.3333333333333335,0.1695627768834432,0.8713834881782532,0.41080992420514423,1317.6666666666667,0.3739415605862935,0.0004753271738688151,0.0005950304524352154,1.0410306056340535,0.00791906813987827,,,0.6374140828144946,29.58462976553046,False,False,False
9qnj_chainA,507,1,0.0,Cryptic,0.5744906067848206,0.5234817266464233,1915.0,1,18,27.56734498649251,10.477401301317972,-6.758766845506818,7.243938154264717,11.73616033798128,18.294190598448523,10.068741340883168,0.20915032679738563,3.5555555555555554,1.0,-0.05536660053140488,0.5228758169934641,27.94946939578948,12.777777777777779,33.26797385620915,0.07909734459484324,0.8231239550643497,0.36556198861863876,2937.8888888888887,0.3976980215973324,0.0004061460494995117,0.0006263431502399422,0.967270188861423,0.009938784583860216,3.8558603760906673,0.5322878652436603,0.36029155873107277,24.25434228983761,False,False,False
9qnj_chainA,3,2,0.054525990039110184,ActiveSite,0.5225258469581604,0.5068395137786865,1915.0,1,16,26.949441202723683,12.663870051734474,-2.793237171577539,7.597126764189073,14.826249154666002,22.6988257414837,10.795980691005392,0.175,2.625,1.0,-0.0484126432101551,0.525,28.339460121886585,7.5,34.583333333333336,0.09666997939348221,0.8334222249686718,0.38318966049700975,2428.8125,0.388679888099432,0.00037444010376930237,0.0006509382326385094,1.001003846526146,0.008658719131870836,5.009580581754863,0.6594046324682581,0.3617765440042914,21.9619118116895,False,False,False
9qnj_chainA,506,3,0.0069664218463003635,Cryptic,0.8263499736785889,0.4786108732223511,239.0,1,5,26.60752475241837,20.78468976716358,12.5714376252243,5.415089454414859,11.279750409053326,15.789428699141405,8.91077084364915,0.5,2.0,1.0,0.45053300803641483,0.1,12.884098726725126,-28.0,17.0,0.11917086839675903,0.9079715967178345,0.23940299749374389,1314.2,0.37886430621147155,0.00038623809814453125,0.00071141641237773,0.9715139150619507,0.01236206936687816,3.862368952372151,0.7132604151577232,0.59450716799964,20.990339310910873,False,False,False
9qnj_chainA,506,3,0.0069664218463003635,Cryptic,0.8263499736785889,0.4786108732223511,239.0,2,4,26.333492509060328,20.203350331329087,16.606695110032287,5.619687938517793,9.035315266669203,13.825498686552292,9.24031710579993,0.8333333333333334,2.5,2.0,0.3517391210080952,0.3333333333333333,7.5,42.5,10.0,0.12465633948644002,0.8467548787593842,0.31448623165488243,2413.25,0.38919586688280106,0.0004145503044128418,0.0007070033243508078,0.9460040032863617,0.015507762348786112,3.862368952372151,0.6872924252428971,0.6386169250987496,24.438253194399618,False,False,False
9qnj_chainA,6,5,0.0,Unknown,0.4687628149986267,0.5044635534286499,57.0,1,6,33.503279093257376,23.022766592344333,-3.0442755285403376,7.034362943447701,10.628914735108033,16.52638819762525,10.030567538443831,0.3333333333333333,1.6666666666666667,1.0,-0.07493755713211621,0.6,12.47219128924647,-26.666666666666668,16.0,0.09681498606999715,0.8665042221546173,0.42859501640001935,1911.3333333333333,0.3864595542351405,0.0002649227778116862,0.0003152469547179256,1.0556629002094269,0.006726176535439626,3.8674295715301397,0.549791019118872,0.4247202506248179,10.469977496956922,False,False,False
9qnj_chainA,2,6,0.0,Cryptic,0.5031553506851196,1.0,66.0,1,5,11.644751809648774,29.388188473233253,2.7988209287563817,5.144154173357938,8.533235833558434,14.308215244121671,8.28344324206686,0.5,2.0,1.0,0.1361211360529537,0.3,16.0,-32.0,20.0,0.10971405506134033,0.8433913588523865,0.3627401053905487,2244.6,0.3906775951385498,0.0004684329032897949,0.0008409265545196831,1.040031611919403,0.012998683447354317,3.896094140676079,0.7573828484485009,0.49426121471314455,23.309288095463458,False,False,False
9qnj_chainA,1511,8,0.017295189201831818,Cryptic,0.5744906067848206,0.8003396987915039,638.3333129882812,1,3,24.812358954226497,15.963780699794562,7.150593695721122,6.826407895435999,10.742099386283805,13.926018726165342,11.177370162169145,0.6666666666666666,1.3333333333333333,1.0,0.7193722974256364,0.0,12.24744871391589,-30.0,20.0,0.04566478729248047,0.9527923464775085,0.3173057536284129,808.0,0.37420124808947247,0.00038065512975056964,0.0004947618132670565,0.9085300167401632,0.009800718583162595,3.8198932728343444,0.5595758898890659,0.6228680183960714,21.964696762638532,False,False,False
9qnj_chainA,4515,9,0.025477195158600807,ActiveSite,0.5225258469581604,0.7643850445747375,638.3333129882812,1,13,25.92521623019567,14.876007402112243,0.33277042634945536,7.46495868020453,12.148563406770872,21.91084543827193,10.865121821233002,0.19230769230769232,2.3076923076923075,1.0,-0.0585156244257254,0.5256410256410257,29.276280359977022,10.76923076923077,35.8974358974359,0.10689565462943836,0.8324089921437777,0.41016374643032366,2295.153846153846,0.3847522437572479,0.0003470182418823242,0.0006190611476575633,1.007542990721189,0.00859335098810468,5.009580581754863,0.6710794789848196,0.3605334463448957,20.4505827140091,False,False,False
9qnj_chainA,4513,10,0.02560773305594921,ActiveSite,0.5225258469581604,0.5144375562667847,638.3333129882812,1,15,26.64489168794675,10.321349055807168,-3.75603618062708,7.336050929093969,12.337755375076366,20.256713181729516,10.407283510288106,0.2,2.8,1.0,-0.06708042645733349,0.5142857142857142,28.589042189855423,11.0,34.476190476190474,0.09657314731961204,0.8098903973897298,0.3515918662150701,2860.0,0.3913875381151835,0.0003788590431213379,0.0005602591851735875,0.9702651580174764,0.009993024235565156,3.8370222594382692,0.5230364805976281,0.3549688431618477,24.31563634480164,False,False,False
9qnj_chainA,4507,11,0.10744065046310425,Cryptic,0.5744906067848206,0.5092899203300476,1915.0,1,6,25.20153980365363,12.715689740725686,5.691445865563282,6.706891250506227,11.117750474711505,19.792902676726335,10.541360539593496,0.4666666666666667,2.3333333333333335,1.0,0.02992316650194311,0.5333333333333333,12.472191289246473,-38.333333333333336,16.0,0.10718572537104289,0.8831456402937571,0.3859313329060872,2960.1666666666665,0.4157877713441849,0.00037159522374471027,0.00041400536125972093,0.9674979547659556,0.01069932856887002,3.8198932728343444,0.5695475191350425,0.46438842124925306,23.954795911926812,False,False,False
9qnj_chainA,4507,11,0.10744065046310425,Cryptic,0.5744906067848206,0.5092899203300476,1915.0,2,9,26.20872249087447,10.155114708802573,-3.30599715023158,7.197504974727028,11.78573042963988,20.256713181729516,10.588801000981814,0.3055555555555556,2.4444444444444446,1.0,-0.11132873459553612,0.5833333333333334,16.005400323208814,22.22222222222222,20.27777777777778,0.09114139278729756,0.7745027939478556,0.4100149952703052,3214.8888888888887,0.3930225570996602,0.00036041604148017033,0.0006066362352107211,1.012938141822815,0.0072102727742736385,3.8198932728343444,0.5307246450328736,0.3784040681010211,24.58834688834151,False,False,False
9qnj_chainA,3517,12,0.0669797733426094,Cryptic,0.5744906067848206,0.5742222666740417,1915.0,1,11,26.637515041663434,10.762777639850885,-5.466023168315406,7.308047902971446,13.990143094675734,20.256713181729516,10.552370809102475,0.2909090909090909,2.909090909090909,2.0,-0.0762457414213757,0.5272727272727272,15.04813214295168,24.09090909090909,18.545454545454547,0.09436051412062212,0.7913057912479747,0.3925664086233486,3258.5454545454545,0.39895919507200067,0.00038096579638394445,0.0006331844116092808,1.0038518634709446,0.006410863561986691,3.8198932728343444,0.5226968026962685,0.39653332755668025,24.05299656909227,False,False,False
9qnj_chainA,4511,13,0.02582894265651703,ActiveSite,0.5744906067848206,0.63447105884552,638.3333129882812,1,5,25.24523312250672,14.019311518586756,4.027206032398309,6.10298774877089,9.035415200361014,15.47982576994985,9.93038750996155,0.6,2.4,1.0,0.03858190651121418,0.5,12.409673645990857,-36.0,17.0,0.10230089426040649,0.9009630680084229,0.36548935174942015,2200.0,0.40095275044441225,0.00037333965301513674,0.0003809659472608473,0.9754171967506409,0.010104010713181674,3.8198932728343444,0.6259054466566234,0.48023634373203705,22.279455182132317,False,False,False
9qnj_chainA,4511,13,0.02582894265651703,ActiveSite,0.5744906067848206,0.63447105884552,638.3333129882812,2,8,26.403317791339536,10.603085408002336,-1.9618132224887486,7.0124053258368715,11.044975803507157,20.256713181729516,10.409303994084159,0.32142857142857145,2.25,1.0,-0.1330208485685776,0.6071428571428571,16.723860200324566,21.25,21.428571428571427,0.09672221754278455,0.7714571580290794,0.43135508336126804,3211.875,0.3926614969968796,0.0003476664423942566,0.0005836436937443068,1.0253636687994003,0.006016344066395009,3.8198932728343444,0.5447336677416708,0.3724181891103279,24.091339795610917,False,False,False
9qnj_chainA,1514,14,0.01238610502332449,Cryptic,0.5225258469581604,0.8003396987915039,638.3333129882812,1,7,26.85060775353465,10.119568447517011,-3.4823209866414233,6.552315955536621,11.474057743879477,14.418137059816011,9.246292959791342,0.3333333333333333,2.0,1.0,-0.09557958498909258,0.5714285714285714,17.525491637693282,20.0,22.38095238095238,0.08680023465837751,0.7872681788035801,0.47758775523730684,3011.1428571428573,0.3914246473993574,0.0003583686692374093,0.0006654550275665575,1.0152453184127808,0.006856237288413882,3.8198932728343444,0.5829836806948518,0.3943702134856877,24.43369725219974,False,False,False
9qnj_chainA,1514,14,0.01238610502332449,Cryptic,0.5225258469581604,0.8003396987915039,638.3333129882812,2,3,24.822613122875904,15.994700206231856,7.221743248331521,6.843487149278514,10.799227281967136,13.926018726165342,11.177370162169145,0.6666666666666666,1.3333333333333333,1.0,0.7193722974256364,0.0,12.24744871391589,-30.0,20.0,0.04566478729248047,0.9527923464775085,0.3173057536284129,808.0,0.37420124808947247,0.00038065512975056964,0.0004947618132670565,0.9085300167401632,0.009800718583162595,3.8198932728343444,0.5581793593690116,0.6226165163326262,21.96698354946214,False,False,False
9qnj_chainA,4508,15,0.009503213688731194,ActiveSite,0.6173040270805359,0.5725340247154236,444.6666564941406,1,7,23.71669947520832,-1.2963669043198203,17.46291014574771,4.807794392838253,6.537187990828605,12.236496817686708,7.103624455947704,0.3333333333333333,2.0,1.0,0.09246831163833394,0.42857142857142855,23.968516765089312,-0.7142857142857143,30.952380952380953,0.07926571369171143,0.8522420440401349,0.5046924437795367,2845.8571428571427,0.4094341908182417,0.00047141313552856445,0.000590585425795455,1.0352977514266968,0.015193066481648506,10.769147690321388,2.2399351574524977,0.5096767132220675,41.35128894803976,False,False,False
9qnj_chainA,1508,16,0.008068161085247993,Cryptic,0.6173040270805359,0.8478601574897766,444.6666564941406,1,6,23.61775027657049,-1.5370131941861735,18.298780050459577,4.507202019428234,5.849627257119699,10.373443709046704,6.768216257412107,0.4,2.0,1.0,0.07334519068919945,0.4666666666666667,22.06367049145621,-5.833333333333333,28.333333333333332,0.06277327537536621,0.869455873966217,0.5301066736380259,2358.1666666666665,0.4027920713027318,0.00047274430592854816,0.0006431588214278842,1.057327777147293,0.0167509967704136,,,0.4491044935511412,41.98488708364798,False,False,False
9qnj_chainA,4005,18,0.04337412491440773,ActiveSite,0.6173040270805359,0.5723589658737183,1334.0,1,9,23.768373108641512,0.9002400746368063,15.081535115882232,5.154991409972328,9.574153750678615,15.97527006977509,7.697060741322662,0.3333333333333333,2.6666666666666665,1.0,0.006989189467670813,0.5277777777777778,22.360679774997898,-11.666666666666666,27.77777777777778,0.07796020971404181,0.8314618468284607,0.5513641503122118,4006.777777777778,0.43311941623687744,0.00044018030166625977,0.0004749837082474389,1.0163830121358235,0.012277881527715188,9.644026223501923,1.8708132480774962,0.46078889100621523,38.36487804419746,False,False,False
9qnj_chainA,3515,21,0.0029210031498223543,Cryptic,0.8263499736785889,0.5451279282569885,239.0,1,5,20.915661087094676,21.717515557551664,16.939567735365095,6.9834631454352945,9.593968911527103,13.825498686552292,10.629082939031466,0.4,1.6,1.0,0.32661983071967376,0.2,10.677078252031311,36.0,15.0,0.07745594978332519,0.8554161787033081,0.3707490712404251,2391.8,0.39393739104270936,0.0003928661346435547,0.0004974387935362756,0.9921188831329346,0.010273460940230392,3.861167404433495,0.552901522356759,0.5611486214820963,26.162181344413334,False,False,False
9qnj_chainA,3515,21,0.0029210031498223543,Cryptic,0.8263499736785889,0.5451279282569885,239.0,2,8,19.965731837478533,22.426598479948108,15.982027063591046,7.371887440296243,9.316977581699346,16.999762534307262,10.649389046259534,0.25,1.75,1.0,-0.10263491932533637,0.6071428571428571,17.218721642444887,-24.375,20.178571428571427,0.08635420458657402,0.8773805946111679,0.2916944660246372,1892.875,0.38775795325636864,0.000395357608795166,0.0005810265208765486,1.0039995610713959,0.011417784795119087,3.861167404433495,0.523769175222015,0.37559844757448907,25.648535307196646,False,False,False
9qnk_chainA,509,2,0.11402365565299988,Cryptic,0.5868663787841797,0.4665418863296509,1819.0,1,15,28.303920253330475,12.62810964385197,-0.7770249519400264,6.7668221482248985,14.286263185280543,20.08559109477697,9.859400781383988,0.22857142857142856,3.2,1.0,-0.01894341289116179,0.5428571428571428,25.768197453450252,24.0,29.80952380952381,0.09674900599888393,0.8390331983566284,0.3666214351852735,2431.2,0.3926910738150279,0.00034346977869669594,0.0006893304426436468,1.0418562014897665,0.009060700092246476,10.166983088836723,1.5024752928527565,0.4094619186553259,23.08281893794104,False,False,False
9qnk_chainA,3,3,0.040975600481033325,ActiveSite,0.5190325379371643,0.5160654783248901,1819.0,1,16,27.227023759720165,10.020113058207357,-4.1641157947991605,6.837806114085087,11.985706819452474,18.832921419503503,9.78228778584673,0.2,3.0,1.0,-0.045136123585483155,0.5583333333333333,24.252496649829684,25.9375,26.958333333333332,0.08767517109711966,0.8268325924873352,0.35299603221938014,2733.5625,0.39714583568274975,0.000376872718334198,0.0007758378333164728,1.032245710492134,0.009489387060619234,3.8778434754398377,0.5671180800888651,0.3776947222961605,25.721590535742745,False,False,False
9qnk_chainA,5,4,0.05409395322203636,ActiveSite,0.5749770998954773,0.45778533816337585,1272.0,1,3,30.950189304117792,16.32771814402358,15.824725371607514,6.57749589402826,8.670226868948308,16.9542792579407,11.84814468106515,0.6666666666666666,1.3333333333333333,1.0,0.580219301677274,0.0,2.3570226039551585,28.333333333333332,3.3333333333333335,0.08024593194325765,0.9450529217720032,0.12570265804727873,949.6666666666666,0.38456334670384723,0.00045851866404215497,0.0005502985998949347,1.0232338110605876,0.013882307919387896,4.99101297573575,0.7588013821897046,0.7223505774605709,13.358154620081562,False,False,False
9qnk_chainA,4,5,0.0,Cryptic,0.5792620182037354,1.0,161.0,1,7,13.66257268891521,31.276882757723932,6.099143492847439,5.467032358788261,11.427402866485448,14.53868503553277,8.27498308484303,0.2857142857142857,1.7142857142857142,1.0,-0.11805932973187676,0.7619047619047619,12.777531299998797,7.142857142857143,15.238095238095237,0.06741219475155785,0.8500540852546692,0.4792938551732472,2432.8571428571427,0.3972423119204385,0.00046040330614362447,0.0007274132388244782,1.0334856935909815,0.013630904065780764,4.9843789557449245,0.9117156491185806,0.4495056466501078,37.14866251786197,False,False,False
9qnk_chainA,9,6,0.0,Unknown,0.5028367042541504,0.527283251285553,92.0,1,5,34.259633888017696,20.871753320272614,-0.7845854979552199,5.836985945703625,6.807484356081281,11.92102589689595,8.940172760731086,0.4,1.6,1.0,-0.1540432381079226,0.7,10.677078252031311,31.0,14.0,0.16019588708877563,0.8024626493453979,0.4460151165723801,3030.4,0.4045249819755554,0.00026633739471435545,0.00026249229231325446,1.1568089962005614,0.0026928236328273942,,,0.43613918913650784,26.277022378690422,False,False,False
9qnk_chainA,510,7,0.03287297114729881,Cryptic,0.5803795456886292,0.5264412760734558,1819.0,1,18,28.415713409993465,10.377916837303527,-5.683323958045789,6.765884270963829,11.572098701262455,18.554016500302094,9.68118057113714,0.2549019607843137,4.333333333333333,1.0,-0.02224225234316378,0.5032679738562091,23.14240669537896,26.38888888888889,25.522875816993466,0.08642107910580105,0.8195479777124193,0.37932856794860625,3106.5,0.40461136566268074,0.000399804777569241,0.0007875842897596562,1.019272267818451,0.010475133747009221,3.8064598100980414,0.5625960565766217,0.3916154991891271,26.87681159663886,False,False,False
9qnk_chainA,512,8,0.05783680081367493,Cryptic,0.6892939805984497,0.45228704810142517,1272.0,1,3,24.55003294877938,4.137591368056263,12.669337939244999,3.6254467205309937,4.3648294147376605,8.595404946369625,6.191185630090028,0.6666666666666666,1.3333333333333333,1.0,0.6071638050502414,0.0,22.48456260538674,-6.666666666666667,36.666666666666664,0.04651514689127604,0.8095360398292542,0.402931272983551,5527.333333333333,0.4726527730623881,0.0003930528958638509,0.00026211546355625615,1.0969494581222534,0.004836798764134977,3.8708455433474085,1.067687885585717,0.6541290846143325,12.800743679530665,False,False,False
9qnk_chainA,6,9,0.0,Unknown,0.4948877990245819,0.5193548798561096,92.0,1,5,26.799632158905,20.04244116676759,14.170865722748353,4.4647172871375185,5.814669935394939,9.733947960379284,6.99772689030853,0.5,2.0,2.0,-0.1861753600718254,0.6,6.0,27.0,6.0,0.11643993854522705,0.8714412331581116,0.38094686046242715,2110.0,0.39751595854759214,0.0004486203193664551,0.000455700617749244,1.076479959487915,0.015614103317319925,3.8554062311466843,0.8635275165694793,0.5359029649273744,18.72191456495717,False,False,False
9qnk_chainA,6,9,0.0,Unknown,0.4948877990245819,0.5193548798561096,92.0,2,3,24.67880842402414,26.185311696091407,10.390453084727085,3.895624310597535,5.652084964590358,8.533536276237214,6.588241328227795,0.6666666666666666,1.3333333333333333,1.0,-0.06310208588021105,0.6666666666666666,11.785113019775793,-18.333333333333332,16.666666666666668,0.1060326099395752,0.8253671129544576,0.3648582696914673,2368.3333333333335,0.3755054672559102,0.00043332576751708984,0.0007018551211028049,0.8510505159695944,0.013677301577877833,5.002621011222632,1.2841641319502135,0.5375174132769318,26.032586834544155,False,False,False
9qnk_chainA,6,9,0.0,Unknown,0.4948877990245819,0.5193548798561096,92.0,3,3,15.789187164069268,23.070694108667773,13.171661656824698,2.896222326488392,3.4770180809920146,5.886047667068571,5.0048876774648745,0.6666666666666666,1.3333333333333333,1.0,-0.17249677523239104,0.3333333333333333,6.236095644623236,36.666666666666664,10.0,0.06540866692860921,0.8716345429420471,0.5309958159923553,2574.6666666666665,0.40751105546951294,0.0004678169886271159,0.0006314614438451827,1.030869762102763,0.010352838629862532,5.022309329046322,1.734089708208197,0.5990590070709265,27.859798636994007,False,False,False
9qnk_chainA,1526,10,0.02161572501063347,Cryptic,0.5190325379371643,0.5352442264556885,606.3333129882812,1,18,26.92555240493251,8.268951367827963,0.5360148701416603,7.555002180524884,12.687225929504036,21.413253316869543,10.82042676899148,0.1568627450980392,2.6666666666666665,1.0,-0.054491383393533904,0.5359477124183006,28.087165910587863,21.666666666666668,32.02614379084967,0.09950678449830198,0.8230525818136003,0.3569681483010451,3135.722222222222,0.40679849353101516,0.00037987695799933537,0.0007084253811626695,1.0289568503697712,0.008934756430232066,,,0.337748619006126,21.18037113677372,False,False,False
9qnk_chainA,4518,11,0.02355332486331463,ActiveSite,0.5803795456886292,0.5896472334861755,606.3333129882812,1,15,27.1615050401256,9.76351298539774,-3.2037394743931538,6.623472352312844,11.827210370587146,18.554016500302094,9.412932434915342,0.17142857142857143,2.4,1.0,-0.018501412007713103,0.5333333333333333,26.025628394590846,21.0,30.38095238095238,0.08894033318474179,0.8296971082687378,0.35113655279080075,2780.4,0.40046635071436565,0.00035964250564575196,0.000722834246456235,1.0539592901865642,0.008425529755920733,,,0.3584896737791907,24.802002972781967,False,False,False
9qnk_chainA,1525,12,0.00915136281400919,Cryptic,0.5190325379371643,0.9137690663337708,606.3333129882812,1,8,25.560643158643003,8.599466555358248,3.2615845762756566,6.872932903268994,12.660227932443725,19.804432099440245,10.060159709704882,0.25,1.75,1.0,0.022293726446168702,0.5,27.43600508455996,4.375,35.535714285714285,0.12051132534231458,0.8423778787255287,0.2946721548214555,2918.0,0.4079970121383667,0.0003473535180091858,0.0006456247283495031,1.0564476549625397,0.007479825009491112,3.834056481679614,0.5578486703770976,0.3883377705976862,19.491225242891854,False,False,False
9qnk_chainA,4525,13,0.020868409425020218,ActiveSite,0.5190325379371643,0.6279658675193787,606.3333129882812,1,17,26.502671076364567,8.856203129460964,0.7540376046372981,7.131799170488411,12.581772100097151,21.413253316869543,10.313416881277561,0.18382352941176472,2.9411764705882355,1.0,-0.05550291380008711,0.5588235294117647,26.763089802534886,23.823529411764707,30.147058823529413,0.091833134784418,0.8136048316955566,0.32734555312815833,3420.235294117647,0.41245174057343426,0.0003756249652189367,0.0007138634982231237,1.0408314992399776,0.009547277296444254,10.166983088836723,1.425584602957973,0.39040393035358656,21.276462343488912,False,False,False
9qnk_chainA,4510,14,0.07905858755111694,Cryptic,0.5803795456886292,0.5104759335517883,1819.0,1,18,26.60204767503939,8.425275994203378,0.05945887169845187,7.189641993313747,13.025089425492746,21.413253316869543,10.33903671470669,0.16993464052287582,2.888888888888889,1.0,-0.056319954823857765,0.5555555555555556,27.878982304255434,21.38888888888889,31.862745098039216,0.09126244144502028,0.8169020248783959,0.35067713219258523,3395.8333333333335,0.41255801916122437,0.0003815193970998128,0.0007071852507781134,1.0362543563048046,0.01003355054667459,10.166983088836723,1.4141153479257877,0.38872057344103966,21.766648517674636,False,False,False
9qnk_chainA,4005,16,0.03597971796989441,ActiveSite,0.5749770998954773,0.5475715398788452,1272.0,1,3,24.559931589634743,4.137702022290812,12.652996628194769,3.622231579768021,4.36690506557051,8.595404946369625,6.191185630090028,0.6666666666666666,1.3333333333333333,1.0,0.6071638050502414,0.0,22.48456260538674,-6.666666666666667,36.666666666666664,0.04651514689127604,0.8095360398292542,0.402931272983551,5527.333333333333,0.4726527730623881,0.0003930528958638509,0.00026211546355625615,1.0969494581222534,0.004836798764134977,3.834056481679614,1.0584791163256213,0.6538607073281516,12.801211873508699,False,False,False
9qnk_chainA,1512,17,0.0157467108219862,Cryptic,0.6892939805984497,0.7454767823219299,424.0,1,3,30.91321477412729,16.424789244318607,15.887497040560431,6.572556000039088,8.584680578020164,16.9542792579407,11.84814468106515,0.6666666666666666,1.3333333333333333,1.0,0.580219301677274,0.0,2.3570226039551585,28.333333333333332,3.3333333333333335,0.08024593194325765,0.9450529217720032,0.12570265804727873,949.6666666666666,0.38456334670384723,0.00045851866404215497,0.0005502985998949347,1.0232338110605876,0.013882307919387897,4.99101297573575,0.7593716927944117,0.7224288665419313,13.440618803262502,False,False,False
9qnk_chainA,1516,18,0.00920795276761055,Cryptic,0.5868663787841797,0.9137690663337708,606.3333129882812,1,15,26.940622709771887,8.223694735900889,-0.8468425011296099,6.900331678226511,12.855038027515661,19.804432099440245,10.008191902901565,0.19047619047619047,2.6666666666666665,1.0,-0.055714465994453316,0.580952380952381,28.264622567600103,16.666666666666668,33.714285714285715,0.0875249635605585,0.8329486052195231,0.3582826053102811,3252.6666666666665,0.4140986780325572,0.0003815094629923503,0.0006647487374721095,1.0457865277926126,0.011043875077463397,3.834056481679614,0.5556336507385141,0.3646907708289481,22.417017334909385,False,False,False
9qnk_chainA,1519,19,0.009187613613903522,Cryptic,0.5803795456886292,0.9137690663337708,606.3333129882812,1,15,26.940622709771887,8.223694735900889,-0.8468425011296099,6.900331678226511,12.855038027515661,19.804432099440245,10.008191902901565,0.19047619047619047,2.6666666666666665,1.0,-0.055714465994453316,0.580952380952381,28.264622567600103,16.666666666666668,33.714285714285715,0.0875249635605585,0.8329486052195231,0.3582826053102811,3252.6666666666665,0.4140986780325572,0.0003815094629923503,0.0006647487374721095,1.0457865277926126,0.011043875077463397,3.834056481679614,0.5556336507385141,0.3646907708289481,22.417017334909385,False,False,False
9qnk_chainA,1517,20,0.01872004196047783,Cryptic,0.5868663787841797,0.5352442264556885,606.3333129882812,1,15,26.940622709771887,8.223694735900889,-0.8468425011296099,6.900331678226511,12.855038027515661,19.804432099440245,10.008191902901565,0.19047619047619047,2.6666666666666665,1.0,-0.055714465994453316,0.580952380952381,28.264622567600103,16.666666666666668,33.714285714285715,0.0875249635605585,0.8329486052195231,0.3582826053102811,3252.6666666666665,0.4140986780325572,0.0003815094629923503,0.0006647487374721095,1.0457865277926126,0.011043875077463397,3.834056481679614,0.5556336507385141,0.3646907708289481,22.417017334909385,False,False,False
9qnk_chainA,1520,21,0.01867869310081005,Cryptic,0.5803795456886292,0.5352442264556885,606.3333129882812,1,15,26.940622709771887,8.223694735900889,-0.8468425011296099,6.900331678226511,12.855038027515661,19.804432099440245,10.008191902901565,0.19047619047619047,2.6666666666666665,1.0,-0.055714465994453316,0.580952380952381,28.264622567600103,16.666666666666668,33.714285714285715,0.0875249635605585,0.8329486052195231,0.3582826053102811,3252.6666666666665,0.4140986780325572,0.0003815094629923503,0.0006647487374721095,1.0457865277926126,0.011043875077463397,3.834056481679614,0.5556336507385141,0.3646907708289481,22.417017334909385,False,False,False
9qnk_chainA,4514,23,0.030767878517508507,ActiveSite,0.6892939805984497,0.5693493485450745,424.0,1,5,28.609341087318175,16.719590885025365,14.535562837685394,5.559534533885821,9.511084125626265,16.9542792579407,9.468640960155593,0.7,2.8,2.0,0.42927420586138226,0.2,2.0,29.0,2.0,0.10838247537612915,0.9084335327148437,0.3232706539332867,1672.2,0.3940148115158081,0.00045607089996337893,0.000547900922538247,1.0347763061523438,0.01726651888222821,4.99101297573575,0.8977393602495164,0.7076970342430157,15.011639396059367,False,False,False
9qnk_chainA,4007,27,0.0,Unknown,0.43543869256973267,0.5748918652534485,52.0,1,3,21.9979551096214,-2.4931548234764374,19.395848407994173,2.932592049547312,4.202660719334275,6.556023653345803,5.185313348344475,0.6666666666666666,1.3333333333333333,1.0,0.19342205370270849,0.3333333333333333,11.785113019775793,21.666666666666668,16.666666666666668,0.3077694574991862,0.7620200316111246,0.44213391343752545,2334.0,0.3614343802134196,0.00047202905019124347,0.0005795727095877131,0.9305659135182699,0.014467171919969752,3.8525207445433676,1.3136913281675369,0.6290157347541544,14.959228635089708,False,False,False
9qnl_chainA,3,1,0.0031108157709240913,Allosteric,0.5877894163131714,0.7141578197479248,193.0,1,6,-26.18757524014977,-28.242196426338996,1.9645770307330908,5.950767955412565,8.563927542894959,14.142157477547293,9.147412929744137,0.3333333333333333,1.6666666666666667,1.0,0.29454474311075984,0.4,23.804761428476166,10.0,31.333333333333332,0.10202821493148803,0.8241874873638153,0.42501603563626605,1537.6666666666667,0.3594844986995061,0.0003370841344197591,0.0004786252914830887,0.9778392215569814,0.008436512591387666,3.8423957754118385,0.6456974636218102,0.487691545915306,11.96678414345664,False,False,False
9qnl_chainA,0,2,0.0,Unknown,0.4740293025970459,0.5236222147941589,80.0,1,8,-34.97822738688743,-21.30642828011395,-2.2068284157824807,6.4154568874038915,10.036461699641942,16.59840029968764,9.036800223911184,0.39285714285714285,2.75,1.0,-0.034298979103367384,0.5,9.662265521087692,28.125,11.25,0.12857010321957724,0.7714040502905846,0.38694028556346893,3010.25,0.3949010632932186,0.00027727335691452026,0.0004978282677257084,1.1576432213187218,0.007379749907523419,3.829031097677606,0.5968446464343835,0.47707899011132865,23.142310085334955,False,False,False
9qnl_chainA,1,3,0.12432348728179932,ActiveSite,0.5150522589683533,0.5403020977973938,2838.0,1,10,-24.155956314658063,-8.78843513472011,7.495850265702161,6.756312452357345,10.876593489393281,21.443369523187634,10.178116336531657,0.35555555555555557,3.2,1.0,-0.032589481519174346,0.5111111111111111,12.257650672131263,-38.5,14.555555555555555,0.08973730670081245,0.8443564295768737,0.35369394421577455,3460.8,0.41789422631263734,0.00045035481452941893,0.00048493150097783655,0.9510216653347016,0.012925732720684749,3.834644360244766,0.5675646866963384,0.4473853305062381,30.121186435056227,False,False,False
9qnl_chainA,1,3,0.12432348728179932,ActiveSite,0.5150522589683533,0.5403020977973938,2838.0,2,7,-27.62871982884614,-8.088660247571033,6.842441728781287,8.24039674089288,10.73855034289215,18.873421643260798,12.132343673262802,0.38095238095238093,2.2857142857142856,1.0,0.07134821358982282,0.42857142857142855,8.017837257372731,35.0,10.0,0.09543731666746594,0.8433231966836112,0.3047241212001869,3150.1428571428573,0.41047461118016926,0.0003987039838518415,0.00046365006606460417,0.9831127098628453,0.008120201030595922,3.834644360244766,0.4653470555871885,0.5016113978682474,31.436671784261378,False,False,False
9qnl_chainA,508,4,0.0010478319600224495,Cryptic,0.6480921506881714,0.6626113057136536,115.0,1,7,-9.36136575993346,-26.343971409657055,12.97536706442938,4.95748974651174,8.888443118203142,14.672502267927763,7.711582150910922,0.3333333333333333,2.0,1.0,0.0936640146647566,0.3333333333333333,27.348842455823785,1.4285714285714286,35.714285714285715,0.09040055388496035,0.8850834539958409,0.29600654542446136,1094.142857142857,0.371080892426627,0.0004679816109793527,0.0006144161535693067,1.029532594340188,0.012578979011381202,,,0.4194372535106346,19.1653461676161,False,False,False
9qnl_chainA,8,5,0.0,Unknown,0.6449326872825623,0.7388762831687927,76.0,1,3,-4.969727124021738,-31.563716390609947,1.9864935446083039,3.8549159245268445,5.67718831330489,11.179404968570811,7.4724890845578535,0.6666666666666666,1.3333333333333333,1.0,0.027866055073147655,0.6666666666666666,22.48456260538674,11.666666666666666,36.666666666666664,0.1168210506439209,0.8769483963648478,0.28452593088150024,1706.6666666666667,0.3823164999485016,0.00047594308853149414,0.000594201332811887,0.9823447664578756,0.011823412237746099,,,0.444187721630505,15.310531158781574,False,False,False
9qnl_chainA,4,7,0.0,Unknown,0.4777293801307678,0.6489668488502502,60.0,1,7,-26.464603319546658,-18.23745770253153,-2.192900739001489,4.732222898710634,8.25785457005578,12.899504582573263,7.328148125169001,0.38095238095238093,2.2857142857142856,1.0,-0.10837272690095476,0.47619047619047616,26.82140479359798,8.571428571428571,34.76190476190476,0.09987338383992513,0.834058335849217,0.3090965279511043,2538.0,0.39647007840020315,0.0003944465092250279,0.00040396508016523773,1.0661970973014832,0.010018102780021517,,,0.37794627412708276,21.098140082508394,False,False,False
9qnl_chainA,5,8,0.0,Unknown,0.5478298664093018,0.5671274065971375,64.0,1,9,-29.391454387837523,-11.29093103408834,-7.355865724165073,6.46808734458409,9.235502869155162,15.086868456579046,8.55349981629119,0.3888888888888889,3.111111111111111,2.0,0.007373968761167033,0.5277777777777778,10.21376461713902,28.88888888888889,13.055555555555555,0.10016134712431166,0.8470511502689786,0.34866894947157967,2855.0,0.41958169142405194,0.00039560927285088436,0.0005092651837104415,1.22430686155955,0.010199841475932113,3.862996585476242,0.5972393970082728,0.48376228652162806,29.578834422943952,False,False,False
9qnl_chainA,6,10,0.0,Unknown,0.4944443106651306,1.0,70.0,1,3,-6.562332741322196,-32.17543912575593,1.2163195076217388,4.698633504251814,7.305369167888895,10.998062844010468,8.410686865279606,0.6666666666666666,1.3333333333333333,1.0,0.4251773983251728,0.0,15.456030825826174,31.666666666666668,23.333333333333332,0.1168210506439209,0.8692163427670797,0.22396216044823328,2229.3333333333335,0.3917439877986908,0.0004748702049255371,0.0006548591481987387,0.9448911945025126,0.011474618367913273,,,0.5673175290641685,13.570973660834362,False,False,False
9qnl_chainA,2,11,0.007189685944467783,Cryptic,0.8140251040458679,0.4791128933429718,315.0,1,4,-25.979386789350453,-21.88885342154088,13.902328258002779,5.256941452014138,5.819914311809072,9.843288621530927,7.6381320919154305,0.6666666666666666,2.0,1.0,0.2327054646098833,0.3333333333333333,12.93010054098575,-33.75,19.166666666666668,0.12512547771135965,0.8817809075117111,0.29205062985420227,1522.5,0.3836357444524765,0.0003907233476638794,0.0004206327794236131,1.0751600414514542,0.010914019367910638,3.8539143273217396,0.7331096156387961,0.563590301339844,21.66129931694024,False,False,False
9qnl_chainA,2,11,0.007189685944467783,Cryptic,0.8140251040458679,0.4791128933429718,315.0,2,6,-23.76258532887076,-22.791458784010402,16.38798808312303,7.9519275339363675,11.537116886181954,17.63255379833671,11.959433349523083,0.4666666666666667,2.3333333333333335,1.0,0.40846370027553314,0.26666666666666666,9.753916592266355,24.166666666666668,13.0,0.090971306959788,0.9170995056629181,0.2968546276291211,1565.6666666666667,0.386854628721873,0.00045809149742126465,0.0005873709039102929,0.9314428766568502,0.012779042336225491,3.8539143273217396,0.4846515905576887,0.5786815612275522,22.04783713231575,False,False,False
9qnl_chainA,509,12,0.0,Cryptic,0.5622265338897705,0.4613349735736847,80.0,1,9,-32.23644452137131,-20.331848209856503,-2.659938181150135,6.649642029308847,8.33560750663691,13.57177552403508,9.19948497168164,0.4166666666666667,3.3333333333333335,1.0,-0.044954419949059736,0.5277777777777778,16.850834320114558,22.22222222222222,19.72222222222222,0.12890368037753636,0.7814349333445231,0.35680904156631893,3206.8888888888887,0.4028598831759559,0.00031246079338921443,0.0005145742599981733,1.1435039705700345,0.008448433929874186,3.829031097677606,0.5758251467975021,0.4212215073393292,22.16113353106293,False,False,False
9qnl_chainA,1512,13,0.019334934651851654,Cryptic,0.5150522589683533,0.6431534290313721,946.0,1,10,-23.719793938310737,-5.581053311190301,10.563384688518376,6.635895504273719,12.697250615637747,21.347395996665274,9.98140207487433,0.35555555555555557,3.2,1.0,0.00567306969206605,0.4888888888888889,9.797958971132712,-42.0,11.11111111111111,0.10328193770514595,0.8099488735198974,0.4265033513307571,4001.2,0.4219720333814621,0.0004548192024230957,0.00045722451468463985,0.9449951946735382,0.012371983231677538,3.8514203891715715,0.5803919586574471,0.48437668864255745,33.89277471796198,False,False,False
9qnl_chainA,1512,13,0.019334934651851654,Cryptic,0.5150522589683533,0.6431534290313721,946.0,2,3,-26.21812499507045,-3.2732495262390953,10.431843383870753,5.03503430260501,9.957636009082295,12.924758140755529,9.132722305955548,0.6666666666666666,1.3333333333333333,1.0,0.47685385494675514,0.0,9.428090415820632,33.333333333333336,13.333333333333334,0.03418473402659098,0.7977594335873922,0.3129478953778744,4937.0,0.4436485469341278,0.00043831268946329754,0.0005294463189784437,0.9457876086235046,0.011585389839911357,3.8514203891715715,0.7649243595379154,0.6603209129373442,36.46767437977029,False,False,False
9qnl_chainA,4001,14,0.04126105085015297,ActiveSite,0.5150522589683533,0.48687443137168884,2838.0,1,10,-23.720136206158955,-5.5853179903971455,10.560004863195257,6.63577651322738,12.69309449744598,21.347395996665274,9.98140207487433,0.35555555555555557,3.2,1.0,0.005673069692066056,0.4888888888888889,9.797958971132712,-42.0,11.11111111111111,0.10328193770514595,0.8099488735198974,0.4265033513307571,4001.2,0.4219720333814621,0.0004548192024230957,0.00045722451468463985,0.9449951946735382,0.012371983231677538,3.8514203891715715,0.5804023660975274,0.48437846344978286,33.887814993422054,False,False,False
9qnl_chainA,4001,14,0.04126105085015297,ActiveSite,0.5150522589683533,0.48687443137168884,2838.0,2,4,-26.26207331848374,-4.1611936448547775,8.715691094965168,5.4234781174974405,9.958661670990663,12.924758140755529,9.475184361890493,0.6666666666666666,2.0,1.0,0.38502296478261755,0.0,8.2915619758885,32.5,11.666666666666666,0.02696552872657776,0.792822852730751,0.2813298674300313,4610.75,0.43348024040460587,0.0004434734582901001,0.0006189623600221239,0.9476432949304581,0.009764237806101918,3.8514203891715715,0.7101384583346922,0.6395392446113166,35.218444523055076,False,False,False
9qnl_chainA,1511,15,0.03150995820760727,Cryptic,0.5150522589683533,0.5872660279273987,946.0,1,11,-24.123071709856333,-7.6116717402024285,8.204870087877017,6.906383081962328,11.420457351815976,21.57147151386438,10.27953968352251,0.36363636363636365,3.6363636363636362,1.0,-0.03373010601211487,0.5454545454545454,10.543103186130184,-40.45454545454545,12.363636363636363,0.09401006698608398,0.8461821404370394,0.35460796884515067,3744.3636363636365,0.42598091201348737,0.00045518983494151723,0.0004998609418345785,0.9469969218427484,0.012641907305660333,3.834644360244766,0.5552319230973238,0.4616166936239507,31.40502381684875,False,False,False
9qnl_chainA,1511,15,0.03150995820760727,Cryptic,0.5150522589683533,0.5872660279273987,946.0,2,6,-26.715258574755772,-7.44357159873883,6.568751626959636,7.863085282956265,10.973894085537797,18.873421643260798,12.14162291751752,0.4,2.0,1.0,0.20281644716718686,0.26666666666666666,8.374896350934074,35.833333333333336,10.333333333333334,0.07654997905095419,0.8235629498958588,0.331548639262716,3490.6666666666665,0.41416721045970917,0.0004132191340128581,0.00045985489729597856,0.9848625163237253,0.008315598962342833,3.834644360244766,0.48767681161446896,0.536475756957027,31.759846685380214,False,False,False
9qnl_chainA,1513,16,0.03485848009586334,Cryptic,0.5150522589683533,0.6056780219078064,946.0,1,7,-27.824123241580896,-8.499198948415579,9.66489139764056,8.103656509723331,10.386412013781595,18.873421643260798,11.770880630939146,0.38095238095238093,2.2857142857142856,1.0,0.07649654739994108,0.38095238095238093,7.889543583705187,33.57142857142857,10.0,0.0736412491117205,0.8279048459870475,0.2681871125740664,3698.0,0.4221951237746647,0.0004069038799830845,0.0005516114781910021,1.0022108043943132,0.009917712815306045,3.8514203891715715,0.47526945207393345,0.5040743311644801,31.767007482066244,False,False,False
9qnl_chainA,1513,16,0.03485848009586334,Cryptic,0.5150522589683533,0.6056780219078064,946.0,2,9,-24.352139424084772,-7.756310743428701,9.065974464867637,5.9400456797299785,10.62854334097109,16.656423494561395,9.056940708722141,0.4166666666666667,3.3333333333333335,1.0,-0.05495675691714519,0.5,9.428090415820634,-43.333333333333336,10.0,0.07482025027275085,0.8368862138854133,0.36248131261931527,3564.222222222222,0.41644903355174595,0.0004527303907606337,0.00047802725586936704,0.9201280607117547,0.012770314219925602,3.8514203891715715,0.6483822847211923,0.4857866919276413,31.517647784361703,False,False,False
9qnl_chainA,4513,17,0.033981382846832275,ActiveSite,0.5150522589683533,0.4596303403377533,946.0,1,9,-24.23132170665516,-8.277304653820021,8.19877985432402,6.004890693507051,10.332978978143988,17.726791254203565,9.112420052930334,0.4166666666666667,3.3333333333333335,1.0,-0.07428617292380552,0.5277777777777778,10.657403385139377,-40.55555555555556,12.5,0.08150198724534777,0.8452038963635763,0.35824398282501435,3998.222222222222,0.4315832025474972,0.0004544920391506619,0.0004713846493460652,0.9317856033643087,0.013578118866567021,3.8514203891715715,0.6413805988735186,0.4653858925256403,30.784614375867523,False,False,False
9qnl_chainA,4513,17,0.033981382846832275,ActiveSite,0.5150522589683533,0.4596303403377533,946.0,2,6,-28.169267358996983,-6.708145554264507,8.248908463983293,7.639579788976744,11.086502993947411,18.873421643260798,11.164594497015832,0.4666666666666667,2.3333333333333335,2.0,0.01041696313514023,0.4,8.374896350934074,34.166666666666664,11.0,0.07221604585647583,0.8213959832986196,0.28313601824144524,3593.6666666666665,0.41610755523045856,0.00039403637250264484,0.0005301996352500282,0.9857947826385498,0.008752958190460215,3.8514203891715715,0.5041403448300703,0.48450708561877415,33.171828196962664,False,False,False
9qnl_chainA,3513,18,0.0035197287797927856,Cryptic,0.8140251040458679,0.5312066674232483,315.0,1,13,-22.733093105012774,-22.840091833678816,15.841437137478664,7.269839556863196,10.617834541866364,17.63255379833671,9.630814740613634,0.3333333333333333,4.0,1.0,0.11213845904879889,0.41025641025641024,23.38259100549333,23.846153846153847,27.05128205128205,0.09658819437026978,0.885538766017327,0.21999960851210815,2110.230769230769,0.3962103541080768,0.0004140963921180138,0.0005267997834240445,1.0010239023428698,0.01285812900830588,3.8539143273217396,0.530123711421306,0.41866866336276404,21.4279829947631,False,False,False
9qwj_chainD,4,1,0.05553276464343071,ActiveSite,0.6845110654830933,0.6029224395751953,1675.0,1,6,-13.969632672738264,12.352412115181297,-33.669369693964526,6.358556325066595,10.528837714651676,13.972549778858985,9.489514799040327,0.4666666666666667,2.3333333333333335,1.0,0.07326144067774894,0.4666666666666667,14.624940645653538,16.666666666666668,19.333333333333332,0.09904508590698242,0.8570993343989054,0.2147604233274857,1811.0,0.38588326176007587,0.0004762510458628337,0.0006463427368241051,1.0823391775290172,0.015939961368127583,3.8005778678331623,0.5977108125708641,0.4654439674691335,9.991864598399777,False,False,False
9qwj_chainD,509,2,0.0029175891540944576,Cryptic,0.6650000214576721,0.5480837821960449,110.0,1,5,-6.454685447258674,23.836255309593874,5.606955763651669,5.036399013647442,6.327293561254041,11.694673950649493,7.605597205487181,0.6,2.4,2.0,0.011857369683210413,0.5,8.0,31.0,11.0,0.06724902391433715,0.820867943763733,0.5075147837400437,3677.0,0.42603484988212587,0.00038700103759765626,0.0004954229487339034,1.1046260237693786,0.0048596477548325315,5.09915443332959,1.0124603748654737,0.559164747736956,39.1026207989479,False,False,False
9qwj_chainD,1,5,0.000999517273157835,Unknown,0.5266169309616089,0.5964153409004211,91.0,1,3,-26.90264118920016,4.953092047553429,-41.47539869325674,2.5370668564044103,3.5524218088913955,5.796212243329307,4.509700428431313,0.6666666666666666,1.3333333333333333,1.0,0.2058191117278989,0.3333333333333333,12.24744871391589,-35.0,20.0,0.050222555796305336,0.8011357188224792,0.37623753647009534,4775.0,0.4449421763420105,0.0004773139953613281,0.00044406769059908885,1.0076220830281575,0.012923785148652901,3.844837200300752,1.515465463826895,0.63646641606459,23.68457559353915,False,False,False
9qwj_chainD,8,11,0.0,Unknown,0.5082430839538574,0.5212090611457825,67.0,1,4,-12.08825500358847,23.113826567912678,-24.70336491459874,5.681426785525213,8.89638495220089,14.19605213416191,9.197579281614182,0.6666666666666666,2.0,1.0,0.6697024822600559,0.0,10.231690964840562,36.25,14.166666666666666,0.027486334244410198,0.8053671568632126,0.47919877618551254,3931.75,0.42386025935411453,0.00047494471073150635,0.0007410184480249882,1.0173928290605545,0.018079507296527755,3.831347524754405,0.6743636183987576,0.6713788731040577,8.289868238479887,False,False,False
9qwj_chainD,7,12,0.0028950832784175873,Unknown,0.658750057220459,0.51316899061203,110.0,1,5,-8.891949431897425,26.77236785643756,3.4902570511229314,6.035925895884083,12.943033137335338,17.47004281767225,9.510973220347452,0.4,1.6,1.0,0.08276588550558221,0.4,14.966629547095765,26.0,20.0,0.009107828140258789,0.806632685661316,0.472096449136734,4573.0,0.4389107048511505,0.0003067612648010254,0.0003666016709757969,1.0135377407073975,0.00508614898892675,3.798179738894969,0.6292621553695614,0.4609918042368224,36.89393249326698,False,False,False
9qwj_chainD,1511,13,0.013059464283287525,Cryptic,0.6845110654830933,0.6603549718856812,558.3333129882812,1,7,-12.893240623160516,11.722730477937427,-34.52663399732716,6.605062103902844,9.062371919592936,14.74377389667738,9.563446864025746,0.38095238095238093,2.2857142857142856,1.0,0.14325541976566583,0.42857142857142855,17.69930241909124,22.857142857142858,22.857142857142858,0.09027349948883057,0.8884979571614947,0.24083862134388515,1572.4285714285713,0.3879668542316982,0.0004736695970807757,0.0006498177286370524,1.0704687237739563,0.018318869028349404,3.8005778678331623,0.5754038051493038,0.45612942476655,10.698235597215932,False,False,False
9qwj_chainD,4512,14,0.017258942127227783,ActiveSite,0.6845110654830933,0.7367053031921387,558.3333129882812,1,7,-15.499258997432287,13.697925591259388,-32.58347841727958,6.744782351363137,10.710771362548332,18.88228089976796,10.33218997209515,0.5238095238095238,3.142857142857143,1.0,-0.009883100812410199,0.5238095238095238,17.525491637693282,15.0,22.38095238095238,0.1002693119503203,0.848284832068852,0.3128685802221298,1917.2857142857142,0.37972733804157804,0.00047466584614345005,0.0007653986436447927,0.986364620072501,0.015167747229283464,3.8005778678331623,0.5634841377891248,0.4141150884847179,8.883118104525277,False,False,False
9qwj_chainD,1513,15,0.009850128553807735,Cryptic,0.6845110654830933,0.6288023591041565,558.3333129882812,1,7,-14.011974052619783,13.779749409659829,-31.061922346182893,6.117748552322433,10.153126989131236,16.703535047644934,9.388817944842085,0.5714285714285714,3.4285714285714284,1.0,0.1213438637015635,0.42857142857142855,14.742691028964494,20.714285714285715,17.61904761904762,0.11516127699897402,0.8557308145931789,0.3038992988211768,1854.2857142857142,0.3836412174361093,0.0004754321915762765,0.0006611553669374968,1.03732168674469,0.014396200209299595,3.856528705896485,0.6303836571433558,0.4831793685965537,8.72986994227731,False,False,False
9qwj_chainD,4004,16,0.056556373834609985,ActiveSite,0.6845110654830933,0.6001481413841248,1675.0,1,7,-14.011974052619783,13.779749409659829,-31.061922346182893,6.117748552322433,10.153126989131236,16.703535047644934,9.388817944842085,0.5714285714285714,3.4285714285714284,1.0,0.1213438637015635,0.42857142857142855,14.742691028964494,20.714285714285715,17.61904761904762,0.11516127699897402,0.8557308145931789,0.3038992988211768,1854.2857142857142,0.3836412174361093,0.0004754321915762765,0.0006611553669374968,1.03732168674469,0.014396200209299595,3.8005778678331623,0.6212379988043769,0.4828745133185878,8.72986994227731,False,False,False
9qwj_chainD,4513,17,0.01778380014002323,ActiveSite,0.6845110654830933,0.6921597123146057,558.3333129882812,1,7,-13.509895009148863,13.206306906630793,-31.15746482903071,6.2350076930979395,10.781310985456576,16.703535047644934,9.388817944842085,0.5714285714285714,3.4285714285714284,1.0,0.1213438637015635,0.42857142857142855,14.742691028964494,20.714285714285715,17.61904761904762,0.11516127699897402,0.8557308145931789,0.3038992988211768,1854.2857142857142,0.3836412174361093,0.0004754321915762765,0.0006611553669374968,1.03732168674469,0.014396200209299595,3.8005778678331623,0.6095546396903961,0.48107795832548234,9.243522984631925,False,False,False
9qwj_chainD,4009,18,0.02979939803481102,ActiveSite,0.7326076030731201,0.5369582772254944,418.0,1,5,-4.350359268526655,23.31366841229866,-0.09059121036680907,4.2523170877529815,7.349301253232483,12.865669673319351,6.660724584083089,0.4,1.6,1.0,0.09987296297591615,0.4,18.275666882497067,-24.0,25.0,0.06388427019119262,0.7847574472427368,0.39606850445270536,4676.6,0.4415286362171173,0.00032172203063964846,0.00041585641738492993,1.1054245948791503,0.00769251376337826,5.09915443332959,1.199147271499477,0.4984181965666288,33.980817519130234,False,False,False
9qwj_chainD,4007,19,0.0016838096780702472,Unknown,0.658750057220459,0.5658343434333801,110.0,1,3,-7.460557760394898,22.787302756416455,3.878950644120226,5.474492488412051,6.915873006678059,11.694673950649493,8.288212326980767,0.6666666666666666,1.3333333333333333,1.0,0.4054435788320179,0.3333333333333333,8.16496580927726,30.0,13.333333333333334,0.0807565450668335,0.8415492375691732,0.38081619640191394,3562.0,0.43391382694244385,0.0003444353739420573,0.0003997281552680458,1.1865094900131226,0.0035745549217743484,,,0.6225481936099775,37.205101689013844,False,False,False
9qwj_chainT,3,1,0.0,Unknown,0.5135948061943054,0.5172457098960876,82.0,1,3,58.54779747817713,27.050317780199656,76.38403688788739,6.6060383509817235,9.135948911418078,13.31221657632658,9.281345685943057,0.6666666666666666,1.3333333333333333,1.0,-0.029665310866951383,0.6666666666666666,2.357022603955158,43.333333333333336,3.3333333333333335,0.11377390225728352,0.8358604113260905,0.5556843802332878,2620.0,0.3968326946099599,0.0004703998565673828,0.0006799921490407238,1.0124794046084087,0.011797811937090244,3.8634096895557453,0.5848300424991635,0.5646575073044439,42.767558618175286,False,False,False
9qwj_chainT,4,3,0.0024726937990635633,Unknown,0.6093999147415161,0.5513772368431091,132.0,1,7,55.73934444381147,26.727084618215283,53.90114228510515,6.107183277828554,9.553659756801196,13.612934830485074,8.853818744234417,0.6666666666666666,4.0,2.0,0.29031429070419157,0.3333333333333333,8.017837257372731,-35.0,10.0,0.08427132878984724,0.8674420458929879,0.4389129068170275,4034.0,0.44388664194515776,0.0004362208502633231,0.0004773332371509501,1.0057321105684554,0.009065628062144502,3.8460707454914607,0.6297618018856893,0.6075508069702331,56.825959226876336,False,False,False
9qwj_chainT,507,4,0.0,Cryptic,0.5496923923492432,1.0,135.0,1,3,78.67504354341305,1.397939143155716,97.99316150009965,3.796812420965813,6.964331690479809,9.453489621710814,6.6404656609939465,1.0,2.0,2.0,0.37605278092711397,0.0,4.08248290463863,-15.0,6.666666666666667,0.06366626421610515,0.8570805788040161,0.38690230747063953,2877.0,0.4100023905436198,0.0004760424296061198,0.0008399710641242564,1.0078919132550557,0.011517685415150886,,,0.7003560474221233,10.038018041888101,False,False,False
9qwj_chainT,2,5,0.06175461411476135,ActiveSite,0.5277388691902161,0.5030727982521057,1844.0,1,7,65.01581334507318,22.330802554753156,81.8720238471178,5.729720201461189,10.667390348417639,17.15904403582789,8.377177074471275,0.38095238095238093,2.2857142857142856,2.0,-0.14402012677238982,0.5238095238095238,38.53172559788908,2.857142857142857,50.476190476190474,0.034876255762009395,0.8005128587995257,0.1718442046216556,4282.285714285715,0.43470808012144907,0.0004754321915762765,0.0007198420353233814,1.0584808247429984,0.012802263198705753,7.211480004674677,1.2586094523142004,0.3845947435578208,34.24694454007959,False,False,False
9qwj_chainT,2,5,0.06175461411476135,ActiveSite,0.5277388691902161,0.5030727982521057,1844.0,2,3,62.544164853936486,9.701999880562479,91.04134618937827,2.706130697110298,4.0135616139941614,6.408721910138493,4.696925590277098,0.6666666666666666,1.3333333333333333,1.0,-0.004313684129706345,0.3333333333333333,6.236095644623236,-23.333333333333332,10.0,0.06694682439168294,0.9261753559112549,0.3450518151124318,873.6666666666666,0.37710313002268475,0.0004731019337972005,0.0004461560699079807,1.0242445071538289,0.013117547572105587,7.211480004674677,2.664867595779964,0.673121794335071,22.155687165300165,False,False,False
9qwj_chainT,7,6,0.0138598857447505,Cryptic,0.770350456237793,0.5267655253410339,321.0,1,6,78.78039849090791,3.2012951441011257,97.71240559672113,4.281689481877273,7.741551454607068,12.779512472092906,6.5730737599418205,0.6,3.0,1.0,0.4218782149897066,0.2,17.716909687891082,-13.333333333333334,23.333333333333332,0.09800099929173788,0.8254827956358591,0.3929341497520606,3235.8333333333335,0.4161870628595352,0.0004800657431284587,0.0005885257342015393,1.0955337683359783,0.012154349030609591,3.8087293755738765,0.8895389055406159,0.5892033818297452,11.622259349675756,False,False,False
9qwj_chainT,7,6,0.0138598857447505,Cryptic,0.770350456237793,0.5267655253410339,321.0,2,3,87.67294505510112,13.35747160515192,85.5511481416885,3.5834761091871257,6.472188217807523,9.695329539823824,6.709541228814852,1.0,2.0,2.0,0.7033508283192709,0.0,4.08248290463863,-15.0,6.666666666666667,0.08788124720255534,0.8813357353210449,0.44242191314697266,2031.3333333333333,0.39776791135470074,0.00047351916631062824,0.0006844486924819648,1.0619694590568542,0.017322142279390624,3.8190974417838324,1.065752170634718,0.7988016010302459,25.57676459425184,False,False,False
9qwj_chainT,1509,7,0.009986083023250103,Cryptic,0.5277388691902161,0.6217749714851379,614.6666870117188,1,7,63.54934215712187,21.56991315661863,86.9698244172332,5.764328369484692,9.760702008808071,19.26644696420897,8.747149237384097,0.38095238095238093,2.2857142857142856,1.0,-0.0963839087940946,0.47619047619047616,33.98679215248663,16.428571428571427,42.857142857142854,0.034916315759931295,0.7992974264281136,0.1789324570979391,4268.857142857143,0.43393993377685547,0.00047583239419119697,0.0007313757170257824,1.057814019066947,0.014656296107832785,3.825271363446051,0.6636109392546655,0.37747263379932494,32.56117504033733,False,False,False
9qwj_chainT,1509,7,0.009986083023250103,Cryptic,0.5277388691902161,0.6217749714851379,614.6666870117188,2,3,62.61920840553417,9.74298979995179,91.00179570590734,2.691042033401619,3.92077983087381,6.408721910138493,4.696925590277098,0.6666666666666666,1.3333333333333333,1.0,-0.004313684129706345,0.3333333333333333,6.236095644623236,-23.333333333333332,10.0,0.06694682439168294,0.9261753559112549,0.3450518151124318,873.6666666666666,0.37710313002268475,0.0004731019337972005,0.0004461560699079807,1.0242445071538289,0.013117547572105587,7.211480004674677,2.67980949950417,0.6738009217570486,22.148405760133414,False,False,False
9qwj_chainT,1508,8,0.011457016691565514,Cryptic,0.5277388691902161,0.6385589241981506,614.6666870117188,1,3,62.58555471983393,9.69782495278663,91.0450917573328,2.697544108661224,3.98962627794084,6.408721910138493,4.696925590277098,0.6666666666666666,1.3333333333333333,1.0,-0.004313684129706345,0.3333333333333333,6.236095644623236,-23.333333333333332,10.0,0.06694682439168294,0.9261753559112549,0.3450518151124318,873.6666666666666,0.37710313002268475,0.0004731019337972005,0.0004461560699079807,1.0242445071538289,0.013117547572105587,7.211480004674677,2.673350171187263,0.6735075859100365,22.12677981241425,False,False,False
9qwj_chainT,1508,8,0.011457016691565514,Cryptic,0.5277388691902161,0.6385589241981506,614.6666870117188,2,4,62.064033508522776,19.274153657658132,93.06960174658337,4.705389652649981,6.7196153024844,9.88993552974291,6.461116858079582,0.8333333333333334,2.5,2.0,0.23719265341514553,0.3333333333333333,7.5,42.5,10.0,0.046696354945500694,0.7986840754747391,0.16637946851551533,3358.0,0.4084012359380722,0.00047519803047180176,0.0007005465886322781,1.050292432308197,0.01626425958764098,3.825271363446051,0.8129552801842318,0.6387306589876657,30.282557329573756,False,False,False
9qwj_chainT,4507,9,0.010912078432738781,ActiveSite,0.5277388691902161,0.5903339982032776,614.6666870117188,1,3,62.63394667348817,9.73644383774262,91.00795769978217,2.6879470349547616,3.917432446510161,6.408721910138493,4.696925590277098,0.6666666666666666,1.3333333333333333,1.0,-0.004313684129706345,0.3333333333333333,6.236095644623236,-23.333333333333332,10.0,0.06694682439168294,0.9261753559112549,0.3450518151124318,873.6666666666666,0.37710313002268475,0.0004731019337972005,0.0004461560699079807,1.0242445071538289,0.013117547572105587,7.211480004674677,2.682895128101379,0.6739409160249845,22.133443394257927,False,False,False
9qwj_chainT,4507,9,0.010912078432738781,ActiveSite,0.5277388691902161,0.5903339982032776,614.6666870117188,2,4,62.64489568934764,20.591991628218807,86.72381929937663,4.053181639925966,6.356583370745132,11.33638386437631,6.724885578717078,0.6666666666666666,2.0,1.0,0.1679659996438111,0.16666666666666666,15.562374497485916,33.75,22.5,0.04911585648854574,0.7950548231601715,0.1461708303540945,3281.75,0.4065789133310318,0.0004718303680419922,0.0006980755279073492,1.07124263048172,0.013366626275606478,3.841670050224072,0.9478159114266201,0.5359013823398794,32.11211063438047,False,False,False
9qwj_chainT,4508,10,0.01322268508374691,ActiveSite,0.5277388691902161,0.6297189593315125,614.6666870117188,1,5,62.73346414148146,19.85939365647082,90.8923734447508,5.372238502138941,10.145526051514466,15.441984795333417,8.069538364683122,0.6,2.4,1.0,0.09555368652332116,0.3,14.628738838327793,36.0,19.0,0.04034585952758789,0.7948234438896179,0.16610254496335983,3472.4,0.4106148600578308,0.00047512054443359374,0.0006932221702300012,1.054099702835083,0.014946974838012186,3.825271363446051,0.7120442180523129,0.48773813247664166,30.680106951984474,False,False,False
9qwj_chainT,4508,10,0.01322268508374691,ActiveSite,0.5277388691902161,0.6297189593315125,614.6666870117188,2,3,62.62774277227612,9.732675516980105,91.01158968097675,2.689123993021145,3.9254814211016242,6.408721910138493,4.696925590277098,0.6666666666666666,1.3333333333333333,1.0,-0.004313684129706345,0.3333333333333333,6.236095644623236,-23.333333333333332,10.0,0.06694682439168294,0.9261753559112549,0.3450518151124318,873.6666666666666,0.37710313002268475,0.0004731019337972005,0.0004461560699079807,1.0242445071538289,0.013117547572105587,7.211480004674677,2.6817208962435424,0.6738876514662601,22.13367548081659,False,False,False
9qwj_chainT,4002,11,0.04567944258451462,ActiveSite,0.5277388691902161,0.5723555088043213,1844.0,1,5,62.743380105547025,19.895585963067624,90.80175012854404,5.345804329835435,10.050434841810596,15.441984795333417,8.069538364683122,0.6,2.4,1.0,0.09555368652332116,0.3,14.628738838327793,36.0,19.0,0.04034585952758789,0.7948234438896179,0.16610254496335983,3472.4,0.4106148600578308,0.00047512054443359374,0.0006932221702300012,1.054099702835083,0.014946974838012186,3.825271363446051,0.7155651661428858,0.4881727074806362,30.718765958470513,False,False,False
9qwj_chainT,4002,11,0.04567944258451462,ActiveSite,0.5277388691902161,0.5723555088043213,1844.0,2,3,62.63150212310204,9.721033712596826,91.02267807931408,2.6882207845212704,3.9348298962536004,6.408721910138493,4.696925590277098,0.6666666666666666,1.3333333333333333,1.0,-0.004313684129706345,0.3333333333333333,6.236095644623236,-23.333333333333332,10.0,0.06694682439168294,0.9261753559112549,0.3450518151124318,873.6666666666666,0.37710313002268475,0.0004731019337972005,0.0004461560699079807,1.0242445071538289,0.013117547572105587,7.211480004674677,2.6826219208624,0.6739285241222205,22.12059078781365,False,False,False
9qwj_chainT,4007,12,0.00627813721075654,Cryptic,0.770350456237793,0.5952170491218567,321.0,1,3,74.34285538614694,11.310463995526987,100.17073238566007,3.9574073317481493,5.322956838781754,10.251578430048903,6.943893347019999,0.6666666666666666,1.3333333333333333,1.0,0.005166510831149791,0.3333333333333333,8.498365855987975,-33.333333333333336,13.333333333333334,0.028180440266927082,0.8427394032478333,0.3435091773668925,4343.333333333333,0.453050434589386,0.0004748900731404622,0.0008446229233716925,1.1185580889383953,0.01722796138688552,3.8417655902522276,0.9707784082350608,0.5677194800486909,19.820830915096266,False,False,False
9qwj_chainT,4007,12,0.00627813721075654,Cryptic,0.770350456237793,0.5952170491218567,321.0,2,3,78.68180774108548,5.123849552809948,98.03537366060766,3.7088129091282647,5.884360526581507,7.376098862921505,6.441119646374557,1.0,2.0,2.0,0.6973638453817514,0.0,11.785113019775793,1.6666666666666667,16.666666666666668,0.07238248984018962,0.7674713929494222,0.42388296127319336,4572.666666666667,0.43143818775812787,0.00048277775446573895,0.0004632216247652347,1.0380635261535645,0.0122831435434978,3.8384776292197547,1.034961245894166,0.7336512749713704,13.488718701285086,False,False,False
9qwj_chainT,4001,13,0.002507693599909544,Unknown,0.559978723526001,0.5167945623397827,118.0,1,3,52.591100066918365,17.900182514996818,66.96992039751413,5.0129893788446305,7.218687138129275,9.991601395861037,8.007049057590953,0.6666666666666666,1.3333333333333333,1.0,0.1948436995351919,0.3333333333333333,12.472191289246473,-33.333333333333336,20.0,0.16904099782307944,0.7898905277252197,0.5859695672988892,4162.0,0.43861180543899536,0.00040407975514729816,0.000254542823919716,1.23079518477122,0.004238945353301662,3.8442648436865428,0.7668607597514101,0.5599813619343272,44.16234698086205,False,False,False
9qwj_chainT,3509,14,0.011980836279690266,Cryptic,0.8325151801109314,0.5414665341377258,371.0,1,4,53.3831751754916,23.17830898816501,52.97457152258203,4.308545048552388,5.763355494755431,9.795308398919843,6.8686924124677935,1.0,3.0,3.0,0.21843308088197497,0.16666666666666666,8.926785535678562,-31.25,12.5,0.0827785034974416,0.8625389188528061,0.3844579868018627,3711.75,0.43237731605768204,0.0004700273275375366,0.00046270441816886887,0.9793964475393295,0.008586052562340265,,,0.6052502043414019,56.34810814484144,False,False,False
9qwj_chainT,4000,15,0.014580209739506245,Cryptic,0.8325151801109314,0.5310696363449097,371.0,1,5,54.35341340963755,24.980780502044418,52.353666484644286,4.853929895659142,7.345387030367156,11.136115676278743,7.235850015103035,0.9,3.6,3.0,0.2521509248043058,0.2,8.717797887081348,-33.0,12.0,0.06968271732330322,0.8576628923416137,0.4594711273908615,4024.0,0.43836359977722167,0.000470125675201416,0.00042813638574443755,0.9634284734725952,0.008259438754455811,3.8460707454914607,0.7923622359958252,0.6277523888899795,57.430133912379524,False,False,False
9qwj_chainT,4005,17,0.0,Unknown,0.5142711997032166,0.5835049748420715,88.0,1,11,60.60737437104048,25.092955349281766,57.667949315946416,5.856534070131702,12.088050372722618,18.677402651217065,8.752103574584893,0.36363636363636365,3.6363636363636362,1.0,0.017773386662754145,0.509090909090909,24.7048695303658,-21.818181818181817,29.636363636363637,0.08561720197851008,0.8685576644810763,0.46356787058440124,4272.727272727273,0.45227407054467633,0.0004436536268754439,0.0005743049392053349,1.0270477750084617,0.012714347633428718,3.8418368249967285,0.655991543631596,0.41038221696156363,51.5292680697677,False,False,False
9sia_chainB,1,1,0.0,Unknown,0.4343656897544861,0.511623740196228,76.0,1,6,11.096252617034708,21.277042120223655,-2.241283297723461,5.820058097770766,9.796353693252222,17.52062531144217,9.007566903472936,0.3333333333333333,1.6666666666666667,1.0,0.10773992099634633,0.3333333333333333,35.56098048891978,2.5,47.666666666666664,0.0803064743677775,0.8415645758310953,0.5665686726570129,4406.5,0.4494306296110153,0.000471264123916626,0.0004921098467699873,1.0450524886449177,0.012652968833714825,3.867221413332692,0.6644644002460969,0.433898902289553,10.614068743559296,False,False,False
9sia_chainB,4,4,0.07885060459375381,ActiveSite,0.691274106502533,0.4971524477005005,412.0,1,7,28.524531269691167,43.11586551512351,2.9124067522635007,6.28293939461573,16.028027102506584,20.025313282679765,9.68766781101312,0.42857142857142855,2.5714285714285716,1.0,0.08995184705528517,0.5714285714285714,7.889543583705187,36.42857142857143,9.523809523809524,0.05535620734805152,0.8595000590596881,0.42515151841299875,2889.0,0.4132749395711081,0.0004546727452959333,0.0005282477650325745,1.0464592320578439,0.01169113752243712,3.8421430521322746,0.6115199926048727,0.5310298047525202,23.29316828638326,False,False,False
9sia_chainB,2,6,0.08234073221683502,ActiveSite,0.7945857048034668,0.45503076910972595,544.0,1,3,17.45899232572131,38.38932475995008,2.0250402795916127,5.187930975296429,6.322981946250231,10.41981940007089,8.655381485040778,0.6666666666666666,1.3333333333333333,1.0,0.04542249550779067,0.6666666666666666,8.16496580927726,30.0,13.333333333333334,0.038427154223124184,0.8622224926948547,0.3441014587879181,2436.6666666666665,0.4021892746289571,0.00046265125274658203,0.0005094463122077286,1.0511951843897502,0.009592463790073105,3.8386170976347755,0.7399129086168005,0.5562663312351583,17.589333924027102,False,False,False
9sia_chainB,6,7,0.006782799959182739,Unknown,0.49943843483924866,0.5354127287864685,93.0,1,6,23.421391108181556,31.91894206716075,-2.8975852656360224,5.062913782929271,8.379406785538345,12.747369657206725,6.85719637212029,0.5333333333333333,2.6666666666666665,2.0,5.5279937803713135e-05,0.6,18.257418583505537,-20.0,24.0,0.04100465774536133,0.8042085965474447,0.4515878955523173,4649.0,0.44549691180388135,0.00047211845715840656,0.0007338956735717753,1.054392804702123,0.0149444698461013,8.697504883895673,1.717885244900126,0.48788221010255123,12.0581945038815,False,False,False
9sia_chainB,4004,9,0.12865063548088074,ActiveSite,0.691274106502533,0.5471463799476624,412.0,1,4,19.67542241534521,39.46715538923513,3.5072693905388133,5.484909625106389,8.493309798958252,14.472739906420317,8.105457586495048,0.6666666666666666,2.0,1.0,0.11405166282194301,0.5,4.14578098794425,33.75,5.833333333333333,0.02787730097770691,0.8293123096227646,0.38873882591724396,3521.0,0.41509121656417847,0.0004266798496246338,0.0005021961769671179,0.9573497772216797,0.015582453862298534,3.846957167496941,0.7013711128234539,0.5984496592022096,18.442909470439734,False,False,False
9sia_chainB,4006,10,0.024380162358283997,Allosteric,0.7945857048034668,0.5352838635444641,181.3333282470703,1,3,17.465438985726482,38.3925344907275,2.108135319571399,5.188698221653479,6.385490257765782,10.41981940007089,8.655381485040778,0.6666666666666666,1.3333333333333333,1.0,0.04542249550779067,0.6666666666666666,8.16496580927726,30.0,13.333333333333334,0.038427154223124184,0.8622224926948547,0.3441014587879181,2436.6666666666665,0.4021892746289571,0.00046265125274658203,0.0005094463122077286,1.0511951843897502,0.009592463790073105,3.8386170976347755,0.7398034986146343,0.5562534772788015,17.592171724016474,False,False,False
9sia_chainB,4006,10,0.024380162358283997,Allosteric,0.7945857048034668,0.5352838635444641,181.3333282470703,2,5,11.074873135880955,38.57828311953663,-2.853178942001246,4.6169975349675525,8.459028551365842,11.892472827789266,7.352703488742209,0.4,1.6,1.0,-0.13871913748105696,0.7,12.409673645990857,-36.0,17.0,0.10327191352844238,0.8768653750419617,0.4549373507499695,2259.8,0.4025801420211792,0.00045892000198364256,0.0004582610272336751,1.0644333481788635,0.009920632438945927,3.8395916067858646,0.8316208916522302,0.46426689894815465,20.55865227657861,False,False,False
9sia_chainB,4006,12,0.0033068698830902576,Unknown,0.49943843483924866,0.5352838635444641,93.0,1,3,25.489928923977388,34.538922798936866,-3.9437970330910543,5.189054552006398,9.259559677846154,10.21130503504593,7.290578377151206,0.6666666666666666,1.3333333333333333,1.0,0.0960578277427457,0.6666666666666666,12.472191289246473,-33.333333333333336,20.0,0.07060555617014568,0.8168051441510519,0.4755457242329915,5505.333333333333,0.4835126002629598,0.0004728833834330241,0.0007775559400518736,1.217400590578715,0.010654666704758411,3.8546802543774588,0.7428482810779102,0.5292070333930942,15.316980963521203,False,False,False
9sic_chainB,3,4,0.0528649277985096,ActiveSite,0.8031696677207947,0.47647538781166077,761.0,1,5,9.651107618658692,-8.227755643083661,-3.582099664237958,6.759489704109429,10.393537453033801,17.316217035747968,9.409664047519533,0.6,2.4,1.0,0.39845885521203234,0.1,11.832159566199232,-35.0,16.0,0.049677908420562744,0.8750148415565491,0.347274187207222,3878.8,0.4378101646900177,0.0004294872283935547,0.0005788662005215883,0.9453584671020507,0.00785910859504447,3.833544912473023,0.5671352543288025,0.574258430331356,16.8567138849014,False,False,False
9sic_chainB,3,4,0.0528649277985096,ActiveSite,0.8031696677207947,0.47647538781166077,761.0,2,3,17.237134550160263,-9.419954719572258,1.0990660886473405,3.815390856935638,5.269716994084988,9.538343974589027,6.473754554746179,0.6666666666666666,1.3333333333333333,1.0,0.1947006541867156,0.3333333333333333,14.142135623730951,30.0,20.0,0.06161824862162272,0.8712858359018961,0.28525233765443164,2218.6666666666665,0.3993922869364421,0.00046298901240030926,0.0004718096849198143,1.0576143860816956,0.010997205684747524,3.833544912473023,1.0047581116111302,0.5723131941556614,19.452939890159453,False,False,False
9sic_chainB,1,6,0.01050370279699564,Unknown,0.5460951924324036,0.5092136263847351,145.0,1,8,0.0049238384003891245,-6.682128482629333,-3.548013014111804,5.722558343083142,9.457776452159466,17.664594829654664,8.512394115986373,0.2857142857142857,2.0,1.0,0.0353426862274834,0.42857142857142855,26.153094941134597,0.625,33.75,0.05929469210760934,0.850158303976059,0.4470399534329772,4738.25,0.46196071803569794,0.00042031705379486084,0.0005601819939329289,1.069981962442398,0.010920864174638735,,,0.39072330792569676,17.221361625204516,False,False,False
9sic_chainB,4,7,0.0,Unknown,0.5368952751159668,0.48225000500679016,73.0,1,4,10.51244801217775,3.566154541823408,-6.002172535701983,4.683038064434136,6.66705511135381,11.308670039131272,7.251344899639744,0.6666666666666666,2.0,1.0,0.6947155052112487,0.0,14.361406616345072,-12.5,20.0,0.04508144656817118,0.8457968086004257,0.36639732867479324,5374.5,0.475945346057415,0.0004758983850479126,0.0005017680596210994,1.026685357093811,0.010753735469981896,3.83865694453332,0.8196937312311073,0.6605811971224371,9.219415767781824,False,False,False
9sic_chainB,0,8,0.0,Unknown,0.4930506944656372,0.5270441174507141,64.0,1,4,-5.946144956431899,-14.774541072096657,-0.14988485116373937,4.84183734402393,7.03102708382971,9.54640328877171,7.434503189983786,0.8333333333333334,2.5,2.0,0.7095036623770836,0.0,13.46291201783626,-37.5,18.333333333333332,0.05783277750015259,0.8341362476348877,0.33868442475795746,4602.25,0.4415218457579613,0.0004304647445678711,0.0006633966695517302,0.888694703578949,0.013964548927745051,3.8251387698240182,0.7900180237457215,0.6814372646691823,26.421795830927156,False,False,False
9sic_chainB,1008,9,0.016284620389342308,Cryptic,0.8031696677207947,0.5032864809036255,253.6666717529297,1,4,15.361530815199885,-9.78911859455102,-2.6903743393569073,4.558828924360055,6.643067782254425,11.840707546424136,7.1012162878281515,0.6666666666666666,2.0,1.0,0.4466928437694171,0.16666666666666666,12.93010054098575,-36.25,17.5,0.0610028604666392,0.8793687373399734,0.28815964236855507,3053.0,0.4181748852133751,0.00041846930980682373,0.0005764115339843556,0.9715344160795212,0.006628446858211908,3.833544912473023,0.8409056308273635,0.6323603292448571,19.486645632367384,False,False,False
9sic_chainB,1008,9,0.016284620389342308,Cryptic,0.8031696677207947,0.5032864809036255,253.6666717529297,2,3,17.182143088571596,-9.423581258883681,1.174963519413476,3.8383620397987595,5.36175578285478,9.538343974589027,6.473754554746179,0.6666666666666666,1.3333333333333333,1.0,0.1947006541867156,0.3333333333333333,14.142135623730951,30.0,20.0,0.06161824862162272,0.8712858359018961,0.28525233765443164,2218.6666666666665,0.3993922869364421,0.00046298901240030926,0.0004718096849198143,1.0576143860816956,0.010997205684747524,3.833544912473023,0.9987450044378855,0.5718371030555292,19.42702464268851,False,False,False
9sic_chainB,4007,10,0.01369981188327074,Cryptic,0.8031696677207947,0.5388248562812805,253.6666717529297,1,7,6.710461685539989,-7.396159678871234,-3.7804366706479247,7.795583674060724,13.327351907992025,20.099577041612466,10.978829093267436,0.38095238095238093,2.2857142857142856,1.0,0.1872911017540609,0.3333333333333333,12.494896917525644,-32.857142857142854,15.714285714285714,0.06193107650393531,0.8527033073561532,0.3622420004435948,3918.5714285714284,0.4366659096309117,0.0004433819225856236,0.0005345792118792555,1.0092671258108956,0.007678406100139144,3.833544912473023,0.4917585485265053,0.49306012804863114,16.095194097590543,False,False,False
9sic_chainB,4007,10,0.01369981188327074,Cryptic,0.8031696677207947,0.5388248562812805,253.6666717529297,2,3,17.386160682330132,-9.538613795626478,0.9378129741625085,3.738341842131805,5.036051989289181,9.538343974589027,6.473754554746179,0.6666666666666666,1.3333333333333333,1.0,0.1947006541867156,0.3333333333333333,14.142135623730951,30.0,20.0,0.06161824862162272,0.8712858359018961,0.28525233765443164,2218.6666666666665,0.3993922869364421,0.00046298901240030926,0.0004718096849198143,1.0576143860816956,0.010997205684747524,3.833544912473023,1.025466657240454,0.5739280671876182,19.635405514442603,False,False,False
9sic_chainB,1009,11,0.027638113126158714,Cryptic,0.8031696677207947,0.5300225615501404,253.6666717529297,1,4,14.662971743447898,-9.517141281063942,-2.0445319677283007,4.335541611741279,6.459565117829581,11.840707546424136,7.1012162878281515,0.6666666666666666,2.0,1.0,0.4466928437694171,0.16666666666666666,12.93010054098575,-36.25,17.5,0.0610028604666392,0.8793687373399734,0.28815964236855507,3053.0,0.4181748852133751,0.00041846930980682373,0.0005764115339843556,0.9715344160795212,0.006628446858211908,3.833544912473023,0.884213612917755,0.6364833763992953,18.840195085664625,False,False,False
9sic_chainB,1009,11,0.027638113126158714,Cryptic,0.8031696677207947,0.5300225615501404,253.6666717529297,2,3,17.38383120621336,-9.556965017936843,0.9473203649686702,3.7369441607959124,5.0424431534905,9.538343974589027,6.473754554746179,0.6666666666666666,1.3333333333333333,1.0,0.1947006541867156,0.3333333333333333,14.142135623730951,30.0,20.0,0.06161824862162272,0.8712858359018961,0.28525233765443164,2218.6666666666665,0.3993922869364421,0.00046298901240030926,0.0004718096849198143,1.0576143860816956,0.010997205684747524,3.833544912473023,1.0258501993930078,0.5739576241020674,19.649894185896606,False,False,False
9sic_chainB,3012,12,0.09468188136816025,Cryptic,0.8031696677207947,0.5278487205505371,761.0,1,5,9.651107618658692,-8.227755643083661,-3.582099664237958,6.759489704109429,10.393537453033801,17.316217035747968,9.409664047519533,0.6,2.4,1.0,0.39845885521203234,0.1,11.832159566199232,-35.0,16.0,0.049677908420562744,0.8750148415565491,0.347274187207222,3878.8,0.4378101646900177,0.0004294872283935547,0.0005788662005215883,0.9453584671020507,0.00785910859504447,3.833544912473023,0.5671352543288025,0.574258430331356,16.8567138849014,False,False,False
9sic_chainB,3012,12,0.09468188136816025,Cryptic,0.8031696677207947,0.5278487205505371,761.0,2,3,17.237134550160263,-9.419954719572258,1.0990660886473405,3.815390856935638,5.269716994084988,9.538343974589027,6.473754554746179,0.6666666666666666,1.3333333333333333,1.0,0.1947006541867156,0.3333333333333333,14.142135623730951,30.0,20.0,0.06161824862162272,0.8712858359018961,0.28525233765443164,2218.6666666666665,0.3993922869364421,0.00046298901240030926,0.0004718096849198143,1.0576143860816956,0.010997205684747524,3.833544912473023,1.0047581116111302,0.5723131941556614,19.452939890159453,False,False,False
9sic_chainB,4003,13,0.05932191014289856,ActiveSite,0.8031696677207947,0.4658832550048828,761.0,1,4,15.645385033693715,-9.897122999182626,-2.952461709390871,4.6911709251010665,7.024317539345421,11.840707546424136,7.1012162878281515,0.6666666666666666,2.0,1.0,0.4466928437694171,0.16666666666666666,12.93010054098575,-36.25,17.5,0.0610028604666392,0.8793687373399734,0.28815964236855507,3053.0,0.4181748852133751,0.00041846930980682373,0.0005764115339843556,0.9715344160795212,0.006628446858211908,3.833544912473023,0.8171829536120416,0.6299814693287874,19.755130255091068,False,False,False
9sic_chainB,4003,13,0.05932191014289856,ActiveSite,0.8031696677207947,0.4658832550048828,761.0,2,3,17.15930046810408,-9.384318758240658,1.1923931844488738,3.852894149625707,5.395228403347873,9.538343974589027,6.473754554746179,0.6666666666666666,1.3333333333333333,1.0,0.1947006541867156,0.3333333333333333,14.142135623730951,30.0,20.0,0.06161824862162272,0.8712858359018961,0.28525233765443164,2218.6666666666665,0.3993922869364421,0.00046298901240030926,0.0004718096849198143,1.0576143860816956,0.010997205684747524,3.833544912473023,0.9949779992905947,0.5715371508993629,19.381047315477637,False,False,False
9sic_chainB,3013,18,0.023386415094137192,Cryptic,0.7397521734237671,0.5342079997062683,510.0,1,3,2.9052415912655416,-14.501557990447491,4.184884976701421,3.8099795074279204,5.632346417722616,8.309281742609338,6.644870858571,1.0,2.0,2.0,0.21700787653096135,0.6666666666666666,12.47219128924647,33.333333333333336,20.0,0.0018222332000732422,0.6926060318946838,0.28107597927252453,3613.6666666666665,0.3842112123966217,0.0003299514452616374,0.0006888685942006608,1.0929041703542073,0.007244289809727147,10.114964923147163,2.65486071602933,0.6606236889103825,22.813757797564108,False,False,False
9sic_chainB,4001,19,0.0014564148150384426,Unknown,0.5460951924324036,0.5385386347770691,145.0,1,5,-6.733192357098227,-13.315641689558243,-1.9678574236610782,7.11170507272152,13.962957938112874,16.723107866181245,9.143373787954804,0.5,2.0,1.0,0.2975855731050466,0.4,26.94438717061496,-13.0,37.0,0.08260154724121094,0.859801173210144,0.21283739656209946,3492.4,0.4205735921859741,0.0003987550735473633,0.0007069802959449589,0.9200608491897583,0.012934166380243677,3.81997416013561,0.5371390012766342,0.4705554602682814,25.843083329304843,False,False,False
9sic_chainB,4004,20,0.0,Unknown,0.5368952751159668,0.5212519764900208,73.0,1,3,12.640086441952393,5.5189930268288805,-6.942347491240873,2.9063721522445327,4.629139329102466,7.129592043102358,4.929857406017067,1.0,2.0,2.0,0.5825850576762664,0.0,7.0710678118654755,-20.0,10.0,0.059658447901407875,0.8500303626060486,0.38543434937795,4575.333333333333,0.45274512966473895,0.00047667821248372394,0.0005396238411776721,0.986318826675415,0.011528909983913566,3.83865694453332,1.3207726827305313,0.7962059964630069,10.206830728463189,False,False,False
9sic_chainC,3,4,0.037925176322460175,Cryptic,0.6854772567749023,0.4975312650203705,353.0,1,7,2.7138958245379663,14.949993097225462,33.59487267660325,5.41714050350443,8.827371335685763,12.842618927316046,7.682273289643255,0.5714285714285714,3.4285714285714284,2.0,0.07203870753752578,0.5238095238095238,11.473127431577865,35.714285714285715,14.761904761904763,0.0996043738864717,0.8071730818067279,0.3576375139611108,2700.0,0.3919257862227304,0.0004243084362574986,0.0006615314549500388,1.0456409198897225,0.012820834687821551,3.8284901198653043,0.7067363523963605,0.5221159859320645,24.76741164693539,False,False,False
9sic_chainC,4008,5,0.025943264365196228,Allosteric,0.6751246452331543,0.4938618838787079,191.6666717529297,1,3,-18.080177638987838,12.544448207221022,29.625192029925312,4.6131404647894705,7.37779405400681,9.684527998392303,6.668864354035189,1.0,2.0,2.0,0.7324097550440346,0.0,8.498365855987975,28.333333333333332,13.333333333333334,0.13611364364624023,0.8468522230784098,0.4946748614311218,2941.3333333333335,0.3979535400867462,0.0004490017890930176,0.0008786867062250773,0.8528956373532613,0.012759915013264914,3.8368918711675053,0.831730986830597,0.734575020197969,13.48052327501424,False,False,False
9sic_chainC,4008,5,0.025943264365196228,Allosteric,0.6751246452331543,0.4938618838787079,191.6666717529297,2,4,-13.32306577848445,14.42753200976946,30.611823564572486,5.995939686292672,8.15816948038779,15.15006105317056,9.467747568639531,0.5,1.5,1.0,0.4220487304469638,0.16666666666666666,8.1967981553775,38.75,10.833333333333334,0.0534436305363973,0.8684685826301575,0.40157707408070564,3276.75,0.4220457226037979,0.0004591643810272217,0.0005471687181852758,0.9780046194791794,0.011103259369035131,3.8368918711675053,0.6399150211499008,0.627882719587231,13.572959691229599,False,False,False
9sic_chainC,1007,6,0.027300694957375526,Cryptic,0.6751246452331543,0.5496066808700562,191.6666717529297,1,8,-13.412115140487998,13.776588815851833,30.298434206827675,6.688230852087395,10.711283908986974,17.15345181008615,9.628583124606532,0.32142857142857145,2.25,1.0,-0.09268031343106257,0.5714285714285714,8.926785535678562,36.25,10.714285714285714,0.10313870225633893,0.8628126382827759,0.45379520393908024,2897.125,0.4075482003390789,0.0004578903317451477,0.0006801275703764986,0.9413762092590332,0.013751767950307693,3.8576860201330687,0.5767872110648044,0.4612765082751539,14.00953729963811,False,False,False
9sic_chainC,3009,7,0.07611554116010666,Cryptic,0.6751246452331543,0.5419709086418152,575.0,1,8,-13.631025113485867,13.756490455162739,29.930539279800787,7.067785043181464,13.89572361767025,19.67308042541486,10.360082303428188,0.32142857142857145,2.25,1.0,-0.0974598089478607,0.5714285714285714,8.926785535678562,33.75,10.714285714285714,0.09205901409898486,0.8696612790226936,0.48255896009504795,2625.5,0.40260322019457817,0.0004310980439186096,0.0005432041980384383,0.953731581568718,0.01141142599175822,3.8576860201330687,0.5458125843618732,0.4544024332600872,14.19521224299052,False,False,False
9sic_chainC,4001,8,0.07767714560031891,ActiveSite,0.6751246452331543,0.4873289167881012,575.0,1,8,-15.596687806538814,12.739483282472643,29.38028112750048,5.708671379278387,10.925306585694246,15.15006105317056,8.360954185874595,0.32142857142857145,2.25,1.0,-0.13234957948932438,0.6071428571428571,9.662265521087692,33.125,11.964285714285714,0.08858671358653478,0.8720918893814087,0.47254412807524204,2834.0,0.40682021528482437,0.0004575774073600769,0.0006476287926489022,0.9146418124437332,0.011310439331954872,3.8576860201330687,0.6757589925627677,0.4614027810662002,14.24958782514014,False,False,False
9sic_chainC,4003,9,0.060255225747823715,Cryptic,0.6854772567749023,0.5592275261878967,353.0,1,4,-7.912757821470173,15.094838664346014,33.369024926646226,4.119362489407186,7.885913617921193,9.476998444897212,5.6930390308470535,1.0,3.0,3.0,0.3354717731931141,0.0,8.1967981553775,38.75,10.833333333333334,0.06605881452560425,0.8117909729480743,0.3723977282643318,4112.5,0.43221820145845413,0.00040061771869659424,0.0006109040696173906,1.0568332523107529,0.013405813932340496,9.835189953459219,2.387551466701488,0.7294514311697938,15.332844332974062,False,False,False
9sic_chainC,4000,10,0.0,Unknown,0.5036835074424744,0.535228431224823,116.0,1,3,-17.27149172991563,-4.620055977176474,32.310459671240984,5.341304069862548,8.059712047934482,14.574205611379398,9.908190359816118,0.6666666666666666,1.3333333333333333,1.0,0.4648344107445293,0.0,10.274023338281626,3.3333333333333335,16.666666666666668,0.19017656644185385,0.8109532793362936,0.29872627556324005,4557.333333333333,0.4395091235637665,0.0004698435465494792,0.00047884763140852254,0.9726181825002035,0.013551991049331419,3.8320582899778985,0.7174387078241198,0.6296415412354434,25.599065525297313,False,False,False
9sid_chainA,3,1,0.0,Unknown,0.5006803274154663,0.4848826825618744,52.0,1,5,-18.67463850441383,6.8160928758378,-6.183085947456153,6.520867546048447,10.641135042969244,13.913532424777756,9.280252298077345,0.4,1.6,1.0,-0.016567176152458608,0.4,8.94427190999916,-40.0,12.0,0.06953667402267456,0.8563372492790222,0.43818673193454744,3810.4,0.4446281731128693,0.00041817426681518556,0.00046149887930369005,1.1623799324035644,0.014388954628278983,3.854498916937785,0.5911021638943665,0.4935205320238636,10.235103059401782,False,False,False
9sid_chainA,0,2,0.03399866819381714,ActiveSite,0.7513056993484497,0.46824297308921814,669.0,1,5,-22.868792202853108,16.35028059194455,-4.025426136446145,4.083332352807289,5.86281680497954,9.819425422491692,6.399121851979869,0.5,2.0,1.0,-0.17788875160457657,0.6,11.575836902790225,-34.0,16.0,0.05967862606048584,0.8818683981895447,0.4278970807790756,1992.6,0.3998491942882538,0.00043970346450805664,0.000667727694963105,1.1142702579498291,0.009044585834366525,3.8230855081335933,0.9362660635510661,0.4837559439329552,18.797799173288706,False,False,False
9sid_chainA,2,3,0.008032063953578472,Unknown,0.5647244453430176,0.48567330837249756,129.0,1,3,-8.66562659651012,9.024779087224246,-1.0225053146816045,2.7005027974507008,4.105025217199052,7.158783936238254,4.940876171256197,1.0,2.0,2.0,0.6151581887451134,0.0,2.3570226039551585,28.333333333333332,3.3333333333333335,0.0807644526163737,0.8531487385431925,0.2771814713875453,4611.0,0.4590837260087331,0.00048015515009562176,0.0006940184199872116,1.051760991414388,0.01856064699330838,12.858725465844316,4.761604201255807,0.9052672527210491,8.119605549090842,False,False,False
9sid_chainA,1004,4,0.013121194206178188,Cryptic,0.7513056993484497,0.5568150877952576,223.0,1,4,-21.123430423016796,2.310318546044692,-4.652546577855947,7.044230045173281,9.520216805139187,15.832175484668312,11.100119670553264,0.5,1.5,1.0,0.32561599158442506,0.3333333333333333,2.165063509461097,-48.75,2.5,0.03281429409980774,0.8058963268995285,0.41058219969272614,6428.5,0.49593881517648697,0.00046463310718536377,0.0004860018198087346,1.0775318294763565,0.012340635248434246,3.768655234352717,0.534998887058637,0.6422430402055257,12.809218225162992,False,False,False
9sid_chainA,1004,4,0.013121194206178188,Cryptic,0.7513056993484497,0.5568150877952576,223.0,2,3,-22.918105161209596,8.027078575109428,-5.71965129597693,6.017679767150967,7.644816913497105,13.409749144514489,10.384999378639728,0.6666666666666666,1.3333333333333333,1.0,0.21218126646018817,0.0,6.236095644623236,38.333333333333336,10.0,0.01284178098042806,0.8540066878000895,0.427331601579984,4755.666666666667,0.46482794483502704,0.000458220640818278,0.0008170900400727987,1.0796342293421428,0.008765607541585814,3.821720989840097,0.6350821475582552,0.5984178520904984,14.667772088319866,False,False,False
9sid_chainA,1004,4,0.013121194206178188,Cryptic,0.7513056993484497,0.5568150877952576,223.0,3,3,-22.979540558022745,17.15879513220907,-2.8374743655230095,3.6476873221874953,3.961933850219748,6.702101725730146,6.310993986216693,1.0,2.0,2.0,0.5572633470856815,0.0,4.08248290463863,-25.0,6.666666666666667,0.06058061122894287,0.9017529686292013,0.30095089972019196,1282.6666666666667,0.3845365345478058,0.00042692820231119793,0.0007113595590150604,1.0883253812789917,0.011887230550623192,3.8338809515774637,1.051044295451922,0.796986336426805,19.66160344351612,False,False,False
9sid_chainA,3009,5,0.04125929996371269,Cryptic,0.6854075193405151,0.5310333371162415,563.0,1,3,-28.278192967770618,6.342705897434917,-11.692459229711845,6.3468658032531735,9.131251395009954,17.696366538704837,11.799321522477163,0.6666666666666666,1.3333333333333333,1.0,-0.20738545166108788,1.0,4.08248290463863,45.0,6.666666666666667,0.07502977053324382,0.8228256106376648,0.3098454773426056,3187.0,0.41768360137939453,0.0004557371139526367,0.0004085833885862182,1.155659556388855,0.008583402620402312,3.799274740595646,0.5986064395198455,0.4887229051721238,19.93870905423893,False,False,False
9sid_chainA,3009,5,0.04125929996371269,Cryptic,0.6854075193405151,0.5310333371162415,563.0,2,7,-23.37372271268633,4.173757941029634,-11.281758144387132,7.078469367967356,9.272543585031345,16.703486112060386,10.471626551500359,0.3333333333333333,2.0,1.0,0.34446858935759905,0.2857142857142857,12.737538928662149,-28.571428571428573,16.666666666666668,0.05261431989215669,0.8703394191605704,0.3447274714708328,2662.285714285714,0.4148972289902823,0.0004146099090576172,0.0006195935015317186,1.123637012072972,0.013191270561481474,3.799274740595646,0.5367367637117628,0.5359124052556713,14.968133552184025,False,False,False
9sid_chainA,4005,7,0.013141204603016376,Cryptic,0.7513056993484497,0.5115081071853638,223.0,1,5,-22.83435942019299,16.371318695503646,-4.015312613708466,4.079413158817426,5.882193409390638,9.819425422491692,6.399121851979869,0.5,2.0,1.0,-0.17788875160457654,0.6,11.575836902790225,-34.0,16.0,0.05967862606048584,0.8818683981895447,0.4278970807790756,1992.6,0.3998491942882538,0.00043970346450805664,0.000667727694963105,1.1142702579498291,0.009044585834366525,3.8230855081335933,0.937165557715135,0.48383295739963583,18.787528126793976,False,False,False
9sid_chainA,1003,8,0.006204425357282162,Cryptic,0.7513056993484497,0.5075581073760986,223.0,1,5,-22.85629069008544,16.306437535388998,-4.047524929925985,4.09057847376323,5.812888369112865,9.819425422491692,6.399121851979869,0.5,2.0,1.0,-0.17788875160457657,0.6,11.575836902790225,-34.0,16.0,0.05967862606048584,0.8818683981895447,0.4278970807790756,1992.6,0.3998491942882538,0.00043970346450805664,0.000667727694963105,1.1142702579498291,0.009044585834366525,3.8230855081335933,0.9346075457675916,0.48361370655536806,18.756271347284724,False,False,False
9sid_chainA,4004,9,0.007571806199848652,Cryptic,0.7513056993484497,0.4891084134578705,223.0,1,3,-22.91839794917484,8.02760277192414,-5.720003409713154,6.017550865078177,7.6454523975132185,13.409749144514489,10.384999378639728,0.6666666666666666,1.3333333333333333,1.0,0.21218126646018817,0.0,6.236095644623236,38.333333333333336,10.0,0.01284178098042806,0.8540066878000895,0.427331601579984,4755.666666666667,0.46482794483502704,0.000458220640818278,0.0008170900400727987,1.0796342293421428,0.008765607541585814,3.8230855081335933,0.6353225080855093,0.5984274109329469,14.668136607515363,False,False,False
9sid_chainA,4004,9,0.007571806199848652,Cryptic,0.7513056993484497,0.4891084134578705,223.0,2,5,-22.83633767994516,16.4103717047619,-3.991781088689783,4.0730652953121815,5.927736445545862,9.819425422491692,6.399121851979869,0.5,2.0,1.0,-0.17788875160457657,0.6,11.575836902790225,-34.0,16.0,0.05967862606048584,0.8818683981895447,0.4278970807790756,1992.6,0.3998491942882538,0.00043970346450805664,0.000667727694963105,1.1142702579498291,0.009044585834366525,3.8230855081335933,0.9386261282218339,0.48395781744525534,18.818554943337418,False,False,False
9sid_chainA,1006,10,0.0,Cryptic,0.6854075193405151,0.5293716788291931,187.6666717529297,1,3,-23.07300565183317,8.170450053364581,-13.977320317763043,5.025169722124166,6.21422404105147,11.078683991511403,8.592311718307213,0.6666666666666666,1.3333333333333333,1.0,0.5601823579810298,0.0,6.236095644623235,-23.333333333333332,10.0,0.023200790087382,0.8648587067921957,0.23075383404890695,2747.6666666666665,0.4083954989910126,0.0004546840985616048,0.0007563860466082891,1.0066250960032146,0.013993563130194049,3.799274740595646,0.7560490392729805,0.7178132892102482,16.015325600504447,False,False,False
9sid_chainA,4000,11,0.017636045813560486,ActiveSite,0.7513056993484497,0.4660569131374359,669.0,1,5,-22.870035083483923,16.398683530937205,-4.000143773877058,4.075475023207477,5.917041588496956,9.819425422491692,6.399121851979869,0.5,2.0,1.0,-0.17788875160457657,0.6,11.575836902790225,-34.0,16.0,0.05967862606048584,0.8818683981895447,0.4278970807790756,1992.6,0.3998491942882538,0.00043970346450805664,0.000667727694963105,1.1142702579498291,0.009044585834366525,3.8230855081335933,0.9380711417352159,0.4839104011609579,18.8345188563813,False,False,False
9sid_chainB,3,1,0.0,Unknown,0.5780863165855408,0.47306057810783386,58.0,1,4,-6.072686383978571,1.2559252244623131,-16.445110564481656,5.36726511560827,7.7859781623542474,11.40879049617802,8.141199020224619,0.8333333333333334,2.5,2.0,0.2294703144005651,0.16666666666666666,4.330127018922194,27.5,5.0,0.06918515761693318,0.8549846708774567,0.4203934073448181,5956.5,0.48636583238840103,0.00047163665294647217,0.0008063045243034139,0.9040671736001968,0.01190538122479818,3.841205013539436,0.715672680741822,0.6552239406803806,27.690659825280022,False,False,False
9sid_chainB,1,2,0.05489484593272209,Cryptic,0.6978216767311096,0.4859307110309601,355.0,1,9,-14.898191826243394,-10.231149274141725,-9.330584858417794,7.381056716659338,10.811262166461775,16.424477984769418,9.652764622223259,0.3055555555555556,2.4444444444444446,1.0,-0.11977858957881174,0.5833333333333334,25.939150066508336,12.777777777777779,33.05555555555556,0.07054151097933452,0.8251977629131741,0.42037543488873375,3511.3333333333335,0.42087385720676845,0.0003769463962978787,0.0005850927910715756,1.0776249037848578,0.005689951090274865,8.033504129174782,1.0883948515180548,0.36416557597783894,22.68564818166816,False,False,False
9sid_chainB,1006,4,0.01770390383899212,Cryptic,0.7538539171218872,0.5253209471702576,190.0,1,4,1.1395895967926564,-11.763552783645466,-8.3458716505742,3.8397121342152793,5.710618557588179,9.55725984194804,6.190555233166623,0.6666666666666666,2.0,1.0,0.23175176025646047,0.3333333333333333,15.0,35.0,20.0,0.028295894463857014,0.8743618130683899,0.4196869134902954,2223.25,0.39582549780607224,0.0004337131977081299,0.0007297928750631399,0.9945954978466034,0.010578464367347797,3.8242881245750033,0.9959830296904723,0.5779505817318145,15.343204779867097,False,False,False
9sid_chainB,3007,5,0.07335405051708221,Cryptic,0.7538539171218872,0.5315722823143005,570.0,1,3,-9.89050458819131,-15.203904919254933,-5.624238392326378,2.9437814301429435,4.846060324447024,7.006388842222016,4.889021060646669,1.0,2.0,2.0,0.9046467678314025,0.0,8.16496580927726,40.0,13.333333333333334,0.013815482457478842,0.7823323011398315,0.3395351568857829,4217.333333333333,0.428261677424113,0.0003013412157694499,0.0005156270053703338,1.1096444924672444,0.00716387560926382,3.8012260400425504,1.2912731907062718,0.7827933988691617,16.869004590298985,False,False,False
9sid_chainB,3007,5,0.07335405051708221,Cryptic,0.7538539171218872,0.5315722823143005,570.0,2,3,0.9575530090103542,-12.061717734632484,-8.326389005555686,4.5896495441923975,5.768220152954343,9.55725984194804,7.3086892795695855,1.0,2.0,2.0,0.5289754886572636,0.0,14.142135623730951,40.0,20.0,0.03369208176930746,0.8769949674606323,0.5252163310845693,1513.3333333333333,0.37539156277974445,0.00042227904001871747,0.0006912066504204025,0.9692776600519816,0.008057164313809026,3.8244833710091983,0.8332844009513936,0.6632523268296087,15.322654215059666,False,False,False
9sid_chainB,4007,6,0.0182950459420681,Allosteric,0.7538539171218872,0.5315079092979431,190.0,1,3,1.0390544597604747,-12.088834766854635,-8.3929231348974,4.580201173172147,5.662035630769951,9.55725984194804,7.3086892795695855,1.0,2.0,2.0,0.5289754886572636,0.0,14.142135623730951,40.0,20.0,0.03369208176930746,0.8769949674606323,0.5252163310845693,1513.3333333333333,0.37539156277974445,0.00042227904001871747,0.0006912066504204025,0.9692776600519816,0.008057164313809026,3.8242881245750033,0.8349607320689771,0.6634215849857711,15.390827704718415,False,False,False
9sid_chainB,4002,7,0.056450992822647095,ActiveSite,0.7538539171218872,0.4703395664691925,570.0,1,3,1.0437577907776707,-12.089942579201876,-8.413160600892825,4.574928293625139,5.643428579132896,9.55725984194804,7.3086892795695855,1.0,2.0,2.0,0.5289754886572636,0.0,14.142135623730951,40.0,20.0,0.03369208176930746,0.8769949674606323,0.5252163310845693,1513.3333333333333,0.37539156277974445,0.00042227904001871747,0.0006912066504204025,0.9692776600519816,0.008057164313809026,3.8244833710091983,0.8359657519306617,0.6635183602023913,15.411160083146251,False,False,False
9sid_chainB,4001,8,0.07492707669734955,Cryptic,0.6978216767311096,0.5180080533027649,355.0,1,3,-9.771605139640837,-15.02473916056398,-5.778011904150107,3.0194720955360808,5.094536592651081,7.006388842222016,4.889021060646669,1.0,2.0,2.0,0.9046467678314025,0.0,8.16496580927726,40.0,13.333333333333334,0.013815482457478842,0.7823323011398315,0.3395351568857829,4217.333333333333,0.428261677424113,0.0003013412157694499,0.0005156270053703338,1.1096444924672444,0.00716387560926382,3.8012260400425504,1.2589041791981443,0.780806143834173,16.874770017544932,False,False,False
9sid_chainB,3009,9,0.03055066242814064,Cryptic,0.6978216767311096,0.531199038028717,355.0,1,8,-18.032296074715816,-13.624187744368305,-6.759631015662201,5.565430822303766,8.67162340520377,11.814405393826455,7.493272748285031,0.42857142857142855,3.0,2.0,-0.07943433256862187,0.5,22.18529918662356,18.75,28.571428571428573,0.05856862664222717,0.809785321354866,0.3818574622273445,2992.0,0.40310098975896835,0.0003817528486251831,0.0005946567507635336,1.091738872230053,0.005507387345934977,,,0.38748719876673987,23.371881542892517,False,False,False
9sid_chainB,4005,10,0.0013424165081232786,Unknown,0.45303764939308167,0.5395453572273254,75.0,1,3,5.562448009449883,6.128970489877456,-12.515438721134355,3.9950775457095773,5.784608466143729,10.312650778203507,7.0730129728337445,1.0,2.0,2.0,0.5286298133668503,0.0,4.714045207910317,36.666666666666664,6.666666666666667,0.08805982271830241,0.9147255023320516,0.5178422232468923,1651.6666666666667,0.3927253186702728,0.0004776914914449056,0.00025058165192604065,0.9911011060078939,0.009773316117577834,3.849095349580672,0.9634594837124802,0.7649350350826521,26.925812832600954,False,False,False
9sid_chainB,4003,11,0.0,Unknown,0.5780863165855408,0.5200510621070862,58.0,1,3,-6.37014300749966,1.25694390860556,-16.34067056972294,4.633746899105025,6.311212755133419,10.546911919752445,7.82961587731803,1.0,2.0,2.0,0.29692341388647053,0.0,4.714045207910316,26.666666666666668,6.666666666666667,0.04619987805684408,0.8780272801717123,0.46742533644040424,5343.666666666667,0.4768553674221039,0.00047141313552856445,0.0007852158159948885,0.9084956844647726,0.013997487583838336,3.841205013539436,0.8289630610341143,0.6898297218337298,27.678111413788912,False,False,False
9sid_chainB,4000,12,0.0,Unknown,0.5308859944343567,0.5730155110359192,84.0,1,3,-24.404880818421688,-14.818151700473631,-12.054860251331245,4.360857954412462,6.56088618151802,8.856070138515618,7.352097501672084,0.6666666666666666,1.3333333333333333,1.0,0.5627093050115568,0.0,14.337208778404378,-28.333333333333332,23.333333333333332,0.037168423334757485,0.8637759884198507,0.4341888179381688,5242.0,0.4755780001481374,0.0004442135492960612,0.0008109587943181396,1.0011365214983623,0.011195124999154066,3.818149605295255,0.875550097070216,0.6573763354043686,31.71821673404274,False,False,False
9t29_chainA,511,5,0.028261758387088776,Cryptic,0.8118273615837097,0.6126302480697632,634.0,1,3,35.12842813757203,33.18892319483159,87.66013646808949,4.6206968709226865,5.842349351806368,10.969739236482285,7.6196044920522565,1.0,2.0,2.0,0.04209632074054013,0.3333333333333333,4.08248290463863,-15.0,6.666666666666667,0.0493768056233724,0.8127322793006897,0.5313456455866495,2584.3333333333335,0.39748011032740277,0.0004528363545735677,0.0008473456837236881,1.144558270772298,0.012887579733262225,3.8328205621124054,0.8294897218278346,0.6198672802200821,33.78432969358633,False,False,False
9t29_chainA,1519,11,0.020416952669620514,Cryptic,0.7117264270782471,0.8023062348365784,401.0,1,3,37.09261315035223,32.60192141061785,122.10844981200258,5.248970865115761,7.148409715515157,12.496397491579428,8.777694585106556,0.6666666666666666,1.3333333333333333,1.0,0.357824981805968,0.3333333333333333,10.274023338281628,-28.333333333333332,16.666666666666668,0.10945228735605876,0.9208420515060425,0.3730204502741496,1061.3333333333333,0.3704562783241272,0.0004477500915527344,0.00045145043986849487,0.8774675528208414,0.015286808550120726,4.939207447736614,0.9409858760242298,0.6159884125388957,16.27583552146509,False,False,False
9t29_chainA,3532,13,0.020504286512732506,Cryptic,0.7117264270782471,0.7735278010368347,1203.0,1,4,40.1006675425713,37.613983193275956,121.86054988629675,4.192629021266791,7.176833707847957,10.210665776228408,6.9377462548263855,0.6666666666666666,2.0,1.0,0.21989460269428693,0.5,14.306903927824496,-38.75,19.166666666666668,0.0833450158437093,0.9398019909858704,0.31668616831302643,718.75,0.3718686178326607,0.00039152801036834717,0.0003628708691394422,0.9662584066390991,0.012819804197593846,3.85991110896854,0.920642176875043,0.568656910035188,14.256020171550132,False,False,False
9t29_chainA,4519,14,0.019789444282650948,ActiveSite,0.7117264270782471,0.7099535465240479,401.0,1,4,38.31618629955225,33.36399500075161,122.04733843615715,5.039141694850478,8.229209480625485,12.496397491579428,7.994781318594843,0.5,1.5,1.0,0.23815246770816398,0.5,12.93010054098575,-33.75,19.166666666666668,0.08573236068089803,0.9324535727500916,0.35918178409338,832.0,0.3734600692987442,0.00044883787631988525,0.0004992800168110989,0.9637708067893982,0.01479571084543434,3.84999584147925,0.764018175042305,0.5500335788958689,16.240660555583695,False,False,False
9t29_chainA,4519,14,0.019789444282650948,ActiveSite,0.7117264270782471,0.7099535465240479,401.0,2,3,39.28100752551822,36.71677585045736,120.74770702244027,3.556567771626766,4.555790419910342,8.636108403190066,6.192855172191234,0.6666666666666666,1.3333333333333333,1.0,-0.12257604960785932,0.6666666666666666,10.801234497346433,35.0,16.666666666666668,0.008190393447875977,0.913398822148641,0.3434560149908066,1118.0,0.38119834661483765,0.00034691890080769855,0.0005999171213867763,1.0713768204053242,0.010025351471034925,3.84999584147925,1.0825031571711823,0.5226996025202877,14.017425594681264,False,False,False
9t29_chainA,1518,15,0.016637582331895828,Cryptic,0.7117264270782471,0.714674174785614,401.0,1,4,40.10391656139859,37.62130417310574,121.83731705939272,4.1964885936174525,7.1561272390344675,10.210665776228408,6.9377462548263855,0.6666666666666666,2.0,1.0,0.21989460269428693,0.5,14.306903927824496,-38.75,19.166666666666668,0.0833450158437093,0.9398019909858704,0.31668616831302643,718.75,0.3718686178326607,0.00039152801036834717,0.0003628708691394422,0.9662584066390991,0.012819804197593846,3.85991110896854,0.919795448708994,0.5685823708947785,14.247932306052352,False,False,False
9t29_chainA,4002,16,0.0725824236869812,ActiveSite,0.7117264270782471,0.7140123248100281,1203.0,1,4,40.09980507879557,37.62656915855907,121.82887062537095,4.19827864707843,7.147903883117207,10.210665776228408,6.9377462548263855,0.6666666666666666,2.0,1.0,0.21989460269428693,0.5,14.306903927824496,-38.75,19.166666666666668,0.0833450158437093,0.9398019909858704,0.31668616831302643,718.75,0.3718686178326607,0.00039152801036834717,0.0003628708691394422,0.9662584066390991,0.012819804197593846,3.84999584147925,0.9170415222816263,0.5684690927056678,14.239463287633939,False,False,False
9t29_chainA,4002,16,0.0725824236869812,ActiveSite,0.7117264270782471,0.7140123248100281,1203.0,2,3,39.28271790508395,36.73698923217873,120.7528224409371,3.5533112500213355,4.5746292964961786,8.636108403190066,6.192855172191234,0.6666666666666666,1.3333333333333333,1.0,-0.12257604960785932,0.6666666666666666,10.801234497346433,35.0,16.666666666666668,0.008190393447875977,0.913398822148641,0.3434560149908066,1118.0,0.38119834661483765,0.00034691890080769855,0.0005999171213867763,1.0713768204053242,0.010025351471034925,3.84999584147925,1.083495244458569,0.522771750355799,14.005447212444762,False,False,False
9t29_chainA,4520,17,0.0,ActiveSite,0.7117264270782471,0.9366199970245361,401.0,1,3,39.27768979196443,36.720397856910026,120.7591555801858,3.557575296068413,4.556481677405061,8.636108403190066,6.192855172191234,0.6666666666666666,1.3333333333333333,1.0,-0.12257604960785932,0.6666666666666666,10.801234497346433,35.0,16.666666666666668,0.008190393447875977,0.913398822148641,0.3434560149908066,1118.0,0.38119834661483765,0.00034691890080769855,0.0005999171213867763,1.0713768204053242,0.010025351471034925,3.84999584147925,1.0821965864598848,0.5226772932032779,14.014675938837437,False,False,False
9t29_chainA,3006,31,0.02484731934964657,ActiveSite,0.7678141593933105,0.6303882002830505,634.0,1,3,35.0844912526108,33.184933539289126,87.65848404787961,4.607918000494131,5.804114824974934,10.969739236482285,7.6196044920522565,1.0,2.0,2.0,0.04209632074054013,0.3333333333333333,4.08248290463863,-15.0,6.666666666666667,0.0493768056233724,0.8127322793006897,0.5313456455866495,2584.3333333333335,0.39748011032740277,0.0004528363545735677,0.0008473456837236881,1.144558270772298,0.012887579733262225,3.8328205621124054,0.831790097328423,0.6200973058485777,33.780185994836806,False,False,False
9t2f_chainA,7,3,0.04734605550765991,ActiveSite,0.7390652298927307,0.7664656639099121,870.0,1,3,146.33739920034662,3.9798813747126127,5.621866500185286,3.2845718972118347,5.922583506357138,7.096918769307462,5.67119883496517,0.6666666666666666,1.3333333333333333,1.0,0.008963286131168369,0.6666666666666666,4.714045207910316,26.666666666666668,6.666666666666667,0.0322654644648234,0.8250877261161804,0.2844630926847458,2734.3333333333335,0.40157999595006305,0.0004253784815470378,0.0007229719970685741,1.0954602162043254,0.011012796255643062,3.8606956165049438,1.175402986240661,0.63698474694859,43.633647687765915,False,False,False
9t2f_chainA,1517,14,0.00792897492647171,Cryptic,0.6990652680397034,1.0,290.0,1,3,146.33052914814886,3.973641311891895,5.619826394230908,3.2828728289158544,5.9137108714311255,7.096918769307462,5.67119883496517,0.6666666666666666,1.3333333333333333,1.0,0.008963286131168369,0.6666666666666666,4.714045207910316,26.666666666666668,6.666666666666667,0.0322654644648234,0.8250877261161804,0.2844630926847458,2734.3333333333335,0.40157999595006305,0.0004253784815470378,0.0007229719970685741,1.0954602162043254,0.011012796255643062,3.8606956165049438,1.1760113223087936,0.6370254136370795,43.63067619987355,False,False,False
9t2f_chainA,3524,15,0.04297688975930214,Cryptic,0.7390652298927307,0.6945397853851318,870.0,1,3,146.0054032997798,3.9086641184361666,5.5901022599121895,3.2282708749285267,5.586633244805021,7.096918769307462,5.67119883496517,0.6666666666666666,1.3333333333333333,1.0,0.008963286131168369,0.6666666666666666,4.714045207910316,26.666666666666668,6.666666666666667,0.0322654644648234,0.8250877261161804,0.2844630926847458,2734.3333333333335,0.40157999595006305,0.0004253784815470378,0.0007229719970685741,1.0954602162043254,0.011012796255643062,3.8606956165049438,1.1959020063923287,0.638343659887712,43.385779867287866,False,False,False
9t2f_chainA,1516,16,0.008032816462218761,Cryptic,0.6990652680397034,1.0,290.0,1,5,146.873990753956,3.4856827529883834,3.0790528341611263,4.075775395770206,6.458901392217526,10.225096287842659,6.350311264256737,0.6,2.4,2.0,-0.08671848575017092,0.6,5.830951894845301,24.0,8.0,0.050421082973480226,0.8072583198547363,0.2537928447127342,3130.2,0.4035945415496826,0.00044585466384887694,0.0008158421842381358,1.0392247080802917,0.011580646980294767,3.8606956165049438,0.9472297272591444,0.566837496908625,45.276443842898765,False,False,False
9t2f_chainA,1518,17,0.00872842501848936,Cryptic,0.6990652680397034,0.8190905451774597,290.0,1,4,147.2546684989433,3.6928292785291315,3.658721569021232,4.322100293961906,6.743722380391222,10.225096287842659,6.96883172616027,0.6666666666666666,2.0,1.0,-0.08350084784195505,0.6666666666666666,4.14578098794425,26.25,5.833333333333333,0.024515022834142048,0.8251143544912338,0.2339684721082449,3268.0,0.41445475816726685,0.00043833255767822266,0.000739399140002206,1.0672122538089752,0.010658488655741902,3.8606956165049438,0.8932452636276031,0.5818195495080074,45.28668014671436,False,False,False
9t2f_chainA,4514,18,0.012222475372254848,Cryptic,0.7390652298927307,0.8330225348472595,290.0,1,3,145.8852405816852,3.6861335693543067,5.521523642486162,3.223390207367425,5.386715410426449,7.096918769307462,5.67119883496517,0.6666666666666666,1.3333333333333333,1.0,0.008963286131168369,0.6666666666666666,4.714045207910316,26.666666666666668,6.666666666666667,0.0322654644648234,0.8250877261161804,0.2844630926847458,2734.3333333333335,0.40157999595006305,0.0004253784815470378,0.0007229719970685741,1.0954602162043254,0.011012796255643062,3.8606956165049438,1.1977127707594584,0.6384625867106829,43.38753049346551,False,False,False
9t2f_chainA,4516,19,0.011450323276221752,Cryptic,0.6990652680397034,0.8956007361412048,290.0,1,4,146.980897585448,3.664066540054518,3.7512247935325065,4.261407714651471,6.4613262652462895,10.225096287842659,6.96883172616027,0.6666666666666666,2.0,1.0,-0.08350084784195505,0.6666666666666666,4.14578098794425,26.25,5.833333333333333,0.024515022834142048,0.8251143544912338,0.2339684721082449,3268.0,0.41445475816726685,0.00043833255767822266,0.000739399140002206,1.0672122538089752,0.010658488655741902,3.8606956165049438,0.9059672002824776,0.5829719250148951,45.02681781100416,False,False,False
9t2f_chainA,1514,21,0.004353655967861414,Cryptic,0.7390652298927307,1.0,290.0,1,4,147.2546684989433,3.6928292785291315,3.658721569021232,4.322100293961906,6.743722380391222,10.225096287842659,6.96883172616027,0.6666666666666666,2.0,1.0,-0.08350084784195505,0.6666666666666666,4.14578098794425,26.25,5.833333333333333,0.024515022834142048,0.8251143544912338,0.2339684721082449,3268.0,0.41445475816726685,0.00043833255767822266,0.000739399140002206,1.0672122538089752,0.010658488655741902,3.8606956165049438,0.8932452636276031,0.5818195495080074,45.28668014671436,False,False,False
9t2f_chainA,1515,22,0.005724931135773659,Cryptic,0.7390652298927307,0.8190905451774597,290.0,1,4,147.2546684989433,3.6928292785291315,3.658721569021232,4.322100293961906,6.743722380391222,10.225096287842659,6.96883172616027,0.6666666666666666,2.0,1.0,-0.08350084784195505,0.6666666666666666,4.14578098794425,26.25,5.833333333333333,0.024515022834142048,0.8251143544912338,0.2339684721082449,3268.0,0.41445475816726685,0.00043833255767822266,0.000739399140002206,1.0672122538089752,0.010658488655741902,3.8606956165049438,0.8932452636276031,0.5818195495080074,45.28668014671436,False,False,False
9t2f_chainA,1513,23,0.00695492047816515,Cryptic,0.7390652298927307,1.0,290.0,1,4,147.2546684989433,3.6928292785291315,3.658721569021232,4.322100293961906,6.743722380391222,10.225096287842659,6.96883172616027,0.6666666666666666,2.0,1.0,-0.08350084784195505,0.6666666666666666,4.14578098794425,26.25,5.833333333333333,0.024515022834142048,0.8251143544912338,0.2339684721082449,3268.0,0.41445475816726685,0.00043833255767822266,0.000739399140002206,1.0672122538089752,0.010658488655741902,3.8606956165049438,0.8932452636276031,0.5818195495080074,45.28668014671436,False,False,False
9t2f_chainA,3511,38,0.015215469524264336,Allosteric,0.7144791483879089,0.859889805316925,150.0,1,4,110.9676109966558,17.158678781175297,26.982604454684108,3.238524999973336,4.771217181996228,7.659223938973772,5.35545106742014,0.5,1.5,1.0,-0.2994657411692418,0.6666666666666666,10.825317547305483,26.25,15.833333333333334,0.04805022478103638,0.8738053441047668,0.4286256805062294,4959.0,0.4798244386911392,0.00047634541988372803,0.0006094232085160911,1.1285421252250671,0.014774398412053861,3.8568821232763746,1.190937887868128,0.51241230680974,5.618780270513739,False,False,False
9t2g_chainA,514,2,0.07603669166564941,Cryptic,0.6210528016090393,0.7943893074989319,3598.0,1,5,-14.649716350847958,13.091579989881966,-27.798715528659613,4.90042673121049,8.60200464970849,14.810390133381754,7.552150787104814,0.6,2.4,2.0,-0.11024490301234029,0.6,11.661903789690601,28.0,14.0,0.06795446872711182,0.8543119430541992,0.37691508084535597,1833.0,0.37933121919631957,0.000477147102355957,0.0007507319503929466,0.9872438669204712,0.015262864020526862,15.615383643082533,3.1865354793755407,0.5480987024540288,19.318140137574122,False,False,False
9t2g_chainA,517,5,0.006881375331431627,Cryptic,0.8175273537635803,0.678844690322876,321.0,1,3,13.206845669606313,7.567976605603978,-10.407876221349989,3.3546553566424477,5.473896271930984,9.385740818848179,6.319784267789046,0.6666666666666666,1.3333333333333333,1.0,0.10597318215420776,0.3333333333333333,10.801234497346433,30.0,16.666666666666668,0.07779975732167561,0.8196859359741211,0.37359654903411865,5802.0,0.4890880286693573,0.0004641016324361165,0.0007005123576770226,1.168800671895345,0.009349590319649522,3.827901367761679,1.141071424872952,0.5898255816200833,17.33514127378668,False,False,False
9t2g_chainA,4514,13,0.0630321353673935,Cryptic,0.6210528016090393,0.7713789343833923,3598.0,1,5,-14.656355359637534,13.026871052524656,-27.808930946008747,4.9114749532780735,8.666171760464346,14.810390133381754,7.552150787104814,0.6,2.4,2.0,-0.11024490301234029,0.6,11.661903789690601,28.0,14.0,0.06795446872711182,0.8543119430541992,0.37691508084535597,1833.0,0.37933121919631957,0.000477147102355957,0.0007507319503929466,0.9872438669204712,0.015262864020526862,15.615383643082533,3.1793674591907126,0.5479661237892177,19.344415857131203,False,False,False
9t2g_chainA,1524,14,0.0630267783999443,Cryptic,0.6210528016090393,1.0,1199.3333740234375,1,4,-14.55115601776511,15.725132980961044,-27.637552014326374,3.6243915041525057,6.104817852180135,10.065167047999847,5.976146789046388,0.6666666666666666,2.0,2.0,-0.08462393329798183,0.6666666666666666,12.24744871391589,30.0,16.666666666666668,0.08452025055885315,0.8604598492383957,0.3181005958467722,1585.5,0.3729570508003235,0.00047719478607177734,0.0006761045879102312,0.9653134047985077,0.013342681411235832,15.615383643082533,4.308415254034178,0.5818375165148655,18.7009085337599,False,False,False
9t2g_chainA,4527,15,0.046539194881916046,ActiveSite,0.5861695408821106,1.0,1199.3333740234375,1,4,-14.54365061680943,15.70211853430575,-27.67768692828649,3.6323735220130233,6.143178352822264,10.065167047999847,5.976146789046388,0.6666666666666666,2.0,2.0,-0.08462393329798183,0.6666666666666666,12.24744871391589,30.0,16.666666666666668,0.08452025055885315,0.8604598492383957,0.3181005958467722,1585.5,0.3729570508003235,0.00047719478607177734,0.0006761045879102312,0.9653134047985077,0.013342681411235832,15.615383643082533,4.298947657351232,0.5817417323005393,18.71966071402814,False,False,False
9t2g_chainA,1525,16,0.06794533133506775,Cryptic,0.6210528016090393,0.9328401684761047,1199.3333740234375,1,6,-13.986885854502484,14.944987198928796,-26.68071530892136,4.730039502207574,8.375355768322585,14.810390133381754,7.395814544036241,0.6666666666666666,3.3333333333333335,2.0,0.030786585069848438,0.4,13.437096247164249,31.666666666666668,16.666666666666668,0.05855751434961955,0.85182985663414,0.4570887548228105,2105.6666666666665,0.3864173839489619,0.0004775126775105794,0.0008958422646780188,0.9928644100824991,0.015872596828559658,3.8627610506915637,0.8166445647840278,0.5016979923543968,17.808502960481405,False,False,False
9t2g_chainA,1523,17,0.047223370522260666,Cryptic,0.6210528016090393,0.6950399279594421,1199.3333740234375,1,3,-15.009886142374514,9.72071981620098,-27.77983947295836,4.162690607794819,7.3320043151679,10.202200691604824,7.0800438749011825,1.0,2.0,2.0,0.26690711998912525,0.3333333333333333,0.0,20.0,0.0,0.014907320340474447,0.8231674830118815,0.3669240747888883,2059.3333333333335,0.3808157841364543,0.00048033396402994793,0.0009100800574136277,1.056118667125702,0.01841758340549945,15.615383643082533,3.7512717408884644,0.8042865086071455,20.641780211758142,False,False,False
9t2g_chainA,1526,18,0.0405709370970726,Cryptic,0.5861695408821106,0.6950399279594421,1199.3333740234375,1,5,-14.652261209279176,13.016280564431485,-27.8229803236703,4.914504646686857,8.680857333115574,14.810390133381754,7.552150787104814,0.6,2.4,2.0,-0.11024490301234029,0.6,11.661903789690601,28.0,14.0,0.06795446872711182,0.8543119430541992,0.37691508084535597,1833.0,0.37933121919631957,0.000477147102355957,0.0007507319503929466,0.9872438669204712,0.015262864020526862,15.615383643082533,3.1774074430084704,0.5479297674683123,19.351417547002047,False,False,False
9t2g_chainA,1528,19,0.06280909478664398,Cryptic,0.5861695408821106,0.9328401684761047,1199.3333740234375,1,5,-14.652261209279176,13.016280564431485,-27.8229803236703,4.914504646686857,8.680857333115574,14.810390133381754,7.552150787104814,0.6,2.4,2.0,-0.11024490301234029,0.6,11.661903789690601,28.0,14.0,0.06795446872711182,0.8543119430541992,0.37691508084535597,1833.0,0.37933121919631957,0.000477147102355957,0.0007507319503929466,0.9872438669204712,0.015262864020526862,15.615383643082533,3.1774074430084704,0.5479297674683123,19.351417547002047,False,False,False
9t2g_chainA,1527,20,0.05681263282895088,Cryptic,0.5861695408821106,1.0,1199.3333740234375,1,5,-14.652261209279176,13.016280564431485,-27.8229803236703,4.914504646686857,8.680857333115574,14.810390133381754,7.552150787104814,0.6,2.4,2.0,-0.11024490301234029,0.6,11.661903789690601,28.0,14.0,0.06795446872711182,0.8543119430541992,0.37691508084535597,1833.0,0.37933121919631957,0.000477147102355957,0.0007507319503929466,0.9872438669204712,0.015262864020526862,15.615383643082533,3.1774074430084704,0.5479297674683123,19.351417547002047,False,False,False
9t7f_chainA,0,2,0.04387056827545166,ActiveSite,0.6703827381134033,0.5152878165245056,424.0,1,5,-4.647269630251789,41.840798690334445,66.54179087375597,3.9193173294575465,6.191608667158912,11.124984501521443,6.2017420682608915,0.4,1.6,1.0,0.11070707506029351,0.4,14.628738838327793,26.0,20.0,0.09273884296417237,0.8113953948020936,0.40187775194644926,3948.8,0.4288115739822388,0.00044286251068115234,0.00046399788116104903,1.0651947498321532,0.007139197135634355,6.381858356049509,1.6283086618385123,0.549927360141737,24.21176391189775,False,False,False
9t7f_chainA,2,3,0.00804583914577961,Unknown,0.5439304709434509,0.47825586795806885,90.0,1,3,7.991559168142177,62.86191748883006,58.552446297668425,2.9062274021856367,4.404268728128094,7.116398396159575,4.937553354337524,0.6666666666666666,1.3333333333333333,1.0,-0.261739258950326,0.6666666666666666,8.498365855987974,36.666666666666664,13.333333333333334,0.1208794116973877,0.8672866821289062,0.4282598892847697,4527.666666666667,0.45180914799372357,0.00047520796457926434,0.0005237463822898766,0.914479394753774,0.018078392065460438,3.842010465522941,1.3219923749371938,0.550087829679178,9.728281262363701,False,False,False
9t7f_chainA,1006,4,0.0,Cryptic,0.7266920208930969,0.5912305116653442,185.6666717529297,1,4,15.74266396379196,47.689683049315015,63.47942088185251,2.963961733880935,4.072579449262266,5.923273593144807,4.737793182205041,0.6666666666666666,2.0,1.0,-0.015359035827958454,0.3333333333333333,9.013878188659973,-27.5,13.333333333333334,0.1749363342920939,0.747863382101059,0.43505648523569107,2330.75,0.36125850677490234,0.0004314035177230835,0.00040098855970427394,1.0023709833621979,0.009806146448783777,3.82529630493484,1.2906024599467738,0.5985972250518738,20.42086221559268,False,False,False
9t7f_chainA,1006,4,0.0,Cryptic,0.7266920208930969,0.5912305116653442,185.6666717529297,2,4,13.296254617117267,48.05996543737216,60.33974089996254,6.929913762139472,14.359160329422995,17.63187587296118,11.271589035605993,0.5,1.5,1.0,-0.24409492602915217,0.6666666666666666,4.330127018922194,22.5,5.0,0.1571097473303477,0.8455583602190018,0.3037889525294304,2564.75,0.40475285053253174,0.0003623068332672119,0.0005337540678738151,1.1347825229167938,0.013033748183500487,3.82529630493484,0.5519976779269264,0.47676941578068693,19.774884456687854,False,False,False
9t7f_chainA,4005,5,0.005846441723406315,Allosteric,0.7266920208930969,0.500124990940094,185.6666717529297,1,3,15.790188273173891,47.67126990673885,63.54351142565613,2.5905188210265875,3.13896459423278,5.923273593144807,4.545021592343989,0.6666666666666666,1.3333333333333333,1.0,-0.1479931409206899,0.3333333333333333,10.274023338281626,-28.333333333333332,16.666666666666668,0.044001380602518715,0.8243312040964762,0.531706819931666,2670.6666666666665,0.39549891153971356,0.00047957897186279297,0.0005242777600263556,1.0217956900596619,0.010249747122362821,3.8448937761408106,1.4842176574564054,0.5578593682546685,20.44943843480088,False,False,False
9t7f_chainA,4005,5,0.005846441723406315,Allosteric,0.7266920208930969,0.500124990940094,185.6666717529297,2,4,13.51223136448755,48.5942181784569,62.2985436798598,5.148624587992217,6.197184899435812,11.731772611167806,8.148451879592937,0.5,1.5,1.0,-0.027648532471867788,0.5,5.0,25.0,6.666666666666667,0.09639979402224223,0.8871397227048874,0.3781639114022255,1945.75,0.395476259291172,0.00040678679943084717,0.0005388506724557374,1.0517197847366333,0.015430486307971093,3.8448937761408106,0.7467807587113638,0.5622424224707842,18.80405203794005,False,False,False
9t7f_chainA,4000,6,0.04248758405447006,ActiveSite,0.6703827381134033,0.550126850605011,424.0,1,7,5.457143980974669,44.66007447722106,68.52151354648815,7.14691983473942,11.068741859000252,18.175833341852947,10.420759500229648,0.38095238095238093,2.2857142857142856,1.0,-0.02758899600443093,0.5238095238095238,12.079667518062687,25.714285714285715,15.714285714285714,0.12232046467917305,0.8111704417637416,0.23785940930247307,2835.1428571428573,0.40012744069099426,0.00036843333925519673,0.0004927382812768753,1.1082188487052917,0.007734488581408042,8.011312358812383,1.1209461619915426,0.45939160304717286,19.631403766748218,False,False,False
9t7f_chainA,4003,7,0.01724565215408802,ActiveSite,0.7266920208930969,0.49951913952827454,557.0,1,3,14.402589618874183,48.40128921638143,59.225622796066446,4.337157645210472,6.954535882054443,9.76683156648297,7.507745014364052,0.6666666666666666,1.3333333333333333,1.0,-0.10333306855085007,0.6666666666666666,4.714045207910316,23.333333333333332,6.666666666666667,0.11388651529947917,0.8956416050593058,0.35997274518013,1936.0,0.39996854464213055,0.0003865162531534831,0.0005330214286611105,1.089403748512268,0.01730967772132842,3.8448937761408106,0.8865008124357046,0.5726709647282826,20.44692911735461,False,False,False
9t7f_chainA,4003,7,0.01724565215408802,ActiveSite,0.7266920208930969,0.49951913952827454,557.0,2,3,15.798179313051921,47.669533893818745,63.529899081284455,2.5910279555734377,3.1230848518049377,5.923273593144807,4.545021592343989,0.6666666666666666,1.3333333333333333,1.0,-0.1479931409206899,0.3333333333333333,10.274023338281626,-28.333333333333332,16.666666666666668,0.044001380602518715,0.8243312040964762,0.531706819931666,2670.6666666666665,0.39549891153971356,0.00047957897186279297,0.0005242777600263556,1.0217956900596619,0.010249747122362821,3.8448937761408106,1.483926010088097,0.5578435370611626,20.457914850681874,False,False,False
9t7f_chainA,4001,8,0.0,Unknown,0.5189516544342041,0.5538097023963928,55.0,1,4,0.20791791462603149,53.493982434857365,61.175743420963904,3.643207621328493,6.404472147580308,9.327018340628479,5.498336140613855,0.8333333333333334,2.5,2.0,0.017231781742604778,0.5,9.60143218483576,-26.25,12.5,0.0523965060710907,0.8075821250677109,0.49919796362519264,5555.0,0.4662100151181221,0.00047639012336730957,0.0006308459996944293,0.9784790426492691,0.011490593801268406,3.8166250288092125,1.0476001989196222,0.5854200650448096,13.194900440736268,False,False,False
9t7f_chainB,0,2,0.0,Unknown,0.43456190824508667,0.528285801410675,55.0,1,4,21.662965706104085,45.54035592849024,47.6029655841232,5.100444714214076,8.102216389683667,12.126387729371173,7.647767243466549,0.5,1.5,1.0,-0.016878329289966344,0.5,10.307764064044152,37.5,15.0,0.17222581307093301,0.7689594626426697,0.3747735098004341,4079.75,0.4262310341000557,0.00037229061126708984,0.000857232811540598,1.1791688054800034,0.016977981878405553,3.838167381138279,0.7525162208781435,0.5098814437532755,9.658574818924489,False,False,False
9t7f_chainB,6,3,0.0,Unknown,0.5003065466880798,0.5290122032165527,54.0,1,6,41.23641831364619,24.86612358307212,46.721902329695624,6.403671818004873,10.92265262625412,13.773660580933571,7.938979490129291,0.4,2.0,1.0,-0.1344259684555492,0.6,15.11529762268088,30.833333333333332,19.0,0.06304096380869548,0.8141371210416158,0.43439284712076187,4507.833333333333,0.4379415512084961,0.0003590881824493408,0.0005158323765499517,0.9798907736937205,0.007236307965807755,6.520903787145992,1.0183069920621952,0.4215449051264539,23.818272002763216,False,False,False
9t7f_chainB,3,4,0.00903464388102293,Allosteric,0.5828148722648621,0.5032666921615601,172.0,1,6,35.390683285405665,29.528410903900603,46.955578553505696,6.372054430133878,8.33404182720488,15.815937270922594,9.333950808575594,0.6,3.0,2.0,0.4558628866614638,0.2,12.133516482134198,23.333333333333332,16.0,0.044584874312082926,0.7914331058661143,0.4046891815960407,4768.666666666667,0.4410250981648763,0.00037602583567301434,0.0006059587127917135,1.0176652073860168,0.00985494773720785,3.796144895044983,0.5957489749448398,0.5947517000324467,16.594934413713904,False,False,False
9t7f_chainB,1,5,0.00247964751906693,Unknown,0.5327417254447937,0.4745595455169678,72.0,1,7,25.416779458286094,39.35458312269609,44.582457115666706,6.8414986278604815,9.509488452847874,15.277250569997001,9.706105174841133,0.38095238095238093,2.2857142857142856,1.0,-0.08605593111553214,0.6190476190476191,17.053337694733315,26.428571428571427,21.904761904761905,0.0733310722169422,0.8213417104312352,0.380618827683585,4640.285714285715,0.4611162969044277,0.00041679825101579936,0.000663819809103318,1.2277016980307442,0.015013030083796947,3.83517714643834,0.5605755924323998,0.39320930163953255,8.504853805531802,False,False,False
9t7f_chainB,3011,6,0.033975277096033096,Cryptic,0.8325768709182739,0.5357435941696167,774.0,1,3,38.79896272049177,43.51239892183835,49.82038541376117,3.861888493958833,4.198407214557268,7.8833611700432495,6.4682333380433406,1.0,2.0,2.0,0.4266707129383067,0.0,7.0710678118654755,20.0,10.0,0.08592832088470459,0.8704340060551962,0.528586208820343,3434.0,0.42802465955416363,0.0004378954569498698,0.0004029274241474923,0.9995183944702148,0.009684260521097535,3.8337405308856063,0.9927113475396148,0.7279891667172926,19.050705622779407,False,False,False
9t7f_chainB,1007,7,0.01209383737295866,Cryptic,0.8325768709182739,0.5314052700996399,258.0,1,5,38.762117913792814,41.91724945309364,50.85519602202532,4.646487909222128,6.234009097822472,11.710643928658618,7.235684054169271,0.9,3.6,3.0,0.43230278325446314,0.2,9.695359714832659,26.0,13.0,0.05427241325378418,0.8624093294143677,0.44278261363506316,3314.0,0.42118739485740664,0.0004502534866333008,0.0003904931458237115,0.9793978333473206,0.009985964594895697,3.8337405308856063,0.8250835051731396,0.6693929035584473,18.443749006931082,False,False,False
9t7f_chainB,1007,7,0.01209383737295866,Cryptic,0.8325768709182739,0.5314052700996399,258.0,2,3,38.006564016190545,47.67156076313392,49.04639606099265,6.15604821741643,8.962439466550485,15.05101508863459,10.379100170396313,0.6666666666666666,1.3333333333333333,1.0,0.3774277509169406,0.3333333333333333,16.32993161855452,-30.0,26.666666666666668,0.1287938356399536,0.8589521447817484,0.36576753358046216,1320.0,0.3739730219046275,0.00046686331431070965,0.0006892787059769034,1.0982519388198853,0.016968940020610276,3.851075523985319,0.6255759194819202,0.5263661325986226,20.314771558057476,False,False,False
9t7f_chainB,4008,8,0.01611626148223877,Cryptic,0.8325768709182739,0.5164950489997864,258.0,1,4,39.001279176624486,41.63251840649208,50.433382214857374,4.735473750983374,6.048000146157975,11.710643928658618,7.565982864062794,0.8333333333333334,2.5,2.0,0.39981792078045825,0.16666666666666666,10.606601717798213,25.0,15.0,0.06538547078768413,0.8671157211065292,0.49122820794582367,3582.75,0.42860277742147446,0.00044605135917663574,0.00039457834373024525,0.9604499191045761,0.008971341103632468,3.8241403761743022,0.8075518052191033,0.6454965795944811,18.61217832218032,False,False,False
9t7f_chainB,4009,9,0.007776044774800539,Cryptic,0.6665383577346802,0.5394003987312317,200.3333282470703,1,7,40.647580204943196,35.676668726671124,52.27040793117257,6.288499389726035,10.316302526662986,14.322997226930498,8.073747382504568,0.38095238095238093,2.2857142857142856,1.0,-0.1276839409693995,0.6190476190476191,13.627702877384937,30.0,17.61904761904762,0.04878464766911098,0.8153253623417446,0.5219352756227765,3959.8571428571427,0.42360865218298777,0.0003720862524850028,0.0004784611768887511,0.9808456131390163,0.006880957531663202,,,0.40039678018782665,19.605644595213608,False,False,False
9t7f_chainB,4004,10,0.024846648797392845,ActiveSite,0.8325768709182739,0.4652731716632843,774.0,1,4,38.997276942479175,41.64540643657152,50.42490228714068,4.736001742121676,6.063233947313985,11.710643928658618,7.5659828640627955,0.8333333333333334,2.5,2.0,0.3998179207804582,0.16666666666666666,10.606601717798213,25.0,15.0,0.06538547078768413,0.8671157211065292,0.49122820794582367,3582.75,0.42860277742147446,0.00044605135917663574,0.00039457834373024525,0.9604499191045761,0.00897134110363247,3.8241403761743022,0.8074617756498396,0.6454872427151793,18.61220325648295,False,False,False
9t7f_chainB,1010,11,0.013419042341411114,Cryptic,0.6665383577346802,0.5316754579544067,200.3333282470703,1,3,38.92443942432609,39.16389514876079,52.22802844604617,3.2402134260849884,5.371101457638103,8.539572600568405,5.944453022199025,1.0,2.0,2.0,0.39044895304792465,0.3333333333333333,10.274023338281626,28.333333333333332,16.666666666666668,0.02781256039937337,0.8387288848559061,0.3900630821784337,4126.333333333333,0.43620559573173523,0.000468750794728597,0.00040249563365553814,0.9747471213340759,0.009464065146210258,3.8241403761743022,1.1802124963091853,0.6901649129185359,18.029359497210436,False,False,False
9t7f_chainB,1010,11,0.013419042341411114,Cryptic,0.6665383577346802,0.5316754579544067,200.3333282470703,2,3,33.17262887419932,44.42739537209012,56.05625189866049,4.942423340617273,5.865029515532777,9.399266659036766,7.923081667874562,1.0,2.0,2.0,0.38256085055371875,0.0,9.428090415820632,-23.333333333333332,13.333333333333334,0.0814739465713501,0.8352922002474467,0.4312385966380437,1664.0,0.3742492198944092,0.0003981192906697591,0.0004299505865977456,1.0839990774790447,0.012174086722943409,3.8540636310251206,0.7797922932566469,0.6632882357731349,15.095490212712749,False,False,False
9t7f_chainB,1011,12,0.011816136538982391,Cryptic,0.6665383577346802,0.5966302752494812,200.3333282470703,1,4,39.896699738727776,38.09572342682424,52.371356423645366,4.765402308545405,8.25878722865959,14.454157836904576,8.235238357553404,0.8333333333333334,2.5,2.0,0.3248558106816973,0.3333333333333333,11.4564392373896,32.5,16.666666666666668,0.021337032318115234,0.8392261862754822,0.3465176932513714,3907.75,0.428434856235981,0.000456392765045166,0.0004352201794972643,0.9480967372655869,0.009661278831558645,3.8241403761743022,0.8024800695875739,0.6016449756671267,18.88845390008835,False,False,False
9t7f_chainB,4010,13,0.02018439583480358,Cryptic,0.6665383577346802,0.48224982619285583,200.3333282470703,1,4,39.951438741341626,37.954545462638364,52.29426128379872,4.765394227239206,8.132388584542403,14.454157836904576,8.235238357553404,0.8333333333333334,2.5,2.0,0.3248558106816973,0.3333333333333333,11.4564392373896,32.5,16.666666666666668,0.021337032318115234,0.8392261862754822,0.3465176932513714,3907.75,0.428434856235981,0.000456392765045166,0.0004352201794972643,0.9480967372655869,0.009661278831558645,3.8241403761743022,0.8024814304586482,0.6016451180051702,18.929088683357246,False,False,False
9t7f_chainB,4002,14,0.06093689426779747,ActiveSite,0.6665383577346802,0.5195536017417908,601.0,1,3,39.58571958928562,34.0811909249573,51.989849221254765,6.930211389594434,8.545004484138985,16.565671613943692,12.143292411374881,0.6666666666666666,1.3333333333333333,1.0,0.6289362066093966,0.0,14.719601443879744,25.0,23.333333333333332,0.025861422220865887,0.7783597906430563,0.6687297622362772,4260.666666666667,0.4242200752099355,0.00041667620340983075,0.0006785988225601614,1.0229751666386921,0.009691441947087808,3.8241403761743022,0.5518071760287382,0.5926178913977587,18.68928854116632,False,False,False
9t7f_chainB,4002,14,0.06093689426779747,ActiveSite,0.6665383577346802,0.5195536017417908,601.0,2,5,39.832234506408504,37.86203894891167,52.34339690589319,5.899304552065854,10.45165502206747,15.815606675514227,9.793459681970191,0.7,2.8,2.0,0.39933073721700385,0.2,13.638181696985855,28.0,19.0,0.03572070598602295,0.8277669429779053,0.30010233372449874,3729.6,0.42242307066917417,0.00041396617889404296,0.00043332776403985916,0.9919122576713562,0.00810938740762065,3.8241403761743022,0.6482357949862313,0.5722896303608572,18.80664674469352,False,False,False
9tf5_chainA,3,2,0.0,Unknown,0.5038928389549255,0.5390859246253967,82.0,1,7,5.155996336404896,-0.01687898350607387,13.72521476323756,5.044872057425103,8.948902149036307,12.591342793930945,7.579102912012729,0.42857142857142855,2.5714285714285716,1.0,-0.1525142855421627,0.6666666666666666,9.422075684480655,25.714285714285715,12.380952380952381,0.045652542795453756,0.8360601833888462,0.44585153460502625,4033.714285714286,0.4381942025252751,0.0004201275961739676,0.0005918619322723576,1.0651297654424394,0.009981895945047618,3.8450983370984146,0.7621795544723782,0.48259138405000856,18.836996477814257,False,False,False
9tf5_chainA,6,4,0.006025049369782209,Unknown,0.5784249305725098,0.5145254731178284,145.0,1,3,5.569013530872174,-1.8962147487943681,12.105017694617642,3.6659007246421953,6.895910897504176,9.120941622054165,6.5114096128503585,0.6666666666666666,1.3333333333333333,1.0,0.17518774795234945,0.3333333333333333,4.08248290463863,30.0,6.666666666666667,0.04633251825968424,0.8223763505617777,0.4809853881597519,5595.0,0.4727583130200704,0.0004719694455464681,0.0006539243234631916,0.9947266181310018,0.011844940546218907,3.7811722486841943,1.0314442568690263,0.6708828434458028,17.840058015545516,False,False,False
9tf5_chainA,5,5,0.02235887013375759,ActiveSite,0.7220516204833984,0.49183714389801025,502.0,1,7,10.186284772503928,-1.2618673034380965,18.04392906002286,6.477469152714415,8.765570300552335,17.1155298785322,9.573372393919342,0.42857142857142855,2.5714285714285716,1.0,0.1739164244811652,0.38095238095238093,21.68889492955568,22.142857142857142,27.61904761904762,0.06949421905335926,0.8295641796929496,0.31369260379246305,3114.285714285714,0.4137525132724217,0.00044666017804827007,0.0005182615173647978,1.097993220601763,0.006990707524827099,3.844259306324996,0.5934816848512572,0.4504206930980047,14.101525656187924,False,False,False
9tf5_chainA,4009,7,0.007321903016418219,Allosteric,0.7220516204833984,0.5432286262512207,167.3333282470703,1,6,10.603752864687264,-1.3055036241255218,18.22157247390955,5.987706339764565,8.013215379815195,12.176965408635876,8.585562802759119,0.4666666666666667,2.3333333333333335,1.0,0.32998729430905865,0.26666666666666666,23.40761984198023,22.5,31.0,0.0678753137588501,0.8369016051292419,0.33126770704984665,3086.0,0.4101629505554835,0.00047084689140319824,0.0005582648009294644,1.0172003904978435,0.0075147301936573305,3.844259306324996,0.642025357989776,0.5120973193294664,13.846908715620899,False,False,False
9tf5_chainA,4008,8,0.009826474823057652,Cryptic,0.7421712875366211,0.548730731010437,201.6666717529297,1,8,10.042311906489342,13.10868067495054,15.65141342182172,5.607299967049485,9.456745670991358,15.769363984514136,8.466251221836156,0.35714285714285715,2.5,1.0,-0.028528845902402573,0.5714285714285714,12.231491119238079,21.875,14.107142857142858,0.09612299076148442,0.8736745342612267,0.4057130366563797,2349.875,0.40380575507879257,0.0004593953490257263,0.0007106898046913557,1.0598433166742325,0.0091669977990589,3.8138592258884105,0.6801596576427196,0.4683812665730411,27.71518578978167,False,False,False
9tf5_chainA,1010,9,0.008273215964436531,Cryptic,0.7220516204833984,0.5424269437789917,167.3333282470703,1,5,8.829284362287687,11.403394417273494,17.026586179018423,4.3934288502043035,9.329138273971488,11.522103270845726,7.090897605948269,0.5,2.0,1.0,0.1655874596522753,0.5,15.165750888103101,-5.0,21.0,0.08304785490036011,0.8399982333183289,0.3662449955940247,3326.0,0.4138671219348907,0.0004262447357177734,0.0005857528885826468,0.9706440567970276,0.012351415543637409,3.859693965128318,0.8785151863672117,0.5302211793226408,26.301069691916936,False,False,False
9tf5_chainA,1011,10,0.0032892723102122545,Cryptic,0.7220516204833984,0.6331864595413208,167.3333282470703,1,3,9.13206081334915,10.061684537320597,18.67618490678213,4.634220366341633,8.433949688901853,11.522103270845726,8.24076537080456,0.6666666666666666,1.3333333333333333,1.0,0.8274688247004168,0.0,6.236095644623236,-16.666666666666668,10.0,0.09612397352854411,0.8760494987169901,0.3099780132373174,2720.0,0.40673526128133136,0.0003935496012369792,0.0003309860670318206,0.9570741256078085,0.011697503351472195,3.859693965128318,0.8328680252586381,0.7347104511427769,24.85355307466748,False,False,False
9tf5_chainA,4002,11,0.023359423503279686,ActiveSite,0.7421712875366211,0.4846959114074707,605.0,1,7,9.789750575014942,14.381279987845211,14.969162597491547,4.765237861395046,9.47085594314996,15.769363984514136,7.367679268477704,0.42857142857142855,2.5714285714285716,1.0,-0.08951325124651699,0.6190476190476191,12.163847404233143,23.571428571428573,14.285714285714286,0.10495077996026903,0.8751107028552464,0.4292685410806111,2183.0,0.4003480885710035,0.0004566993032182966,0.0007414804671757988,1.070340531212943,0.009533350704201462,3.8480943220243438,0.8075345730795893,0.46866375027003615,29.089598091408643,False,False,False
9tf5_chainA,4007,12,0.005438119173049927,Cryptic,0.7421712875366211,0.5023831725120544,201.6666717529297,1,7,9.72359169218398,14.395450201093045,14.726955024423903,4.722289235506326,9.708840366710715,15.769363984514136,7.367679268477704,0.42857142857142855,2.5714285714285716,1.0,-0.08951325124651699,0.6190476190476191,12.163847404233143,23.571428571428573,14.285714285714286,0.10495077996026903,0.8751107028552464,0.4292685410806111,2183.0,0.4003480885710035,0.0004566993032182966,0.0007414804671757988,1.070340531212943,0.009533350704201466,3.8480943220243438,0.8148789983237333,0.4694239479555055,29.15568834691404,False,False,False
9tf5_chainA,4005,13,0.028262516483664513,ActiveSite,0.7220516204833984,0.53762286901474,502.0,1,4,13.560667521839807,1.2012604682838788,19.573060481433924,4.9228188973403,6.933859923769337,9.94318857817668,7.812700093079421,0.5,1.5,1.0,0.43077759236710206,0.16666666666666666,24.33490291741473,16.25,35.833333333333336,0.08241315682729085,0.8160625994205475,0.2959495224058628,3344.75,0.41009700298309326,0.00047212839126586914,0.0005668661033269018,1.0038370490074158,0.006387532937267895,3.844259306324996,0.7809061000399531,0.5680475538784785,15.092643304510082,False,False,False
9tf5_chainA,4005,13,0.028262516483664513,ActiveSite,0.7220516204833984,0.53762286901474,502.0,2,3,9.46695476121998,10.000971365380172,18.370548436995396,4.7297082585586026,8.89126023586716,11.522103270845726,8.24076537080456,0.6666666666666666,1.3333333333333333,1.0,0.8274688247004168,0.0,6.236095644623236,-16.666666666666668,10.0,0.09612397352854411,0.8760494987169901,0.3099780132373174,2720.0,0.40673526128133136,0.0003935496012369792,0.0003309860670318206,0.9570741256078085,0.011697503351472195,3.859693965128318,0.816053285769591,0.7330041051198716,24.696366106121513,False,False,False
9tf5_chainB,6,2,0.0,Unknown,0.5095904469490051,0.5431990027427673,73.0,1,4,31.88603541543863,42.87729590174574,1.4829117173152098,3.1223294710886664,5.230442306651166,8.329085379051174,5.167580219558432,0.5,1.5,1.0,-0.01723928087478649,0.5,4.330127018922194,32.5,5.0,0.06971315542856853,0.8282627165317535,0.3608577623963356,2871.5,0.3952060341835022,0.0004590451717376709,0.0007350993037107401,0.92185840010643,0.008663844286719853,6.380855320559079,2.043620117493321,0.6564103763550053,24.95177254873254,False,False,False
9tf5_chainB,1,3,0.041269559413194656,ActiveSite,0.8268575668334961,0.47616255283355713,683.0,1,3,9.585812723627471,37.71862511094176,-2.472419213981456,2.988139383797965,3.7166398257202076,6.6809849022510805,5.202640125652322,0.6666666666666666,1.3333333333333333,1.0,0.06605014339668995,0.3333333333333333,6.236095644623236,36.666666666666664,10.0,0.14203759034474692,0.8900022904078165,0.37218042214711505,1473.3333333333333,0.36953110496203107,0.0004655917485555013,0.0004939502784206221,0.8297516107559204,0.01248158399463612,3.8558581864340544,1.290387659739355,0.643096554448408,20.442675439843935,False,False,False
9tf5_chainB,0,4,0.0,Unknown,0.4433360695838928,0.5334113240242004,114.0,1,3,8.429043934666073,20.304599771640433,-2.425321106091762,4.760538927022129,6.482500819424986,12.87394296825068,8.778356035901714,0.6666666666666666,1.3333333333333333,1.0,0.5239586535446313,0.0,14.142135623730951,40.0,20.0,0.19298227628072104,0.8369783759117126,0.41943415999412537,4405.333333333333,0.44240501523017883,0.00047471125920613605,0.0006664990408656498,0.9597462813059489,0.01327364951106322,3.847940336498622,0.8082993113776792,0.6324826303317331,12.517653336528968,False,False,False
9tf5_chainB,5,5,0.003447650233283639,Unknown,0.48914235830307007,0.5218247771263123,78.0,1,3,20.044133105344333,28.099263289867437,-1.7183544340703538,3.838942224654192,3.9708870576610087,7.634413388259718,6.246821499037666,0.6666666666666666,1.3333333333333333,1.0,0.1049005024676769,0.6666666666666666,6.236095644623236,-41.666666666666664,10.0,0.030162652333577473,0.856097420056661,0.44552434235811234,5266.666666666667,0.4761449595292409,0.0004589955012003581,0.0009899734674642484,1.03050963083903,0.01579989228808636,3.788222076983784,0.9867879887994467,0.6323720321323334,7.4342953577566355,False,False,False
9tf5_chainB,5,5,0.003447650233283639,Unknown,0.48914235830307007,0.5218247771263123,78.0,2,3,26.040820369701727,34.218942725659865,-3.36665540465901,2.730688072921158,4.016585894211839,5.7644981707035345,4.755310522126073,0.6666666666666666,1.3333333333333333,1.0,-0.22547911580658023,0.6666666666666666,9.428090415820632,21.666666666666668,13.333333333333334,0.03927520910898844,0.8461971879005432,0.28049392501513165,3854.0,0.43278778592745465,0.0004744529724121094,0.0006098922264451782,0.9996837576230367,0.007674796535958382,3.788222076983784,1.3872774831185049,0.5536230624205243,14.504345870030775,False,False,False
9tf5_chainB,4,6,0.0,Unknown,0.5380334854125977,0.47107353806495667,56.0,1,5,14.790031868705167,22.270361052659897,-4.44371924540755,5.147822927878071,7.12061567027236,13.439717257216387,8.287118050378783,0.4,1.6,1.0,-0.17403202991264283,0.5,10.954451150103322,35.0,15.0,0.019556736946105956,0.8514108657836914,0.3821497857570648,4801.2,0.46776450276374815,0.00047442913055419924,0.0007779312087222934,1.113149309158325,0.014872040432812645,3.8484434723210854,0.7475866062680231,0.4538214160980072,6.8127444052347235,False,False,False
9tf5_chainB,1008,7,0.015370341017842293,Cryptic,0.8268575668334961,0.5442851185798645,227.6666717529297,1,4,9.88220072530519,38.58937286409169,-0.36222702121830197,5.0661842190203545,10.349070092057207,15.794193408292655,8.963302189238007,0.5,1.5,1.0,0.2082990152692099,0.16666666666666666,7.905694150420948,40.0,11.666666666666666,0.11036106944084167,0.9030657261610031,0.37025274336338043,1272.25,0.3744049519300461,0.0004555732011795044,0.0006076482313801534,0.928415834903717,0.013987892384681433,3.8558581864340544,0.7610971136733871,0.5785235099091588,21.066410854322363,False,False,False
9tf5_chainB,3011,8,0.03459210321307182,Cryptic,0.8268575668334961,0.5440240502357483,683.0,1,3,9.585812723627471,37.71862511094176,-2.472419213981456,2.988139383797965,3.7166398257202076,6.6809849022510805,5.202640125652322,0.6666666666666666,1.3333333333333333,1.0,0.06605014339668995,0.3333333333333333,6.236095644623236,36.666666666666664,10.0,0.14203759034474692,0.8900022904078165,0.37218042214711505,1473.3333333333333,0.36953110496203107,0.0004655917485555013,0.0004939502784206221,0.8297516107559204,0.01248158399463612,3.8558581864340544,1.290387659739355,0.643096554448408,20.442675439843935,False,False,False
9tf5_chainB,1006,9,0.014675297774374485,Cryptic,0.8268575668334961,0.5469262003898621,227.6666717529297,1,3,9.584484067670845,37.712975343703775,-2.4810664119277486,2.9887404749460362,3.707530885808324,6.6809849022510805,5.202640125652322,0.6666666666666666,1.3333333333333333,1.0,0.06605014339668995,0.3333333333333333,6.236095644623236,36.666666666666664,10.0,0.14203759034474692,0.8900022904078165,0.37218042214711505,1473.3333333333333,0.36953110496203107,0.0004655917485555013,0.0004939502784206221,0.8297516107559204,0.01248158399463612,3.8558581864340544,1.2901281388454027,0.643080690658166,20.43894642366144,False,False,False
9tf5_chainB,1007,10,0.011017490178346634,Cryptic,0.8268575668334961,0.5168114304542542,227.6666717529297,1,4,9.877361160511237,38.596841660960756,-0.37088274310469216,5.065127565910769,10.35487216415581,15.794193408292655,8.963302189238007,0.5,1.5,1.0,0.2082990152692099,0.16666666666666666,7.905694150420948,40.0,11.666666666666666,0.11036106944084167,0.9030657261610031,0.37025274336338043,1272.25,0.3744049519300461,0.0004555732011795044,0.0006076482313801534,0.928415834903717,0.013987892384681433,3.8558581864340544,0.7612558886738968,0.5785414822464908,21.074641307960103,False,False,False
9tf5_chainB,4009,11,0.008290189318358898,Allosteric,0.6729654669761658,0.5524832606315613,197.3333282470703,1,6,28.972741673645007,41.542295661460145,2.353596780635846,5.160816878430308,7.6670493339052825,11.445587589357935,7.822106158126035,0.4666666666666667,2.3333333333333335,1.0,0.018512866960849184,0.6,10.960788698304922,30.833333333333332,13.666666666666666,0.10140970945358277,0.7980052928129832,0.35916000852982205,3278.6666666666665,0.3999846279621124,0.00045751531918843585,0.0006086642242735252,0.9636675218741099,0.011133286412800564,3.8445989013727617,0.7449593721182602,0.5202121308470062,22.728172302751496,False,False,False
9tf5_chainB,4001,12,0.03813833370804787,ActiveSite,0.8268575668334961,0.468295693397522,683.0,1,4,9.839694123451897,38.49575799646036,-0.5961664358365267,5.0801335447119,10.604427793246401,15.794193408292655,8.963302189238007,0.5,1.5,1.0,0.2082990152692099,0.16666666666666666,7.905694150420948,40.0,11.666666666666666,0.11036106944084167,0.9030657261610031,0.37025274336338043,1272.25,0.3744049519300461,0.0004555732011795044,0.0006076482313801534,0.928415834903717,0.013987892384681433,3.8558581864340544,0.7590072490215855,0.5782864558458003,20.993301000846586,False,False,False
9tf5_chainB,4003,15,0.05461916700005531,ActiveSite,0.6729654669761658,0.5609376430511475,592.0,1,3,25.974378812929345,40.527316947227206,3.8221380054386827,4.499412794274215,4.961093164746505,9.279500117425384,7.262917625074524,0.6666666666666666,1.3333333333333333,1.0,0.7101863515327702,0.0,14.337208778404378,28.333333333333332,23.333333333333332,0.12675193945566812,0.7556038498878479,0.33298586308956146,4104.0,0.4138435324033101,0.0004627704620361328,0.0005499389371834695,1.0236392815907795,0.012063451855720527,3.8445989013727617,0.8544668109281405,0.6611296835102636,21.232864750946188,False,False,False
9tf5_chainB,4004,17,0.0,Unknown,0.5380334854125977,0.5158666968345642,56.0,1,5,14.745818626678624,22.32867269248285,-4.457564128020254,5.140680475711914,7.1093139198271365,13.439717257216387,8.287118050378783,0.4,1.6,1.0,-0.17403202991264283,0.5,10.954451150103322,35.0,15.0,0.019556736946105956,0.8514108657836914,0.3821497857570648,4801.2,0.46776450276374815,0.00047442913055419924,0.0007779312087222934,1.113149309158325,0.014872040432812641,3.8484434723210854,0.7486253017482337,0.45394174870667475,6.8711161420317195,False,False,False
9tf5_chainC,7,1,0.0,Unknown,0.4207916855812073,0.5453348755836487,58.0,1,5,47.38335303114189,34.99013774245777,31.6012059492281,4.029365307445299,5.812974297277767,9.980292334759348,6.312355583219309,0.6,2.4,1.0,-0.03050791768587808,0.6,6.782329983125268,-43.0,8.0,0.13615747690200805,0.8033457279205323,0.2253578096628189,2819.0,0.3881736695766449,0.00038609504699707033,0.00024552470204071143,0.96712406873703,0.004151491829368167,3.8465588616931643,0.9546314538881961,0.5782261790291189,33.191820638055056,False,False,False
9tf5_chainC,5,2,0.011020592413842678,Unknown,0.5486761927604675,0.5026320815086365,105.0,1,3,35.46740127098802,29.816292758878806,26.825332776352557,2.9022173011123003,4.788958097718437,5.697684865885387,4.471233277774011,1.0,2.0,2.0,0.23134104280855294,0.3333333333333333,10.274023338281626,-28.333333333333332,16.666666666666668,0.07492454846700032,0.8173075715700785,0.3875684241453807,4411.666666666667,0.4389012356599172,0.00047252575556437176,0.0006862770824227482,0.9935791889826456,0.01745676348646634,3.844187298766924,1.3245690794047729,0.6676423686720976,19.995880097594526,False,False,False
9tf5_chainC,6,3,0.0,Unknown,0.4533916413784027,0.5439485311508179,52.0,1,3,44.57084740831047,21.335718572628462,33.754861429503244,6.946649172542643,8.806514545246944,12.715091569680853,11.195648083616225,0.6666666666666666,1.3333333333333333,1.0,0.44905391330901834,0.0,6.236095644623236,-16.666666666666668,10.0,0.07083566983540852,0.9007925391197205,0.35855022072792053,2373.6666666666665,0.4195721546808879,0.0003068248430887858,0.0004518295730425355,1.1992925604184468,0.005221536295474581,3.8161854916919644,0.5493563007004638,0.6511279407419093,26.272520232732525,False,False,False
9tf5_chainC,2,4,0.03407583385705948,ActiveSite,0.6816869974136353,0.501157283782959,506.0,1,6,31.761139741540234,11.304144710167082,33.963171302355136,6.894059408938555,12.037976470331884,19.654230953291446,10.395469125469342,0.5333333333333333,2.6666666666666665,1.0,0.33251475991214774,0.2,10.960788698304922,29.166666666666668,13.666666666666666,0.05692998170852661,0.8062065343062083,0.4246607795357704,3569.0,0.4168130209048589,0.00041780869166056317,0.0004080462676938623,1.0696543455123901,0.004608091954974348,3.04566516734825,0.4417811026402478,0.5591568708739503,17.136811512349084,False,False,False
9tf5_chainC,2,4,0.03407583385705948,ActiveSite,0.6816869974136353,0.501157283782959,506.0,2,3,24.518575511296767,12.961241035268905,33.01673558315281,4.090834611324459,6.573743813972985,10.242595730857383,7.1437959089799525,1.0,2.0,2.0,0.2676489382230201,0.0,12.47219128924647,6.666666666666667,20.0,0.05293130874633789,0.8321432073911031,0.5877174536387125,2668.3333333333335,0.3991128404935201,0.00043771664301554364,0.0004458787031277704,1.051341672738393,0.004249375189178482,3.04566516734825,0.7445094844257656,0.6019866514256157,13.363486894766782,False,False,False
9tf5_chainC,1012,5,0.013081826269626617,Cryptic,0.6816869974136353,0.6082605719566345,168.6666717529297,1,4,35.64922581169212,12.261382073721991,33.91024322982205,4.967202777709613,8.215840034085453,14.184874948462712,8.130392197435283,0.6666666666666666,2.0,1.0,0.1661698139838669,0.3333333333333333,6.49519052838329,23.75,9.166666666666666,0.06124848127365112,0.8244329988956451,0.4207184500992298,3494.25,0.42433445155620575,0.00038892030715942383,0.00031083788780961186,1.1376808881759644,0.004089750199556494,3.808740198716154,0.7667776753161609,0.5993988631551868,19.21255604349912,False,False,False
9tf5_chainC,4010,6,0.008468758314847946,Allosteric,0.6816869974136353,0.5574660301208496,168.6666717529297,1,6,31.58864646965376,11.221367076934092,34.033455922945706,6.915240829483129,12.218863993974391,19.654230953291446,10.395469125469342,0.5333333333333333,2.6666666666666665,1.0,0.33251475991214774,0.2,10.960788698304922,29.166666666666668,13.666666666666666,0.05692998170852661,0.8062065343062083,0.4246607795357704,3569.0,0.4168130209048589,0.00041780869166056317,0.0004080462676938623,1.0696543455123901,0.004608091954974349,3.04566516734825,0.4404279247026447,0.5588575878961621,17.126883033616718,False,False,False
9tf5_chainC,4007,7,0.017242470756173134,Allosteric,0.7749369144439697,0.5449244976043701,197.3333282470703,1,4,45.39368008300507,16.241204296035935,30.291589790106457,2.9667268985252493,3.786750780305577,6.427536253633923,4.838279336536704,0.5,1.5,1.0,-0.035754244614243307,0.5,13.693063937629153,-30.0,20.0,0.09225366512934367,0.8649982213973999,0.27893119864165783,2338.25,0.3950173035264015,0.0003765374422073364,0.0005341651412891224,0.9907232969999313,0.007653011439726588,3.82844864631812,1.290462107658521,0.5380956077558523,24.788982944187666,False,False,False
9tf5_chainC,4007,7,0.017242470756173134,Allosteric,0.7749369144439697,0.5449244976043701,197.3333282470703,2,4,38.24728492320723,15.389213278113793,32.17203476263937,4.495771055543857,9.68477589823447,13.777135155490026,7.656565382523752,0.5,1.5,1.0,-0.06654684090207212,0.5,13.863170633011771,26.25,17.5,0.051963249842325844,0.8189854025840759,0.3707085605710745,3739.5,0.4283950626850128,0.00031751394271850586,0.00023219452941702912,1.1389627754688263,0.0015365890675160475,3.82844864631812,0.8515666387409022,0.4723479892710914,19.614163941528094,False,False,False
9tf5_chainC,1011,8,0.012390214949846268,Cryptic,0.6816869974136353,0.5487498044967651,168.6666717529297,1,3,38.00437346921805,14.484528070500524,33.523131311469086,3.2567664107830763,5.328370859878863,8.375892950175059,5.957576959342306,0.6666666666666666,1.3333333333333333,1.0,0.011066542912899288,0.3333333333333333,6.236095644623236,21.666666666666668,10.0,0.075613538424174,0.818192183971405,0.4023780475060145,3732.6666666666665,0.4315613806247711,0.00036533673604329425,0.00030177494045346975,1.1819579203923543,0.005291355985980933,3.8409491537847815,1.179375082310936,0.6153855222540311,20.333688600849978,False,False,False
9tf5_chainC,4009,9,0.014995844103395939,Allosteric,0.7749369144439697,0.5251152515411377,197.3333282470703,1,5,39.10252857632169,15.599269158936435,32.831747884572074,4.583845601285547,9.472338120908201,13.777135155490026,7.487860884934966,0.5,2.0,1.0,-0.13040150379085536,0.6,12.489995996796797,27.0,16.0,0.05399806499481201,0.8303954601287842,0.3126996114850044,3365.2,0.42111108899116517,0.0003463149070739746,0.00031612729144399055,1.1248690128326415,0.003987716592564442,3.82844864631812,0.835204537701799,0.4648986131373943,20.68997932717731,False,False,False
9tf5_chainC,4009,9,0.014995844103395939,Allosteric,0.7749369144439697,0.5251152515411377,197.3333282470703,2,4,45.39855724721468,16.24151233208072,30.293043214546753,2.9670725274094862,3.7850241941074763,6.427536253633923,4.838279336536704,0.5,1.5,1.0,-0.03575424461424331,0.5,13.693063937629153,-30.0,20.0,0.09225366512934367,0.8649982213973999,0.27893119864165783,2338.25,0.3950173035264015,0.0003765374422073364,0.0005341651412891224,0.9907232969999313,0.007653011439726589,3.82844864631812,1.2903117840738092,0.5380864494230844,24.794029989155856,False,False,False
9tf5_chainC,1008,10,0.013765021227300167,Cryptic,0.7749369144439697,0.5340790152549744,197.3333282470703,1,4,45.407888722510926,16.10558733720914,30.04976143403227,2.9441082582259526,3.563536967672919,6.427536253633923,4.838279336536704,0.5,1.5,1.0,-0.035754244614243307,0.5,13.693063937629153,-30.0,20.0,0.09225366512934367,0.8649982213973999,0.27893119864165783,2338.25,0.3950173035264015,0.0003765374422073364,0.0005341651412891224,0.9907232969999313,0.007653011439726588,3.82844864631812,1.3003763144990632,0.5386975050007953,24.701856896810504,False,False,False
9tf5_chainC,1008,10,0.013765021227300167,Cryptic,0.7749369144439697,0.5340790152549744,197.3333282470703,2,3,40.673580151704826,16.63534113094926,30.453033813512956,3.9115695803260113,6.4864167091385365,10.421312002132618,7.1506138171269775,0.6666666666666666,1.3333333333333333,1.0,-0.15994535231829782,0.6666666666666666,15.456030825826172,28.333333333333332,23.333333333333332,0.028766473134358723,0.8377754092216492,0.29430769632260007,3831.6666666666665,0.4380129377047221,0.00032132863998413086,0.0002926160923379939,1.1600237290064495,0.0017007906947370383,3.82844864631812,0.9787499794389537,0.452590295490014,20.67072514725287,False,False,False
9tf5_chainC,4001,11,0.01595194637775421,Unknown,0.5419000387191772,0.5522380471229553,137.0,1,5,31.554093011159352,23.69326296636116,29.90280129659757,5.831266574863067,7.2356108927015494,14.022855870026142,8.59883313643538,0.4,1.6,1.0,-0.1420802881393766,0.6,12.489995996796797,-27.0,17.0,0.06483707427978516,0.8667972445487976,0.374777489900589,3696.2,0.43737941384315493,0.0004055023193359375,0.00044235227469471285,1.0561748623847962,0.006007580938868609,3.799738767980525,0.6516146568157455,0.43351325572001104,15.29182085522279,False,False,False
9tf5_chainC,4001,11,0.01595194637775421,Unknown,0.5419000387191772,0.5522380471229553,137.0,2,3,31.117418908256372,24.857423888239563,28.170868140413354,2.5587955720959705,3.394203572291509,5.839131480688029,4.502538763402956,0.6666666666666666,1.3333333333333333,1.0,0.30969086610848645,0.3333333333333333,9.428090415820632,31.666666666666668,13.333333333333334,0.07575011253356934,0.8177709976832072,0.6123021841049194,4699.333333333333,0.4546213448047638,0.00047401587168375653,0.0007960022970413169,1.1091182231903076,0.016448951916591667,3.799738767980525,1.484971605163467,0.7008425330218544,14.660685527114023,False,False,False
9tf5_chainC,4003,12,0.0,Unknown,0.4840813875198364,0.5699247121810913,53.0,1,4,29.647879422689115,22.96715033116365,27.79520421463829,3.897721277687826,6.034742186893605,11.362978966415543,6.642685573779893,0.6666666666666666,2.0,2.0,0.4541565118413519,0.16666666666666666,9.60143218483576,28.75,12.5,0.05823551615079244,0.8146857768297195,0.6286491602659225,4885.5,0.4576008468866348,0.000473901629447937,0.0006931802126928233,1.0917178988456726,0.014566322805377766,3.799738767980525,0.9748615914975262,0.6849834800566573,12.505193967126257,False,False,False
9tf5_chainC,4004,13,0.05282776057720184,ActiveSite,0.7749369144439697,0.48184236884117126,592.0,1,4,38.24842813242652,15.38987013387864,32.17100424458408,4.495587614589356,9.683103047892818,13.777135155490026,7.656565382523752,0.5,1.5,1.0,-0.06654684090207212,0.5,13.863170633011771,26.25,17.5,0.051963249842325844,0.8189854025840759,0.3707085605710745,3739.5,0.4283950626850128,0.00031751394271850586,0.00023219452941702912,1.1389627754688263,0.0015365890675160475,3.82844864631812,0.8516013866338195,0.47235134882564267,19.614412767654795,False,False,False
9tf5_chainC,4004,13,0.05282776057720184,ActiveSite,0.7749369144439697,0.48184236884117126,592.0,2,4,45.39461876365614,16.241498800861088,30.292029306163425,2.9668329021444286,3.7865990922347317,6.427536253633923,4.838279336536704,0.5,1.5,1.0,-0.035754244614243307,0.5,13.693063937629153,-30.0,20.0,0.09225366512934367,0.8649982213973999,0.27893119864165783,2338.25,0.3950173035264015,0.0003765374422073364,0.0005341651412891224,0.9907232969999313,0.007653011439726588,3.82844864631812,1.2904160000217455,0.5380927987911963,24.790023466735313,False,False,False
9tf5_chainC,4000,14,0.0,Unknown,0.0,0.5544225573539734,56.0,1,4,23.036174821411766,14.502633491189885,28.54941152253288,4.579737270420103,7.22029876561287,9.73995810842047,6.991318852786981,0.8333333333333334,2.5,2.0,0.10068725539139345,0.3333333333333333,9.354143466934854,10.0,13.333333333333334,0.055408318837483726,0.8165748119354248,0.5356142707169056,4859.0,0.4514884352684021,0.0004596412181854248,0.0004832375907426467,1.0058951824903488,0.012657170911429927,3.8271861317578875,0.8356780980597205,0.5871371119711882,8.57459747667037,False,False,False
9u5b_chainA,509,2,0.02299337089061737,Cryptic,0.8153330683708191,0.5019065737724304,240.0,1,4,23.766895527725755,-3.084283711304647,8.66846939693355,5.33284790523792,8.856918195397347,14.304436358307958,8.614246442453348,0.8333333333333334,2.5,2.0,0.5002496135244335,0.0,9.013878188659973,22.5,13.333333333333334,0.03723933299382528,0.8778054416179657,0.25947634503245354,2166.5,0.39413322508335114,0.00046759843826293945,0.0008023505288292654,0.9691974818706512,0.01812364181918022,3.82968067537989,0.7181304892679162,0.6630370086904146,12.116637680422498,False,False,False
9u5b_chainA,510,9,0.0,Cryptic,0.5802527070045471,0.5252192616462708,50.0,1,5,-0.9117264380768572,7.424167664956377,12.31277849499979,10.205185634621085,17.991093381855254,19.90290758416549,11.870340669918033,0.6,2.4,1.0,0.4566475134938175,0.0,11.575836902790225,34.0,15.0,0.06484777927398681,0.7889850258827209,0.2814271330833435,5281.2,0.4561468303203583,0.00047510862350463867,0.0006910682772286236,1.023421311378479,0.011840352590069155,3.836677878472719,0.3759537568289588,0.5789279407620083,17.14444516834552,False,False,False
9u5b_chainA,3,10,0.0,Unknown,0.6510833501815796,0.5344834923744202,52.0,1,4,14.321835751981736,-11.469303051291849,14.947520306910702,5.420855265432432,7.200030566983748,9.87496680401042,7.417899780213559,0.5,1.5,1.0,-0.06321199275855946,0.5,15.20690632574555,32.5,21.666666666666668,0.10922275980313619,0.8879069834947586,0.3809569999575615,1615.5,0.3800882026553154,0.00045962631702423096,0.0006528920639539137,0.940483808517456,0.012309595291594316,6.001212137712263,1.1070600198423735,0.4664539155351979,11.472173468611397,False,False,False
9u5b_chainA,1515,12,0.012180141173303127,Cryptic,0.646817147731781,0.6611425876617432,264.6666564941406,1,3,-1.9023471861719652,4.569544845987082,31.39723050031823,2.7781080056423284,4.318843238841812,7.295042209631051,5.006003164917461,1.0,2.0,2.0,0.6653449024832723,0.0,6.236095644623235,31.666666666666668,10.0,0.10013262430826823,0.8365825215975443,0.18046138435602188,2000.3333333333333,0.3738107681274414,0.0004737377166748047,0.0004973890415082375,0.9169146418571472,0.010289744709289199,3.849162862491639,1.3855339154107766,0.8049000130854593,23.124852182754008,False,False,False
9u5b_chainA,1511,13,0.023778120055794716,Cryptic,0.757012128829956,0.6664085984230042,188.3333282470703,1,4,18.75935970829538,-1.794102495481775,7.981103753608137,4.360693135154962,7.589542885606554,13.527344167903614,7.458979627176571,0.5,1.5,1.0,-0.0663045799825184,0.5,9.60143218483576,31.25,14.166666666666666,0.04404877622922262,0.8480993062257767,0.2946571372449398,3313.0,0.41875113546848297,0.00046834349632263184,0.0006127092419774272,1.0032548159360886,0.01148701603393509,3.850603757622824,0.8830256196153983,0.5096504782668032,8.930333883818626,False,False,False
9u5b_chainA,1511,13,0.023778120055794716,Cryptic,0.757012128829956,0.6664085984230042,188.3333282470703,2,3,11.7810991814785,4.081160055144485,3.970666514180902,3.814174930890586,5.394602223762587,8.023415088983814,6.547844259097627,1.0,2.0,2.0,0.6385202767185326,0.0,8.498365855987974,-41.666666666666664,13.333333333333334,0.09103739261627197,0.9367914398511251,0.2585536291201909,1051.3333333333333,0.38023293018341064,0.00046902894973754883,0.0004561918807060768,0.9516413410504659,0.012644001380451289,3.86188609679537,1.0125089086812398,0.754390979120216,12.434116224480245,False,False,False
9u5b_chainA,4514,14,0.0077459742315113544,Cryptic,0.646817147731781,0.5669941306114197,264.6666564941406,1,3,-1.8800462675657783,4.562978241092004,31.413394379627196,2.785479440700675,4.344070814397422,7.295042209631051,5.006003164917461,1.0,2.0,2.0,0.6653449024832723,0.0,6.236095644623235,31.666666666666668,10.0,0.10013262430826823,0.8365825215975443,0.18046138435602188,2000.3333333333333,0.3738107681274414,0.0004737377166748047,0.0004973890415082375,0.9169146418571472,0.010289744709289199,3.849162862491639,1.3818672671744434,0.8046893342568813,23.119167807449426,False,False,False
9u5b_chainA,4000,15,0.03561600297689438,ActiveSite,0.646817147731781,0.5566920638084412,794.0,1,3,-2.157048621446892,4.493701083252855,31.00227349483825,2.726764248370415,3.843982391371774,7.295042209631051,5.006003164917461,1.0,2.0,2.0,0.6653449024832723,0.0,6.236095644623235,31.666666666666668,10.0,0.10013262430826823,0.8365825215975443,0.18046138435602188,2000.3333333333333,0.3738107681274414,0.0004737377166748047,0.0004973890415082375,0.9169146418571472,0.010289744709289199,3.849162862491639,1.411622902417031,0.8063857710729307,23.019773858429527,False,False,False
9u5b_chainA,4007,16,0.04403247311711311,ActiveSite,0.757012128829956,0.5707949995994568,565.0,1,7,28.546942798731575,-2.3293124377576153,12.061952734754113,4.690397307192823,6.176737031037749,10.790517996252834,6.941537082931463,0.42857142857142855,2.5714285714285716,1.0,0.0006269980832583793,0.5714285714285714,19.05952009160905,12.142857142857142,24.761904761904763,0.07039342040107363,0.8704545327595302,0.3190127653735025,4216.571428571428,0.4525372343403952,0.0004694206374032157,0.0008132604998536408,1.0392751864024572,0.013955629864722818,3.895284066474145,0.8304806205863723,0.4646784264888217,14.9114129480847,False,False,False
9u5b_chainA,4509,19,0.018930355086922646,Cryptic,0.8153330683708191,0.5554956197738647,240.0,1,6,24.91573410886076,-4.481597453679322,11.666056261033834,4.821692064385245,10.957462753979744,15.854679025604616,7.94154122243217,0.3333333333333333,1.6666666666666667,1.0,0.09768522666497405,0.4666666666666667,22.73030282830976,5.0,30.0,0.07368762095769246,0.8632387220859528,0.2272993897398313,4223.666666666667,0.45200549562772113,0.000469138224919637,0.0007148045503223935,1.0610791941483815,0.018187505201851688,,,0.41980542875182647,12.202871720988355,False,False,False
9upz_chainA,2,2,0.00444652047008276,Allosteric,0.5855206847190857,0.5783221125602722,152.0,1,3,24.367084669580144,0.23572419422574734,-1.3195345447336062,3.421609301432276,5.95355455644459,8.43357929220247,6.001169707094529,0.6666666666666666,1.3333333333333333,1.0,0.5333205668103451,0.0,15.456030825826172,23.333333333333332,23.333333333333332,0.09610005219777425,0.8702948292096456,0.33708683649698895,5682.666666666667,0.4852326214313507,0.00047548611958821613,0.0009127323088857034,0.9291660586992899,0.017306845903356943,3.8200313062835414,1.1164428693493693,0.663865239034867,14.015711675521679,False,False,False
9upz_chainA,504,3,0.0,Cryptic,0.5905434489250183,0.6128786206245422,162.0,1,3,38.58861312849754,-2.6850078317993575,1.5886136297689564,3.7249724330939755,4.7746295793595355,8.11847567490487,5.930928891166972,1.0,2.0,2.0,0.3843163246112649,0.0,6.236095644623236,-33.333333333333336,10.0,0.11534937222798665,0.8546027342478434,0.3020106206337611,4211.666666666667,0.4465220868587494,0.00047673781712849933,0.0005730216895850996,1.021101176738739,0.01436026849363356,3.876123446040373,1.040577753436111,0.7222631365727674,5.270437663917336,False,False,False
9upz_chainA,505,4,0.033740442246198654,Cryptic,0.7721987962722778,0.5342694520950317,660.0,1,12,22.336932821256475,2.652684662140256,-0.19142913075573942,7.651257785328816,12.717675083837221,21.5144931427522,10.957719058921661,0.19696969696969696,2.1666666666666665,1.0,0.02112925291492879,0.4696969696969697,21.88987589427283,-5.0,26.21212121212121,0.13184270985198743,0.8378235846757889,0.3875358812510967,4227.25,0.452950323621432,0.00042658547560373944,0.0006851655321042927,1.38482570151488,0.011527701700195903,3.827340082815279,0.5002236482156113,0.3893071916615124,16.07576806541234,False,False,False
9upz_chainA,1,6,0.04260530695319176,ActiveSite,0.6928980350494385,0.5463347434997559,660.0,1,9,16.40159790525664,5.72824468452837,0.4206676330213469,6.875238681504264,10.529829596465852,18.04394887119771,9.610702273837882,0.2222222222222222,1.7777777777777777,1.0,0.003018791457772542,0.5833333333333334,17.497795275581804,-2.2222222222222223,22.22222222222222,0.09360009100702074,0.8482101029819913,0.42443425125545925,4542.0,0.4544885257879893,0.0004374451107449002,0.0006911344260313652,1.0428969926304288,0.010723193948726556,3.8772149812485472,0.5639389642833802,0.40735545758894814,22.268301627562835,False,False,False
9upz_chainA,3511,7,0.04001128301024437,Cryptic,0.6928980350494385,0.5180982947349548,660.0,1,3,15.10383805392772,8.377704658350424,-9.352007210928933,4.742336651587855,6.729346042646872,10.897608267111195,8.049992952096241,0.6666666666666666,1.3333333333333333,1.0,0.6652160016339929,0.0,14.337208778404378,-31.666666666666668,23.333333333333332,0.050879319508870445,0.9286021192868551,0.30789388716220856,2528.0,0.42125723759333294,0.0004798571268717448,0.000477337841099749,0.9973210692405701,0.0065680232036523815,3.838412606469574,0.8093926872914803,0.6502173571750505,28.395490860792016,False,False,False
9upz_chainA,4001,8,0.07709398120641708,ActiveSite,0.6928980350494385,0.5097662210464478,660.0,1,9,16.40159790525664,5.728244684528371,0.42066763302134697,6.875238681504265,10.529829596465852,18.04394887119771,9.610702273837884,0.2222222222222222,1.7777777777777777,1.0,0.003018791457772529,0.5833333333333334,17.497795275581804,-2.2222222222222223,22.22222222222222,0.09360009100702074,0.8482101029819913,0.42443425125545925,4542.0,0.4544885257879893,0.0004374451107449002,0.0006911344260313652,1.0428969926304288,0.010723193948726555,3.8772149812485472,0.5639389642833801,0.40735545758894814,22.26830162756284,False,False,False
9upz_chainA,4001,8,0.07709398120641708,ActiveSite,0.6928980350494385,0.5097662210464478,660.0,2,3,14.820068084197745,8.568650390393922,-9.207202761048825,4.839637549778501,6.3697364797168285,10.897608267111195,8.049992952096241,0.6666666666666666,1.3333333333333333,1.0,0.6652160016339929,0.0,14.337208778404378,-31.666666666666668,23.333333333333332,0.050879319508870445,0.9286021192868551,0.30789388716220856,2528.0,0.42125723759333294,0.0004798571268717448,0.000477337841099749,0.9973210692405701,0.0065680232036523815,3.841246702020049,0.7937054505653743,0.6485268385058925,28.609336248976465,False,False,False
9upz_chainA,4509,9,0.013202406466007233,Cryptic,0.6928980350494385,0.5552941560745239,220.0,1,9,18.26892634696365,5.107274935653483,0.5431225314885719,7.256923137911475,12.09407792486636,19.49113519249618,10.16732916312759,0.2222222222222222,1.7777777777777777,1.0,-0.006170367707879782,0.5833333333333334,17.497795275581804,-2.2222222222222223,22.22222222222222,0.13453719351026747,0.8059290250142416,0.42980993456310695,4922.888888888889,0.4676458239555359,0.0004099673695034451,0.0006589075332562465,1.5303440756267972,0.010710006743100147,3.827340082815279,0.5274053493581273,0.3989035734761768,20.35472186162308,False,False,False
9upz_chainA,1505,10,0.006316482555121183,Cryptic,0.7721987962722778,0.5625114440917969,220.0,1,9,16.365475124934214,5.73043953391097,0.3824974472491822,6.883770719778,10.551002354760573,18.04394887119771,9.610702273837882,0.2222222222222222,1.7777777777777777,1.0,0.003018791457772541,0.5833333333333334,17.497795275581804,-2.2222222222222223,22.22222222222222,0.09360009100702074,0.8482101029819913,0.42443425125545925,4542.0,0.4544885257879893,0.0004374451107449002,0.0006911344260313652,1.0428969926304288,0.010723193948726555,3.8772149812485472,0.5632399943404255,0.4072297741315648,22.309699184754397,False,False,False
9upz_chainA,1505,10,0.006316482555121183,Cryptic,0.7721987962722778,0.5625114440917969,220.0,2,3,14.88361237491447,8.538378814741822,-9.266037095008409,4.817197511157756,6.461305339724894,10.897608267111195,8.049992952096241,0.6666666666666666,1.3333333333333333,1.0,0.6652160016339929,0.0,14.337208778404378,-31.666666666666668,23.333333333333332,0.050879319508870445,0.9286021192868551,0.30789388716220856,2528.0,0.42125723759333294,0.0004798571268717448,0.000477337841099749,0.9973210692405701,0.0065680232036523815,3.841246702020049,0.797402783075185,0.6489193633863352,28.58054962143869,False,False,False
9upz_chainA,4507,11,0.0074990116991102695,Cryptic,0.7721987962722778,0.599315881729126,220.0,1,10,16.63726368019236,5.678111057105119,0.4693638845655015,7.553114340872872,13.720667238905339,21.483248192278555,10.47150514334355,0.2,1.8,1.0,-0.0454135241611912,0.6222222222222222,16.76305461424021,-3.0,21.11111111111111,0.13484918938742743,0.8182255446910858,0.4427652955055237,4556.1,0.4586204648017883,0.0004175901412963867,0.0006235992508663912,1.4630712807178496,0.010153143346058515,3.8772149812485472,0.5133266631841401,0.3871723829503452,22.030706413695423,False,False,False
9upz_chainA,1508,12,0.004094239789992571,Cryptic,0.6928980350494385,0.5625114440917969,220.0,1,9,16.299569854356246,5.787415193458043,0.4465069813162756,6.866210842040794,10.650219762803445,18.04394887119771,9.610702273837882,0.2222222222222222,1.7777777777777777,1.0,0.003018791457772542,0.5833333333333334,17.497795275581804,-2.2222222222222223,22.22222222222222,0.09360009100702074,0.8482101029819913,0.42443425125545925,4542.0,0.4544885257879893,0.0004374451107449002,0.0006911344260313652,1.0428969926304288,0.010723193948726556,3.827340082815279,0.5574166262680198,0.4072463803953311,22.376509559127204,False,False,False
9upz_chainA,4003,13,0.0,Unknown,0.5695206522941589,0.5415858626365662,51.0,1,4,33.43280350074184,6.8876538251825945,7.907177825464767,4.583120622705394,9.888396700944057,12.488773208687803,7.027906648072868,0.5,1.5,1.0,-0.17725648953525383,0.5,4.14578098794425,26.25,5.833333333333333,0.08739178379376729,0.7795145362615585,0.5381393954157829,5215.25,0.4639672040939331,0.00027476251125335693,3.497225395676651e-05,1.2563845366239548,0.00640886939151196,,,0.509131970968245,11.388537694978524,False,False,False
9xj0_chainA,0,1,0.08670583367347717,ActiveSite,0.6640522480010986,0.48529815673828125,559.0,1,3,8.576473128644276,-6.078984539100039,-9.186945057444593,4.809435775456846,7.969717939426987,10.55927740880889,8.221770913429472,0.6666666666666666,1.3333333333333333,1.0,-0.02174088908279218,0.3333333333333333,16.49915822768611,6.666666666666667,26.666666666666668,0.10388223330179851,0.88416721423467,0.41455023487408954,1268.0,0.3704186975955963,0.00035432974497477215,0.00046465320580561337,0.9783980051676432,0.008800386089339923,3.835776328160055,0.7975522508761844,0.45868729659224794,10.048990247706309,False,False,False
9xj0_chainA,1,2,0.011344855651259422,Cryptic,0.680921733379364,0.5335489511489868,264.0,1,4,15.727419368565291,-17.65819976104671,-7.005981154402172,4.444384417672294,6.087523675261678,9.52394587745932,6.576487091136286,0.5,1.5,1.0,-0.18587104187880252,0.6666666666666666,12.5,22.5,18.333333333333332,0.1270653506120046,0.7164528518915176,0.48220381140708923,5200.0,0.4468861296772957,0.0004151463508605957,0.0003740661095434916,1.2580891847610474,0.00865601321157818,3.8418449490663846,0.8644267885086583,0.46480813932450943,9.086481954098177,False,False,False
9xj0_chainA,2,4,0.0,Unknown,0.43870633840560913,0.49606773257255554,62.0,1,5,19.456890482329253,-6.782769709766345,-26.289942899986954,5.837447357341191,8.525354606811618,12.44327767198099,8.413982448562587,0.5,2.0,1.0,0.06579429337990463,0.3,7.745966692414834,35.0,9.0,0.0361486554145813,0.8553764820098877,0.41829828917980194,2681.2,0.40383483171463014,0.0004682779312133789,0.0003123315604170784,1.0056824684143066,0.009995854979852257,3.821900057680502,0.6547211175915906,0.5516979188830508,15.401244543470963,False,False,False
9xj0_chainA,2,4,0.0,Unknown,0.43870633840560913,0.49606773257255554,62.0,2,3,23.40023435500813,-10.464795121031424,-20.44289918172049,4.462253596810384,9.383358126995905,10.795968813882805,7.3930100712917595,0.6666666666666666,1.3333333333333333,1.0,0.10596658355725459,0.6666666666666666,12.472191289246473,-36.666666666666664,20.0,0.022420883178710938,0.8311371405919393,0.47600199778874713,4422.666666666667,0.4531026780605316,0.0004730423291524251,0.0005594140675384551,1.139942208925883,0.01489815138483056,3.821900057680502,0.856495484795484,0.5415199317286048,12.92513252814686,False,False,False
9xj0_chainA,4004,5,0.013523084111511707,Allosteric,0.5566281080245972,0.518738329410553,173.0,1,3,24.99012424626602,-9.567859995320083,-17.2033140995905,3.9168414016636155,6.081670073560199,9.188907021658112,6.257778156492116,0.6666666666666666,1.3333333333333333,1.0,0.17171835964138019,0.3333333333333333,10.274023338281628,-38.333333333333336,16.666666666666668,0.019214828809102375,0.8497010072072347,0.25595282514890033,6092.333333333333,0.49974913398424786,0.000470578670501709,0.0006385683373082429,1.0735166470209758,0.011804186578658624,3.8574901359471734,0.9848471613654733,0.5995054954398212,13.531109969949075,False,False,False
9xj0_chainA,4000,8,0.05679988116025925,ActiveSite,0.6640522480010986,0.5327283143997192,559.0,1,5,7.3132560710491035,-9.708327000114847,-7.804773818308238,6.0979068917414185,9.837603006764974,15.797881679796442,9.522548230942581,0.4,1.6,1.0,0.15013554932421738,0.4,26.94438717061496,-12.0,38.0,0.09232196807861329,0.8688061237335205,0.4384213715791702,1641.4,0.37125791907310485,0.00040377378463745116,0.00045556745171779765,0.8962510228157043,0.009465186597784654,3.846264912166583,0.6307516628985754,0.4419422759167404,9.302999614064692,False,False,False
9xj0_chainA,1004,10,0.006704053375869989,Cryptic,0.6640522480010986,0.5589110851287842,186.3333282470703,1,3,9.176247168104865,-6.0289635835546616,-9.129554349294498,4.757364996015705,7.629232629100981,10.55927740880889,8.221770913429472,0.6666666666666666,1.3333333333333333,1.0,-0.021740889082792186,0.3333333333333333,16.49915822768611,6.666666666666667,26.666666666666668,0.10388223330179851,0.88416721423467,0.41455023487408954,1268.0,0.3704186975955963,0.00035432974497477215,0.00046465320580561337,0.9783980051676432,0.008800386089339923,7.200296204026474,1.5135051042030039,0.48317724105643556,9.906218509648543,False,False,False
9xj0_chainA,3006,11,0.0,Cryptic,0.680921733379364,0.5676384568214417,264.0,1,8,13.386149107987107,-17.07752800168439,-4.261574037584492,5.519781212586497,8.245634431028469,14.24719446657833,8.237316912309298,0.32142857142857145,2.25,1.0,-0.024476697986050455,0.5,15.799030824705673,33.125,19.821428571428573,0.15214912593364716,0.7709802761673927,0.43205816484987736,3681.125,0.41340282559394836,0.00042857974767684937,0.0005382944714256155,1.1285329535603523,0.011383805666697774,3.854833717367024,0.6983671216129054,0.43930020774268774,10.807601449456312,False,False,False
9xj0_chainB,506,1,0.0,Cryptic,0.4530539810657501,0.6838276982307434,92.0,1,3,50.012276331549344,-19.091367277044764,-3.205837320595161,5.451392430313473,6.974887763243961,12.741481171821002,9.505994398605457,0.6666666666666666,1.3333333333333333,1.0,0.8499120155616331,0.0,12.47219128924647,33.333333333333336,20.0,0.11207040150960286,0.845639685789744,0.36342381437619525,1681.6666666666667,0.3724304139614105,0.00047014156977335614,0.0003559524678469946,0.9868323008219401,0.01151098055379936,3.8303577709627223,0.7026384212707402,0.648950407009187,12.26564495279752,False,False,False
9xj0_chainB,5,3,0.0,Unknown,0.4404709041118622,0.5044371485710144,57.0,1,8,38.77235868919251,-21.087331401782247,-26.000827467461644,7.056801295798483,12.373101853466068,17.59043292604814,10.346212591819906,0.2857142857142857,2.0,1.0,0.19034904070364908,0.39285714285714285,28.722813232690143,10.0,37.142857142857146,0.08234243520668574,0.8425697311758995,0.27807454857975245,2902.625,0.40522896125912666,0.0004590079188346863,0.000771000577515224,0.9950427561998367,0.012144108110644439,3.881546524539245,0.5500433357603907,0.43337528688225335,13.350101893567695,False,False,False
9xj0_chainB,2,5,0.00964096374809742,Allosteric,0.5281163454055786,0.4958724081516266,168.0,1,4,36.30500117332537,-18.559773393416627,-27.899671848536542,3.2571808270672977,5.304421845864765,7.16062470363306,5.169022092185014,0.5,1.5,1.0,0.3849808833754669,0.3333333333333333,30.31088913245535,7.5,45.0,0.07670791943868001,0.891739547252655,0.28831502608954906,2278.75,0.40494760125875473,0.00047391653060913086,0.0009272128809243441,1.0211815387010574,0.01164158363517663,7.205919403446312,2.212317886549265,0.6352046972595616,16.04496520488555,False,False,False
9xj0_chainB,1,6,0.004605331923812628,Unknown,0.5205138921737671,0.4756215810775757,72.0,1,3,33.63246268942297,-25.76873447533203,-22.496631787289196,3.2695294965353505,5.924076595005533,7.324334298698845,5.599944130986792,1.0,2.0,2.0,0.18776328021798017,0.6666666666666666,10.274023338281626,31.666666666666668,16.666666666666668,0.06421053409576416,0.8823246757189432,0.39471498131752014,2377.0,0.4020104904969533,0.00047139326731363934,0.0006569941954997679,0.9802733461062113,0.010235700065989782,3.82375613578652,1.169512659187957,0.638247355820247,15.525585637863076,False,False,False
9xj0_chainB,1,6,0.004605331923812628,Unknown,0.5205138921737671,0.4756215810775757,72.0,2,3,31.364136904666836,-23.572377709149748,-16.880709185878832,3.6780057617884374,4.825436055985419,6.27835250982712,6.116151587263093,1.0,2.0,2.0,0.545766357393306,0.0,8.498365855987975,-26.666666666666668,13.333333333333334,0.014696558316548666,0.8388380805651346,0.35596494873364765,5658.333333333333,0.48468682169914246,0.00047403573989868164,0.0005043008180412775,1.0734280745188396,0.012656008464102394,3.82375613578652,1.0396275545602223,0.75338862290456,14.550701986888228,False,False,False
9xj0_chainB,1507,7,0.024239037185907364,Cryptic,0.6770704388618469,0.5198767781257629,220.0,1,3,44.4200342577688,-20.501290677276245,-9.75583744685617,5.24425742148481,7.238651636726731,11.867254193055148,8.718926686023638,0.6666666666666666,1.3333333333333333,1.0,0.3099927816680043,0.3333333333333333,13.123346456686352,16.666666666666668,20.0,0.06657993793487549,0.7914983034133911,0.4127931594848633,5092.666666666667,0.4585280120372772,0.0003979603449503581,0.0006672994350083172,1.142347812652588,0.013538668779388351,3.8303577709627223,0.7303908757930938,0.5752763067569879,4.90407569106112,False,False,True
9xj0_chainB,4004,11,0.010420440696179867,Cryptic,0.7889906764030457,0.6303220391273499,302.0,1,5,40.39896221561155,-16.44372697853052,-9.67437406873931,4.650651321951118,6.623173357560082,11.907274947385655,7.190452528024916,0.7,2.8,2.0,0.3286326489756533,0.3,15.033296378372908,28.0,21.0,0.08712326288223267,0.8272363066673278,0.3558395206928253,4180.2,0.4376210629940033,0.0004274725914001465,0.0005976818036288023,1.0346548318862916,0.014949735731131416,3.771224359780875,0.8109024088691965,0.5771487453230125,6.915551636490477,False,False,False
9xji_chainA,8,1,0.0,Cryptic,0.6342151165008545,0.49465063214302063,387.0,1,4,-1.396301325446063,24.843632707478555,-22.248626958591764,3.899231290408225,7.1242302265011395,10.868707649211991,6.246395481932711,0.5,1.5,1.0,-0.21513489774973368,0.5,12.24744871391589,-25.0,16.666666666666668,0.1446577807267507,0.7708276957273483,0.34258150681853294,4165.5,0.42063089460134506,0.00047163665294647217,0.0005633654582197778,1.029769241809845,0.01065028609231654,3.681049990283263,0.9440450478888829,0.4697363103577291,13.017663252287148,False,False,False
9xji_chainA,8,1,0.0,Cryptic,0.6342151165008545,0.49465063214302063,387.0,2,4,2.6016044603504294,19.982323942361763,-10.643522790885111,3.517621874883723,6.16791341783192,9.529275636199143,5.736218616573755,0.6666666666666666,2.0,1.0,0.326266563344016,0.3333333333333333,12.747548783981962,5.0,18.333333333333332,0.03387255469957987,0.8036928623914719,0.32385485991835594,4768.75,0.4465518444776535,0.0003627389669418335,0.0010475917952135205,1.0476907193660736,0.013664592560503131,3.7842872743940905,1.0758084322292834,0.6287334362594887,4.883317729450163,False,False,True
9xji_chainA,1,3,0.0,Unknown,0.51119464635849,0.5530131459236145,52.0,1,3,-10.699073725937371,28.0566057113459,-0.41310078833327,3.8586001624190924,7.163282234693418,10.760056441324185,7.299235738010861,0.6666666666666666,1.3333333333333333,1.0,0.2834673718259347,0.6666666666666666,16.996731711975947,-23.333333333333332,26.666666666666668,0.024972915649414062,0.8391432762145996,0.4490578770637512,7347.0,0.5253615975379944,0.0004761219024658203,0.00046013572136871517,0.9909798900286356,0.01396713226555187,,,0.5303302445584932,23.419020095510582,False,False,False
9xji_chainA,3,4,0.011320661753416061,Unknown,0.4952906370162964,0.5124234557151794,115.0,1,3,-5.462693306208594,17.87046183244315,-26.220056581999405,3.6666863197126305,6.591508053782919,8.206513548068417,6.481288111751738,0.6666666666666666,1.3333333333333333,1.0,0.17733486774585697,0.3333333333333333,6.236095644623236,36.666666666666664,10.0,0.17429729302724203,0.8509809374809265,0.377883513768514,2602.0,0.4110729396343231,0.0004195968310038249,0.0003499969655725484,1.1773295402526855,0.006690183339970399,3.8275791404816584,1.0438796250183837,0.6517583629337124,16.3949185923306,False,False,False
9xji_chainA,0,5,0.004114474169909954,Unknown,0.5705633759498596,0.4878850281238556,63.0,1,4,-9.974903327743649,20.25741574201739,-3.1674800304092563,4.631438355455473,8.175916802841167,9.975214728868387,6.898414117533569,0.8333333333333334,2.5,2.0,0.12316973173738162,0.5,10.825317547305483,33.75,15.833333333333334,0.151643435160319,0.7670913636684418,0.49295129626989365,1719.0,0.38583218306303024,0.0002556741237640381,0.00013388042248152487,1.7331147491931915,0.0013488155538513434,3.853845662719161,0.8321055721662864,0.5727249901536388,18.846472577018055,False,False,False
9xji_chainA,508,6,0.045501191169023514,Cryptic,0.7508273720741272,0.47069427371025085,275.0,1,7,5.237468874839646,19.870556146813314,-8.345018110861336,4.951469236166692,9.899504070020171,14.655561850463,7.2824664754963715,0.47619047619047616,2.857142857142857,2.0,0.03513703139302192,0.42857142857142855,14.98298354528788,0.7142857142857143,19.523809523809526,0.037542865389869326,0.8186348761831012,0.31986387073993683,4082.5714285714284,0.4358480955873217,0.00041680676596505303,0.0010397202069205897,1.0884411760738917,0.019091816028333857,12.354618194809719,2.495141867098495,0.532347029858272,6.007430734377562,False,False,False
9xji_chainA,2,8,0.013404827564954758,Unknown,0.5805571675300598,0.47223320603370667,95.0,1,5,-7.958741837913064,23.10998897192189,-18.45745899794659,6.52782864508576,14.353259582818037,19.8629269179202,10.352057950911718,0.4,1.6,1.0,0.11579375076697147,0.4,8.366600265340756,25.0,11.0,0.047938072681427,0.8667572617530823,0.32108224779367445,2104.2,0.3922589957714081,0.00038338899612426757,0.000622412675875239,1.0355032920837401,0.006953040136515161,3.8413250353922215,0.5884537178046216,0.5247901763986901,15.119024188324607,False,False,False
9xji_chainA,5508,9,0.054581642150878906,Cryptic,0.7508273720741272,0.4918186664581299,275.0,1,3,8.200125243189424,20.328308032078723,-3.4234331998947725,2.7463390738101374,4.203625400618993,6.726619324158261,4.8195027776128745,0.6666666666666666,1.3333333333333333,1.0,-0.34748517610029966,0.6666666666666666,11.785113019775793,-1.6666666666666667,16.666666666666668,0.014643351236979166,0.8036231795946757,0.27660684784253436,3484.0,0.41563554604848224,0.0004201332728068034,0.0007939124770928174,1.0972870985666912,0.01785533427315218,13.174196781886833,4.79700300211277,0.5789726540979492,11.19729631928644,False,False,False
9xji_chainA,4002,10,0.013602414168417454,Unknown,0.5805571675300598,0.47733166813850403,95.0,1,4,-9.247992501740454,23.415003864822065,-15.831586359707508,5.977810167753992,11.818634011703038,15.692724269047758,9.84059900328526,0.5,1.5,1.0,0.15798754142890467,0.3333333333333333,7.5,27.5,10.0,0.03383715947469076,0.8805751502513885,0.27730646915733814,1994.25,0.3962693363428116,0.00036266446113586426,0.0005415025043475907,1.083240196108818,0.0036353937809666314,3.8413250353922215,0.6425973605039218,0.5577491862908637,15.833004112163971,False,False,False
9xji_chainB,508,2,0.028014516457915306,Cryptic,0.6534326672554016,0.4681542217731476,167.0,1,3,-8.13214257602697,44.98586702002554,-3.1011926070873774,2.6940633582182674,3.837877035551154,6.742162249493124,4.824167102957673,0.6666666666666666,1.3333333333333333,1.0,0.17215194855651683,0.6666666666666666,16.32993161855452,30.0,26.666666666666668,0.029380997021993,0.8594982822736105,0.2953703701496124,3398.6666666666665,0.433946172396342,0.0004500746726989746,0.0008102644157285491,1.14865509668986,0.011992459788189705,4.193079514040945,1.5564145888588379,0.5807749106230586,11.407578231303924,False,False,False
9xji_chainB,6,3,0.06011609733104706,Cryptic,0.683834433555603,0.4944288432598114,207.0,1,5,8.852813792955656,43.359231418635225,-12.509929741504363,5.400809156285346,10.114107932485476,16.428957271353656,8.427930165469991,0.6,2.4,1.0,0.16946457452988928,0.3,12.489995996796797,33.0,16.0,0.12850313186645507,0.80452481508255,0.46852470338344576,2702.4,0.3924294590950012,0.00037354230880737305,0.0002865800735889934,1.076116156578064,0.0056347968199284065,3.841233598328682,0.7112329814243364,0.5278781790459249,14.854874760690949,False,False,False
9xji_chainB,6,3,0.06011609733104706,Cryptic,0.683834433555603,0.4944288432598114,207.0,2,3,-0.6213580148621808,54.07583020872417,-15.427582353179853,5.123135020314982,8.46930773627981,12.978541731968756,9.016424780910095,0.6666666666666666,1.3333333333333333,1.0,0.27525605257926894,0.3333333333333333,16.49915822768611,28.333333333333332,26.666666666666668,0.08739014466603597,0.8778177301088969,0.32843712468942005,2271.0,0.39988240599632263,0.0004284580548604329,0.0004481123372291525,1.0219692190488179,0.008406124021667261,12.717562146198723,2.4823788746088558,0.5829540414045229,8.192439338432232,False,False,False
9xji_chainB,5,4,0.0048365783877670765,Unknown,0.46596989035606384,0.507146418094635,92.0,1,4,3.518758462453893,43.04855473741768,-24.90468595869546,5.854005393372712,6.835151544370586,11.957641366203745,9.276976562982977,0.6666666666666666,2.0,1.0,0.19741578371074606,0.3333333333333333,8.1967981553775,36.25,10.833333333333334,0.05030501882235209,0.8084925562143326,0.4579261690378189,3673.75,0.4187936931848526,0.0004691183567047119,0.0006189298437675461,1.0343656539916992,0.011051857249560782,3.859798488521868,0.6593431726064901,0.5890910258197992,14.858079456371536,False,False,False
9xji_chainB,2,5,0.0,Cryptic,0.4711098074913025,0.5604100823402405,69.0,1,4,-0.2056365155231759,54.63029858673568,-15.688858501360604,5.382529514775623,8.632129649372033,13.534493611016261,8.561645876247855,0.5,1.5,1.0,0.21849216499069404,0.3333333333333333,25.341418665891617,16.25,37.5,0.19933205842971802,0.7999992370605469,0.27524454332888126,2759.0,0.38851020485162735,0.0004406273365020752,0.0004662547871703282,0.9991749972105026,0.009503310500212355,3.8026084178939668,0.7064723765016796,0.485086055132283,8.923457567926441,False,False,False
9xji_chainB,507,6,0.030405275523662567,Cryptic,0.7604807615280151,0.458919882774353,207.0,1,3,-0.789970205991694,54.87597391001046,-13.773990726348378,5.643518478703645,6.6464799388878735,12.978541731968756,9.016424780910095,0.6666666666666666,1.3333333333333333,1.0,0.27525605257926894,0.3333333333333333,16.49915822768611,28.333333333333332,26.666666666666668,0.08739014466603597,0.8778177301088969,0.32843712468942005,2271.0,0.39988240599632263,0.0004284580548604329,0.0004481123372291525,1.0219692190488179,0.008406124021667261,12.717562146198723,2.2534810852821083,0.5690795135929675,8.611633667462735,False,False,False
9xji_chainB,507,6,0.030405275523662567,Cryptic,0.7604807615280151,0.458919882774353,207.0,2,4,9.862858671863629,43.145560144456525,-11.561969868112657,4.218556592251808,7.642870003617139,10.026179650841627,6.8467869506189984,0.5,1.5,1.0,-0.28459991417142105,0.6666666666666666,14.306903927824496,28.75,20.833333333333332,0.14822561542193094,0.8286249190568924,0.4941697344183922,2320.0,0.39388347417116165,0.0002871304750442505,0.0002145913622371154,1.1654571741819382,0.002435259310537091,3.841233598328682,0.9105563749894567,0.4446204195072079,15.988545385435383,False,False,False
9xji_chainB,4,7,0.0,Unknown,0.46683645248413086,0.5399752259254456,65.0,1,4,3.827761508110461,54.97232835832584,-23.820732169119438,4.363407087085337,5.711168402614609,8.940617113167386,7.081150502174502,0.8333333333333334,2.5,2.0,0.6175234395684539,0.0,14.142135623730951,30.0,20.0,0.07361498475074768,0.8185985833406448,0.3556014709174633,3496.0,0.41305047273635864,0.0004506111145019531,0.0005985655734548345,0.9796480983495712,0.010171902935436999,,,0.6539678929994702,15.431776624205884,False,False,False
9xji_chainB,4508,8,0.018378278240561485,Cryptic,0.6534326672554016,0.5277954936027527,167.0,1,4,-8.26232760713789,46.48995961500552,-3.6058027021281234,4.365398609595113,8.279914785739457,12.362500355544572,7.639014886012263,0.5,1.5,1.0,-0.09384338312160835,0.6666666666666666,15.562374497485916,26.25,22.5,0.0842949350674947,0.8246960639953613,0.2948407009243965,3449.0,0.4225190207362175,0.0004569143056869507,0.0007897417817730457,1.1117595434188843,0.010807467115894212,3.8058218553717875,0.8718154275778207,0.4480826157180248,10.714399234486903,False,False,False
9xji_chainB,4507,12,0.02892894856631756,Cryptic,0.7604807615280151,0.5450688600540161,207.0,1,4,1.069217553322382,55.21504827399365,-17.853126239947528,6.1541008479208905,10.886202076051937,17.14438887273714,10.259937343814792,0.6666666666666666,2.0,1.0,0.44695977145278604,0.16666666666666666,14.306903927824496,28.75,20.833333333333332,0.09385401010513306,0.8527382612228394,0.39163322374224663,2769.25,0.40497080981731415,0.0004348456859588623,0.00046044572081882507,1.0058749616146088,0.008893060564665135,,,0.5494693947309983,10.749528753401833,False,False,False
9yc2_chainA,0,1,0.0,Unknown,0.43098658323287964,0.5702146887779236,111.0,1,7,10.263885826075304,36.710773457863,29.20050678784236,4.532533776569633,7.874833610921324,11.496587903895103,6.805369119857215,0.2857142857142857,1.7142857142857142,1.0,-0.07972185086651683,0.5238095238095238,33.91164991562634,-10.0,44.285714285714285,0.045343699909391855,0.8377294795853751,0.4416557773947716,4539.285714285715,0.4499331031526838,0.0004811882972717285,0.0006551507893683654,1.0130506839071,0.01734844447560807,5.181758308344846,1.143236556808754,0.43092143966171637,5.214548664511267,False,False,False
9yc2_chainA,504,2,0.02178271859884262,Cryptic,0.575986385345459,0.5203273892402649,160.0,1,3,10.014948211801146,17.831719548596652,40.594108648642774,6.194081761847213,8.660882526696284,10.038767251286524,9.842995718842287,1.0,2.0,2.0,0.889930731566046,0.0,2.3570226039551585,26.666666666666668,3.3333333333333335,0.03302292029062907,0.8450355132420858,0.27094341566165286,4035.3333333333335,0.43676962455113727,0.0004410545031229655,0.0006114481366239488,0.9979718724886576,0.012411265438857835,6.495126455776483,1.0486019890443765,0.7852201792312962,20.34298010758841,False,False,False
9yc2_chainA,2,4,0.05745885521173477,Unknown,0.7025220990180969,0.49163296818733215,148.0,1,6,14.628772057477248,15.340512310065016,43.69689138626809,4.556761795246139,7.525429672031887,11.114391071957904,6.830998102279513,0.4666666666666667,2.3333333333333335,2.0,0.24787864301193116,0.3333333333333333,20.548046676563253,11.666666666666666,27.333333333333332,0.05845721960067749,0.8600457608699799,0.34749260544776917,3660.0,0.4338679214318593,0.0004164973894755046,0.0005234131773856158,1.0460970799128215,0.012125600359244912,3.7898034032905445,0.8316878462341992,0.526437666665737,24.36444542705026,False,False,False
9yc2_chainA,4002,6,0.08486423641443253,Unknown,0.7025220990180969,0.5474435687065125,148.0,1,4,14.262136917642964,15.548784160821437,43.833214123204044,4.940023700446821,7.937511242978884,11.114391071957904,7.650692294818829,0.6666666666666666,2.0,1.0,0.3048643530982937,0.3333333333333333,9.354143466934854,25.0,13.333333333333334,0.0715758999188741,0.8577200770378113,0.3920055776834488,4707.0,0.4613476097583771,0.00044701993465423584,0.00039935757376952097,1.0337737649679184,0.012506142203298478,3.7898034032905445,0.7671630002398087,0.6235514000345875,24.275931961631798,False,False,False
9yg3_chainB,511,2,0.017173171043395996,Cryptic,0.6511337757110596,0.45773598551750183,106.0,1,3,-17.241912584830114,41.44012352048868,73.3895112372583,2.542004385743003,3.5403333501990266,5.6035741478766194,4.446448775304086,1.0,2.0,2.0,0.4700702513409955,0.0,4.714045207910317,-46.666666666666664,6.666666666666667,0.07659510771433513,0.8725102543830872,0.4138273348410924,3127.6666666666665,0.427075316508611,0.0004645983378092448,0.0006709036824759096,1.0948387384414673,0.015222054329202664,3.857159031224756,1.5173691488723953,0.8056856478030439,34.701522140948455,False,False,False
9yg3_chainB,511,2,0.017173171043395996,Cryptic,0.6511337757110596,0.45773598551750183,106.0,2,4,-13.09738951437515,43.44983905026242,79.15181088567564,6.184254925118901,8.397346232881894,11.816344459192857,9.357575721192287,0.6666666666666666,2.0,1.0,0.16212580277215602,0.5,6.123724356957945,40.0,8.333333333333334,0.06820807854334514,0.8629805445671082,0.3180709043517709,3132.75,0.41859715431928635,0.0004563629627227783,0.00045766824041493237,1.010643482208252,0.01424745863942651,3.8607506845531083,0.6242871180603669,0.5933605246233717,28.475761556340025,False,False,False
9yg3_chainB,2,3,0.023323576897382736,Unknown,0.6392613053321838,0.4750676155090332,106.0,1,3,-10.517388975436392,41.518644615493514,77.92485943351384,3.837683799741369,5.41113638782435,8.307021279563545,6.5683121867425776,0.6666666666666666,1.3333333333333333,1.0,0.04194468489809441,0.6666666666666666,6.236095644623236,38.333333333333336,10.0,0.012527227401733398,0.8524439136187235,0.20925356075167656,3020.0,0.41508837540944415,0.00046813488006591797,0.0005107784430341175,1.04882150888443,0.013207156381158219,3.838716885516383,1.0002691951262592,0.6097743268302214,26.76270270551784,False,False,False
9yg3_chainB,1513,9,0.03490108251571655,Cryptic,0.7236047983169556,0.6214503645896912,361.3333435058594,1,6,-0.5981731872376119,50.0660319605108,85.19080424858456,7.142604430225955,9.843025535171135,15.591533507191135,10.046756852268716,0.3333333333333333,1.6666666666666667,1.0,-0.015329502110791775,0.5333333333333333,17.55942292142123,15.0,23.333333333333332,0.07763704856236776,0.8515388071537018,0.37874067202210426,2228.1666666666665,0.39702831705411273,0.00046495596567789715,0.0005441841227972569,1.106578956047694,0.016036035601876164,3.815187569867598,0.5341451577134176,0.39912237745603446,15.296427049623428,False,False,False
9yg3_chainB,4006,10,0.10907726734876633,ActiveSite,0.7820571660995483,0.4614109992980957,416.0,1,3,0.2755932393928594,40.83812618929656,87.46244433341253,5.41176634380333,6.975487176609847,11.265678635437563,9.45160074404014,0.6666666666666666,1.3333333333333333,1.0,0.7642495974828676,0.0,9.428090415820632,-43.333333333333336,13.333333333333334,0.043088555335998535,0.9020907878875732,0.4221282700697581,2068.6666666666665,0.4066917598247528,0.00047377745310465497,0.0007346090375601003,1.0870237747828166,0.013236587297399955,3.8313854508091527,0.7079731842444065,0.694812816443302,14.346327271282558,False,False,False
9yg3_chainB,3516,11,0.0730336606502533,Cryptic,0.7236047983169556,0.6449509859085083,1084.0,1,9,7.907933398761087,51.35942055904512,79.21327267296921,6.259661115041715,13.054057397024723,16.93453527981018,8.83229065432214,0.3055555555555556,2.4444444444444446,1.0,-0.06977243119274429,0.5277777777777778,29.038076323048845,6.111111111111111,36.388888888888886,0.14180507593684727,0.7920761505762736,0.38468826313813526,2465.0,0.3834750983450148,0.00047092305289374455,0.0005398670311680891,1.0726436244116888,0.01416196181919193,3.8695290154827284,0.6181690900461696,0.37421222313904307,12.272702963894687,False,False,False
9yg3_chainB,1512,12,0.0,Cryptic,0.7236047983169556,0.7038214802742004,361.3333435058594,1,5,6.953337891147891,52.71802433011969,83.59742338765443,4.924923180795227,8.644501567883223,11.48301905902729,6.814175920268203,0.5,2.0,1.0,-0.1440033064194275,0.6,15.165750888103101,25.0,21.0,0.1701175570487976,0.7705257892608642,0.290131151676178,2647.6,0.3781795144081116,0.0004726886749267578,0.0006613105564611032,1.014909839630127,0.015861451616466106,6.941134789803023,1.409389453396964,0.4546056597385404,10.849654146805033,False,False,False
9yg3_chainB,4514,13,0.01350223645567894,Cryptic,0.7236047983169556,0.7975607514381409,361.3333435058594,1,6,5.144693738572022,51.59806560387748,83.18519844894695,5.813166407669121,10.720862699649627,15.247408720907195,8.603670231285554,0.4,2.0,1.0,-0.13338966851683579,0.6666666666666666,17.795130420052185,20.0,24.0,0.15203317006429037,0.7833824356396993,0.4040147264798482,2215.0,0.37514792879422504,0.00047025084495544434,0.0005937559981248342,1.0891972581545513,0.01656887894703003,3.857926061276985,0.6636531264935661,0.3884180416265995,11.631916775502384,False,False,False
9yg3_chainB,1514,15,0.004929841961711645,Cryptic,0.7236047983169556,0.7820496559143066,361.3333435058594,1,5,5.665179711236419,52.00712575930521,83.87627934498789,5.542374019173807,11.506447652952286,15.247408720907195,8.582815103545908,0.5,2.0,1.0,0.0013086471088056717,0.6,16.852299546352718,24.0,23.0,0.10179669857025146,0.825466787815094,0.34080694913864135,1815.6,0.3761065661907196,0.0004682183265686035,0.00045992709056008607,1.0782402753829956,0.014318859926229508,3.857926061276985,0.6960782595924625,0.4363248539256671,11.169936285673202,False,False,False
9yg3_chainB,4007,16,0.04114484414458275,Cryptic,0.7121623754501343,0.5658770799636841,247.0,1,3,-0.7340414776727243,67.43954751636606,59.63536103240606,4.547671274683371,6.845207903979686,9.975383828700155,6.860513002390191,1.0,2.0,2.0,0.4063191076160864,0.0,12.472191289246473,33.333333333333336,20.0,0.12213361263275146,0.8273763656616211,0.48489152391751605,3491.0,0.4142123858133952,0.0004676977793375651,0.0006885478699890276,0.9556427796681722,0.007728581342542215,3.8390481233583946,0.8441788976107746,0.6390451880503166,38.85533779616877,False,False,False
9yg3_chainB,4002,19,0.018370872363448143,Unknown,0.6392613053321838,0.523337721824646,106.0,1,3,-16.962634516035447,41.47112485424963,73.37992253008355,2.5718682503699255,3.615323727252279,5.6035741478766194,4.446448775304085,1.0,2.0,2.0,0.4700702513409955,0.0,4.714045207910317,-46.666666666666664,6.666666666666667,0.07659510771433513,0.8725102543830872,0.4138273348410924,3127.6666666666665,0.427075316508611,0.0004645983378092448,0.0006709036824759096,1.0948387384414673,0.015222054329202664,3.857159031224756,1.4997498533099276,0.8047399715754384,34.45296295798573,False,False,False
9znb_chainA,1,1,0.0036948216147720814,Cryptic,0.8376315832138062,0.6951830387115479,205.0,1,4,-29.297909353482208,31.11136536902951,48.56120496039226,3.317959021579305,5.100850609420852,8.49457265523293,5.860342410208097,0.8333333333333334,2.5,2.0,0.17004964649099666,0.3333333333333333,11.388041973930374,28.75,15.833333333333334,0.03529089689254761,0.8509518802165985,0.38005178421735764,2094.0,0.38669823855161667,0.00046293437480926514,0.0007699192938162014,1.0092694610357285,0.013927529299513429,,,0.5774980698340385,5.632630956412254,False,False,False
9znb_chainA,506,3,0.0,Cryptic,0.6763845682144165,0.484851211309433,126.0,1,3,-24.577658995469456,11.681930713663334,24.02060367377815,5.130367681451477,8.948259065608319,12.253434006436853,9.246765049984434,0.6666666666666666,1.3333333333333333,1.0,0.4397791705073155,0.0,2.3570226039551585,31.666666666666668,3.3333333333333335,0.09623491764068604,0.878415604432424,0.5063111583391825,2582.6666666666665,0.4092805286248525,0.0004259546597798665,0.0008300492190755904,1.0327453414599101,0.012212223529338746,3.8637174376948615,0.7531073165893918,0.7218174315856809,32.47701867218211,False,False,False
9znb_chainA,0,6,0.08654846996068954,ActiveSite,0.7407565712928772,0.4980602562427521,1018.0,1,3,-26.757101740574612,15.013408134038032,29.165032299687947,4.106098843823449,5.500375263971723,9.83458317813087,6.788341404443479,0.6666666666666666,1.3333333333333333,1.0,-0.06462306182979312,0.3333333333333333,16.32993161855452,-30.0,26.666666666666668,0.07137378056844075,0.8079215089480082,0.48789748052755993,5058.333333333333,0.4589464068412781,0.00036025047302246094,0.0004495461762417108,1.0975753267606099,0.008456499106966824,3.830805994229945,0.932955133311608,0.46591760821103095,25.97909187241722,False,False,False
9znb_chainA,0,6,0.08654846996068954,ActiveSite,0.7407565712928772,0.4980602562427521,1018.0,2,5,-22.30359519461429,16.67181465872441,33.917696929417026,6.047184703540533,8.377972515877094,15.340637059809382,9.13581934516431,0.6,2.4,1.0,0.30445772982160246,0.2,5.830951894845301,41.0,8.0,0.0986055850982666,0.8663638353347778,0.1752141684293747,2881.8,0.4122007191181183,0.00043537616729736326,0.0003139843873213977,1.0070673823356628,0.005538108405019117,3.830805994229945,0.6334858586322106,0.6178471563657952,23.441295505226424,False,False,False
9znb_chainA,4,7,0.018298272043466568,Cryptic,0.7692350745201111,0.5603508353233337,221.0,1,3,-17.219913917649276,15.643569394819531,17.277684136625066,4.43218370038475,5.348255492139495,10.249432315751417,7.5959475086308075,1.0,2.0,2.0,0.6629946033203756,0.0,0.0,30.0,0.0,0.06280310948689778,0.932851254940033,0.3639996250470479,1381.3333333333333,0.3902762830257416,0.0004741350809733073,0.0008924861516182622,0.9832239747047424,0.010264565243956372,3.8490827614638126,0.8684393566831808,0.821713698832669,38.98975304982055,False,False,False
9znb_chainA,4,7,0.018298272043466568,Cryptic,0.7692350745201111,0.5603508353233337,221.0,2,3,-10.514688489255194,4.268621822527825,23.857086266177237,4.766193732433401,7.502859693332973,10.150435255684206,7.425826334465568,1.0,2.0,2.0,0.399094825065615,0.0,8.16496580927726,-20.0,13.333333333333334,0.03741955757141113,0.8387425939242045,0.4088074366251628,1944.0,0.3794243236382802,0.00033400456110636395,0.0008265965928634008,1.0453879634539287,0.01066972525301719,3.852799486807883,0.8083598156302427,0.6749750281891367,43.09294743512455,False,False,False
9znb_chainA,1509,8,0.01539106946438551,Cryptic,0.7407565712928772,0.8150730729103088,339.3333435058594,1,4,-21.95365696879378,15.272036644925535,35.068557774851506,5.592359464259588,6.7067770632334245,11.883621897180124,8.699161997296931,0.6666666666666666,2.0,1.0,0.4721045952356109,0.16666666666666666,6.123724356957945,40.0,8.333333333333334,0.11662222941716512,0.867401510477066,0.18712292611598969,2730.25,0.4093048423528671,0.0004255026578903198,0.0002849762749974616,1.0232202112674713,0.004601453980582307,3.830805994229945,0.6850071099170898,0.6862283559171545,23.685719947108865,False,False,False
9znb_chainA,1508,9,0.022875498980283737,Cryptic,0.7407565712928772,0.6795344948768616,339.3333435058594,1,4,-21.907726218479212,15.202401148337758,35.14185345892954,5.587741632701137,6.598734601193628,11.883621897180124,8.699161997296933,0.6666666666666666,2.0,1.0,0.47210459523561094,0.16666666666666666,6.123724356957945,40.0,8.333333333333334,0.11662222941716512,0.867401510477066,0.18712292611598969,2730.25,0.4093048423528671,0.0004255026578903198,0.0002849762749974616,1.0232202112674713,0.004601453980582308,3.8283318344154833,0.685130431230202,0.686287880606293,23.707077644643345,False,False,False
9znb_chainA,1507,10,0.01170266605913639,Cryptic,0.7407565712928772,0.5616961717605591,339.3333435058594,1,5,-22.27582977467215,16.63997633842106,33.9537722364492,6.052910273104296,8.32243754527484,15.340637059809382,9.135819345164307,0.6,2.4,1.0,0.3044577298216025,0.2,5.830951894845301,41.0,8.0,0.0986055850982666,0.8663638353347778,0.1752141684293747,2881.8,0.4122007191181183,0.00043537616729736326,0.0003139843873213977,1.0070673823356628,0.005538108405019116,3.8283318344154833,0.6324778762088084,0.6177448501169166,23.449087618021768,False,False,False
9znb_chainA,4508,11,0.020523283630609512,Cryptic,0.7407565712928772,0.6577775478363037,339.3333435058594,1,5,-22.27695015063869,16.63865493294325,33.95419679955394,6.052965161376307,8.322007492723865,15.340637059809382,9.135819345164306,0.6,2.4,1.0,0.3044577298216025,0.2,5.830951894845301,41.0,8.0,0.0986055850982666,0.8663638353347778,0.1752141684293747,2881.8,0.4122007191181183,0.00043537616729736326,0.0003139843873213977,1.0070673823356628,0.005538108405019116,3.8283318344154833,0.6324721409011063,0.6177440002807291,23.448932650945515,False,False,False
9znb_chainA,1512,14,0.001372895436361432,Cryptic,0.7622089982032776,1.0,197.0,1,3,-18.424832548143016,24.00454246255756,40.76721783804563,5.417721247510173,7.053430137815209,13.554472797360493,9.60347407249296,0.6666666666666666,1.3333333333333333,1.0,0.2813196130688298,0.6666666666666666,2.357022603955158,-46.666666666666664,3.3333333333333335,0.08330837885538737,0.8013922969500223,0.3259904409448306,3504.6666666666665,0.4097573757171631,0.0004677772521972656,0.0007285234363128742,1.0000775655110676,0.020235841486647765,3.8401432200298573,0.7088115177196825,0.6663664578947628,19.048714002373522,False,False,False
9znb_chainA,4512,15,0.0018732218304648995,Allosteric,0.7622089982032776,0.9172373414039612,197.0,1,4,-17.658254145325042,23.269035879435716,40.34540238767971,5.036116509176441,8.159416886387929,13.554472797360493,8.248758708497833,0.5,1.5,1.0,-0.16523140038188372,0.6666666666666666,3.5355339059327378,-45.0,5.0,0.06510257720947266,0.8070960640907288,0.35242666490375996,4047.5,0.42658887803554535,0.0004715770483016968,0.0006376233141054399,1.0041044652462006,0.018218325440377655,3.8401432200298573,0.7625207266417746,0.5322444144650853,20.098219220198125,False,False,False
9znb_chainA,3514,16,0.0075246794149279594,Cryptic,0.7692350745201111,0.643610417842865,221.0,1,3,-7.583404845787372,6.145890065539635,22.27136303279397,4.642850909352556,7.1756312424446005,10.88434220089386,8.006219591401003,1.0,2.0,2.0,0.7722773655963056,0.0,4.714045207910316,-13.333333333333334,6.666666666666667,0.055472493171691895,0.8477690617243449,0.4364682237307231,1921.6666666666667,0.37851957480112713,0.000416417916615804,0.000618718748834605,0.9821026921272278,0.01081728077655758,3.8227556175594573,0.8233638538465452,0.76866426691829,44.71905375765113,False,False,False
9znb_chainA,4506,18,0.0,Cryptic,0.6763845682144165,0.555988609790802,126.0,1,3,-20.05133793189943,20.114496130095933,26.476554928108673,6.011260090577916,6.952796676390218,12.262165898709563,9.431557143796438,0.6666666666666666,1.3333333333333333,1.0,0.2646687282510756,0.0,12.24744871391589,35.0,20.0,0.13271025816599527,0.8838663697242737,0.26720572263002396,2379.3333333333335,0.40804798404375714,0.00046010812123616535,0.0005498025663352261,1.0656440059343975,0.010177706855852864,3.8283318344154833,0.6368601219594595,0.5518900241051384,28.656345056728313,False,False,False
