target,site_id,site_rank,site_rank_score,site_classification,site_druggability,site_uv_enrichment_score,site_volume,cluster_id,seed_n,cluster_internal_score,n_void_candidates,void_score,raw_centroid_x,raw_centroid_y,raw_centroid_z,void_centroid_x,void_centroid_y,void_centroid_z,raw_dcc,void_dcc,dcc_gain,improved,good_raw_dcc_5,good_void_dcc_5,void_support_n,void_compactness,void_inwardness,void_support_coh,void_signal_support,void_cavity_bonus,void_site_anchor,void_support_bonus
9ig2_chainA,5,4,0.005324935540556908,Unknown,0.5539416074752808,0.848883867263794,135.0,1,3,0.6588726029522837,3,0.5402333332057999,-9.6244836799816,18.27752473846689,14.277120393386767,-7.733850002288818,14.745624542236328,13.453836441040039,17.2409635592062,15.624328350398848,1.6166352088073523,True,False,False,11,0.363363371741338,0.5418185839907446,0.471275888148751,0.5461289543997158,0.5245211461900012,1.0,1.0
9ig2_chainA,515,6,0.0033917324617505074,Cryptic,0.647803783416748,0.8095075488090515,148.0,1,5,0.48158651828153437,7,0.5295716967350731,-16.436393889618245,21.40280101597679,42.384767774696684,-17.061607246195642,24.03829901198675,40.087759773980174,28.774464772292113,28.673878609381376,0.10058616291073719,True,False,False,10,0.3976156090077551,0.6437534270885107,0.6398936265877684,0.5210703353583812,0.46222985838584385,0.17669957963884064,0.9649840459813438
9ig2_chainA,6,17,0.0014251668471843004,Unknown,0.4687826633453369,1.0,88.0,1,3,0.6588726029522837,3,0.5104857045468149,-9.593924386386934,18.35303897685448,14.21124094603077,-9.667653078041123,18.37146191645467,14.427620608596284,17.27429955407067,17.21975186152516,0.0545476925455084,True,False,False,8,0.4891789576083794,0.5607829426279504,0.4719613535524777,0.5404724076390266,0.4495078010728007,0.2905049479495637,0.8842282173954806
9ig2_chainA,6,17,0.0014251668471843004,Unknown,0.4687826633453369,1.0,88.0,2,3,0.733452830318809,4,0.4955237258093549,-3.269667934094364,20.6209875890597,13.446958618233477,-5.119441509246826,25.474271774291992,15.589966773986816,14.463832676758956,17.116857969696962,-2.653025292938006,False,False,False,8,0.30860711996300205,0.5905899148249587,0.41681694315473133,0.3293624833691865,0.6140357607654714,1.0,0.8842282173954806
9ig2_chainA,4523,19,0.03213292360305786,ActiveSite,0.6531283855438232,0.7885010838508606,637.0,1,9,0.4683131662837605,10,0.5582223643853251,-2.6279201832786523,7.109428922504229,20.375656396096737,-3.5123222381639456,7.383901770956038,21.24448800450365,9.756594689561146,9.958974029330115,-0.20237933976896905,False,False,False,11,0.3844141895538662,0.5504479374238539,0.6830664838041137,0.5635457289504958,0.4620650796956098,0.6649654245892236,1.0
9ig2_chainA,1523,20,0.03225570172071457,Cryptic,0.6531283855438232,0.800568163394928,637.0,1,3,0.5746623706848173,3,0.5598190009323532,-11.709710011596899,1.6011072279947753,32.55119692031322,-4.689711570739746,2.6725051403045654,26.884521484375,21.55869329214926,14.198449615963156,7.360243676186105,True,False,False,8,0.4460032060740896,0.6137094593879233,0.5560870866838754,0.4549059519797872,0.4294430080734951,1.0,0.8842282173954806
9ig2_chainA,4001,21,0.06936030834913254,ActiveSite,0.6531283855438232,0.7260258793830872,1911.0,1,5,0.395315057254353,9,0.5518921858755992,-3.3701392647149135,7.158618922294886,18.89268042215091,-3.2847101454566863,7.039992393958204,19.089966055629045,10.818435754156576,10.744103780070933,0.07433197408564318,True,False,False,7,0.46666680013260725,0.5568645665704453,0.6271290456420349,0.5469480920074595,0.4603328873933702,0.5749941000845442,0.8368288369533894
9ig2_chainA,4004,29,0.025832701474428177,ActiveSite,0.6593725681304932,0.8579251766204834,1085.0,1,4,0.6630793392478516,5,0.4980846330960621,-0.005596727294984096,20.82233239180727,24.86067429587303,1.0641061107650782,19.194351252939388,24.929831241748985,8.441084332651679,6.537838661123521,1.9032456715281576,True,False,False,7,0.3352067662286564,0.475190937345008,0.6984711433891703,0.5505195455359562,0.5679050564542635,0.14509915918976468,0.8368288369533894
9ig2_chainA,4515,38,0.0025298779364675283,Cryptic,0.647803783416748,0.8920257091522217,148.0,1,6,0.48615130346740454,9,0.6073225904761754,-16.719997783846573,24.677187554958753,40.925738896151984,-17.086696538471674,27.52258774973468,40.38460343363427,29.154521144014712,30.312763491428683,-1.158242347413971,False,False,False,7,0.516795358683333,0.6482063397957332,0.7421100547600747,0.5056901337844986,0.45108974448625455,0.7458541267771512,0.8368288369533894
9ig2_chainB,7,1,0.020245607942342758,Allosteric,0.7401458024978638,0.7277721762657166,164.0,1,7,0.5521769501164101,11,0.5307840563742439,3.186825907629052,9.556830355947104,82.73286034183099,1.7479737932429504,9.873566592342314,82.94567562707634,19.79749704631522,20.549927673727463,-0.7524306274122452,False,False,False,12,0.36417347373379205,0.7196313142249844,0.5891865572652676,0.45976718801142596,0.49996355878417964,0.2834781937877522,1.0
9ig2_chainB,522,2,0.008245507255196571,Cryptic,0.8051583766937256,0.7481279373168945,218.0,1,4,0.7230867445461129,8,0.48407904049316863,-5.154844489275565,13.775500433400824,68.53522973313372,-5.134933471522266,14.121088503247714,68.45807042290235,16.942215532638336,16.898243924372824,0.04397160826551172,True,False,False,11,0.33284051391129404,0.5415053219114585,0.49648172399124113,0.323462419829924,0.5690538586202707,0.6838595631275428,1.0
9ig2_chainB,521,3,0.020790228620171547,Cryptic,0.7228531837463379,0.7728230357170105,215.0,1,4,0.6123268774308785,6,0.5681478856678369,32.062756783430444,7.905747987123259,47.82435048289597,31.733482378349976,9.711262076112911,52.13596663707945,27.868454578504117,24.687411012138757,3.1810435663653607,True,False,False,9,0.4565357451024046,0.637418428473743,0.4895821483409139,0.5383316859602929,0.4600506235079803,0.9214468848749359,0.9266284080291269
9ig2_chainB,521,3,0.020790228620171547,Cryptic,0.7228531837463379,0.7728230357170105,215.0,2,3,0.8328115678602956,4,0.579330586855247,32.745788975752866,8.55462572289943,53.103342883283524,32.33089557511818,8.428202828629196,53.69306898547055,25.2784113895654,24.674591467746012,0.6038199218193867,True,False,False,10,0.40523405955375547,0.677688406060477,0.6132703231763024,0.5463236214220524,0.4267266946858536,0.825920314047643,0.9649840459813438
9ig2_chainB,519,5,0.007274954579770565,Cryptic,0.6794591546058655,0.870921790599823,184.0,1,3,0.6801619856171746,6,0.49778396633322175,27.547926710737457,28.793538025058805,47.47668854059826,29.55784787444295,26.131452655720203,47.84564873344976,28.037190049843943,27.790938556866514,0.24625149297742865,True,False,False,7,0.36502865835776593,0.5826289893837922,0.5978288588261095,0.5049025787838869,0.44970623009855,0.2635088342707629,0.8368288369533894
9ig2_chainB,17,6,0.007705381605774164,Cryptic,0.6753491163253784,1.0,253.0,1,4,0.5055744631765745,5,0.5477111865594905,28.040533032397708,31.300730650618064,47.21166739989672,28.79304203034997,29.92669065957552,45.133841039404956,29.831140874473213,30.839280764710196,-1.0081398902369827,False,False,False,7,0.5122159139816465,0.659283852892466,0.6116660763929421,0.5158306902008397,0.45544255320382143,0.18434421820695046,0.8368288369533894
9ig2_chainB,520,8,0.0,Cryptic,0.5838870406150818,0.7436869740486145,64.0,1,4,0.644372951053011,7,0.5300643834799856,32.065803313766665,12.00827454739014,58.47108395765553,30.980328669809,10.520166749442417,58.852602280238806,21.863991555401658,20.949472554882536,0.914519000519121,True,False,False,9,0.4471331813302624,0.5747053265114777,0.5609525540694968,0.5582449477579859,0.42983431347243006,0.4029407362277214,0.9266284080291269
9ig2_chainB,520,8,0.0,Cryptic,0.5838870406150818,0.7436869740486145,64.0,2,3,0.6395359419162675,4,0.5170557444887747,32.60587706060645,8.864283634952207,58.50019561782625,31.482184025540562,8.94181915104215,57.248774253470145,22.922775367015312,22.30102837519128,0.6217469918240326,True,False,False,10,0.4176881695557618,0.6016023994248327,0.546481691312897,0.5634117959439755,0.4484393811952575,0.21263388149249718,0.9649840459813438
9ig2_chainB,19,10,0.0,Unknown,0.5780856013298035,0.8005380630493164,64.0,1,3,0.6395359419162675,4,0.5131393788217012,32.50662517228504,8.896879775483985,58.43768089441144,31.467947760227688,8.958618232419783,57.26241774776115,22.842496603582088,22.279099390269998,0.5633972133120899,True,False,False,10,0.41775727978593674,0.6010475421060637,0.546481691312897,0.5634117959439755,0.448862377602419,0.15742987721710044,0.9649840459813438
9ig2_chainB,19,10,0.0,Unknown,0.5780856013298035,0.8005380630493164,64.0,2,5,0.6610896852279259,8,0.538151592505711,31.918703207495675,12.02680151652368,59.37219185739241,32.58238357419988,12.25376135657108,59.46818704536349,21.451346924444476,22.03428084076019,-0.5829339163157137,False,False,False,9,0.43081679264669964,0.5608997959362148,0.5909702487185318,0.5480490109986729,0.47893422340073905,0.48983248303723503,0.9266284080291269
9ig2_chainB,525,17,0.0019176078494638205,Cryptic,0.4487433433532715,1.0,93.0,1,3,0.7330044643442746,7,0.5128284746451346,16.046664825916977,22.915226670190187,55.40353254567079,11.823623023869532,22.65932428342019,58.955297537396454,13.893324372019206,10.459678299934964,3.433646072084242,True,False,False,5,0.4707021479663826,0.47776165625531314,0.6388135773431096,0.5220706465840339,0.42918286282144297,0.3831248786763878,0.7210570543488701
9ig2_chainB,1527,21,0.009418183006346226,Cryptic,0.7413843870162964,1.0,289.6666564941406,1,4,0.6930385196587653,5,0.48125692045846913,20.972371827341505,2.9355987722886256,40.45054134696854,20.89153171732356,2.454856205609874,42.55614961300855,29.109240150349542,27.5013206992713,1.6079194510782422,True,False,False,11,0.334042712332139,0.5430981891631742,0.5182823758443925,0.5002990577504491,0.5007511528249114,0.2721891355938185,1.0
9ig2_chainB,4009,22,0.04788060858845711,ActiveSite,0.7847995162010193,0.6558361053466797,522.0,1,3,0.6978728524774983,3,0.5644878579891495,21.016841753989713,9.779350213454277,74.11692482100526,18.343698501586914,5.891040802001953,73.794921875,13.709846878526013,13.791533430916093,-0.08168655239007983,False,False,False,5,0.2495727855519357,0.6212705000530536,0.7247926393208679,0.5035857339203358,0.6324704422362069,1.0,0.7210570543488701
9ig2_chainB,4528,23,0.015344182960689068,Cryptic,0.7413843870162964,1.0,289.6666564941406,1,5,0.6205058942192377,9,0.5164175764792804,21.326596270418356,2.4022873602203623,42.21037505037757,21.25756301617726,2.336527354842138,42.573627968938716,27.96256545833407,27.665788024655022,0.29677743367904696,True,False,False,10,0.3754072706257755,0.5723439654746585,0.5317286379120392,0.4953490580393873,0.491198902081269,0.5644991688071368,0.9649840459813438
9ig2_chainB,1532,26,0.01622464507818222,Cryptic,0.7847995162010193,0.9540567994117737,174.0,1,5,0.5854304507969046,8,0.574570509616397,20.57959770897689,8.860739312282844,70.31808966905122,19.26098259028787,9.83551232303013,71.43153604436917,11.738200929418376,10.848023879558793,0.8901770498595827,True,False,False,10,0.4205562666786511,0.7313316740943601,0.6396621688380126,0.5225617618113756,0.4495070385019222,0.5060241766389573,0.9649840459813438
9ig2_chainB,1532,26,0.01622464507818222,Cryptic,0.7847995162010193,0.9540567994117737,174.0,2,4,0.5842825992955377,6,0.5538228686865158,19.72811656127867,10.907417722237517,66.53654308106837,17.855597810315196,11.022537436766495,68.75470780793596,9.03969402902509,7.958382135787954,1.081311893237137,True,False,False,9,0.41085498338559023,0.7612002864602971,0.5343352572046586,0.5225699203709762,0.4737299954499939,0.421166598275203,0.9266284080291269
9ig2_chainB,1533,27,0.016491899266839027,Cryptic,0.7847995162010193,0.6804891228675842,174.0,1,3,0.6978728524774983,3,0.5955202558818766,21.017692016219158,9.779898482481784,74.11875401140404,15.929594993591309,6.452206611633301,76.3652114868164,13.711408087220937,14.25405120993143,-0.5426431227104924,False,False,False,2,0.2264816835890766,0.5964553485449557,0.8644769353431959,0.5116580218076706,0.9229674482561756,1.0,0.44211410869774026
9ig2_chainB,4534,28,0.013973666355013847,Allosteric,0.7847995162010193,0.9247615337371826,174.0,1,4,0.6923208051126337,6,0.5350033425554614,21.115092203258968,9.380187883330718,72.87830352089357,19.7344438974824,10.459257514251565,71.28210522319776,13.182672175675643,10.868073831839247,2.314598343836396,True,False,False,7,0.41493908454297673,0.586832853523533,0.7203853309751471,0.515870326012373,0.4306410456438731,0.2991033344411079,0.8368288369533894
9ig2_chainB,4010,29,0.0506487675011158,ActiveSite,0.7413843870162964,0.8943548798561096,869.0,1,4,0.6930385196587653,6,0.5070471352940642,20.94804327151064,3.0008520992791086,40.48810854051783,20.87887168414455,2.492704735611261,42.564646763607634,29.043257871011548,27.47341394149385,1.569843929517699,True,False,False,11,0.3336885685612011,0.5421122572184557,0.5182823758443925,0.5002990577504492,0.5017506351401535,0.6432240998515264,1.0
9ig2_chainB,3540,30,0.06818269938230515,Cryptic,0.7847995162010193,0.9767225384712219,522.0,1,3,0.5350049338657099,4,0.5568970475465187,19.993643330835273,8.605444455926191,68.03362015494079,19.713474933992558,8.287417989965054,68.64291305462518,10.646104311493962,10.770659870676948,-0.12455555918298522,False,False,False,8,0.3516174997724522,0.6653758538364654,0.703435150575676,0.5397682876326144,0.4741946198638755,0.49745072646907895,0.8842282173954806
9ig2_chainB,1526,31,0.008475732058286667,Cryptic,0.7413843870162964,1.0,289.6666564941406,1,4,0.6930385196587653,5,0.5024529966804272,20.972130998175714,2.935696604253553,40.450223754126895,20.7610991013607,3.5143925348853355,40.35367373012484,29.10939562164302,28.900342130711703,0.20905349093131775,True,False,False,11,0.3751704911294467,0.49562768114868905,0.48660130208658836,0.4556729392876732,0.5322614704973876,0.7080641552609974,1.0
9ig2_chainB,3538,33,0.037578318268060684,Cryptic,0.7413843870162964,1.0,869.0,1,4,0.6930385196587653,5,0.4753750590098282,20.971731047751778,2.9372372605278416,40.45160621759034,19.488375349779712,4.5642145417842075,37.74121734948376,29.107468439459325,30.48400283047483,-1.376534391015504,False,False,False,12,0.37316582818252025,0.4762043047622931,0.43440603392795946,0.36668026209498933,0.48956585339092273,0.7822269416034494,1.0
9ig2_chainB,4521,36,0.020633261650800705,Cryptic,0.7228531837463379,0.8582187294960022,215.0,1,3,0.6628634691815993,4,0.5032279209445033,32.00752362243478,7.001963624817742,46.12191317756734,32.11557473137634,6.751578609118301,49.26254890493652,29.153573067001304,27.32550929285979,1.8280637741415156,True,False,False,9,0.4054692033281562,0.5422533292569496,0.51169382987721,0.5450981815656025,0.4076734103775435,0.44350409181072814,0.9266284080291269
9ig2_chainB,4007,41,0.011682379990816116,Allosteric,0.7401458024978638,0.8989976048469543,164.0,1,3,0.60149156419209,5,0.4594033669281033,-0.641786386404482,11.750902173869166,83.5846533469232,-2.9200673699378967,11.50215482711792,83.00791549682617,21.99189498819619,22.91117586242178,-0.9192808742255885,False,False,False,7,0.38131285486220406,0.6066650264238593,0.49582807344774604,0.4302334518883537,0.4229008404326094,0.06196207232487305,0.8368288369533894
9ig2_chainB,4519,42,0.00705250957980752,Cryptic,0.6794591546058655,0.8894567489624023,184.0,1,5,0.5470956251315475,9,0.5777722673457446,27.577066307567584,31.774498373987388,47.799378351525355,28.51753807612166,29.45688527953998,45.603211327989214,29.493508804552082,30.140458651852537,-0.6469498473004549,False,False,False,6,0.47989947821404727,0.6944185654639391,0.66370582640576,0.5002590523411831,0.45270173454241536,0.568277376105293,0.783091851446946
9ig2_chainB,4525,44,0.0,Cryptic,0.4487433433532715,1.0,93.0,1,3,0.6991819109632826,2,0.6845577989085546,27.26408783378789,35.80573540574135,49.2385635516333,27.03517909595676,35.59570628712026,49.25072528666498,31.097031509751908,30.830820010633104,0.2662114991188034,True,False,False,3,0.6765726370344011,0.7716343827662113,0.9075509667141528,0.5172454088926314,0.3928451942885332,0.7793748005960183,0.5578858913022596
9nmx_chainA,1,2,0.0,Unknown,0.502488911151886,0.651981770992279,94.0,1,4,0.5012662555471343,6,0.4949930370068422,-64.84175889706339,15.803737975762626,-37.90686161841811,-64.3083566795189,15.398541789836653,-37.96859462859386,29.65916499747655,29.17001949845256,0.48914549902399074,True,False,False,7,0.44983968946892067,0.7493169155307354,0.47486574545453564,0.31892860533137407,0.4669833760234724,0.17319911347573091,0.8368288369533894
9nmx_chainA,7,4,0.0,Unknown,0.5165235996246338,0.6583465933799744,56.0,1,9,0.42896715141417613,17,0.5845067605035701,-36.22868420103509,4.974318659407923,-5.796785275821362,-36.94519292970659,7.32842494971881,-3.4851400637675143,17.2770454300153,19.367606540526808,-2.0905611105115085,False,False,False,9,0.3729971950089814,0.6945249007168799,0.5990688870745351,0.571734994981024,0.4845544910801138,0.8855083596884391,0.9266284080291269
9nmx_chainA,4,5,0.0,Unknown,0.5196069478988647,0.7249687314033508,63.0,1,3,0.6689419227590943,5,0.5474694031422344,-50.82173363649695,14.006752163145832,-33.3521039677374,-50.48422486080497,13.840040610650956,-32.95462311206581,18.8094110390109,18.329230904390744,0.48018013462015574,True,False,False,6,0.32902232164745576,0.6360638404603219,0.6217222175778645,0.5595379064480464,0.5095312312471636,0.7106785423144836,0.783091851446946
9nmx_chainA,0,7,0.0,Cryptic,0.4613068699836731,1.0,67.0,1,4,0.5012662555471343,6,0.48855051682582273,-64.76157050034115,15.715404735174616,-37.91459352625834,-63.40744803726096,14.107856071798224,-38.22507912994734,29.57143464120297,28.192218759817663,1.3792158813853064,True,False,False,9,0.399424441648115,0.5338792017524203,0.5537279637355724,0.4266836595514582,0.46669869856693813,0.35673001744292165,0.9266284080291269
9nmx_chainA,10,12,0.03287430852651596,ActiveSite,0.8242324590682983,0.4762657880783081,533.0,1,3,0.7821783433469187,3,0.4787152938143838,-37.81258455074624,-3.2443500356258475,-13.23473918618867,-37.816186875061234,-3.4847987107448675,-13.175486178819883,11.621019763609649,11.760961366035207,-0.13994160242555864,False,False,False,9,0.3357525352959828,0.4803068109236841,0.6061855412990158,0.5578508847289615,0.4733325218184371,0.14341587978363346,0.9266284080291269
9nmx_chainA,4005,14,0.11477607488632202,ActiveSite,0.6263172626495361,0.49929341673851013,1831.0,1,3,0.7530706708428191,6,0.5212142856163431,-34.82738265247304,-0.6129911490101164,-14.117278887366098,-41.01012420654297,-3.020258903503418,-18.617835998535156,12.688478377431366,7.049647988255031,5.638830389176335,True,False,False,8,0.3813305709271335,0.4599962877033895,0.48517503741415835,0.5613726247102022,0.4633315349519826,1.0,0.8842282173954806
9nmx_chainA,4005,14,0.11477607488632202,ActiveSite,0.6263172626495361,0.49929341673851013,1831.0,2,6,0.529609763336121,12,0.5586528548608269,-36.50570732386109,-1.8054638656066087,-17.209963618479584,-41.01012420654297,-3.020258903503418,-18.617835998535156,10.422414020742282,7.049647988255031,3.3727660324872515,True,False,False,8,0.3813305709271335,0.4599962877033895,0.6931670887724017,0.5613726247102022,0.4633315349519826,1.0,0.8842282173954806
9nmx_chainA,4521,15,0.02767237462103367,ActiveSite,0.6263172626495361,0.7001466155052185,610.3333129882812,1,6,0.529609763336121,12,0.5597153220458739,-36.50595543761172,-1.804867783420408,-17.20954756740208,-35.028524114544695,-0.4660715518743648,-18.699116375901426,10.422080209572515,11.170992671378814,-0.7489124618062988,False,False,False,9,0.4015169242191787,0.6446831385886411,0.6807689533809295,0.5704183866580327,0.48092237484129713,0.3740803022300615,0.9266284080291269
9nmx_chainA,4520,16,0.021017203107476234,ActiveSite,0.6263172626495361,0.7498255372047424,610.3333129882812,1,3,0.7530706708428191,6,0.4962386124734717,-34.791503905775045,-0.5819483594828779,-14.17103926143768,-35.98265009894275,-0.4153904732671181,-13.765663457180569,12.68963339305418,11.82960027241043,0.8600331206437506,True,False,False,9,0.3912920751576982,0.5114828939652949,0.5496698203016988,0.5482739554511177,0.4844312487545196,0.2656141405596024,0.9266284080291269
9nmx_chainA,4520,16,0.021017203107476234,ActiveSite,0.6263172626495361,0.7498255372047424,610.3333129882812,2,7,0.5245171182660436,13,0.5554859930875434,-36.52888229696646,-2.0375595247254426,-17.135110465134108,-38.408962566618214,-2.9769320049668506,-18.594107844499458,10.506010179879695,9.024490004958924,1.481520174920771,True,False,False,9,0.3956867662031487,0.622297776901313,0.6526611893320996,0.5619942701525158,0.4366315882384156,0.5524133898435253,0.9266284080291269
9nmx_chainA,3522,17,0.1428401917219162,Cryptic,0.6263172626495361,0.5536805987358093,1831.0,1,5,0.590015669628447,9,0.5569145831892798,-38.081424799702475,-3.189740501206238,-15.985135089541576,-37.56844090107858,-1.7452008074646046,-17.867996862146114,10.08337768693138,9.29537515576627,0.7880025311651107,True,False,False,10,0.3870300390722431,0.6253977031997103,0.6882907501374849,0.5695403951406479,0.4610135439391123,0.422549689025287,0.9649840459813438
9nmx_chainA,4519,18,0.030680831521749496,ActiveSite,0.6263172626495361,0.6236065030097961,610.3333129882812,1,5,0.5900156696284469,8,0.5678176134897436,-38.08081109831901,-3.193267110458191,-15.977600564905877,-38.17380648471497,-2.06184633252887,-18.110274773340503,10.088497001410152,8.846377853801195,1.2421191476089568,True,False,False,9,0.41652577761293685,0.6205910666942147,0.6813613716127404,0.5619942701525158,0.47167265296495536,0.5381485387306879,0.9266284080291269
9nmx_chainD,2,3,0.00810576044023037,Cryptic,0.8016400933265686,0.5940975546836853,239.0,1,3,0.7374775921187243,5,0.5222958962046715,11.92067617677828,-27.348907582921967,36.309085201105596,11.486078730152181,-27.26280982390889,36.6660902915811,47.586280069612926,47.70767323198046,-0.12139316236753217,False,False,False,7,0.4296877418793706,0.665785789301733,0.5983926211620455,0.4469951808851745,0.40467922877587487,0.34963449738889774,0.8368288369533894
9nmx_chainD,504,5,0.014118495397269726,Cryptic,0.835198700428009,0.5369736552238464,239.0,1,4,0.7497590925495433,8,0.5374954610471956,12.141504882743785,-26.936852942778085,34.73195775582671,9.52845322009284,-27.769860953228303,34.64294802933325,46.18667205526188,45.995439600391876,0.19123245487000418,True,False,False,7,0.371176456779122,0.5356299386652106,0.6875689491749346,0.526614699619157,0.6081596818599396,0.43727072661353406,0.8368288369533894
9nmy_chainD,3,1,0.0010663446737453341,Unknown,0.5289034247398376,0.6836830973625183,104.0,1,3,0.7452929923383885,6,0.5600136348944462,19.049933120205598,-14.385294866924166,21.904541818438954,21.34818244661291,-15.487118601910552,22.03825233128593,32.53709341498092,34.510389963382956,-1.9732965484020326,False,False,False,5,0.3720140022509291,0.637134475009581,0.7541096021354746,0.5822353096334051,0.4939034553273032,0.413754331091471,0.7210570543488701
9nr0_chainA,2,1,0.060135941952466965,ActiveSite,0.6071255803108215,0.5984696745872498,1212.0,1,8,0.48872055142301774,14,0.5284653458594092,-36.08181221397968,19.022007732250625,-1.1845363926403782,-36.69051806896097,19.19906669098842,-0.8503097145875961,17.26520277757296,16.803391984713244,0.4618107928597155,True,False,False,9,0.32652387898314256,0.54616720227983,0.6652352618409384,0.5649823131016338,0.6496903997946669,0.2775170976990805,0.9266284080291269
9nr0_chainA,3,5,0.0,Unknown,0.5581868290901184,0.6087486147880554,73.0,1,3,0.6633788022560156,3,0.5309942285279212,-40.56580042142503,-7.117776997190691,15.614933848358296,-40.51982831749683,-7.136711764100218,15.476513643284349,20.22021527505349,20.22889704110697,-0.008681766053477702,False,False,False,8,0.38967016741029653,0.709742473499881,0.5219278669000021,0.4053928373963572,0.4176087027474014,0.7248963211363173,0.8842282173954806
9nr0_chainA,4,6,0.0,Unknown,0.494550883769989,0.8436943888664246,65.0,1,3,0.7552259226973127,3,0.47796123717216155,-37.40778174821728,12.32610914994096,25.144949708025553,-37.370238971076304,12.440104926751793,25.040354890765606,13.402740553830693,13.322947459052473,0.0797930947782195,True,False,False,8,0.43205275488523753,0.5024720977703199,0.5657655626559845,0.3543762064825523,0.4388660011236191,0.387687873545986,0.8842282173954806
9nr0_chainA,506,7,0.12111455202102661,Cryptic,0.6936384439468384,0.5329245328903198,1212.0,1,8,0.5260688446363003,18,0.5223790278884244,-35.91334346247884,19.947736675249722,0.0900320011714543,-31.41437530517578,15.797638893127441,3.8480379581451416,16.676692643159463,15.458795947638537,1.2178966955209258,True,False,False,5,0.2225580319689538,0.4662815079684773,0.6357449603027252,0.5160933595895767,0.7264691551591376,1.0,0.7210570543488701
9nr0_chainA,1,8,0.039809294044971466,ActiveSite,0.8271401524543762,0.5526964068412781,575.0,1,5,0.6906316041419931,12,0.5122529568770847,-36.33905031026948,9.089898209980433,25.51027906503996,-32.73231714590675,4.814355128000817,25.507285655825324,14.685870779543746,18.138271642831057,-3.452400863287311,False,False,False,9,0.41637201665613927,0.6449556159823027,0.5698988848844637,0.4303243129665457,0.414812337401625,0.3440886598240164,0.9266284080291269
9nr0_chainA,4512,10,0.03037882409989834,ActiveSite,0.6936384439468384,0.5599032044410706,404.0,1,3,0.5597260234176149,6,0.5268334664212818,-35.81173316163922,17.461633286845228,2.1799199670289306,-31.740921020507812,10.719286918640137,4.3135786056518555,14.135723909396349,14.754559806556603,-0.6188358971602543,False,False,False,6,0.14445701565924282,0.6079274714621171,0.6083597385072587,0.515080542944359,0.6950605599588876,1.0,0.783091851446946
9nr0_chainA,1510,11,0.014888402074575424,Cryptic,0.6936384439468384,0.5894176959991455,404.0,1,5,0.5605730276795853,8,0.5089184125293331,-36.252624457502456,19.276665503733376,2.4460174973242905,-36.866983609193184,18.386473809670814,-0.18616233464622356,14.420666288622707,15.876125076605662,-1.4554587879829555,False,False,False,11,0.24222789099042366,0.589876504611334,0.6559918199740287,0.5082894864492119,0.683093493137923,0.21563175754818953,1.0
9nr0_chainA,1509,18,0.005893487483263016,Cryptic,0.8271401524543762,0.6848759055137634,191.6666717529297,1,4,0.7587319953308337,7,0.4607628429758215,-37.25037487054072,10.942007221971286,25.405966468990467,-37.206675745229255,8.750810559427249,27.32514700242333,13.819055497573407,15.967483189686826,-2.148427692113419,False,False,False,11,0.3553338660720556,0.5046814029115653,0.5002436727015893,0.3508876250672587,0.4858893110699361,0.4253088904596277,1.0
9nr0_chainA,4507,19,0.0053767915815114975,Allosteric,0.8271401524543762,0.59223872423172,191.6666717529297,1,6,0.6446622557210033,12,0.5421196503954753,-33.941381472271985,4.515371931399277,25.745284841351967,-33.618539814513426,0.30322041343144984,26.223660479720706,17.76204940924154,20.52099268557792,-2.758943276336378,False,False,False,8,0.39840226418446073,0.6488542602891058,0.6077160824748273,0.46613186200057755,0.5044668620763312,0.5443452155773567,0.8842282173954806
9nr0_chainA,4000,20,0.014419332146644592,Cryptic,0.7431386113166809,0.5860713124275208,210.0,1,6,0.6197433460824936,16,0.5700039632806672,-49.479611773518805,9.841096865349238,14.40471985584714,-51.38784408569336,12.800751686096191,15.315349578857422,6.876152521877588,8.296718851356516,-1.4205663294789286,False,False,False,7,0.19436044902077526,0.6534415655356864,0.6688303572013657,0.4921079478492695,0.8170096460874525,1.0,0.8368288369533894
9nr0_chainA,1508,21,0.0,Cryptic,0.8271401524543762,1.0,191.6666717529297,1,5,0.6906316041419931,11,0.5144311774561016,-36.390214137468575,9.061092604935027,25.553384886906834,-34.26805344304934,3.264244111975707,26.386218540306032,14.704974043926327,18.659171096816927,-3.954197052890599,False,False,False,10,0.3441142129104028,0.6832622414904473,0.5742489351802034,0.4377981210945493,0.458780428468404,0.3950223600863335,0.9649840459813438
9nr0_chainA,3517,22,0.01853286102414131,Cryptic,0.7431386113166809,0.6334259510040283,210.0,1,6,0.517035262823022,7,0.5310937857528232,-47.583306168337415,14.144211108956627,6.500890079035174,-47.73348617553711,16.584569931030273,9.645943641662598,7.991736563321004,6.778124380856622,1.2136121824643817,True,False,False,9,0.2525008662669883,0.4882106361118637,0.5879165973773605,0.564515770028586,0.6037251949241823,1.0,0.9266284080291269
9nr0_chainA,4006,23,0.011478547006845474,Cryptic,0.6526011824607849,0.6199528574943542,219.0,1,6,0.45198800684487617,9,0.49178322500522753,-23.273214299815546,-3.5524606848233167,22.277442511023903,-22.212014850656193,-1.7414236107259033,25.754057280965625,27.4473772745778,28.581512863996707,-1.1341355894189071,False,False,False,9,0.429572965788829,0.6818299964849238,0.39910663956972264,0.2998090254867242,0.44491173978779586,0.5955497191180272,0.9266284080291269
9nr0_chainB,7,1,0.0077375490218400955,Allosteric,0.5670418739318848,0.5857018828392029,175.0,1,5,0.6196827922762574,7,0.49916242478707923,-21.145082634385542,45.2255893659317,20.522086724643486,-23.59006191913754,48.54463716979743,21.912396184930927,10.785463742763609,14.517926716764807,-3.732462974001198,False,False,False,7,0.461337345318437,0.6206030223774732,0.514956908316222,0.38978566734549525,0.48917625908495566,0.2643405629542208,0.8368288369533894
9nr0_chainB,508,2,0.0,Cryptic,0.6255750060081482,0.5200850367546082,66.0,1,11,0.4691481445688607,19,0.570976194107544,-34.38048305537369,60.12911795725874,13.17511147379064,-36.8386954920571,59.685535336217654,15.614102853144082,26.36319894475611,28.04644146977661,-1.6832425250204999,False,False,False,8,0.42878548258958926,0.6411207800051395,0.7006322878987548,0.5776109471917152,0.4727646718426685,0.4260582979789068,0.8842282173954806
9nr0_chainB,508,2,0.0,Cryptic,0.6255750060081482,0.5200850367546082,66.0,2,3,0.6444504739391892,4,0.5634884242728815,-32.361872027847554,48.06176770216007,11.572335475727238,-30.456576526728632,47.58062177618788,12.937814634686536,17.670525739042052,15.762583141666138,1.9079425973759143,True,False,False,4,0.5258301263487621,0.6459285141017943,0.7364876777658931,0.5492741663008929,0.33222874302725697,0.31492421573129425,0.647685462377997
9nr0_chainB,6,3,0.0,Unknown,0.47936272621154785,0.5700610280036926,58.0,1,4,0.5147600007527485,2,0.5573563404476275,-15.579801950649184,32.13012964413745,0.6334803073164645,-17.086443008808125,30.21084090589715,-1.2248652473185389,14.462154072755913,17.136843560265184,-2.674689487509271,False,False,False,10,0.3700213966949233,0.5074207115896507,0.6849754074229346,0.5484294675290585,0.4288513123331796,0.9269777321393299,0.9649840459813438
9nr0_chainB,5,4,0.0033299459610134363,Unknown,0.5008711218833923,0.6020925641059875,94.0,1,4,0.4951002674018708,5,0.4853382589824088,-25.5278332034162,47.0301384128635,19.735320120688204,-24.558691024780273,40.10523986816406,16.219999313354492,13.592238136054974,9.575833368771079,4.016404767283895,True,False,False,7,0.3379870682993061,0.5787443451562119,0.44632352139288994,0.3086363125540621,0.4691100785229333,1.0,0.8368288369533894
9nr0_chainB,1,5,0.0,Unknown,0.5312714576721191,0.5727500915527344,63.0,1,5,0.6388039830993939,4,0.5405984787080256,-32.18013746413038,62.21225436028788,8.358028532152785,-33.477376300128306,62.52044833604493,7.023827678285537,26.710478825558425,27.949216413496604,-1.2387375879381786,False,False,False,6,0.46803556083826114,0.5592910684851904,0.6928118986289555,0.4691895383565376,0.4015262562783031,0.5332577759909882,0.783091851446946
9nr0_chainB,3,6,0.0,Unknown,0.5206393599510193,0.6138181090354919,61.0,1,3,0.5562693139813415,5,0.5150211845284621,-24.085372749649437,22.509249343008637,3.1600317587941547,-24.05644090439092,23.09279995051548,1.1515032633261033,22.120035555616155,22.505331618547807,-0.3852960629316513,False,False,False,11,0.32395921889826856,0.630956516111079,0.5508655567554099,0.4529448336778255,0.6253616569932362,0.3845218495273194,1.0
9nr0_chainB,3,6,0.0,Unknown,0.5206393599510193,0.6138181090354919,61.0,2,4,0.6134002060556853,7,0.5896424021574022,-23.64799580048916,27.530617048662574,5.170318664891125,-25.43607762670381,28.581947877547805,8.661049408953309,17.000378188484465,16.027564310633917,0.9728138778505482,True,False,False,4,0.499672442783987,0.7439087789204382,0.6789966672411392,0.5738686591386796,0.38359656279171306,0.5165277877356094,0.647685462377997
9nr0_chainB,4,8,0.009486878290772438,ActiveSite,0.7298888564109802,0.507169783115387,480.0,1,3,0.7161155915925568,5,0.5381777805527735,-8.217681278869534,54.86540084603876,8.602575044326683,-15.124061584472656,54.900978088378906,14.162174224853516,16.115750699139788,13.929519594607552,2.1862311045322365,True,False,False,6,0.2801450775468932,0.726163542162165,0.5117530396495297,0.36811659064454333,0.6554145929669661,1.0,0.783091851446946
9nr0_chainB,3511,9,0.05853477865457535,Cryptic,0.6067577600479126,0.615142822265625,1097.0,1,3,0.718789189716661,5,0.5258288718566739,-21.74731394631917,31.452695929077585,-4.077197072749683,-26.042753219604492,36.87411880493164,-1.4695501327514648,19.54419354542501,17.21559713124817,2.3285964141768396,True,False,False,4,0.1290375094831247,0.5100875471473763,0.6564202487409168,0.5125612016767264,0.9029264999070766,1.0,0.647685462377997
9nr0_chainB,3510,13,0.015325712040066719,Cryptic,0.7298888564109802,0.5907593369483948,480.0,1,3,0.739757368336192,7,0.5211520701233714,-26.956981988923832,55.71782081901482,21.73059679894881,-26.946595858860334,55.14177090045328,19.747267196624094,20.639456195848194,19.34611276147531,1.2933434343728827,True,False,False,9,0.3849771050619122,0.6372710229182831,0.5954025869079237,0.4477826624694798,0.488735452578528,0.3897243289571948,0.9266284080291269
9nr0_chainB,4008,14,0.0021677566692233086,Unknown,0.6270703077316284,0.5651964545249939,79.0,1,3,0.8102827021393386,3,0.5235421029618855,-5.936840012775319,46.14677144781658,10.484741509781637,-6.168247344059525,47.35040948662415,10.154413821748012,11.381161243983614,11.802816127288581,-0.42165488330496714,False,False,False,9,0.4565327563250853,0.4774654743375453,0.6315358409037373,0.5297555240719378,0.4884368774591026,0.35526718878295205,0.9266284080291269
9nr0_chainB,4006,15,0.0,Unknown,0.47936272621154785,0.6495619416236877,58.0,1,3,0.5994377801429726,2,0.5746563225736605,-14.878572568990156,32.413664398819265,1.5538099167274162,-14.745973587036133,25.55970573425293,-2.3999462127685547,13.616777091524137,21.223742612708833,-7.606965521184696,False,False,False,9,0.22751656520383307,0.680336972934641,0.6557573981705702,0.5494079452421929,0.6171192902690255,1.0,0.9266284080291269
9nr0_chainB,4006,15,0.0,Unknown,0.47936272621154785,0.6495619416236877,58.0,2,3,0.718789189716661,5,0.55389406867232,-21.767137294130503,31.66520391358971,-4.184400129487308,-14.745973587036133,25.55970573425293,-2.3999462127685547,19.53311101778505,21.223742612708833,-1.690631594923783,False,False,False,9,0.22751656520383307,0.680336972934641,0.5404115431631233,0.5494079452421929,0.6171192902690255,1.0,0.9266284080291269
9nr0_chainB,4508,16,0.0,Cryptic,0.6255750060081482,0.560096800327301,66.0,1,3,0.6493361592346482,4,0.5627826475149643,-31.800118001899058,60.00583263242186,11.356160955617407,-37.88373565673828,58.59343338012695,8.827058792114258,24.520443137050368,28.06128457777258,-3.540841440722211,False,False,False,7,0.3228717709325407,0.5000038526264291,0.6850878560503916,0.5803292640617916,0.5728271377924212,1.0,0.8368288369533894
9nr0_chainB,4508,16,0.0,Cryptic,0.6255750060081482,0.560096800327301,66.0,2,3,0.8703304052793874,3,0.5558938627372614,-37.815724909685834,60.993511945384725,14.198398926353578,-38.27520085743474,59.13739788477112,13.524627606221358,29.490238026494875,28.585611022365534,0.9046270041293418,True,False,False,8,0.4140112465651405,0.5653553568509606,0.6742759672312382,0.5726905833929776,0.4392846127066364,0.6045721800928361,0.8842282173954806
9nr0_chainB,4007,17,0.003548916894942522,Allosteric,0.5670418739318848,0.5765748620033264,175.0,1,3,0.6140675170065549,5,0.48554071724314135,-19.025536381102825,42.936876493915086,19.81672798398032,-19.473420717368757,42.56373339713458,22.554763560060945,8.629279092064378,11.270211693709472,-2.640932601645094,False,False,False,10,0.2701821475300352,0.5836512877029667,0.4803658554498794,0.4501497011513296,0.7532126610975166,0.31294956744756686,0.9649840459813438
9nxe_chainA,4,1,0.1002068743109703,ActiveSite,0.6662980914115906,0.7564861178398132,1575.0,1,3,0.6042186591349519,4,0.5527342006306218,18.21278411520592,17.539879817465614,-11.700497405544239,16.76664924621582,13.32577896118164,-6.184485912322998,24.08642309854947,27.50621862511785,-3.419795526568379,False,False,False,3,0.23609620058642436,0.4792722475641445,0.7913985684219034,0.546921224395434,0.7236323019272612,1.0,0.5578858913022596
9nxe_chainA,518,3,0.0766458585858345,Cryptic,0.6412981152534485,0.7969226837158203,1575.0,1,3,0.6042186591349519,4,0.5156093336464835,18.190522854311936,17.51576246271678,-11.69638061061058,18.46022774938155,16.934608742589763,-11.407291627830096,24.077526138209876,24.0487272425469,0.028798895662976776,True,False,False,4,0.5878527717293327,0.40876008085583604,0.6929058463186741,0.4198213250841945,0.4663524426480578,0.31226672179626347,0.647685462377997
9nxe_chainA,519,15,0.002027984941378236,Cryptic,0.5592681169509888,0.8995216488838196,145.0,1,3,0.5503466448768864,5,0.5176143253064672,32.293577675190946,-8.401440744512424,-32.55497528935646,25.348878860473633,-10.30323600769043,-32.892940521240234,19.963745166269927,17.398098351623826,2.565646814646101,True,False,False,6,0.1958475233429274,0.5469582041125666,0.5422461345134432,0.5685114527742067,0.6349854965301114,1.0,0.783091851446946
9nxe_chainA,1524,20,0.011001242324709892,Cryptic,0.667780876159668,0.9927060604095459,511.0,1,3,0.8016512054969269,6,0.5151041179237139,14.705712948737267,0.923192780623326,-36.835258205737055,12.539824485778809,6.666883945465088,-33.84056854248047,6.988131512940251,5.639109014077945,1.3490224988623059,True,False,False,3,0.4297193711627075,0.6484320845480557,0.5175031219039931,0.3443991192588261,0.3613633634580909,1.0,0.5578858913022596
9nxe_chainA,4521,25,0.012427055276930332,ActiveSite,0.6662980914115906,0.9882294535636902,525.0,1,3,0.6042186591349519,3,0.503085086789427,18.139627068506396,17.438577035154626,-11.679538680438956,18.589217751892157,17.534835463239773,-11.536740043344412,24.052730146982015,24.23371908849888,-0.1809889415168655,False,False,False,4,0.5883763450212655,0.38757230986546476,0.6929058463186741,0.4198213250841945,0.4652022357170685,0.1937334424255881,0.647685462377997
9nxe_chainA,3530,26,0.08884473890066147,Cryptic,0.6662980914115906,0.7899745106697083,1575.0,1,3,0.6042186591349519,4,0.5507536449726679,18.139797160248317,17.439563054769017,-11.679840331434876,14.943243980407715,13.724077224731445,-4.747575759887695,24.05296446585411,29.122205736879316,-5.069241271025206,False,False,False,2,0.16253871437421386,0.5416450441750944,0.7464511240055415,0.540938027203083,0.9039835257945994,1.0,0.44211410869774026
9nxe_chainA,1528,27,0.01568979024887085,Cryptic,0.6412981152534485,0.8344883918762207,525.0,1,3,0.6042186591349519,4,0.5301297301886031,18.13599539934173,17.43626295451953,-11.679413158578473,16.643646240234375,14.004018783569336,-3.750554323196411,24.05164009061475,30.035291869389578,-5.983651778774828,False,False,False,1,0.12382935127093209,0.7915903281303325,0.9636923258579457,0.5292553395032883,0.0,1.0,0.2789429456511298
9nxn_chainB,507,1,0.006962402258068323,Cryptic,0.7716158032417297,0.4743025600910187,354.0,1,4,0.5456128682489264,6,0.486530795135323,10.133019185594863,-38.92540837282424,36.60996051004036,9.582709860295157,-38.91679515537679,36.18821472913969,19.943961969420894,20.47968314011744,-0.5357211706965472,False,False,False,10,0.4280641174944345,0.4493855319703065,0.5856349071874001,0.4492123170290142,0.45245711852509346,0.3305018910378078,0.9649840459813438
9nxn_chainB,1,2,0.0,Unknown,0.4540725350379944,0.5373905301094055,58.0,1,4,0.5848639668119487,4,0.5465496658166042,-6.492651451024115,-20.78342910431626,32.788319392426715,-6.6944721899541335,-20.48775671156021,32.722998481993415,32.51495641640139,32.78958389423834,-0.2746274778369511,False,False,False,9,0.4404113947044458,0.6065052459240406,0.6205769967391532,0.5488409229176673,0.4357412068841679,0.43037048189973837,0.9266284080291269
9nxn_chainB,5,5,0.007554285228252411,Cryptic,0.7545499801635742,0.523149311542511,380.0,1,3,0.6521533639398565,6,0.5801972436691992,21.353844908420875,-43.59568221502652,48.180230570609844,25.27880096435547,-41.15003204345703,45.372825622558594,14.885638375969192,15.991832897735069,-1.106194521765877,False,False,False,5,0.15710223469924972,0.7304602825548254,0.6874390604658444,0.5245334565639496,0.8268341417888673,1.0,0.7210570543488701
9nxn_chainB,1509,9,0.01981194131076336,Cryptic,0.5044828653335571,0.5666950345039368,559.0,1,3,0.7065545094264665,4,0.515503508077257,15.56651637348926,-20.07307130978449,38.52575641408421,11.684372901916504,-24.456777572631836,36.590579986572266,18.39441189837105,18.696671646571083,-0.3022597482000329,False,False,False,8,0.18005953772080852,0.5148544576958314,0.5678435421817328,0.5329129870980979,0.6762900108691512,1.0,0.8842282173954806
9o9i_chainA,4,1,0.02992039918899536,Cryptic,0.66121506690979,0.5554456114768982,271.0,1,7,0.44061694197684026,11,0.5118266145820805,-27.175315697668367,25.065529006582782,-18.503620374292687,-26.32551002263205,30.534532925677052,-18.598258104495265,16.072258189665494,19.05262239723558,-2.980364207570087,False,False,False,10,0.43349445959212785,0.6199365519838151,0.522719726831484,0.4897415332279782,0.4540093963564844,0.25288994003353504,0.9649840459813438
9o9i_chainA,507,2,0.0,Cryptic,0.5352538824081421,0.4698486328125,68.0,1,4,0.6596037832125538,5,0.4920380123132989,-18.014466766540366,8.142004981167087,-17.07367264980412,-20.71103385548729,9.337841172868547,-17.851805998626133,26.581663133939713,23.588451782058122,2.993211351881591,True,False,False,10,0.38356259600702475,0.4854873489173741,0.5571103311801587,0.44813702177885767,0.466178309894579,0.5148100443223882,0.9649840459813438
9o9i_chainA,1,5,0.11681929230690002,ActiveSite,0.828298032283783,0.5046496391296387,656.0,1,4,0.6095860956146658,7,0.5052646159896405,-35.11376846852159,19.46029901446893,-12.843359682114922,-40.00966262817383,18.160173416137695,-9.617785453796387,15.595069145135263,18.374759340719866,-2.779690195584603,False,False,False,6,0.20213668978923804,0.4861666832457993,0.5208067062361104,0.507031922114106,0.7549356655795936,1.0,0.783091851446946
9o9i_chainA,1,5,0.11681929230690002,ActiveSite,0.828298032283783,0.5046496391296387,656.0,2,3,0.7014278693613093,4,0.5688936120676149,-43.942640403382114,17.92001641992482,-17.955724786344305,-44.48854136123563,18.134270067417056,-17.17554255433342,11.194294127042088,12.084401890100391,-0.8901077630583032,False,False,False,8,0.4740810342655719,0.651533762510736,0.7208745687743183,0.5449382091255203,0.4489578967043502,0.2678953566008677,0.8842282173954806
9o9i_chainA,1510,7,0.02039995975792408,Cryptic,0.828298032283783,0.6292945742607117,218.6666717529297,1,4,0.6095860956146658,6,0.5396836429441328,-35.09055549426341,19.508575660898824,-12.827699897824646,-35.79795455932617,16.801706314086914,-5.802842617034912,15.614668229111503,22.5690273342286,-6.954359105117097,False,False,False,4,0.386330698006643,0.5345614587672073,0.5407692772054504,0.5186303788446821,0.573483800380671,1.0,0.647685462377997
9o9i_chainA,4001,9,0.12840285897254944,Cryptic,0.828298032283783,0.5711053609848022,656.0,1,4,0.6095860956146658,7,0.5234017318617383,-35.10170716100997,19.501380923233835,-12.818296291745227,-39.46969223022461,17.403467178344727,-7.565247058868408,15.62103054693984,20.48430683878076,-4.86327629184092,False,False,False,5,0.16491934075310347,0.5259504318982784,0.5658033822541885,0.5134069318789989,0.8858843307750054,1.0,0.7210570543488701
9o9i_chainA,4000,11,0.023745153099298477,Allosteric,0.6083232760429382,0.5607159733772278,194.0,1,4,0.5580864616698834,3,0.5576827587967644,-41.424781358344326,16.816829008212252,-19.906010416037436,-46.34895324707031,14.110696792602539,-20.447599411010742,8.871101320878878,11.875163926368343,-3.004062605489464,False,False,False,4,0.2321034659296352,0.5823793095184537,0.7576470541166951,0.5773438759148122,0.5436630206368641,1.0,0.647685462377997
9o9i_chainA,3512,12,0.0,Cryptic,0.66121506690979,0.6207398176193237,271.0,1,4,0.616505536447329,4,0.5045736431434398,-26.76549921351156,29.998532338604186,-20.160761133663513,-28.05300903939072,30.95327118734878,-21.75363020473453,17.72818012047551,16.788334430624563,0.939845689850948,True,False,False,8,0.41408976599843156,0.6384030682453211,0.5623046578119477,0.4850623687458758,0.44548609433832037,0.1418092563665031,0.8842282173954806
9o9i_chainA,4005,13,0.0,Unknown,0.512814998626709,0.5327818393707275,57.0,1,4,0.6090997644422793,6,0.5195848131716954,-27.72189844241943,24.455343206245487,-20.454541383001853,-27.711522990288394,24.69311114959146,-21.58097947346033,14.383034681310688,13.921891060166066,0.4611436211446218,True,False,False,11,0.4054258545046322,0.6012721747309328,0.5503782875451311,0.5003392258145545,0.47326282748269444,0.36542175010964684,1.0
9o9i_chainA,4005,13,0.0,Unknown,0.512814998626709,0.5327818393707275,57.0,2,3,0.7101857632104007,4,0.516503964023492,-32.53445723273795,23.761095826048003,-24.999456231714245,-29.234136784590934,23.081909191182508,-25.203359619047994,8.181613960052074,10.774446777075514,-2.5928328170234405,False,False,False,9,0.39548589165990855,0.5765525833797801,0.5407267502133822,0.4918703692648088,0.4483357388082885,0.5583109278013489,0.9266284080291269
9ohy_chainB,4002,5,0.024250710383057594,Unknown,0.49733465909957886,0.5424827337265015,85.0,1,5,0.6765282914434916,7,0.5378257864649532,20.773870437735386,-29.738442336406493,-15.364901942334617,19.78179375472004,-31.03210957328403,-17.419954234569065,15.018343314168007,15.52603036622397,-0.5076870520559638,False,False,False,8,0.40893058814443517,0.5912016034299687,0.7151883433710706,0.5509476743981161,0.45233141918112385,0.21588631608453268,0.8842282173954806
9ohy_chainB,4001,8,0.0,Unknown,0.5884119868278503,0.48587027192115784,62.0,1,4,0.5688797685243474,4,0.5815769298680132,13.068192681648846,-19.018639654728194,-4.5666081712822795,13.808299266999823,-18.6223456576694,-4.728556444075386,17.462133974355595,17.02522776589065,0.43690620846494355,True,False,False,5,0.4956137436207649,0.6306435965984457,0.7101558985588905,0.5807884937524795,0.4398018797133314,0.5101950092795251,0.7210570543488701
9qng_chainA,507,1,0.03477148339152336,Cryptic,0.5869463086128235,0.5272281765937805,1840.0,1,3,0.5753735483422912,6,0.5326838271040174,26.990611938179246,8.875863211814693,-2.8839165041568813,25.46508026123047,13.619443893432617,-2.3684473037719727,22.663169173938076,21.88669148455565,0.7764776893824248,True,False,False,13,0.24992877608173325,0.48876323973971403,0.5779858900324369,0.5504320826668005,0.6284167946393192,1.0,1.0
9qng_chainA,507,1,0.03477148339152336,Cryptic,0.5869463086128235,0.5272281765937805,1840.0,2,6,0.4667133405903526,11,0.5186457811928339,28.08353865177826,10.462895309847003,-8.119224919395544,25.46508026123047,13.619443893432617,-2.3684473037719727,18.446611752628577,21.88669148455565,-3.4400797319270744,False,False,False,13,0.24992877608173325,0.48876323973971403,0.49999674608141703,0.5504320826668005,0.6284167946393192,1.0,1.0
9qng_chainA,507,1,0.03477148339152336,Cryptic,0.5869463086128235,0.5272281765937805,1840.0,3,7,0.4881761963443322,13,0.5403363656243755,26.540528001537886,11.256480774871203,0.4249021517069198,25.46508026123047,13.619443893432617,-2.3684473037719727,23.87857986267642,21.88669148455565,1.9918883781207697,True,False,False,13,0.24992877608173325,0.48876323973971403,0.6204999929233146,0.5504320826668005,0.6284167946393192,1.0,1.0
9qng_chainA,2,2,0.034839000552892685,ActiveSite,0.5194580554962158,0.5121743083000183,1840.0,1,7,0.4881761963443322,13,0.5731694738170345,26.409624109868357,11.06441540766956,0.558151795845263,23.713005856712535,15.402930020957893,1.076047360783876,24.12794775951252,24.848917216628458,-0.7209694571159382,False,False,False,8,0.4074531133586368,0.6282155039797854,0.5990106951374112,0.5262810019924824,0.48900643132304505,0.9228383767056394,0.8842282173954806
9qng_chainA,2,2,0.034839000552892685,ActiveSite,0.5194580554962158,0.5121743083000183,1840.0,2,3,0.5442431039754194,6,0.5458174986223137,28.600972504500227,11.264644934422954,-6.198501633086784,23.47342300415039,15.351503372192383,0.183119997382164,18.54085147105091,24.436666709488474,-5.895815238437564,False,False,False,9,0.3711981374245995,0.6362343532062674,0.46958692328643953,0.5160019484170243,0.4606569665941697,1.0,0.9266284080291269
9qng_chainA,505,6,0.1115419790148735,Cryptic,0.5866591930389404,0.4586273431777954,1840.0,1,6,0.5161916778052164,9,0.551814648142487,25.90508626419471,10.830857166370516,2.7424212708914153,24.979502708045906,14.940562852295605,1.7924883407408516,26.03915206520698,24.601335174215382,1.4378168909915985,True,False,False,9,0.39719149792835123,0.6367451875702068,0.5421155120627007,0.46790146455454806,0.49238449278836155,0.873210784933358,0.9266284080291269
9qng_chainA,4,7,0.03248501196503639,ActiveSite,0.6610003113746643,0.4712466895580292,1367.0,1,3,0.4853972205675682,7,0.46885873074014595,31.91299797003533,9.010692930058624,9.639945248526752,28.58897540377575,5.717147701416186,9.927446280545588,29.588395546655924,32.44325103630386,-2.854855489647939,False,False,False,15,0.2609909034027917,0.522609830191023,0.4544952513028473,0.5044115368208016,0.6441493738818101,0.3538431338749928,1.0
9qng_chainA,4,7,0.03248501196503639,ActiveSite,0.6610003113746643,0.4712466895580292,1367.0,2,3,0.6736124185220185,6,0.47666026643354636,27.432208094360824,7.9274449691294,8.755551043257377,26.909470588854962,7.545459401661045,9.612023947022205,30.997379809964293,32.067391106716634,-1.070011296752341,False,False,False,14,0.2526663540894973,0.5510473019492759,0.5278934149864688,0.5115170684310474,0.5799345091686378,0.2993412071259437,1.0
9qng_chainA,4518,8,0.026388613507151604,ActiveSite,0.5194580554962158,0.7270820140838623,613.3333129882812,1,6,0.5161916778052164,10,0.5526442062157737,25.755627543197114,10.849195814698643,2.8028847425139287,22.220346450805664,16.519634246826172,1.2626044750213623,26.162177171301792,25.814203414563067,0.34797375673872466,True,False,False,6,0.2448116811956359,0.7658901106697398,0.5242793724320282,0.44619318232871596,0.6579559181216614,1.0,0.783091851446946
9qng_chainA,4508,9,0.012638222426176071,ActiveSite,0.6610003113746643,0.7086837887763977,455.6666564941406,1,3,0.5808285163415682,2,0.46552968651652393,22.8249202702054,0.8186803718189398,12.551003433542608,29.77238655090332,2.499826431274414,19.02008819580078,39.320114745388125,41.03246325614019,-1.712348510752065,False,False,False,10,0.19421527926692278,0.6399766573046592,0.3713386630616694,0.21131687575540187,0.7202182626049858,1.0,0.9649840459813438
9qng_chainA,4508,9,0.012638222426176071,ActiveSite,0.6610003113746643,0.7086837887763977,455.6666564941406,2,3,0.7269966043325182,5,0.5090575056853526,24.209623503991363,-0.2806294973535593,17.164836948516086,24.54222930396361,0.3958879092013228,16.872724212780987,42.7298448431177,42.03703863336435,0.6928062097533498,True,False,False,12,0.3601477268582891,0.5963653084601416,0.5507050009908626,0.4523800259912356,0.47031457411950645,0.49728325426330267,1.0
9qng_chainA,4510,10,0.03282015770673752,ActiveSite,0.5866591930389404,0.5004001259803772,613.3333129882812,1,4,0.44693617452516265,6,0.5213808979115958,27.06248239391857,9.180275751669328,-6.037842964627686,23.437801361083984,12.88722038269043,1.5010981559753418,20.807104185145704,26.010988211984206,-5.203884026838502,False,False,False,11,0.3303144257749162,0.5930056995392747,0.44159560126817915,0.48353393288055313,0.4665165832860013,1.0,1.0
9qng_chainA,4510,10,0.03282015770673752,ActiveSite,0.5866591930389404,0.5004001259803772,613.3333129882812,2,8,0.4610638565061977,11,0.5465412478451523,25.74820558675097,9.740631736118628,3.188026576592139,25.265112830157946,12.873948986144327,3.5842334670562437,26.89027230684039,26.30516406231711,0.5851082445232798,True,False,False,10,0.3717800509494829,0.5754938693055738,0.5828622725372468,0.5318008096635012,0.5012715598593732,0.7690794981184654,0.9649840459813438
9qng_chainA,4507,11,0.09085509926080704,Cryptic,0.5869463086128235,0.5031033754348755,1840.0,1,9,0.44799068295196987,17,0.565451515004438,25.468556476621366,9.266657513057703,4.403272878965758,22.98379135131836,12.45333194732666,2.6850013732910156,28.111775279402636,27.24686285215552,0.8649124272471163,True,False,False,9,0.3850654407082643,0.5736772667901571,0.5926360023465493,0.5408244975871144,0.48762535438649635,1.0,0.9266284080291269
9qng_chainA,4511,12,0.01917206309735775,ActiveSite,0.5866591930389404,0.6180766820907593,613.3333129882812,1,9,0.4479906829519699,14,0.5565450646115038,25.479031759151532,9.2258580835457,4.40809251688172,22.043193817138672,13.843289375305176,2.9733681678771973,28.126615023462968,27.67556203278288,0.4510529906800862,True,False,False,8,0.2948208287038586,0.5835449758925085,0.6217736281575871,0.541834126613993,0.562549463476975,1.0,0.8842282173954806
9qng_chainA,3521,13,0.06387368589639664,Cryptic,0.5869463086128235,0.5696819424629211,1840.0,1,7,0.4881761963443322,13,0.5763914338255779,26.416327916593108,11.066475377578433,0.5546441035087522,22.14829444885254,14.251264572143555,0.2364112287759781,24.120643999567704,25.711943805015945,-1.5912998054482408,False,False,False,7,0.29603405735722593,0.6118585316322999,0.6430048729108359,0.5293411699788911,0.7069464756514121,1.0,0.8368288369533894
9qng_chainA,3521,13,0.06387368589639664,Cryptic,0.5869463086128235,0.5696819424629211,1840.0,2,3,0.5442431039754194,6,0.5463138477825625,28.568385480269008,11.24287500384711,-6.207998933260936,22.14829444885254,14.251264572143555,0.2364112287759781,18.569436121508875,25.711943805015945,-7.14250768350707,False,False,False,7,0.29603405735722593,0.6118585316322999,0.4759071726718611,0.5293411699788911,0.7069464756514121,1.0,0.8368288369533894
9qng_chainA,1507,14,0.017319053411483765,Cryptic,0.6610003113746643,0.5641791224479675,455.6666564941406,1,4,0.542775416480426,10,0.454396936574587,32.23905492776185,10.463042122254866,8.69202334378185,28.564116694446934,7.489664665974565,8.37685655859026,28.095234501617682,30.406090381627084,-2.3108558800094023,False,False,False,11,0.26140766894369893,0.48853494818827686,0.4224875636745177,0.5001011859057288,0.7022156301196435,0.25237988817356805,1.0
9qng_chainA,4509,15,0.013198171742260456,ActiveSite,0.6610003113746643,0.6911365985870361,455.6666564941406,1,3,0.5808285163415682,2,0.4530160734350507,22.791459353319077,0.8654161922505009,12.535742539937127,22.42987164327431,0.6998306053653498,13.19323171588988,39.30059140649908,40.02830226150011,-0.7277108550010283,False,False,False,11,0.3465511813272864,0.5181311735969218,0.4429947568612889,0.48393341999587475,0.462828724721323,0.18237541843733318,1.0
9qng_chainA,4509,15,0.013198171742260456,ActiveSite,0.6610003113746643,0.6911365985870361,455.6666564941406,2,3,0.7269966043325182,5,0.47725027749210897,24.229912758061346,-0.26894227994876874,17.13722796941637,25.293928764031577,0.4398742041990283,15.974552460952072,42.69471354545456,41.02658619228625,1.668127353168309,True,False,False,14,0.3073667763277516,0.5876135621173929,0.5135959728003201,0.41524958991368016,0.49022211958150924,0.40071596145103794,1.0
9qng_chainA,3519,16,0.06411242485046387,Cryptic,0.6610003113746643,0.5339054465293884,1367.0,1,4,0.542775416480426,10,0.4570692308412577,32.26579917750285,10.49003663580009,8.692300374359546,28.563765805519573,7.49003993677985,8.377407087889349,28.076869840024727,30.406503958857577,-2.3296341188328498,False,False,False,9,0.2674014001149906,0.47012660705110476,0.4445464361326126,0.48560101241908143,0.6781726991276681,0.3857766085470363,0.9266284080291269
9qnh_chainA,508,1,0.004224745556712151,Cryptic,0.8157569169998169,0.488459974527359,270.0,1,6,0.5829774068581512,13,0.49837192225514637,-26.245237261447773,22.271156033430085,-11.946333665682422,-25.86719512939453,22.670589447021484,-10.377182006835938,29.16105274038698,28.445237536959805,0.7158152034271765,True,False,False,9,0.3853225993650368,0.59349442890758,0.5359880198851713,0.43768086277244783,0.4280659752363308,0.450725901114423,0.9266284080291269
9qnh_chainA,510,4,0.0021769029553979635,Cryptic,0.6898545622825623,0.6522933840751648,217.0,1,3,0.6976243524362242,1,0.5346530720085504,-26.57379230814007,32.456765008295605,-1.6492455236767347,-26.854073940668627,32.24004427748537,-1.6521587357100518,29.84807496816765,30.06290316566971,-0.21482819750205806,False,False,False,9,0.4551226472817816,0.6177153445770976,0.5668328615049529,0.29354492767999757,0.47530148172545245,0.843169938168722,0.9266284080291269
9qnh_chainA,4,5,0.002360666636377573,Cryptic,0.6660350561141968,0.7685481905937195,217.0,1,3,0.4589562274162458,3,0.43797111621192986,-26.227727260504484,26.16347961288446,-7.574671229458971,-25.719956097786984,26.311131385408128,-7.308764489065235,28.39206991746722,27.874089306592623,0.5179806108745986,True,False,False,8,0.44528738594584205,0.5319582676263072,0.3799868985332752,0.336255556127274,0.44254817932374785,0.20065329344520177,0.8842282173954806
9qnh_chainA,5,6,0.0,Unknown,0.5290133953094482,1.0,87.0,1,3,0.6569941679183712,2,0.5068472739725829,-10.684370108908483,34.21047514849923,-4.970013197121198,-10.6394364560832,34.72718622074838,-4.562305466314249,15.789999513049755,16.081244893610503,-0.29124538056074734,False,False,False,9,0.3024885147653369,0.6504003937056341,0.5246043296173583,0.30648252579375757,0.5104094672221146,0.9047371586568829,0.9266284080291269
9qnh_chainA,507,7,0.0,Cryptic,0.5983368754386902,0.4363425076007843,89.0,1,5,0.5076672186291554,10,0.5699524844900896,-32.16985487245387,17.01455042478704,-3.4050493591209507,-34.801369626851105,21.301223070684777,-5.8166677479320485,35.174288604120655,37.030826112096115,-1.8565375079754602,False,False,False,5,0.5265503857373285,0.6104840244213012,0.6786823864672761,0.5123741001257944,0.40624218268236023,0.5809118636993451,0.7210570543488701
9qnh_chainA,4001,8,0.07259376347064972,ActiveSite,0.6243064999580383,0.4903157949447632,2896.0,1,3,0.7118413005892535,3,0.5437851946652078,-24.97262427486454,7.355365829343183,-8.25938272204581,-25.251721795258575,7.320992781256739,-8.540589287304359,32.34086697312342,32.6187568622728,-0.2778898891493782,False,False,False,9,0.39294896549393266,0.525833019144033,0.5825016271068744,0.5637238042222128,0.44410167390613875,0.8360449967285101,0.9266284080291269
9qnh_chainA,3514,9,0.06424632668495178,Cryptic,0.6243064999580383,0.6110804080963135,2896.0,1,3,0.7118413005892535,3,0.521827915772471,-24.995495648291538,7.376372562520689,-8.219901366024718,-24.929756356287818,7.291318818930365,-8.51007902754268,32.34515083109657,32.36291107904808,-0.01776024795151443,False,False,False,9,0.3986551316829914,0.5192230761507677,0.5825016271068744,0.5637238042222128,0.44476740815333604,0.5207400880974018,0.9266284080291269
9qnh_chainA,1512,10,0.028684256598353386,Cryptic,0.6243064999580383,0.4772616922855377,965.3333129882812,1,8,0.393144666945135,20,0.5249967591050217,-28.622893055088547,13.649418035740561,-2.906967511597398,-26.665807161259117,12.966767323189384,-3.2266122947226368,32.7658936868283,31.17172915699665,1.594164529831648,True,False,False,10,0.2896609588575023,0.5315904815721868,0.6600497272424473,0.5436433070898057,0.5870910747047048,0.5201406122462391,0.9649840459813438
9qnh_chainA,1512,10,0.028684256598353386,Cryptic,0.6243064999580383,0.4772616922855377,965.3333129882812,2,3,0.7118413005892535,3,0.5376470600748842,-24.996124007244457,7.375319133179716,-8.22257353772789,-25.157969274421077,7.293096389008944,-8.63746126347895,32.346478895997976,32.56484575348136,-0.2183668574833817,False,False,False,12,0.3301546336479973,0.5458503125640637,0.5977306082975166,0.5590466598669689,0.48367361892827687,0.7690506931636621,1.0
9qnh_chainA,4513,11,0.025788811966776848,ActiveSite,0.6243064999580383,0.8439634442329407,965.3333129882812,1,6,0.5236348697420092,13,0.523031677177738,-27.6144949697409,12.386471751507239,-0.43278437170090384,-27.682013452183924,12.681853530084398,-2.103695806867787,32.57677310284961,32.31280082810922,0.2639722747403894,True,False,False,10,0.3571717741149648,0.507052096248606,0.6860001760989873,0.5407561391592026,0.4500967610914731,0.4662877109845801,0.9649840459813438
9qnh_chainA,4513,11,0.025788811966776848,ActiveSite,0.6243064999580383,0.8439634442329407,965.3333129882812,2,3,0.7118413005892535,2,0.5307611232130001,-24.997061242524545,7.376104051821347,-8.221130540793647,-25.089356718455228,7.347644450154189,-8.501726524883926,32.34671223839362,32.46483413884397,-0.11812190045034754,False,False,False,9,0.3953233583100556,0.521090596501829,0.5825016271068743,0.5637238042222129,0.4449797645552578,0.6541414215206776,0.9266284080291269
9qnh_chainA,4512,12,0.02636939100921154,ActiveSite,0.6243064999580383,0.4522961676120758,965.3333129882812,1,3,0.7118413005892535,3,0.5385576548283803,-24.99145004630661,7.375769467026822,-8.219713302065646,-25.179154565237784,7.356333572682102,-8.572146554387981,32.34207802303436,32.54203136173323,-0.19995333869886878,False,False,False,10,0.3803323492878577,0.5181331223234207,0.5993172340286272,0.5617492479085923,0.46862902854092064,0.7254597084417624,0.9649840459813438
9qnh_chainA,4512,12,0.02636939100921154,ActiveSite,0.6243064999580383,0.4522961676120758,965.3333129882812,2,4,0.6308942915281803,10,0.5285498194375995,-30.805443748329616,17.267981496366225,-7.066957036255574,-30.340088518071095,17.301946380551833,-9.378356062264068,33.77133037377809,33.50557291258992,0.2657574611881728,True,False,False,7,0.32952219660270377,0.6235627427661267,0.6138790265586226,0.4680178630245269,0.7529552381193289,0.317627073937807,0.8368288369533894
9qnh_chainA,4511,13,0.02060629241168499,ActiveSite,0.6243064999580383,0.6629576086997986,965.3333129882812,1,3,0.7118413005892535,3,0.5289457824757773,-24.98642768402738,7.371527435786345,-8.22752857644234,-23.616477003573845,7.193818141060367,-8.10275303720929,32.34085592245192,31.293648390325995,1.0472075321259275,True,False,False,9,0.4015829401961774,0.4986700067860621,0.5825016271068744,0.5637238042222129,0.44597085832166705,0.6693895383295406,0.9266284080291269
9qnh_chainA,4508,15,0.002682329621165991,Cryptic,0.8157569169998169,0.538357138633728,270.0,1,7,0.5320587741226757,22,0.5973656091324708,-20.828392430963074,22.82518896413116,-12.604665947886785,-17.31771724351949,22.241505373024882,-11.677364878114906,24.074481379111575,20.5308006868625,3.543680692249076,True,False,False,4,0.568781819417221,0.7308928450941873,0.6839129386218359,0.5711710134521127,0.45331201907105273,0.32103196176038107,0.647685462377997
9qnh_chainA,4507,16,0.0,Cryptic,0.5983368754386902,0.49385592341423035,89.0,1,4,0.5766777392456505,6,0.508392589681007,-35.60473290417969,18.714695862842586,-2.9503927714869422,-35.64235748177268,18.862877722591552,-5.31572189448176,38.239724721540696,38.17411444607581,0.06561027546488418,True,False,False,6,0.5069332863162805,0.47630306733553707,0.5633987689812371,0.45664136203891953,0.4269868452761553,0.5020044865025648,0.783091851446946
9qni_chainA,509,1,0.0,Cryptic,0.49061086773872375,0.5117431879043579,2876.0,1,3,0.6900712634850629,3,0.5246126044905598,-25.18081072689222,-5.66009133921192,9.350705139689456,-25.02969078088611,-5.841519583907219,9.238550902233593,31.6684291371602,31.50994055049623,0.15848858666397092,True,False,False,9,0.43457926485915843,0.4539566063662435,0.672345858655975,0.5560027410586675,0.42632946104632524,0.4367885716794555,0.9266284080291269
9qni_chainA,509,1,0.0,Cryptic,0.49061086773872375,0.5117431879043579,2876.0,2,3,0.5730357196827982,7,0.5058261919818191,-27.248863431077755,-7.018001024089753,8.600558202735654,-23.81250313259175,-4.618421753319561,10.409028112170965,29.643273162416108,33.38843222780114,-3.7451590653850317,False,False,False,9,0.45696307459460683,0.5217212165325217,0.5108793125706157,0.5560956865549086,0.4556799416047336,0.2711115728454744,0.9266284080291269
9qni_chainA,1,2,0.11491753160953522,ActiveSite,0.5969634652137756,0.5345813632011414,2876.0,1,6,0.6236411849546488,9,0.5622711368699916,-24.832153332899995,-3.6549767138244493,11.63051102305426,-23.130615933186537,-5.44437182050222,11.626429555122872,34.41530657085016,33.3886628807658,1.026643690084363,True,False,False,9,0.4077478549100571,0.536705480799483,0.7374751610914969,0.5560956865549086,0.4853576385422421,0.5783218918677995,0.9266284080291269
9qni_chainA,1,2,0.11491753160953522,ActiveSite,0.5969634652137756,0.5345813632011414,2876.0,2,3,0.5730357196827982,7,0.5289881991698044,-27.25071531513854,-7.0342395889718405,8.58390582072886,-23.80875928760661,-4.621083814080283,10.405463492187847,29.62206216756588,33.385909346953746,-3.7638471793878665,False,False,False,9,0.4568444407330918,0.5217144657960581,0.5108793125706157,0.5560956865549086,0.45569818034917514,0.602397366954011,0.9266284080291269
9qni_chainA,3,3,0.0019847543444484472,Unknown,0.5524132251739502,0.529249370098114,141.0,1,14,0.44525807033190606,24,0.532797517534195,-21.88260297421863,-22.186138869754036,15.35944057340345,-21.62227893129149,-21.640724919220737,14.819234935209913,24.462626364505034,24.469912128978358,-0.007285764473323297,False,False,False,12,0.26820486364382906,0.48517050066752265,0.632125058513025,0.5715028940512272,0.6549152057564327,0.7239965138569617,1.0
9qni_chainA,0,4,0.0,Unknown,0.5420923233032227,0.5096822381019592,137.0,1,3,0.7412557016867458,3,0.5062615495185847,-34.60929019908004,-25.550192598812988,3.7773544843304325,-34.537610864194775,-25.387829915393702,4.143390257601634,10.209669068744601,10.55962312832867,-0.34995405958406955,False,False,False,8,0.4559048330774823,0.5659402473691145,0.5405582864470896,0.38223936090105043,0.4784916584133484,0.4733853441487553,0.8842282173954806
9qni_chainA,2,5,0.003807221772149205,Cryptic,0.6702662110328674,0.6846726536750793,203.0,1,7,0.4665811868162079,15,0.534664930126105,-28.418198916008524,-25.509038944456933,4.4498502579351396,-29.897578984207225,-24.389733020235077,4.929382347748748,12.10548375590661,12.570757021029806,-0.4652732651231961,False,False,False,9,0.33663993716784363,0.6254732928207372,0.6531905893558676,0.5154728500815072,0.5386054386836622,0.40763943249650303,0.9266284080291269
9qni_chainA,4,8,0.0017006800044327974,Unknown,0.5605071783065796,0.625953197479248,122.0,1,8,0.5220395640383815,15,0.5159885171054361,-27.45342748012091,-9.54225733418102,-5.513390210811914,-25.21607035217115,-10.761490971019843,0.8916009347496419,25.21975064706158,24.801873948307733,0.41787669875384736,True,False,False,8,0.3863774982795586,0.5900867369485938,0.6000511761788374,0.521127578929595,0.4680741062379288,0.32617320420186424,0.8842282173954806
9qni_chainA,5,9,0.0,Cryptic,0.4838300943374634,1.0,112.0,1,4,0.5240921141598115,4,0.45243076929239295,-13.482295956572576,-33.23330552762323,6.023843092262424,-15.520689964294434,-38.52245330810547,9.56036376953125,22.344614503532288,22.690173168764865,-0.34555866523257706,False,False,False,7,0.24844315769422934,0.5519296328791875,0.4034145401624681,0.24041979119979912,0.5949525920105878,1.0,0.8368288369533894
9qni_chainA,7,11,0.0,Unknown,0.6595833897590637,0.712959349155426,65.0,1,3,0.706258411196296,7,0.5023384546830025,-4.95556978126159,-31.954801673261684,1.9515791614867053,-3.638178821389978,-33.95337692350723,2.108629724110134,29.585121501660083,30.863892714588445,-1.278771212928362,False,False,False,4,0.48118928912789893,0.4375327502283224,0.7680145502619216,0.4245605900024838,0.34164404395591336,0.3803640612086836,0.647685462377997
9qni_chainA,4510,12,0.027251506224274635,ActiveSite,0.5969634652137756,0.45104101300239563,958.6666870117188,1,8,0.5402996579541346,12,0.5764037434658148,-24.465174482310815,-2.2179243205639434,12.755380984207616,-22.527889251708984,-3.1233043670654297,11.389168500900269,36.22917908577092,35.47115114451636,0.7580279412545607,True,False,False,9,0.4400728921692571,0.5609929176399683,0.7682313904063847,0.5466077956888411,0.43833924390334594,0.6097631920292101,0.9266284080291269
9qni_chainA,4510,12,0.027251506224274635,ActiveSite,0.5969634652137756,0.45104101300239563,958.6666870117188,2,3,0.5730357196827982,6,0.534480025466171,-27.424858995422127,-7.098823252338501,8.552071797719337,-24.04833875293962,-5.164490461893701,10.089071059646393,29.511936797314306,32.717598819343955,-3.2056620220296494,False,False,False,9,0.4500466607635587,0.5163877847969567,0.5108793125706157,0.5560956865549087,0.44698326563853813,0.7318276692388467,0.9266284080291269
9qni_chainA,1513,13,0.013312355615198612,Cryptic,0.49061086773872375,0.8371591567993164,958.6666870117188,1,9,0.5242725767383898,14,0.5702646299650499,-24.116224756984973,-1.6108610074619136,13.815501462641398,-23.485806254756373,-5.41714936648329,11.713714149809578,37.29979816587985,33.332937402914155,3.9668607629656947,True,False,False,9,0.4187012374611918,0.5333337167166644,0.7308113842460874,0.5560956865549086,0.4734051013458126,0.6988042868844613,0.9266284080291269
9qni_chainA,1513,13,0.013312355615198612,Cryptic,0.49061086773872375,0.8371591567993164,958.6666870117188,2,3,0.5730357196827982,6,0.5268296563353022,-27.425950399561124,-7.1011505924782865,8.549855495973942,-24.073815491179104,-5.179200606991675,10.100074724561596,29.508769558280083,32.701127406580774,-3.1923578483006914,False,False,False,9,0.45019764769486526,0.5163463330223089,0.5108793125706157,0.5560956865549086,0.44674367297285505,0.6224797210547812,0.9266284080291269
9qni_chainA,4514,14,0.033347148448228836,ActiveSite,0.49061086773872375,0.46615099906921387,958.6666870117188,1,9,0.4836297684730705,19,0.5346548164293333,-26.90642812437288,-6.136607606448115,10.018430402650486,-24.045198383703045,-4.966684765953174,11.968682569969816,31.057410024034827,33.65056888525334,-2.593158861218516,False,False,False,11,0.36088201653930985,0.48730985747976463,0.7072491951645654,0.5590964829379862,0.44172884224466474,0.5663997762825703,1.0
9qni_chainA,4514,14,0.033347148448228836,ActiveSite,0.49061086773872375,0.46615099906921387,958.6666870117188,2,3,0.5730357196827982,6,0.5183720854509759,-27.230929688645467,-7.022940827816409,8.59167777670884,-26.295927047729492,-9.63005256652832,11.458251953125,29.639726219852314,28.837934330823252,0.8017918890290616,True,False,False,10,0.19552069259442212,0.4722542024256599,0.558563165997829,0.5642045602276962,0.6793297692807487,1.0,0.9649840459813438
9qni_chainA,1514,15,0.021844936534762383,Cryptic,0.49061086773872375,0.6145156025886536,958.6666870117188,1,7,0.6287107226935383,11,0.559511737838705,-24.385115444206782,-2.9119706108513275,12.205363745630345,-22.728888172399223,-3.2831265439108996,10.524095195850883,35.41992600127323,34.93840725526213,0.4815187460111048,True,False,False,10,0.39257915112559705,0.5788833480421044,0.7577678101070384,0.5544562619924546,0.4462833881164749,0.4503903301623783,0.9649840459813438
9qni_chainA,1514,15,0.021844936534762383,Cryptic,0.49061086773872375,0.6145156025886536,958.6666870117188,2,3,0.5730357196827982,6,0.5252053231539073,-27.281188463933763,-7.043926412710228,8.58002892807305,-24.002130890453603,-5.395675910288391,10.050221967363107,29.60481484617114,32.51598173140229,-2.9111668852311503,False,False,False,9,0.443291642571705,0.5173136205193328,0.5108793125706157,0.5560956865549087,0.44554812956582784,0.6218969337613751,0.9266284080291269
9qni_chainA,4001,16,0.05429188162088394,ActiveSite,0.5969634652137756,0.5002941489219666,2876.0,1,8,0.5402996579541346,11,0.5722154021970578,-24.475443860094074,-2.1959622648118606,12.769921566579802,-24.71001813353506,-5.323011030932927,11.030447522981126,36.251579072240645,32.75535508693775,3.4962239853028976,True,False,False,9,0.45131092489215024,0.511112141651625,0.719244696574011,0.5560956865549087,0.4449414886669794,0.7487632484622154,0.9266284080291269
9qni_chainA,4001,16,0.05429188162088394,ActiveSite,0.5969634652137756,0.5002941489219666,2876.0,2,3,0.5730357196827982,6,0.5357253493399666,-27.259808934734657,-7.048037189837233,8.57130751331774,-25.40134620666504,-8.096725463867188,11.988487243652344,29.602862150053685,30.61909585319104,-1.016233703137356,False,False,False,10,0.2435146989953852,0.5641721500319161,0.5444348422135409,0.5492543655708475,0.6031921918585085,1.0,0.9649840459813438
9qni_chainA,4511,17,0.027208931744098663,ActiveSite,0.5969634652137756,0.47495588660240173,958.6666870117188,1,7,0.6287107226935383,10,0.5603094269504934,-24.386144284280782,-2.9127200491907677,12.203062789527012,-22.68531417042496,-3.772368971340021,11.084877181436703,35.41804155392355,34.74250523270653,0.6755363212170238,True,False,False,10,0.39760715606431984,0.5558904828521218,0.7577678101070384,0.5544562619924546,0.43897245165254756,0.520685110317868,0.9649840459813438
9qni_chainA,4511,17,0.027208931744098663,ActiveSite,0.5969634652137756,0.47495588660240173,958.6666870117188,2,3,0.5730357196827982,6,0.5373578253154062,-27.288281103210124,-7.049516332958155,8.57562783161907,-25.420734405517578,-8.824831008911133,11.355175971984863,29.5965064069298,29.709554450388403,-0.1130480434586012,False,False,False,8,0.27330618468984963,0.5051114508649773,0.5941821765100659,0.5562966059986555,0.6057039121547615,1.0,0.8842282173954806
9qni_chainA,1511,18,0.01964944414794445,Cryptic,0.5969634652137756,0.6145156025886536,958.6666870117188,1,7,0.6287107226935383,11,0.5731813108251865,-24.340234790646953,-2.89068464061973,12.280793839735782,-24.66464522099237,-5.298421091162405,11.047462198747713,35.481995858967814,32.79672764016177,2.685268218806044,True,False,False,9,0.4519008211617101,0.5109024284890004,0.7405967996910133,0.5560956865549086,0.4451831659703119,0.705887960813153,0.9266284080291269
9qni_chainA,1511,18,0.01964944414794445,Cryptic,0.5969634652137756,0.6145156025886536,958.6666870117188,2,3,0.5730357196827982,6,0.5399462595414465,-27.366445546380497,-7.084604267337146,8.554940687068376,-25.347105026245117,-8.716495513916016,11.601798057556152,29.539191135101074,29.93653915067782,-0.39734801557674615,False,False,False,8,0.27549156930210317,0.5098338926014427,0.5941821765100659,0.5562966059986554,0.6168984478728247,1.0,0.8842282173954806
9qni_chainA,1510,19,0.01362534798681736,Cryptic,0.5969634652137756,0.8371591567993164,958.6666870117188,1,7,0.6287107226935383,11,0.5731813108251865,-24.340234790646953,-2.89068464061973,12.280793839735782,-24.66464522099237,-5.298421091162405,11.047462198747713,35.481995858967814,32.79672764016177,2.685268218806044,True,False,False,9,0.4519008211617101,0.5109024284890004,0.7405967996910133,0.5560956865549086,0.4451831659703119,0.705887960813153,0.9266284080291269
9qni_chainA,1510,19,0.01362534798681736,Cryptic,0.5969634652137756,0.8371591567993164,958.6666870117188,2,3,0.5730357196827982,6,0.5399462595414465,-27.366445546380497,-7.084604267337146,8.554940687068376,-25.347105026245117,-8.716495513916016,11.601798057556152,29.539191135101074,29.93653915067782,-0.39734801557674615,False,False,False,8,0.27549156930210317,0.5098338926014427,0.5941821765100659,0.5562966059986554,0.6168984478728247,1.0,0.8842282173954806
9qni_chainA,4007,21,0.0,Unknown,0.6595833897590637,0.7238339781761169,65.0,1,3,0.706258411196296,7,0.4751283851815524,-4.958864839689554,-31.954813840213937,1.9416723107825817,-3.6381788213899307,-33.95337692350719,2.1086297241101186,29.58040597188204,30.863892714588488,-1.2834867427064474,False,False,False,5,0.47034414134123315,0.43031099558373836,0.6607609392377698,0.33994324286116895,0.3850552220318292,0.4042475614528108,0.7210570543488701
9qnj_chainA,507,1,0.0,Cryptic,0.5744906067848206,0.5234817266464233,1915.0,1,10,0.44107347128121016,20,0.5323625367729862,27.036678968130634,9.37194365863202,-6.770873952318659,25.201709747314453,13.46734619140625,-2.5120151042938232,25.44638315511056,21.84234006925393,3.604043085856631,True,False,False,11,0.2620558116269583,0.5202489729925457,0.5462316700568048,0.5455374585234299,0.5981165341003337,1.0,1.0
9qnj_chainA,507,1,0.0,Cryptic,0.5744906067848206,0.5234817266464233,1915.0,2,3,0.6376976350387672,3,0.6092598493662776,25.941934761990698,18.303049851285763,-2.2729049362768627,25.951481706800816,18.29795445554276,-1.9884262339266823,17.165010606372967,17.17016472362069,-0.005154117247723633,False,False,False,5,0.5567992250249623,0.6818963189591475,0.7103865169638199,0.5447821593895539,0.4684025400701285,0.5902992326883532,0.7210570543488701
9qnj_chainA,3,2,0.054525990039110184,ActiveSite,0.5225258469581604,0.5068395137786865,1915.0,1,5,0.529873399591859,10,0.5328179586928954,27.990734842034055,10.738975010527748,-3.590167156717398,23.031530380249023,14.803741455078125,0.313983291387558,23.5314434356628,21.814119588017693,1.7173238476451083,True,False,False,7,0.40022793857607575,0.5182182669095202,0.48653514653964575,0.5392976084362172,0.47414214478132716,1.0,0.8368288369533894
9qnj_chainA,3,2,0.054525990039110184,ActiveSite,0.5225258469581604,0.5068395137786865,1915.0,2,3,0.6376976350387672,4,0.5420933709310882,25.889785880819627,18.135362717177266,-2.3186050305468973,23.031530380249023,14.803741455078125,0.313983291387558,17.33721797276836,21.814119588017693,-4.476901615249332,False,False,False,7,0.40022793857607575,0.5182182669095202,0.5380652145296062,0.5392976084362172,0.47414214478132716,1.0,0.8368288369533894
9qnj_chainA,506,3,0.0069664218463003635,Cryptic,0.8263499736785889,0.4786108732223511,239.0,1,3,0.766788040793057,4,0.4950232877976666,26.494305501920408,21.110247610901503,10.557080454026984,26.327378190248144,21.14074618819331,10.257934923778377,19.43475608386047,19.282131225421733,0.1526248584387382,True,False,False,9,0.44355168831259506,0.5460984551189365,0.545904951474376,0.42094590522741115,0.4444212201570956,0.32804875799881483,0.9266284080291269
9qnj_chainA,506,3,0.0069664218463003635,Cryptic,0.8263499736785889,0.4786108732223511,239.0,2,3,0.6354068261223649,5,0.4537174032614332,26.678408557114313,19.806905653740518,18.029326929515026,25.057772398091522,20.972315299979368,16.592331178468502,25.670105534936845,24.45482862767036,1.2152769072664853,True,False,False,11,0.23946020966130932,0.41606741997660285,0.46471757220354876,0.3472505513586301,0.708600235657763,0.7566313452514641,1.0
9qnj_chainA,6,5,0.0,Unknown,0.4687628149986267,0.5044635534286499,57.0,1,3,0.6877173748374462,2,0.5475529845467703,35.88241270443935,25.752004877371952,4.801404134716692,36.09798301987628,25.493728070301053,4.993573517787481,10.746990940866338,11.100948574595993,-0.35395763372965483,False,False,False,6,0.5511992846665619,0.5963185189005032,0.5700887444083254,0.4459644398441496,0.490408939342159,0.4833668795938445,0.783091851446946
9qnj_chainA,2,6,0.0,Cryptic,0.5031553506851196,1.0,66.0,1,3,0.6054198095478636,7,0.4966663650293474,10.676373405603258,29.850886238465602,0.6373020479687264,12.35310173034668,34.10765075683594,4.403961181640625,23.79081624656867,22.70167801919864,1.0891382273700323,True,False,False,7,0.4245270502680615,0.6252717489089026,0.39075329278939586,0.2928952640314095,0.4068524638844589,1.0,0.8368288369533894
9qnj_chainA,4515,9,0.025477195158600807,ActiveSite,0.5225258469581604,0.7643850445747375,638.3333129882812,1,3,0.6376976350387672,3,0.5318962244441197,25.969523338701126,18.393123232047333,-2.1906894189588892,21.959850311279297,16.121004104614258,0.8916109204292297,17.073531803401185,21.367722859166328,-4.294191055765143,False,False,False,7,0.30107489578982444,0.5372294455448124,0.5380652145296062,0.5392976084362172,0.5721156253280603,1.0,0.8368288369533894
9qnj_chainA,4513,10,0.02560773305594921,ActiveSite,0.5225258469581604,0.5144375562667847,638.3333129882812,1,8,0.41406135624109247,16,0.5107738827520079,26.118327851610882,7.083201280087488,-4.150115350595619,25.158356898908416,5.764967522211626,0.24022477636294232,27.582938851404297,29.195894619556725,-1.6129557681524282,False,False,False,10,0.26625461481997104,0.555365623848378,0.6153671378864393,0.5132835674285888,0.6394056726710526,0.4388346464461921,0.9649840459813438
9qnj_chainA,4513,10,0.02560773305594921,ActiveSite,0.5225258469581604,0.5144375562667847,638.3333129882812,2,3,0.6376976350387672,3,0.5512718533994249,25.968154757934727,18.390405039018738,-2.1201404074335524,25.946918079175283,18.36780423284515,-1.9039167450605254,17.07774966451486,17.113082525300527,-0.03533286078566533,False,False,False,6,0.5124623599422583,0.6002790174628819,0.6757691068446413,0.4587079990337874,0.47386214211300426,0.3807508237088174,0.783091851446946
9qnj_chainA,4507,11,0.10744065046310425,Cryptic,0.5744906067848206,0.5092899203300476,1915.0,1,4,0.5955788260618478,7,0.5269282218771767,25.050996776031443,9.648522384087727,5.888594483513261,22.81745719909668,12.263688087463379,2.5996813774108887,26.766216799848618,24.48785376726754,2.278363032581076,True,False,False,8,0.3772134076907592,0.411430297935687,0.5890109463036084,0.5269409313351848,0.4956701422620404,1.0,0.8842282173954806
9qnj_chainA,4507,11,0.10744065046310425,Cryptic,0.5744906067848206,0.5092899203300476,1915.0,2,3,0.6211988825018543,6,0.5117155434896855,25.26585206318884,6.997149534374699,0.2612062910168801,22.81745719909668,12.263688087463379,2.5996813774108887,27.997928475583546,24.48785376726754,3.5100747083160044,True,False,False,8,0.3772134076907592,0.411430297935687,0.5044960663731018,0.5269409313351848,0.4956701422620404,1.0,0.8842282173954806
9qnj_chainA,4507,11,0.10744065046310425,Cryptic,0.5744906067848206,0.5092899203300476,1915.0,3,3,0.6376976350387672,4,0.5234330291276207,25.96131155097202,18.368250525929238,-2.132528057354086,25.955824005419466,18.36499031852261,-2.0210558542744614,17.10029160611243,17.108112815810237,-0.007821209697805642,False,False,False,7,0.4441265629638114,0.588165621505959,0.6420194627706822,0.48552653307834565,0.4237383610407902,0.31066433103010815,0.8368288369533894
9qnj_chainA,3517,12,0.0669797733426094,Cryptic,0.5744906067848206,0.5742222666740417,1915.0,1,5,0.5264387204153065,11,0.5176462780424438,27.63180001729624,9.199578655117248,-2.9964213062310967,21.826374053955078,13.783583641052246,-0.06661134213209152,25.08955439006676,23.256853434767123,1.8327009552996358,True,False,False,7,0.35716205131560025,0.46458214573779444,0.4826709515351458,0.5411328016019282,0.5370749519883652,1.0,0.8368288369533894
9qnj_chainA,3517,12,0.0669797733426094,Cryptic,0.5744906067848206,0.5742222666740417,1915.0,2,3,0.6376976350387672,3,0.5477968463377767,25.97706338738646,18.41984075241862,-2.0786624604162123,25.93126237185016,18.39701557290864,-1.8915908068665501,17.048414019158443,17.09508432425616,-0.046670305097716636,False,False,False,7,0.461193729861212,0.6302009833993093,0.6428987825339654,0.46741091106028093,0.4628369137561888,0.4633927806025272,0.8368288369533894
9qnj_chainA,4511,13,0.02582894265651703,ActiveSite,0.5744906067848206,0.63447105884552,638.3333129882812,1,3,0.6016112669725253,3,0.5274358582220187,25.33576129566079,10.894451150811939,3.8326405272957937,21.564586639404297,13.424215316772461,1.8146162033081055,24.972166396106562,23.959565449784808,1.0126009463217542,True,False,False,7,0.32203639052925903,0.44177250349848796,0.5860028632806965,0.5429284825411227,0.5760210935052448,1.0,0.8368288369533894
9qnj_chainA,4511,13,0.02582894265651703,ActiveSite,0.5744906067848206,0.63447105884552,638.3333129882812,2,3,0.6211988825018543,6,0.5121165727141643,25.023523306132294,6.817219249013716,0.9353073164117347,21.564586639404297,13.424215316772461,1.8146162033081055,28.31648629720221,23.959565449784808,4.356920847417403,True,False,False,7,0.32203639052925903,0.44177250349848796,0.500895721570395,0.5429284825411227,0.5760210935052448,1.0,0.8368288369533894
9qnj_chainA,4511,13,0.02582894265651703,ActiveSite,0.5744906067848206,0.63447105884552,638.3333129882812,3,3,0.6376976350387672,4,0.5241023644563563,25.961314119991645,18.368258461354653,-2.1325396809679247,25.950906245115757,18.36728396522578,-2.0224576769848195,17.100283185884592,17.10836426542371,-0.008081079539117297,False,False,False,8,0.40825056197164233,0.6154711467191367,0.6174766345080857,0.4897892643459577,0.4388158642773873,0.36318466335733324,0.8842282173954806
9qnj_chainA,1514,14,0.01238610502332449,Cryptic,0.5225258469581604,0.8003396987915039,638.3333129882812,1,3,0.6376976350387672,4,0.5264903493347319,25.905990873651007,18.1870416403767,-2.3226968527114322,25.920300278239658,18.26919882397972,-2.1094402746009746,17.28393049299461,17.207416067230387,0.0765144257642234,True,False,False,7,0.4448129205050874,0.5918820895404747,0.6396134738841958,0.4715006716277416,0.41721719466444307,0.3889305204529768,0.8368288369533894
9qnj_chainA,4508,15,0.009503213688731194,ActiveSite,0.6173040270805359,0.5725340247154236,444.6666564941406,1,4,0.5450429530896916,5,0.5580138859480778,23.125721937831656,0.1744726958462203,16.89311756071339,23.16614482024307,0.051437965641636066,17.293040080748654,39.999660911142136,40.28556027623632,-0.28589936509418123,False,False,False,9,0.43117833171564734,0.643272607211283,0.654963232563692,0.5632309322769953,0.4350724982446674,0.4003937663194128,0.9266284080291269
9qnj_chainA,1508,16,0.008068161085247993,Cryptic,0.6173040270805359,0.8478601574897766,444.6666564941406,1,4,0.5450429530896916,4,0.5648689459955352,23.12533622200085,0.17353546198284686,16.894571686081004,24.45820844850261,0.7451938248146117,15.631683038231351,40.0012485070478,38.57385115543614,1.4273973516116598,True,False,False,6,0.5279578420386982,0.6023227954071108,0.7068710496903616,0.5710548209968476,0.41398362472063693,0.26479984966648107,0.783091851446946
9qnj_chainA,4005,18,0.04337412491440773,ActiveSite,0.6173040270805359,0.5723589658737183,1334.0,1,6,0.4895684565367389,8,0.5481790391077945,23.30204084205399,1.2797758340133687,14.787488294879527,26.68984347291682,3.5204773402911402,12.225498493909665,38.03710996067255,34.131643402482474,3.905466558190078,True,False,False,9,0.36281948386848206,0.6913030415580975,0.6438546071896628,0.556401292399482,0.4877738123162772,0.32592738509426955,0.9266284080291269
9qnj_chainA,3515,21,0.0029210031498223543,Cryptic,0.8263499736785889,0.5451279282569885,239.0,1,3,0.5170426879043601,3,0.49616012554100913,15.839374559035734,19.361824158276725,20.207343516114463,20.073200225830078,26.150218963623047,18.296485900878906,32.267358668708425,26.021966180905785,6.24539248780264,True,False,False,10,0.1473181547245997,0.3951716402393752,0.5944227482977971,0.46841044910050983,0.815784715104779,1.0,0.9649840459813438
9qnk_chainA,509,2,0.11402365565299988,Cryptic,0.5868663787841797,0.4665418863296509,1819.0,1,6,0.7199713051208041,16,0.5193210726468568,30.366153757936193,10.721149377246778,-1.2293134985904486,29.90156236758494,14.067934316319723,-1.543503844611784,22.325877778934906,23.89108273876548,-1.5652049598305737,False,False,False,13,0.31205563631898764,0.5838002699644667,0.6257711994128285,0.4758398703955591,0.5922834204110354,0.4238018391243459,1.0
9qnk_chainA,3,3,0.040975600481033325,ActiveSite,0.5190325379371643,0.5160654783248901,1819.0,1,8,0.5065874027986421,15,0.503103093295255,28.095605037894366,9.406183296459934,-5.541850362372459,23.663007736206055,13.234286308288574,0.36758387088775635,26.624414984510437,24.184330171195548,2.44008481331489,True,False,False,8,0.383324097717308,0.43194695358102364,0.5229306790357029,0.4730491467190581,0.4068912255564653,1.0,0.8842282173954806
9qnk_chainA,4,5,0.0,Cryptic,0.5792620182037354,1.0,161.0,1,4,0.5481674954307045,5,0.5351577966758294,12.453644146745008,31.0919436123302,5.273955747390299,14.676980972290039,33.82427215576172,1.8301752805709839,38.037269451340684,40.17814652516934,-2.140877073828655,False,False,False,8,0.3155465892944012,0.5976994642874297,0.6443788767382238,0.36379947716934785,0.5147919735793728,1.0,0.8842282173954806
9qnk_chainA,510,7,0.03287297114729881,Cryptic,0.5803795456886292,0.5264412760734558,1819.0,1,12,0.4631878616059637,24,0.5245641495208211,29.097497444608635,10.559123369607608,-6.685440277471024,29.4509759897188,9.003756526859318,-1.9117042352812506,27.69895605929478,22.760295323089778,4.9386607362050015,True,False,False,11,0.34716224204153573,0.6595023192990843,0.5132183196536253,0.47318677477334253,0.4833656246688626,0.6131286228965998,1.0
9qnk_chainA,6,9,0.0,Unknown,0.4948877990245819,0.5193548798561096,92.0,1,5,0.5413401147100333,8,0.4810554295319286,26.875452949350603,20.1752523832961,14.016047607066403,28.315731764183216,20.914754745671786,11.556610391682023,18.84461230625917,19.75349620569577,-0.9088838994366029,False,False,False,12,0.3761942742897426,0.47548080079976446,0.5982319533535395,0.4684575128570106,0.49541597240302676,0.19280132344822876,1.0
9qnk_chainA,6,9,0.0,Unknown,0.4948877990245819,0.5193548798561096,92.0,2,3,0.5638390931080067,3,0.6085053026791838,15.807524587212265,23.10521626990366,13.182129991763865,15.944517367713917,23.16720082082623,13.413123291029763,27.86784923670005,27.762023419981187,0.1058258167188626,True,False,False,6,0.4961680768912478,0.7385704075466889,0.7391514094810442,0.5681230235583309,0.444684445115945,0.4877272593726253,0.783091851446946
9qnk_chainA,1526,10,0.02161572501063347,Cryptic,0.5190325379371643,0.5352442264556885,606.3333129882812,1,8,0.4870533266661969,18,0.5435351298208518,27.420048783666665,7.832071199044104,-2.9410471491870096,26.60839979569869,9.568128411873776,2.3903049497867626,24.116817404964728,19.97482197096153,4.141995434003199,True,False,False,12,0.3192069932725229,0.5132961877496462,0.6728936567521155,0.5265907536585288,0.536835249310223,0.7886758593392756,1.0
9qnk_chainA,4518,11,0.02355332486331463,ActiveSite,0.5803795456886292,0.5896472334861755,606.3333129882812,1,3,0.5629731809726233,7,0.5000304968530666,27.33441362674563,10.137716849884491,-3.384617895685732,26.38323640170054,8.145440825570194,-3.3279428377637,24.99713190485337,24.879718290639076,0.11741361421429275,True,False,False,13,0.3300109466749715,0.5297001019693781,0.5374550591423227,0.521668704836853,0.5514949190268412,0.4218493419285583,1.0
9qnk_chainA,4518,11,0.02355332486331463,ActiveSite,0.5803795456886292,0.5896472334861755,606.3333129882812,2,6,0.49061151819769255,10,0.501969121886526,27.880550683834823,7.978168090567523,-4.481530733749493,30.50172510800327,8.876478088231789,-1.9745026126233824,25.44208884893648,22.54504567958464,2.8970431693518393,True,False,False,10,0.37491697648317135,0.6398485413890759,0.5543837012594487,0.4608139909988031,0.4613657854926579,0.23020362311296416,0.9649840459813438
9qnk_chainA,4525,13,0.020868409425020218,ActiveSite,0.5190325379371643,0.6279658675193787,606.3333129882812,1,9,0.4925497939663119,22,0.5290999116568886,27.50480947188681,8.32882299307152,-2.3222399184724396,26.538040702841418,7.5945462241467485,1.1039067959541224,23.59239298018376,20.713807233613057,2.878585746570703,True,False,False,13,0.315529947617856,0.5697402534488719,0.6331743935071118,0.5363676436258423,0.5496042864680246,0.4953433011515924,1.0
9qnk_chainA,4510,14,0.07905858755111694,Cryptic,0.5803795456886292,0.5104759335517883,1819.0,1,9,0.4925497939663119,22,0.5326624006119947,27.5137037397343,8.360271549848644,-2.306362909993038,26.538820849656616,7.597455358888652,1.1094421988875691,23.580141335036767,20.709010242761916,2.871131092274851,True,False,False,13,0.3156440543186771,0.5697779291310991,0.6331743935071118,0.5363676436258423,0.5492960770652436,0.5461774318764707,1.0
9qnk_chainA,1516,18,0.00920795276761055,Cryptic,0.5868663787841797,0.9137690663337708,606.3333129882812,1,7,0.5072427582544977,12,0.5246891462241936,27.86838254024344,8.468352201428488,-3.5502168687883127,22.009593963623047,11.130026817321777,2.0357825756073,24.646261125441132,23.05852622368593,1.5877349017552014,True,False,False,8,0.33253861577744026,0.45317344346054944,0.5663119543885945,0.5293494437842304,0.5340171608030017,1.0,0.8842282173954806
9qnk_chainA,1519,19,0.009187613613903522,Cryptic,0.5803795456886292,0.9137690663337708,606.3333129882812,1,7,0.5072427582544977,12,0.5246891462241936,27.86838254024344,8.468352201428488,-3.5502168687883127,22.009593963623047,11.130026817321777,2.0357825756073,24.646261125441132,23.05852622368593,1.5877349017552014,True,False,False,8,0.33253861577744026,0.45317344346054944,0.5663119543885945,0.5293494437842304,0.5340171608030017,1.0,0.8842282173954806
9qnk_chainA,1517,20,0.01872004196047783,Cryptic,0.5868663787841797,0.5352442264556885,606.3333129882812,1,7,0.5072427582544977,12,0.5246891462241936,27.86838254024344,8.468352201428488,-3.5502168687883127,22.009593963623047,11.130026817321777,2.0357825756073,24.646261125441132,23.05852622368593,1.5877349017552014,True,False,False,8,0.33253861577744026,0.45317344346054944,0.5663119543885945,0.5293494437842304,0.5340171608030017,1.0,0.8842282173954806
9qnk_chainA,1520,21,0.01867869310081005,Cryptic,0.5803795456886292,0.5352442264556885,606.3333129882812,1,7,0.5072427582544977,12,0.5246891462241936,27.86838254024344,8.468352201428488,-3.5502168687883127,22.009593963623047,11.130026817321777,2.0357825756073,24.646261125441132,23.05852622368593,1.5877349017552014,True,False,False,8,0.33253861577744026,0.45317344346054944,0.5663119543885945,0.5293494437842304,0.5340171608030017,1.0,0.8842282173954806
9qnk_chainA,4514,23,0.030767878517508507,ActiveSite,0.6892939805984497,0.5693493485450745,424.0,1,3,0.9106780985299371,3,0.4627090479189977,26.888237968024818,17.333949553887916,13.236390520666045,27.819059603165233,17.903227239737255,12.543647543992382,16.789272267491206,17.07190533715324,-0.28263306966203317,False,False,False,7,0.4285742438144532,0.5696336659987307,0.5806432281776693,0.3146615852303184,0.36454091515492887,0.18239040188269973,0.8368288369533894
9qnl_chainA,3,1,0.0031108157709240913,Allosteric,0.5877894163131714,0.7141578197479248,193.0,1,3,0.628729153315038,7,0.5250595350794892,-24.901672996430776,-25.012137247928354,1.8945179382233817,-24.85887653947968,-22.324629149549317,5.120724035538929,14.060269584056911,17.017229723756543,-2.956960139699632,False,False,False,6,0.3587140352846334,0.6382618222010746,0.6620528979858592,0.4809191740372067,0.5618031838438146,0.283775739011797,0.783091851446946
9qnl_chainA,0,2,0.0,Unknown,0.4740293025970459,0.5236222147941589,80.0,1,8,0.475151567031586,16,0.5139566447969978,-34.95495886558899,-21.39519584312959,-0.6712573223262883,-34.445752017168566,-25.472387442105727,3.582542831521403,22.908129107865015,19.929641682988308,2.9784874248767075,True,False,False,7,0.45014173635584614,0.5750527528676878,0.5990144407593146,0.44501225166901054,0.4465281117214824,0.3627609267788727,0.8368288369533894
9qnl_chainA,1,3,0.12432348728179932,ActiveSite,0.5150522589683533,0.5403020977973938,2838.0,1,8,0.5011177233723917,16,0.5440756941372534,-24.12909498120925,-8.274979631799921,6.473605761107488,-24.907714885591,-5.7125064425564815,11.937912402722581,30.405550490910517,34.373461513985866,-3.9679110230753487,False,False,False,9,0.40867056960760917,0.5241002928916385,0.628220771240334,0.5561779850059084,0.4929712519625096,0.6211133833026681,0.9266284080291269
9qnl_chainA,1,3,0.12432348728179932,ActiveSite,0.5150522589683533,0.5403020977973938,2838.0,2,4,0.5975320917950966,8,0.5139541300939411,-25.183645753090396,-6.449335283202018,5.986424873512657,-25.417346954345703,-9.326642036437988,9.226781845092773,32.28211123505442,30.2829412462578,1.9991699887966234,True,False,False,9,0.30656417733382796,0.44330105335163367,0.5055519637094825,0.5529174239685138,0.5592095515937027,1.0,0.9266284080291269
9qnl_chainA,1,3,0.12432348728179932,ActiveSite,0.5150522589683533,0.5403020977973938,2838.0,3,3,0.620165123115838,6,0.5317953243104834,-34.57072328495156,-13.24665544082133,8.709696354312648,-33.61365791901119,-12.774849856777465,8.575551197047101,30.062185363718932,29.93282252584051,0.1293628378784213,True,False,False,8,0.39804836458590315,0.9051395941487614,0.4791924273050632,0.32787603608640553,0.5431915783239469,0.25700609413156095,0.8842282173954806
9qnl_chainA,508,4,0.0010478319600224495,Cryptic,0.6480921506881714,0.6626113057136536,115.0,1,5,0.5105959661049694,7,0.47157823061190274,-11.161307323215297,-25.527578251616255,13.367223997074897,-11.836835035907761,-26.643437148657597,14.942021697515766,19.102105597150434,19.25304334039159,-0.15093774324115472,False,False,False,12,0.33883819145786065,0.5465467268107302,0.5276320898181602,0.4449691828987125,0.5098368780537585,0.19707408662044879,1.0
9qnl_chainA,4,7,0.0,Unknown,0.4777293801307678,0.6489668488502502,60.0,1,3,0.6328139776814041,5,0.4603873028924701,-28.866125671958898,-18.23955862073969,-3.243494386930297,-28.58926362288736,-17.083449231934548,-2.457270656301239,22.2369889825664,23.0120266144685,-0.775037631902098,False,False,False,8,0.4352359241653748,0.46284325330181453,0.4942388580351974,0.40891233613352196,0.43170266521803147,0.308448354473443,0.8842282173954806
9qnl_chainA,5,8,0.0,Unknown,0.5478298664093018,0.5671274065971375,64.0,1,8,0.5090662355611382,16,0.5516960759720724,-27.498261304269228,-11.558339843566959,-10.266413124638138,-28.06349927827487,-12.959115680520261,-12.395302166916906,29.687217967272463,29.529988786489998,0.1572291807824655,True,False,False,10,0.4000720196306351,0.5311193297286951,0.7266811363630821,0.530288178101182,0.45752070383713755,0.56864199415223,0.9649840459813438
9qnl_chainA,2,11,0.007189685944467783,Cryptic,0.8140251040458679,0.4791128933429718,315.0,1,3,0.7008060862269897,4,0.458340318539482,-27.312941397219497,-18.62019376041169,16.944604126759618,-23.043991088867188,-21.432321548461914,18.535913467407227,26.311959692839963,24.358198144575503,1.9537615482644597,True,False,False,8,0.21812620275745528,0.39611707200013246,0.48727141983780464,0.34508300692541527,0.6963306792902089,1.0,0.8842282173954806
9qnl_chainA,509,12,0.0,Cryptic,0.5622265338897705,0.4613349735736847,80.0,1,8,0.47167732254322353,14,0.4876451634346411,-33.962243867793426,-20.058567067463557,-1.6256643059424507,-34.62518682005127,-21.723150874736646,1.867917565766886,23.308131433776296,22.411833301791876,0.8962981319844197,True,False,False,10,0.2824700744605715,0.4134240818342615,0.5611873474267097,0.4147950734788175,0.6035081449661337,0.874093972973607,0.9649840459813438
9qnl_chainA,1512,13,0.019334934651851654,Cryptic,0.5150522589683533,0.6431534290313721,946.0,1,7,0.650418441773859,14,0.5592169618439666,-23.30012048176214,-5.54537468718277,9.37808006432404,-24.334664724327197,-5.881367337689839,9.640389902999548,33.55062990615645,33.44759491814759,0.10303498800886501,True,False,False,9,0.4410104254528254,0.5301821823498138,0.6666900542690857,0.5561779850059084,0.42917615553394656,0.7013757134441996,0.9266284080291269
9qnl_chainA,4001,14,0.04126105085015297,ActiveSite,0.5150522589683533,0.48687443137168884,2838.0,1,7,0.650418441773859,14,0.5580677376793767,-23.300012867994308,-5.55004354867976,9.376146008772563,-24.16768038867885,-4.436624008403085,11.601872278937282,33.545650325527724,35.344376654072875,-1.7987263285451505,False,False,False,10,0.4179241297034724,0.5086539395517938,0.696056888588755,0.5556513014435768,0.4594452166188341,0.6806712357469411,0.9649840459813438
9qnl_chainA,4001,14,0.04126105085015297,ActiveSite,0.5150522589683533,0.48687443137168884,2838.0,2,3,0.6646255277308989,6,0.5301377743449365,-25.72064211086001,-3.939308704489923,8.18717269193007,-25.70770263671875,-7.944824695587158,11.533584594726562,35.20867874292311,32.32737809155352,2.8813006513695925,True,False,False,10,0.25124080836923984,0.5735587064867161,0.5014793988902212,0.5424530014334674,0.5982026471031386,1.0,0.9649840459813438
9qnl_chainA,1511,15,0.03150995820760727,Cryptic,0.5150522589683533,0.5872660279273987,946.0,1,9,0.5134267042816489,17,0.5463948771665967,-24.082254962032977,-6.854064873717904,7.536543055989505,-24.608307617832136,-5.748086195159736,12.077824425218049,31.979608630099897,34.335017140579666,-2.3554085104797693,False,False,False,9,0.40823263282545785,0.5188316073242909,0.6339900092206023,0.5561779850059084,0.4828979565627539,0.6703546929320452,0.9266284080291269
9qnl_chainA,1511,15,0.03150995820760727,Cryptic,0.5150522589683533,0.5872660279273987,946.0,2,4,0.5975320917950966,8,0.5142165712507504,-25.194119225653996,-6.406817911996847,6.028934583531604,-24.046854748859385,-5.694750633600497,8.24305727197003,32.33204408703747,33.243345784763406,-0.9113016977259392,False,False,False,10,0.41909587283055066,0.4221608968151271,0.562188359036883,0.5455261815711856,0.43475449252675574,0.6999805311231639,0.9649840459813438
9qnl_chainA,1513,16,0.03485848009586334,Cryptic,0.5150522589683533,0.6056780219078064,946.0,1,3,0.620165123115838,6,0.5677443818666147,-34.585067195092606,-13.303887461579658,8.661892578586043,-26.755321502685547,-10.186209678649902,11.628985404968262,30.01067376003934,30.560634816867218,-0.549961056827879,False,False,False,9,0.20542183174976214,0.6451529695496697,0.6182385263621071,0.5163009727098937,0.7919003755651919,1.0,0.9266284080291269
9qnl_chainA,1513,16,0.03485848009586334,Cryptic,0.5150522589683533,0.6056780219078064,946.0,2,7,0.6193964372654506,16,0.5542459612814773,-24.481453583649945,-6.6413874018352015,8.660828377796209,-26.755321502685547,-10.186209678649902,11.628985404968262,32.50147367501636,30.560634816867218,1.9408388581491458,True,False,False,9,0.20542183174976214,0.6451529695496697,0.5432473008891215,0.5163009727098937,0.7919003755651919,1.0,0.9266284080291269
9qnl_chainA,1513,16,0.03485848009586334,Cryptic,0.5150522589683533,0.6056780219078064,946.0,3,3,0.6646255277308989,6,0.5655611648761857,-25.71804742516016,-3.9275644695356684,8.208636182032565,-26.755321502685547,-10.186209678649902,11.628985404968262,35.22390166652733,30.560634816867218,4.663266849660115,True,False,False,9,0.20542183174976214,0.6451529695496697,0.6061095430819458,0.5163009727098937,0.7919003755651919,1.0,0.9266284080291269
9qnl_chainA,4513,17,0.033981382846832275,ActiveSite,0.5150522589683533,0.4596303403377533,946.0,1,7,0.5407027192921751,13,0.5323585271488788,-24.149797445737267,-7.350964411125727,7.547554038099386,-26.380346298217773,-9.881662368774414,10.501737594604492,31.513842805611517,30.36679369904221,1.147049106569309,True,False,False,10,0.18343028325247954,0.597829584992634,0.5538734471033651,0.5393290574103593,0.6453027020642651,1.0,0.9649840459813438
9qnl_chainA,4513,17,0.033981382846832275,ActiveSite,0.5150522589683533,0.4596303403377533,946.0,2,3,0.620165123115838,6,0.5388953394020811,-34.59196784610914,-13.349471716719831,8.620070584287074,-26.380346298217773,-9.881662368774414,10.501737594604492,29.966390662873785,30.36679369904221,-0.40040303616842365,False,False,False,10,0.18343028325247954,0.597829584992634,0.5901890707322668,0.5393290574103593,0.6453027020642651,1.0,0.9649840459813438
9qnl_chainA,4513,17,0.033981382846832275,ActiveSite,0.5150522589683533,0.4596303403377533,946.0,3,3,0.6646255277308989,6,0.5393292055892738,-25.71924473392483,-3.930510617630131,8.205814158678207,-26.380346298217773,-9.881662368774414,10.501737594604492,35.2207194597881,30.36679369904221,4.853925760745891,True,False,False,10,0.18343028325247954,0.597829584992634,0.5925994384388926,0.5393290574103593,0.6453027020642651,1.0,0.9649840459813438
9qnl_chainA,3513,18,0.0035197287797927856,Cryptic,0.8140251040458679,0.5312066674232483,315.0,1,11,0.48307364644243905,24,0.5182608274859637,-21.742520850782384,-22.20217351806131,15.998519774793529,-21.157677602526785,-23.602133769083444,16.83966894277114,21.83449447457622,21.412461739665776,0.42203273491044513,True,False,False,10,0.2644979663362831,0.49697194391212135,0.6266955466678665,0.4724394693833385,0.6611411533065716,0.7518299378793858,0.9649840459813438
9qwj_chainD,509,2,0.0029175891540944576,Cryptic,0.6650000214576721,0.5480837821960449,110.0,1,4,0.5525535253927655,4,0.5666881572350027,-7.16130423111208,25.59756067996356,6.841439651861212,-4.9962667107974035,23.006895502316016,7.543508554151183,40.311295766223594,41.253435781656606,-0.9421400154330115,False,False,False,8,0.36579384611693444,0.6514431365149511,0.6908058273649746,0.5639562025926866,0.49368309256262327,0.5778749342483795,0.8842282173954806
9qwj_chainD,8,11,0.0,Unknown,0.5082430839538574,0.5212090611457825,67.0,1,3,0.8027389015317774,5,0.588956199599625,-10.226334990666759,24.54850499956514,-25.55497331829687,-9.464189529418945,26.260297775268555,-20.184467315673828,8.231218702336617,13.82126757384972,-5.590048871513103,False,False,False,3,0.5510912490863634,0.4700491944237923,0.7195430416663644,0.5656454205513001,0.44769151580872735,1.0,0.5578858913022596
9qwj_chainD,7,12,0.0028950832784175873,Unknown,0.658750057220459,0.51316899061203,110.0,1,3,0.5990566838769474,2,0.5236498525974358,-8.063345799376528,27.309743087800204,6.439368246132793,-7.093479633331299,26.23033905029297,0.47970640659332275,39.966669831172254,34.141273275211105,5.825396555961149,True,False,False,7,0.24031224163614365,0.5521680932056314,0.5351715487617564,0.4197804955295443,0.8020409605412224,1.0,0.8368288369533894
9qwj_chainD,1511,13,0.013059464283287525,Cryptic,0.6845110654830933,0.6603549718856812,558.3333129882812,1,3,0.7388858231083156,7,0.5965894248345172,-14.31227682428166,16.38155800144105,-35.031118526970246,-12.97004508972168,10.17184066772461,-32.46381759643555,6.377121867607087,12.124130669662367,-5.74700880205528,False,False,False,6,0.3414412214576395,0.6856752158722904,0.6980414376611463,0.5378426044903722,0.5665162044041246,1.0,0.783091851446946
9qwj_chainD,1511,13,0.013059464283287525,Cryptic,0.6845110654830933,0.6603549718856812,558.3333129882812,2,3,0.5913179667943586,2,0.5914002951033108,-11.399593001000069,6.50687127062583,-33.73461171957438,-12.97004508972168,10.17184066772461,-32.46381759643555,15.91041701225146,12.124130669662367,3.786286342589092,True,False,False,6,0.3414412214576395,0.6856752158722904,0.6692129391544436,0.5378426044903722,0.5665162044041246,1.0,0.783091851446946
9qwj_chainD,4512,14,0.017258942127227783,ActiveSite,0.6845110654830933,0.7367053031921387,558.3333129882812,1,4,0.6552252493575631,10,0.490303600354285,-14.29517384528503,16.061790046839214,-28.597125036023424,-15.854852676391602,12.42044448852539,-29.36232566833496,7.622133455191087,10.790452277303842,-3.168318822112755,False,False,False,8,0.3123879442280859,0.4512718856915905,0.5180225636051966,0.3358489737173563,0.638848084877398,1.0,0.8842282173954806
9qwj_chainD,1513,15,0.009850128553807735,Cryptic,0.6845110654830933,0.6288023591041565,558.3333129882812,1,4,0.6552252493575631,9,0.5057689398120918,-14.495124716113587,16.16370317177168,-28.61971100640002,-13.053420066833496,10.253070831298828,-28.23120880126953,7.556804237839254,12.897567264989297,-5.340763027150043,False,False,False,9,0.19982157702363912,0.5580068207767424,0.5523354356094075,0.36686127585487416,0.7176079422314035,1.0,0.9266284080291269
9qwj_chainD,4004,16,0.056556373834609985,ActiveSite,0.6845110654830933,0.6001481413841248,1675.0,1,4,0.6552252493575631,9,0.5112873174669321,-14.495124716113587,16.16370317177168,-28.61971100640002,-13.486977577209473,11.722136497497559,-29.263338088989258,7.556804237839254,11.165160611357194,-3.6083563735179407,False,False,False,9,0.2655950010929724,0.5184435797883835,0.5523354356094075,0.36686127585487416,0.694061982990125,1.0,0.9266284080291269
9qwj_chainD,4513,17,0.01778380014002323,ActiveSite,0.6845110654830933,0.6921597123146057,558.3333129882812,1,4,0.6552252493575631,9,0.5230360138271178,-14.291149784338254,16.059096375698132,-28.60024463311575,-13.667764663696289,10.519159317016602,-29.714191436767578,7.622033089111737,12.189942996121834,-4.5679099070100975,False,False,False,8,0.28969425265949766,0.4810363482909076,0.5944248595645578,0.41253200426260217,0.7008911725724609,1.0,0.8842282173954806
9qwj_chainT,4,3,0.0024726937990635633,Unknown,0.6093999147415161,0.5513772368431091,132.0,1,6,0.6617912992272454,15,0.5778169308731412,56.861601723485194,27.233963744531025,54.91448010253046,59.107911854615594,27.55005894317405,53.006707203639195,56.02648677524829,56.87377348565147,-0.847286710403182,False,False,False,5,0.49353724050955405,0.5880289781365722,0.7754697398508202,0.5961206023939958,0.3736684357151323,0.47683788111986003,0.7210570543488701
9qwj_chainT,507,4,0.0,Cryptic,0.5496923923492432,1.0,135.0,1,3,0.739524374770193,6,0.5729537052767851,78.39676173284907,0.18667120597443645,97.44492673980996,78.2136322898777,-2.661716821626512,96.6352998780184,8.684648834501933,5.8443235857342675,2.840325248767666,True,False,False,4,0.5228376743627159,0.7607085738304997,0.7414358966385954,0.425311095896177,0.3361373176911819,0.39749581481828467,0.647685462377997
9qwj_chainT,2,5,0.06175461411476135,ActiveSite,0.5277388691902161,0.5030727982521057,1844.0,1,3,0.6178068764096222,3,0.5064033938378064,62.89712626563449,9.941409281534925,90.81083622610241,62.6829637584182,10.173312780228123,90.54331855630602,22.1689724004272,22.523337663834262,-0.3543652634070611,False,False,False,5,0.45231680177798295,0.6221227456287812,0.6419551747223883,0.43440849285616306,0.35057699813519827,0.24649956353364288,0.7210570543488701
9qwj_chainT,2,5,0.06175461411476135,ActiveSite,0.5277388691902161,0.5030727982521057,1844.0,2,4,0.5240380190826478,5,0.4889658764091262,62.653666208814165,20.46081089872597,86.73639735923537,64.14433627479428,21.564362029262213,84.21293328490914,31.990376265933754,33.07816409204833,-1.0877878261145781,False,False,False,7,0.46738000982229,0.6116341804304577,0.4598217793333436,0.36639223672183496,0.47528468775627786,0.33867498838417676,0.8368288369533894
9qwj_chainT,7,6,0.0138598857447505,Cryptic,0.770350456237793,0.5267655253410339,321.0,1,3,0.8062395799007098,6,0.5584681159522379,86.80119787315843,13.339349238555831,85.46218192017948,84.1158995583548,14.068055886045784,85.60928259650085,25.206550212552223,24.756322534476656,0.4502276780755672,True,False,False,5,0.4820889243941592,0.6393459841332592,0.7195010979965419,0.5900909334421158,0.37251141514098496,0.2524119435618545,0.7210570543488701
9qwj_chainT,7,6,0.0138598857447505,Cryptic,0.770350456237793,0.5267655253410339,321.0,2,4,0.6376706359833677,5,0.5265782721899631,78.60238737853261,2.70916363172692,97.838405180066,77.79297941249553,3.9574070119941367,98.39280165035915,11.161484343062327,12.34286310078643,-1.1813787577241026,False,False,False,7,0.42121246090663933,0.6738225845506012,0.6733824875569366,0.47982314500425544,0.3895607917866564,0.17063846678549854,0.8368288369533894
9qwj_chainT,1509,7,0.009986083023250103,Cryptic,0.5277388691902161,0.6217749714851379,614.6666870117188,1,5,0.4832469664814825,8,0.49998942606090324,62.68949360252497,20.07872350121295,89.13460998120155,64.3497266877772,21.919334768275696,83.93213421018494,31.14523460454305,33.40630281724365,-2.2610682127006,False,False,False,8,0.41098376344292137,0.6468483249052626,0.4741222963961495,0.38188437129138036,0.4517285733781373,0.5165125269719151,0.8842282173954806
9qwj_chainT,1509,7,0.009986083023250103,Cryptic,0.5277388691902161,0.6217749714851379,614.6666870117188,2,3,0.6178068764096222,3,0.5123043283443398,62.91559830040353,9.95098839303169,90.80158811219606,62.69478417501033,10.214742599255732,90.57075370570603,22.16716494901971,22.54435263324637,-0.3771876842266586,False,False,False,5,0.45217434128594886,0.6203575675792662,0.6419551747223883,0.43440849285616306,0.3505748731895318,0.3363334653778022,0.7210570543488701
9qwj_chainT,1508,8,0.011457016691565514,Cryptic,0.5277388691902161,0.6385589241981506,614.6666870117188,1,3,0.6178068764096222,3,0.5516735828411745,62.90874024127955,9.940097947999716,90.81202069393684,61.44827651977539,13.082364082336426,89.9813461303711,22.16089076242007,25.654125696516807,-3.493234934096737,False,False,False,6,0.3214122261634242,0.6449858730571679,0.566476528882493,0.4507176198464197,0.6230228700389595,1.0,0.783091851446946
9qwj_chainT,1508,8,0.011457016691565514,Cryptic,0.5277388691902161,0.6385589241981506,614.6666870117188,2,4,0.6458865739600975,7,0.5465704898716672,61.88944127419676,19.493918388825936,90.9387317314425,61.44827651977539,13.082364082336426,89.9813461303711,30.725984021250863,25.654125696516807,5.071858324734055,True,False,False,6,0.3214122261634242,0.6449858730571679,0.53812601238523,0.4507176198464197,0.6230228700389595,1.0,0.783091851446946
9qwj_chainT,4507,9,0.010912078432738781,ActiveSite,0.5277388691902161,0.5903339982032776,614.6666870117188,1,3,0.6178068764096222,3,0.5242482864597703,62.91914663806009,9.948543372348277,90.80390099755398,62.67400592882714,10.179873371627451,90.54595573963952,22.16276158052356,22.533345592275616,-0.37058401175205447,False,False,False,5,0.4520827086271694,0.6224148933816609,0.6419551747223883,0.43440849285616306,0.35083770070688397,0.5010220659681355,0.7210570543488701
9qwj_chainT,4507,9,0.010912078432738781,ActiveSite,0.5277388691902161,0.5903339982032776,614.6666870117188,2,4,0.5240380190826478,5,0.48214958169317945,62.64053936933618,20.458086584120405,86.75664311882434,64.13356704797236,21.542734774775866,84.27484901710102,31.988600039846954,33.04389442409946,-1.0552943842525089,False,False,False,7,0.4665650143554322,0.6095794427779639,0.4598217793333436,0.36639223672183496,0.47455578270093307,0.25100559170035297,0.8368288369533894
9qwj_chainT,4508,10,0.01322268508374691,ActiveSite,0.5277388691902161,0.6297189593315125,614.6666870117188,1,5,0.4832469664814825,8,0.48774241388152767,62.69047885984037,20.07656894259457,89.10622708090163,61.601654052734375,13.753287315368652,87.83098602294922,31.147732552230753,26.5633821084233,4.584350443807452,True,False,False,8,0.24418250747852255,0.5564523893219375,0.4253956252274308,0.33830087776377327,0.7293737036937941,1.0,0.8842282173954806
9qwj_chainT,4508,10,0.01322268508374691,ActiveSite,0.5277388691902161,0.6297189593315125,614.6666870117188,2,3,0.6178068764096222,3,0.5321030971204022,62.918557807685104,9.94836406239165,90.80407551319057,62.67067758477723,10.20765415521935,90.57125653772974,22.162938190338604,22.55288629020326,-0.3899480998646574,False,False,False,5,0.45186461121652866,0.621679230052983,0.6419551747223883,0.43440849285616306,0.3508310919842312,0.6160927456422292,0.7210570543488701
9qwj_chainT,4002,11,0.04567944258451462,ActiveSite,0.5277388691902161,0.5723555088043213,1844.0,1,5,0.4832469664814825,8,0.490568486940271,62.69305853433391,20.075452097206977,89.11355739474949,64.28108138649111,21.862002452991923,84.02881518535237,31.144389596555268,33.34940812564084,-2.2050185290855744,False,False,False,7,0.46510311395570436,0.6188739200482952,0.4781237047835614,0.36639223672183496,0.4717474986337471,0.30668198762377263,0.8368288369533894
9qwj_chainT,4002,11,0.04567944258451462,ActiveSite,0.5277388691902161,0.5723555088043213,1844.0,2,3,0.6178068764096222,3,0.5249149954967818,62.91355607589255,9.94020602288876,90.81188978480829,62.67443763314196,10.200880123780127,90.57085580404762,22.15815760168458,22.545390897880754,-0.3872332961961753,False,False,False,5,0.45204287493402273,0.621609493725503,0.6419551747223883,0.43440849285616306,0.3505815463579347,0.5133501301037535,0.7210570543488701
9qwj_chainT,3509,14,0.011980836279690266,Cryptic,0.8325151801109314,0.5414665341377258,371.0,1,4,0.6136297727133502,6,0.5553219500827392,52.85301544137844,23.32224187612157,53.550264945647285,48.0363655090332,18.026763916015625,51.259735107421875,56.22130099410059,57.44540354942118,-1.2241025553205915,False,False,False,7,0.20211695993423556,0.6306808499534604,0.6953291526354813,0.5200226233129983,0.6047340065569471,1.0,0.8368288369533894
9qwj_chainT,4000,15,0.014580209739506245,Cryptic,0.8325151801109314,0.5310696363449097,371.0,1,5,0.6100821139121911,9,0.5360164989015362,53.74846594137241,24.55534338678706,52.96244015235164,52.27133812467372,20.94882625280951,54.6607223016173,56.976918058922244,54.382372253710486,2.5945458052117587,True,False,False,8,0.4616554693923602,0.5461790042883936,0.5887684127136827,0.4406481467092278,0.5104466608669799,0.632075581018281,0.8842282173954806
9qwj_chainT,4005,17,0.0,Unknown,0.5142711997032166,0.5835049748420715,88.0,1,7,0.6410694777016628,20,0.5483964986479847,58.664350214076315,26.879302961202168,57.80141633532272,60.239830017089844,27.930222511291504,63.91871643066406,53.18770967749449,49.39409800969154,3.7936116678029492,True,False,False,6,0.4549385021547272,0.5498232425171126,0.6332430651662646,0.5755919508221409,0.4077564038543132,0.6176844686882679,0.783091851446946
9qwj_chainT,4005,17,0.0,Unknown,0.5142711997032166,0.5835049748420715,88.0,2,4,0.47884979086068064,4,0.498884549592306,63.10341284900025,24.046549633964883,58.30721608561445,63.56180995011926,24.311318175589214,58.952829358204085,49.707900003695265,49.29387501668392,0.41402498701134505,True,False,False,8,0.4265277478374335,0.4895066499831275,0.5163111450816708,0.5796981047248164,0.4257252249139422,0.3734989126122411,0.8842282173954806
9sia_chainB,4,4,0.07885060459375381,ActiveSite,0.691274106502533,0.4971524477005005,412.0,1,7,0.5284324312695841,10,0.5792537209305751,27.11155749844462,42.75087208841919,2.928476871198214,26.11993335948115,41.60292834052457,2.7887712641748093,22.51873856211894,21.145681142524367,1.3730574195945735,True,False,False,7,0.3223689557595003,0.565346902691918,0.8052616063418857,0.5803666612931659,0.6560422991187913,0.6223480614559558,0.8368288369533894
9sia_chainB,6,7,0.006782799959182739,Unknown,0.49943843483924866,0.5354127287864685,93.0,1,4,0.46609977814410064,7,0.5220359607400458,21.10425297722349,27.777026991500673,-0.9554961041036469,19.72821527841444,27.48893427617129,-0.527651596653841,7.218437441124114,6.885684025710208,0.33275341541390624,True,False,False,6,0.4389090215649916,0.5510245061642226,0.6643792624469805,0.5569736833373705,0.40862056419182413,0.25388841093768233,0.783091851446946
9sia_chainB,4004,9,0.12865063548088074,ActiveSite,0.691274106502533,0.5471463799476624,412.0,1,4,0.6354985853433033,6,0.4663984832973006,20.715743615172503,40.95153980220583,3.940352217162574,17.38028619749246,40.592998762134485,5.03227812532756,19.923413818297,20.020411409297452,-0.09699759100045213,False,False,False,8,0.43298903033838865,0.47455116737524056,0.49304296423408633,0.34222151367589393,0.45828640039838164,0.48610936973069185,0.8842282173954806
9sic_chainB,3,4,0.0528649277985096,ActiveSite,0.8031696677207947,0.47647538781166077,761.0,1,3,0.6766664562257602,6,0.5137247611904303,15.274942990549018,-10.159202490515387,-2.6554457923228902,12.581436157226562,-11.315742492675781,-3.2766928672790527,19.777846816265058,20.179634147407747,-0.40178733114268894,False,False,False,11,0.19845309851157092,0.5584697958408827,0.5384860657049391,0.40779826461697016,0.7222684421387247,1.0,1.0
9sic_chainB,1,6,0.01050370279699564,Unknown,0.5460951924324036,0.5092136263847351,145.0,1,3,0.7220492143543251,6,0.5887196053899936,1.553341443166331,-3.368564920703973,-1.9051330208246382,-1.955610752105713,-5.046224594116211,3.557806968688965,13.249881727603753,16.15586057986867,-2.9059788522649157,False,False,False,4,0.35813438907236106,0.6046345633501291,0.6473852012843851,0.5331612329275944,0.776210327240968,1.0,0.647685462377997
9sic_chainB,1,6,0.01050370279699564,Unknown,0.5460951924324036,0.5092136263847351,145.0,2,3,0.7205148650552567,2,0.5431696352455754,0.21206888979509098,-7.81599396165499,-4.639381313631317,-1.955610752105713,-5.046224594116211,3.557806968688965,18.440989982285398,16.15586057986867,2.285129402416729,True,False,False,4,0.35813438907236106,0.6046345633501291,0.3943298115931731,0.5331612329275944,0.776210327240968,1.0,0.647685462377997
9sic_chainB,4,7,0.0,Unknown,0.5368952751159668,0.48225000500679016,73.0,1,3,0.7903102232542143,4,0.5523847317217739,12.235419760106389,5.198149486948578,-7.468732790505062,12.26423857714045,5.328216121015155,-6.66672248894068,10.559767750712473,9.840545653519657,0.7192220971928158,True,False,False,5,0.5024856169224746,0.5681482696357925,0.6894874314453622,0.5620305442810059,0.4013004211735385,0.39918585933282835,0.7210570543488701
9sic_chainB,0,8,0.0,Unknown,0.4930506944656372,0.5270441174507141,64.0,1,3,0.8080786826196906,4,0.5692994651686232,-5.37412815780613,-14.156227203838915,0.713302476782435,-1.9023489952087402,-18.055828094482422,-1.0649363994598389,25.545055312250923,27.65379760024899,-2.1087422879980657,False,False,False,3,0.40970229903855304,0.5978879462342688,0.6915988987311089,0.5388909002145131,0.4278868378148202,1.0,0.5578858913022596
9sic_chainB,1008,9,0.016284620389342308,Cryptic,0.8031696677207947,0.5032864809036255,253.6666717529297,1,3,0.6766664562257602,6,0.5474971216921997,15.221214525408579,-10.123949534207373,-2.602979329127093,15.26053237915039,-12.06110668182373,-1.0683953762054443,19.71423812348181,21.22416370302312,-1.50992557954131,False,False,False,9,0.29013396199776864,0.4968710357116989,0.6096979169103446,0.5279616332716413,0.6793985690161443,1.0,0.9266284080291269
9sic_chainB,4007,10,0.01369981188327074,Cryptic,0.8031696677207947,0.5388248562812805,253.6666717529297,1,3,0.6766664562257602,6,0.4926237818442975,15.105350755527539,-10.14136468808648,-2.506845071879237,10.388193130493164,-10.17993450164795,-4.494117736816406,19.665753676418195,19.072052330605374,0.5937013458128213,True,False,False,7,0.2701370770022201,0.5462934450321261,0.48757232022028724,0.28574821923630495,0.732080197922095,1.0,0.8368288369533894
9sic_chainB,1009,11,0.027638113126158714,Cryptic,0.8031696677207947,0.5300225615501404,253.6666717529297,1,3,0.6766664562257602,6,0.4875991093883049,15.096980239376892,-10.08443696525806,-2.489308518835014,13.241902141554885,-11.498175409158236,-1.1567002189755082,19.60735439706662,20.087962608124926,-0.480608211058307,False,False,False,11,0.2139738732523688,0.5313385961557079,0.5373444273569687,0.440319027734751,0.6376220781711244,0.7006058771095405,1.0
9sic_chainB,3012,12,0.09468188136816025,Cryptic,0.8031696677207947,0.5278487205505371,761.0,1,3,0.6766664562257602,6,0.4876553235921392,15.274942990549018,-10.159202490515387,-2.6554457923228902,13.241902141554885,-11.498175409158234,-1.1567002189755102,19.777846816265058,20.087962608124926,-0.31011579185986804,False,False,False,11,0.21397387325236886,0.5313385961557079,0.5373444273569687,0.440319027734751,0.6376220781711245,0.7014089371643157,1.0
9sic_chainB,4003,13,0.05932191014289856,ActiveSite,0.8031696677207947,0.4658832550048828,761.0,1,3,0.6766664562257602,5,0.49053930383344346,15.279971894940715,-10.143580110807958,-2.656912264344654,12.331929366555933,-9.850849054649279,-0.223355054362533,19.766002485460476,18.15448152762761,1.611520957832866,True,False,False,8,0.39269199641593616,0.47905935508952013,0.5106418866223057,0.40249164670240134,0.5034467525757732,0.7087294926280596,0.8842282173954806
9sic_chainB,3013,18,0.023386415094137192,Cryptic,0.7397521734237671,0.5342079997062683,510.0,1,3,0.5642579670054504,4,0.4989710562985428,2.756125017593475,-14.239249815241179,4.2145084376802275,1.4550756750367997,-15.062592122046308,3.971595729418056,22.59595871387725,23.691461740350938,-1.0955030264736898,False,False,False,7,0.40574948554915524,0.5723792994703445,0.5587208725480485,0.515913245507649,0.4980411302836345,0.17648412366815946,0.8368288369533894
9sic_chainB,4004,20,0.0,Unknown,0.5368952751159668,0.5212519764900208,73.0,1,3,0.7903102232542143,4,0.5548333097086326,12.269261072331663,5.2198701581726255,-7.445755221167791,12.29773906900224,5.446679450590433,-6.678679990058091,10.548438612155019,9.838741918276616,0.7096966938784028,True,False,False,5,0.5032847011019104,0.575227631513078,0.6894874314453621,0.5620305442810059,0.4014684070151809,0.41095909967815536,0.7210570543488701
9sic_chainC,3,4,0.037925176322460175,Cryptic,0.6854772567749023,0.4975312650203705,353.0,1,7,0.5016735665040031,8,0.5510230221240043,1.8532344034128283,16.702331753142005,34.04181006011289,-0.4541848101912342,18.289137194390225,34.10806769502401,23.576386500691562,21.251514707019506,2.324871793672056,True,False,False,7,0.397415540327323,0.5565041405527561,0.6903624255703255,0.5454121274607522,0.5939042792421868,0.451134536666121,0.8368288369533894
9sic_chainC,4008,5,0.025943264365196228,Allosteric,0.6751246452331543,0.4938618838787079,191.6666717529297,1,3,0.7320289240091723,6,0.5658459204243562,-17.248992390693523,12.387302287608685,30.957739041684317,-17.066016332162185,12.724956340364114,31.551597533591462,12.640657220377827,12.034848788895887,0.6058084314819396,True,False,False,8,0.39196264265633807,0.6295584973968587,0.6374243155198704,0.5673619984649122,0.39032448350508353,0.8157861562745483,0.8842282173954806
9sic_chainC,4008,5,0.025943264365196228,Allosteric,0.6751246452331543,0.4938618838787079,191.6666717529297,2,4,0.632297168141392,8,0.5550431219841638,-12.846885707590566,14.460126084240851,30.532725360905893,-15.33361894192138,14.306395223058336,30.225074831582994,13.879663866276136,12.992902306740133,0.8867615595360032,True,False,False,8,0.4044358613336921,0.5498539971178289,0.6382057886195398,0.5673619984649122,0.5095416380447623,0.6741025637194086,0.8842282173954806
9sic_chainC,1007,6,0.027300694957375526,Cryptic,0.6751246452331543,0.5496066808700562,191.6666717529297,1,7,0.47857062216610774,13,0.5263870250455754,-13.307000837740224,13.915099720077645,30.011909104085888,-10.80046065046318,14.625975057176987,31.321598054713725,14.232009106631072,14.511881791416078,-0.2798726847850066,False,False,False,10,0.3235223630980185,0.614746611855557,0.5865970152815921,0.4823410637631557,0.5266318631791129,0.6016844851595657,0.9649840459813438
9sic_chainC,3009,7,0.07611554116010666,Cryptic,0.6751246452331543,0.5419709086418152,575.0,1,7,0.4551326628988632,13,0.5490904855787897,-13.168111202371179,14.128630484165532,29.789379338965087,-12.19687097373883,14.569121719269816,31.376986636736873,14.399095778269167,13.597309594745635,0.8017861835235323,True,False,False,8,0.3453758254482452,0.6228773206312899,0.6167945962957601,0.5606576806865633,0.5210491601917209,0.6368605744702815,0.8842282173954806
9sic_chainC,4001,8,0.07767714560031891,ActiveSite,0.6751246452331543,0.4873289167881012,575.0,1,8,0.4571824584078909,14,0.5631699383119516,-14.960932411993037,12.891379418102582,30.021009628272427,-13.560451930464618,14.970914386002793,31.898943254572025,13.898162786693685,12.274166631103997,1.6239961555896887,True,False,False,9,0.3156284051989648,0.6515530915798059,0.6317181241733429,0.5611055548820231,0.5571416986942749,0.7368108763575651,0.9266284080291269
9sic_chainC,4003,9,0.060255225747823715,Cryptic,0.6854772567749023,0.5592275261878967,353.0,1,4,0.6801635151687295,5,0.4840359525612831,-6.405363173193227,16.546483072753702,34.03804206932264,-5.650542846253538,15.614555337803168,32.5810692128609,15.987918615564306,17.49198802346617,-1.5040694079018646,False,False,False,6,0.3755679107857712,0.5871066752828952,0.6206159241520163,0.37306228692160176,0.43274304023162957,0.3235512866541361,0.783091851446946
9sid_chainA,3,1,0.0,Unknown,0.5006803274154663,0.4848826825618744,52.0,1,3,0.5930094950876231,3,0.5280597970014701,-16.697461871926333,2.531674638092497,-6.3909770722185755,-13.67011547088623,7.930081844329834,-13.84774112701416,8.164143901616226,8.602811277887787,-0.43866737627156027,False,False,False,6,0.2948714019447231,0.47151676422522976,0.5037001615384407,0.5205776972000209,0.7987425448842075,1.0,0.783091851446946
9sid_chainA,0,2,0.03399866819381714,ActiveSite,0.7513056993484497,0.46824297308921814,669.0,1,5,0.4486152407580552,6,0.48608822802961643,-22.74006200586529,16.331844103439728,-3.912538801434176,-22.32554613721737,16.27469547294542,-3.8155698905616835,18.71254801826556,18.389937623091367,0.32261039517419476,True,False,False,12,0.3530230877672261,0.5281848145736423,0.49554491763871283,0.40169400106990305,0.4869359833840385,0.622328576659958,1.0
9sid_chainA,2,3,0.008032063953578472,Unknown,0.5647244453430176,0.48567330837249756,129.0,1,3,0.8731326483058663,3,0.5618812828523759,-8.855844236572935,8.702544292550856,-0.9870813339923276,-8.576715709507829,9.734272659881286,0.6588792319052565,7.967011446981919,9.913141921300237,-1.946130474318318,False,False,False,5,0.42217562648383133,0.7003064017565316,0.7910923374181004,0.5721698707342149,0.3801121584227078,0.17842833617861997,0.7210570543488701
9sid_chainA,1004,4,0.013121194206178188,Cryptic,0.7513056993484497,0.5568150877952576,223.0,1,3,0.7954580139554264,4,0.44215568964332724,-22.792431504425338,17.08774033187007,-2.849404218784426,-22.200166884430395,15.477249610596889,-4.3635989616899025,19.478145864845008,17.67908642324716,1.7990594415978478,True,False,False,13,0.3351860747064953,0.5022101580832894,0.4696694100897367,0.3774425664331957,0.48225320501915137,0.25874821642473556,1.0
9sid_chainA,3009,5,0.04125929996371269,Cryptic,0.6854075193405151,0.5310333371162415,563.0,1,3,0.5950332529028556,4,0.5109314947473818,-28.329916875656313,5.887925109424501,-11.968020743978592,-29.573296404448442,4.483658122578279,-11.105678871785914,20.00675161902545,21.00761085401323,-1.0008592349877787,False,False,False,7,0.349069133919842,0.6685419195461099,0.5891406568859046,0.47314679650589814,0.36995725447325595,0.46943636745708706,0.8368288369533894
9sid_chainA,4005,7,0.013141204603016376,Cryptic,0.7513056993484497,0.5115081071853638,223.0,1,5,0.4486152407580552,6,0.47917749380000535,-22.73857729554252,16.33713679447713,-3.9226676436058616,-24.87191797027176,17.292524246613503,-3.3843170723948988,18.71279522020281,21.025936694047054,-2.3131414738442437,False,False,False,11,0.29785549531386907,0.6046000872973079,0.4678780270216635,0.3902322769446757,0.5174724822612138,0.5481385723435186,1.0
9sid_chainA,1003,8,0.006204425357282162,Cryptic,0.7513056993484497,0.5075581073760986,223.0,1,5,0.4486152407580552,6,0.5209093192151412,-22.74089266722824,16.314975231380632,-3.926589944094795,-25.77521324157715,15.027339935302734,-5.339788913726807,18.699567295454834,20.13699874361283,-1.4374314481579944,False,False,False,10,0.2839462866661783,0.449084425980277,0.5455694517972767,0.5090288061244836,0.6504901261670858,1.0,0.9649840459813438
9sid_chainA,4004,9,0.007571806199848652,Cryptic,0.7513056993484497,0.4891084134578705,223.0,1,5,0.4486152407580552,6,0.4820763222490427,-22.739377139256458,16.352853679495986,-3.9131867444194204,-22.309996451608786,16.267517604666608,-3.7870007623670956,18.725343574339355,18.379919357349895,0.3454242169894606,True,False,False,11,0.3841189827118335,0.5266494387486201,0.4930949581580913,0.3886469004492757,0.491509559700633,0.49237608768678276,1.0
9sid_chainA,4000,11,0.017636045813560486,ActiveSite,0.7513056993484497,0.4660569131374359,669.0,1,5,0.4486152407580552,6,0.4877665505357128,-22.743978919126775,16.347392002627494,-3.9079634189654313,-22.328020469203118,16.276010069117294,-3.7913802064400453,18.726314601550875,18.397692878634903,0.32862172291597247,True,False,False,11,0.38358518638964173,0.5265340883280882,0.4930949581580913,0.3886469004492757,0.4910135023095214,0.5765334480755491,1.0
9sid_chainB,1,2,0.05489484593272209,Cryptic,0.6978216767311096,0.4859307110309601,355.0,1,3,0.7639552843003503,3,0.49998059621103014,-10.425156960048021,-15.923832079205663,-5.159182707411403,-10.642235671554394,-15.77889896103125,-5.842230859865037,17.033888716351,17.633996140829325,-0.600107424478324,False,False,False,6,0.3717910421475117,0.546429870581104,0.6698270525524105,0.4441111197695136,0.3780659810020405,0.4696704669185586,0.783091851446946
9sid_chainB,3007,5,0.07335405051708221,Cryptic,0.7538539171218872,0.5315722823143005,570.0,1,3,0.7639552843003503,3,0.5251541335496035,-10.551538238624413,-16.06594847342875,-5.123365826290705,-6.650897026062012,-14.550517082214355,-12.89500904083252,17.126685494996867,21.40702931257023,-4.280343817573364,False,False,False,5,0.19673626548089213,0.6149311043879989,0.4922642571546655,0.49317689624050054,0.8138248655282628,1.0,0.7210570543488701
9sid_chainB,4001,8,0.07492707669734955,Cryptic,0.6978216767311096,0.5180080533027649,355.0,1,3,0.7639552843003503,2,0.48948688183458666,-10.473044980890556,-15.984198091812656,-5.128401720348208,-10.647659811927735,-15.881254026957798,-5.748570518117171,17.058214227089618,17.592918589673538,-0.5347043625839198,False,False,False,7,0.3542002790592405,0.5701921842436006,0.6166579559144718,0.453292555095894,0.4135001259939531,0.3389097526376581,0.8368288369533894
9sid_chainB,3009,9,0.03055066242814064,Cryptic,0.6978216767311096,0.531199038028717,355.0,1,5,0.4321536821755616,7,0.5362671570329045,-18.83347187064474,-13.569823622225345,-7.195588598034902,-17.811133408713037,-17.265336323711196,-5.048098801441565,24.269566410484813,22.811286849982256,1.4582795605025574,True,False,False,7,0.4387384619802038,0.6023015705572877,0.6512475585342121,0.5405863212687628,0.40174141005149355,0.3539379607745563,0.8368288369533894
9sid_chainB,4005,10,0.0013424165081232786,Unknown,0.45303764939308167,0.5395453572273254,75.0,1,3,0.7746978395303095,6,0.5335522213304319,5.569533165097612,6.133542012172691,-12.511413312603272,3.277367005766859,5.990198138670667,-14.046395047318697,26.927201489902878,27.667133818420407,-0.7399323285175292,False,False,False,5,0.43184470080696846,0.4366835752605763,0.7781295053137033,0.5773530190013745,0.3673476169730802,0.5335052810458021,0.7210570543488701
9sid_chainB,4000,12,0.0,Unknown,0.5308859944343567,0.5730155110359192,84.0,1,3,0.6491211699607587,4,0.5261251768549726,-23.888610784246826,-14.353695177025218,-10.857933141552138,-22.193992614746094,-17.892183303833008,-10.10849380493164,30.554202945921723,29.27828418369357,1.2759187622281516,True,False,False,6,0.28706191300111844,0.41678722376216576,0.5723771798287437,0.5668504933516184,0.7099430910449084,1.0,0.783091851446946
9t29_chainA,511,5,0.028261758387088776,Cryptic,0.8118273615837097,0.6126302480697632,634.0,1,3,0.6219756481385537,5,0.4968491429461466,34.59514560888398,32.67954775755817,87.23424447221004,37.90568161010742,27.13239097595215,93.48667907714844,34.28919061629579,32.49312249941392,1.7960681168818695,True,False,False,5,0.3739464302284831,0.5095980285426935,0.48755718469472314,0.4096650220365735,0.4582284449442648,1.0,0.7210570543488701
9t29_chainA,3532,13,0.020504286512732506,Cryptic,0.7117264270782471,0.7735278010368347,1203.0,1,3,0.7727520796244515,5,0.5212079362263621,40.28026936029684,38.11275127749757,120.5637208836476,38.669138051055114,36.46140064435087,121.65752305109493,13.807869196346067,13.981179756239642,-0.1733105598935758,False,False,False,7,0.47964915943101116,0.6281258006798971,0.548666335256795,0.4771742089529624,0.425584637050663,0.2994179785072437,0.8368288369533894
9t29_chainA,1518,15,0.016637582331895828,Cryptic,0.7117264270782471,0.714674174785614,401.0,1,3,0.7727520796244515,5,0.5583317517989309,40.28228063579673,38.10945468066413,120.56564111590271,38.803550448349185,39.45952701734029,119.92212001267725,13.811758846588004,11.739403067277552,2.0723557793104526,True,False,False,6,0.46941048647980094,0.5033867570730444,0.7069302026839845,0.5656743971351652,0.45867238944219424,0.6031244583979922,0.783091851446946
9t29_chainA,4002,16,0.0725824236869812,ActiveSite,0.7117264270782471,0.7140123248100281,1203.0,1,3,0.7727520796244515,5,0.535159095778973,40.279528612500556,38.11026294493769,120.56535117931953,38.64377575321329,36.41883468125644,121.79945887103545,13.809082897160167,14.030917036313411,-0.2218341391532448,False,False,False,8,0.4845421229387068,0.6390953797117889,0.5388439784817847,0.487450679858259,0.44494489440575224,0.3908569302419094,0.8842282173954806
9t29_chainA,3006,31,0.02484731934964657,ActiveSite,0.7678141593933105,0.6303882002830505,634.0,1,3,0.6219756481385537,5,0.4975556453399289,34.55011852779453,32.66096314968185,87.21978835569162,36.7127571105957,25.82187271118164,93.45747375488281,34.303164955562735,33.0338353844646,1.2693295710981332,True,False,False,5,0.3058795778142951,0.5341461331575161,0.48755718469472314,0.4096650220365735,0.579557705446494,1.0,0.7210570543488701
9t2f_chainA,7,3,0.04734605550765991,ActiveSite,0.7390652298927307,0.7664656639099121,870.0,1,3,0.6380878775511607,4,0.6126061012544598,145.10283965189896,3.5213815664755264,5.4475605368101245,144.80266528483463,1.8894746358477508,4.964076833742873,42.81020533240029,43.36786027007725,-0.5576549376769648,False,False,False,5,0.48265683742247384,0.7910363253676008,0.7037571226830497,0.5322269833087921,0.5381498959652656,0.5265821924745735,0.7210570543488701
9t2f_chainA,1517,14,0.00792897492647171,Cryptic,0.6990652680397034,1.0,290.0,1,3,0.6380878775511607,3,0.6227363137654678,145.09067773780077,3.5159775825971753,5.445586017730387,144.8295158843143,3.4077142891205043,5.362407811287922,42.80264209497466,42.65408858435671,0.1485535106179512,True,False,False,5,0.5474917505270408,0.751427237645481,0.7037571226830497,0.5322269833087921,0.46565860481124455,0.665736192842258,0.7210570543488701
9t2f_chainA,3524,15,0.04297688975930214,Cryptic,0.7390652298927307,0.6945397853851318,870.0,1,3,0.6380878775511607,3,0.5800866999549203,145.08436715680145,3.5277807170555024,5.448799272504832,144.84874855987607,3.3676968006120784,5.292522004581114,42.79176484758248,42.712495358779215,0.07926948880326279,True,False,False,6,0.46517039223444206,0.7376674325846263,0.7160394300086915,0.5260006904602051,0.42069721031783114,0.38058282603430327,0.783091851446946
9t2f_chainA,1516,16,0.008032816462218761,Cryptic,0.6990652680397034,1.0,290.0,1,5,0.5710222291182055,7,0.6425357148796446,146.09281754478388,3.257318459968687,3.199583034333471,148.20811554140622,3.158000610934266,1.4258484935633677,44.651633491787834,47.21423534676896,-2.562601854981125,False,False,False,4,0.5328611800881933,0.783496425014385,0.85193510741798,0.5229882325977087,0.40801121708285026,0.681970218250667,0.647685462377997
9t2f_chainA,1518,17,0.00872842501848936,Cryptic,0.6990652680397034,0.8190905451774597,290.0,1,4,0.592687117487187,7,0.6026261812927248,146.1913741443124,3.3914280635497764,3.8303382859028474,145.3452919516857,2.9781692437914984,3.759682148765666,44.42314021940182,43.89391613540721,0.5292240839946132,True,False,False,6,0.41168263049984866,0.7812651632761664,0.7362181284857447,0.5276462497810522,0.5581298114572439,0.5094154358150533,0.783091851446946
9t2f_chainA,4514,18,0.012222475372254848,Cryptic,0.7390652298927307,0.8330225348472595,290.0,1,3,0.6380878775511607,3,0.6201404474135398,145.01663230441406,3.4597835996702933,5.426806867168271,144.8084297534808,3.3544861264826498,5.3025320066519335,42.76778412380372,42.67944356993586,0.08834055386785877,True,False,False,5,0.5451605429725043,0.7559461534649142,0.7037571226830497,0.5322269833087921,0.47212735935639005,0.614492833453111,0.7210570543488701
9t2f_chainA,4516,19,0.011450323276221752,Cryptic,0.6990652680397034,0.8956007361412048,290.0,1,4,0.592687117487187,6,0.6126365127294912,146.1674229392405,3.397776344277984,3.8481042081049566,147.8559345144527,3.559322394478662,1.430847151936101,44.39345950982073,46.784522437780645,-2.391062927959915,False,False,False,4,0.367268072420714,0.8061865446494667,0.8793796287484199,0.5272847022861242,0.43172805127129543,0.6434843233157377,0.647685462377997
9t2f_chainA,1514,21,0.004353655967861414,Cryptic,0.7390652298927307,1.0,290.0,1,4,0.592687117487187,7,0.6086482314003864,146.1913741443124,3.3914280635497764,3.8303382859028474,145.3452919516857,2.9781692437914984,3.759682148765666,44.42314021940182,43.89391613540721,0.5292240839946132,True,False,False,6,0.41168263049984866,0.7812651632761664,0.7362181284857447,0.5276462497810522,0.5581298114572439,0.5954447230673601,0.783091851446946
9t2f_chainA,1515,22,0.005724931135773659,Cryptic,0.7390652298927307,0.8190905451774597,290.0,1,4,0.592687117487187,7,0.6086482314003864,146.1913741443124,3.3914280635497764,3.8303382859028474,145.3452919516857,2.9781692437914984,3.759682148765666,44.42314021940182,43.89391613540721,0.5292240839946132,True,False,False,6,0.41168263049984866,0.7812651632761664,0.7362181284857447,0.5276462497810522,0.5581298114572439,0.5954447230673601,0.783091851446946
9t2f_chainA,1513,23,0.00695492047816515,Cryptic,0.7390652298927307,1.0,290.0,1,4,0.592687117487187,7,0.6086482314003864,146.1913741443124,3.3914280635497764,3.8303382859028474,145.3452919516857,2.9781692437914984,3.759682148765666,44.42314021940182,43.89391613540721,0.5292240839946132,True,False,False,6,0.41168263049984866,0.7812651632761664,0.7362181284857447,0.5276462497810522,0.5581298114572439,0.5954447230673601,0.783091851446946
9t2f_chainA,3511,38,0.015215469524264336,Allosteric,0.7144791483879089,0.859889805316925,150.0,1,4,0.4767931917681633,4,0.514522316237999,110.99802861901226,16.974263958420917,27.32895391639986,110.92616476725894,15.45137272546189,28.189965479601916,5.992881929827305,7.345925811084778,-1.3530438812574737,False,False,False,6,0.46080557924071885,0.562037276371671,0.6197058107119247,0.5723729916590884,0.3815037314991492,0.15842616614327865,0.783091851446946
9t2g_chainA,514,2,0.07603669166564941,Cryptic,0.6210528016090393,0.7943893074989319,3598.0,1,5,0.4624949629255611,9,0.5453055770712281,-14.709404745245804,13.991060354752927,-27.271474505475098,-14.93541424079351,12.391385657043642,-28.74462132153569,18.886860561337322,20.2487193142512,-1.3618587529138786,False,False,False,7,0.4631460521074774,0.8072569910141638,0.5942697024073914,0.4741353591631135,0.4058891543815825,0.10626521681920587,0.8368288369533894
9t2g_chainA,4514,13,0.0630321353673935,Cryptic,0.6210528016090393,0.7713789343833923,3598.0,1,5,0.46249496292556114,9,0.5763734686621179,-14.712183162496945,13.982861634867659,-27.267688068372117,-14.94025795800234,12.391434859197558,-28.7439288325688,18.888700603419746,20.252077234266487,-1.3633766308467408,False,False,False,6,0.44741634669039826,0.8781802861664643,0.6701268452071952,0.5529092917366072,0.39759004352033717,0.07650817833708823,0.783091851446946
9t2g_chainA,1524,14,0.0630267783999443,Cryptic,0.6210528016090393,1.0,1199.3333740234375,1,4,0.4856985836703481,6,0.5505217565827917,-14.65128515443802,16.19365164581954,-27.009155115136156,-14.801965517085439,15.900690069461014,-27.840451650282677,18.396942450686737,19.00393749981402,-0.6069950491272813,False,False,False,6,0.4774008340712747,0.7602449319522991,0.6230505997689495,0.5369756494485581,0.41633898763270655,0.07204095442039737,0.783091851446946
9t2g_chainA,4527,15,0.046539194881916046,ActiveSite,0.5861695408821106,1.0,1199.3333740234375,1,4,0.4856985836703481,5,0.5584956768536685,-14.650180263598498,16.191902607306137,-27.013909370912305,-14.900157318321234,14.900666310810443,-27.154916571862994,18.3987002877322,18.828547897610974,-0.4298476098787738,False,False,False,6,0.46775032574693803,0.7835474173345219,0.6230505997689495,0.5369756494485581,0.4128514571167729,0.15744521504706077,0.783091851446946
9t2g_chainA,1525,16,0.06794533133506775,Cryptic,0.6210528016090393,0.9328401684761047,1199.3333740234375,1,6,0.4794009107504408,10,0.5517129380306285,-13.998230405274853,14.959260899952849,-26.653121001485143,-13.857842839949377,12.30083857751432,-28.674479890150664,17.801028398177543,19.40542893888772,-1.6044005407101771,False,False,False,7,0.3870247282678467,0.7872152222305541,0.6581065172490712,0.5679020779067486,0.43103800430386485,0.10164587074665654,0.8368288369533894
9t2g_chainA,1523,17,0.047223370522260666,Cryptic,0.6210528016090393,0.6950399279594421,1199.3333740234375,1,3,0.775132911960526,7,0.5766926806962042,-14.926332247846142,10.95782293443191,-27.32000722535036,-14.051509595309568,12.448180565669917,-24.819264708008227,19.895133155417128,17.51362922837182,2.3815039270453084,True,False,False,5,0.4569740882299952,0.7187016642965925,0.7216079560678882,0.5546470450786644,0.434933338651658,0.35856315391816096,0.7210570543488701
9t2g_chainA,1526,18,0.0405709370970726,Cryptic,0.5861695408821106,0.6950399279594421,1199.3333740234375,1,5,0.46249496292556114,9,0.5760804927937397,-14.711147083745615,13.982997714095053,-27.270050555399074,-14.938199881959138,12.391414348278808,-28.744224180541433,18.889088610855968,20.250650925599725,-1.3615623147437574,False,False,False,6,0.4474197178374653,0.8782046309639607,0.6701268452071952,0.5529092917366072,0.39764207487796055,0.07216736349514719,0.783091851446946
9t2g_chainA,1528,19,0.06280909478664398,Cryptic,0.5861695408821106,0.9328401684761047,1199.3333740234375,1,5,0.46249496292556114,9,0.5760804927937397,-14.711147083745615,13.982997714095053,-27.270050555399074,-14.938199881959138,12.391414348278808,-28.744224180541433,18.889088610855968,20.250650925599725,-1.3615623147437574,False,False,False,6,0.4474197178374653,0.8782046309639607,0.6701268452071952,0.5529092917366072,0.39764207487796055,0.07216736349514719,0.783091851446946
9t2g_chainA,1527,20,0.05681263282895088,Cryptic,0.5861695408821106,1.0,1199.3333740234375,1,5,0.46249496292556114,9,0.5760804927937397,-14.711147083745615,13.982997714095053,-27.270050555399074,-14.938199881959138,12.391414348278808,-28.744224180541433,18.889088610855968,20.250650925599725,-1.3615623147437574,False,False,False,6,0.4474197178374653,0.8782046309639607,0.6701268452071952,0.5529092917366072,0.39764207487796055,0.07216736349514719,0.783091851446946
9t7f_chainA,0,2,0.04387056827545166,ActiveSite,0.6703827381134033,0.5152878165245056,424.0,1,4,0.5716129754987114,7,0.5264656986830553,-4.46294959497473,42.126353984312225,66.8859324847149,-0.5174872279167175,43.57108688354492,70.73822021484375,23.866461370043865,21.509895721569315,2.3565656484745503,True,False,False,7,0.29703391625507286,0.42356993595239295,0.6052143699210176,0.4892952106893062,0.7139630944761753,1.0,0.8368288369533894
9t7f_chainA,2,3,0.00804583914577961,Unknown,0.5439304709434509,0.47825586795806885,90.0,1,3,0.5228313287277808,3,0.5046971321105518,7.752341668027155,62.66052080998129,58.12820215228514,6.645966467337209,61.970082069760835,57.52374613874128,10.070102811846015,10.477968675416228,-0.4078658635702137,False,False,False,5,0.49861607324671536,0.3999341846691512,0.7031209181618183,0.5793911224603653,0.3385737478800341,0.22668378898967445,0.7210570543488701
9t7f_chainA,1006,4,0.0,Cryptic,0.7266920208930969,0.5912305116653442,185.6666717529297,1,4,0.5664702971974072,4,0.5583167026090796,15.406267184733807,47.82879116667064,63.263501926396806,15.434795337358128,48.19090870659933,63.02941667410681,20.168257879672396,19.9417917800246,0.2264660996477943,True,False,False,7,0.4895796770168021,0.6730186523100004,0.5831363924182459,0.5495661492858614,0.4431917241261684,0.38797286973912315,0.8368288369533894
9t7f_chainA,1006,4,0.0,Cryptic,0.7266920208930969,0.5912305116653442,185.6666717529297,2,3,0.5749486273795404,5,0.4640744714313911,13.646681396212585,48.72972522794862,60.06798079268889,12.56589549039629,47.79326434275168,61.261808466218135,19.49596969188011,19.36541905320957,0.13055063867053818,True,False,False,13,0.3159868535947932,0.5962210440018922,0.4138099510244869,0.384068185993169,0.5255523575416191,0.43573544386836605,1.0
9t7f_chainA,4005,5,0.005846441723406315,Allosteric,0.7266920208930969,0.500124990940094,185.6666717529297,1,3,0.5749486273795404,4,0.4926670805554499,13.62814373768584,48.819486143769836,60.08925232711175,14.115200469409732,48.07171641284866,59.60552415166865,19.407735067427893,20.41692693392548,-1.0091918664975879,False,False,False,10,0.352819147708178,0.6499046842379868,0.48511702936162926,0.41969087156855184,0.48731948754942356,0.37938274954026785,0.9649840459813438
9t7f_chainA,4003,7,0.01724565215408802,ActiveSite,0.7266920208930969,0.49951913952827454,557.0,1,3,0.5749486273795404,4,0.507015622578651,13.701393906862766,48.73980246811398,60.00726535070411,15.145593643188477,44.71615219116211,64.13561248779297,19.537001311300852,22.501821514876283,-2.9648202035754316,False,False,False,8,0.2826279505883719,0.6580513469630446,0.4110478814162377,0.4303945440915413,0.5051148846548936,1.0,0.8842282173954806
9t7f_chainA,4001,8,0.0,Unknown,0.5189516544342041,0.5538097023963928,55.0,1,4,0.5693447443171867,4,0.5936647111628274,-0.6553262506582247,52.9414017743856,61.082956133119616,0.16960129054869827,53.468017223767205,60.97492667170732,13.986004627647532,13.326019872601654,0.659984755045878,True,False,False,5,0.4824014902354509,0.5889285619268716,0.7581158119493125,0.5931536501646042,0.376885354704366,0.785654610797881,0.7210570543488701
9t7f_chainB,0,2,0.0,Unknown,0.43456190824508667,0.528285801410675,55.0,1,3,0.6389810545978367,6,0.5080015144199947,21.63670283202816,46.07687034732985,48.66111670557107,21.015949269452097,47.446631035332324,48.126324707698004,9.805745986838689,11.255921964551849,-1.45017597771316,False,False,False,7,0.3557491166694401,0.5035021850616704,0.6203187112559624,0.5369646168830214,0.4881837816682733,0.48128232378773694,0.8368288369533894
9t7f_chainB,6,3,0.0,Unknown,0.5003065466880798,0.5290122032165527,54.0,1,3,0.7252100397236655,3,0.5356372556838391,45.89968089922333,29.415144000284336,52.75726178047335,45.716650589449685,29.717998162146614,52.18963658579102,25.889088829347152,25.605954874548768,0.28313395479838377,True,False,False,5,0.4887341332295284,0.4337104938735214,0.7591517507177512,0.5650044971704483,0.39027883388493284,0.4210027735949179,0.7210570543488701
9t7f_chainB,3,4,0.00903464388102293,Allosteric,0.5828148722648621,0.5032666921615601,172.0,1,3,0.7200646840819553,4,0.4994735472372559,37.82413480168913,26.73603565048402,46.3041271473763,38.05179275365773,25.604675354684744,48.58940371745204,20.120923414225874,20.451156277266325,-0.3302328630404503,False,False,False,9,0.4174280598699735,0.5275781423240287,0.5573050554556357,0.4937287197965714,0.4672323802892414,0.3058431546258592,0.9266284080291269
9t7f_chainB,1,5,0.00247964751906693,Unknown,0.5327417254447937,0.4745595455169678,72.0,1,6,0.44708464093158795,12,0.5566338887418092,25.31428333667964,39.250301668151955,45.31038726574282,25.44791480779155,39.401675274134575,45.24540174035561,7.843434554651679,8.016510613469274,-0.17307605881759525,False,False,False,8,0.3346911122954811,0.6613376985440744,0.615747421297108,0.5606016132980585,0.6354693705021951,0.510733431441664,0.8842282173954806
9t7f_chainB,3011,6,0.033975277096033096,Cryptic,0.8325768709182739,0.5357435941696167,774.0,1,3,0.7134791802262272,5,0.46641179212982853,38.59503514894553,43.70139853984298,49.48176643372912,38.86573300193079,41.875835717815484,50.31876238575139,18.961750501982813,18.55478175696325,0.4069687450195616,True,False,False,9,0.3725976859310072,0.49172771864493925,0.46272337837443445,0.3737412386546317,0.5111716135376398,0.5443630818577037,0.9266284080291269
9t7f_chainB,1007,7,0.01209383737295866,Cryptic,0.8325768709182739,0.5314052700996399,258.0,1,5,0.6497791944677038,7,0.5464189071668688,38.54611431852698,42.15251004118976,50.817519832912915,38.609496261252104,46.379661519480834,48.36757967620216,18.30700189441256,20.257447912488665,-1.9504460180761036,False,False,False,10,0.37616372750962823,0.5659737123022809,0.5852640884398552,0.5189113560679575,0.45386572984845225,0.8705105990020323,0.9649840459813438
9t7f_chainB,4008,8,0.01611626148223877,Cryptic,0.8325768709182739,0.5164950489997864,258.0,1,3,0.7134791802262272,3,0.5232230328794039,38.59359798422408,43.690607399541776,49.48236335859728,41.88637924194336,43.102596282958984,47.22464370727539,18.956367502055375,22.16545032799005,-3.2090828259346758,False,False,False,8,0.1996464227389833,0.440154944423893,0.5861880546855683,0.5570166283850222,0.7842898128248933,1.0,0.8842282173954806
9t7f_chainB,4009,9,0.007776044774800539,Cryptic,0.6665383577346802,0.5394003987312317,200.3333282470703,1,4,0.7356004200016004,7,0.5406755687253615,43.8489006382446,31.411306050506894,52.50016243047457,43.17182436878062,31.54263421362854,52.63704554637192,23.38893984439829,22.707566774884484,0.6813730695138069,True,False,False,7,0.36940040152223225,0.48062405890649534,0.7277460485647181,0.5681880929640362,0.5510134045931221,0.529249923654999,0.8368288369533894
9t7f_chainB,4004,10,0.024846648797392845,ActiveSite,0.8325768709182739,0.4652731716632843,774.0,1,3,0.7134791802262272,5,0.5009632880418425,38.5938825776402,43.69185595791768,49.482463762611815,38.474804329427286,45.66291490170226,47.82562836148034,18.957082245663596,19.8957481071398,-0.9386658614762027,False,False,False,11,0.34565499108131176,0.5790316444218507,0.48547556565566746,0.42371613933511937,0.4779499225855374,0.7032083561109224,1.0
9t7f_chainB,1010,11,0.013419042341411114,Cryptic,0.6665383577346802,0.5316754579544067,200.3333282470703,1,3,0.6511336697996328,5,0.4838096426413787,38.76279988885819,39.53357880109127,52.40335161165574,38.137643814086914,41.76094436645508,52.658124923706055,17.93366753589834,17.837505382134886,0.09616215376345494,True,False,False,8,0.4418499490209582,0.5168534831048225,0.5158474108722645,0.4304552823768165,0.4646241090802481,0.3142251048612451,0.8842282173954806
9t7f_chainB,1010,11,0.013419042341411114,Cryptic,0.6665383577346802,0.5316754579544067,200.3333282470703,2,3,0.6342198953443337,5,0.4409934484265222,34.03115303758338,45.40595867583595,55.901198240900676,34.81122478054142,46.517602493959124,56.59171155457269,16.250203042684685,17.669671656750133,-1.4194686140654476,False,False,False,9,0.3673267252579399,0.5473660334108585,0.42646768310311506,0.2544647308537507,0.5751972369747053,0.3147449098336742,0.9266284080291269
9t7f_chainB,1011,12,0.011816136538982391,Cryptic,0.6665383577346802,0.5966302752494812,200.3333282470703,1,4,0.578072668054428,7,0.47049008009612003,40.198650085266,37.98199495904168,52.6425438956693,40.21186239229589,38.097002244750506,52.87385402183498,19.196800712262238,19.23451632149187,-0.03771560922963246,False,False,False,9,0.369885609640608,0.5428522504638053,0.5212952786436752,0.37999474469342004,0.4475471888750281,0.3918376441977879,0.9266284080291269
9t7f_chainB,4010,13,0.02018439583480358,Cryptic,0.6665383577346802,0.48224982619285583,200.3333282470703,1,4,0.578072668054428,7,0.46925373448765406,40.21599109668525,37.938592763135375,52.61906419735986,40.1751733532536,38.05557948684297,52.815766117144385,19.209653146838534,19.190627344722323,0.019025802116210855,True,False,False,9,0.3681737031642059,0.5425715318957548,0.5212952786436752,0.37999474469342004,0.44512609242085466,0.3843057199820452,0.9266284080291269
9t7f_chainB,4002,14,0.06093689426779747,ActiveSite,0.6665383577346802,0.5195536017417908,601.0,1,4,0.578072668054428,7,0.47261118677747516,40.241729840048514,37.93707126493712,52.64840652215411,40.23739547282795,38.028171820229474,52.85802287430052,19.237073683132618,19.253738632480147,-0.016664949347529046,False,False,False,9,0.36869251749253784,0.5421543569211128,0.5212952786436752,0.37999474469342004,0.44800184931097753,0.42757423650972426,0.9266284080291269
9tf5_chainA,3,2,0.0,Unknown,0.5038928389549255,0.5390859246253967,82.0,1,7,0.4706371583665525,11,0.532336718467703,4.781529354890293,0.554626562981562,14.153375633664119,4.269313143503676,-0.31718216124180904,17.191371643816293,19.370869828134833,18.53702124496656,0.8338485831682725,True,False,False,8,0.39072910529787136,0.565908353692336,0.6828723410712334,0.49695135645326044,0.4475921441861462,0.4854314106287746,0.8842282173954806
9tf5_chainA,6,4,0.006025049369782209,Unknown,0.5784249305725098,0.5145254731178284,145.0,1,3,0.682487104552947,4,0.5717308655399032,6.359479370397637,-2.4591128134147167,12.274652551156763,6.916168619943825,-5.072153202600092,12.741772893214588,16.894981624609233,14.72911704065286,2.165864583956374,True,False,False,5,0.4444625717310647,0.706210989186262,0.676467686440502,0.5764368796348572,0.45487489943147924,0.40404605036765995,0.7210570543488701
9tf5_chainA,5,5,0.02235887013375759,ActiveSite,0.7220516204833984,0.49183714389801025,502.0,1,5,0.4908523364215244,8,0.5096224542477509,8.951100230393967,-1.9761190015106187,17.75125114378895,7.325305945136935,3.640804022350431,17.396509317992923,14.198951529123544,19.81194902512204,-5.612997495998496,False,False,False,6,0.26379581196358665,0.4741873827922504,0.6725004775144985,0.5529652451475461,0.751658594593094,0.39470008014523017,0.783091851446946
9tf5_chainA,4009,7,0.007321903016418219,Allosteric,0.7220516204833984,0.5432286262512207,167.3333282470703,1,4,0.5480913125057206,5,0.48531590451473733,9.873902441743038,-2.6380101179066062,18.070509214617168,14.311627388000488,-0.7967280745506287,23.570085525512695,13.102923896791474,13.707812266633551,-0.6048883698420777,False,False,False,7,0.22431351133841243,0.33996037460805034,0.5716409251782917,0.4622309409481074,0.7479482794044912,1.0,0.8368288369533894
9tf5_chainA,4008,8,0.009826474823057652,Cryptic,0.7421712875366211,0.548730731010437,201.6666717529297,1,6,0.5606092572806927,7,0.581893319538211,8.77934130445111,13.902059273403804,13.256349191444166,10.313206064712032,15.71685640673236,14.015397840151401,29.206149304524846,30.39104309788606,-1.1848937933612156,False,False,False,7,0.4457862644074532,0.6405654389762085,0.7267840978717967,0.577246108351007,0.4012833276323176,0.59487483887421,0.8368288369533894
9tf5_chainA,1010,9,0.008273215964436531,Cryptic,0.7220516204833984,0.5424269437789917,167.3333282470703,1,3,0.7418493545167131,6,0.5105147979368412,8.196805251656869,10.178061085056504,19.52445126739698,9.771429061889648,8.941706657409668,25.338703155517578,25.2813859091276,24.387875549683347,0.893510359444253,True,False,False,7,0.18647262040392806,0.6668260248826735,0.5843242149475272,0.2870900652562059,0.6944195308414647,1.0,0.8368288369533894
9tf5_chainA,1011,10,0.0032892723102122545,Cryptic,0.7220516204833984,0.6331864595413208,167.3333282470703,1,3,0.7418493545167131,6,0.44926992409553135,8.060387837821208,10.25667249005324,19.65430275993494,5.9826252388712495,9.191698910602973,21.40734422428131,25.40607696929567,25.36667027511331,0.03940669418235743,True,False,False,9,0.24501955871026937,0.4350240806893021,0.5655773537963158,0.4051825327324315,0.7227670133317654,0.26027376017210735,0.9266284080291269
9tf5_chainA,4002,11,0.023359423503279686,ActiveSite,0.7421712875366211,0.4846959114074707,605.0,1,6,0.5606092572806927,6,0.5733574913837127,8.809622444859174,13.936099263201305,13.22692936203554,9.560325799698465,15.487246697966782,13.312476791881505,29.235201511320298,30.47846091596121,-1.243259404640913,False,False,False,8,0.42345148919055847,0.6665398719374478,0.676343455416162,0.5095674792702457,0.41673791656292325,0.7037619772324906,0.8842282173954806
9tf5_chainA,4007,12,0.005438119173049927,Cryptic,0.7421712875366211,0.5023831725120544,201.6666717529297,1,6,0.5606092572806927,6,0.5964428123422688,8.80373134165616,13.957943103236415,13.165777388812158,8.47882462157785,15.253010089443425,13.11427626884269,29.269740431388797,30.58652653161176,-1.3167861002229628,False,False,False,7,0.48196889611983235,0.599440211710524,0.7267840978717965,0.5772461083510068,0.4821710567100927,0.6806167494234436,0.8368288369533894
9tf5_chainA,4005,13,0.028262516483664513,ActiveSite,0.7220516204833984,0.53762286901474,502.0,1,3,0.7418493545167131,6,0.4473249554628282,8.083575060843552,10.252703164152162,19.633164525369356,7.734824838551735,9.420618480810626,20.24603320655678,25.393589482885275,24.771022134316446,0.622567348568829,True,False,False,10,0.2775009638373909,0.4466885036465511,0.5426635804584914,0.38355855278555956,0.6463243783938275,0.2779510049410884,0.9649840459813438
9tf5_chainB,6,2,0.0,Unknown,0.5095904469490051,0.5431990027427673,73.0,1,4,0.6488936635508777,4,0.5810384680971218,31.565155445539155,41.92230576463871,1.69925096015803,30.10221088473792,40.294430842910096,2.6520338324938906,23.995429137863148,22.096444206841802,1.8989849310213458,True,False,False,5,0.43550585498972694,0.7444808025655311,0.7753325049669416,0.5409657292068004,0.32883037740802,0.4652949194442576,0.7210570543488701
9tf5_chainB,1,3,0.041269559413194656,ActiveSite,0.8268575668334961,0.47616255283355713,683.0,1,3,0.6302504156904092,3,0.49564451080985783,9.608349193440116,37.70598705689918,-2.462536381734047,8.385835880373087,38.17182870737509,-3.2757320710117517,20.41940482075366,21.533596549974867,-1.1141917292212078,False,False,False,7,0.452445671434647,0.5748958563260124,0.5165810579982103,0.40131379976719445,0.40788267648157617,0.4607695786012004,0.8368288369533894
9tf5_chainB,5,5,0.003447650233283639,Unknown,0.48914235830307007,0.5218247771263123,78.0,1,3,0.6265583375985068,4,0.5209763891234857,20.503570499492557,28.39664025799586,-1.6103552633464184,19.094225394429802,27.648947974085512,-1.001283794485679,7.694160677826621,7.227095111930375,0.46706556589624615,True,False,False,6,0.42736062506561856,0.5898853221064989,0.6461305476882608,0.5553140548368295,0.4333281681688849,0.1827373991346004,0.783091851446946
9tf5_chainB,5,5,0.003447650233283639,Unknown,0.48914235830307007,0.5218247771263123,78.0,2,3,0.514267114554645,3,0.5074961689936567,26.449474671953684,33.5428219927206,-2.946100763251719,26.640157874013262,33.175514796084016,-2.648808873380646,13.996219111849673,13.719915864564744,0.27630324728492894,True,False,False,8,0.44483935125309565,0.6158229514281044,0.545441558106782,0.4815217043468243,0.45357775188111793,0.182542788495634,0.8842282173954806
9tf5_chainB,1008,7,0.015370341017842293,Cryptic,0.8268575668334961,0.5442851185798645,227.6666717529297,1,3,0.6302504156904092,3,0.49495320666119913,9.610385986906154,37.71778709433528,-2.4453217474746936,13.677889823913574,42.22593688964844,-1.2989178895950317,20.42765184242962,22.703632758396893,-2.275980915967274,False,False,False,8,0.18545019953940578,0.3728572838671674,0.5556883355773062,0.5333812687274382,0.7629738772822905,1.0,0.8842282173954806
9tf5_chainB,3011,8,0.03459210321307182,Cryptic,0.8268575668334961,0.5440240502357483,683.0,1,3,0.6302504156904092,3,0.47786619720558327,9.608349193440116,37.70598705689918,-2.462536381734047,8.385835880373087,38.17182870737509,-3.2757320710117517,20.41940482075366,21.533596549974867,-1.1141917292212078,False,False,False,7,0.452445671434647,0.5748958563260124,0.5165810579982103,0.40131379976719445,0.40788267648157617,0.2067936699687064,0.8368288369533894
9tf5_chainB,1006,9,0.014675297774374485,Cryptic,0.8268575668334961,0.5469262003898621,227.6666717529297,1,3,0.6302504156904092,3,0.4851766547432038,9.608009276370424,37.70426627172015,-2.4650959158299726,8.385835880373072,38.17182870737508,-3.2757320710117384,20.418228758866615,21.53359654997486,-1.1153677911082447,False,False,False,7,0.452445671434646,0.5748958563260123,0.5165810579982103,0.40131379976719445,0.4078826764815761,0.3112287776490027,0.8368288369533894
9tf5_chainB,1007,10,0.011017490178346634,Cryptic,0.8268575668334961,0.5168114304542542,227.6666717529297,1,3,0.6302504156904092,3,0.5350757794140928,9.610405905680125,37.72710878718686,-2.433543343330168,11.784375190734863,39.531829833984375,-0.2406499832868576,20.435104510467298,20.984447940652732,-0.5493434301854343,False,False,False,8,0.36729019115912964,0.45568301217234364,0.5748432310808314,0.5496475422884155,0.5016273187096282,1.0,0.8842282173954806
9tf5_chainB,4009,11,0.008290189318358898,Allosteric,0.6729654669761658,0.5524832606315613,197.3333282470703,1,5,0.5800345609759423,9,0.5688659480126266,29.886282342902327,41.91059930474471,2.283968268617079,27.570382138730395,40.33503861336603,3.232351460577016,23.387605042134396,21.34163498845452,2.045970053679877,True,False,False,8,0.30307957137625174,0.6817081301917016,0.6919455570227003,0.5278360635042191,0.7201999342895757,0.49356928743561457,0.8842282173954806
9tf5_chainB,4001,12,0.03813833370804787,ActiveSite,0.8268575668334961,0.468295693397522,683.0,1,3,0.6302504156904092,3,0.5045530966163577,9.605935218333736,37.713506046458015,-2.4558199475595126,13.932153701782227,40.2507209777832,-1.5962141752243042,20.4268240530838,20.748299588930564,-0.3214755358467656,False,False,False,10,0.2645034952572002,0.3983217165845715,0.5438383060115,0.48493873128911497,0.6767762005031979,1.0,0.9649840459813438
9tf5_chainC,7,1,0.0,Unknown,0.4207916855812073,0.5453348755836487,58.0,1,5,0.5823431498679448,6,0.5300468640732582,48.01768144320979,34.76664386590044,32.26169623213951,46.49499718296388,34.766247226217246,30.199875834639368,33.77031478167724,31.9376297997678,1.8326849819094413,True,False,False,6,0.3881065356538171,0.5068220827129056,0.7252991746846925,0.5405682772397995,0.3716977711157924,0.6023961926888828,0.783091851446946
9tf5_chainC,5,2,0.011020592413842678,Unknown,0.5486761927604675,0.5026320815086365,105.0,1,3,0.6254861849124317,2,0.4676465376064593,36.53097784297822,30.112455442598872,25.79394970240674,43.659523010253906,21.890546798706055,25.37823486328125,20.57702376902992,22.338237899295,-1.7612141302650777,False,False,False,6,0.32647929190389374,0.7250627741462744,0.2885045898251929,0.17762514930148446,0.5477351009115039,1.0,0.783091851446946
9tf5_chainC,2,4,0.03407583385705948,ActiveSite,0.6816869974136353,0.501157283782959,506.0,1,6,0.5429043361752656,14,0.5166798360207293,32.60220590947733,11.750128267353587,33.965784776470024,25.53455114973694,9.881269722732153,34.178038389724335,17.482309278507994,15.555111893949991,1.9271973845580028,True,False,False,6,0.5127593913193256,0.4392614720487114,0.6462542460133475,0.5835020259022712,0.41301633075201244,0.22318533742906288,0.783091851446946
9tf5_chainC,1012,5,0.013081826269626617,Cryptic,0.6816869974136353,0.6082605719566345,168.6666717529297,1,4,0.6136200102751729,7,0.4669206582867836,36.24390031199363,12.707286821832918,34.04929846857493,39.5188916864538,15.210756887071156,35.17806239626159,19.636304151938198,22.527549517257118,-2.8912453653189196,False,False,False,10,0.3493472060719833,0.5830419165508443,0.4588008809130099,0.40556704349150996,0.44820092195779426,0.37035379287869563,0.9649840459813438
9tf5_chainC,4010,6,0.008468758314847946,Allosteric,0.6816869974136353,0.5574660301208496,168.6666717529297,1,6,0.5429043361752656,15,0.516367528961396,32.56782261108104,11.735047807275736,33.98593627332739,25.51070923933488,9.57334408156513,34.18125066847943,17.48265086279952,15.675267092751556,1.8073837700479647,True,False,False,6,0.5146953710170482,0.45216834019642765,0.6462542460133475,0.5835020259022712,0.4056276435723686,0.1857646645952693,0.783091851446946
9tf5_chainC,4007,7,0.017242470756173134,Allosteric,0.7749369144439697,0.5449244976043701,197.3333282470703,1,4,0.5088127867122383,5,0.550818965004658,45.325710680999016,16.15649250413776,30.06586311011948,45.592740340177755,16.189477749583446,29.63932012981699,24.633707576312567,24.710514318590448,-0.07680674227788131,False,False,False,8,0.43873810633649163,0.7025682373191958,0.5339827323485131,0.4823693583600392,0.4268988131170811,0.640155581117716,0.8842282173954806
9tf5_chainC,1011,8,0.012390214949846268,Cryptic,0.6816869974136353,0.5487498044967651,168.6666717529297,1,3,0.6044509188525184,4,0.4802236349814132,38.323720138978096,14.684764392765079,33.812842963164904,38.92827777664901,15.189806494741397,34.89676276314489,20.751296302292708,21.902384846526065,-1.1510885442333567,False,False,False,9,0.38721993775378133,0.5893781825138602,0.4710884069508528,0.3988098211706983,0.455878100651361,0.4127214044667996,0.9266284080291269
9tf5_chainC,4009,9,0.014995844103395939,Allosteric,0.7749369144439697,0.5251152515411377,197.3333282470703,1,3,0.6044509188525184,3,0.5041364531171302,38.410283224247785,14.737381042715588,33.88745267655919,45.22771453857422,11.07397174835205,31.169408798217773,20.862418639039248,25.4698379423023,-4.60741930326305,False,False,False,8,0.1527547349876764,0.5686437365214987,0.5358251428512062,0.4862389174639248,0.6528840603856889,1.0,0.8842282173954806
9tf5_chainC,4009,9,0.014995844103395939,Allosteric,0.7749369144439697,0.5251152515411377,197.3333282470703,2,4,0.5088127867122383,5,0.5387064873429048,45.32807338945139,16.15722731468335,30.06810230895724,45.35056083462957,16.387801878386504,29.79708861945663,24.63678268173219,24.552571988863047,0.08421069286914218,True,False,False,9,0.40929300495703225,0.6243586347647249,0.5552076636725976,0.5479081302881241,0.4369270569933909,0.5425376113187046,0.9266284080291269
9tf5_chainC,1008,10,0.013765021227300167,Cryptic,0.7749369144439697,0.5340790152549744,197.3333282470703,1,4,0.5088127867122383,5,0.5814092229052705,45.356421071323616,16.10463153308149,30.00443922536332,47.683433532714844,13.432077407836914,31.751916885375977,24.636486754508937,27.586200223085328,-2.949713468576391,False,False,False,5,0.3218380119541118,0.7101383384923231,0.6619711655358994,0.5560461178421974,0.4796539096916201,1.0,0.7210570543488701
9tf5_chainC,4001,11,0.01595194637775421,Unknown,0.5419000387191772,0.5522380471229553,137.0,1,3,0.6742537963313415,3,0.5086243803419335,31.06333700863205,25.087838387198545,28.150351875921736,30.55666567752058,25.399801985350077,28.207340428362244,14.761319766318444,14.7154859981491,0.04583376816934326,True,False,False,8,0.396809483504906,0.5200362183948646,0.611787044340814,0.5922918442636729,0.4601119769693005,0.2038841284506404,0.8842282173954806
9tf5_chainC,4003,12,0.0,Unknown,0.4840813875198364,0.5699247121810913,53.0,1,4,0.683810105726557,5,0.5826796012773177,29.716282305563656,23.246281781336442,27.797977825768886,30.41340473402671,24.377503190401,27.73522223813825,12.704163170478871,13.729241054118894,-1.025077883640023,False,False,False,5,0.4680786229085623,0.6127729892555677,0.7710189180192153,0.5972981506586075,0.3403903717707272,0.6191876383542425,0.7210570543488701
9tf5_chainC,4004,13,0.05282776057720184,ActiveSite,0.7749369144439697,0.48184236884117126,592.0,1,4,0.5088127867122383,5,0.5836566874940776,45.32615315717278,16.15671809448967,30.066326282042883,45.601695571934,16.189091159783878,29.654233799237403,24.6343021837435,24.724533811031357,-0.0902316272878565,False,False,False,7,0.4925207696096466,0.6883015735518934,0.5793033557538535,0.5461418845823832,0.4447477270790995,0.7116838278989928,0.8368288369533894
9tf5_chainC,4000,14,0.0,Unknown,0.0,0.5544225573539734,56.0,1,4,0.5624179099835256,5,0.5592706395445979,22.745966845474165,13.56346376385899,30.248922607119894,21.38890510754402,10.146383577668406,30.882769695069,10.42074684500681,12.304739471247006,-1.883992626240195,False,False,False,8,0.2715505492845248,0.5784866571581142,0.593221161562804,0.5562213478609919,0.7413484920699953,0.9182813066978875,0.8842282173954806
9u5b_chainA,509,2,0.02299337089061737,Cryptic,0.8153330683708191,0.5019065737724304,240.0,1,4,0.6524077943883448,9,0.5471725751251856,23.158500201278148,-2.5485967140127737,8.41945765788098,21.56238433530703,0.9162651806743283,5.647570279730717,11.661677135913669,12.292249561829474,-0.6305724259158048,False,False,False,4,0.3369772240854265,0.7600419872650015,0.7340011772408832,0.5498117156326771,0.5487795269178293,0.0991047382344693,0.647685462377997
9u5b_chainA,1515,12,0.012180141173303127,Cryptic,0.646817147731781,0.6611425876617432,264.6666564941406,1,3,0.7966243539387581,3,0.47247614197743504,-2.1657186655460436,4.488166946268645,30.98471203396162,-3.341311758024033,5.994474802225729,31.75045052474526,23.013006772054304,24.691590161908334,-1.6785833898540297,False,False,False,6,0.3418539139687546,0.6751527936392475,0.5881761814543233,0.42442837552000573,0.3962526741280756,0.04057901667072128,0.783091851446946
9u5b_chainA,1511,13,0.023778120055794716,Cryptic,0.757012128829956,0.6664085984230042,188.3333282470703,1,3,0.5916786381162832,6,0.4651128177458884,19.982509052774336,-1.588197541902102,8.000009550788238,17.461612853769857,0.8880287899698396,5.647301508639222,9.559873592721974,10.373112107096626,-0.8132385143746514,False,False,False,7,0.3517124440814104,0.49124376241898887,0.5183053454127629,0.4056687969977495,0.5655150531482315,0.36940231180174776,0.8368288369533894
9u5b_chainA,1511,13,0.023778120055794716,Cryptic,0.757012128829956,0.6664085984230042,188.3333282470703,2,3,0.7278210972890897,4,0.5536588751972542,11.367184089230658,4.331542055539359,4.538003024184161,11.5079138799904,4.332606566385656,4.338905430526959,12.090947031458802,12.239555290576392,-0.1486082591175908,False,False,False,7,0.4680351767495023,0.6466260734351518,0.6502231132088033,0.5457052707672119,0.5194913941207767,0.1980233304322524,0.8368288369533894
9u5b_chainA,4514,14,0.0077459742315113544,Cryptic,0.646817147731781,0.5669941306114197,264.6666564941406,1,3,0.7966243539387581,3,0.471085215752401,-2.159966322625089,4.486825724734836,30.989373048522253,-3.3413117580240197,5.994474802225744,31.75045052474525,23.011796341311808,24.691590161908312,-1.6797938205965046,False,False,False,6,0.3418539139687545,0.6751527936392477,0.5881761814543233,0.42442837552000573,0.39625267412807547,0.020708642027377544,0.783091851446946
9u5b_chainA,4000,15,0.03561600297689438,ActiveSite,0.646817147731781,0.5566920638084412,794.0,1,3,0.7966243539387581,3,0.4766448542578774,-2.195456824791498,4.479140396030482,30.938359236751836,-3.3413117580240206,5.994474802225744,31.75045052474525,23.00119995996002,24.69159016190832,-1.6903902019483006,False,False,False,6,0.3418539139687544,0.6751527936392477,0.5881761814543233,0.42442837552000573,0.39625267412807536,0.10013204924846952,0.783091851446946
9upz_chainA,504,3,0.0,Cryptic,0.5905434489250183,0.6128786206245422,162.0,1,3,0.7158680682254099,4,0.6019799213377667,38.44039120396457,-1.8301350083817176,1.4720853323072993,41.437522888183594,-1.8770517110824585,-0.12548516690731049,5.56932326446752,8.521426004634167,-2.952102740166647,False,False,False,5,0.350504288684763,0.5806841570900254,0.7869681256396996,0.5469548940658571,0.6650216225229194,1.0,0.7210570543488701
9upz_chainA,505,4,0.033740442246198654,Cryptic,0.7721987962722778,0.5342694520950317,660.0,1,3,0.7003603725774374,4,0.4873825091298379,25.595539475131446,1.3625150836294146,-2.5558676475853317,28.036369543737692,2.2712800703476956,-3.718196711737181,14.14792799126442,13.72198796419693,0.42594002706748846,True,False,False,11,0.32712528503057353,0.6189525595353478,0.5268360947306157,0.40681386745788833,0.4822730486303605,0.384770115823166,1.0
9xj0_chainA,1,2,0.011344855651259422,Cryptic,0.680921733379364,0.5335489511489868,264.0,1,4,0.4414661960804413,5,0.5553465156369332,15.81053073278609,-16.654889157583543,-7.804217935153666,15.356158256530762,-18.96817398071289,-9.200045585632324,8.05688512481364,8.017228886541764,0.03965623827187592,True,False,False,9,0.4372468240992714,0.6321148895285775,0.526010716698046,0.4084393606621702,0.47620652834340577,1.0,0.9266284080291269
9xj0_chainA,2,4,0.0,Unknown,0.43870633840560913,0.49606773257255554,62.0,1,5,0.556592378861051,9,0.5530265779203055,18.92365973453974,-8.434267635467108,-26.244915148287213,19.529962550187406,-5.273718647688199,-26.068174408076718,14.4474674067141,16.007643319401538,-1.5601759126874377,False,False,False,6,0.493648644649937,0.47822286513370044,0.6622301499027022,0.5232116458414544,0.4461285937003616,0.7460512559725427,0.783091851446946
9xj0_chainA,3006,11,0.0,Cryptic,0.680921733379364,0.5676384568214417,264.0,1,3,0.7957022155535538,5,0.5471050381513138,12.976162840771247,-17.81051994328323,-1.01602944908307,12.532763180750159,-17.450046242600905,-0.8792309593597691,14.089947017865976,14.11001838327149,-0.020071365405513575,False,False,False,6,0.48795935442437105,0.5641803625261468,0.6266009096979729,0.46180267768601574,0.4054267485314747,0.7254980140477569,0.783091851446946
9xj0_chainA,3006,11,0.0,Cryptic,0.680921733379364,0.5676384568214417,264.0,2,4,0.4414661960804413,4,0.4977912545583457,15.841095315025886,-16.51239451226979,-8.043987486252364,14.188595419025988,-17.709781449557482,-5.431066561677928,7.820408622038135,10.056791420286839,-2.2363827982487035,False,False,False,10,0.3230521052562617,0.5516319629516329,0.500283035106676,0.4842929310162676,0.44456600959990544,0.7098391166522016,0.9649840459813438
9xj0_chainB,5,3,0.0,Unknown,0.4404709041118622,0.5044371485710144,57.0,1,3,0.7057886643725422,4,0.5375396959579709,36.20439377974607,-18.674722657364182,-27.77442618368458,35.48864128320207,-19.918129663165985,-25.982549786260744,15.992090002370375,14.996855471159561,0.995234531210814,True,False,False,6,0.44756813972604387,0.5346027406533674,0.6871672493921966,0.5464671362436812,0.45111019602269764,0.39731907755493523,0.783091851446946
9xj0_chainB,1,6,0.004605331923812628,Unknown,0.5205138921737671,0.4756215810775757,72.0,1,3,0.5922511020810427,3,0.5529122241961967,32.79240780663272,-25.293773740331584,-21.61603409240802,32.712310791015625,-31.998737335205078,-18.29548454284668,15.51596030898773,18.35306953779843,-2.8371092288107,False,False,False,7,0.44076360721053154,0.43508439474533595,0.638739903525388,0.5389459904246009,0.4706609656642641,1.0,0.8368288369533894
9xj0_chainB,1,6,0.004605331923812628,Unknown,0.5205138921737671,0.4756215810775757,72.0,2,3,0.7226488412858285,5,0.5421886361380628,31.412433351026362,-24.428514440463406,-17.563905504222944,32.712310791015625,-31.998737335205078,-18.29548454284668,14.93871868121711,18.35306953779843,-3.4143508565813185,False,False,False,7,0.44076360721053154,0.43508439474533595,0.579164414313533,0.5389459904246009,0.4706609656642641,1.0,0.8368288369533894
9xj0_chainB,4004,11,0.010420440696179867,Cryptic,0.7889906764030457,0.6303220391273499,302.0,1,5,0.5609031378605269,5,0.49096525318006984,40.413059118268784,-16.638598728685093,-9.777931138659321,40.246307373046875,-11.315797805786133,-10.510274887084961,6.770631856584153,9.647144954625688,-2.876513098041535,False,False,False,10,0.34600878650771605,0.5618903930701485,0.42503763669834776,0.31565381027758127,0.5028447925500543,1.0,0.9649840459813438
9xji_chainA,8,1,0.0,Cryptic,0.6342151165008545,0.49465063214302063,387.0,1,3,0.7383602932259941,3,0.5012212687075189,3.1789691586731315,20.320747462369713,-10.569783373625528,2.1717003415926355,21.126142605962706,-9.594327092261732,4.83271357574932,6.420569276194131,-1.5878557004448108,False,True,False,6,0.41783234249606727,0.5169922394260861,0.7193434190315657,0.5400538171331087,0.3152260371742102,0.1567919452356863,0.783091851446946
9xji_chainA,3,4,0.011320661753416061,Unknown,0.4952906370162964,0.5124234557151794,115.0,1,3,0.6415202338976225,4,0.522491899793191,-5.643084866364553,17.635730262494853,-24.59372335059421,-6.785812300442787,18.737336463240712,-23.07974258366284,15.329984068870118,15.252956281298435,0.0770277875716836,True,False,False,6,0.4547256672611549,0.5096941124326094,0.5960385055620544,0.5223566094521181,0.4111453683055698,0.5755114178225569,0.783091851446946
9xji_chainA,508,6,0.045501191169023514,Cryptic,0.7508273720741272,0.47069427371025085,275.0,1,5,0.5583676768416727,7,0.5775674962152078,4.835395815532684,20.210051048904628,-8.208577455358588,4.963305237112532,20.537711583250427,-6.926446881332128,6.289645343774724,7.581534062810903,-1.2918887190361783,False,False,False,6,0.4542485390713831,0.5968940711425297,0.7316880927668125,0.5528146614631017,0.49394848532881647,0.5780769853174059,0.783091851446946
9xji_chainA,2,8,0.013404827564954758,Unknown,0.5805571675300598,0.47223320603370667,95.0,1,4,0.5387877506622928,5,0.5075210750196999,-8.230505815991782,22.634764154189135,-19.26413436600934,-9.98445987701416,15.664872169494629,-16.080883026123047,15.453573192236673,15.548884509629596,-0.0953113173929232,False,False,False,8,0.31217902234365735,0.593218777102725,0.4564222794893277,0.3537458033288116,0.6098760452621425,1.0,0.8842282173954806
9xji_chainA,4002,10,0.013602414168417454,Unknown,0.5805571675300598,0.47733166813850403,95.0,1,3,0.5523386167039592,4,0.5323040928640714,-9.370509009683417,22.408383374551654,-17.526087025690998,-8.403005123138428,22.417360305786133,-18.776968002319336,15.902651414523516,15.371518898372486,0.5311325161510307,True,False,False,9,0.41650903880696905,0.6420606603535988,0.5705505156642806,0.5156682955714557,0.471664888344189,0.3603694590400067,0.9266284080291269
9xji_chainB,508,2,0.028014516457915306,Cryptic,0.6534326672554016,0.4681542217731476,167.0,1,3,0.5634128360443316,3,0.46547247633441147,-8.157284630143073,44.89598079552394,-2.861933963113115,-7.6764704527532,44.2042038368422,-2.8177264131481357,11.659704952809468,11.77290929934861,-0.11320434653914191,False,False,False,7,0.35253649991827046,0.4728123835511561,0.5323591214958484,0.46300076721236116,0.418232829465454,0.46759643180499955,0.8368288369533894
9xji_chainB,6,3,0.06011609733104706,Cryptic,0.683834433555603,0.4944288432598114,207.0,1,5,0.5157866939007093,9,0.5076591092786178,9.294331073936275,44.24734153009113,-11.933732598860324,8.276128678527975,43.960226361281116,-8.453701953856278,15.119470188605723,15.077279614066963,0.04219057453875941,True,False,False,8,0.395240343009544,0.5758489711752579,0.5840886140210726,0.5654256703717,0.44294012274347905,0.19317359705555048,0.8842282173954806
9xji_chainB,5,4,0.0048365783877670765,Unknown,0.46596989035606384,0.507146418094635,92.0,1,3,0.702139880501826,6,0.5233964498605677,4.281589823793941,45.5059455296443,-25.600132506351073,4.843257427215576,48.50326919555664,-26.84202003479004,15.315511659558572,16.52459793245694,-1.2090862728983662,False,False,False,8,0.3758637599340411,0.5110598995546678,0.5723939398793956,0.4511450153540057,0.4155164506075803,1.0,0.8842282173954806
9xji_chainB,4,7,0.0,Unknown,0.46683645248413086,0.5399752259254456,65.0,1,4,0.6547090795523564,5,0.5582314178375389,3.64480580493987,54.438566769330215,-23.862924133635847,3.5353452580772817,54.5141285756659,-23.64738454528426,15.100869308621924,14.928527304676445,0.17234200394547905,True,False,False,6,0.46170673304981297,0.49832672804436395,0.6552543136953021,0.5104826158533494,0.5943628745905336,0.7077511609088585,0.783091851446946
9xji_chainB,4508,8,0.018378278240561485,Cryptic,0.6534326672554016,0.5277954936027527,167.0,1,3,0.5634128360443316,3,0.4632862122411222,-8.179378539417632,44.882804089127,-2.770035672257477,-3.2277302742004395,49.211631774902344,1.9385026693344116,11.754724478604803,16.019430488328712,-4.264706009723909,False,False,False,1,0.0481960113486819,0.5279165920963172,0.9873079686279618,0.5279579341411591,0.0,1.0,0.2789429456511298
9xji_chainB,4507,12,0.02892894856631756,Cryptic,0.7604807615280151,0.5450688600540161,207.0,1,3,0.6315899572876427,6,0.46185623138436954,1.5643944677902364,54.52410798834463,-20.144747455301804,2.1335488755006526,55.1942399344649,-19.896924869807776,11.645059093248868,12.26820331882912,-0.6231442255802513,False,False,False,7,0.4231393007979962,0.4984312779612225,0.5309100977520558,0.3851488144889111,0.40230484580972786,0.3050998465481122,0.8368288369533894
9yc2_chainA,2,4,0.05745885521173477,Unknown,0.7025220990180969,0.49163296818733215,148.0,1,3,0.6248600517132568,5,0.5428553072088971,17.204204545652438,13.811100912643875,43.4438466376529,15.492576978274595,14.732860387708612,44.20200844200593,25.703028193591603,25.25587062733621,0.4471575662553917,True,False,False,8,0.43235977433470685,0.4753475892369766,0.6499784221387933,0.5520469295305412,0.44527011159161484,0.7136770968909603,0.8842282173954806
9yc2_chainA,2,4,0.05745885521173477,Unknown,0.7025220990180969,0.49163296818733215,148.0,2,3,0.804264878005873,4,0.5378360868707529,14.1551395568629,15.360898517178887,43.783376028637974,12.425072344228823,16.32202183606545,42.86196482253649,24.361965608900952,22.93039963205937,1.4315659768415827,True,False,False,9,0.3536238206991176,0.5018058091140501,0.6188500697263327,0.5583407311370991,0.5320110086826997,0.7477879611107516,0.9266284080291269
9yc2_chainA,4002,6,0.08486423641443253,Unknown,0.7025220990180969,0.5474435687065125,148.0,1,3,0.804264878005873,5,0.5333256935063264,14.144627661791148,15.377926807177538,43.79021154946259,12.929538978987402,16.418647123482252,43.5494688051685,24.35384011427759,23.373636019038315,0.9802040952392765,True,False,False,8,0.41187145338832226,0.5226319384515469,0.6428515750036158,0.558486148200671,0.5489365831199832,0.36820029440413116,0.8842282173954806
9yg3_chainB,511,2,0.017173171043395996,Cryptic,0.6511337757110596,0.45773598551750183,106.0,1,3,0.7997801265638971,3,0.49966240994956407,-17.169050640626935,41.61242854923444,73.76027936686526,-18.384276331491016,41.19491351047335,73.15960283414687,34.45554315593942,35.85231344340713,-1.3967702874677101,False,False,False,7,0.40225430229547937,0.5202236847970599,0.7115214908715763,0.5488366421844278,0.34276268746916017,0.10101712483227665,0.8368288369533894
9yg3_chainB,2,3,0.023323576897382736,Unknown,0.6392613053321838,0.4750676155090332,106.0,1,3,0.6004855778805462,4,0.4842294876304092,-10.251370142256562,41.352132655967836,78.7111413883406,-10.167086503930102,41.069361073290494,79.28833438148291,26.246943463669172,26.009910568356958,0.23703289531221472,True,False,False,7,0.4377006813658161,0.5548721189991264,0.5122508106434791,0.3698982523045879,0.5704300344628547,0.25619412463246827,0.8368288369533894
9yg3_chainB,1513,9,0.03490108251571655,Cryptic,0.7236047983169556,0.6214503645896912,361.3333435058594,1,4,0.44141887006656483,8,0.5549976936411316,0.1941569094894532,48.38525926482607,84.64224791879788,-2.1004152297973633,52.262020111083984,86.30947875976562,14.290009104346819,17.229325866077197,-2.939316761730378,False,False,False,2,0.20950938889962034,0.5959219387866324,0.6908656800556148,0.5653436914086343,0.7861453407761712,1.0,0.44211410869774026
9yg3_chainB,3516,11,0.0730336606502533,Cryptic,0.7236047983169556,0.6449509859085083,1084.0,1,4,0.5553634335538498,5,0.5557972538356654,6.954723297416206,51.49260601830591,83.73058062597002,5.392028975510833,52.28931005687367,84.50580627536677,10.04402595192386,11.289495643440317,-1.2454696915164565,False,False,False,6,0.41855093626029016,0.8234807198743436,0.5966712556521873,0.3395568133952718,0.526896917854719,0.5296383519981511,0.783091851446946
9yg3_chainB,1512,12,0.0,Cryptic,0.7236047983169556,0.7038214802742004,361.3333435058594,1,4,0.5553634335538498,5,0.5522621303092993,6.950666889873649,51.4973434814257,83.71931159780647,5.381786012739409,52.297982280261394,84.4758212632813,10.054773995118952,11.312604104009298,-1.2578301088903459,False,False,False,6,0.4175447867161324,0.8246417896286365,0.5966712556521873,0.3395568133952717,0.5283374376976981,0.47721101527065357,0.783091851446946
9yg3_chainB,4514,13,0.01350223645567894,Cryptic,0.7236047983169556,0.7975607514381409,361.3333435058594,1,4,0.5553634335538498,5,0.5439830831318776,6.955775618969658,51.489551902388385,83.72827988474019,5.3912467411406215,52.28995744657132,84.50356173767625,10.042663188857057,11.291234155325212,-1.2485709664681544,False,False,False,7,0.36923057036095114,0.8305351578230302,0.560037260208384,0.37665488903543787,0.519511257806561,0.4913808281305506,0.8368288369533894
9yg3_chainB,1514,15,0.004929841961711645,Cryptic,0.7236047983169556,0.7820496559143066,361.3333435058594,1,4,0.5553634335538498,4,0.5189473168111223,6.95539866987875,51.450107013043734,83.72923101324868,6.861827262286172,50.760305314815994,84.48861615433435,10.02004314866021,9.364172185348151,0.6558709633120596,True,False,False,6,0.4753172885668093,0.7332870493788368,0.5938978442867725,0.3395759383216501,0.4093531613219044,0.241286955309998,0.783091851446946
9yg3_chainB,4002,19,0.018370872363448143,Unknown,0.6392613053321838,0.523337721824646,106.0,1,3,0.7997801265638971,3,0.5882911790824876,-17.08082508519916,41.64675320646368,73.81301024424285,-13.860939979553223,40.42529296875,70.61638641357422,34.34983204381071,33.278544440976155,1.071287602834552,True,False,False,5,0.280890792783245,0.7055136049168508,0.7535124150997814,0.5693891638517379,0.4698731417945646,1.0,0.7210570543488701
9znb_chainA,1,1,0.0036948216147720814,Cryptic,0.8376315832138062,0.6951830387115479,205.0,1,4,0.5753482540892139,5,0.5632187897142206,-29.266677397357814,31.05996030819009,48.59391321855745,-28.268550872802734,35.64733123779297,52.15709686279297,5.640247313132435,9.354575269316864,-3.7143279561844293,False,False,False,6,0.27160796750131505,0.83833095181206,0.5285673074340261,0.3705194615448515,0.6678686539384471,1.0,0.783091851446946
9znb_chainA,0,6,0.08654846996068954,ActiveSite,0.7407565712928772,0.4980602562427521,1018.0,1,5,0.6278812086830378,10,0.5435506923686582,-22.24030437224168,16.58715842776219,34.01009858908297,-27.555540084838867,11.768916130065918,32.230831146240234,23.459083939358248,25.51928860845581,-2.060204669097562,False,False,False,5,0.387189362720931,0.5859759230326922,0.5606745027836768,0.5255595725774764,0.4236626587819472,1.0,0.7210570543488701
9znb_chainA,4,7,0.018298272043466568,Cryptic,0.7692350745201111,0.5603508353233337,221.0,1,3,0.862573607193915,5,0.4667371173465474,-17.313209385790493,15.737617399919795,17.44851310344174,-16.71806070318677,15.615152363786654,17.664185441131927,38.77452249210131,38.90899102035814,-0.13446852825682498,False,False,False,7,0.3931173878091841,0.4851176245350261,0.5484895583752822,0.328797155447897,0.6121383213258558,0.2996354286552655,0.8368288369533894
9znb_chainA,4,7,0.018298272043466568,Cryptic,0.7692350745201111,0.5603508353233337,221.0,2,3,0.6585119050939542,6,0.45349049196079977,-12.653781877845478,4.451266075123124,23.525989142173056,-10.435226131103,4.368619579369355,23.583966502344204,42.032237759160594,43.24217682821479,-1.2099390690541938,False,False,False,5,0.3279057578782439,0.3725888850071527,0.6763388074127046,0.4664707470964641,0.4768196707545771,0.2880601200852627,0.7210570543488701
9znb_chainA,1509,8,0.01539106946438551,Cryptic,0.7407565712928772,0.8150730729103088,339.3333435058594,1,4,0.6882122625935926,8,0.5547135710327511,-21.875975525180422,15.187720746162146,35.16894790324391,-26.643152236938477,10.308662414550781,34.47903060913086,23.716417888351735,25.411646635909623,-1.6952287475578878,False,False,False,5,0.18301519995046506,0.7033230374605874,0.6364529701657858,0.46267343258485194,0.7548317899166075,1.0,0.7210570543488701
9znb_chainA,1508,9,0.022875498980283737,Cryptic,0.7407565712928772,0.6795344948768616,339.3333435058594,1,4,0.6882122625935926,8,0.4927900654582026,-21.849609028271544,15.14700407823837,35.2115686192319,-24.268188922899846,18.416155487982778,32.131451859689605,23.729122443040964,22.868654492903044,0.8604679501379202,True,False,False,10,0.3656369377676708,0.5659561616301053,0.5052359391095985,0.46704111929975706,0.5439057747460603,0.3362448595225497,0.9649840459813438
9znb_chainA,1507,10,0.01170266605913639,Cryptic,0.7407565712928772,0.5616961717605591,339.3333435058594,1,5,0.6278812086830379,10,0.5325648574662107,-22.224227769052757,16.568589925615875,34.03107336258376,-25.088453769555223,18.539338464942993,31.258956044243256,23.46378414639272,23.13193227311847,0.3318518732742497,True,False,False,8,0.4477005109491583,0.5614748823269334,0.5835113272293563,0.5161302061751485,0.4815848797306338,0.46912839486972646,0.8842282173954806
9znb_chainA,4508,11,0.020523283630609512,Cryptic,0.7407565712928772,0.6577775478363037,339.3333435058594,1,5,0.6278812086830378,9,0.5408330203851358,-22.224988509257646,16.567835710676153,34.03125668921778,-27.835206985473633,13.818052291870117,36.033607482910156,23.463672473628172,21.528379267549433,1.9352932060787396,True,False,False,4,0.29050498758788823,0.4133287473463212,0.6667325558690573,0.5499177867663918,0.7806309483682552,1.0,0.647685462377997
9znb_chainA,1512,14,0.001372895436361432,Cryptic,0.7622089982032776,1.0,197.0,1,3,0.6980219059462129,6,0.5320984072827745,-18.481765879072473,24.093580053172875,40.81130506660714,-19.635633172364898,27.33415278474337,42.85674468396035,18.955967818296646,16.41448262002913,2.541485198267516,True,False,False,5,0.5013324801940369,0.6362119708985606,0.5806759069582353,0.42934078907594087,0.3971931898096447,0.5078265236207511,0.7210570543488701
9znb_chainA,4512,15,0.0018732218304648995,Allosteric,0.7622089982032776,0.9172373414039612,197.0,1,4,0.5543587151400194,7,0.5855821784094576,-17.694030560575,23.30558209001489,40.3588431806584,-14.831331253051758,22.031051635742188,37.42724609375,20.051177710658298,24.194898892060856,-4.143721181402558,False,False,False,4,0.5000468096349044,0.5309342329976133,0.7088792645611744,0.5517793625593186,0.41116858748155694,1.0,0.647685462377997
9znb_chainA,3514,16,0.0075246794149279594,Cryptic,0.7692350745201111,0.643610417842865,221.0,1,3,0.7791591906266998,6,0.5459330215104922,-8.641962843324508,5.493903837734844,22.403351770374847,-8.699540446018974,5.786180033513605,21.606315968668483,44.353693911416,44.65633584287989,-0.3026419314638886,False,False,False,6,0.4934550339238711,0.5165991490691452,0.6761499970266418,0.5779554833968481,0.46536557461136874,0.347327953045124,0.783091851446946
