target,site_id,site_rank,site_rank_score,site_classification,site_druggability,site_uv_enrichment_score,site_volume,cluster_id,seed_n,cluster_internal_score,n_void_candidates,void_score,raw_centroid_x,raw_centroid_y,raw_centroid_z,void_centroid_x,void_centroid_y,void_centroid_z,raw_dcc,void_dcc,dcc_gain,improved,good_raw_dcc_5,good_void_dcc_5,void_support_n,void_compactness,void_inwardness,void_support_coh,void_signal_support,void_cavity_bonus,void_site_anchor,void_support_bonus
9ig2_chainA,1,1,0.15403957664966583,ActiveSite,0.6531283855438232,0.7364893555641174,1911.0,1,3,0.5723703299744148,6,0.5143515149659288,-2.7680579698612817,5.355579054468012,18.017650650428237,-4.54870591019934,4.907107453895155,18.805958799020082,11.990336201010878,13.040662627616541,-1.0503264266056629,False,False,False,6,0.44944775130042763,0.477885944229794,0.5641865565297951,0.5440811779377773,0.46553410644219373,0.5227470563699024,0.783091851446946
9ig2_chainA,3,2,0.02568606659770012,ActiveSite,0.7228365540504456,0.7667074799537659,1035.0,1,4,0.45343425752898514,8,0.48635635547181894,-1.7213444252186694,-0.5619212901512712,47.381661132556765,-2.2800163543622096,1.4682689425700708,48.29841638166755,28.09119708742932,28.05667763709108,0.03451945033824089,True,False,False,11,0.3397772320629969,0.5923561043254475,0.44700652815975045,0.4020572682955136,0.5419738942493328,0.533583878437708,1.0
9ig2_chainA,4,3,0.036112308502197266,ActiveSite,0.6593725681304932,0.8285130858421326,1085.0,1,3,0.5821375437746046,6,0.42908280340552485,-2.6143935112528527,28.742040182346628,16.320135240491634,-2.500598171846719,29.163995899519513,17.3918401492528,18.207576454590136,18.12142487060354,0.08615158398659517,True,False,False,7,0.36532026380203114,0.5346360637593496,0.4294584486945206,0.2369855372611085,0.5516569675741931,0.31787688584696505,0.8368288369533894
9ig2_chainA,5,4,0.005324935540556908,Unknown,0.5539416074752808,0.848883867263794,135.0,1,7,0.4846708726503162,9,0.5378480752055688,-8.63212955944978,16.522425214611843,14.06841999483788,-7.245694816088934,15.37555337053806,13.077633432348524,16.16858022833698,15.582071837067563,0.5865083912694189,True,False,False,10,0.41179372947448806,0.5307167385586441,0.4549499433790036,0.5468934670090676,0.50371819663597,0.9265609418232451,0.9649840459813438
9ig2_chainA,515,6,0.0033917324617505074,Cryptic,0.647803783416748,0.8095075488090515,148.0,1,9,0.41649060934656423,19,0.5366466388239836,-12.610954781614286,19.240597683554107,43.56894038741487,-6.783694023463369,14.548978021709091,46.78962225329749,26.502895641571907,25.477864006157525,1.0250316354143827,True,False,False,5,0.512251305741209,0.6524207167441041,0.572433142540387,0.48375208288431165,0.4033182435578919,0.3771315157897196,0.7210570543488701
9ig2_chainA,517,9,0.0002499206457287073,Cryptic,0.6088988184928894,1.0,167.0,1,3,0.6804700603324759,5,0.4449394112770114,26.62373843912663,15.868035995000417,17.69213047574533,27.415082299707827,15.266002157913276,17.92393387913553,23.56020030243299,24.213336728825453,-0.6531364263924644,False,False,False,11,0.2996033440333332,0.5191893207532554,0.559673198459785,0.23389364771684243,0.5917512735143117,0.3122493978496155,1.0
9ig2_chainA,516,11,0.0,Cryptic,0.6285156011581421,0.8101717829704285,87.0,1,8,0.40441257714508644,16,0.486484351541407,21.35742297042723,16.815646377241972,19.550415530563342,17.701584339141846,17.310865879058838,21.336181640625,18.186875290161527,14.45302763331879,3.7338476568427375,True,False,False,9,0.4099331154621475,0.6332800788845862,0.47073073926836995,0.32362940050661565,0.44609404494652327,0.48559037154429363,0.9266284080291269
9ig2_chainA,9,13,0.0,Cryptic,0.6758342385292053,1.0,257.0,1,3,0.471398494066278,6,0.46416987923944836,4.573367380971999,-4.049160458889839,74.74893344529035,4.291924665342059,-4.353460904822219,76.16761012232232,53.95469258943376,55.39317166249142,-1.4384790730576569,False,False,False,5,0.45663107140593234,0.41193263335243807,0.5691813076441242,0.45720736308023335,0.40835842403283423,0.28139124060043386,0.7210570543488701
9ig2_chainA,6,17,0.0014251668471843004,Unknown,0.4687826633453369,1.0,88.0,1,3,0.6588726029522837,3,0.5104857045468149,-9.593924386386934,18.35303897685448,14.21124094603077,-9.667653078041123,18.37146191645467,14.427620608596284,17.27429955407067,17.21975186152516,0.0545476925455084,True,False,False,8,0.4891789576083794,0.5607829426279504,0.4719613535524777,0.5404724076390266,0.4495078010728007,0.2905049479495637,0.8842282173954806
9ig2_chainA,6,17,0.0014251668471843004,Unknown,0.4687826633453369,1.0,88.0,2,4,0.44828386083357286,7,0.49166178227917967,-4.565317860503703,19.38432994027117,14.311008113708898,-5.119441509246826,25.474271774291992,15.589966773986816,14.017174295933222,17.116857969696962,-3.0996836737637405,False,False,False,8,0.30860711996300205,0.5905899148249587,0.39536170132042475,0.3293624833691865,0.6140357607654714,1.0,0.8842282173954806
9ig2_chainA,4523,19,0.03213292360305786,ActiveSite,0.6531283855438232,0.7885010838508606,637.0,1,10,0.43836597464073507,16,0.5598843675094344,-2.9593856012304416,6.326912270723826,21.379381280795055,-3.361003893065555,8.369876830803468,20.963343697053137,10.224152277164718,9.348089872390487,0.8760624047742311,True,False,False,10,0.4142535487705792,0.5348552653469435,0.7012859453999546,0.5686436099575707,0.47132756000838144,0.5842293809999748,0.9649840459813438
9ig2_chainA,1523,20,0.03225570172071457,Cryptic,0.6531283855438232,0.800568163394928,637.0,1,7,0.41389293601346355,14,0.5448803046396891,-7.048544788143798,4.16817028000927,26.523199770769295,-4.40810687783306,1.342593514602213,26.98626551099317,14.691087615080395,15.097300790318066,-0.40621317523767075,False,False,False,8,0.41025831520751666,0.6319534476636005,0.5498575704873985,0.4549059519797872,0.4200890158959661,0.886399885618522,0.8842282173954806
9ig2_chainA,4001,21,0.06936030834913254,ActiveSite,0.6531283855438232,0.7260258793830872,1911.0,1,7,0.382048485229786,13,0.5407044672768783,-3.7793820020577296,5.669859434340018,20.931489082446475,-3.3284321427345276,7.76465106010437,20.78422784805298,11.344102785339905,9.719315391601082,1.6247873937388224,True,False,False,7,0.40329401218758426,0.52045068832386,0.6510104703054015,0.5727714454512863,0.4912249068869524,0.571921688907761,0.8368288369533894
9ig2_chainA,3528,22,0.13101764023303986,Cryptic,0.6531283855438232,0.804995059967041,1911.0,1,3,0.5723703299744148,6,0.5247525957861795,-2.797922632209194,5.386590582215322,17.864867770328473,0.4811772406101227,4.151430130004883,19.457189559936523,12.059663156066657,10.823425885586035,1.236237270480622,True,False,False,4,0.33154156244412264,0.5181244620635828,0.5291492413169357,0.5797988760326676,0.5115877166569837,1.0,0.647685462377997
9ig2_chainA,1524,23,0.03474137559533119,Cryptic,0.6531283855438232,1.0,637.0,1,3,0.5252286295494405,7,0.5198985255694911,-3.5196348417969756,3.0500713018420864,23.382762965063332,-0.8149193070401237,3.0200338637771105,20.37784620242136,12.836676779497918,11.968240494803307,0.8684362846946101,True,False,False,4,0.36562316941046386,0.4960327917016865,0.6125657435522305,0.5797988760326676,0.5581695107493082,0.5958789767454791,0.647685462377997
9ig2_chainA,4524,24,0.037741709500551224,ActiveSite,0.6531283855438232,0.9570186138153076,637.0,1,3,0.6575663656529709,4,0.5461262328573211,-1.386690359996481,6.33857329663856,19.649651513480357,-1.7478051483741541,5.944320637504628,20.46086858995231,9.80404126151844,9.997589888740551,-0.19354862722211053,False,False,False,7,0.41032273699137856,0.5329646559501363,0.657636228806264,0.572785493414565,0.46910842953524295,0.6040479979530176,0.8368288369533894
9ig2_chainA,4522,25,0.022241974249482155,ActiveSite,0.6531283855438232,0.7407190203666687,637.0,1,3,0.5723703299744148,6,0.51026093892892,-2.8048389842193067,5.392079599672985,17.836778121836716,-3.588363733646417,5.116366287282247,18.07516657266443,12.0735355774235,12.601123214963437,-0.527587637539936,False,False,False,7,0.40589531540354,0.5128501270089273,0.5494474507887659,0.5384910253033395,0.43253582267269286,0.5731701217833429,0.8368288369533894
9ig2_chainA,1520,26,0.005031939595937729,Cryptic,0.7228365540504456,1.0,345.0,1,3,0.5861110189312155,6,0.4773381038596814,-1.612407445592867,0.6975742337008924,48.60150948226319,-1.543288240545864,1.0517117094944686,48.55155685969568,28.519298316702866,28.305141065403713,0.2141572512991523,True,False,False,11,0.3515799736258726,0.5973086937391812,0.44163914408571847,0.4020572682955136,0.5578686480179202,0.34122996824474605,1.0
9ig2_chainA,1521,28,0.005609449930489063,Cryptic,0.7228365540504456,1.0,345.0,1,3,0.5861110189312155,6,0.49599813050178093,-1.6118941638985467,0.6932459774373793,48.5991654389234,-1.6010826158928588,0.8959005467116278,49.06089527541594,28.519091029972156,28.831752011221496,-0.3126609812493406,False,False,False,11,0.35751913840536315,0.6025425611457508,0.44163914408571847,0.4020572682955137,0.5354342730328452,0.6045341269906797,1.0
9ig2_chainA,4004,29,0.025832701474428177,ActiveSite,0.6593725681304932,0.8579251766204834,1085.0,1,4,0.6630793392478516,6,0.4980846330960621,-0.005596727294984096,20.82233239180727,24.86067429587303,1.0641061107650782,19.194351252939388,24.929831241748985,8.441084332651679,6.537838661123521,1.9032456715281576,True,False,False,7,0.3352067662286564,0.475190937345008,0.6984711433891703,0.5505195455359562,0.5679050564542635,0.14509915918976468,0.8368288369533894
9ig2_chainA,1525,32,0.003981958143413067,Cryptic,0.6593725681304932,1.0,361.6666564941406,1,3,0.5821375437746046,6,0.42670402818630754,-2.6140072326979746,28.743112429865036,16.319565649150025,-2.5475506093671703,29.25359425025019,17.470776100847125,18.208567754376404,18.18858054944971,0.019987204926692925,True,False,False,8,0.3153271620205047,0.5723133044243729,0.44407345744254234,0.2677071230116461,0.5515313277765516,0.20617061067945208,0.8842282173954806
9ig2_chainA,4003,33,0.01993192546069622,ActiveSite,0.7228365540504456,0.9061646461486816,1035.0,1,4,0.45343425752898514,7,0.4945873511960558,-1.7196347760007547,-0.5792352155389635,47.38401363723837,-1.4694597873337847,1.9808948416776047,51.00911631230727,28.101481955377356,30.104044708421895,-2.00256275304454,False,False,False,11,0.3699715025083639,0.6435774763579304,0.3986216522516179,0.3501886833740994,0.48688809275963374,0.722968561447884,1.0
9ig2_chainA,1519,35,0.005705908872187138,Cryptic,0.7228365540504456,1.0,345.0,1,4,0.45343425752898514,8,0.48805590020170153,-1.7193513814580779,-0.5825113800039513,47.38384374875604,-2.2953592326543513,1.4580889804112547,48.300215197055536,28.102919123347156,28.066031766658725,0.036887356688431794,True,False,False,11,0.3396664665625158,0.5923431498648362,0.44700652815975045,0.4020572682955137,0.5413636951960131,0.5591515819727408,1.0
9ig2_chainA,3527,36,0.022474564611911774,Cryptic,0.7228365540504456,0.8648426532745361,1035.0,1,4,0.45343425752898514,8,0.499619124062069,-1.7200502242304339,-0.5746593526497307,47.38388982279208,-2.2892787214956596,1.4620663557627906,48.29972363252371,28.099175040901365,28.062541809252043,0.036633231649322084,True,False,False,11,0.3397158617087396,0.5923508087019008,0.44700652815975045,0.4020572682955136,0.5416024828757733,0.723808131828239,1.0
9ig2_chainA,4515,38,0.0025298779364675283,Cryptic,0.647803783416748,0.8920257091522217,148.0,1,6,0.48615130346740454,9,0.6073225904761754,-16.719997783846573,24.677187554958753,40.925738896151984,-17.086696538471674,27.52258774973468,40.38460343363427,29.154521144014712,30.312763491428683,-1.158242347413971,False,False,False,7,0.516795358683333,0.6482063397957332,0.7421100547600747,0.5056901337844986,0.45108974448625455,0.7458541267771512,0.8368288369533894
9ig2_chainA,4516,40,0.0,Cryptic,0.6285156011581421,0.8837586045265198,87.0,1,3,0.5522635111860864,5,0.4764313571410647,25.555034576304116,17.213276566434022,18.295198964728193,28.782363891601562,22.600114822387695,20.4114933013916,22.5649967876438,26.6419026704648,-4.0769058828209985,False,False,False,5,0.13420744111003527,0.5836275608153711,0.47558376752894144,0.33343859759794214,0.8248795262325833,1.0,0.7210570543488701
9ig2_chainB,7,1,0.020245607942342758,Allosteric,0.7401458024978638,0.7277721762657166,164.0,1,9,0.45916310909623426,11,0.5196183911876443,3.4412619173191277,10.320927439535033,81.29195109763216,2.0387508635043714,11.68575627427885,83.83257874576208,18.25151531698633,20.861740052796804,-2.610224735810476,False,False,False,11,0.34256418173240033,0.6532617309930078,0.586645996050856,0.4568432706364915,0.48983800518818055,0.41536626090651285,1.0
9ig2_chainB,522,2,0.008245507255196571,Cryptic,0.8051583766937256,0.7481279373168945,218.0,1,7,0.43758321771692904,11,0.5065741941417633,-4.044527440310172,14.06334690421426,68.85139052309233,-4.094431185337529,13.804670331741077,69.20989704434986,15.90776164838141,16.04541499458471,-0.13765334620330094,False,False,False,10,0.4012938265082995,0.6407309030336248,0.46930218993134787,0.3556522521004081,0.5132006064476441,0.5881353957929563,0.9649840459813438
9ig2_chainB,521,3,0.020790228620171547,Cryptic,0.7228531837463379,0.7728230357170105,215.0,1,5,0.5328635775968981,7,0.5693234241089611,32.383020876701046,8.527416731637931,49.61133243526397,31.741344642811036,9.593625212271663,52.18485559925311,26.877434229876847,24.690469997183584,2.1869642326932635,True,False,False,9,0.4592395393626946,0.6399017539971584,0.4875130372203189,0.5383316859602929,0.45932068415055427,0.9282382656095249,0.9266284080291269
9ig2_chainB,521,3,0.020790228620171547,Cryptic,0.7228531837463379,0.7728230357170105,215.0,2,4,0.615789590620905,4,0.5750508563934558,32.13373114179885,8.6594816395179,53.58079095444816,32.03814443720851,8.64916154829712,53.68850648551747,24.506520160886097,24.37638252956462,0.13013763132147815,True,False,False,10,0.40729600855570747,0.6816727847125161,0.5793462165796706,0.5463236214220524,0.4214551658309459,0.8410920014793141,0.9649840459813438
9ig2_chainB,519,5,0.007274954579770565,Cryptic,0.6794591546058655,0.870921790599823,184.0,1,4,0.5404852311451953,10,0.5248067301937409,25.838420005613877,26.470824127533625,47.484319130070425,28.10208511352539,28.29738140106201,47.77874565124512,25.935272993946437,27.918664490690215,-1.9833914967437778,False,False,False,7,0.4558809417752074,0.5747765696899739,0.59593178885191,0.5049025787838869,0.45580592134136444,0.3566545949874962,0.8368288369533894
9ig2_chainB,519,5,0.007274954579770565,Cryptic,0.6794591546058655,0.870921790599823,184.0,2,3,0.44913495700968536,7,0.5030527723342485,27.663694509873714,26.453991305103447,45.08627228635454,29.639450702457605,26.294939003397143,44.821880010790835,28.63264581417783,29.91140947502584,-1.2787636608480106,False,False,False,7,0.403447341138418,0.710847109045896,0.43960417752984654,0.5071314404053348,0.4283442092826366,0.27300490650985554,0.8368288369533894
9ig2_chainB,17,6,0.007705381605774164,Cryptic,0.6753491163253784,1.0,253.0,1,4,0.5055744631765745,5,0.5477111865594905,28.040533032397708,31.300730650618064,47.21166739989672,28.79304203034997,29.92669065957552,45.133841039404956,29.831140874473213,30.839280764710196,-1.0081398902369827,False,False,False,7,0.5122159139816465,0.659283852892466,0.6116660763929421,0.5158306902008397,0.45544255320382143,0.18434421820695046,0.8368288369533894
9ig2_chainB,520,8,0.0,Cryptic,0.5838870406150818,0.7436869740486145,64.0,1,6,0.572635092394942,12,0.5801000855267402,30.632340223292008,14.957186939255239,62.94388600454732,27.554630550687925,20.63397898632504,72.28634911493916,19.312523370376052,18.522240494388544,0.7902828759875078,True,False,False,3,0.49199854051852093,0.8163727474378372,0.6991975791500153,0.5644300162792205,0.43839386288741083,0.1549691229885094,0.5578858913022596
9ig2_chainB,520,8,0.0,Cryptic,0.5838870406150818,0.7436869740486145,64.0,2,3,0.6395359419162675,4,0.5170557444887747,32.60587706060645,8.864283634952207,58.50019561782625,31.482184025540562,8.94181915104215,57.248774253470145,22.922775367015312,22.30102837519128,0.6217469918240326,True,False,False,10,0.4176881695557618,0.6016023994248327,0.546481691312897,0.5634117959439755,0.4484393811952575,0.21263388149249718,0.9649840459813438
9ig2_chainB,19,10,0.0,Unknown,0.5780856013298035,0.8005380630493164,64.0,1,3,0.6395359419162674,4,0.5131393788217012,32.506625172285034,8.896879775483987,58.43768089441144,31.467947760227688,8.958618232419783,57.26241774776115,22.84249660358208,22.279099390269998,0.5633972133120828,True,False,False,10,0.41775727978593674,0.6010475421060637,0.546481691312897,0.5634117959439755,0.448862377602419,0.15742987721710044,0.9649840459813438
9ig2_chainB,19,10,0.0,Unknown,0.5780856013298035,0.8005380630493164,64.0,2,5,0.6610896852279259,9,0.512066910938295,31.918703207495668,12.026801516523674,59.3721918573924,33.59407227594823,11.997542358174604,57.099640434260735,21.451346924444472,23.75540130579887,-2.3040543813543977,False,False,False,9,0.40740145643480896,0.5216391502344018,0.5455762749763063,0.5582449477579859,0.47371222646393374,0.4105309594599694,0.9266284080291269
9ig2_chainB,525,17,0.0019176078494638205,Cryptic,0.4487433433532715,1.0,93.0,1,3,0.7330044643442746,7,0.5128284746451346,16.046664825916977,22.915226670190187,55.40353254567079,11.823623023869532,22.65932428342019,58.955297537396454,13.893324372019206,10.459678299934964,3.433646072084242,True,False,False,5,0.4707021479663826,0.47776165625531314,0.6388135773431096,0.5220706465840339,0.42918286282144297,0.3831248786763878,0.7210570543488701
9ig2_chainB,1527,21,0.009418183006346226,Cryptic,0.7413843870162964,1.0,289.6666564941406,1,3,0.6422424995008261,6,0.4838623211185267,20.59799291029955,7.4880400002607965,40.11224359801161,18.00030517578125,10.105237007141113,39.49175262451172,27.806460891897228,27.107013204208,0.6994476876892293,True,False,False,9,0.39718461897206586,0.5692737577242444,0.4088566327622524,0.2617852816213401,0.4287200166230571,1.0,0.9266284080291269
9ig2_chainB,1527,21,0.009418183006346226,Cryptic,0.7413843870162964,1.0,289.6666564941406,2,4,0.6930385196587653,5,0.48125692045846913,20.972371827341505,2.9355987722886256,40.45054134696854,20.89153171732356,2.454856205609874,42.55614961300855,29.109240150349542,27.5013206992713,1.6079194510782422,True,False,False,11,0.334042712332139,0.5430981891631742,0.5182823758443925,0.5002990577504491,0.5007511528249114,0.2721891355938185,1.0
9ig2_chainB,4009,22,0.04788060858845711,ActiveSite,0.7847995162010193,0.6558361053466797,522.0,1,4,0.5518945995371592,5,0.5479067750883504,21.285943245500444,11.630042642752082,75.51259697796876,18.343698501586914,5.891040802001953,73.794921875,14.3324873478178,13.791533430916093,0.5409539169017066,True,False,False,5,0.2495727855519357,0.6212705000530536,0.6326755120942062,0.5035857339203358,0.6324704422362069,1.0,0.7210570543488701
9ig2_chainB,4528,23,0.015344182960689068,Cryptic,0.7413843870162964,1.0,289.6666564941406,1,5,0.6205058942192377,9,0.5164175764792804,21.326596270418356,2.4022873602203623,42.21037505037757,21.25756301617726,2.336527354842138,42.573627968938716,27.96256545833407,27.665788024655022,0.29677743367904696,True,False,False,10,0.3754072706257755,0.5723439654746585,0.5317286379120392,0.4953490580393873,0.491198902081269,0.5644991688071368,0.9649840459813438
9ig2_chainB,4528,23,0.015344182960689068,Cryptic,0.7413843870162964,1.0,289.6666564941406,2,4,0.6119322972420236,10,0.5053427188647385,21.131847194421287,5.096089244743512,41.386058878117574,22.358245849609375,4.16070818901062,42.20560073852539,27.55686629891731,27.64370097259892,-0.08683467368161146,False,False,False,11,0.33165771943016203,0.5231465493246625,0.5831617823135797,0.5002990577504492,0.47557213147786537,0.5505910447466329,1.0
9ig2_chainB,3539,25,0.042282748967409134,Cryptic,0.762758195400238,0.8174511790275574,783.0,1,5,0.5605974779594576,12,0.5528969509403735,11.030180355948026,22.710872978150526,66.957828685432,10.621146309421437,23.141534759431693,66.21070472850002,8.400651620008883,8.757727252731991,-0.3570756327231077,False,False,False,5,0.2831021201741157,0.5638249414071175,0.6951151499027247,0.5458482292294502,0.7850803345073769,0.6452874855682647,0.7210570543488701
9ig2_chainB,1532,26,0.01622464507818222,Cryptic,0.7847995162010193,0.9540567994117737,174.0,1,5,0.5854304507969046,8,0.5745705096163971,20.57959770897689,8.860739312282842,70.31808966905122,19.260982590287867,9.835512323030127,71.43153604436917,11.738200929418376,10.848023879558793,0.8901770498595827,True,False,False,10,0.420556266678651,0.7313316740943603,0.6396621688380126,0.5225617618113756,0.4495070385019223,0.5060241766389577,0.9649840459813438
9ig2_chainB,1532,26,0.01622464507818222,Cryptic,0.7847995162010193,0.9540567994117737,174.0,2,5,0.5115477700212898,7,0.559922143227491,19.97928744245127,9.814903196538587,65.67535274985958,17.710760898289927,10.608537525713322,68.70496481331236,9.681559364830278,8.012718205996583,1.668841158833695,True,False,False,9,0.4034828412111966,0.7654542681783374,0.5534621569020126,0.5225699203709762,0.48642019868599884,0.4541084561337382,0.9266284080291269
9ig2_chainB,1533,27,0.016491899266839027,Cryptic,0.7847995162010193,0.6804891228675842,174.0,1,4,0.5518945995371592,5,0.5871127008586958,21.28735835232148,11.636213351462146,75.5182019761389,15.929594993591309,6.452206611633301,76.3652114868164,14.336176244549728,14.25405120993143,0.0821250346182989,True,False,False,2,0.2264816835890766,0.5964553485449557,0.8177682963255244,0.5116580218076706,0.9229674482561756,1.0,0.44211410869774026
9ig2_chainB,4534,28,0.013973666355013847,Allosteric,0.7847995162010193,0.9247615337371826,174.0,1,4,0.6923208051126337,8,0.5353122258303072,21.115092203258968,9.380187883330718,72.87830352089357,19.153912262044177,7.351596829641179,69.40762471231635,13.182672175675643,11.181501159122618,2.001171016553025,True,False,False,5,0.3987589088387648,0.5899976180368303,0.7266846188834517,0.5154034127295016,0.45550573766827523,0.3819908597374999,0.7210570543488701
9ig2_chainB,4010,29,0.0506487675011158,ActiveSite,0.7413843870162964,0.8943548798561096,869.0,1,5,0.5578402184976918,11,0.5029521511336182,21.973473216747497,3.9206862261676165,40.56981920079952,21.38547735946142,2.9092656456552755,42.78179150836211,28.97679661564961,27.292378529201102,1.6844180864485097,True,False,False,11,0.3392906746362876,0.5381178215145677,0.5033044476204315,0.5002990577504492,0.4854889697858978,0.6386754018236616,1.0
9ig2_chainB,4010,29,0.0506487675011158,ActiveSite,0.7413843870162964,0.8943548798561096,869.0,2,4,0.6119322972420236,10,0.5131444097405367,21.13401000320067,5.104296893971475,41.38453415504314,22.358245849609375,4.16070818901062,42.20560073852539,27.556166283505693,27.64370097259892,-0.08753468909322848,False,False,False,11,0.3316577194301621,0.5231465493246626,0.5831617823135797,0.5002990577504492,0.47557213147786537,0.6620437715437477,1.0
9ig2_chainB,3540,30,0.06818269938230515,Cryptic,0.7847995162010193,0.9767225384712219,522.0,1,3,0.5350049338657099,4,0.5568970475465187,19.993643330835273,8.605444455926191,68.03362015494079,19.713474933992558,8.287417989965054,68.64291305462518,10.646104311493962,10.770659870676948,-0.12455555918298522,False,False,False,8,0.3516174997724522,0.6653758538364654,0.703435150575676,0.5397682876326144,0.4741946198638755,0.49745072646907895,0.8842282173954806
9ig2_chainB,1526,31,0.008475732058286667,Cryptic,0.7413843870162964,1.0,289.6666564941406,1,4,0.6930385196587653,5,0.5024529966804272,20.972130998175714,2.935696604253553,40.450223754126895,20.7610991013607,3.5143925348853355,40.35367373012484,29.10939562164302,28.900342130711703,0.20905349093131775,True,False,False,11,0.3751704911294467,0.49562768114868905,0.48660130208658836,0.4556729392876732,0.5322614704973876,0.7080641552609974,1.0
9ig2_chainB,1526,31,0.008475732058286667,Cryptic,0.7413843870162964,1.0,289.6666564941406,2,4,0.6119322972420236,10,0.5035190217269557,21.15181422543008,5.157227973208679,41.35057334240693,22.358245849609375,4.16070818901062,42.20560073852539,27.57414645849487,27.64370097259892,-0.06955451410405189,False,False,False,11,0.3316577194301621,0.5231465493246626,0.5831617823135797,0.5002990577504492,0.4755721314778655,0.5245382284925921,1.0
9ig2_chainB,3538,33,0.037578318268060684,Cryptic,0.7413843870162964,1.0,869.0,1,4,0.6930385196587653,5,0.4753750590098282,20.971731047751778,2.9372372605278416,40.45160621759034,19.488375349779712,4.5642145417842075,37.74121734948376,29.107468439459325,30.48400283047483,-1.376534391015504,False,False,False,12,0.37316582818252025,0.4762043047622931,0.43440603392795946,0.36668026209498933,0.48956585339092273,0.7822269416034494,1.0
9ig2_chainB,3538,33,0.037578318268060684,Cryptic,0.7413843870162964,1.0,869.0,2,4,0.6119322972420236,10,0.4991923124247022,21.151251261279217,5.156518822079296,41.349070764722285,22.358245849609375,4.16070818901062,42.20560073852539,27.575501257416608,27.64370097259892,-0.06819971518231327,False,False,False,11,0.33165771943016203,0.5231465493246624,0.5831617823135797,0.5002990577504491,0.4755721314778655,0.46272809560325845,1.0
9ig2_chainB,4521,36,0.020633261650800705,Cryptic,0.7228531837463379,0.8582187294960022,215.0,1,3,0.6628634691815993,4,0.5032279209445033,32.00752362243478,7.001963624817742,46.12191317756734,32.11557473137634,6.751578609118301,49.26254890493652,29.153573067001304,27.32550929285979,1.8280637741415156,True,False,False,9,0.4054692033281562,0.5422533292569496,0.51169382987721,0.5450981815656025,0.4076734103775435,0.44350409181072814,0.9266284080291269
9ig2_chainB,4007,41,0.011682379990816116,Allosteric,0.7401458024978638,0.8989976048469543,164.0,1,3,0.60149156419209,5,0.4594033669281033,-0.641786386404482,11.750902173869166,83.5846533469232,-2.9200673699378967,11.50215482711792,83.00791549682617,21.99189498819619,22.91117586242178,-0.9192808742255885,False,False,False,7,0.38131285486220406,0.6066650264238593,0.49582807344774604,0.4302334518883537,0.4229008404326094,0.06196207232487305,0.8368288369533894
9ig2_chainB,4519,42,0.00705250957980752,Cryptic,0.6794591546058655,0.8894567489624023,184.0,1,5,0.5470956251315475,9,0.5777722673457446,27.577066307567584,31.774498373987388,47.799378351525355,28.51753807612166,29.45688527953998,45.603211327989214,29.493508804552082,30.140458651852537,-0.6469498473004549,False,False,False,6,0.47989947821404727,0.6944185654639391,0.66370582640576,0.5002590523411831,0.45270173454241536,0.568277376105293,0.783091851446946
9ig2_chainB,4525,44,0.0,Cryptic,0.4487433433532715,1.0,93.0,1,3,0.6991819109632826,2,0.6845577989085546,27.26408783378789,35.80573540574135,49.2385635516333,27.03517909595676,35.59570628712026,49.25072528666498,31.097031509751908,30.830820010633104,0.2662114991188034,True,False,False,3,0.6765726370344011,0.7716343827662113,0.9075509667141528,0.5172454088926314,0.3928451942885332,0.7793748005960183,0.5578858913022596
9nmx_chainA,2,1,0.00854431465268135,Cryptic,0.7249395847320557,0.5625490546226501,247.0,1,5,0.48263232485645025,8,0.5505430146590174,-46.429568694955606,-5.902676029237092,-4.26396086605977,-45.39016759924754,-5.063481276238893,-4.632058595649533,17.409038280381917,16.711237314037003,0.6978009663449143,True,False,False,5,0.4648458927512971,0.5683266793927176,0.6148376599827157,0.5827726033329965,0.44953701816935715,0.5770530665087874,0.7210570543488701
9nmx_chainA,1,2,0.0,Unknown,0.502488911151886,0.651981770992279,94.0,1,4,0.5012662555471343,6,0.4949930370068422,-64.84175889706339,15.803737975762626,-37.90686161841811,-64.3083566795189,15.398541789836653,-37.96859462859386,29.65916499747655,29.17001949845256,0.48914549902399074,True,False,False,7,0.44983968946892067,0.7493169155307354,0.47486574545453564,0.31892860533137407,0.4669833760234724,0.17319911347573091,0.8368288369533894
9nmx_chainA,514,3,0.005190268624573946,Cryptic,0.6710993647575378,0.5986229777336121,119.0,1,3,0.6504837282399326,7,0.5098752048873316,-46.05237799279662,2.4090302562886694,10.246677542411764,-45.30040633682739,2.415626851454701,10.350712761946848,30.049886655653644,30.159156410355333,-0.10926975470168898,False,False,False,9,0.38715385043667006,0.5865365289612099,0.5315513755965946,0.48119563249524766,0.5099364209619969,0.4236480526572314,0.9266284080291269
9nmx_chainA,7,4,0.0,Unknown,0.5165235996246338,0.6583465933799744,56.0,1,12,0.3923770548669269,23,0.5978252722123039,-37.01970716608686,5.6201370770274925,-4.465304247994275,-35.700493934245294,5.2797736913165885,-6.143440456212074,18.090084152248362,17.35902089733049,0.7310632549178742,True,False,False,8,0.419826698646274,0.7563235543323833,0.6418989141567355,0.5702643185651232,0.46200719025310405,0.6943704036714993,0.8842282173954806
9nmx_chainA,4,5,0.0,Unknown,0.5196069478988647,0.7249687314033508,63.0,1,3,0.6689419227590943,6,0.5490805587454245,-50.82173363649695,14.006752163145832,-33.3521039677374,-50.422089123923584,13.647900398072288,-32.90966462835952,18.8094110390109,18.15692982882553,0.6524812101853712,True,False,False,6,0.33180010621758943,0.6387977560571502,0.6217222175778645,0.5595379064480464,0.5219256820269528,0.6986536724432473,0.783091851446946
9nmx_chainA,0,7,0.0,Cryptic,0.4613068699836731,1.0,67.0,1,5,0.47302299652744934,6,0.48877201816785265,-63.942526802375355,15.387815461521337,-37.772499080227384,-63.70417424051064,14.179848025423361,-39.2245987104871,28.812607775866436,29.06683040101731,-0.2542226251508737,False,False,False,9,0.3823421580387628,0.5417485184091511,0.5770906043131399,0.4266836595514582,0.5037302366592477,0.2830008312105683,0.9266284080291269
9nmx_chainA,8,8,0.0020038015209138393,Unknown,0.5119292140007019,0.7577957510948181,92.0,1,4,0.6006626828774735,6,0.4677987333167298,-45.21702586224317,-9.023412262197116,-6.0493555717289835,-44.85357189446471,-9.45858386785144,-6.229350590933969,17.59531717575897,17.74883923149439,-0.15352205573541866,False,False,False,6,0.512323820444213,0.3645210008940308,0.5497923362196934,0.46776507283130014,0.4408594165730079,0.2127321404158794,0.783091851446946
9nmx_chainA,3,9,0.0037704564165323973,Unknown,0.5168166756629944,0.9592686295509338,138.0,1,3,0.6802842567404692,6,0.5299311788870371,-47.44446672552665,-5.375421946231224,5.023107175274587,-49.6035883052936,-4.971795316187192,7.600133102782317,25.923477764962136,28.50033532434592,-2.5768575593837824,False,False,False,8,0.21698392950552492,0.5643466321838843,0.6248846298791688,0.46424258309747946,0.6688102502721167,0.9590746685443066,0.8842282173954806
9nmx_chainA,13,10,0.0,Unknown,0.5191877484321594,0.6626598238945007,54.0,1,4,0.5129952416345257,9,0.5334941080296778,-29.080544477692566,4.89023738027093,-19.016464696745818,-30.0604190826416,8.779679298400879,-11.399057388305664,17.077919154410115,19.176701330176584,-2.0987821757664697,False,False,False,5,0.35954849584033216,0.6119342931845309,0.5980852591096143,0.43025223353178965,0.42267053668831545,1.0,0.7210570543488701
9nmx_chainA,13,10,0.0,Unknown,0.5191877484321594,0.6626598238945007,54.0,2,3,0.5708031008315035,3,0.4947730526291471,-32.841731636810174,1.2110599058732863,-16.040443198696448,-30.0604190826416,8.779679298400879,-11.399057388305664,13.591132941155625,19.176701330176584,-5.58556838902096,False,False,False,5,0.35954849584033216,0.6119342931845309,0.382968284662221,0.43025223353178965,0.42267053668831545,1.0,0.7210570543488701
9nmx_chainA,10,12,0.03287430852651596,ActiveSite,0.8242324590682983,0.4762657880783081,533.0,1,3,0.7821783433469187,3,0.4787152938143838,-37.81258455074624,-3.2443500356258475,-13.23473918618867,-37.816186875061234,-3.4847987107448675,-13.175486178819883,11.621019763609649,11.760961366035207,-0.13994160242555864,False,False,False,9,0.3357525352959828,0.4803068109236841,0.6061855412990158,0.5578508847289615,0.4733325218184371,0.14341587978363346,0.9266284080291269
9nmx_chainA,4005,14,0.11477607488632202,ActiveSite,0.6263172626495361,0.49929341673851013,1831.0,1,6,0.5073529340369903,12,0.5540628612199691,-37.72584517730841,-1.8911775135176898,-14.60535674878709,-37.412536567562086,-2.6501735437239384,-18.056133171045765,10.399637077240513,9.788286484951445,0.6113505922890674,True,False,False,10,0.4198844903425347,0.5819103990949926,0.5673099102150616,0.5632454296946525,0.47773858391452173,0.6950055776912478,0.9649840459813438
9nmx_chainA,4005,14,0.11477607488632202,ActiveSite,0.6263172626495361,0.49929341673851013,1831.0,2,7,0.4740320358948656,16,0.5695172748512087,-36.86500167846426,-3.3093849081677216,-17.7141607128862,-35.599184265454696,-0.7873571741256662,-18.409427339004573,10.638386273037339,10.728291664247013,-0.08990539120967433,False,False,False,9,0.4235291009143675,0.6378007863881764,0.6595175321959578,0.5704183866580327,0.4816599548868515,0.5118945686203742,0.9266284080291269
9nmx_chainA,4521,15,0.02767237462103367,ActiveSite,0.6263172626495361,0.7001466155052185,610.3333129882812,1,9,0.47314331798552917,24,0.5646458914465233,-36.584490078718744,-2.2096902636676945,-22.29606254146219,-38.309446510021196,-2.0384678911491196,-17.698311344760995,10.482150983299015,8.8068306525836,1.6753203307154152,True,False,False,9,0.4181125384283723,0.6128855074296037,0.6651033480767887,0.5619942701525159,0.4966043083300536,0.5156034803586722,0.9266284080291269
9nmx_chainA,4520,16,0.021017203107476234,ActiveSite,0.6263172626495361,0.7498255372047424,610.3333129882812,1,3,0.7530706708428191,6,0.4962386124734717,-34.791503905775045,-0.5819483594828779,-14.17103926143768,-35.98265009894275,-0.4153904732671181,-13.765663457180569,12.68963339305418,11.82960027241043,0.8600331206437506,True,False,False,9,0.3912920751576982,0.5114828939652949,0.5496698203016988,0.5482739554511177,0.4844312487545196,0.2656141405596024,0.9266284080291269
9nmx_chainA,4520,16,0.021017203107476234,ActiveSite,0.6263172626495361,0.7498255372047424,610.3333129882812,2,8,0.4844083488230747,14,0.5578441953788745,-37.102733844553164,-2.540071141975905,-16.48771545156566,-37.34043561947361,-2.380377558198485,-16.74391565483264,10.396347355065014,10.046466086350831,0.34988126871418324,True,False,False,10,0.40736429644789673,0.6518873539077263,0.6143189323593311,0.5598123288154603,0.4922539165354439,0.45824741517241896,0.9649840459813438
9nmx_chainA,3522,17,0.1428401917219162,Cryptic,0.6263172626495361,0.5536805987358093,1831.0,1,5,0.590015669628447,9,0.5569145831892798,-38.081424799702475,-3.189740501206238,-15.985135089541576,-37.56844090107858,-1.7452008074646046,-17.867996862146114,10.08337768693138,9.29537515576627,0.7880025311651107,True,False,False,10,0.3870300390722431,0.6253977031997103,0.6882907501374849,0.5695403951406479,0.4610135439391123,0.422549689025287,0.9649840459813438
9nmx_chainA,4519,18,0.030680831521749496,ActiveSite,0.6263172626495361,0.6236065030097961,610.3333129882812,1,5,0.5900156696284469,8,0.5678176134897436,-38.08081109831901,-3.193267110458191,-15.977600564905877,-38.17380648471497,-2.06184633252887,-18.110274773340503,10.088497001410152,8.846377853801195,1.2421191476089568,True,False,False,9,0.41652577761293685,0.6205910666942147,0.6813613716127404,0.5619942701525158,0.47167265296495536,0.5381485387306879,0.9266284080291269
9nmx_chainA,4514,24,0.003304682206362486,Cryptic,0.6710993647575378,0.6817136406898499,119.0,1,3,0.6504837282399326,6,0.5155229140564194,-46.01885922790975,2.3648307891521676,10.223707481015959,-45.50023812784998,2.7691411926501512,11.19342066888122,30.026084718700563,31.005987574657524,-0.9799028559569614,False,False,False,9,0.3855190666369541,0.5847244833209455,0.5315513755965946,0.48119563249524777,0.502669479732349,0.525493203114906,0.9266284080291269
9nmx_chainA,4014,27,0.006422535050660372,Cryptic,0.8193560838699341,0.6488892436027527,200.0,1,3,0.6597492659630776,5,0.5116787757684297,-26.340320392290238,4.183624119206016,-16.072905330601387,-22.155298233032227,6.6429338455200195,-13.597393989562988,20.021055952944327,24.972173525151202,-4.951117572206876,False,False,False,4,0.3428796472752931,0.6024048067360437,0.532338738443155,0.3794016400834425,0.4999719062313198,1.0,0.647685462377997
9nmx_chainD,505,2,0.0,Cryptic,0.7031404376029968,1.0,239.0,1,3,0.5733192580152872,5,0.4734368511944883,11.617310011334053,-27.68322089784966,37.34355967597127,4.860195159912109,-25.46851921081543,38.816776275634766,48.51080863150867,47.29576946537436,1.2150391661343036,True,False,False,4,0.27718393278748443,0.5596202407131544,0.41046911421150767,0.3894157934002579,0.5641341856184867,1.0,0.647685462377997
9nmx_chainD,2,3,0.00810576044023037,Cryptic,0.8016400933265686,0.5940975546836853,239.0,1,6,0.46530062316169063,9,0.5228512608620471,11.74270077767925,-27.59793442223757,36.813440135700255,11.700919542459916,-27.570736696574393,36.5501632976542,48.07802598078792,47.847021165632086,0.23100481515583482,True,False,False,7,0.4346416914974705,0.6571116988408325,0.602921216494403,0.4469951808851745,0.41096934242397265,0.344735587625722,0.8368288369533894
9nmx_chainD,3,4,0.0,Unknown,0.628083348274231,0.6514904499053955,98.0,1,4,0.4656984108251381,8,0.5472485010104993,6.8273945740265125,-10.011673350165195,20.61303699256631,12.279133796691895,-4.55907678604126,20.756229400634766,24.551136694766893,25.169305218657104,-0.6181685238902119,False,False,False,3,0.16858607410080498,0.8236545329714025,0.4196094691425889,0.5496719042460124,0.8068543294188464,1.0,0.5578858913022596
9nmx_chainD,504,5,0.014118495397269726,Cryptic,0.835198700428009,0.5369736552238464,239.0,1,6,0.515462085793456,9,0.5380806861106517,11.995378832300855,-27.11585198173846,35.306085012107324,9.564585047462714,-27.726404189368424,34.57679928659549,46.694161231828055,45.9259114868242,0.7682497450038568,True,False,False,7,0.3703421293869273,0.5342178222646708,0.691604972124234,0.526614699619157,0.6107459486892356,0.43845324238335437,0.8368288369533894
9nmx_chainD,1507,8,0.015406513586640358,Cryptic,0.5526803135871887,0.640897810459137,355.0,1,3,0.4562107437934524,5,0.4513624858540012,5.515794305290109,-10.560036338141892,22.095803484399305,5.782707611980838,-10.039151847564717,19.815876251721363,25.749649084735946,23.593906244650896,2.1557428400850505,True,False,False,6,0.3454893274783201,0.4349442353694502,0.520823216223168,0.46489670492398244,0.6537342942614737,0.12566466398303078,0.783091851446946
9nmx_chainD,1506,9,0.0181934405118227,Cryptic,0.5526803135871887,0.6812899708747864,355.0,1,3,0.4562107437934524,5,0.45617960149138126,5.514398278314542,-10.561686146868654,22.108371445536584,5.782707611980838,-10.039151847564717,19.815876251721363,25.761139785096347,23.593906244650896,2.1672335404454515,True,False,False,7,0.3153764068607988,0.48201093495251157,0.45935218114079684,0.3986580959122096,0.6616513287998527,0.4230259167905076,0.8368288369533894
9nmx_chainD,4004,12,0.0,Unknown,0.47390255331993103,0.573103129863739,105.0,1,3,0.6402922812721284,7,0.5172931386299847,16.25166648186111,-22.732850397692353,27.161243257521207,14.32084448816179,-24.799046559873926,29.159463546044186,39.525957104679854,41.433745238372886,-1.9077881336930318,False,False,False,4,0.42995589358128705,0.5946483520823806,0.57509938042604,0.5448423683643342,0.4490847020663633,0.3884091859068973,0.647685462377997
9nmx_chainD,4004,12,0.0,Unknown,0.47390255331993103,0.573103129863739,105.0,2,3,0.422415962072487,7,0.4904659461427825,17.865326914478466,-21.792338283034738,26.51142163133429,17.93812375510842,-22.297454256417442,26.40967302259217,39.24061545304803,39.48780182659603,-0.2471863735480042,False,False,False,6,0.4457378441426491,0.5982991399576965,0.43209794228804244,0.3826657628330092,0.40588897363312637,0.644019913660262,0.783091851446946
9nmy_chainD,3,1,0.0010663446737453341,Unknown,0.5289034247398376,0.6836830973625183,104.0,1,3,0.7452929923383885,6,0.5600136348944462,19.049933120205598,-14.385294866924166,21.904541818438954,21.34818244661291,-15.487118601910552,22.03825233128593,32.53709341498092,34.510389963382956,-1.9732965484020326,False,False,False,5,0.3720140022509291,0.637134475009581,0.7541096021354746,0.5822353096334051,0.4939034553273032,0.413754331091471,0.7210570543488701
9nmy_chainD,2,2,0.0011885147541761398,Unknown,0.5514755249023438,0.5563917756080627,87.0,1,3,0.4850943118542331,5,0.5575267820421035,12.535131197070937,-27.734965106234046,35.802966164532904,11.924986735523184,-27.42880273651305,36.294408328651926,47.20614237422971,47.24214273125169,-0.03600035702198312,False,False,False,4,0.48316620214273504,0.6768646479298845,0.6764776300920426,0.5479757282882929,0.4641550354500732,0.2564585333609788,0.647685462377997
9nmy_chainD,4001,9,0.0,Unknown,0.5833418369293213,0.5215360522270203,61.0,1,3,0.38059767825366314,8,0.5310403949633549,-18.714436525557474,-5.165262665827177,1.2281165746559106,-21.883225199694767,-6.5434688094952715,-1.7597420570055862,19.619511663910448,23.086071892493475,-3.4665602285830275,False,False,False,5,0.47172989917777947,0.6461907303833601,0.5829470955545935,0.52782645407545,0.353517530922228,0.39713939174929347,0.7210570543488701
9nr0_chainA,2,1,0.060135941952466965,ActiveSite,0.6071255803108215,0.5984696745872498,1212.0,1,8,0.48872055142301774,16,0.5268144611495619,-36.08181221397968,19.02200773225063,-1.1845363926403782,-34.17447243806575,22.317093848729463,1.736455755831457,17.26520277757296,17.50700334214707,-0.2418005645741097,False,False,False,9,0.2932524724328767,0.5381585018545881,0.6894256041538642,0.5640823798047172,0.6676316805054943,0.3051112775185386,0.9266284080291269
9nr0_chainA,3,5,0.0,Unknown,0.5581868290901184,0.6087486147880554,73.0,1,3,0.6633788022560156,2,0.540601522705549,-40.56580042142504,-7.117776997190691,15.614933848358296,-40.761017518267785,-7.54742372263266,16.039091621532165,20.22021527505349,20.671863179777567,-0.45164790472407645,False,False,False,7,0.4097647849028738,0.7630450663954689,0.5202832514730344,0.3882988798432052,0.45392257662102464,0.6662350785704929,0.8368288369533894
9nr0_chainA,3,5,0.0,Unknown,0.5581868290901184,0.6087486147880554,73.0,2,3,0.6596686290291661,4,0.5175500358334961,-44.05662469564986,-2.2643872638960665,9.326724436274073,-38.622371673583984,-6.021275520324707,13.016092300415039,15.512990433036036,19.368678720070715,-3.8556882870346794,False,False,False,8,0.33125725431065,0.5267365320213047,0.5331513393333627,0.40548198983306066,0.5764521807161025,1.0,0.8842282173954806
9nr0_chainA,4,6,0.0,Unknown,0.494550883769989,0.8436943888664246,65.0,1,3,0.7552259226973127,3,0.47796123717216155,-37.40778174821728,12.32610914994096,25.144949708025553,-37.370238971076304,12.440104926751793,25.040354890765606,13.402740553830693,13.322947459052473,0.0797930947782195,True,False,False,8,0.43205275488523753,0.5024720977703199,0.5657655626559845,0.3543762064825523,0.4388660011236191,0.387687873545986,0.8842282173954806
9nr0_chainA,506,7,0.12111455202102661,Cryptic,0.6936384439468384,0.5329245328903198,1212.0,1,10,0.4642506493931413,24,0.5331336322236868,-36.94550552317091,18.80368033615632,0.004427792990141788,-34.2474432249832,22.411470315907245,1.965380982003559,15.83857848568063,17.372294586964337,-1.5337161012837068,False,False,False,9,0.3008179963305814,0.5347723274939926,0.6975242396433804,0.5640823798047172,0.6522813562390768,0.3802249667945924,0.9266284080291269
9nr0_chainA,1,8,0.039809294044971466,ActiveSite,0.8271401524543762,0.5526964068412781,575.0,1,5,0.6906316041419931,13,0.537295984347726,-36.33905031026948,9.089898209980433,25.51027906503996,-35.99531113548559,5.459560231312876,26.30823923483476,14.685870779543746,16.75629033333348,-2.070419553789735,False,False,False,9,0.42808779353488213,0.6530033525980716,0.5796292837747761,0.4271420849431524,0.4299672595372072,0.5992870336314113,0.9266284080291269
9nr0_chainA,1512,9,0.03532703220844269,Cryptic,0.6936384439468384,0.5596508383750916,404.0,1,4,0.514183449303871,8,0.5818764506668098,-39.587964192613974,12.10223311325724,-0.711055344839236,-32.87642288208008,8.057819366455078,5.025080680847168,14.387536345764275,14.085464385853932,0.30207195991034297,True,False,False,4,0.32360881386632334,0.6575518791772599,0.6438660422961062,0.5048769616819728,0.7363948490212576,1.0,0.647685462377997
9nr0_chainA,4512,10,0.03037882409989834,ActiveSite,0.6936384439468384,0.5599032044410706,404.0,1,4,0.5044667744030973,8,0.5298227501971324,-37.32423578810108,15.78985429063626,0.6001847689121804,-31.740921020507812,10.719286918640137,4.3135786056518555,14.263156825649542,14.754559806556603,-0.49140298090706125,False,False,False,6,0.14445701565924282,0.6079274714621171,0.6249668705953179,0.515080542944359,0.6950605599588876,1.0,0.783091851446946
9nr0_chainA,1510,11,0.014888402074575424,Cryptic,0.6936384439468384,0.5894176959991455,404.0,1,5,0.5605730276795853,10,0.5089184125293331,-36.252624457502456,19.276665503733376,2.4460174973242905,-36.866983609193184,18.386473809670814,-0.18616233464622356,14.420666288622707,15.876125076605662,-1.4554587879829555,False,False,False,11,0.24222789099042366,0.589876504611334,0.6559918199740287,0.5082894864492119,0.683093493137923,0.21563175754818953,1.0
9nr0_chainA,1509,18,0.005893487483263016,Cryptic,0.8271401524543762,0.6848759055137634,191.6666717529297,1,4,0.7587319953308337,7,0.4607628429758215,-37.25037487054072,10.942007221971286,25.405966468990467,-37.206675745229255,8.750810559427249,27.32514700242333,13.819055497573407,15.967483189686826,-2.148427692113419,False,False,False,11,0.3553338660720556,0.5046814029115653,0.5002436727015893,0.3508876250672587,0.4858893110699361,0.4253088904596277,1.0
9nr0_chainA,4507,19,0.0053767915815114975,Allosteric,0.8271401524543762,0.59223872423172,191.6666717529297,1,6,0.6446622557210033,14,0.5421196503954753,-33.941381472271985,4.515371931399277,25.74528484135197,-33.618539814513426,0.3032204134314498,26.223660479720706,17.762049409241545,20.52099268557792,-2.7589432763363746,False,False,False,8,0.39840226418446073,0.6488542602891058,0.6077160824748273,0.46613186200057755,0.5044668620763312,0.5443452155773567,0.8842282173954806
9nr0_chainA,4000,20,0.014419332146644592,Cryptic,0.7431386113166809,0.5860713124275208,210.0,1,7,0.46499171777939263,19,0.5619699719792074,-49.65894024144705,10.488927246088808,13.170454767363347,-51.38784408569336,12.800751686096191,15.315349578857422,6.676905687969798,8.296718851356516,-1.619813163386718,False,False,False,7,0.19436044902077526,0.6534415655356864,0.624197072193256,0.4921079478492695,0.8170096460874525,1.0,0.8368288369533894
9nr0_chainA,1508,21,0.0,Cryptic,0.8271401524543762,1.0,191.6666717529297,1,5,0.6906316041419931,10,0.5339505193174688,-36.390214137468575,9.061092604935027,25.553384886906834,-35.29457929627959,5.734152443215391,26.854679221477916,14.704974043926327,17.388385879146753,-2.6834118352204257,False,False,False,9,0.43001915129718143,0.6390112184026319,0.5796292837747761,0.4271420849431524,0.43442217810799116,0.578486234899992,0.9266284080291269
9nr0_chainA,3517,22,0.01853286102414131,Cryptic,0.7431386113166809,0.6334259510040283,210.0,1,7,0.48989572337949383,11,0.5353505672764096,-47.89146172379225,13.0469439658064,7.158399741617358,-47.477615639267,14.747887165589187,7.629284009576451,7.509486344420723,7.161974082729194,0.34751226169152893,True,False,False,10,0.42370310243637965,0.5269670612004163,0.549701498574349,0.508196225770314,0.4574294814400567,0.771694202026991,0.9649840459813438
9nr0_chainA,4006,23,0.011478547006845474,Cryptic,0.6526011824607849,0.6199528574943542,219.0,1,9,0.4249202085631876,12,0.49280097650179566,-24.364692561740846,-2.8942413403942724,21.525630066017687,-22.110215480923955,-1.7822702241945032,25.83399941448571,26.009118612735968,28.71288136935827,-2.7037627566223037,False,False,False,9,0.4256095900050263,0.6824813860617182,0.41245095435993734,0.2998090254867242,0.44430684276583143,0.5883668163934517,0.9266284080291269
9nr0_chainB,7,1,0.0077375490218400955,Allosteric,0.5670418739318848,0.5857018828392029,175.0,1,5,0.6196827922762574,8,0.4951089408803011,-21.145082634385542,45.2255893659317,20.522086724643486,-21.942233953653535,45.41717612279163,22.15509050385806,10.785463742763609,12.548216308983996,-1.762752566220387,False,False,False,9,0.3484777673066368,0.5688695177283178,0.5535937069895187,0.43484925976556027,0.49848310941933477,0.4613984716721701,0.9266284080291269
9nr0_chainB,508,2,0.0,Cryptic,0.6255750060081482,0.5200850367546082,66.0,1,14,0.45071791512695303,24,0.5631942861393555,-33.989889262665756,57.794130166247555,12.864980226409092,-38.46775859448103,59.224258739266034,14.473054338793027,24.437507921753404,28.858929715749618,-4.421421793996213,False,False,False,8,0.4054325388822504,0.6516917407634779,0.693002214995776,0.5776109471917152,0.44141226141016743,0.4291620199173555,0.8842282173954806
9nr0_chainB,6,3,0.0,Unknown,0.47936272621154785,0.5700610280036926,58.0,1,7,0.4813744844817158,7,0.5625148212151982,-18.332357993919434,32.927419739239674,-2.632159169517282,-15.932080297701503,30.854798444785978,0.1436206084647838,16.86258215389957,15.650299130380077,1.2122830235194932,True,False,False,9,0.42662316219836033,0.5439459163238785,0.6610911026238114,0.5460396541903417,0.4279514768144721,0.7978109685310248,0.9266284080291269
9nr0_chainB,5,4,0.0033299459610134363,Unknown,0.5008711218833923,0.6020925641059875,94.0,1,4,0.4951002674018708,5,0.4853382589824088,-25.5278332034162,47.0301384128635,19.735320120688204,-24.558691024780273,40.10523986816406,16.219999313354492,13.592238136054974,9.575833368771079,4.016404767283895,True,False,False,7,0.3379870682993061,0.5787443451562119,0.44632352139288994,0.3086363125540621,0.4691100785229333,1.0,0.8368288369533894
9nr0_chainB,1,5,0.0,Unknown,0.5312714576721191,0.5727500915527344,63.0,1,5,0.6388039830993939,4,0.5394607652827614,-32.18013746413038,62.21225436028788,8.358028532152785,-33.564863657608555,61.804349762116644,6.829481561537731,26.710478825558425,27.49736658150127,-0.7868877559428462,False,False,False,6,0.4681180597873415,0.5245350324377009,0.6928118986289555,0.4691895383565376,0.4328895720541498,0.5712200968319856,0.783091851446946
9nr0_chainB,3,6,0.0,Unknown,0.5206393599510193,0.6138181090354919,61.0,1,4,0.4610580696845652,8,0.5118832453682783,-25.140792274426367,20.97540912263352,2.3092328676243157,-24.218821676050908,23.520090342964906,2.1154958219988,24.135974171772983,21.772442378476484,2.3635317932964988,True,False,False,12,0.29717732503789435,0.618144802261071,0.5488845312195777,0.46070491680337233,0.6220747371385533,0.46017501264357863,1.0
9nr0_chainB,3,6,0.0,Unknown,0.5206393599510193,0.6138181090354919,61.0,2,4,0.6134002060556853,7,0.5896424021574022,-23.647995800489163,27.53061704866257,5.170318664891124,-25.43607762670381,28.581947877547805,8.661049408953309,17.000378188484472,16.027564310633917,0.9728138778505553,True,False,False,4,0.499672442783987,0.7439087789204382,0.6789966672411392,0.5738686591386796,0.38359656279171306,0.5165277877356094,0.647685462377997
9nr0_chainB,2,7,0.13691280782222748,ActiveSite,0.6067577600479126,0.5202417969703674,1097.0,1,3,0.6540207540725608,3,0.5277353687423744,-15.074926319597461,40.96793408741716,-2.826375212970099,-15.486327065948108,41.192679728412756,-3.194163930904791,14.756674884669067,15.10003652013167,-0.34336163546260323,False,False,False,5,0.4382595889073796,0.637331201239198,0.6920812067083785,0.5537357872724533,0.37947948664994485,0.11305260861749977,0.7210570543488701
9nr0_chainB,4,8,0.009486878290772438,ActiveSite,0.7298888564109802,0.507169783115387,480.0,1,5,0.5199098937456003,11,0.5343308239708483,-11.389180614946264,57.03780067414889,8.08180213897993,-15.124061584472656,54.900978088378906,14.162174224853516,16.96185909135016,13.929519594607552,3.0323394967426083,True,False,False,6,0.2801450775468932,0.726163542162165,0.49038105863883397,0.36811659064454333,0.6554145929669661,1.0,0.783091851446946
9nr0_chainB,3511,9,0.05853477865457535,Cryptic,0.6067577600479126,0.615142822265625,1097.0,1,3,0.718789189716661,5,0.5258288718566739,-21.74731394631917,31.452695929077585,-4.077197072749683,-26.042753219604492,36.87411880493164,-1.4695501327514648,19.54419354542501,17.21559713124817,2.3285964141768396,True,False,False,4,0.1290375094831247,0.5100875471473763,0.6564202487409168,0.5125612016767264,0.9029264999070766,1.0,0.647685462377997
9nr0_chainB,4002,10,0.08059949427843094,ActiveSite,0.6067577600479126,0.504737377166748,1097.0,1,4,0.648069947845459,7,0.5377524319876706,-14.171896010151118,42.507533168645224,-2.162746929312529,-15.130106743550039,40.41354632938667,-3.23128616649067,14.247293100615849,15.175326584933776,-0.9280334843179272,False,False,False,5,0.44420808190939304,0.6747067849786347,0.688603962331135,0.5537357872724533,0.33790312707221093,0.19730758179754215,0.7210570543488701
9nr0_chainB,3510,13,0.015325712040066719,Cryptic,0.7298888564109802,0.5907593369483948,480.0,1,3,0.739757368336192,7,0.5211520701233714,-26.956981988923832,55.71782081901482,21.73059679894881,-26.946595858860334,55.14177090045328,19.747267196624094,20.639456195848194,19.34611276147531,1.2933434343728827,True,False,False,9,0.3849771050619122,0.6372710229182831,0.5954025869079237,0.4477826624694798,0.488735452578528,0.3897243289571948,0.9266284080291269
9nr0_chainB,4008,14,0.0021677566692233086,Unknown,0.6270703077316284,0.5651964545249939,79.0,1,3,0.8102827021393386,3,0.5235421029618855,-5.936840012775319,46.14677144781658,10.484741509781637,-6.168247344059525,47.35040948662415,10.154413821748012,11.381161243983614,11.802816127288581,-0.42165488330496714,False,False,False,9,0.4565327563250853,0.4774654743375453,0.6315358409037373,0.5297555240719378,0.4884368774591026,0.35526718878295205,0.9266284080291269
9nr0_chainB,4006,15,0.0,Unknown,0.47936272621154785,0.6495619416236877,58.0,1,8,0.48009382570926645,11,0.5546309457093487,-19.550252120469132,31.24164921015601,-2.4907075273071158,-14.745973587036133,25.55970573425293,-2.3999462127685547,17.83023735242891,21.223742612708833,-3.393505260279923,False,False,False,9,0.22751656520383307,0.680336972934641,0.5445053044799494,0.5494079452421929,0.6171192902690255,1.0,0.9266284080291269
9nr0_chainB,4508,16,0.0,Cryptic,0.6255750060081482,0.560096800327301,66.0,1,8,0.49162165824516124,17,0.5792858817609904,-34.68378397242869,59.9143223915957,11.78855269349866,-34.453576770858625,62.73031490767482,9.909201425588925,26.391072084459687,28.377563754837972,-1.9864916703782853,False,False,False,9,0.4373310442903533,0.6151849796983501,0.6948050396678875,0.5815948572423724,0.48815459062601185,0.5431781632654091,0.9266284080291269
9nr0_chainB,4007,17,0.003548916894942522,Allosteric,0.5670418739318848,0.5765748620033264,175.0,1,3,0.6140675170065549,5,0.48554071724314135,-19.025536381102825,42.936876493915086,19.81672798398032,-19.473420717368757,42.56373339713458,22.554763560060945,8.629279092064378,11.270211693709472,-2.640932601645094,False,False,False,10,0.2701821475300352,0.5836512877029667,0.4803658554498794,0.4501497011513296,0.7532126610975166,0.31294956744756686,0.9649840459813438
9nxe_chainA,4,1,0.1002068743109703,ActiveSite,0.6662980914115906,0.7564861178398132,1575.0,1,3,0.6042186591349519,4,0.5527342006306218,18.21278411520592,17.539879817465614,-11.700497405544239,16.76664924621582,13.32577896118164,-6.184485912322998,24.08642309854947,27.50621862511785,-3.419795526568379,False,False,False,3,0.23609620058642436,0.4792722475641445,0.7913985684219034,0.546921224395434,0.7236323019272612,1.0,0.5578858913022596
9nxe_chainA,518,3,0.0766458585858345,Cryptic,0.6412981152534485,0.7969226837158203,1575.0,1,3,0.6042186591349519,4,0.5156093336464835,18.190522854311936,17.51576246271678,-11.69638061061058,18.46022774938155,16.934608742589763,-11.407291627830096,24.077526138209876,24.0487272425469,0.028798895662976776,True,False,False,4,0.5878527717293327,0.40876008085583604,0.6929058463186741,0.4198213250841945,0.4663524426480578,0.31226672179626347,0.647685462377997
9nxe_chainA,0,4,0.0,ActiveSite,0.667780876159668,0.9067985415458679,1533.0,1,3,0.7211580741366632,8,0.4586525435662745,16.91121260773424,2.5118854315425994,-35.59556269746343,17.43206214904785,9.53325080871582,-34.62565612792969,4.339917134906066,4.667851818052266,-0.3279346831462,False,True,True,4,0.14896377476983508,0.41696124726482126,0.5015705259429009,0.41492709026206287,0.8045368593799778,1.0,0.647685462377997
9nxe_chainA,14,5,0.01332537829875946,Cryptic,0.7880186438560486,0.9424121975898743,560.0,1,3,0.6692563719390503,5,0.5690630668987846,35.09284438540246,-2.960087917566521,-18.28564783444378,35.251487731933594,-3.567251443862915,-25.024187088012695,23.845924653759717,20.939560872404737,2.9063637813549796,True,False,False,2,0.23299450041290443,0.732004345450533,0.7190248087841183,0.5524123758077621,0.568273665643107,1.0,0.44211410869774026
9nxe_chainA,519,15,0.002027984941378236,Cryptic,0.5592681169509888,0.8995216488838196,145.0,1,4,0.4188524836621689,6,0.535353551617217,30.819538134339986,-9.722683501844944,-33.430024205510776,27.52816178561597,-12.479650685290359,-36.10912011369679,19.931760590584876,20.63976370464476,-0.7080031140598848,False,False,False,6,0.40225621230496816,0.6047197353334942,0.568824566101431,0.5685114527742067,0.4133953039787696,0.6289105183567265,0.783091851446946
9nxe_chainA,1524,20,0.011001242324709892,Cryptic,0.667780876159668,0.9927060604095459,511.0,1,4,0.7443793308020626,12,0.5160363906048998,16.414192831490627,1.3300473045626824,-35.75284126933975,12.539824485778809,6.666883945465088,-33.84056854248047,5.408830786928438,5.639109014077945,-0.2302782271495074,False,False,False,3,0.4297193711627075,0.6484320845480557,0.5226824145772478,0.3443991192588261,0.3613633634580909,1.0,0.5578858913022596
9nxe_chainA,3531,23,0.05504396930336952,Cryptic,0.667780876159668,0.8093686103820801,1533.0,1,3,0.7211580741366632,8,0.47337236133612953,16.92479162812158,2.5087024505131694,-35.59505516412637,16.18155288696289,9.3237886428833,-35.40974044799805,4.3386989210880875,5.167626734501742,-0.8289278134136548,False,True,False,3,0.18418328558014538,0.4424093655649035,0.5168294715945484,0.3621311658682922,0.9182191369285545,1.0,0.5578858913022596
9nxe_chainA,4521,25,0.012427055276930332,ActiveSite,0.6662980914115906,0.9882294535636902,525.0,1,3,0.6042186591349519,3,0.503085086789427,18.139627068506396,17.438577035154626,-11.679538680438956,18.589217751892157,17.534835463239773,-11.536740043344412,24.052730146982015,24.23371908849888,-0.1809889415168655,False,False,False,4,0.5883763450212655,0.38757230986546476,0.6929058463186741,0.4198213250841945,0.4652022357170685,0.1937334424255881,0.647685462377997
9nxe_chainA,3530,26,0.08884473890066147,Cryptic,0.6662980914115906,0.7899745106697083,1575.0,1,3,0.6042186591349519,4,0.5507536449726679,18.139797160248317,17.439563054769017,-11.679840331434876,14.943243980407715,13.724077224731445,-4.747575759887695,24.05296446585411,29.122205736879316,-5.069241271025206,False,False,False,2,0.16253871437421386,0.5416450441750944,0.7464511240055415,0.540938027203083,0.9039835257945994,1.0,0.44211410869774026
9nxe_chainA,1528,27,0.01568979024887085,Cryptic,0.6412981152534485,0.8344883918762207,525.0,1,3,0.6042186591349519,4,0.5301297301886031,18.13599539934173,17.43626295451953,-11.679413158578473,16.643646240234375,14.004018783569336,-3.750554323196411,24.05164009061475,30.035291869389578,-5.983651778774828,False,False,False,1,0.12382935127093209,0.7915903281303325,0.9636923258579457,0.5292553395032883,0.0,1.0,0.2789429456511298
9nxe_chainA,3532,35,0.006890785414725542,Cryptic,0.7880186438560486,0.9715843200683594,560.0,1,3,0.711629100410797,4,0.627593125944881,36.13123578665087,-3.872673285597748,-20.504199280458803,37.26707077026367,-4.1424360275268555,-27.050853729248047,23.736363522937836,22.29455828941654,1.441805233521297,True,False,False,2,0.267110258827287,0.6721935981345994,0.8326112339974351,0.5647171556949615,0.967174717337931,1.0,0.44211410869774026
9nxe_chainA,4526,36,0.004293251782655716,Allosteric,0.7880186438560486,0.9142693877220154,186.6666717529297,1,4,0.6524773994440072,8,0.5961510499564836,34.7416087314221,-3.4732058057534623,-23.941489162166853,34.82324023263155,-6.747056243254516,-27.448549876643416,20.896983812452486,21.45983433047834,-0.5628505180258543,False,False,False,4,0.6314979611363245,0.6163759893176269,0.6193951908285886,0.5613781429827213,0.4063714127471562,0.6711898542891936,0.647685462377997
9nxn_chainB,507,1,0.006962402258068323,Cryptic,0.7716158032417297,0.4743025600910187,354.0,1,4,0.5456128682489263,6,0.48292669076474215,10.133019185594863,-38.925408372824236,36.609960510040366,9.63191891652425,-39.31057649338314,36.17132543715448,19.943961969420887,20.64050854167277,-0.6965465722518829,False,False,False,10,0.42427821523780346,0.4430821013317695,0.5856349071874001,0.4492123170290142,0.4529228342652872,0.3093394156763599,0.9649840459813438
9nxn_chainB,507,1,0.006962402258068323,Cryptic,0.7716158032417297,0.4743025600910187,354.0,2,3,0.5970150219831715,6,0.4752378079882035,8.006992384459029,-30.65978281715874,38.13956532208794,7.697785894029673,-33.92202496142141,36.9510189157801,17.620743208184262,19.104233733037077,-1.4834905248528152,False,False,False,9,0.37786005697774744,0.5484801677762773,0.46254213652612947,0.3724523085479935,0.4513670286205177,0.5791040507485457,0.9266284080291269
9nxn_chainB,1,2,0.0,Unknown,0.4540725350379944,0.5373905301094055,58.0,1,4,0.5848639668119487,4,0.5465496658166042,-6.492651451024115,-20.78342910431626,32.788319392426715,-6.6944721899541335,-20.48775671156021,32.722998481993415,32.51495641640139,32.78958389423834,-0.2746274778369511,False,False,False,9,0.4404113947044458,0.6065052459240406,0.6205769967391532,0.5488409229176673,0.4357412068841679,0.43037048189973837,0.9266284080291269
9nxn_chainB,2,4,0.09657642990350723,ActiveSite,0.5044828653335571,0.5252415537834167,1677.0,1,3,0.5757666184388212,6,0.4962887420817886,6.746639241971589,-23.892379725716754,40.196310771683166,8.918848543784115,-24.17267190276674,40.54506218430574,17.866495921051143,16.391285585158844,1.4752103358922994,True,False,False,8,0.24750049880580186,0.6934744314501213,0.47557253538339317,0.48532050754292866,0.6578384530860814,0.3563448903444325,0.8842282173954806
9nxn_chainB,5,5,0.007554285228252411,Cryptic,0.7545499801635742,0.523149311542511,380.0,1,4,0.5774958386790444,6,0.573375410023396,20.630004604291454,-44.1012609117734,47.830252650338714,25.27880096435547,-41.15003204345703,45.372825622558594,15.243732049867727,15.991832897735069,-0.7481008478673417,False,False,False,5,0.15710223469924972,0.7304602825548254,0.6495399846558266,0.5245334565639496,0.8268341417888673,1.0,0.7210570543488701
9nxn_chainB,1509,9,0.01981194131076336,Cryptic,0.5044828653335571,0.5666950345039368,559.0,1,3,0.7065545094264665,4,0.515503508077257,15.56651637348926,-20.07307130978449,38.52575641408421,11.684372901916504,-24.456777572631836,36.590579986572266,18.39441189837105,18.696671646571083,-0.3022597482000329,False,False,False,8,0.18005953772080852,0.5148544576958314,0.5678435421817328,0.5329129870980979,0.6762900108691512,1.0,0.8842282173954806
9nxn_chainB,1509,9,0.01981194131076336,Cryptic,0.5044828653335571,0.5666950345039368,559.0,2,3,0.5757666184388212,6,0.5187689979782262,6.682464060282442,-23.871735313638244,40.17146290603393,9.281019623084173,-24.099809837825596,40.426942676598046,17.927923623798705,16.35089498033088,1.5770286434678233,True,False,False,8,0.26526912358459215,0.7007939712010317,0.47557253538339317,0.48532050754292866,0.639693731219733,0.6215784644298707,0.8842282173954806
9nxn_chainB,4002,10,0.07854431867599487,ActiveSite,0.5044828653335571,0.5089572668075562,1677.0,1,3,0.5757666184388212,6,0.5075995596578617,6.6833149397636795,-23.86997096659875,40.17101402128225,8.968533345404897,-24.115645470671183,40.55530716779047,17.92845599446623,16.3827112720363,1.54574472242993,True,False,False,8,0.2513731412759541,0.6954430282546538,0.47557253538339317,0.48532050754292866,0.657106132206852,0.5000719776337628,0.8842282173954806
9nxn_chainB,3512,11,0.09267430752515793,Cryptic,0.5044828653335571,0.5519829392433167,1677.0,1,3,0.5757666184388212,6,0.4968270553801525,6.802412853874548,-23.91075994511445,40.2180731104262,8.875655776949621,-24.16888658403391,40.52243929991275,17.8128830796208,16.430755534222076,1.382127545398724,True,False,False,8,0.24486466150870198,0.6924310119646289,0.47557253538339317,0.48532050754292866,0.6582573211604831,0.3754550523348076,0.8842282173954806
9nxn_chainB,1507,12,0.02562241442501545,Cryptic,0.5044828653335571,0.5315528512001038,559.0,1,3,0.5757666184388212,6,0.5031997019675387,6.718628968034215,-23.872727511610723,40.181401497492175,8.938494362657526,-24.1277881089212,40.537036409958546,17.90033770891447,16.406258753642497,1.4940789552719735,True,False,False,8,0.24924902425360645,0.6944694883445209,0.47557253538339317,0.48532050754292866,0.6584228020269842,0.44540014042024423,0.8842282173954806
9nxn_chainB,4507,13,0.010544049553573132,Cryptic,0.7716158032417297,0.5283746123313904,354.0,1,3,0.5970150219831715,6,0.4550782121990594,7.926939428401443,-30.641265716065178,38.16320348223296,7.697785894029681,-33.92202496142142,36.95101891578014,17.63873847154496,19.104233733037038,-1.4654952614920767,False,False,False,5,0.20046693273856214,0.5726852966309661,0.5264398245682373,0.3523643047176301,0.7443775406640684,0.44001464363796206,0.7210570543488701
9nxn_chainB,4005,17,0.0036206513177603483,Cryptic,0.7545499801635742,0.5271989107131958,380.0,1,4,0.5202650098649184,9,0.5460086733142687,22.016257281564766,-41.10301024343462,52.12104054580219,21.363451957702637,-43.92967224121094,50.52811813354492,11.9524884338709,14.512862741463854,-2.5603743075929533,False,False,False,4,0.5628338104022778,0.5350521827546764,0.6303925210395579,0.5574475407600402,0.3503333056690681,0.48340368960361835,0.647685462377997
9o9i_chainA,4,1,0.02992039918899536,Cryptic,0.66121506690979,0.5554456114768982,271.0,1,3,0.5560235742069711,3,0.5554505865113055,-18.530229847606257,27.953770781215937,-13.797866159847002,-17.49407502848352,27.781404833810893,-13.056766762621946,26.249937839822753,27.41701920981647,-1.167081369993717,False,False,False,4,0.542189055498419,0.49788245663131286,0.7087384828337839,0.503077233210206,0.4016604018643714,0.6447589190910195,0.647685462377997
9o9i_chainA,4,1,0.02992039918899536,Cryptic,0.66121506690979,0.5554456114768982,271.0,2,7,0.44061694197684026,11,0.5061774619377037,-27.175315697668367,25.065529006582782,-18.503620374292687,-21.494192123413086,26.635406494140625,-12.13047981262207,16.072258189665494,24.61308402895391,-8.540825839288416,False,False,False,6,0.3491291147438364,0.608853121356299,0.43866962300446927,0.41660040337692755,0.4584466087446296,1.0,0.783091851446946
9o9i_chainA,507,2,0.0,Cryptic,0.5352538824081421,0.4698486328125,68.0,1,4,0.6596037832125538,5,0.4920380123132989,-18.014466766540366,8.142004981167087,-17.07367264980412,-20.71103385548729,9.337841172868547,-17.851805998626133,26.581663133939713,23.588451782058122,2.993211351881591,True,False,False,10,0.38356259600702475,0.4854873489173741,0.5571103311801587,0.44813702177885767,0.466178309894579,0.5148100443223882,0.9649840459813438
9o9i_chainA,508,4,0.00525282695889473,Cryptic,0.6798333525657654,0.5117351412773132,77.0,1,4,0.4979346744732534,5,0.530999749052272,-31.233294035020005,1.0975293940965616,-19.069519991172594,-31.297473987237296,1.7406047470345285,-19.050599742841456,22.330440241037547,21.77294579977682,0.5574944412607259,True,False,False,10,0.4272817476685399,0.627353554167829,0.5767306565725543,0.5052896804083138,0.4883786540579582,0.3033783432143381,0.9649840459813438
9o9i_chainA,1,5,0.11681929230690002,ActiveSite,0.828298032283783,0.5046496391296387,656.0,1,4,0.6095860956146658,7,0.5052646159896405,-35.11376846852159,19.46029901446893,-12.843359682114922,-40.00966262817383,18.160173416137695,-9.617785453796387,15.595069145135263,18.374759340719866,-2.779690195584603,False,False,False,6,0.20213668978923804,0.4861666832457993,0.5208067062361104,0.507031922114106,0.7549356655795936,1.0,0.783091851446946
9o9i_chainA,1,5,0.11681929230690002,ActiveSite,0.828298032283783,0.5046496391296387,656.0,2,3,0.7014278693613093,5,0.5693044227159878,-43.942640403382114,17.92001641992482,-17.955724786344305,-43.81085271288731,16.92345538398866,-18.407526952916577,11.194294127042088,10.975462028427357,0.2188320986147314,True,False,False,8,0.49376091399190913,0.6424002746060382,0.7208745687743183,0.5449382091255203,0.4748938900510226,0.1953344674626437,0.8842282173954806
9o9i_chainA,7,6,0.022014524787664413,Cryptic,0.7519932985305786,0.5062684416770935,238.0,1,5,0.5032560361607467,11,0.5446820009262165,-22.442740902018333,10.11206324398377,-13.768435725184636,-20.254253355382545,7.030920902731008,-14.619724222761274,24.04231849580434,26.52045265342198,-2.4781341576176388,False,False,False,6,0.4344494220938538,0.744569611159871,0.594356036571295,0.5393694366017977,0.37485445748100155,0.3082426090307041,0.783091851446946
9o9i_chainA,1510,7,0.02039995975792408,Cryptic,0.828298032283783,0.6292945742607117,218.6666717529297,1,4,0.6095860956146658,6,0.5396836429441328,-35.09055549426341,19.508575660898824,-12.827699897824646,-35.79795455932617,16.801706314086914,-5.802842617034912,15.614668229111503,22.5690273342286,-6.954359105117097,False,False,False,4,0.386330698006643,0.5345614587672073,0.5407692772054504,0.5186303788446821,0.573483800380671,1.0,0.647685462377997
9o9i_chainA,4001,9,0.12840285897254944,Cryptic,0.828298032283783,0.5711053609848022,656.0,1,4,0.6095860956146658,7,0.5234017318617383,-35.10170716100997,19.501380923233835,-12.818296291745227,-39.46969223022461,17.403467178344727,-7.565247058868408,15.62103054693984,20.48430683878076,-4.86327629184092,False,False,False,5,0.16491934075310347,0.5259504318982784,0.5658033822541885,0.5134069318789989,0.8858843307750054,1.0,0.7210570543488701
9o9i_chainA,4000,11,0.023745153099298477,Allosteric,0.6083232760429382,0.5607159733772278,194.0,1,7,0.47292962088431734,10,0.5691736595486743,-42.203298063045565,14.949162662360255,-17.126083140807825,-42.51946408842444,15.216561146600062,-15.347522722575425,12.256522261099056,13.820651781047653,-1.5641295199485974,False,False,False,9,0.38799540831594614,0.6098536844832178,0.7789190807994183,0.5377372221619879,0.4926791961134529,0.46058992219412376,0.9266284080291269
9o9i_chainA,3512,12,0.0,Cryptic,0.66121506690979,0.6207398176193237,271.0,1,4,0.616505536447329,4,0.5080452365328391,-26.76549921351156,29.998532338604186,-20.160761133663513,-29.104592430686736,29.867003495852963,-18.55536733262265,17.72818012047551,16.920958051139124,0.8072220693363867,True,False,False,11,0.34627632216418286,0.674014372608667,0.5388608799995999,0.4065382009344734,0.5131436404777894,0.3825801442068427,1.0
9o9i_chainA,4005,13,0.0,Unknown,0.512814998626709,0.5327818393707275,57.0,1,3,0.6393015556386253,2,0.49183390762688484,-29.235505934197793,16.22519929084922,-22.726914555943015,-24.97815704345703,21.42013168334961,-27.889989852905273,11.843015710815394,14.298027142789838,-2.4550114319744445,False,False,False,6,0.15583269171464742,0.560985346115675,0.46111177201915227,0.44758300388169175,0.7846900023536899,1.0,0.783091851446946
9o9i_chainA,4005,13,0.0,Unknown,0.512814998626709,0.5327818393707275,57.0,2,4,0.6090997644422793,6,0.5195848131716954,-27.72189844241943,24.455343206245487,-20.454541383001853,-27.711522990288394,24.69311114959146,-21.58097947346033,14.383034681310688,13.921891060166066,0.4611436211446218,True,False,False,11,0.4054258545046322,0.6012721747309328,0.5503782875451311,0.5003392258145545,0.47326282748269444,0.36542175010964684,1.0
9o9i_chainA,4005,13,0.0,Unknown,0.512814998626709,0.5327818393707275,57.0,3,3,0.7101857632104007,4,0.516503964023492,-32.53445723273795,23.761095826048003,-24.999456231714245,-29.234136784590934,23.081909191182508,-25.203359619047994,8.181613960052074,10.774446777075514,-2.5928328170234405,False,False,False,9,0.39548589165990855,0.5765525833797801,0.5407267502133822,0.4918703692648088,0.4483357388082885,0.5583109278013489,0.9266284080291269
9o9i_chainA,4507,14,0.0030009879264980555,Cryptic,0.5352538824081421,0.5034430623054504,68.0,1,3,0.706975332843737,5,0.48679233012882095,-25.90661592712103,13.353764782784847,-20.699166860113134,-28.27576426524974,17.042636721700024,-22.15044797959168,16.51300247686567,12.691871308486812,3.821131168378857,True,False,False,4,0.4380490473413695,0.37556320100220575,0.644147058904159,0.5537734128534795,0.4369370836954419,0.37028172026716744,0.647685462377997
9ohy_chainB,5,2,0.054411835968494415,Allosteric,0.583448052406311,0.5461754202842712,157.0,1,3,0.6103656378858316,7,0.566840029330061,23.20654000256287,-28.07369886389588,-13.171362370043065,22.585308175828963,-25.433614594667713,-11.470175431476296,15.105609273461692,13.955496410539562,1.1501128629221302,True,False,False,3,0.48160090831990027,0.5423676953447366,0.6720062312659848,0.5765581140915552,0.5828820631839777,0.6198478785471544,0.5578858913022596
9ohy_chainB,1,3,0.0,Unknown,0.5884119868278503,0.4599206745624542,62.0,1,3,0.49783044525598374,3,0.5673315920677379,12.75515455076597,-18.879325706050743,-3.6894459304711344,15.1491640348527,-18.95479638455536,-3.782242103009874,18.3567237493744,17.6726731924865,0.6840505568879003,True,False,False,4,0.46862774917476396,0.6686184302010856,0.6669958033702231,0.5748606137931348,0.4596372626381935,0.4393186289902363,0.647685462377997
9ohy_chainB,4000,4,0.0,Unknown,0.5700869560241699,0.508777916431427,88.0,1,4,0.5209966617587282,9,0.5573670587751448,10.754873396065568,-15.023789706565916,0.2170949387813034,12.824241118936712,-16.620896398943806,-0.7743517110820821,22.48931301038067,20.89644195600318,1.5928710543774898,True,False,False,4,0.5200978971076875,0.6476177484458823,0.6717770120560814,0.5720171019434929,0.36354281712602116,0.3119837209652553,0.647685462377997
9ohy_chainB,4002,5,0.024250710383057594,Unknown,0.49733465909957886,0.5424827337265015,85.0,1,5,0.6765282914434915,6,0.533468065042223,20.773870437735386,-29.738442336406493,-15.364901942334615,19.431434531653608,-31.49516184509121,-16.724046573940626,15.018343314168009,16.11735682845538,-1.099013514287373,False,False,False,8,0.41828671500901304,0.5292794451862533,0.7151883433710706,0.5509476743981161,0.45829677224851256,0.28995352282417997,0.8842282173954806
9ohy_chainB,4001,8,0.0,Unknown,0.5884119868278503,0.48587027192115784,62.0,1,4,0.5688797685243474,4,0.5824339900903756,13.068192681648847,-19.018639654728197,-4.56660817128228,14.38145839466319,-18.79868379712317,-4.517933991738975,17.462133974355595,17.105333002770706,0.35680097158488877,True,False,False,5,0.49872513539783175,0.6311444873027837,0.7101558985588905,0.5807884937524795,0.45949913217459637,0.48220104940627073,0.7210570543488701
9pi9_chainE,3516,7,0.08429719507694244,Cryptic,0.536380410194397,0.6506621241569519,3049.0,1,3,0.5272179390955887,2,0.5134160774546819,-3.0504874074330157,28.37167103002575,-49.438432201291924,-2.79859160637729,28.481895084990825,-49.28865494664613,38.68885656039795,38.47223686910449,0.21661969129345948,True,False,False,6,0.4959298137280745,0.5084680103447997,0.5162928020433385,0.4815837444433015,0.3994166148005213,0.623099465140792,0.783091851446946
9pi9_chainE,4510,8,0.03833683952689171,ActiveSite,0.536380410194397,0.5898571610450745,1016.3333129882812,1,3,0.5272179390955887,2,0.5189279367954696,-3.0437120550562087,28.36809392776616,-49.41394433747654,-2.835361844496454,28.44366431527354,-49.23986702342761,38.67341030304694,38.47035696106186,0.20305334198508262,True,False,False,5,0.5177728743045983,0.4837419866792839,0.6081834290589999,0.5706674908112842,0.3675469600610432,0.3475240734647991,0.7210570543488701
9pi9_chainE,1511,9,0.013954643160104752,Cryptic,0.536380410194397,0.6919889450073242,1016.3333129882812,1,3,0.5272179390955887,2,0.5065566571192042,-3.050077865467317,28.369420089964308,-49.42724937613534,-2.791068357898477,28.468088974743146,-49.267892635465984,38.68261472230985,38.46654784114476,0.21606688116509076,True,False,False,5,0.5168110391918702,0.48282576031455615,0.6081834290589999,0.5706674908112842,0.3671506669737775,0.1772731496428207,0.7210570543488701
9pi9_chainE,3001,10,0.05701616406440735,ActiveSite,0.536380410194397,0.5815398693084717,3049.0,1,3,0.5272179390955887,2,0.5282094317544902,-3.051482328602134,28.36985537089039,-49.43086526027696,-2.8023481205517804,28.457306231042942,-49.257438411069955,38.685018140239535,38.46843137360851,0.21658676663102483,True,False,False,5,0.5172868522412059,0.4832721827834832,0.6081834290589999,0.5706674908112842,0.36750593017153715,0.48318413092687795,0.7210570543488701
9pi9_chainE,4512,11,0.0374365858733654,ActiveSite,0.536380410194397,0.841416597366333,1016.3333129882812,1,3,0.5272179390955887,2,0.5174899369467426,-3.040691820287517,28.369318391235495,-49.416471041831194,-2.8050559376810726,28.44018349576698,-49.2368379639578,38.67387710227527,38.466607275193944,0.20726982708132624,True,False,False,5,0.5182941892253323,0.4839734547486857,0.6081834290589999,0.5706674908112842,0.3687433408073182,0.3228234003474991,0.7210570543488701
9pi9_chainE,4511,12,0.016958346590399742,ActiveSite,0.536380410194397,0.8140676617622375,1016.3333129882812,1,3,0.5272179390955887,2,0.513331555069178,-3.0329846623156924,28.368987212448523,-49.40643960584056,-2.7946601303729217,28.454438110257225,-49.2389327992125,38.66605923118767,38.45657462800157,0.20948460318609818,True,False,False,5,0.5179179694966207,0.4832324740838419,0.6081834290589999,0.5706674908112842,0.36869054130875073,0.2669003566353819,0.7210570543488701
9pi9_chainE,1512,13,0.02880633808672428,Cryptic,0.536380410194397,1.0,1016.3333129882812,1,3,0.5272179390955887,2,0.5210656941478071,-3.051359889750403,28.368822916759186,-49.42580768861136,-2.7986337259568126,28.44640296834458,-49.24830995419839,38.682214676308796,38.469301430540575,0.21291324576822035,True,False,False,5,0.5178893379792119,0.48378051752867035,0.6081834290589999,0.5706674908112842,0.36828098587532776,0.3765054637380073,0.7210570543488701
9qng_chainA,507,1,0.03477148339152336,Cryptic,0.5869463086128235,0.5272281765937805,1840.0,1,17,0.365891760225442,24,0.5134101741236153,27.212746074503507,10.339395323493612,-3.2771290906753845,26.406166620102123,12.58116903738199,-1.9484137293481396,21.536203434623136,21.87628108786073,-0.34007765323759287,False,False,False,14,0.2744046875652138,0.4947783436208159,0.52330615339482,0.5491688957171781,0.550688527392382,0.8780913816963786,1.0
9qng_chainA,2,2,0.034839000552892685,ActiveSite,0.5194580554962158,0.5121743083000183,1840.0,1,5,0.47759298655216825,10,0.5574060884148184,27.957483494747514,10.438698474941324,-3.7373459489416128,23.47342300415039,15.351503372192383,0.183119997382164,20.743852717943064,24.436666709488474,-3.6928139915454103,False,False,False,9,0.3711981374245995,0.6362343532062674,0.5339679776892438,0.5160019484170243,0.4606569665941697,1.0,0.9266284080291269
9qng_chainA,2,2,0.034839000552892685,ActiveSite,0.5194580554962158,0.5121743083000183,1840.0,2,8,0.44892139495510075,18,0.5716553541145231,26.451373462580012,10.641571016741452,0.8443182603551107,23.73357714471348,15.413200763376125,1.0473959773490762,24.474945195292836,24.81277300507338,-0.3378278097805456,False,False,False,8,0.4087216377381688,0.6281919377528054,0.5892949734157195,0.5262810019924824,0.48711651633024333,0.9246093638625217,0.8842282173954806
9qng_chainA,506,4,0.01152984518557787,Cryptic,0.8254595994949341,0.4847593307495117,297.0,1,4,0.4432949403433489,9,0.46675854388831833,24.834871928365814,25.139765353564737,11.343229730020395,22.963918685913086,22.590330123901367,18.015731811523438,31.85896102386213,38.359416278258564,-6.500455254396435,False,False,False,8,0.20302414725066326,0.4811363114888356,0.40204305976857335,0.38497113053813425,0.7363094373617327,1.0,0.8842282173954806
9qng_chainA,1,5,0.0,Cryptic,0.5157526135444641,1.0,95.0,1,4,0.48628763296019656,7,0.4827819709220049,10.468691511988963,31.84233999217038,6.68327553999503,10.40685005888261,31.639421471678936,6.228524019294682,39.44771720997761,39.18391973021489,0.2637974797627223,True,False,False,7,0.31252390954522247,0.4928848519561101,0.5584720967259156,0.5005651992878744,0.4271803774171116,0.6289196193403448,0.8368288369533894
9qng_chainA,505,6,0.1115419790148735,Cryptic,0.5866591930389404,0.4586273431777954,1840.0,1,4,0.5338705406007633,7,0.55516014362416,28.830070524724494,10.774204992106501,-2.8888244336684616,24.14274024963379,16.017364501953125,2.4671730995178223,20.54935960653771,25.395103905282046,-4.845744298744336,False,False,False,9,0.31062400355221914,0.6750727808799212,0.5497915634680657,0.46790146455454806,0.5543769044120734,1.0,0.9266284080291269
9qng_chainA,505,6,0.1115419790148735,Cryptic,0.5866591930389404,0.4586273431777954,1840.0,2,8,0.4563422063386157,17,0.5500427025189301,26.571944503139893,10.534577049179727,3.347248437087321,25.067512081188127,14.97125703082366,1.8374548397493868,26.214094655048168,24.568372965308132,1.6457216897400357,True,False,False,9,0.3947981017984131,0.6365859644464824,0.5356526981633191,0.46790146455454806,0.49295710956441957,0.8723587691712997,0.9266284080291269
9qng_chainA,4,7,0.03248501196503639,ActiveSite,0.6610003113746643,0.4712466895580292,1367.0,1,5,0.44150760807980377,10,0.5161581182405031,28.437435209503427,5.998141520620412,10.35279126760013,24.014445718760307,4.083147909615349,10.867917607695569,32.708505378589386,35.914485188904465,-3.2059798103150783,False,False,False,10,0.42643482577349967,0.6781992173323728,0.4835857216739899,0.5289246340468525,0.4463746296263053,0.19448399968394703,0.9649840459813438
9qng_chainA,4,7,0.03248501196503639,ActiveSite,0.6610003113746643,0.4712466895580292,1367.0,2,8,0.3861162911484259,18,0.5086177139079122,29.295502703476636,6.035907360213024,11.43260804390114,25.448051575638605,7.460336843896608,9.883413963658366,33.246571411657364,32.98505812451616,0.2615132871412058,True,False,False,11,0.335524106674769,0.6009258860860341,0.5941790677408391,0.49829498679292467,0.5308623570427777,0.2591583614894858,1.0
9qng_chainA,4518,8,0.026388613507151604,ActiveSite,0.5194580554962158,0.7270820140838623,613.3333129882812,1,7,0.459103741275036,10,0.5512966629232496,25.88358732729031,10.390727959739086,2.8560988012129584,22.220346450805664,16.519634246826172,1.2626044750213623,26.30857114625584,25.814203414563067,0.4943677316927726,True,False,False,6,0.2448116811956359,0.7658901106697398,0.516793020806895,0.44619318232871596,0.6579559181216614,1.0,0.783091851446946
9qng_chainA,4508,9,0.012638222426176071,ActiveSite,0.6610003113746643,0.7086837887763977,455.6666564941406,1,10,0.48785229531150226,16,0.5055576034885911,24.675188146380393,0.03177316886540253,15.692358341861256,26.39204665626144,0.25928898417983415,16.25396837912096,41.25870953946371,40.927268818899876,0.3314407205638332,True,False,False,15,0.27474608493079156,0.6245505053640433,0.5735521508811576,0.41243854396300583,0.5411462830498897,0.5909179933530595,1.0
9qng_chainA,4510,10,0.03282015770673752,ActiveSite,0.5866591930389404,0.5004001259803772,613.3333129882812,1,15,0.3873203157679921,24,0.5263016443427424,26.375187732753837,9.123951661582119,0.5156598581022763,23.437801361083984,12.88722038269043,1.5010981559753418,24.98961061952109,26.010988211984206,-1.0213775924631143,False,False,False,11,0.3303144257749162,0.5930056995392747,0.4689330814412159,0.48353393288055313,0.4665165832860013,1.0,1.0
9qng_chainA,4507,11,0.09085509926080704,Cryptic,0.5869463086128235,0.5031033754348755,1840.0,1,5,0.48618567146129404,11,0.5520174100685843,26.92706894512986,8.369907546899423,-0.7005663078008173,22.98379135131836,12.45333194732666,2.6850013732910156,24.270521599987042,27.24686285215552,-2.976341252168478,False,False,False,9,0.3850654407082643,0.5736772667901571,0.5180020860362514,0.5408244975871144,0.48762535438649635,1.0,0.9266284080291269
9qng_chainA,4507,11,0.09085509926080704,Cryptic,0.5869463086128235,0.5031033754348755,1840.0,2,9,0.4479906829519698,19,0.565451515004438,25.468556476621377,9.266657513057703,4.403272878965759,22.98379135131836,12.45333194732666,2.6850013732910156,28.111775279402632,27.24686285215552,0.8649124272471127,True,False,False,9,0.3850654407082643,0.5736772667901571,0.5926360023465493,0.5408244975871144,0.48762535438649635,1.0,0.9266284080291269
9qng_chainA,4511,12,0.01917206309735775,ActiveSite,0.5866591930389404,0.6180766820907593,613.3333129882812,1,9,0.44799068295196987,20,0.5565450646115038,25.479031759151535,9.225858083545704,4.40809251688172,22.043193817138672,13.843289375305176,2.9733681678771973,28.126615023462964,27.67556203278288,0.45105299068008264,True,False,False,8,0.2948208287038586,0.5835449758925085,0.6217736281575871,0.541834126613993,0.562549463476975,1.0,0.8842282173954806
9qng_chainA,3521,13,0.06387368589639664,Cryptic,0.5869463086128235,0.5696819424629211,1840.0,1,8,0.44892139495510075,17,0.5742866153400475,26.456698269421484,10.650246463982922,0.8365555409573449,22.14829444885254,14.251264572143555,0.2364112287759781,24.462790106939586,25.711943805015945,-1.2491536980763591,False,False,False,7,0.29603405735722593,0.6118585316322999,0.6313114368801112,0.5293411699788911,0.7069464756514121,1.0,0.8368288369533894
9qng_chainA,3521,13,0.06387368589639664,Cryptic,0.5869463086128235,0.5696819424629211,1840.0,2,5,0.47759298655216825,10,0.5555311926504264,27.935523252097074,10.417888318665552,-3.7376117817336016,22.14829444885254,14.251264572143555,0.2364112287759781,20.76828219392513,25.711943805015945,-4.943661611090814,False,False,False,7,0.29603405735722593,0.6118585316322999,0.5271146441599944,0.5293411699788911,0.7069464756514121,1.0,0.8368288369533894
9qng_chainA,1507,14,0.017319053411483765,Cryptic,0.6610003113746643,0.5641791224479675,455.6666564941406,1,4,0.542775416480426,10,0.454396936574587,32.23905492776185,10.463042122254866,8.69202334378185,28.564116694446934,7.489664665974565,8.37685655859026,28.095234501617682,30.406090381627084,-2.3108558800094023,False,False,False,11,0.26140766894369893,0.48853494818827686,0.4224875636745177,0.5001011859057288,0.7022156301196435,0.25237988817356805,1.0
9qng_chainA,1507,14,0.017319053411483765,Cryptic,0.6610003113746643,0.5641791224479675,455.6666564941406,2,4,0.44367543672391235,9,0.4843103006694621,29.33515270560562,5.143725089717039,12.427679988894564,34.49372084837701,7.2620398766335015,11.489306597695606,34.455654305149054,31.266141690292717,3.189512614856337,True,False,False,11,0.3822709979487392,0.5640833943990619,0.4916413991186577,0.39718007682411566,0.43191928429530113,0.49303413884579117,1.0
9qng_chainA,4509,15,0.013198171742260456,ActiveSite,0.6610003113746643,0.6911365985870361,455.6666564941406,1,12,0.41676803002819723,23,0.5176959181288902,26.36278082247776,3.9684308621929554,12.78012600798268,22.575655077430792,2.2065500965078653,17.163775133841938,36.3961890331494,42.23030946792479,-5.834120434775393,False,False,False,9,0.4025635439580922,0.6163118617139443,0.5710402611378558,0.474734320149055,0.46052509679192993,0.38128038466924197,0.9266284080291269
9qng_chainA,3519,16,0.06411242485046387,Cryptic,0.6610003113746643,0.5339054465293884,1367.0,1,4,0.542775416480426,10,0.4570692308412577,32.26579917750285,10.49003663580009,8.692300374359544,28.563765805519573,7.490039936779849,8.377407087889349,28.076869840024727,30.406503958857577,-2.3296341188328498,False,False,False,9,0.2674014001149906,0.47012660705110476,0.4445464361326126,0.48560101241908143,0.6781726991276681,0.3857766085470363,0.9266284080291269
9qng_chainA,3518,17,0.006679813377559185,Cryptic,0.8254595994949341,0.5362755656242371,297.0,1,3,0.6033068758137233,6,0.4979610303849011,24.030412962497174,26.579581452958152,14.673616411991606,19.920820236206055,25.800024032592773,18.261064529418945,35.31501898660255,40.34168720414856,-5.0266682175460105,False,False,False,7,0.15613678726946117,0.3404471786309993,0.6560491939857859,0.518352321765634,0.7953209746641821,1.0,0.8368288369533894
9qng_chainA,3518,17,0.006679813377559185,Cryptic,0.8254595994949341,0.5362755656242371,297.0,2,3,0.7498996178508002,5,0.5164448199614682,13.198346465060142,21.862213270120407,16.452924369935953,12.985310068841127,21.88250056103265,14.092217618657633,42.61111262185766,41.0013388269186,1.6097737949390591,True,False,False,8,0.2932887063134784,0.528797875936118,0.7199030971802297,0.5335416687024216,0.6357941198682859,0.2507986845368313,0.8842282173954806
9qnh_chainA,508,1,0.004224745556712151,Cryptic,0.8157569169998169,0.488459974527359,270.0,1,9,0.49165867125837615,24,0.49187170755438486,-25.705632061468794,21.888039495936397,-14.499193976205577,-26.957616264496945,20.377791533295404,-17.35755147559546,29.362575925964748,31.69717407179961,-2.3345981458348604,False,False,False,11,0.3213109416580104,0.5651886739263096,0.4521753074921219,0.3190996837386215,0.6790100777868766,0.7338690606535925,1.0
9qnh_chainA,510,4,0.0021769029553979635,Cryptic,0.6898545622825623,0.6522933840751648,217.0,1,9,0.41545073768443275,21,0.5508671598660547,-25.298590601573245,27.871157876365313,-2.1078516214768834,-26.15462423975793,31.191125003628052,-0.7357009926351354,27.711134187351853,29.27859142826009,-1.5674572409082366,False,False,False,9,0.4575194043268804,0.6460017579819255,0.5976639519206852,0.29354492767999757,0.46047120360394167,0.9276701527834981,0.9266284080291269
9qnh_chainA,4,5,0.002360666636377573,Cryptic,0.6660350561141968,0.7685481905937195,217.0,1,6,0.3324773001033448,10,0.46240963498978105,-21.41344350466866,27.529795362560144,-5.2043566795056035,-20.50332247356117,27.68024633090362,-4.147881440931313,23.61546230925808,22.76338469710094,0.8520776121571423,True,False,False,10,0.3015413721619618,0.59593488927224,0.4366801791881927,0.2660147252271219,0.5954109506349088,0.5985377451955702,0.9649840459813438
9qnh_chainA,5,6,0.0,Unknown,0.5290133953094482,1.0,87.0,1,7,0.4802933112825647,14,0.52787358695018,-11.62617752054664,31.941681765568298,-4.672069510392239,-10.798193113781341,30.82460955858594,-3.568161148568575,15.40794467579959,14.275048008126628,1.132896667672961,True,False,False,9,0.3593762455827544,0.6832105438158257,0.5917564685387616,0.4342214271249506,0.4138135234416337,0.5896687689223563,0.9266284080291269
9qnh_chainA,507,7,0.0,Cryptic,0.5983368754386902,0.4363425076007843,89.0,1,9,0.3357357978658721,23,0.5589147599971629,-30.928095051350052,16.915651196006323,-1.037295217551926,-35.281409055109755,21.319298532910434,-6.754135412287117,34.211803066350924,37.52875654834526,-3.3169534819943323,False,False,False,5,0.5274949835930423,0.6404329096946102,0.5990704231139137,0.5123741001257944,0.4355439653565064,0.49728000803121364,0.7210570543488701
9qnh_chainA,4001,8,0.07259376347064972,ActiveSite,0.6243064999580383,0.4903157949447632,2896.0,1,10,0.3969106949248292,16,0.5462294380761269,-24.870805302308806,6.273116454556646,-9.313556949705262,-26.075124891867617,5.828540647411086,-8.184290088495496,32.964832306470676,34.09089623578883,-1.126063929318157,False,False,False,10,0.3698168309017503,0.6186042216983547,0.574255146577308,0.5607572734355927,0.4169599090989291,0.724575299678079,0.9649840459813438
9qnh_chainA,3514,9,0.06424632668495178,Cryptic,0.6243064999580383,0.6110804080963135,2896.0,1,9,0.42213007912451334,12,0.524345711497289,-25.15845045078119,6.906890893456175,-8.765535244521848,-25.24135927758323,6.685124283475117,-8.347923351366173,32.788395818218895,32.93925519945739,-0.1508593812384973,False,False,False,10,0.3750527428911027,0.5781649165745483,0.5855307142475399,0.5607572734355928,0.42822665030433077,0.46445014635374937,0.9649840459813438
9qnh_chainA,1512,10,0.028684256598353386,Cryptic,0.6243064999580383,0.4772616922855377,965.3333129882812,1,22,0.35916657505876515,24,0.5227748711656938,-27.88513845889341,9.23963356534059,-6.538592886257898,-27.009138044664788,9.47182151097308,-7.3942446728523095,33.800421980990556,32.958071654928624,0.8423503260619327,True,False,False,11,0.3217601159911526,0.4415911139050293,0.5294062678669141,0.5604059004571703,0.5658755144475273,0.9384085258980955,1.0
9qnh_chainA,4513,11,0.025788811966776848,ActiveSite,0.6243064999580383,0.8439634442329407,965.3333129882812,1,17,0.35914186992011704,24,0.5122521486377918,-27.009980995174555,9.105330886607568,-6.7619434092171256,-26.40380228051815,9.537194684126405,-6.854361082257093,33.09998226568499,32.365934273938805,0.7340479917461877,True,False,False,9,0.36109178490995414,0.45719288930258145,0.5148274944964495,0.5707513864576081,0.5034590901487694,0.7640720305710706,0.9266284080291269
9qnh_chainA,4512,12,0.02636939100921154,ActiveSite,0.6243064999580383,0.4522961676120758,965.3333129882812,1,19,0.35797226326180315,24,0.5264351525571508,-27.487489365201206,9.740019279224324,-7.249837227493246,-26.090100057126826,8.473051279927496,-6.497875015901386,33.24931773492005,32.59909393304858,0.6502238018714692,True,False,False,10,0.41090808201838946,0.522825221808217,0.4883600658616798,0.5680740719204478,0.4500653944843976,0.7314251914458992,0.9649840459813438
9qnh_chainA,4511,13,0.02060629241168499,ActiveSite,0.6243064999580383,0.6629576086997986,965.3333129882812,1,16,0.3527102487989682,24,0.5227293088992689,-26.799300375101073,9.898300001105113,-8.50536832181049,-24.235459420579055,3.971321990565406,-11.234187050668607,32.66125576948309,34.09623889544111,-1.43498312595802,False,False,False,10,0.42777685938241683,0.5475430724581338,0.5478474917507017,0.5521172580122948,0.4469903673528598,0.43792427606307827,0.9649840459813438
9qnh_chainA,4002,14,0.0,Unknown,0.5147067308425903,0.6334999203681946,132.0,1,3,0.6793301377418139,4,0.5380911602348648,-24.158087962146233,-4.048973530793011,-20.144002911482527,-23.153648902276842,-2.736521130908341,-17.77238880457073,41.73150232167325,39.38747546609573,2.3440268555775177,True,False,False,7,0.4778433589619454,0.6459575154647136,0.5734737371021073,0.4938997708256796,0.419285246540008,0.4028292639842409,0.8368288369533894
9qnh_chainA,4508,15,0.002682329621165991,Cryptic,0.8157569169998169,0.538357138633728,270.0,1,11,0.4299526311272182,24,0.5270994889979934,-22.15430409104384,22.6881040083325,-14.522206839906097,-15.437633991241455,21.709842681884766,-13.64158296585083,25.959002831689,19.59051497007116,6.36848786161784,True,False,False,6,0.4317229415570565,0.590619298386159,0.6325322162145214,0.5492520439694973,0.41693716768457656,0.3253955436075663,0.783091851446946
9qnh_chainA,4507,16,0.0,Cryptic,0.5983368754386902,0.49385592341423035,89.0,1,5,0.41449073066088377,11,0.5048329944936535,-35.34392367681824,20.349730839950123,-1.1374995079595647,-35.61154813106788,18.9728207679194,-5.4604196241500285,37.91291502181855,38.12639380746794,-0.21347878564939293,False,False,False,6,0.5035986814102654,0.48121099491323877,0.5475568803760714,0.45664136203891953,0.42601850821169257,0.4906830312157924,0.783091851446946
9qnh_chainA,4006,17,0.0,Unknown,0.685035765171051,0.6758134961128235,104.0,1,3,0.5863311174266594,7,0.46215984481493844,-5.269234771944108,29.93054690893399,-8.38596510085549,-5.252400022274417,29.51989469711759,-8.321333787899665,9.374896563267196,9.126331114188499,0.24856544907869704,True,False,False,9,0.385452806935867,0.6068196180776232,0.417264004724276,0.23908425236446545,0.49250285481652895,0.56206486318589,0.9266284080291269
9qnh_chainA,3516,19,0.0,Cryptic,0.6898545622825623,1.0,217.0,1,6,0.384322044125262,16,0.4755931108677354,-17.22201112336508,30.78554232835386,-4.887713223244927,-16.682701748146126,30.969923120521187,-4.905138103735879,20.163532644680334,19.704289673253243,0.45924297142709136,True,False,False,12,0.3412290727032337,0.6414713291939999,0.4567246517849379,0.2817860837327317,0.6058612628512257,0.3931647225215851,1.0
9qni_chainA,509,1,0.0,Cryptic,0.49061086773872375,0.5117431879043579,2876.0,1,3,0.6900712634850629,3,0.5246126044905598,-25.18081072689222,-5.66009133921192,9.350705139689456,-25.02969078088611,-5.841519583907219,9.238550902233593,31.6684291371602,31.50994055049623,0.15848858666397092,True,False,False,9,0.43457926485915843,0.4539566063662435,0.672345858655975,0.5560027410586675,0.42632946104632524,0.4367885716794555,0.9266284080291269
9qni_chainA,509,1,0.0,Cryptic,0.49061086773872375,0.5117431879043579,2876.0,2,6,0.48116815851920336,17,0.5665074029010333,-29.927778121472752,-10.133431118999145,9.101618008253505,-31.795186309044727,-12.484672993598757,7.7275195049048335,26.53048667931578,23.59400733393856,2.9364793453772187,True,False,False,8,0.31368386809183246,0.7958745553504981,0.5365902314375035,0.5153556970777322,0.6870089739688092,0.5727557433007315,0.8842282173954806
9qni_chainA,509,1,0.0,Cryptic,0.49061086773872375,0.5117431879043579,2876.0,3,4,0.5307835473065448,11,0.53150100688538,-27.461314167029943,-13.472613515390385,7.124097040971116,-24.110772182109375,-7.5329879794246075,4.84944289361541,23.30852023782091,28.917748515929375,-5.609228278108464,False,False,False,7,0.44541571535371405,0.4409724710919794,0.663496621548285,0.5582684874534608,0.446430312239273,0.5881416862750133,0.8368288369533894
9qni_chainA,1,2,0.11491753160953522,ActiveSite,0.5969634652137756,0.5345813632011414,2876.0,1,10,0.44878647929704263,18,0.5375251102960771,-25.157937554497586,-6.6495163769991725,9.200318749725186,-25.04004378212588,-5.29053648685885,10.838759887746415,30.746828077455376,32.611387006165,-1.8645589287096271,False,False,False,10,0.40681414781866987,0.4789558891666538,0.655436576417143,0.5499181787669658,0.4321085209683895,0.6667570033222726,0.9649840459813438
9qni_chainA,1,2,0.11491753160953522,ActiveSite,0.5969634652137756,0.5345813632011414,2876.0,2,3,0.5730357196827982,7,0.5289881991698044,-27.25071531513854,-7.0342395889718405,8.58390582072886,-23.80875928760661,-4.621083814080283,10.405463492187847,29.62206216756588,33.385909346953746,-3.7638471793878665,False,False,False,9,0.4568444407330918,0.5217144657960581,0.5108793125706157,0.5560956865549086,0.45569818034917514,0.602397366954011,0.9266284080291269
9qni_chainA,3,3,0.0019847543444484472,Unknown,0.5524132251739502,0.529249370098114,141.0,1,14,0.44525807033190606,24,0.5211178824421994,-21.882602974218628,-22.186138869754025,15.359440573403448,-20.8260498046875,-24.4023380279541,16.465179443359375,24.46262636450504,24.902026059942038,-0.43939969543699675,False,False,False,11,0.2271173275227244,0.49266953676240094,0.5648466585571612,0.5198253106825697,0.6323136823476511,1.0,1.0
9qni_chainA,0,4,0.0,Unknown,0.5420923233032227,0.5096822381019592,137.0,1,5,0.5066768928027202,8,0.5298035929007148,-35.52390950775434,-21.55527760247541,3.546565021941731,-36.14177543731543,-16.106728647878324,7.796925303154351,13.55671032498387,20.399282831296578,-6.842572506312708,False,False,False,7,0.4920581956411298,0.683439627576315,0.5344290233758148,0.4568789936120865,0.4192381974429055,0.31369393791485845,0.8368288369533894
9qni_chainA,2,5,0.003807221772149205,Cryptic,0.6702662110328674,0.6846726536750793,203.0,1,11,0.3998541780112917,22,0.5489272545051564,-27.57438032297948,-25.760449339423015,2.5354618676258145,-27.634919470735706,-25.13949706714524,5.839402690876898,11.41479981371646,13.540052497250716,-2.1252526835342564,False,False,False,8,0.4541515249849213,0.609874499652143,0.6486059795291597,0.5037406797079562,0.4175463942986569,0.4948907601455028,0.8842282173954806
9qni_chainA,508,6,0.0,Cryptic,0.6254185438156128,0.46393004059791565,137.0,1,4,0.47388925816386024,10,0.5405075970019779,-35.80482154071463,-20.320206910927055,3.4878457040619524,-36.2002048555377,-15.955973473532977,7.614568230599426,14.67445741178246,20.44471633653263,-5.770258924750168,False,False,False,7,0.4936882174937974,0.6795525168782716,0.5257530257359724,0.4568789936120865,0.41640489170686495,0.4984829542721051,0.8368288369533894
9qni_chainA,507,7,0.0016236663796007633,Cryptic,0.6621112823486328,0.6651166677474976,128.0,1,3,0.5307893489763064,7,0.5357335725279028,-7.497712066584283,-27.13585512473647,12.958032356858793,-5.567492022451907,-28.235601752893366,12.287524375372815,31.466311373670926,32.611561342996424,-1.1452499693254978,False,False,False,9,0.38445011298854115,0.6629338549734425,0.6454228387134385,0.307234975713994,0.501307645142239,0.7011840345375169,0.9266284080291269
9qni_chainA,4,8,0.0017006800044327974,Unknown,0.5605071783065796,0.625953197479248,122.0,1,10,0.41627306882648735,22,0.5319641493841858,-27.070644659739052,-10.83229857659002,-4.849117047178243,-24.96067539705023,-17.025902191351683,-3.040916953896771,24.022978755884925,19.01681681549815,5.006161940386775,True,False,False,6,0.5130221348364258,0.7052500269188329,0.414841218557164,0.43340618130635145,0.43035146848578437,0.5940383409920797,0.783091851446946
9qni_chainA,5,9,0.0,Cryptic,0.4838300943374634,1.0,112.0,1,4,0.5240921141598115,4,0.45243076929239295,-13.482295956572578,-33.23330552762323,6.023843092262424,-15.520689964294434,-38.52245330810547,9.56036376953125,22.344614503532288,22.690173168764865,-0.34555866523257706,False,False,False,7,0.24844315769422934,0.5519296328791875,0.4034145401624681,0.24041979119979912,0.5949525920105878,1.0,0.8368288369533894
9qni_chainA,7,11,0.0,Unknown,0.6595833897590637,0.712959349155426,65.0,1,3,0.706258411196296,7,0.5023384546830025,-4.95556978126159,-31.954801673261684,1.9515791614867053,-3.638178821389978,-33.95337692350723,2.108629724110134,29.585121501660083,30.863892714588445,-1.278771212928362,False,False,False,4,0.48118928912789893,0.4375327502283224,0.7680145502619216,0.4245605900024838,0.34164404395591336,0.3803640612086836,0.647685462377997
9qni_chainA,4510,12,0.027251506224274635,ActiveSite,0.5969634652137756,0.45104101300239563,958.6666870117188,1,10,0.510817772104585,14,0.5820354600766351,-24.416077366836618,-3.4073071725958433,11.281689258801588,-23.168965993676938,-1.0603004023717513,11.72280199698872,34.606314548106475,37.1919346899125,-2.585620141806025,False,False,False,9,0.4312073990865031,0.6428430096155869,0.7384482771259373,0.5441706895828246,0.4692380797872083,0.5247693396665587,0.9266284080291269
9qni_chainA,4510,12,0.027251506224274635,ActiveSite,0.5969634652137756,0.45104101300239563,958.6666870117188,2,3,0.5730357196827982,6,0.534480025466171,-27.424858995422127,-7.098823252338501,8.552071797719337,-24.04833875293962,-5.164490461893701,10.089071059646393,29.511936797314306,32.717598819343955,-3.2056620220296494,False,False,False,9,0.4500466607635587,0.5163877847969567,0.5108793125706157,0.5560956865549087,0.44698326563853813,0.7318276692388467,0.9266284080291269
9qni_chainA,1513,13,0.013312355615198612,Cryptic,0.49061086773872375,0.8371591567993164,958.6666870117188,1,10,0.5077471052458936,16,0.5712208135893568,-24.0961914091096,-1.8173182967813635,13.203361112333111,-23.621058885342347,-5.981972394661189,12.176595760647407,36.86449740368227,33.01410339551335,3.8503940081689194,True,False,False,9,0.3857340886811462,0.5487669720260919,0.7395615232506044,0.5560956865549086,0.4933831024481303,0.7303589031499986,0.9266284080291269
9qni_chainA,1513,13,0.013312355615198612,Cryptic,0.49061086773872375,0.8371591567993164,958.6666870117188,2,3,0.5730357196827982,6,0.5268296563353022,-27.425950399561124,-7.1011505924782865,8.549855495973942,-24.073815491179104,-5.179200606991675,10.100074724561596,29.508769558280083,32.701127406580774,-3.1923578483006914,False,False,False,9,0.45019764769486526,0.5163463330223089,0.5108793125706157,0.5560956865549086,0.44674367297285505,0.6224797210547812,0.9266284080291269
9qni_chainA,4514,14,0.033347148448228836,ActiveSite,0.49061086773872375,0.46615099906921387,958.6666870117188,1,12,0.4441406448282095,24,0.530807922373913,-26.410691850903905,-7.2412992871262185,9.323211198624072,-24.50807740708274,-4.338989401551341,11.551662617654355,29.926971681743478,33.87902252676395,-3.9520508450204694,False,False,False,11,0.38388541410324833,0.48991690719972253,0.6652185293874375,0.5590964829379862,0.44080747079136673,0.5345217415747963,1.0
9qni_chainA,4514,14,0.033347148448228836,ActiveSite,0.49061086773872375,0.46615099906921387,958.6666870117188,2,6,0.4811681585192033,16,0.5223000377943374,-29.974431984817798,-10.162993865595796,9.10407345719461,-31.525646022532705,-9.963984894097113,8.29321323375837,26.497926888242016,26.13239816903076,0.3655287192112553,True,False,False,13,0.28907457706750794,0.7135889673249894,0.4946751885647602,0.49970671557551144,0.5692143143655739,0.48983294232630803,1.0
9qni_chainA,1514,15,0.021844936534762383,Cryptic,0.49061086773872375,0.6145156025886536,958.6666870117188,1,11,0.45380391907862294,24,0.5674793810617674,-25.294464959693375,-5.975075568230913,10.606291732587025,-23.03056591080337,-1.3886270485326973,12.399381744623179,31.85044526051594,37.21020859821538,-5.359763337699441,False,False,False,9,0.44217328868764505,0.6377540863858291,0.72500782800408,0.5441706895828247,0.4660683089729591,0.3328571975261182,0.9266284080291269
9qni_chainA,1514,15,0.021844936534762383,Cryptic,0.49061086773872375,0.6145156025886536,958.6666870117188,2,3,0.5730357196827982,6,0.5252053231539073,-27.281188463933763,-7.043926412710228,8.58002892807305,-24.002130890453603,-5.395675910288391,10.050221967363107,29.60481484617114,32.51598173140229,-2.9111668852311503,False,False,False,9,0.443291642571705,0.5173136205193328,0.5108793125706157,0.5560956865549087,0.44554812956582784,0.6218969337613751,0.9266284080291269
9qni_chainA,4001,16,0.05429188162088394,ActiveSite,0.5969634652137756,0.5002941489219666,2876.0,1,11,0.46245431909807144,18,0.5718145108900194,-24.497374010616625,-4.45104904020251,11.31141597077543,-23.008406987972265,-1.4708560226671468,12.324680127926356,33.68654652233645,37.11584684831951,-3.429300325983057,False,False,False,9,0.4420640399753199,0.6384561378051496,0.7177519564208903,0.5441706895828247,0.4657489196828389,0.41227055537372015,0.9266284080291269
9qni_chainA,4001,16,0.05429188162088394,ActiveSite,0.5969634652137756,0.5002941489219666,2876.0,2,3,0.5730357196827982,6,0.5357253493399666,-27.259808934734657,-7.048037189837233,8.57130751331774,-25.40134620666504,-8.096725463867188,11.988487243652344,29.602862150053685,30.61909585319104,-1.016233703137356,False,False,False,10,0.2435146989953852,0.5641721500319161,0.5444348422135409,0.5492543655708475,0.6031921918585085,1.0,0.9649840459813438
9qni_chainA,4511,17,0.027208931744098663,ActiveSite,0.5969634652137756,0.47495588660240173,958.6666870117188,1,10,0.49601170820133855,17,0.5648106423024353,-24.435658775711044,-5.193458374342218,10.756624893354493,-24.682599495395763,-5.103490453198297,11.273371004598093,32.83665367360314,33.053164849334664,-0.2165111757315259,False,False,False,9,0.45370823160572205,0.5043627937300048,0.7073378245683766,0.5560956865549087,0.4455644430570852,0.6837732141829003,0.9266284080291269
9qni_chainA,4511,17,0.027208931744098663,ActiveSite,0.5969634652137756,0.47495588660240173,958.6666870117188,2,3,0.5730357196827982,6,0.5373578253154062,-27.288281103210124,-7.049516332958155,8.57562783161907,-25.420734405517578,-8.824831008911133,11.355175971984863,29.5965064069298,29.709554450388403,-0.1130480434586012,False,False,False,8,0.27330618468984963,0.5051114508649773,0.5941821765100659,0.5562966059986555,0.6057039121547615,1.0,0.8842282173954806
9qni_chainA,1511,18,0.01964944414794445,Cryptic,0.5969634652137756,0.6145156025886536,958.6666870117188,1,10,0.4960117082013386,15,0.5629112053696286,-24.405702259441355,-5.261751609999264,10.785762187040593,-23.543838857414936,-2.6078748030019017,11.514839754110998,32.79810408524986,35.648416533462424,-2.850312448212563,False,False,False,10,0.41689952508581607,0.5780052508250355,0.751750385985206,0.5429829290509224,0.43969998713119945,0.4691818578050536,0.9649840459813438
9qni_chainA,1511,18,0.01964944414794445,Cryptic,0.5969634652137756,0.6145156025886536,958.6666870117188,2,3,0.5730357196827982,6,0.5399462595414465,-27.366445546380497,-7.084604267337146,8.554940687068376,-25.347105026245117,-8.716495513916016,11.601798057556152,29.539191135101074,29.93653915067782,-0.39734801557674615,False,False,False,8,0.27549156930210317,0.5098338926014427,0.5941821765100659,0.5562966059986554,0.6168984478728247,1.0,0.8842282173954806
9qni_chainA,1510,19,0.01362534798681736,Cryptic,0.5969634652137756,0.8371591567993164,958.6666870117188,1,10,0.4960117082013386,15,0.5629112053696286,-24.405702259441355,-5.261751609999264,10.785762187040593,-23.543838857414936,-2.6078748030019017,11.514839754110998,32.79810408524986,35.648416533462424,-2.850312448212563,False,False,False,10,0.41689952508581607,0.5780052508250355,0.751750385985206,0.5429829290509224,0.43969998713119945,0.4691818578050536,0.9649840459813438
9qni_chainA,1510,19,0.01362534798681736,Cryptic,0.5969634652137756,0.8371591567993164,958.6666870117188,2,3,0.5730357196827982,6,0.5399462595414465,-27.366445546380497,-7.084604267337146,8.554940687068376,-25.347105026245117,-8.716495513916016,11.601798057556152,29.539191135101074,29.93653915067782,-0.39734801557674615,False,False,False,8,0.27549156930210317,0.5098338926014427,0.5941821765100659,0.5562966059986554,0.6168984478728247,1.0,0.8842282173954806
9qni_chainA,3515,20,0.0,Cryptic,0.6702662110328674,1.0,203.0,1,3,0.5722142969499386,4,0.47854142063298344,-25.71232343411236,-29.587623489453687,3.1204506854208636,-25.47155749948839,-29.007738007399983,3.1447250043392154,10.89405038783833,11.319507754645304,-0.4254573668069739,False,False,False,7,0.5061840609033553,0.5066238463718525,0.5092738538442548,0.4132586881023351,0.4123412770479061,0.21237462001440066,0.8368288369533894
9qni_chainA,4007,21,0.0,Unknown,0.6595833897590637,0.7238339781761169,65.0,1,3,0.706258411196296,7,0.4751283851815524,-4.958864839689554,-31.954813840213937,1.9416723107825817,-3.6381788213899307,-33.95337692350719,2.1086297241101186,29.58040597188204,30.863892714588488,-1.2834867427064474,False,False,False,5,0.47034414134123315,0.43031099558373836,0.6607609392377698,0.33994324286116895,0.3850552220318292,0.4042475614528108,0.7210570543488701
9qnj_chainA,507,1,0.0,Cryptic,0.5744906067848206,0.5234817266464233,1915.0,1,18,0.3644939663084194,24,0.5755851050944727,27.183585377839613,11.360058270059982,-5.536446066270105,25.92499288664731,19.471293526169887,-3.4389050523028812,23.334221358798708,16.18091024913265,7.153311109666056,True,False,False,5,0.5214240888009924,0.6525695190012003,0.691413861569984,0.5447821593895539,0.37945127992299893,0.49016855267607473,0.7210570543488701
9qnj_chainA,3,2,0.054525990039110184,ActiveSite,0.5225258469581604,0.5068395137786865,1915.0,1,16,0.3575827440499851,24,0.5424898012887253,26.763303294552774,13.888307639637068,-2.256435121408799,23.031530380249023,14.803741455078125,0.313983291387558,20.867489555079082,21.814119588017693,-0.9466300329386108,False,False,False,7,0.40022793857607575,0.5182182669095202,0.5402676054053673,0.5392976084362172,0.47414214478132716,1.0,0.8368288369533894
9qnj_chainA,506,3,0.0069664218463003635,Cryptic,0.8263499736785889,0.4786108732223511,239.0,1,5,0.5833131239663845,11,0.49696346149171045,26.29176999862936,22.162375066914898,11.932171171479975,25.920753583699653,20.56498878302635,11.501348332120614,19.837675771230135,20.635946402510292,-0.7982706312801575,False,False,False,10,0.3953825549679998,0.5605183670501085,0.5381716132871279,0.4340278076341287,0.460586095230146,0.4192117636306202,0.9649840459813438
9qnj_chainA,506,3,0.0069664218463003635,Cryptic,0.8263499736785889,0.4786108732223511,239.0,2,4,0.6288426399149133,10,0.4904677134875102,26.29551348392527,20.665524669179955,15.993445456664821,24.98810493810708,20.333896166136455,12.1120743884726,23.723039791950562,21.567999620059496,2.1550401718910663,True,False,False,10,0.34643440745604764,0.5344954508233986,0.540272543428932,0.4340278076341287,0.5154942156045896,0.4847462090740654,0.9649840459813438
9qnj_chainA,6,5,0.0,Unknown,0.4687628149986267,0.5044635534286499,57.0,1,6,0.3971078947877851,12,0.5437643815628881,33.98248422927031,23.61199856026411,-1.1351884177300529,36.1446040561449,24.22416846817501,4.066878036999418,9.938033411548385,11.504806707275055,-1.5667732957266693,False,False,False,6,0.5691395339507687,0.5958535944891917,0.4834239676840046,0.4459644398441496,0.4804870814731039,0.6060892748431821,0.783091851446946
9qnj_chainA,2,6,0.0,Cryptic,0.5031553506851196,1.0,66.0,1,5,0.48237121898911295,11,0.4974315348312896,11.569306016912398,29.571351794187414,2.8200837632119504,12.35310173034668,34.10765075683594,4.403961181640625,23.355167940854464,22.70167801919864,0.6534899216558259,True,False,False,7,0.4245270502680615,0.6252717489089026,0.3950042361335191,0.2928952640314095,0.4068524638844589,1.0,0.8368288369533894
9qnj_chainA,1511,8,0.017295189201831818,Cryptic,0.5744906067848206,0.8003396987915039,638.3333129882812,1,3,0.6059755917345618,9,0.48520338701493143,24.51405702141193,16.536836001711404,4.60318265103463,23.397857602325352,15.532487512890564,0.33598078705217194,20.637583369384316,21.0099382838995,-0.372354914515185,False,False,False,7,0.3716343538862,0.5186044373089936,0.4834319549802949,0.5425806505775866,0.4256501184829948,0.4864734990801257,0.8368288369533894
9qnj_chainA,4515,9,0.025477195158600807,ActiveSite,0.5225258469581604,0.7643850445747375,638.3333129882812,1,13,0.3576648055723314,24,0.5392052428497213,25.81284023410898,15.529679694287612,0.2909813736104303,22.342356298132863,16.07059777250793,0.7081548056424068,19.89843442606151,21.168033192667114,-1.2695987666056041,False,False,False,7,0.33367735139683957,0.5422890839512251,0.5627038253807033,0.5392976084362172,0.5374116812864781,0.9643992261370871,0.8368288369533894
9qnj_chainA,4513,10,0.02560773305594921,ActiveSite,0.5225258469581604,0.5144375562667847,638.3333129882812,1,15,0.3555750262501137,24,0.5212062910931734,26.478770500975088,10.7726758417415,-3.1586964818618926,25.51278594040755,12.0759817783658,-0.9099251268095094,23.912679979797964,23.057204022833258,0.8554759569647068,True,False,False,10,0.2997801028181031,0.49468510196318105,0.5673396139301564,0.5304405907101921,0.628818425355388,0.7457053738361075,0.9649840459813438
9qnj_chainA,4507,11,0.10744065046310425,Cryptic,0.5744906067848206,0.5092899203300476,1915.0,1,6,0.430390796247415,17,0.5243968139888773,24.91075307689302,12.688319642700973,5.511924124248839,23.947849208938074,15.733394492059169,-0.4660989745676009,24.02658025569541,20.471818828459483,3.5547614272359276,True,False,False,8,0.38339333838367995,0.5781878595118192,0.5481458293098286,0.5555627864236001,0.42779353438094625,0.6028254494716629,0.8842282173954806
9qnj_chainA,4507,11,0.10744065046310425,Cryptic,0.5744906067848206,0.5092899203300476,1915.0,2,9,0.34758650751425085,23,0.5150179793360681,25.859540507746587,10.828513155612553,-2.60075342881542,23.34040273750641,12.626284508929835,2.463905145505964,24.051594915587238,23.909230356113333,0.14236455947390425,True,False,False,8,0.3910857325848289,0.4169522418048031,0.5348252997572933,0.5269409313351848,0.46772069824096946,0.9457767355847897,0.8842282173954806
9qnj_chainA,3517,12,0.0669797733426094,Cryptic,0.5744906067848206,0.5742222666740417,1915.0,1,11,0.36271034452226103,24,0.5337843556620272,26.22196315134884,11.166737318585565,-4.391580018339158,21.826374053955078,13.783583641052246,-0.06661134213209152,23.691843513333495,23.256853434767123,0.43499007856637206,True,False,False,7,0.35716205131560025,0.46458214573779444,0.5723269383106089,0.5411328016019282,0.5370749519883652,1.0,0.8368288369533894
9qnj_chainA,4511,13,0.02582894265651703,ActiveSite,0.5744906067848206,0.63447105884552,638.3333129882812,1,5,0.44905355885671744,14,0.5301515954377501,25.046784225058804,14.00371166965373,4.087446161221985,23.752705561495496,15.717418376478571,-0.25905060502743726,22.389140185667465,20.60289842268553,1.786241762981934,True,False,False,9,0.37509385782033305,0.5819068207515974,0.5296648708448652,0.5515700749564494,0.459203648558769,0.6843575915444255,0.9266284080291269
9qnj_chainA,4511,13,0.02582894265651703,ActiveSite,0.5744906067848206,0.63447105884552,638.3333129882812,2,8,0.3466691360325411,21,0.5169273966041186,26.11458916884715,11.434925834009615,-1.7508669489125437,21.564586639404297,13.424215316772461,1.8146162033081055,23.404302145344634,23.959565449784808,-0.5552633044401745,False,False,False,7,0.32203639052925903,0.44177250349848796,0.5276225209590296,0.5429284825411227,0.5760210935052448,1.0,0.8368288369533894
9qnj_chainA,1514,14,0.01238610502332449,Cryptic,0.5225258469581604,0.8003396987915039,638.3333129882812,1,7,0.38130782042759337,17,0.5081305933565816,26.377729804225513,12.394320229976904,-2.894578935059004,25.295603106662647,19.368274405893157,-3.0772934302844925,22.406907006827264,16.573194395943407,5.8337126108838575,True,False,False,6,0.5315104116142106,0.572544368720596,0.5076394537096917,0.4587079990337874,0.40247994446058816,0.31268931847850334,0.783091851446946
9qnj_chainA,1514,14,0.01238610502332449,Cryptic,0.5225258469581604,0.8003396987915039,638.3333129882812,2,3,0.6059755917345618,9,0.5078636288675038,24.51866096445815,16.538093677188364,4.6392223578541145,23.60115994594165,15.479236017739531,-0.04870402940395557,20.646767676530974,20.906392632525137,-0.2596249559941626,False,False,False,7,0.38791058563163494,0.5328198640505232,0.4834319549802949,0.5425806505775866,0.41032990792322777,0.7356575268135352,0.8368288369533894
9qnj_chainA,4508,15,0.009503213688731194,ActiveSite,0.6173040270805359,0.5725340247154236,444.6666564941406,1,7,0.478714147142524,9,0.5264195878162752,23.721470663147734,-1.2704124507919314,17.41354555539362,24.660505604245614,0.31264663848321583,15.205207995150335,41.30453774229825,38.696077353963005,2.6084603883352457,True,False,False,9,0.40702748117546034,0.6505241858109105,0.5660153475748619,0.5045788738746687,0.39645277301578874,0.4290867869360745,0.9266284080291269
9qnj_chainA,1508,16,0.008068161085247993,Cryptic,0.6173040270805359,0.8478601574897766,444.6666564941406,1,6,0.48147426583468017,8,0.5371155695134007,23.620150407286257,-1.5135775309071904,18.266664978098277,24.786934607588698,0.5762527751177439,15.718514706371112,41.9488968427317,38.678334780022006,3.2705620627096934,True,False,False,7,0.454541534923509,0.6424616750073249,0.6035041715787843,0.5681657904236035,0.3832361046089375,0.2832990924253229,0.8368288369533894
9qnj_chainA,4005,18,0.04337412491440773,ActiveSite,0.6173040270805359,0.5723589658737183,1334.0,1,9,0.4450572416526396,15,0.5778706590662046,23.794579010115044,0.9908014544753687,14.973056717746308,24.226738737627592,3.6721481739923307,13.229487954189137,38.23152347672689,35.04838131674688,3.183142159980015,True,False,False,8,0.4613380522630022,0.7423151051467157,0.6277906350251351,0.5769537627696991,0.46246634595891956,0.3273363382914126,0.8842282173954806
9qnj_chainA,3515,21,0.0029210031498223543,Cryptic,0.8263499736785889,0.5451279282569885,239.0,1,5,0.5297474227755259,15,0.5170123977056847,21.873526184883556,21.471617986953333,16.200042325270505,18.47516532717447,21.622403605853368,16.280785411256648,25.259713181259468,27.043858412437192,-1.7841452311777246,False,False,False,9,0.4024446726588851,0.543161083746798,0.5441962419000879,0.5258757449346141,0.4374357871472127,0.5660431095780141,0.9266284080291269
9qnj_chainA,3515,21,0.0029210031498223543,Cryptic,0.8263499736785889,0.5451279282569885,239.0,2,8,0.34337716570762006,20,0.5369829508385787,20.29323818100006,22.543245358554273,15.84380298739923,16.74482139360003,21.438976708135264,15.995316911350502,25.320628456329118,27.961112113098032,-2.6404836567689145,False,False,False,9,0.44441388491772793,0.5983780077703263,0.5727271916168586,0.5258757449346141,0.43313019382374207,0.48246519199793436,0.9266284080291269
9qnk_chainA,509,2,0.11402365565299988,Cryptic,0.5868663787841797,0.4665418863296509,1819.0,1,15,0.3892361434682564,24,0.5117591528196187,27.737606523985022,13.338862878507811,-0.496346945141805,23.40851719334647,12.058296926582685,4.043246174560789,23.283971257966993,21.062347846368162,2.2216234115988307,True,False,False,8,0.3910518985015027,0.4959725398062463,0.5210334444984961,0.5293494437842304,0.48678235214209037,0.6762944588402797,0.8842282173954806
9qnk_chainA,3,3,0.040975600481033325,ActiveSite,0.5190325379371643,0.5160654783248901,1819.0,1,16,0.37932612721000936,24,0.504297135512592,26.904088721462898,10.641502435610185,-3.513465849258668,25.413457575290323,9.350941323904468,1.3795122616435629,25.377518400867007,21.32514614488292,4.052372255984089,True,False,False,11,0.3014388303760084,0.4796307710561934,0.5751731344891495,0.5312822811320865,0.5302870407238277,0.6351518392792526,1.0
9qnk_chainA,5,4,0.05409395322203636,ActiveSite,0.5749770998954773,0.45778533816337585,1272.0,1,3,0.749633542705352,8,0.43671624482036103,30.925485099586048,16.38784954021315,15.857567526952922,31.693549101999032,12.817141983900529,13.437957957008724,13.411426815175533,11.122285718836984,2.2891410963385486,True,False,False,8,0.2282064499377557,0.49279954747051924,0.4920556292827641,0.2502658643360278,0.6742514587678605,0.6162525575710536,0.8842282173954806
9qnk_chainA,4,5,0.0,Cryptic,0.5792620182037354,1.0,161.0,1,7,0.42401676868657967,12,0.5201792867925848,14.894887938446214,31.14104749235324,6.168792483360871,14.676980972290039,33.82427215576172,1.8301752805709839,36.31714692892615,40.17814652516934,-3.8609995962431896,False,False,False,8,0.3155465892944012,0.5976994642874297,0.5611649329424204,0.36379947716934785,0.5147919735793728,1.0,0.8842282173954806
9qnk_chainA,9,6,0.0,Unknown,0.5028367042541504,0.527283251285553,92.0,1,5,0.42643952200475876,11,0.4841171819565334,34.52349146148785,21.385907597359513,-0.886561165953409,38.846004486083984,20.765886306762695,0.20452211797237396,26.673443678038407,25.668346010894,1.0050976671444083,True,False,False,11,0.23411067319839304,0.6248004376869416,0.3864352121868594,0.24519725512192506,0.7418063383838805,1.0,1.0
9qnk_chainA,510,7,0.03287297114729881,Cryptic,0.5803795456886292,0.5264412760734558,1819.0,1,18,0.38632442545942663,24,0.5184486475880399,28.05489216061548,10.87143679882607,-5.138731486299418,29.305543216955304,16.48691275034985,-3.001042436926646,26.581125224189677,26.35309274000297,0.22803248418670563,True,False,False,11,0.2687687071132293,0.5862754386148563,0.5554661834277823,0.5083258374440163,0.7004650817456556,0.5046644996469223,1.0
9qnk_chainA,512,8,0.05783680081367493,Cryptic,0.6892939805984497,0.45228704810142517,1272.0,1,3,0.6689285599795554,3,0.5298350210395976,24.612967523923032,4.196381631106413,12.539165097700575,23.765960736617593,3.5359785056256596,14.23191831633605,12.818086220569926,12.760291371072553,0.057794849497373235,True,False,False,7,0.3984233769407772,0.7197141293220682,0.5678728210301761,0.5326359362019996,0.4588717619368359,0.21575870128989527,0.8368288369533894
9qnk_chainA,6,9,0.0,Unknown,0.4948877990245819,0.5193548798561096,92.0,1,5,0.5413401147100333,8,0.4810554295319286,26.875452949350603,20.1752523832961,14.016047607066403,28.315731764183216,20.914754745671786,11.556610391682023,18.84461230625917,19.75349620569577,-0.9088838994366029,False,False,False,12,0.3761942742897426,0.47548080079976446,0.5982319533535395,0.4684575128570106,0.49541597240302676,0.19280132344822876,1.0
9qnk_chainA,6,9,0.0,Unknown,0.4948877990245819,0.5193548798561096,92.0,2,3,0.4895946527324334,4,0.42995374337302866,24.706297530177185,26.248055882429615,9.566921406946117,21.023794174194336,26.014041900634766,15.38426685333252,26.37507714622762,26.359952086409557,0.015125059818064557,True,False,False,11,0.22758599643414845,0.3779477580108849,0.35016514750564864,0.3201885569417341,0.6548365696496183,1.0,1.0
9qnk_chainA,6,9,0.0,Unknown,0.4948877990245819,0.5193548798561096,92.0,3,3,0.5638390931080067,3,0.6085053026791838,15.807524587212265,23.10521626990366,13.182129991763865,15.944517367713917,23.16720082082623,13.413123291029763,27.86784923670005,27.762023419981187,0.1058258167188626,True,False,False,6,0.4961680768912478,0.7385704075466889,0.7391514094810442,0.5681230235583309,0.444684445115945,0.4877272593726253,0.783091851446946
9qnk_chainA,1526,10,0.02161572501063347,Cryptic,0.5190325379371643,0.5352442264556885,606.3333129882812,1,18,0.35454244059306117,24,0.522280488885575,26.638511886048196,8.588808326061594,0.6347524989796617,26.18054520258302,9.431716789880536,1.843513548613231,21.270378560354388,20.59844586993804,0.6719326904163481,True,False,False,12,0.32756092028094,0.5004031604047391,0.5489795816558947,0.5265907536585288,0.5273046626245302,0.825484634161755,1.0
9qnk_chainA,4518,11,0.02355332486331463,ActiveSite,0.5803795456886292,0.5896472334861755,606.3333129882812,1,15,0.39510129905280617,24,0.5085437920018018,26.734507884742754,10.595665072466746,-2.6353912118176552,23.050046208320804,9.062277138997622,-2.818784150014702,24.628772366215326,25.974750477398246,-1.3459781111829194,False,False,False,10,0.24638771431910897,0.6068374119778314,0.47830386984163126,0.5021929475681969,0.7034194832392646,0.6143791337750073,0.9649840459813438
9qnk_chainA,1525,12,0.00915136281400919,Cryptic,0.5190325379371643,0.9137690663337708,606.3333129882812,1,8,0.3999610181836724,16,0.5266341523655045,25.21645696849577,9.271248801105154,2.9169839300146396,23.599436694462753,7.49244146330051,6.937268900923176,20.108900659739263,17.534230192339052,2.5746704674002103,True,False,False,8,0.4642815598517367,0.6188259939434191,0.4890293972784767,0.5059773294255138,0.4175873243643278,0.5212795955426999,0.8842282173954806
9qnk_chainA,4525,13,0.020868409425020218,ActiveSite,0.5190325379371643,0.6279658675193787,606.3333129882812,1,17,0.36550831382081556,24,0.5245422201849189,26.221541619577618,9.069955004650675,0.7976747724168642,22.616069367084144,11.38424927059931,3.214803393273063,21.40323419526662,21.897824914200736,-0.4945907189341163,False,False,False,9,0.3561071706344195,0.4654264165076166,0.5459735283726116,0.5233088335248043,0.527810848588001,0.9267723171405663,0.9266284080291269
9qnk_chainA,4510,14,0.07905858755111694,Cryptic,0.5803795456886292,0.5104759335517883,1819.0,1,18,0.36386356317651836,24,0.5228915157256919,26.30024326185905,8.714583214603318,0.2752745414056816,24.61070713499884,7.613520829847467,5.345781758280929,21.754646154572363,18.11729571814347,3.6373504364288927,True,False,False,10,0.42428053279615446,0.5549471661901954,0.5186330368267892,0.5070812292397022,0.4436121548692182,0.6139627646201762,0.9649840459813438
9qnk_chainA,4005,16,0.03597971796989441,ActiveSite,0.5749770998954773,0.5475715398788452,1272.0,1,3,0.6689285599795554,4,0.5175210471406312,24.6179683914299,4.19552427866055,12.531322469968105,24.046522430437932,5.848761871494673,12.723945448187795,12.818206691594003,13.292106886741621,-0.4739001951476176,False,False,False,7,0.4182085275315707,0.6460716833644632,0.5253954974830451,0.5291744134255818,0.4276073793791788,0.3442198339933291,0.8368288369533894
9qnk_chainA,1512,17,0.0157467108219862,Cryptic,0.6892939805984497,0.7454767823219299,424.0,1,3,0.749633542705352,8,0.4393655486956658,30.90330956942433,16.446219885349237,15.895507189771779,31.833185072368767,12.854110233553595,13.554673194864549,13.461068696360726,11.041949296322944,2.4191194000377827,True,False,False,9,0.21095526876396406,0.5158143591104111,0.49115352422563835,0.287250950979775,0.6816569247944306,0.5244073281707695,0.9266284080291269
9qnk_chainA,1516,18,0.00920795276761055,Cryptic,0.5868663787841797,0.9137690663337708,606.3333129882812,1,15,0.372959243369666,24,0.5236266426745537,26.585582886106263,8.577087541552372,-0.6409217426169397,22.708008532235674,11.368987330919426,3.076524162952755,22.431315048226285,21.943264808135734,0.4880502400905513,True,False,False,8,0.3815831053097656,0.4699876368834205,0.5372588743941457,0.5293494437842304,0.4987824598814808,0.8936714967025816,0.8842282173954806
9qnk_chainA,1519,19,0.009187613613903522,Cryptic,0.5803795456886292,0.9137690663337708,606.3333129882812,1,15,0.372959243369666,24,0.5236266426745537,26.585582886106263,8.577087541552372,-0.6409217426169397,22.708008532235674,11.368987330919426,3.076524162952755,22.431315048226285,21.943264808135734,0.4880502400905513,True,False,False,8,0.3815831053097656,0.4699876368834205,0.5372588743941457,0.5293494437842304,0.4987824598814808,0.8936714967025816,0.8842282173954806
9qnk_chainA,1517,20,0.01872004196047783,Cryptic,0.5868663787841797,0.5352442264556885,606.3333129882812,1,15,0.372959243369666,24,0.5236266426745537,26.585582886106263,8.577087541552372,-0.6409217426169397,22.708008532235674,11.368987330919426,3.076524162952755,22.431315048226285,21.943264808135734,0.4880502400905513,True,False,False,8,0.3815831053097656,0.4699876368834205,0.5372588743941457,0.5293494437842304,0.4987824598814808,0.8936714967025816,0.8842282173954806
9qnk_chainA,1520,21,0.01867869310081005,Cryptic,0.5803795456886292,0.5352442264556885,606.3333129882812,1,15,0.372959243369666,24,0.5236266426745537,26.585582886106263,8.577087541552372,-0.6409217426169397,22.708008532235674,11.368987330919426,3.076524162952755,22.431315048226285,21.943264808135734,0.4880502400905513,True,False,False,8,0.3815831053097656,0.4699876368834205,0.5372588743941457,0.5293494437842304,0.4987824598814808,0.8936714967025816,0.8842282173954806
9qnk_chainA,4514,23,0.030767878517508507,ActiveSite,0.6892939805984497,0.5693493485450745,424.0,1,5,0.7474791387564305,10,0.48444688213970716,28.621512633630157,16.761251083141893,14.557978062539958,26.748077465776475,17.206032371990744,13.01597702728688,15.033279370776036,16.84575804489125,-1.8124786741152157,False,False,False,6,0.5261512377441439,0.5441391358824358,0.5829604840682391,0.29860501861751315,0.4035976697111489,0.24455297500111584,0.783091851446946
9qnk_chainA,4007,27,0.0,Unknown,0.43543869256973267,0.5748918652534485,52.0,1,3,0.5893066365720755,3,0.47155410664188346,21.993119603970925,-2.4625451196106423,19.27795209765227,24.060232162475586,-7.826511383056641,19.17238998413086,14.951477698601442,16.54649558555656,-1.5950178869551177,False,False,False,9,0.22262412113989719,0.4760997011140482,0.4627853579237374,0.3561102634891471,0.6629395035950578,1.0,0.9266284080291269
9qnl_chainA,3,1,0.0031108157709240913,Allosteric,0.5877894163131714,0.7141578197479248,193.0,1,6,0.5090324460211733,12,0.49335692050861124,-26.75391279897644,-27.755248811041874,2.8285617042158897,-26.77627301034063,-26.170177301108343,6.728182458461969,12.798244225486263,15.119132888762392,-2.320888663276129,False,False,False,8,0.4513502540408839,0.5242311559788584,0.5066916137604821,0.43764710943956187,0.40502497908931673,0.4892098796729286,0.8842282173954806
9qnl_chainA,0,2,0.0,Unknown,0.4740293025970459,0.5236222147941589,80.0,1,8,0.475151567031586,18,0.5139566447969977,-34.95495886558898,-21.395195843129585,-0.6712573223262882,-34.44575201716856,-25.472387442105727,3.582542831521403,22.908129107865008,19.929641682988304,2.978487424876704,True,False,False,7,0.4501417363558457,0.5750527528676876,0.5990144407593146,0.44501225166901054,0.44652811172148243,0.3627609267788724,0.8368288369533894
9qnl_chainA,1,3,0.12432348728179932,ActiveSite,0.5150522589683533,0.5403020977973938,2838.0,1,10,0.41827689015490166,24,0.5325389136699741,-24.222392480577486,-9.020641906665311,7.381307455237218,-24.526188302294592,-8.344208436609836,9.324509865000902,29.884827927054907,31.059570993252724,-1.1747430661978164,False,False,False,10,0.3234254689298835,0.4853352292159925,0.6032303419489482,0.5543543700501322,0.5008070425872796,0.8891669709568082,0.9649840459813438
9qnl_chainA,1,3,0.12432348728179932,ActiveSite,0.5150522589683533,0.5403020977973938,2838.0,2,7,0.4882958968750155,23,0.5252645926313366,-28.531496052105727,-8.873562658010638,6.957664879824669,-28.837553085225213,-10.005621829523168,8.692164182638171,30.987961440525833,30.434905615676612,0.5530558248492206,True,False,False,9,0.22293920814483104,0.6244938720431884,0.5821910840675398,0.48681560885149494,0.6842232240948926,0.7060253272656785,0.9266284080291269
9qnl_chainA,508,4,0.0010478319600224495,Cryptic,0.6480921506881714,0.6626113057136536,115.0,1,7,0.47115611898528664,10,0.49315265900212757,-9.459415276631702,-26.288014708945568,12.949453319915307,-6.984732960376162,-27.63843392728461,10.868286804848434,19.13345577845529,18.554409501624452,0.5790462768308373,True,False,False,10,0.39280825340202186,0.5329735952985982,0.6274384929972419,0.27708026410425857,0.43362398484187487,0.6200083906640439,0.9649840459813438
9qnl_chainA,8,5,0.0,Unknown,0.6449326872825623,0.7388762831687927,76.0,1,3,0.4843859799364771,6,0.4559920632338063,-4.989435146957887,-31.56790802827621,1.9528055555130068,-5.612919639260815,-31.99444900129813,-1.06868335690188,15.28846264314689,14.640066082473023,0.6483965606738664,True,False,False,8,0.40052854076973127,0.530016608596578,0.4891036502270853,0.20047999028144603,0.5007627282549761,0.5636964649796701,0.8842282173954806
9qnl_chainA,4,7,0.0,Unknown,0.4777293801307678,0.6489668488502502,60.0,1,7,0.41836931936931304,12,0.5111867496292959,-26.41927332477936,-18.6431570153757,-2.5447666698559006,-24.84081770752352,-16.279622652887465,-1.647432719050062,20.763090468991887,22.369236481145236,-1.6061460121533493,False,False,False,8,0.43801686708560966,0.7043578674962171,0.50264665248664,0.4222369649038734,0.41363233039506564,0.30831674697158096,0.8842282173954806
9qnl_chainA,5,8,0.0,Unknown,0.5478298664093018,0.5671274065971375,64.0,1,9,0.48381082987079643,19,0.5485989180146282,-28.143968741057872,-11.458407358742974,-8.861958882914836,-28.173377344056384,-12.798495317137771,-12.724708092703224,29.473331689834424,29.847431026844067,-0.3740993370096426,False,False,False,10,0.39874104729024806,0.5324272572469585,0.7221070107374056,0.530288178101182,0.45750467646447923,0.5370082120162842,0.9649840459813438
9qnl_chainA,6,10,0.0,Unknown,0.4944443106651306,1.0,70.0,1,3,0.5788501788436147,5,0.49091272496023436,-7.235755106136995,-32.29784112830875,1.441642958349711,-6.306024918549518,-32.52135680617834,-0.5469588653251891,12.915205583537228,13.740978144849167,-0.8257725613119398,False,False,False,6,0.47137567370098205,0.7114630910958851,0.4265053349789669,0.3299676009045884,0.4886561510729039,0.25577087046051084,0.783091851446946
9qnl_chainA,2,11,0.007189685944467783,Cryptic,0.8140251040458679,0.4791128933429718,315.0,1,4,0.5429173613834446,7,0.49124281688505916,-26.382547566247165,-21.81292047597407,12.321751094141819,-27.180351284782986,-20.86696007651861,11.327679525711304,20.94747996548525,21.459580142054225,-0.5121001765689748,False,False,False,10,0.41838203854243183,0.5906015250176629,0.5111512967366563,0.42117430031404357,0.43657761410653345,0.30583910655396107,0.9649840459813438
9qnl_chainA,2,11,0.007189685944467783,Cryptic,0.8140251040458679,0.4791128933429718,315.0,2,6,0.5558639119620526,20,0.5298312269711993,-22.942145616002215,-22.469114970180783,16.413888860318924,-22.974885335879208,-20.486201150842717,17.293153932855173,22.12255040488377,24.12731506666283,-2.0047646617790598,False,False,False,8,0.21282833110852387,0.544614677189042,0.6225757595998996,0.47894371040891587,0.7604356604762293,0.8697126393791406,0.8842282173954806
9qnl_chainA,509,12,0.0,Cryptic,0.5622265338897705,0.4613349735736847,80.0,1,9,0.3912393901179609,18,0.5111490686083019,-33.04859513015914,-19.712388736371924,-1.3622766706762814,-30.433612226125266,-19.69528753127761,3.4929309924279917,22.972991814570083,21.522841453638485,1.4501503609315982,True,False,False,5,0.23315015997737537,0.4549117618567329,0.6160523592445355,0.5271294116973877,0.8678199442480644,0.6592242880648116,0.7210570543488701
9qnl_chainA,1512,13,0.019334934651851654,Cryptic,0.5150522589683533,0.6431534290313721,946.0,1,10,0.47501372045456147,20,0.545003782606689,-23.725523226443336,-5.842344303838601,10.512280577397359,-23.513091674070694,-4.04823403668212,12.131656565887909,33.6313312341175,35.78344867117575,-2.1521174370582443,False,False,False,11,0.3726096090029334,0.534325312879684,0.6379374266053331,0.5557759051973169,0.44571101655857404,0.7198347227665731,1.0
9qnl_chainA,1512,13,0.019334934651851654,Cryptic,0.5150522589683533,0.6431534290313721,946.0,2,3,0.6437949507977172,8,0.5163873781394774,-27.285605138115727,-4.061525109508569,10.735758858601425,-25.44635581970215,-6.6730122566223145,12.953824996948242,36.038534935439884,33.92920447471987,2.1093304607200167,True,False,False,11,0.26370778390584476,0.5220822571901654,0.4868997617951478,0.49642674050312513,0.616108229604149,1.0,1.0
9qnl_chainA,4001,14,0.04126105085015297,ActiveSite,0.5150522589683533,0.48687443137168884,2838.0,1,10,0.47501372045456147,22,0.5497020162355403,-23.725681993142057,-5.847585719252832,10.510265894891187,-25.70770263671875,-7.944824695587158,11.533584594726562,33.62581046964837,32.32737809155352,1.2984323780948515,True,False,False,10,0.25124080836923984,0.5735587064867161,0.6101696316157976,0.5424530014334674,0.5982026471031386,1.0,0.9649840459813438
9qnl_chainA,4001,14,0.04126105085015297,ActiveSite,0.5150522589683533,0.48687443137168884,2838.0,2,4,0.6248561543300671,12,0.5317260325533406,-27.135103221595042,-4.8206333647983834,8.93449598944379,-25.70770263671875,-7.944824695587158,11.533584594726562,34.83580355460991,32.32737809155352,2.5084254630563905,True,False,False,10,0.25124080836923984,0.5735587064867161,0.5103030556035775,0.5424530014334674,0.5982026471031386,1.0,0.9649840459813438
9qnl_chainA,1511,15,0.03150995820760727,Cryptic,0.5150522589683533,0.5872660279273987,946.0,1,11,0.44131719148491205,24,0.5366643906070488,-24.174159705230217,-7.760259927072914,8.15723941280976,-24.27339788833114,-7.2981068878892135,8.147118109980847,31.260026166609414,31.717271954177402,-0.45724578756798806,False,False,False,10,0.4037974929606423,0.4471158308210407,0.6187168171508264,0.5543543700501322,0.4550460645139272,0.8072898726665251,0.9649840459813438
9qnl_chainA,1511,15,0.03150995820760727,Cryptic,0.5150522589683533,0.5872660279273987,946.0,2,6,0.5232169294596949,19,0.5166526191451966,-27.485554097903023,-8.169127361702932,6.635627083117661,-27.24158354939361,-8.006582003775984,6.367459003309298,31.282856746175945,31.32296769501658,-0.04011094884063482,False,False,False,10,0.38256515276830044,0.49796040366567623,0.5147898751171265,0.5499308630451559,0.4942841529727411,0.6702309791860026,0.9649840459813438
9qnl_chainA,1513,16,0.03485848009586334,Cryptic,0.5150522589683533,0.6056780219078064,946.0,1,7,0.49071680859466155,24,0.5694981674400084,-28.903318148565525,-9.172309661925253,9.522669901640274,-26.755321502685547,-10.186209678649902,11.628985404968262,31.434293968597597,30.560634816867218,0.8736591517303793,True,False,False,9,0.20542183174976214,0.6451529695496697,0.6279817795476278,0.5163009727098937,0.7919003755651919,1.0,0.9266284080291269
9qnl_chainA,1513,16,0.03485848009586334,Cryptic,0.5150522589683533,0.6056780219078064,946.0,2,9,0.48631811796885893,24,0.5341897109377448,-24.512041223450385,-7.808751690802496,9.204559524186193,-23.034529861402348,-7.34963680814656,11.089769945340564,31.531948701239834,32.289331791891826,-0.7573830906519916,False,False,False,9,0.3440731233932112,0.5629597122003,0.6165037146557436,0.5561779850059084,0.502028497948612,0.6075257492573911,0.9266284080291269
9qnl_chainA,4513,17,0.033981382846832275,ActiveSite,0.5150522589683533,0.4596303403377533,946.0,1,9,0.45335709128599516,21,0.5334662489785399,-24.24774096712936,-8.351875336666597,8.30152871858195,-26.380346298217773,-9.881662368774414,10.501737594604492,30.74078515385624,30.36679369904221,0.37399145481403195,True,False,False,10,0.18343028325247954,0.597829584992634,0.5600274572681487,0.5393290574103593,0.6453027020642651,1.0,0.9649840459813438
9qnl_chainA,4513,17,0.033981382846832275,ActiveSite,0.5150522589683533,0.4596303403377533,946.0,2,6,0.4609577222581437,16,0.5431136809782428,-29.42538208772379,-7.864811634572595,8.378849110134313,-26.380346298217773,-9.881662368774414,10.501737594604492,32.50634727863935,30.36679369904221,2.1395535795971448,True,False,False,10,0.18343028325247954,0.597829584992634,0.6136243017109422,0.5393290574103593,0.6453027020642651,1.0,0.9649840459813438
9qnl_chainA,3513,18,0.0035197287797927856,Cryptic,0.8140251040458679,0.5312066674232483,315.0,1,13,0.431414443081339,24,0.5128856161348699,-20.948297289384893,-21.82860233992001,15.949523640171973,-21.78730820380635,-22.008995681262043,15.757868800598988,21.981491847495622,21.813058088545365,0.16843375895025758,True,False,False,12,0.2662062519235015,0.5070176367548022,0.6273574826909248,0.486646806188904,0.6456398487030454,0.6034395368196206,1.0
9qwj_chainD,4,1,0.05553276464343071,ActiveSite,0.6845110654830933,0.6029224395751953,1675.0,1,6,0.4357384353022156,13,0.5695363940152022,-14.559961753456559,12.728788246622809,-34.211979601550674,-12.422531167913144,9.56052128231579,-33.479364251892875,9.739870343896216,12.766709922325385,-3.0268395784291684,False,False,False,5,0.34154296706522,0.6868280798423138,0.7678713446156885,0.5304007821944389,0.4472605683602377,0.6620084173669318,0.7210570543488701
9qwj_chainD,509,2,0.0029175891540944576,Cryptic,0.6650000214576721,0.5480837821960449,110.0,1,5,0.5403842262998463,7,0.5763180727908879,-6.8405876155022325,24.103092278154946,5.7481539317015296,-5.020877452967385,22.859037807496698,7.26810783207479,39.18808182445488,40.97639765556365,-1.7883158311087684,False,False,False,8,0.37928734844870615,0.6623972639123006,0.7171519966239908,0.5639562025926866,0.4812318377631045,0.5879244275357942,0.8842282173954806
9qwj_chainD,1,5,0.000999517273157835,Unknown,0.5266169309616089,0.5964153409004211,91.0,1,3,0.6036536261411029,2,0.600506169454852,-26.490370807279604,4.572053116796089,-41.672734613626226,-26.331329324182427,4.1682439599653565,-41.75486954100943,23.80459874053769,24.049816310122395,-0.24521756958470675,False,False,False,4,0.5528918568587954,0.7257160252786093,0.6939334249556236,0.5709847673773765,0.3309207363592098,0.584671324654372,0.647685462377997
9qwj_chainD,8,11,0.0,Unknown,0.5082430839538574,0.5212090611457825,67.0,1,4,0.6601767633342853,8,0.5863544138854601,-12.459393199640537,23.449189522575054,-24.263813954348336,-9.464189529418945,26.260297775268555,-20.184467315673828,8.720078703186699,13.82126757384972,-5.101188870663021,False,False,False,3,0.5510912490863634,0.4700491944237923,0.7050886765876702,0.5656454205513001,0.44769151580872735,1.0,0.5578858913022596
9qwj_chainD,7,12,0.0028950832784175873,Unknown,0.658750057220459,0.51316899061203,110.0,1,5,0.44408893448602477,9,0.5188077385769877,-9.6199746794781,26.69529471543641,2.554500245153649,-7.254742843418152,26.934974636118493,5.098625096702531,35.8816444743294,38.71868544684631,-2.8370409725169097,False,False,False,5,0.4930875615879213,0.5171745991531355,0.5681549156639635,0.45573055359513914,0.4306582347227138,0.6104050625829851,0.7210570543488701
9qwj_chainD,1511,13,0.013059464283287525,Cryptic,0.6845110654830933,0.6603549718856812,558.3333129882812,1,7,0.43982151342024317,15,0.5976690856727676,-13.152061571026989,12.082951896735114,-34.5287879951453,-12.560836076919717,10.194151271067666,-31.767195848316728,10.337445599163813,12.161406317103681,-1.823960717939869,False,False,False,6,0.3263182139422444,0.7028444441040084,0.7197667604427348,0.5378426044903722,0.5873105956208857,0.9326477110462784,0.783091851446946
9qwj_chainD,4512,14,0.017258942127227783,ActiveSite,0.6845110654830933,0.7367053031921387,558.3333129882812,1,7,0.39239183451396686,18,0.5148749248662214,-15.53181875489037,13.939846543018882,-32.16051755990353,-15.032863257377992,9.056337911578712,-32.56110503666156,8.682283087010115,13.35322742434353,-4.670944337333415,False,False,False,5,0.35100439816818413,0.621696260687315,0.6907492386627536,0.40770411694839925,0.3817460119360644,0.6071377369472104,0.7210570543488701
9qwj_chainD,1513,15,0.009850128553807735,Cryptic,0.6845110654830933,0.6288023591041565,558.3333129882812,1,7,0.45577040655495277,15,0.56140464204142,-14.1135039297389,13.812845858343273,-30.951468028150302,-12.100042997263769,9.681140565925922,-32.30328962770097,8.730746537125963,12.669615320323,-3.9388687831970373,False,False,False,6,0.31682510218093757,0.6234929605128201,0.7619555392485494,0.5495479702673879,0.5105697454001246,0.648239799936434,0.783091851446946
9qwj_chainD,4004,16,0.056556373834609985,ActiveSite,0.6845110654830933,0.6001481413841248,1675.0,1,7,0.45577040655495277,15,0.5631878736396845,-14.1135039297389,13.812845858343273,-30.951468028150302,-12.100042997263769,9.681140565925922,-32.30328962770097,8.730746537125963,12.669615320323,-3.9388687831970373,False,False,False,6,0.31682510218093757,0.6234929605128201,0.7619555392485494,0.5495479702673879,0.5105697454001246,0.6737145370544967,0.783091851446946
9qwj_chainD,4513,17,0.01778380014002323,ActiveSite,0.6845110654830933,0.6921597123146057,558.3333129882812,1,7,0.45577040655495277,15,0.567890823867668,-13.940680707085972,13.60683562055266,-30.97046011356755,-12.076734707612298,9.68612360892251,-32.284457480124104,8.911640647434043,12.667646425740728,-3.756005778306685,False,False,False,6,0.3163979968470201,0.6239819434018069,0.7619555392485496,0.549547970267388,0.5121528362682913,0.7387052491046315,0.783091851446946
9qwj_chainD,4009,18,0.02979939803481102,ActiveSite,0.7326076030731201,0.5369582772254944,418.0,1,5,0.4992631206154098,7,0.5379591413327713,-4.216311817185201,23.005892525652456,-0.5798618194666049,0.26397135853767395,18.59111976623535,-2.010317802429199,33.5369139609127,33.88979894198486,-0.35288498107215815,False,False,False,5,0.2101634157655079,0.5689047394931585,0.5992534960075144,0.5042341356382621,0.7914302994949965,1.0,0.7210570543488701
9qwj_chainD,4007,19,0.0016838096780702472,Unknown,0.658750057220459,0.5658343434333801,110.0,1,3,0.6432476247585275,5,0.4829787248328556,-8.154132902895514,23.951206883841007,4.387352104877698,-8.668886535109376,26.510034791091137,5.945800037162907,37.640676071260934,39.31243982938196,-1.671763758121024,False,False,False,3,0.5437347885814566,0.4273601225251462,0.591874121062018,0.38367625330539806,0.3471456847898284,0.5210849386307719,0.5578858913022596
9qwj_chainT,3,1,0.0,Unknown,0.5135948061943054,0.5172457098960876,82.0,1,3,0.6034840285018012,6,0.6032563723912538,58.08769818204728,27.12501576863625,78.49983732894351,57.499292878613076,27.42061657893899,77.05901576933681,42.173916748905285,43.22743062484886,-1.0535138759435725,False,False,False,4,0.5437149577786969,0.6968979385664911,0.6748240255253721,0.5664084665477276,0.3473798376906629,0.7738465525842689,0.647685462377997
9qwj_chainT,4,3,0.0024726937990635633,Unknown,0.6093999147415161,0.5513772368431091,132.0,1,7,0.598690652046008,16,0.5744230441348691,56.23280265591878,26.74229526610388,55.17040555081956,59.18353856089282,27.5745767051943,52.974196444602846,55.7606281672033,56.89022448255159,-1.1295963153482873,False,False,False,5,0.4903044345570743,0.5839969255138311,0.7663623478276428,0.5961206023939958,0.3745209741525723,0.4731589373384181,0.7210570543488701
9qwj_chainT,507,4,0.0,Cryptic,0.5496923923492432,1.0,135.0,1,3,0.739524374770193,6,0.5729537052767851,78.39676173284907,0.18667120597443645,97.44492673980996,78.2136322898777,-2.661716821626512,96.6352998780184,8.684648834501933,5.8443235857342675,2.840325248767666,True,False,False,4,0.5228376743627159,0.7607085738304997,0.7414358966385954,0.425311095896177,0.3361373176911819,0.39749581481828467,0.647685462377997
9qwj_chainT,2,5,0.06175461411476135,ActiveSite,0.5277388691902161,0.5030727982521057,1844.0,1,7,0.3823796064863466,8,0.4836119866954731,64.33823058006645,21.626311298099154,83.2416458342627,64.07192268312016,21.44536449401182,83.62090291599614,33.37673109053604,33.18734767173395,0.18938341880208753,True,False,False,8,0.41905717650605767,0.5711868685859885,0.5724572718626859,0.32077735374914484,0.45092780043601943,0.3590002024042708,0.8842282173954806
9qwj_chainT,2,5,0.06175461411476135,ActiveSite,0.5277388691902161,0.5030727982521057,1844.0,2,3,0.6178068764096222,3,0.5064033938378064,62.89712626563449,9.941409281534925,90.81083622610241,62.6829637584182,10.173312780228123,90.54331855630602,22.1689724004272,22.523337663834262,-0.3543652634070611,False,False,False,5,0.45231680177798295,0.6221227456287812,0.6419551747223883,0.43440849285616306,0.35057699813519827,0.24649956353364288,0.7210570543488701
9qwj_chainT,7,6,0.0138598857447505,Cryptic,0.770350456237793,0.5267655253410339,321.0,1,6,0.594953773794105,10,0.5195853618462971,78.38216516671298,4.1154691000708326,97.59312894372782,77.68542471988624,7.531380007371893,98.72745047617352,12.361072336762547,15.81252133702232,-3.451449000259773,False,False,False,7,0.41356939933144815,0.6479248962527269,0.6206553900747592,0.4814361648367984,0.4512411397521325,0.21472020494252986,0.8368288369533894
9qwj_chainT,7,6,0.0138598857447505,Cryptic,0.770350456237793,0.5267655253410339,321.0,2,3,0.8062395799007098,6,0.5584681159522379,86.80119787315843,13.339349238555831,85.46218192017948,84.1158995583548,14.068055886045784,85.60928259650085,25.206550212552223,24.756322534476656,0.4502276780755672,True,False,False,5,0.4820889243941592,0.6393459841332592,0.7195010979965419,0.5900909334421158,0.37251141514098496,0.2524119435618545,0.7210570543488701
9qwj_chainT,1509,7,0.009986083023250103,Cryptic,0.5277388691902161,0.6217749714851379,614.6666870117188,1,7,0.3938597247141292,10,0.5025365898801755,63.382991304498134,21.233149028745302,86.60479777502192,64.25944467061473,22.22988683306388,84.13018402982559,32.41052841940343,33.65109824216447,-1.2405698227610458,False,False,False,8,0.4084419533842816,0.6456410058480929,0.5027718185093739,0.38188437129138036,0.44551638142882316,0.5002692021052115,0.8842282173954806
9qwj_chainT,1509,7,0.009986083023250103,Cryptic,0.5277388691902161,0.6217749714851379,614.6666870117188,2,3,0.6178068764096222,3,0.5123043283443398,62.91559830040353,9.95098839303169,90.80158811219606,62.69478417501033,10.214742599255732,90.57075370570603,22.16716494901971,22.54435263324637,-0.3771876842266586,False,False,False,5,0.45217434128594886,0.6203575675792662,0.6419551747223883,0.43440849285616306,0.3505748731895318,0.3363334653778022,0.7210570543488701
9qwj_chainT,1508,8,0.011457016691565514,Cryptic,0.5277388691902161,0.6385589241981506,614.6666870117188,1,3,0.6178068764096222,3,0.5516735828411745,62.90874024127955,9.940097947999716,90.81202069393684,61.44827651977539,13.082364082336426,89.9813461303711,22.16089076242007,25.654125696516807,-3.493234934096737,False,False,False,6,0.3214122261634242,0.6449858730571679,0.566476528882493,0.4507176198464197,0.6230228700389595,1.0,0.783091851446946
9qwj_chainT,1508,8,0.011457016691565514,Cryptic,0.5277388691902161,0.6385589241981506,614.6666870117188,2,4,0.6458865739600975,7,0.5465704898716672,61.88944127419676,19.493918388825936,90.9387317314425,61.44827651977539,13.082364082336426,89.9813461303711,30.725984021250863,25.654125696516807,5.071858324734055,True,False,False,6,0.3214122261634242,0.6449858730571679,0.53812601238523,0.4507176198464197,0.6230228700389595,1.0,0.783091851446946
9qwj_chainT,4507,9,0.010912078432738781,ActiveSite,0.5277388691902161,0.5903339982032776,614.6666870117188,1,3,0.6178068764096222,3,0.5242482864597703,62.91914663806009,9.948543372348277,90.80390099755398,62.67400592882714,10.179873371627451,90.54595573963952,22.16276158052356,22.533345592275616,-0.37058401175205447,False,False,False,5,0.4520827086271694,0.6224148933816609,0.6419551747223883,0.43440849285616306,0.35083770070688397,0.5010220659681355,0.7210570543488701
9qwj_chainT,4507,9,0.010912078432738781,ActiveSite,0.5277388691902161,0.5903339982032776,614.6666870117188,2,4,0.5240380190826478,5,0.48214958169317945,62.64053936933618,20.458086584120405,86.75664311882434,64.13356704797236,21.542734774775866,84.27484901710102,31.988600039846954,33.04389442409946,-1.0552943842525089,False,False,False,7,0.4665650143554322,0.6095794427779639,0.4598217793333436,0.36639223672183496,0.47455578270093307,0.25100559170035297,0.8368288369533894
9qwj_chainT,4508,10,0.01322268508374691,ActiveSite,0.5277388691902161,0.6297189593315125,614.6666870117188,1,5,0.4832469664814825,8,0.48774241388152767,62.69047885984037,20.07656894259457,89.10622708090163,61.601654052734375,13.753287315368652,87.83098602294922,31.147732552230753,26.5633821084233,4.584350443807452,True,False,False,8,0.24418250747852255,0.5564523893219375,0.4253956252274308,0.33830087776377327,0.7293737036937941,1.0,0.8842282173954806
9qwj_chainT,4508,10,0.01322268508374691,ActiveSite,0.5277388691902161,0.6297189593315125,614.6666870117188,2,3,0.6178068764096222,3,0.5321030971204022,62.918557807685104,9.94836406239165,90.80407551319057,62.67067758477723,10.20765415521935,90.57125653772974,22.162938190338604,22.55288629020326,-0.3899480998646574,False,False,False,5,0.45186461121652866,0.621679230052983,0.6419551747223883,0.43440849285616306,0.3508310919842312,0.6160927456422292,0.7210570543488701
9qwj_chainT,4002,11,0.04567944258451462,ActiveSite,0.5277388691902161,0.5723555088043213,1844.0,1,5,0.4832469664814825,8,0.490568486940271,62.69305853433391,20.075452097206977,89.11355739474949,64.28108138649111,21.862002452991923,84.02881518535237,31.144389596555268,33.34940812564084,-2.2050185290855744,False,False,False,7,0.46510311395570436,0.6188739200482952,0.4781237047835614,0.36639223672183496,0.4717474986337471,0.30668198762377263,0.8368288369533894
9qwj_chainT,4002,11,0.04567944258451462,ActiveSite,0.5277388691902161,0.5723555088043213,1844.0,2,3,0.6178068764096222,3,0.5249149954967818,62.91355607589255,9.94020602288876,90.81188978480829,62.67443763314196,10.200880123780127,90.57085580404762,22.15815760168458,22.545390897880754,-0.3872332961961753,False,False,False,5,0.45204287493402273,0.621609493725503,0.6419551747223883,0.43440849285616306,0.3505815463579347,0.5133501301037535,0.7210570543488701
9qwj_chainT,4007,12,0.00627813721075654,Cryptic,0.770350456237793,0.5952170491218567,321.0,1,3,0.5500525553143134,5,0.5483267979962397,74.2471939053895,11.475697444719424,100.21693463327557,75.05221939086914,9.435983180999756,100.41807556152344,19.999834778012595,18.072516610389354,1.9273181676232412,True,False,False,5,0.431334620051409,0.6429216219254028,0.6996983270727547,0.5567354303598404,0.3540508705532104,0.4248693899340874,0.7210570543488701
9qwj_chainT,4007,12,0.00627813721075654,Cryptic,0.770350456237793,0.5952170491218567,321.0,2,3,0.6911792006364595,4,0.5268208422806995,78.34819292138135,6.072458435280599,97.80615968965361,77.81989721255974,7.4613932442750235,98.41629657510401,14.271193686810136,15.67863377672871,-1.4074400899185733,False,False,False,7,0.3933503468302719,0.6199117832332118,0.6119993297338417,0.4749095954533135,0.4315323671223194,0.5327758458609824,0.8368288369533894
9qwj_chainT,4001,13,0.002507693599909544,Unknown,0.559978723526001,0.5167945623397827,118.0,1,3,0.5402060458377093,5,0.5246540534523894,53.458293104692814,17.217122990560785,67.77606151779707,53.524402217024935,17.913161566011897,66.52742397909597,42.808126519569754,43.9622720562651,-1.1541455366953457,False,False,False,8,0.39543123099614097,0.6341336362832494,0.5039102170519154,0.46689282067899984,0.4761112550598203,0.6527800571846418,0.8842282173954806
9qwj_chainT,3509,14,0.011980836279690266,Cryptic,0.8325151801109314,0.5414665341377258,371.0,1,4,0.6136297727133502,6,0.5553219500827392,52.85301544137844,23.32224187612157,53.550264945647285,48.0363655090332,18.026763916015625,51.259735107421875,56.22130099410059,57.44540354942118,-1.2241025553205915,False,False,False,7,0.20211695993423556,0.6306808499534604,0.6953291526354813,0.5200226233129983,0.6047340065569471,1.0,0.8368288369533894
9qwj_chainT,4000,15,0.014580209739506245,Cryptic,0.8325151801109314,0.5310696363449097,371.0,1,5,0.6100821139121911,9,0.5360164989015362,53.74846594137241,24.55534338678706,52.96244015235164,52.27133812467372,20.94882625280951,54.6607223016173,56.976918058922244,54.382372253710486,2.5945458052117587,True,False,False,8,0.4616554693923602,0.5461790042883936,0.5887684127136827,0.4406481467092278,0.5104466608669799,0.632075581018281,0.8842282173954806
9qwj_chainT,4005,17,0.0,Unknown,0.5142711997032166,0.5835049748420715,88.0,1,11,0.427947981004397,21,0.536329363589907,60.41242313778527,25.763783808142325,58.000596865317405,60.50680373844695,28.421840721831472,66.22347668198054,51.78079999862536,48.283647349089236,3.497152649536126,True,False,False,6,0.39267287240433174,0.6613809345209519,0.6121860769162579,0.5771356480402412,0.36186027512304875,0.45622670989514014,0.783091851446946
9sia_chainB,1,1,0.0,Unknown,0.4343656897544861,0.511623740196228,76.0,1,6,0.4539532797432837,10,0.5676700913955056,10.858933781118996,21.2300711187797,-1.9927310421688458,5.5422924124224675,20.280988410004237,1.4797310098722907,10.740951651464888,15.368453467584349,-4.6275018161194605,False,False,False,6,0.4490011037542199,0.6857087141198472,0.6080203905076791,0.5321372805425021,0.5341004159831014,0.508825918881191,0.783091851446946
9sia_chainB,4,4,0.07885060459375381,ActiveSite,0.691274106502533,0.4971524477005005,412.0,1,7,0.5284324312695841,9,0.581802933437604,27.11155749844462,42.75087208841919,2.928476871198214,26.440965217871597,42.618402243838176,2.947168513413561,22.51873856211894,22.215298797730632,0.3034397643883082,True,False,False,7,0.3658257861058499,0.553486131183828,0.8052616063418857,0.5803666612931659,0.6269482473788972,0.5852213857347042,0.8368288369533894
9sia_chainB,2,6,0.08234073221683502,ActiveSite,0.7945857048034668,0.45503076910972595,544.0,1,3,0.5300063708744673,5,0.5086885931549924,16.61156676257,38.13285495588272,1.7990365791893197,10.886022567749023,39.39377975463867,1.4938501119613647,17.52427758121054,20.81751216342622,-3.2932345822156783,False,False,False,9,0.32735720383843186,0.4633450168792356,0.515771335309471,0.5233942630614314,0.44540518010931435,1.0,0.9266284080291269
9sia_chainB,6,7,0.006782799959182739,Unknown,0.49943843483924866,0.5354127287864685,93.0,1,6,0.46516095976854244,12,0.5197219499858163,22.655084697907974,30.033513326499577,-2.328413982019068,23.987102511543032,32.814098947993244,-1.8061007927648904,9.994662435273193,12.628854694002374,-2.634192258729181,False,False,False,9,0.3738101449654845,0.6118293462850366,0.5463695464564714,0.533863037958625,0.5010309836702832,0.3920360390437606,0.9266284080291269
9sia_chainB,4004,9,0.12865063548088074,ActiveSite,0.691274106502533,0.5471463799476624,412.0,1,4,0.6354985853433033,6,0.4663984832973006,20.715743615172503,40.95153980220583,3.940352217162574,17.38028619749246,40.592998762134485,5.03227812532756,19.923413818297,20.020411409297452,-0.09699759100045213,False,False,False,8,0.43298903033838865,0.47455116737524056,0.49304296423408633,0.34222151367589393,0.45828640039838164,0.48610936973069185,0.8842282173954806
9sia_chainB,4006,10,0.024380162358283997,Allosteric,0.7945857048034668,0.5352838635444641,181.3333282470703,1,3,0.5300063708744673,6,0.49758224764185405,16.623367151561286,38.13684317857308,1.8291360231351712,11.218817710876465,42.519874572753906,-0.19174323976039886,17.52518346593333,23.555102221688944,-6.029918755755613,False,False,False,7,0.20658057952111983,0.4002110044386319,0.573356555271288,0.5595689488308772,0.6338405405961721,1.0,0.8368288369533894
9sia_chainB,4006,10,0.024380162358283997,Allosteric,0.7945857048034668,0.5352838635444641,181.3333282470703,2,5,0.4381749831566946,8,0.4991534381383897,11.205545233436258,38.59963171904087,-2.524720395624012,11.218817710876465,42.519874572753906,-0.19174323976039886,20.441734061413342,23.555102221688944,-3.113368160275602,False,False,False,7,0.20658057952111983,0.4002110044386319,0.5820853913631528,0.5595689488308772,0.6338405405961721,1.0,0.8368288369533894
9sia_chainB,4006,12,0.0033068698830902576,Unknown,0.49943843483924866,0.5352838635444641,93.0,1,3,0.5260293943812693,4,0.5286257648967486,23.936624484446344,31.861149284715427,-2.9341848193077142,24.39944489036028,32.2927090544598,-3.1929970865545023,12.140407089179192,12.744639405664563,-0.6042323164853709,False,False,False,8,0.43197337287713544,0.5836879659102931,0.5357242858808016,0.5344184217619333,0.46446993936725023,0.5088405496746402,0.8842282173954806
9sic_chainB,3,4,0.0528649277985096,ActiveSite,0.8031696677207947,0.47647538781166077,761.0,1,5,0.5698218451527635,9,0.5403421996577831,11.305344699857102,-8.597399910047692,-2.648099439338027,8.023670597247708,-9.012337296021766,-2.2880678387953957,17.18241531698019,17.153587883966107,0.02882743301408297,True,False,False,7,0.31951691058891296,0.7496104481697151,0.6010279512398211,0.3926311612927488,0.612310570098554,0.5665362227852637,0.8368288369533894
9sic_chainB,3,4,0.0528649277985096,ActiveSite,0.8031696677207947,0.47647538781166077,761.0,2,3,0.5566586699257532,5,0.4964603074483716,17.590774725831857,-9.638232535632229,0.6945230826284506,12.581436157226562,-11.315742492675781,-3.2766928672790527,19.83442001842056,20.179634147407747,-0.3452141289871875,False,False,False,11,0.19845309851157092,0.5584697958408827,0.44257243380461303,0.40779826461697016,0.7222684421387247,1.0,1.0
9sic_chainB,1,6,0.01050370279699564,Unknown,0.5460951924324036,0.5092136263847351,145.0,1,8,0.43609017462552885,11,0.5520923601524738,0.1970605191518922,-6.244783614164265,-3.0496504293279028,-1.955610752105713,-5.046224594116211,3.557806968688965,16.616588693096126,16.15586057986867,0.4607281132274572,True,False,False,4,0.35813438907236106,0.6046345633501291,0.4439005055203864,0.5331612329275944,0.776210327240968,1.0,0.647685462377997
9sic_chainB,4,7,0.0,Unknown,0.5368952751159668,0.48225000500679016,73.0,1,4,0.6531541347535471,6,0.5347267589292708,10.511106027398498,3.593232238884865,-6.664736112911308,10.328146646778508,3.078725815679854,-4.447146103219516,9.778370080020126,8.140604260769127,1.6377658192509994,True,False,False,6,0.3683547866852845,0.4622004803811434,0.6972714965119536,0.5609356587131819,0.6281889242164225,0.5235636326903359,0.783091851446946
9sic_chainB,0,8,0.0,Unknown,0.4930506944656372,0.5270441174507141,64.0,1,4,0.6543939076325509,8,0.5627628554215791,-5.420512237460693,-13.609034304432264,-0.7151224667675816,-1.9023489952087402,-18.055828094482422,-1.0649363994598389,25.209668531385923,27.65379760024899,-2.4441290688630666,False,False,False,3,0.40970229903855304,0.5978879462342688,0.6552844001364196,0.5388909002145131,0.4278868378148202,1.0,0.5578858913022596
9sic_chainB,1008,9,0.016284620389342308,Cryptic,0.8031696677207947,0.5032864809036255,253.6666717529297,1,4,0.6203870201522261,6,0.546270046301196,14.575230601489794,-9.482922400868746,-1.9629443649630602,15.26053237915039,-12.06110668182373,-1.0683953762054443,18.760965714179925,21.22416370302312,-2.463197988843195,False,False,False,9,0.29013396199776864,0.4968710357116989,0.602880831404769,0.5279616332716413,0.6793985690161443,1.0,0.9266284080291269
9sic_chainB,1008,9,0.016284620389342308,Cryptic,0.8031696677207947,0.5032864809036255,253.6666717529297,2,3,0.5566586699257532,5,0.5310559762544301,17.569391041387362,-9.63593147326263,0.7227528795270982,15.26053237915039,-12.06110668182373,-1.0683953762054443,19.820358970729057,21.22416370302312,-1.4038047322940628,False,False,False,9,0.29013396199776864,0.4968710357116989,0.5183582200338471,0.5279616332716413,0.6793985690161443,1.0,0.9266284080291269
9sic_chainB,4007,10,0.01369981188327074,Cryptic,0.8031696677207947,0.5388248562812805,253.6666717529297,1,7,0.4540909924813769,14,0.5469539154306904,7.959749683233184,-7.590176997816037,-3.387965977237208,8.680717882597238,-9.552872251726978,-2.717454336683161,16.10046289091802,17.800418571310686,-1.6999556803926659,False,False,False,7,0.31114432856562807,0.7155419265422077,0.5835099970471828,0.3926311612927488,0.6430895272132139,0.7881101631739216,0.8368288369533894
9sic_chainB,4007,10,0.01369981188327074,Cryptic,0.8031696677207947,0.5388248562812805,253.6666717529297,2,3,0.5566586699257532,5,0.4599692127397336,17.597255845443392,-9.65208741555637,0.6905165493337814,10.388193130493164,-10.17993450164795,-4.494117736816406,19.849882652154257,19.072052330605374,0.7778303215488833,True,False,False,7,0.2701370770022201,0.5462934450321261,0.30615804741715447,0.28574821923630495,0.732080197922095,1.0,0.8368288369533894
9sic_chainB,1009,11,0.027638113126158714,Cryptic,0.8031696677207947,0.5300225615501404,253.6666717529297,1,4,0.6203870201522261,5,0.4718113399222542,14.471954540151827,-9.443115591042845,-1.867667111035861,13.457861406551796,-9.879798825185034,-1.1390476278184645,18.66892429382684,18.613527258818934,0.055397035007906936,True,False,False,12,0.26906520556134517,0.544704132934081,0.48484030633706715,0.40375236352750404,0.5495986129585313,0.5923338485684189,1.0
9sic_chainB,1009,11,0.027638113126158714,Cryptic,0.8031696677207947,0.5300225615501404,253.6666717529297,2,3,0.5566586699257532,5,0.4577510370798288,17.58312355353748,-9.652302127142033,0.709773462296624,18.935933941611633,-9.920648263759661,-1.0336951529475553,19.842059010352283,20.930370611683536,-1.0883116013312524,False,False,False,8,0.3618371414586805,0.39648634709386327,0.5665679058891546,0.5220558898313516,0.4078375046594029,0.30152181345991924,0.8842282173954806
9sic_chainB,3012,12,0.09468188136816025,Cryptic,0.8031696677207947,0.5278487205505371,761.0,1,5,0.5698218451527635,10,0.5383092765657387,11.305344699857102,-8.597399910047692,-2.648099439338027,8.506051458222313,-8.89910694173452,-3.3161809208725197,17.18241531698019,17.33204703027385,-0.1496317132936582,False,False,False,7,0.3093721941356965,0.7294053386788865,0.6010279512398211,0.3926311612927488,0.622812249075586,0.6150028350308354,0.8368288369533894
9sic_chainB,3012,12,0.09468188136816025,Cryptic,0.8031696677207947,0.5278487205505371,761.0,2,3,0.5566586699257532,5,0.45561328712930643,17.590774725831857,-9.638232535632229,0.6945230826284506,18.935185173306706,-9.91222292863094,-1.035592094165929,19.83442001842056,20.9231716633823,-1.0887516449617394,False,False,False,8,0.36205979612923045,0.3961185839282819,0.5665679058891546,0.5220558898313516,0.408143707509166,0.2708324602697142,0.8842282173954806
9sic_chainB,4003,13,0.05932191014289856,ActiveSite,0.8031696677207947,0.4658832550048828,761.0,1,4,0.6203870201522261,5,0.5031351053211353,14.62270196766788,-9.500890913966987,-2.0067514841214806,13.158354759216309,-12.252740859985352,-2.6243302822113037,18.803205238933536,21.04915125498402,-2.2459460160504854,False,False,False,10,0.17991524418994437,0.5180946763192896,0.5393810522655256,0.41362273959375856,0.7481908140982758,1.0,0.9649840459813438
9sic_chainB,4003,13,0.05932191014289856,ActiveSite,0.8031696677207947,0.4658832550048828,761.0,2,3,0.5566586699257532,5,0.48383991099941953,17.569440367811474,-9.628618130822066,0.720157135136373,13.158354759216309,-12.252740859985352,-2.6243302822113037,19.814159038819717,21.04915125498402,-1.2349922161643043,False,False,False,10,0.17991524418994437,0.5180946763192896,0.4321855282559934,0.41362273959375856,0.7481908140982758,1.0,0.9649840459813438
9sic_chainB,3013,18,0.023386415094137192,Cryptic,0.7397521734237671,0.5342079997062683,510.0,1,3,0.5642579670054504,4,0.49480291503437474,2.756125017593475,-14.239249815241179,4.2145084376802275,2.03633603795268,-14.57717790337162,4.099062881696816,22.59595871387725,23.084158910092786,-0.4882001962155371,False,False,False,7,0.38052277429703635,0.5527339035018773,0.5587208725480485,0.515913245507649,0.5159563462007498,0.233967367072764,0.8368288369533894
9sic_chainB,4001,19,0.0014564148150384426,Unknown,0.5460951924324036,0.5385386347770691,145.0,1,5,0.5144294637272171,10,0.5314962029016262,-4.440003501158372,-10.16417397341141,-1.4765527648992411,-0.15474586078311642,-4.483863701866369,0.07871230767661042,21.916785614287274,14.663138193056367,7.253647421230907,True,False,False,6,0.44243385091699344,0.7740286124208685,0.44385735676704874,0.5623369502088452,0.41928191800280634,0.27936193676088916,0.783091851446946
9sic_chainB,4004,20,0.0,Unknown,0.5368952751159668,0.5212519764900208,73.0,1,3,0.7903102232542143,4,0.5548333097086326,12.269261072331663,5.2198701581726255,-7.445755221167791,12.29773906900224,5.446679450590433,-6.678679990058091,10.548438612155019,9.838741918276616,0.7096966938784028,True,False,False,5,0.5032847011019104,0.575227631513078,0.6894874314453621,0.5620305442810059,0.4014684070151809,0.41095909967815536,0.7210570543488701
9sic_chainC,3,4,0.037925176322460175,Cryptic,0.6854772567749023,0.4975312650203705,353.0,1,7,0.5016735665040031,10,0.5506642191084349,1.8532344034128283,16.702331753142005,34.04181006011289,-1.3994657897856446,19.348066008330328,34.16129977895814,23.576386500691562,20.323580951629225,3.2528055490623373,True,False,False,6,0.4385751617602293,0.6064653404869769,0.6575643443068092,0.5511416112383206,0.48137438623639356,0.43252630313201135,0.783091851446946
9sic_chainC,4008,5,0.025943264365196228,Allosteric,0.6751246452331543,0.4938618838787079,191.6666717529297,1,3,0.7320289240091723,6,0.5700846077257645,-17.24899239069352,12.387302287608685,30.957739041684317,-17.296074339357723,12.664480277667494,31.408172055535704,12.640657220377827,12.11827737751091,0.5223798428669166,True,False,False,7,0.4402380159037432,0.5920918836216742,0.6543871962664772,0.5611822399709906,0.40121371005106293,0.8066777229775867,0.8368288369533894
9sic_chainC,4008,5,0.025943264365196228,Allosteric,0.6751246452331543,0.4938618838787079,191.6666717529297,2,4,0.632297168141392,8,0.5550431219841638,-12.846885707590566,14.460126084240851,30.532725360905893,-15.33361894192138,14.306395223058336,30.225074831582994,13.879663866276136,12.992902306740133,0.8867615595360032,True,False,False,8,0.4044358613336921,0.5498539971178289,0.6382057886195398,0.5673619984649122,0.5095416380447623,0.6741025637194086,0.8842282173954806
9sic_chainC,1007,6,0.027300694957375526,Cryptic,0.6751246452331543,0.5496066808700562,191.6666717529297,1,8,0.45334684353512444,17,0.5387025755661541,-13.367377661764015,13.774424908541185,30.544162681673985,-15.810381823823825,13.583901490380395,30.55085071001354,13.845001829628073,12.835248015625227,1.0097538140028455,True,False,False,8,0.39032444725908544,0.5140870844875272,0.6527409980406669,0.5781847360543908,0.47362884998146115,0.5804294006075053,0.8842282173954806
9sic_chainC,3009,7,0.07611554116010666,Cryptic,0.6751246452331543,0.5419709086418152,575.0,1,8,0.4399996986528212,15,0.5501746205487443,-13.241725595721684,13.967384965255132,30.344836321500892,-12.282591306586607,14.51230023372522,31.460487666467387,13.988486104363652,13.505003102486498,0.4834830018771541,True,False,False,8,0.3471435898383891,0.6232862690323606,0.6259252108179106,0.5606576806865633,0.5179429146044432,0.6260776570538054,0.8842282173954806
9sic_chainC,4001,8,0.07767714560031891,ActiveSite,0.6751246452331543,0.4873289167881012,575.0,1,8,0.4571824584078909,13,0.5631699383119516,-14.960932411993037,12.89137941810258,30.02100962827242,-13.560451930464618,14.970914386002793,31.89894325457203,13.89816278669369,12.274166631103993,1.6239961555896976,True,False,False,9,0.31562840519896473,0.6515530915798061,0.6317181241733429,0.5611055548820231,0.5571416986942749,0.736810876357565,0.9266284080291269
9sic_chainC,4003,9,0.060255225747823715,Cryptic,0.6854772567749023,0.5592275261878967,353.0,1,4,0.6801635151687295,5,0.4840359525612831,-6.405363173193227,16.546483072753702,34.03804206932264,-5.650542846253538,15.614555337803168,32.5810692128609,15.987918615564306,17.49198802346617,-1.5040694079018646,False,False,False,6,0.3755679107857712,0.5871066752828952,0.6206159241520163,0.37306228692160176,0.43274304023162957,0.3235512866541361,0.783091851446946
9sic_chainC,4000,10,0.0,Unknown,0.5036835074424744,0.535228431224823,116.0,1,3,0.6125212631764402,6,0.5256511779837257,-17.350457802687025,-4.613245242102348,32.381275986696444,-21.16662087952358,-4.719359801729562,35.237928776287674,25.558652845932663,24.64148994839896,0.9171628975337036,True,False,False,5,0.49039179031485103,0.6163183769656373,0.5412633916973546,0.41349843077361587,0.5114904814020622,0.4843487518297419,0.7210570543488701
9sid_chainA,3,1,0.0,Unknown,0.5006803274154663,0.4848826825618744,52.0,1,5,0.4917302341120222,11,0.5280640904488525,-18.284311387834997,5.950237177658387,-8.25247874205474,-13.67011547088623,7.930081844329834,-13.84774112701416,9.58462995740041,8.602811277887787,0.9818186795126227,True,False,False,6,0.2948714019447231,0.47151676422522976,0.5037240140238984,0.5205776972000209,0.7987425448842075,1.0,0.783091851446946
9sid_chainA,0,2,0.03399866819381714,ActiveSite,0.7513056993484497,0.46824297308921814,669.0,1,5,0.4486152407580552,6,0.48608822802961643,-22.74006200586529,16.331844103439728,-3.912538801434176,-22.32554613721737,16.27469547294542,-3.8155698905616835,18.71254801826556,18.389937623091367,0.32261039517419476,True,False,False,12,0.3530230877672261,0.5281848145736423,0.49554491763871283,0.40169400106990305,0.4869359833840385,0.622328576659958,1.0
9sid_chainA,2,3,0.008032063953578472,Unknown,0.5647244453430176,0.48567330837249756,129.0,1,3,0.8731326483058663,3,0.5618812828523759,-8.855844236572935,8.702544292550856,-0.9870813339923276,-8.576715709507829,9.734272659881286,0.6588792319052565,7.967011446981919,9.913141921300237,-1.946130474318318,False,False,False,5,0.42217562648383133,0.7003064017565316,0.7910923374181004,0.5721698707342149,0.3801121584227078,0.17842833617861997,0.7210570543488701
9sid_chainA,1004,4,0.013121194206178188,Cryptic,0.7513056993484497,0.5568150877952576,223.0,1,4,0.6729608397211359,9,0.5360174271913539,-21.294539283906357,2.262502370390766,-4.703979113912006,-21.921542299449804,-0.48877929589121516,-3.650323753479371,12.969098098787804,14.517314664453862,-1.548216565666058,False,False,False,5,0.489955802810582,0.5085082596019783,0.769964803587205,0.550178987979889,0.33343368093631015,0.2958265580409285,0.7210570543488701
9sid_chainA,1004,4,0.013121194206178188,Cryptic,0.7513056993484497,0.5568150877952576,223.0,2,3,0.5887480895984809,8,0.4858084776953767,-22.94881170807237,8.145563934912985,-5.755079581152794,-22.716939599339263,7.1097630671404115,-5.204139087759623,14.722473429564184,14.350697242413757,0.37177618715042726,True,False,False,6,0.37349144345673996,0.4773872384859276,0.5591085883597443,0.39824799035365377,0.46701733682291635,0.7211076136085153,0.783091851446946
9sid_chainA,1004,4,0.013121194206178188,Cryptic,0.7513056993484497,0.5568150877952576,223.0,3,3,0.7954580139554264,4,0.44215568964332724,-22.792431504425338,17.08774033187007,-2.849404218784426,-22.200166884430395,15.477249610596889,-4.3635989616899025,19.478145864845008,17.67908642324716,1.7990594415978478,True,False,False,13,0.3351860747064953,0.5022101580832894,0.4696694100897367,0.3774425664331957,0.48225320501915137,0.25874821642473556,1.0
9sid_chainA,3009,5,0.04125929996371269,Cryptic,0.6854075193405151,0.5310333371162415,563.0,1,3,0.49307723896083583,7,0.5186658169595773,-28.4068130458344,6.178261004032052,-11.715634539618955,-29.868397972147562,1.3982926987997215,-10.029463142442484,20.0532506725803,21.359997919578543,-1.306747246998242,False,False,False,7,0.38048208932478467,0.5962903975518529,0.5543222916770018,0.5395996621676853,0.6015654244390393,0.285429903871356,0.8368288369533894
9sid_chainA,3009,5,0.04125929996371269,Cryptic,0.6854075193405151,0.5310333371162415,563.0,2,7,0.5102467187023145,20,0.5035951697365897,-22.751092974676222,4.1554796386867565,-11.078862119441641,-29.450409388051195,3.98627197744092,-11.147355661227994,14.315361912932795,20.896556773649444,-6.581194860716648,False,False,False,7,0.3438456857623929,0.6741257318811912,0.5400004591220818,0.47314679650589814,0.38856308455277133,0.46636769130731515,0.8368288369533894
9sid_chainA,4005,7,0.013141204603016376,Cryptic,0.7513056993484497,0.5115081071853638,223.0,1,5,0.4486152407580552,6,0.47917749380000535,-22.73857729554252,16.33713679447713,-3.9226676436058616,-24.87191797027176,17.292524246613503,-3.3843170723948988,18.71279522020281,21.025936694047054,-2.3131414738442437,False,False,False,11,0.29785549531386907,0.6046000872973079,0.4678780270216635,0.3902322769446757,0.5174724822612138,0.5481385723435186,1.0
9sid_chainA,1003,8,0.006204425357282162,Cryptic,0.7513056993484497,0.5075581073760986,223.0,1,5,0.4486152407580552,6,0.5209093192151412,-22.74089266722824,16.314975231380632,-3.926589944094795,-25.77521324157715,15.027339935302734,-5.339788913726807,18.699567295454834,20.13699874361283,-1.4374314481579944,False,False,False,10,0.2839462866661783,0.449084425980277,0.5455694517972767,0.5090288061244836,0.6504901261670858,1.0,0.9649840459813438
9sid_chainA,4004,9,0.007571806199848652,Cryptic,0.7513056993484497,0.4891084134578705,223.0,1,3,0.5887480895984809,7,0.47017060082990686,-22.948934620099628,8.145799093821703,-5.7552270413530735,-23.592653883630902,8.352960405990913,-6.338726741259652,14.722632182304157,15.33070543723777,-0.608073254933613,False,False,False,7,0.3989241080551982,0.5324338549092634,0.4362911666489607,0.3367054516715663,0.48073497198363774,0.6517403229215697,0.8368288369533894
9sid_chainA,4004,9,0.007571806199848652,Cryptic,0.7513056993484497,0.4891084134578705,223.0,2,5,0.4486152407580552,6,0.4820763222490427,-22.739377139256458,16.352853679495986,-3.9131867444194204,-22.309996451608786,16.267517604666608,-3.7870007623670956,18.725343574339355,18.379919357349895,0.3454242169894606,True,False,False,11,0.3841189827118335,0.5266494387486201,0.4930949581580913,0.3886469004492757,0.491509559700633,0.49237608768678276,1.0
9sid_chainA,1006,10,0.0,Cryptic,0.6854075193405151,0.5293716788291931,187.6666717529297,1,3,0.7205278870482326,6,0.4857544053747014,-23.23577178024849,8.090774035029021,-13.811722161125383,-21.614278384156826,7.6545558889028555,-13.385770071537014,16.077598684470832,14.365213804317207,1.7123848801536248,True,False,False,9,0.21260273027026358,0.5458686775908969,0.5352426788571353,0.45313776930173233,0.7825905636327835,0.4588544649194638,0.9266284080291269
9sid_chainA,4000,11,0.017636045813560486,ActiveSite,0.7513056993484497,0.4660569131374359,669.0,1,5,0.4486152407580552,6,0.4877665505357128,-22.743978919126775,16.347392002627494,-3.9079634189654313,-22.328020469203118,16.276010069117294,-3.7913802064400453,18.726314601550875,18.397692878634903,0.32862172291597247,True,False,False,11,0.38358518638964173,0.5265340883280882,0.4930949581580913,0.3886469004492757,0.4910135023095214,0.5765334480755491,1.0
9sid_chainB,3,1,0.0,Unknown,0.5780863165855408,0.47306057810783386,58.0,1,4,0.6623191615238846,7,0.5202332329044544,-6.800538881624964,0.5036916479782977,-16.024340350694207,-4.519248891539324,1.8753262219719722,-15.668540335861278,27.17806283121291,26.993794014499727,0.18426881671318185,True,False,False,6,0.40447899747391564,0.5037055066718688,0.64518718013204,0.5885283996661503,0.42518927135800094,0.43493451568346275,0.783091851446946
9sid_chainB,1,2,0.05489484593272209,Cryptic,0.6978216767311096,0.4859307110309601,355.0,1,9,0.3578282857556901,19,0.5041943455879002,-14.44180168073369,-11.962398338097112,-7.698141964957289,-13.393598465216185,-16.57414166381029,-5.389475739707691,21.1534229962646,19.414038795838202,1.7393842004263966,True,False,False,6,0.4066525700834693,0.46375292386741895,0.6130967996162595,0.5339653511842092,0.5213281928822928,0.3823978859058156,0.783091851446946
9sid_chainB,1006,4,0.01770390383899212,Cryptic,0.7538539171218872,0.5253209471702576,190.0,1,4,0.5569479903510224,4,0.5122224807960768,1.0790833385058736,-11.65278893372481,-9.132145776604737,0.8177359676298721,-12.001450061795486,-9.597406777097259,16.128665307534146,16.59165563696895,-0.4629903294348061,False,False,False,8,0.4427007405603116,0.33960645746575013,0.5806805735418525,0.5450534051810699,0.42892677956070524,0.8459696382300383,0.8842282173954806
9sid_chainB,3007,5,0.07335405051708221,Cryptic,0.7538539171218872,0.5315722823143005,570.0,1,3,0.7639552843003503,3,0.5251541335496035,-10.551538238624413,-16.06594847342875,-5.123365826290705,-6.650897026062012,-14.550517082214355,-12.89500904083252,17.126685494996867,21.40702931257023,-4.280343817573364,False,False,False,5,0.19673626548089213,0.6149311043879989,0.4922642571546655,0.49317689624050054,0.8138248655282628,1.0,0.7210570543488701
9sid_chainB,3007,5,0.07335405051708221,Cryptic,0.7538539171218872,0.5315722823143005,570.0,2,3,0.639418164476408,6,0.5227592440827021,0.9369614236009192,-12.021112131722134,-9.520548053949227,-6.650897026062012,-14.550517082214355,-12.89500904083252,16.515776309740897,21.40702931257023,-4.891253002829334,False,False,False,5,0.19673626548089213,0.6149311043879989,0.47895931567188005,0.49317689624050054,0.8138248655282628,1.0,0.7210570543488701
9sid_chainB,4007,6,0.0182950459420681,Allosteric,0.7538539171218872,0.5315079092979431,190.0,1,3,0.639418164476408,4,0.4941058755203133,0.9586331962631548,-12.029648780643916,-9.49066664941076,-2.3931636810302734,-16.71430778503418,-10.621438980102539,16.486239134326848,18.55934174811129,-2.0731026137844424,False,False,False,6,0.21303741707426385,0.37547142495596936,0.5497220333460117,0.5409373266703548,0.7322807958940991,1.0,0.783091851446946
9sid_chainB,4002,7,0.056450992822647095,ActiveSite,0.7538539171218872,0.4703395664691925,570.0,1,3,0.639418164476408,4,0.5113945949206912,0.9647453094931882,-12.03141824704174,-9.50513278073777,-2.5750949382781982,-14.529855728149414,-11.011112213134766,16.500795928807996,18.515555458370034,-2.0147595295620384,False,False,False,10,0.23176221389919022,0.4797465898705968,0.5298300368744296,0.5337424317255554,0.6080494759821278,1.0,0.9649840459813438
9sid_chainB,4001,8,0.07492707669734955,Cryptic,0.6978216767311096,0.5180080533027649,355.0,1,3,0.7639552843003503,2,0.48948688183458666,-10.473044980890556,-15.984198091812656,-5.128401720348208,-10.647659811927735,-15.881254026957798,-5.748570518117171,17.058214227089618,17.592918589673538,-0.5347043625839198,False,False,False,7,0.3542002790592405,0.5701921842436006,0.6166579559144718,0.453292555095894,0.4135001259939531,0.3389097526376581,0.8368288369533894
9sid_chainB,3009,9,0.03055066242814064,Cryptic,0.6978216767311096,0.531199038028717,355.0,1,8,0.4182676168359218,13,0.5588898808866425,-17.096395396617282,-15.136079800708362,-6.129479901128984,-14.68573497220499,-16.596077728017328,-4.437384359882965,22.42261871140045,19.81749330005135,2.6051254113491,True,False,False,6,0.4341034322407323,0.5734546054963355,0.683688084738748,0.5268964673082034,0.5466819740615004,0.5546293721259301,0.783091851446946
9sid_chainB,4005,10,0.0013424165081232786,Unknown,0.45303764939308167,0.5395453572273254,75.0,1,3,0.7746978395303095,5,0.5102978002861198,5.569533165097613,6.133542012172692,-12.511413312603272,3.524771988391876,6.484804630279541,-13.624666690826416,26.927201489902878,27.69558907588386,-0.7683875859809817,False,False,False,6,0.3646990722091577,0.4797070445195532,0.7101090811925478,0.55118737062008,0.3522969694101325,0.5204958660682777,0.783091851446946
9sid_chainB,4003,11,0.0,Unknown,0.5780863165855408,0.5200510621070862,58.0,1,3,0.6890419571963486,5,0.5590570594092774,-6.245379464477957,1.3136130579029803,-16.320849584411363,-4.59386662619904,2.1023378483587485,-15.898929590814657,27.65625971949777,27.316977499506347,0.3392822199914214,True,False,False,5,0.4875273670119588,0.5211884509756863,0.6808298589763055,0.5943298822641372,0.441267777065498,0.5713002132754252,0.7210570543488701
9sid_chainB,4000,12,0.0,Unknown,0.5308859944343567,0.5730155110359192,84.0,1,3,0.6491211699607587,4,0.5261251768549726,-23.888610784246826,-14.353695177025218,-10.857933141552138,-22.193992614746094,-17.892183303833008,-10.10849380493164,30.554202945921723,29.27828418369357,1.2759187622281516,True,False,False,6,0.28706191300111844,0.41678722376216576,0.5723771798287437,0.5668504933516184,0.7099430910449084,1.0,0.783091851446946
9t29_chainA,511,5,0.028261758387088776,Cryptic,0.8118273615837097,0.6126302480697632,634.0,1,3,0.6219756481385537,5,0.4968491429461466,34.59514560888398,32.67954775755817,87.23424447221004,37.90568161010742,27.13239097595215,93.48667907714844,34.28919061629579,32.49312249941392,1.7960681168818695,True,False,False,5,0.3739464302284831,0.5095980285426935,0.48755718469472314,0.4096650220365735,0.4582284449442648,1.0,0.7210570543488701
9t29_chainA,1519,11,0.020416952669620514,Cryptic,0.7117264270782471,0.8023062348365784,401.0,1,3,0.5848073062144006,6,0.5311330751828646,37.07459791901877,32.69607598915538,122.1145371204984,38.418533671725584,34.865347988044554,123.3937467628645,16.18863827519721,15.509034352216366,0.6796039229808439,True,False,False,8,0.4457839763965905,0.7271435396239855,0.5261791053108973,0.47661725299542657,0.4665521608989595,0.24112266468551402,0.8842282173954806
9t29_chainA,3532,13,0.020504286512732506,Cryptic,0.7117264270782471,0.7735278010368347,1203.0,1,4,0.5402669044617395,6,0.5077596925310737,40.08063434181779,37.71985957085096,121.71549230697512,39.64304356805121,37.46716616111748,121.98981164523363,14.138783116984248,14.049501044750171,0.08928207223407725,True,False,False,8,0.4196961328337005,0.6439928109679348,0.5599469510680675,0.48850701861266516,0.3715948605724148,0.2558798194300643,0.8842282173954806
9t29_chainA,4519,14,0.019789444282650948,ActiveSite,0.7117264270782471,0.7099535465240479,401.0,1,4,0.5360621584477681,7,0.5286033322481327,38.30946258127335,33.44617684835378,122.05138185783599,38.76597922747017,34.36123890647334,122.56090676966147,16.17160864424282,15.838076709019166,0.3335319352236539,True,False,False,9,0.4583370574837889,0.6642791861785566,0.5155140833491612,0.4858137777954165,0.4525726432036437,0.33764538634822283,0.9266284080291269
9t29_chainA,4519,14,0.019789444282650948,ActiveSite,0.7117264270782471,0.7099535465240479,401.0,2,3,0.48475817934064047,4,0.5380694355024379,39.29238798560387,36.83309311902549,120.77267373132484,39.45048743376629,38.434851368074774,121.11245915350466,13.94903607625972,13.08231129965452,0.8667247766051993,True,False,False,7,0.4863577240597679,0.5992812433800817,0.6041880740322495,0.5647760512866181,0.42070516620902126,0.26367647216916934,0.8368288369533894
9t29_chainA,1518,15,0.016637582331895828,Cryptic,0.7117264270782471,0.714674174785614,401.0,1,4,0.5402669044617395,6,0.5462193017212353,40.08360033580446,37.72054086816054,121.70799166424766,38.71786822976655,39.654883685580415,119.94911859102874,14.138709813199627,11.559405682631683,2.5793041305679445,True,False,False,6,0.4606786517511505,0.4972387950867203,0.6518924133892564,0.5656743971351652,0.4645696287566814,0.61069389834153,0.783091851446946
9t29_chainA,4002,16,0.0725824236869812,ActiveSite,0.7117264270782471,0.7140123248100281,1203.0,1,4,0.5402669044617395,6,0.523185869508983,40.081957122441835,37.721730036501675,121.7059808725867,38.76299775667587,35.888203308333914,122.09582979909096,14.136251840425684,14.568321706671803,-0.43206986624611865,False,False,False,9,0.4484563892815186,0.6389143360731403,0.5303016268571447,0.4858137777954165,0.42878676060840437,0.3625553588991578,0.9266284080291269
9t29_chainA,4002,16,0.0725824236869812,ActiveSite,0.7117264270782471,0.7140123248100281,1203.0,2,3,0.48475817934064047,5,0.533578406990249,39.29318585997699,36.841597052008844,120.77459827885913,38.527989918841044,36.11924569951303,122.63782292160214,13.944057568776381,14.40916662157175,-0.46510905279536807,False,False,False,9,0.4518861086642328,0.6657983577148003,0.5441734314189082,0.4858137777954165,0.4312599274948448,0.38324620163231815,0.9266284080291269
9t29_chainA,4520,17,0.0,ActiveSite,0.7117264270782471,0.9366199970245361,401.0,1,3,0.48475817934064047,4,0.4823899548135647,39.29064107081809,36.8366998906407,120.77954990215723,39.44915639649304,38.434230935172096,121.11601756170867,13.946584184128694,13.08247733597282,0.864106848155874,True,False,False,9,0.4274892566230509,0.5869657395047823,0.4941361949021769,0.43952325441978835,0.4296375601521646,0.19765675881207478,0.9266284080291269
9t29_chainA,3006,31,0.02484731934964657,ActiveSite,0.7678141593933105,0.6303882002830505,634.0,1,3,0.6219756481385537,5,0.4975556453399289,34.55011852779453,32.66096314968185,87.21978835569162,36.7127571105957,25.82187271118164,93.45747375488281,34.303164955562735,33.0338353844646,1.2693295710981332,True,False,False,5,0.3058795778142951,0.5341461331575161,0.48755718469472314,0.4096650220365735,0.579557705446494,1.0,0.7210570543488701
9t2f_chainA,7,3,0.04734605550765991,ActiveSite,0.7390652298927307,0.7664656639099121,870.0,1,3,0.6380878775511607,4,0.6126061012544598,145.10283965189896,3.5213815664755264,5.4475605368101245,144.80266528483463,1.8894746358477508,4.964076833742873,42.81020533240029,43.36786027007725,-0.5576549376769648,False,False,False,5,0.48265683742247384,0.7910363253676008,0.7037571226830497,0.5322269833087921,0.5381498959652656,0.5265821924745735,0.7210570543488701
9t2f_chainA,1517,14,0.00792897492647171,Cryptic,0.6990652680397034,1.0,290.0,1,3,0.6380878775511607,3,0.6227363137654678,145.09067773780077,3.5159775825971753,5.445586017730387,144.8295158843143,3.4077142891205043,5.362407811287922,42.80264209497466,42.65408858435671,0.1485535106179512,True,False,False,5,0.5474917505270408,0.751427237645481,0.7037571226830497,0.5322269833087921,0.46565860481124455,0.665736192842258,0.7210570543488701
9t2f_chainA,3524,15,0.04297688975930214,Cryptic,0.7390652298927307,0.6945397853851318,870.0,1,3,0.6380878775511607,3,0.5800866999549203,145.08436715680145,3.5277807170555024,5.448799272504832,144.84874855987607,3.3676968006120784,5.292522004581114,42.79176484758248,42.712495358779215,0.07926948880326279,True,False,False,6,0.46517039223444206,0.7376674325846263,0.7160394300086915,0.5260006904602051,0.42069721031783114,0.38058282603430327,0.783091851446946
9t2f_chainA,1516,16,0.008032816462218761,Cryptic,0.6990652680397034,1.0,290.0,1,5,0.5710222291182055,7,0.6425357148796446,146.09281754478388,3.257318459968687,3.199583034333471,148.20811554140622,3.158000610934266,1.4258484935633677,44.651633491787834,47.21423534676896,-2.562601854981125,False,False,False,4,0.5328611800881933,0.783496425014385,0.85193510741798,0.5229882325977087,0.40801121708285026,0.681970218250667,0.647685462377997
9t2f_chainA,1518,17,0.00872842501848936,Cryptic,0.6990652680397034,0.8190905451774597,290.0,1,4,0.592687117487187,7,0.6026261812927248,146.1913741443124,3.3914280635497764,3.8303382859028474,145.3452919516857,2.9781692437914984,3.759682148765666,44.42314021940182,43.89391613540721,0.5292240839946132,True,False,False,6,0.41168263049984866,0.7812651632761664,0.7362181284857447,0.5276462497810522,0.5581298114572439,0.5094154358150533,0.783091851446946
9t2f_chainA,4514,18,0.012222475372254848,Cryptic,0.7390652298927307,0.8330225348472595,290.0,1,3,0.6380878775511607,3,0.6201404474135398,145.01663230441406,3.4597835996702933,5.426806867168271,144.8084297534808,3.3544861264826498,5.3025320066519335,42.76778412380372,42.67944356993586,0.08834055386785877,True,False,False,5,0.5451605429725043,0.7559461534649142,0.7037571226830497,0.5322269833087921,0.47212735935639005,0.614492833453111,0.7210570543488701
9t2f_chainA,4516,19,0.011450323276221752,Cryptic,0.6990652680397034,0.8956007361412048,290.0,1,4,0.592687117487187,6,0.6126365127294912,146.1674229392405,3.397776344277984,3.8481042081049566,147.8559345144527,3.559322394478662,1.430847151936101,44.39345950982073,46.784522437780645,-2.391062927959915,False,False,False,4,0.367268072420714,0.8061865446494667,0.8793796287484199,0.5272847022861242,0.43172805127129543,0.6434843233157377,0.647685462377997
9t2f_chainA,1514,21,0.004353655967861414,Cryptic,0.7390652298927307,1.0,290.0,1,4,0.592687117487187,7,0.6086482314003864,146.1913741443124,3.3914280635497764,3.8303382859028474,145.3452919516857,2.9781692437914984,3.759682148765666,44.42314021940182,43.89391613540721,0.5292240839946132,True,False,False,6,0.41168263049984866,0.7812651632761664,0.7362181284857447,0.5276462497810522,0.5581298114572439,0.5954447230673601,0.783091851446946
9t2f_chainA,1515,22,0.005724931135773659,Cryptic,0.7390652298927307,0.8190905451774597,290.0,1,4,0.592687117487187,7,0.6086482314003864,146.1913741443124,3.3914280635497764,3.8303382859028474,145.3452919516857,2.9781692437914984,3.759682148765666,44.42314021940182,43.89391613540721,0.5292240839946132,True,False,False,6,0.41168263049984866,0.7812651632761664,0.7362181284857447,0.5276462497810522,0.5581298114572439,0.5954447230673601,0.783091851446946
9t2f_chainA,1513,23,0.00695492047816515,Cryptic,0.7390652298927307,1.0,290.0,1,4,0.592687117487187,7,0.6086482314003864,146.1913741443124,3.3914280635497764,3.8303382859028474,145.3452919516857,2.9781692437914984,3.759682148765666,44.42314021940182,43.89391613540721,0.5292240839946132,True,False,False,6,0.41168263049984866,0.7812651632761664,0.7362181284857447,0.5276462497810522,0.5581298114572439,0.5954447230673601,0.783091851446946
9t2f_chainA,3511,38,0.015215469524264336,Allosteric,0.7144791483879089,0.859889805316925,150.0,1,4,0.4767931917681633,4,0.514522316237999,110.99802861901226,16.974263958420917,27.32895391639986,110.92616476725894,15.45137272546189,28.189965479601916,5.992881929827305,7.345925811084778,-1.3530438812574737,False,False,False,6,0.46080557924071885,0.562037276371671,0.6197058107119247,0.5723729916590884,0.3815037314991492,0.15842616614327865,0.783091851446946
9t2g_chainA,514,2,0.07603669166564941,Cryptic,0.6210528016090393,0.7943893074989319,3598.0,1,5,0.4624949629255611,9,0.5409018182293933,-14.709404745245804,13.991060354752927,-27.271474505475098,-14.605858286474373,11.441613136271327,-25.79815820545532,18.886860561337322,18.73380876473486,0.15305179660246182,True,False,False,7,0.3902227161859218,0.7636061662727676,0.5942697024073914,0.4741353591631135,0.45575581672021387,0.3468557953014154,0.8368288369533894
9t2g_chainA,517,5,0.006881375331431627,Cryptic,0.8175273537635803,0.678844690322876,321.0,1,3,0.5592258115449082,4,0.567782382627435,13.244497312791163,7.447341848148161,-10.42159034021796,14.443359375,11.081085205078125,-4.196784973144531,17.42704382688815,19.913997398043726,-2.4869535711555777,False,False,False,2,0.1629619996954702,0.569537901821239,0.7230594687100809,0.5872491583228112,0.9854764720192295,1.0,0.44211410869774026
9t2g_chainA,4514,13,0.0630321353673935,Cryptic,0.6210528016090393,0.7713789343833923,3598.0,1,5,0.4624949629255611,9,0.5763734686621179,-14.712183162496945,13.982861634867657,-27.26768806837211,-14.940257958002341,12.391434859197558,-28.7439288325688,18.888700603419743,20.25207723426649,-1.3633766308467479,False,False,False,6,0.44741634669039826,0.8781802861664643,0.6701268452071952,0.5529092917366072,0.39759004352033717,0.07650817833708823,0.783091851446946
9t2g_chainA,1524,14,0.0630267783999443,Cryptic,0.6210528016090393,1.0,1199.3333740234375,1,4,0.4856985836703481,6,0.5446656262694942,-14.65128515443802,16.19365164581954,-27.00915511513616,-14.931716976976755,13.963846443518273,-26.978732777151805,18.396942450686737,18.921470243026732,-0.5245277923399954,False,False,False,7,0.38632568451308885,0.7924937773405115,0.6324679590276021,0.5463202454808137,0.38710537408782325,0.16630364799857367,0.8368288369533894
9t2g_chainA,4527,15,0.046539194881916046,ActiveSite,0.5861695408821106,1.0,1199.3333740234375,1,4,0.4856985836703481,6,0.5531606556845416,-14.650180263598498,16.19190260730614,-27.0139093709123,-14.739762893470282,15.501308113638649,-27.836707637665793,18.398700287732197,18.991571895001268,-0.5928716072690712,False,False,False,6,0.4739695174604217,0.773817917853597,0.6230505997689495,0.5369756494485581,0.4107369005119023,0.09072704899433315,0.783091851446946
9t2g_chainA,1525,16,0.06794533133506775,Cryptic,0.6210528016090393,0.9328401684761047,1199.3333740234375,1,6,0.4794009107504408,12,0.5517129380306285,-13.998230405274853,14.959260899952849,-26.653121001485147,-13.85784283994938,12.30083857751432,-28.674479890150668,17.801028398177543,19.405428938887724,-1.6044005407101807,False,False,False,7,0.38702472826784656,0.787215222230554,0.6581065172490712,0.5679020779067486,0.4310380043038649,0.10164587074665621,0.8368288369533894
9t2g_chainA,1523,17,0.047223370522260666,Cryptic,0.6210528016090393,0.6950399279594421,1199.3333740234375,1,3,0.775132911960526,6,0.5719716801628033,-14.926332247846142,10.95782293443191,-27.32000722535036,-15.54220603745442,12.371124779362367,-28.583445086532567,19.895133155417128,20.63953743506045,-0.744404279643323,False,False,False,6,0.4414754491380836,0.8546690257653887,0.6810329838823513,0.5529092917366072,0.3921998632925381,0.08082520769005608,0.783091851446946
9t2g_chainA,1526,18,0.0405709370970726,Cryptic,0.5861695408821106,0.6950399279594421,1199.3333740234375,1,5,0.4624949629255611,9,0.5760804927937397,-14.711147083745615,13.982997714095053,-27.27005055539908,-14.938199881959136,12.391414348278808,-28.744224180541433,18.88908861085597,20.250650925599725,-1.3615623147437539,False,False,False,6,0.4474197178374653,0.8782046309639607,0.6701268452071952,0.5529092917366072,0.39764207487796066,0.07216736349514719,0.783091851446946
9t2g_chainA,1528,19,0.06280909478664398,Cryptic,0.5861695408821106,0.9328401684761047,1199.3333740234375,1,5,0.4624949629255611,9,0.5760804927937397,-14.711147083745615,13.982997714095053,-27.27005055539908,-14.938199881959136,12.391414348278808,-28.744224180541433,18.88908861085597,20.250650925599725,-1.3615623147437539,False,False,False,6,0.4474197178374653,0.8782046309639607,0.6701268452071952,0.5529092917366072,0.39764207487796066,0.07216736349514719,0.783091851446946
9t2g_chainA,1527,20,0.05681263282895088,Cryptic,0.5861695408821106,1.0,1199.3333740234375,1,5,0.4624949629255611,9,0.5760804927937397,-14.711147083745615,13.982997714095053,-27.27005055539908,-14.938199881959136,12.391414348278808,-28.744224180541433,18.88908861085597,20.250650925599725,-1.3615623147437539,False,False,False,6,0.4474197178374653,0.8782046309639607,0.6701268452071952,0.5529092917366072,0.39764207487796066,0.07216736349514719,0.783091851446946
9t7f_chainA,0,2,0.04387056827545166,ActiveSite,0.6703827381134033,0.5152878165245056,424.0,1,5,0.5224663220567918,7,0.5295588696360944,-4.783820333919886,42.1234583259246,66.92406975237509,-5.129629685482062,45.65596807994517,66.62388323579697,23.990321299070953,20.945805373943838,3.044515925127115,True,False,False,8,0.38899767641483485,0.5603322069248797,0.6219869360871281,0.5404165418818593,0.49546694581956197,0.45643693232924754,0.8842282173954806
9t7f_chainA,2,3,0.00804583914577961,Unknown,0.5439304709434509,0.47825586795806885,90.0,1,3,0.5228313287277808,3,0.5046971321105518,7.752341668027155,62.66052080998129,58.12820215228514,6.645966467337209,61.970082069760835,57.52374613874128,10.070102811846015,10.477968675416228,-0.4078658635702137,False,False,False,5,0.49861607324671536,0.3999341846691512,0.7031209181618183,0.5793911224603653,0.3385737478800341,0.22668378898967445,0.7210570543488701
9t7f_chainA,1006,4,0.0,Cryptic,0.7266920208930969,0.5912305116653442,185.6666717529297,1,4,0.5664702971974072,4,0.5583693818856592,15.406267184733807,47.82879116667064,63.263501926396806,15.439880197622827,48.17215031935635,63.02404436386229,20.168257879672396,19.96089322366673,0.2073646560056659,True,False,False,7,0.4895891487435409,0.6730678625809945,0.5831363924182459,0.5495661492858614,0.44275355320825704,0.3891783140213315,0.8368288369533894
9t7f_chainA,1006,4,0.0,Cryptic,0.7266920208930969,0.5912305116653442,185.6666717529297,2,4,0.48518908771907676,8,0.4692836788166572,11.796557404998428,47.60560309869665,61.82110804018864,13.622909223082434,47.639250372181365,59.93562489497945,19.04467118256719,20.412477061114124,-1.3678058785469354,False,False,False,12,0.3169433377027672,0.6334163337698727,0.44359574864150114,0.34997416923611624,0.53422490405055,0.3895488396530681,1.0
9t7f_chainA,4005,5,0.005846441723406315,Allosteric,0.7266920208930969,0.500124990940094,185.6666717529297,1,3,0.5104511073478187,2,0.5610907485005816,15.814739280664359,47.681966578073585,63.5056847499151,15.855728521560078,47.9400137803433,63.63039657281213,20.461749004767185,20.25209421608815,0.20965478867903542,True,False,False,8,0.4320064413138687,0.607920578889522,0.5937151037894435,0.5523088462650776,0.4455053603711449,0.740357225942113,0.8842282173954806
9t7f_chainA,4005,5,0.005846441723406315,Allosteric,0.7266920208930969,0.500124990940094,185.6666717529297,2,4,0.5722212044617065,8,0.5237537763105452,13.27667645152962,48.68638653445457,62.31201177435017,14.20699618882698,47.158785844907534,63.388902224205054,18.611273457865334,20.084746177232212,-1.4734727193668782,False,False,False,10,0.38563144167884955,0.6283845599607781,0.5073361076108529,0.46017105431295924,0.45677752942297284,0.6664356430582032,0.9649840459813438
9t7f_chainA,4000,6,0.04248758405447006,ActiveSite,0.6703827381134033,0.550126850605011,424.0,1,7,0.4084825410229636,16,0.4988318599192709,4.382652740221842,44.48590762972804,68.8557126931741,-0.968736954131034,43.2793806825337,69.38578118136762,19.801334895437606,21.740978695856874,-1.9396438004192689,False,False,False,7,0.35697336185913686,0.4528860262807677,0.5862636355997786,0.4892952106893062,0.7058621275253002,0.37626721569251287,0.8368288369533894
9t7f_chainA,4003,7,0.01724565215408802,ActiveSite,0.7266920208930969,0.49951913952827454,557.0,1,3,0.5749486273795404,4,0.507015622578651,13.701393906862766,48.73980246811398,60.00726535070411,15.145593643188477,44.71615219116211,64.13561248779297,19.537001311300852,22.501821514876283,-2.9648202035754316,False,False,False,8,0.2826279505883719,0.6580513469630446,0.4110478814162377,0.4303945440915413,0.5051148846548936,1.0,0.8842282173954806
9t7f_chainA,4003,7,0.01724565215408802,ActiveSite,0.7266920208930969,0.49951913952827454,557.0,2,3,0.5104511073478187,2,0.5777292455220899,15.818285580190077,47.68150390075661,63.49972049146362,15.813858367090383,47.868135032188434,63.56120631724187,20.465258278303526,20.2999768731304,0.1652814051731255,True,False,False,7,0.4606261862627954,0.6824009059245867,0.599673080198201,0.5495661492858614,0.4207719674746637,0.727262895965027,0.8368288369533894
9t7f_chainA,4001,8,0.0,Unknown,0.5189516544342041,0.5538097023963928,55.0,1,4,0.5693447443171867,5,0.5977296747918588,-0.6553262506582246,52.94140177438559,61.082956133119616,-0.2500073389154647,53.14176005864316,61.03699754026384,13.986004627647537,13.700723418397182,0.28528120925035516,True,False,False,5,0.48983062020824464,0.5924768373701496,0.7581158119493125,0.5931536501646042,0.36574388532044405,0.8240326720164184,0.7210570543488701
9t7f_chainB,0,2,0.0,Unknown,0.43456190824508667,0.528285801410675,55.0,1,4,0.4967861747609499,7,0.5216682454927571,21.23301315819039,46.48163534001399,48.537693549344645,21.620868682861328,53.053436279296875,45.49125289916992,10.214499714457514,17.417223219661885,-7.202723505204371,False,False,False,5,0.33640660459009153,0.5731845988886777,0.4702706158707482,0.40425596350581505,0.7091122287829106,1.0,0.7210570543488701
9t7f_chainB,6,3,0.0,Unknown,0.5003065466880798,0.5290122032165527,54.0,1,6,0.40347889103138906,9,0.5278743212116411,42.60474914786132,26.878903737943297,49.755689113107515,40.75086153486704,25.830036612817388,47.643863747393425,23.69987265244639,22.76781490271187,0.9320577497345219,True,False,False,6,0.44176243445422436,0.4394332020170267,0.5883836716916241,0.5462781205773354,0.5153714269779541,0.7137057296030462,0.783091851446946
9t7f_chainB,3,4,0.00903464388102293,Allosteric,0.5828148722648621,0.5032666921615601,172.0,1,6,0.5704096867073805,13,0.4981347916738572,35.5982042643085,29.14172753027637,47.560909420847146,36.5828097239814,27.720169243550842,48.92241850192387,16.79406327895871,18.067669545478896,-1.2736062665201864,False,False,False,10,0.36741904331252184,0.5396997133498995,0.5420991827356059,0.4650564537212574,0.5050191440814736,0.446803948769246,0.9649840459813438
9t7f_chainB,1,5,0.00247964751906693,Unknown,0.5327417254447937,0.4745595455169678,72.0,1,7,0.37145605750458294,13,0.596178255843644,24.83532800309827,39.911231620200795,45.26107302378077,24.748082223714388,41.956257085632025,49.73308174963712,7.883003653731727,6.63676202752923,1.2462416262024973,True,False,False,4,0.5161559866360061,0.6687815566179144,0.6311626850412304,0.5611736766994,0.3771186181973959,0.9293043029922112,0.647685462377997
9t7f_chainB,3011,6,0.033975277096033096,Cryptic,0.8325768709182739,0.5357435941696167,774.0,1,3,0.7134791802262272,5,0.46641179212982853,38.59503514894553,43.70139853984298,49.48176643372912,38.86573300193079,41.875835717815484,50.31876238575139,18.961750501982813,18.55478175696325,0.4069687450195616,True,False,False,9,0.3725976859310072,0.49172771864493925,0.46272337837443445,0.3737412386546317,0.5111716135376398,0.5443630818577037,0.9266284080291269
9t7f_chainB,1007,7,0.01209383737295866,Cryptic,0.8325768709182739,0.5314052700996399,258.0,1,5,0.6497791944677038,8,0.5464189071668688,38.54611431852698,42.15251004118976,50.817519832912915,38.609496261252104,46.379661519480834,48.36757967620216,18.30700189441256,20.257447912488665,-1.9504460180761036,False,False,False,10,0.37616372750962823,0.5659737123022809,0.5852640884398552,0.5189113560679575,0.45386572984845225,0.8705105990020323,0.9649840459813438
9t7f_chainB,1007,7,0.01209383737295866,Cryptic,0.8325768709182739,0.5314052700996399,258.0,2,3,0.5337357076004102,7,0.5333883809365436,37.71609326184618,47.73100953036017,50.188936611949295,39.40827941894531,45.5889778137207,49.44055938720703,20.004863591725105,20.467786669884,-0.46292307815889444,False,False,False,10,0.36189450797459244,0.5024826416206806,0.5159905078142277,0.5162354673649779,0.5231200221448065,1.0,0.9649840459813438
9t7f_chainB,4008,8,0.01611626148223877,Cryptic,0.8325768709182739,0.5164950489997864,258.0,1,4,0.6173687051942381,8,0.5230795758552556,38.848046485323295,41.79259110105417,50.17442439707817,41.88637924194336,43.102596282958984,47.22464370727539,18.523608761568294,22.16545032799005,-3.641841566421757,False,False,False,8,0.1996464227389833,0.440154944423893,0.5853910712180781,0.5570166283850222,0.7842898128248933,1.0,0.8842282173954806
9t7f_chainB,4009,9,0.007776044774800539,Cryptic,0.6665383577346802,0.5394003987312317,200.3333282470703,1,7,0.4117053450502112,11,0.5186867030172181,42.30477655827055,32.71423933801664,52.545171768129,45.157734998193796,29.2980018446597,51.54030799018861,21.615098535878456,25.17650203156684,-3.561403495688385,False,False,False,6,0.4528209190544552,0.5054547107761056,0.6179002609861343,0.5680332576235135,0.44853438963136777,0.32576200794538934,0.783091851446946
9t7f_chainB,4004,10,0.024846648797392845,ActiveSite,0.8325768709182739,0.4652731716632843,774.0,1,4,0.6173687051942381,7,0.5032378621343218,38.84797227378909,41.79569355116719,50.17371326101093,39.491764068603516,41.62200355529785,50.99242401123047,18.524441677605246,19.062013508984613,-0.5375718313793669,False,False,False,9,0.36549675365152284,0.5547834506109187,0.4925164133579064,0.43680865750890147,0.5322409916360308,0.6637727423552244,0.9266284080291269
9t7f_chainB,1010,11,0.013419042341411114,Cryptic,0.6665383577346802,0.5316754579544067,200.3333282470703,1,3,0.6511336697996328,5,0.4838096426413787,38.76279988885819,39.53357880109127,52.40335161165574,38.137643814086914,41.76094436645508,52.658124923706055,17.93366753589834,17.837505382134886,0.09616215376345494,True,False,False,8,0.4418499490209582,0.5168534831048225,0.5158474108722645,0.4304552823768165,0.4646241090802481,0.3142251048612451,0.8842282173954806
9t7f_chainB,1010,11,0.013419042341411114,Cryptic,0.6665383577346802,0.5316754579544067,200.3333282470703,2,3,0.6342198953443337,5,0.4409934484265221,34.03115303758338,45.405958675835954,55.901198240900676,34.811224780541416,46.51760249395913,56.59171155457268,16.25020304268469,17.66967165675013,-1.4194686140654404,False,False,False,9,0.36732672525793986,0.5473660334108583,0.42646768310311506,0.2544647308537507,0.5751972369747048,0.3147449098336734,0.9266284080291269
9t7f_chainB,1011,12,0.011816136538982391,Cryptic,0.6665383577346802,0.5966302752494812,200.3333282470703,1,4,0.578072668054428,8,0.47049008009612014,40.19865008526601,37.98199495904169,52.642543895669306,40.2118623922959,38.097002244750506,52.87385402183499,19.19680071226225,19.234516321491878,-0.03771560922962891,False,False,False,9,0.3698856096406081,0.5428522504638053,0.5212952786436752,0.37999474469342004,0.4475471888750285,0.3918376441977883,0.9266284080291269
9t7f_chainB,4010,13,0.02018439583480358,Cryptic,0.6665383577346802,0.48224982619285583,200.3333282470703,1,4,0.578072668054428,8,0.46925373448765395,40.215991096685244,37.93859276313537,52.61906419735985,40.17517335325359,38.05557948684296,52.81576611714437,19.209653146838527,19.190627344722312,0.019025802116214408,True,False,False,9,0.36817370316420545,0.5425715318957546,0.5212952786436752,0.37999474469342004,0.4451260924208541,0.3843057199820449,0.9266284080291269
9t7f_chainB,4002,14,0.06093689426779747,ActiveSite,0.6665383577346802,0.5195536017417908,601.0,1,3,0.5801611756633506,8,0.4913796587161505,39.747106558428214,33.93736568880696,52.11012223022445,41.272504138289044,30.447169487365816,54.02951916729786,18.873555427277093,21.28834418443263,-2.414788757155538,False,False,False,7,0.3041909940175303,0.400659815835429,0.6047594401179113,0.568188092964036,0.7316359922700921,0.3352860259244136,0.8368288369533894
9t7f_chainB,4002,14,0.06093689426779747,ActiveSite,0.6665383577346802,0.5195536017417908,601.0,2,5,0.5553341294351372,12,0.48908538359891596,38.95780690725546,37.462006683282716,52.20084817074918,38.753398881488096,37.74712488529168,52.36574804148228,17.90622621595277,17.72544244073407,0.18078377521869982,True,False,False,7,0.43538087568780115,0.5316948436795158,0.5266816225902003,0.413138877546913,0.45214485236918156,0.432773787708725,0.8368288369533894
9tf5_chainA,3,2,0.0,Unknown,0.5038928389549255,0.5390859246253967,82.0,1,7,0.4706371583665525,12,0.532336718467703,4.781529354890294,0.5546265629815623,14.153375633664123,4.269313143503676,-0.3171821612418091,17.191371643816293,19.37086982813483,18.53702124496656,0.8338485831682689,True,False,False,8,0.39072910529787136,0.565908353692336,0.6828723410712334,0.49695135645326044,0.4475921441861462,0.4854314106287746,0.8842282173954806
9tf5_chainA,6,4,0.006025049369782209,Unknown,0.5784249305725098,0.5145254731178284,145.0,1,3,0.682487104552947,4,0.5717308655399032,6.359479370397637,-2.4591128134147167,12.274652551156763,6.916168619943825,-5.072153202600092,12.741772893214588,16.894981624609233,14.72911704065286,2.165864583956374,True,False,False,5,0.4444625717310647,0.706210989186262,0.676467686440502,0.5764368796348572,0.45487489943147924,0.40404605036765995,0.7210570543488701
9tf5_chainA,5,5,0.02235887013375759,ActiveSite,0.7220516204833984,0.49183714389801025,502.0,1,7,0.45400143399094184,15,0.5140670973798149,10.90453264304867,-1.3250258757540903,18.444714794092178,7.175849572358412,3.6597419882407416,17.42953544551142,13.675410710684213,19.900468308753,-6.225057598068785,False,False,False,6,0.26023777519181274,0.4741490084786834,0.6999849828989531,0.5529652451475461,0.7591762187001028,0.3890897007180948,0.783091851446946
9tf5_chainA,4009,7,0.007321903016418219,Allosteric,0.7220516204833984,0.5432286262512207,167.3333282470703,1,6,0.5210384519360254,12,0.49649073209816064,11.781669633828196,-1.6841809708662356,18.752985266564366,13.52206364721858,-1.2096075388609508,20.717279793580115,12.953936894838213,12.870588592354677,0.08334830248353597,True,False,False,8,0.291894504848887,0.32639139674566264,0.6106500874505942,0.5264665953814983,0.7022882497119614,0.7509409248882617,0.8842282173954806
9tf5_chainA,4008,8,0.009826474823057652,Cryptic,0.7421712875366211,0.548730731010437,201.6666717529297,1,8,0.46040065383474416,16,0.5830801176358535,9.911570484859082,12.942937872815785,15.177784133440689,9.69019145630575,15.873187244656656,13.690818129164688,27.654523244927876,30.743747721151415,-3.0892244762235386,False,False,False,7,0.45668091587097387,0.6330255069088312,0.7320523618855799,0.577246108351007,0.4303938515007075,0.5408852424535404,0.8368288369533894
9tf5_chainA,1010,9,0.008273215964436531,Cryptic,0.7220516204833984,0.5424269437789917,167.3333282470703,1,5,0.51774331535211,9,0.5316112319326611,8.122546804662399,11.167544498959604,17.869116909433732,9.771429061889648,8.941706657409668,25.338703155517578,26.26068760882197,24.387875549683347,1.8728120591386244,True,False,False,7,0.18647262040392806,0.6668260248826735,0.701526626035416,0.2870900652562059,0.6944195308414647,1.0,0.8368288369533894
9tf5_chainA,1011,10,0.0032892723102122545,Cryptic,0.7220516204833984,0.6331864595413208,167.3333282470703,1,3,0.7418493545167131,6,0.44926992409553135,8.060387837821208,10.25667249005324,19.65430275993494,5.9826252388712495,9.191698910602973,21.40734422428131,25.40607696929567,25.36667027511331,0.03940669418235743,True,False,False,9,0.24501955871026937,0.4350240806893021,0.5655773537963158,0.4051825327324315,0.7227670133317654,0.26027376017210735,0.9266284080291269
9tf5_chainA,4002,11,0.023359423503279686,ActiveSite,0.7421712875366211,0.4846959114074707,605.0,1,7,0.4650735350138832,11,0.5739088084709738,9.674543713591166,14.178988162798774,14.6704590276446,9.952294445500412,15.277732100810042,12.58237614184553,28.97053741085575,30.332004307194374,-1.361466896338623,False,False,False,8,0.44296757861890573,0.6567513985231599,0.6607835086501459,0.5095674792702457,0.43145902235763334,0.6916738364571622,0.8842282173954806
9tf5_chainA,4007,12,0.005438119173049927,Cryptic,0.7421712875366211,0.5023831725120544,201.6666717529297,1,7,0.4650735350138832,11,0.5993688702460509,9.65512871313853,14.193620992336609,14.594190455422858,9.69873952688702,15.470233309612933,12.655289607682562,29.001370676595155,30.560178793015773,-1.558808116420618,False,False,False,7,0.4906253468823157,0.6173357385651148,0.7224217595441337,0.5772461083510068,0.44327749905415986,0.708387906772594,0.8368288369533894
9tf5_chainA,4005,13,0.028262516483664513,ActiveSite,0.7220516204833984,0.53762286901474,502.0,1,4,0.5753261680115076,8,0.47985154424101445,14.0121270811027,0.24163607958672434,19.786726622250626,16.123350866226552,-1.3994825948327325,20.23425906219102,14.062484258416964,12.13446309422924,1.928021164187724,True,False,False,7,0.40010225174205577,0.37109391529076474,0.637414022022296,0.5242931374481745,0.47843198870298087,0.3043164870154187,0.8368288369533894
9tf5_chainA,4005,13,0.028262516483664513,ActiveSite,0.7220516204833984,0.53762286901474,502.0,2,3,0.7418493545167131,6,0.4473249554628282,8.083575060843552,10.252703164152162,19.633164525369356,7.734824838551735,9.420618480810626,20.24603320655678,25.393589482885275,24.771022134316446,0.622567348568829,True,False,False,10,0.2775009638373909,0.4466885036465511,0.5426635804584914,0.38355855278555956,0.6463243783938275,0.2779510049410884,0.9649840459813438
9tf5_chainB,6,2,0.0,Unknown,0.5095904469490051,0.5431990027427673,73.0,1,4,0.6488936635508777,4,0.5810384680971218,31.565155445539155,41.92230576463871,1.69925096015803,30.10221088473792,40.294430842910096,2.6520338324938906,23.995429137863148,22.096444206841802,1.8989849310213458,True,False,False,5,0.43550585498972694,0.7444808025655311,0.7753325049669416,0.5409657292068004,0.32883037740802,0.4652949194442576,0.7210570543488701
9tf5_chainB,1,3,0.041269559413194656,ActiveSite,0.8268575668334961,0.47616255283355713,683.0,1,3,0.6302504156904092,3,0.49564451080985783,9.608349193440116,37.70598705689918,-2.462536381734047,8.385835880373087,38.17182870737509,-3.2757320710117517,20.41940482075366,21.533596549974867,-1.1141917292212078,False,False,False,7,0.452445671434647,0.5748958563260124,0.5165810579982103,0.40131379976719445,0.40788267648157617,0.4607695786012004,0.8368288369533894
9tf5_chainB,0,4,0.0,Unknown,0.4433360695838928,0.5334113240242004,114.0,1,3,0.6228219029964385,7,0.47509278774737146,8.335213142180477,20.289340834532226,-2.3889711899196375,4.136054039001465,20.873302459716797,-4.566148281097412,12.610500515040316,17.00011245384999,-4.389611938809674,False,False,False,10,0.34953400011335783,0.5434758588404388,0.36183300311900646,0.27524821779543684,0.5509059824431953,1.0,0.9649840459813438
9tf5_chainB,5,5,0.003447650233283639,Unknown,0.48914235830307007,0.5218247771263123,78.0,1,3,0.6265583375985068,4,0.5209763891234857,20.503570499492557,28.39664025799586,-1.6103552633464184,19.094225394429802,27.648947974085512,-1.001283794485679,7.694160677826621,7.227095111930375,0.46706556589624615,True,False,False,6,0.42736062506561856,0.5898853221064989,0.6461305476882608,0.5553140548368295,0.4333281681688849,0.1827373991346004,0.783091851446946
9tf5_chainB,5,5,0.003447650233283639,Unknown,0.48914235830307007,0.5218247771263123,78.0,2,3,0.514267114554645,3,0.5074961689936567,26.449474671953684,33.5428219927206,-2.946100763251719,26.640157874013262,33.175514796084016,-2.648808873380646,13.996219111849673,13.719915864564744,0.27630324728492894,True,False,False,8,0.44483935125309565,0.6158229514281044,0.545441558106782,0.4815217043468243,0.45357775188111793,0.182542788495634,0.8842282173954806
9tf5_chainB,4,6,0.0,Unknown,0.5380334854125977,0.47107353806495667,56.0,1,5,0.42896972204259,8,0.52930662426555,15.10273065495963,22.725394779136774,-4.514018722953761,12.902669844827088,22.82642896696526,-0.5848535834033494,6.6818150358572215,8.40731649993033,-1.7255014640731083,False,False,False,5,0.4117887640078267,0.41719322590868313,0.6533121437259567,0.5531662130355834,0.5439868404824668,0.7212051285697014,0.7210570543488701
9tf5_chainB,1008,7,0.015370341017842293,Cryptic,0.8268575668334961,0.5442851185798645,227.6666717529297,1,4,0.5879138101789347,9,0.5101254823612484,9.98191518092513,38.808871065269855,0.2297855395332833,9.930547255176595,39.05967320075257,-0.369695568238797,21.25324998740993,21.44137511864015,-0.188125131230219,False,False,False,7,0.4062213689329352,0.49552916955483967,0.5715973694940282,0.5533908937806321,0.39381547055534477,0.5839065927049403,0.8368288369533894
9tf5_chainB,3011,8,0.03459210321307182,Cryptic,0.8268575668334961,0.5440240502357483,683.0,1,3,0.6302504156904092,3,0.47786619720558327,9.608349193440116,37.70598705689918,-2.462536381734047,8.385835880373087,38.17182870737509,-3.2757320710117517,20.41940482075366,21.533596549974867,-1.1141917292212078,False,False,False,7,0.452445671434647,0.5748958563260124,0.5165810579982103,0.40131379976719445,0.40788267648157617,0.2067936699687064,0.8368288369533894
9tf5_chainB,1006,9,0.014675297774374485,Cryptic,0.8268575668334961,0.5469262003898621,227.6666717529297,1,3,0.6302504156904092,3,0.4851766547432038,9.608009276370424,37.70426627172015,-2.4650959158299726,8.385835880373072,38.17182870737508,-3.2757320710117384,20.418228758866615,21.53359654997486,-1.1153677911082447,False,False,False,7,0.452445671434646,0.5748958563260123,0.5165810579982103,0.40131379976719445,0.4078826764815761,0.3112287776490027,0.8368288369533894
9tf5_chainB,1007,10,0.011017490178346634,Cryptic,0.8268575668334961,0.5168114304542542,227.6666717529297,1,4,0.5879138101789347,8,0.5299313583770211,9.979455099930728,38.80878638195272,0.2210403812699989,10.230916599794515,39.042037231054735,-0.40993176926398905,21.25355799884349,21.27074139255143,-0.01718339370793842,False,False,False,7,0.4166392095116093,0.4814610459865391,0.5715973694940282,0.5533908937806321,0.39926988510123046,0.8635319860758326,0.8368288369533894
9tf5_chainB,4009,11,0.008290189318358898,Allosteric,0.6729654669761658,0.5524832606315613,197.3333282470703,1,6,0.49304744297734426,9,0.5627152185954836,28.653646291074473,41.49433652583922,2.4057588410681197,28.21067806672501,41.76976660717569,2.2960689179346385,22.583040089655267,22.669957221653817,-0.08691713199855045,False,False,False,8,0.353958816266429,0.661426970745222,0.6985209279818383,0.5278360635042191,0.6246529213745973,0.40879240482652224,0.8842282173954806
9tf5_chainB,4001,12,0.03813833370804787,ActiveSite,0.8268575668334961,0.468295693397522,683.0,1,4,0.5879138101789347,9,0.5168505246077179,9.973070849490156,38.78968853798676,0.18275251072291146,9.991992026187207,38.91932097089504,-0.4333536097216574,21.236754732506895,21.28524957112846,-0.048494838621564895,False,False,False,7,0.41298647560541496,0.4985308865597641,0.5715973694940282,0.5533908937806321,0.3994753606149987,0.6401220818209987,0.8368288369533894
9tf5_chainB,4003,15,0.05461916700005531,ActiveSite,0.6729654669761658,0.5609376430511475,592.0,1,3,0.6566006562826571,4,0.5534092680659635,25.300540673133245,40.58056933061425,3.860939233212014,27.48548317098601,40.45716176611437,3.763275471685289,21.143573015320914,21.561892635173567,-0.4183196198526531,False,False,False,8,0.30128709296067047,0.6735592322372432,0.6842362471098047,0.5278360635042191,0.7152036191402434,0.32914931262450997,0.8842282173954806
9tf5_chainB,4004,17,0.0,Unknown,0.5380334854125977,0.5158666968345642,56.0,1,5,0.42896972204259,9,0.5312314924966209,15.09603013475863,22.747403429641817,-4.518065259619378,15.583251953125,20.897809982299805,0.0809553787112236,6.695851096443081,5.715500056209212,0.9803510402338693,True,False,False,4,0.2232576231159702,0.5181429119121399,0.6215826777140461,0.5663564920425415,0.6913488673212529,1.0,0.647685462377997
9tf5_chainC,7,1,0.0,Unknown,0.4207916855812073,0.5453348755836487,58.0,1,5,0.5823431498679448,7,0.5300468640732582,48.017681443209796,34.76664386590044,32.26169623213951,46.49499718296388,34.766247226217246,30.199875834639368,33.77031478167725,31.9376297997678,1.8326849819094484,True,False,False,6,0.3881065356538171,0.5068220827129056,0.7252991746846925,0.5405682772397995,0.3716977711157924,0.6023961926888828,0.783091851446946
9tf5_chainC,5,2,0.011020592413842678,Unknown,0.5486761927604675,0.5026320815086365,105.0,1,3,0.6254861849124317,3,0.4676465376064593,36.53097784297822,30.112455442598872,25.79394970240674,43.659523010253906,21.890546798706055,25.37823486328125,20.57702376902992,22.338237899295,-1.7612141302650777,False,False,False,6,0.32647929190389374,0.7250627741462744,0.2885045898251929,0.17762514930148446,0.5477351009115039,1.0,0.783091851446946
9tf5_chainC,6,3,0.0,Unknown,0.4533916413784027,0.5439485311508179,52.0,1,3,0.6447694965559789,8,0.4752007486464697,43.865690062344946,22.629021390816177,35.547994018543115,47.52894973754883,24.7905330657959,38.7923698425293,26.98221045285509,32.25566785083175,-5.27345739797666,False,False,False,7,0.3017736704394932,0.6524889198712502,0.41746664271789946,0.222497702849525,0.49692213773925886,1.0,0.8368288369533894
9tf5_chainC,2,4,0.03407583385705948,ActiveSite,0.6816869974136353,0.501157283782959,506.0,1,6,0.5429043361752656,14,0.5166798360207293,32.602205909477334,11.750128267353587,33.965784776470024,25.53455114973694,9.881269722732153,34.178038389724335,17.482309278507998,15.555111893949991,1.9271973845580064,True,False,False,6,0.5127593913193256,0.4392614720487114,0.6462542460133475,0.5835020259022712,0.41301633075201244,0.22318533742906288,0.783091851446946
9tf5_chainC,2,4,0.03407583385705948,ActiveSite,0.6816869974136353,0.501157283782959,506.0,2,3,0.580730014335629,6,0.49054413687454257,24.770004190005032,13.66678661389259,32.94186247672495,26.091317273823698,16.649242304905172,32.786073803611856,13.189070353717202,13.137059818344268,0.05201053537293454,True,False,False,9,0.3554844754515658,0.5063243701540647,0.5615465319605879,0.5853873805867302,0.5046465614802605,0.17752222198698286,0.9266284080291269
9tf5_chainC,1012,5,0.013081826269626617,Cryptic,0.6816869974136353,0.6082605719566345,168.6666717529297,1,4,0.6136200102751729,7,0.4669206582867836,36.24390031199363,12.707286821832918,34.04929846857493,39.5188916864538,15.210756887071156,35.17806239626159,19.636304151938198,22.527549517257118,-2.8912453653189196,False,False,False,10,0.3493472060719833,0.5830419165508443,0.4588008809130099,0.40556704349150996,0.44820092195779426,0.37035379287869563,0.9649840459813438
9tf5_chainC,4010,6,0.008468758314847946,Allosteric,0.6816869974136353,0.5574660301208496,168.6666717529297,1,6,0.5429043361752656,14,0.516367528961396,32.56782261108104,11.735047807275736,33.98593627332739,25.51070923933488,9.57334408156513,34.18125066847943,17.48265086279952,15.675267092751556,1.8073837700479647,True,False,False,6,0.5146953710170482,0.45216834019642765,0.6462542460133475,0.5835020259022712,0.4056276435723686,0.1857646645952693,0.783091851446946
9tf5_chainC,4007,7,0.017242470756173134,Allosteric,0.7749369144439697,0.5449244976043701,197.3333282470703,1,4,0.5088127867122383,5,0.550818965004658,45.325710680999016,16.15649250413776,30.06586311011948,45.592740340177755,16.189477749583446,29.63932012981699,24.633707576312567,24.710514318590448,-0.07680674227788131,False,False,False,8,0.43873810633649163,0.7025682373191958,0.5339827323485131,0.4823693583600392,0.4268988131170811,0.640155581117716,0.8842282173954806
9tf5_chainC,4007,7,0.017242470756173134,Allosteric,0.7749369144439697,0.5449244976043701,197.3333282470703,2,4,0.45455352028080914,6,0.5187050045713375,38.994299485201445,15.85263487467865,31.476713387308372,44.66648864746094,12.092181205749512,28.639074325561523,19.793534877739962,23.778834526796405,-3.9852996490564436,False,False,False,9,0.23020865430198403,0.5953354956290501,0.48381424208538626,0.4936216624090316,0.6199037845078036,1.0,0.9266284080291269
9tf5_chainC,1011,8,0.012390214949846268,Cryptic,0.6816869974136353,0.5487498044967651,168.6666717529297,1,3,0.6044509188525184,4,0.4802236349814132,38.323720138978096,14.684764392765079,33.812842963164904,38.92827777664901,15.189806494741397,34.89676276314489,20.751296302292708,21.902384846526065,-1.1510885442333567,False,False,False,9,0.38721993775378133,0.5893781825138602,0.4710884069508528,0.3988098211706983,0.455878100651361,0.4127214044667996,0.9266284080291269
9tf5_chainC,4009,9,0.014995844103395939,Allosteric,0.7749369144439697,0.5251152515411377,197.3333282470703,1,5,0.4433217663850427,10,0.5419590281722633,39.67849079975699,15.96420331060707,32.26394217617433,44.620136299162205,17.10547133334868,30.752035390522398,20.807684648488692,24.312852442906973,-3.5051677944182806,False,False,False,9,0.41268092917534893,0.6063903342376172,0.602707885166451,0.5479081302881241,0.44598921449669376,0.49363537564956117,0.9266284080291269
9tf5_chainC,4009,9,0.014995844103395939,Allosteric,0.7749369144439697,0.5251152515411377,197.3333282470703,2,4,0.5088127867122383,5,0.5387064873429048,45.32807338945139,16.15722731468335,30.06810230895724,45.35056083462957,16.387801878386504,29.79708861945663,24.63678268173219,24.552571988863047,0.08421069286914218,True,False,False,9,0.40929300495703225,0.6243586347647249,0.5552076636725976,0.5479081302881241,0.4369270569933909,0.5425376113187046,0.9266284080291269
9tf5_chainC,1008,10,0.013765021227300167,Cryptic,0.7749369144439697,0.5340790152549744,197.3333282470703,1,4,0.5088127867122383,5,0.5814092229052705,45.356421071323616,16.10463153308149,30.00443922536332,47.683433532714844,13.432077407836914,31.751916885375977,24.636486754508937,27.586200223085328,-2.949713468576391,False,False,False,5,0.3218380119541118,0.7101383384923231,0.6619711655358994,0.5560461178421974,0.4796539096916201,1.0,0.7210570543488701
9tf5_chainC,1008,10,0.013765021227300167,Cryptic,0.7749369144439697,0.5340790152549744,197.3333282470703,2,3,0.42838765090031633,6,0.5415007352979646,40.77574396623862,16.715066541850987,30.355372280636995,47.683433532714844,13.432077407836914,31.751916885375977,20.713573348051003,27.586200223085328,-6.8726268750343245,False,False,False,5,0.3218380119541118,0.7101383384923231,0.4402573454953115,0.5560461178421974,0.4796539096916201,1.0,0.7210570543488701
9tf5_chainC,4001,11,0.01595194637775421,Unknown,0.5419000387191772,0.5522380471229553,137.0,1,5,0.40919851434545373,10,0.5444685900735868,31.277348540634232,23.34653207554331,30.6344119092903,30.65078212330279,22.94193285778157,31.471418023919774,15.449001358740444,15.521697141445031,-0.07269578270458688,False,False,False,8,0.4517410563102318,0.6210738696381828,0.5314302546793247,0.5913956195116044,0.47330862269605645,0.4287563503997116,0.8842282173954806
9tf5_chainC,4001,11,0.01595194637775421,Unknown,0.5419000387191772,0.5522380471229553,137.0,2,3,0.6742537963313415,3,0.5086243803419335,31.06333700863205,25.087838387198545,28.150351875921736,30.55666567752058,25.399801985350077,28.207340428362244,14.761319766318444,14.7154859981491,0.04583376816934326,True,False,False,8,0.396809483504906,0.5200362183948646,0.611787044340814,0.5922918442636729,0.4601119769693005,0.2038841284506404,0.8842282173954806
9tf5_chainC,4003,12,0.0,Unknown,0.4840813875198364,0.5699247121810913,53.0,1,4,0.683810105726557,6,0.59199423022771,29.716282305563656,23.246281781336442,27.797977825768893,30.611217544136515,23.49212254178408,27.467951963748263,12.704163170478877,13.163219574695734,-0.45905640421685767,False,False,False,5,0.4858252922694882,0.6045106515722678,0.7710189180192153,0.5972981506586075,0.3626188319055346,0.6832597787392352,0.7210570543488701
9tf5_chainC,4004,13,0.05282776057720184,ActiveSite,0.7749369144439697,0.48184236884117126,592.0,1,4,0.45455352028080914,6,0.5257867175889828,38.99415748737271,15.852522853371086,31.476854750571707,45.9286003112793,12.96264934539795,30.85979652404785,19.793500230815873,25.67625257651427,-5.882752345698396,False,False,False,8,0.2674637240334332,0.5809844257993092,0.5255011085319881,0.5529706794768572,0.48121619539267835,1.0,0.8842282173954806
9tf5_chainC,4004,13,0.05282776057720184,ActiveSite,0.7749369144439697,0.48184236884117126,592.0,2,4,0.5088127867122383,5,0.5836566874940776,45.32615315717278,16.15671809448967,30.066326282042883,45.601695571934,16.189091159783878,29.654233799237403,24.6343021837435,24.724533811031357,-0.0902316272878565,False,False,False,7,0.4925207696096466,0.6883015735518934,0.5793033557538535,0.5461418845823832,0.4447477270790995,0.7116838278989928,0.8368288369533894
9tf5_chainC,4000,14,0.0,Unknown,0.0,0.5544225573539734,56.0,1,4,0.5624179099835256,7,0.5592706395445979,22.745966845474165,13.563463763858993,30.248922607119898,21.38890510754402,10.146383577668406,30.882769695069,10.420746845006812,12.304739471247006,-1.8839926262401931,False,False,False,8,0.2715505492845248,0.5784866571581142,0.593221161562804,0.5562213478609919,0.7413484920699953,0.9182813066978875,0.8842282173954806
9u5b_chainA,509,2,0.02299337089061737,Cryptic,0.8153330683708191,0.5019065737724304,240.0,1,4,0.6524077943883448,10,0.5471725751251856,23.158500201278148,-2.5485967140127737,8.419457657880981,21.56238433530703,0.9162651806743289,5.647570279730718,11.661677135913669,12.292249561829474,-0.6305724259158048,False,False,False,4,0.3369772240854265,0.7600419872650014,0.7340011772408832,0.5498117156326771,0.5487795269178293,0.09910473823446919,0.647685462377997
9u5b_chainA,510,9,0.0,Cryptic,0.5802527070045471,0.5252192616462708,50.0,1,5,0.5479229303117985,12,0.5461110323698348,2.986883785095759,6.699421503147125,7.759969775123679,1.4402828548626805,8.884183984854575,6.504057644171482,15.175991793288565,17.95632631703793,-2.7803345237493655,False,False,False,4,0.5141018931711099,0.6426336327869474,0.5871516699875038,0.5598985463380812,0.349554981256477,0.45127160278554057,0.647685462377997
9u5b_chainA,3,10,0.0,Unknown,0.6510833501815796,0.5344834923744202,52.0,1,4,0.4413485548853118,6,0.5000192643674356,13.781831458134675,-13.641656913626008,14.596607668476212,12.857215894064133,-13.65486119770398,15.919121948436153,13.666678489011915,13.720897360903653,-0.05421887189173802,False,False,False,9,0.38721100345225506,0.5280739802532113,0.49410522080470654,0.48328074822782674,0.544461162876554,0.4918918762548704,0.9266284080291269
9u5b_chainA,1515,12,0.012180141173303127,Cryptic,0.646817147731781,0.6611425876617432,264.6666564941406,1,3,0.7966243539387581,3,0.47247614197743504,-2.1657186655460436,4.488166946268645,30.98471203396162,-3.341311758024033,5.994474802225729,31.75045052474526,23.013006772054304,24.691590161908334,-1.6785833898540297,False,False,False,6,0.3418539139687546,0.6751527936392475,0.5881761814543233,0.42442837552000573,0.3962526741280756,0.04057901667072128,0.783091851446946
9u5b_chainA,1511,13,0.023778120055794716,Cryptic,0.757012128829956,0.6664085984230042,188.3333282470703,1,4,0.49988374994528156,8,0.49000213889493494,18.88813886105988,-1.7070062260613732,7.88802632364244,16.24888206165502,-0.9395783242133472,6.622941503903274,9.057334083324944,9.113999103126577,-0.056665019801632965,False,False,False,6,0.44353552379029676,0.5207441870889227,0.5948401273005381,0.4730268652702596,0.40449791399592594,0.2434981491171554,0.783091851446946
9u5b_chainA,1511,13,0.023778120055794716,Cryptic,0.757012128829956,0.6664085984230042,188.3333282470703,2,3,0.7278210972890897,4,0.5536588751972542,11.367184089230658,4.331542055539359,4.538003024184161,11.5079138799904,4.332606566385656,4.338905430526959,12.090947031458802,12.239555290576392,-0.1486082591175908,False,False,False,7,0.4680351767495023,0.6466260734351518,0.6502231132088033,0.5457052707672119,0.5194913941207767,0.1980233304322524,0.8368288369533894
9u5b_chainA,4514,14,0.0077459742315113544,Cryptic,0.646817147731781,0.5669941306114197,264.6666564941406,1,3,0.7966243539387581,3,0.471085215752401,-2.159966322625089,4.486825724734836,30.989373048522253,-3.3413117580240197,5.994474802225744,31.75045052474525,23.011796341311808,24.691590161908312,-1.6797938205965046,False,False,False,6,0.3418539139687545,0.6751527936392477,0.5881761814543233,0.42442837552000573,0.39625267412807547,0.020708642027377544,0.783091851446946
9u5b_chainA,4000,15,0.03561600297689438,ActiveSite,0.646817147731781,0.5566920638084412,794.0,1,3,0.7966243539387581,3,0.4766448542578774,-2.195456824791498,4.479140396030482,30.938359236751836,-3.3413117580240206,5.994474802225744,31.75045052474525,23.00119995996002,24.69159016190832,-1.6903902019483006,False,False,False,6,0.3418539139687544,0.6751527936392477,0.5881761814543233,0.42442837552000573,0.39625267412807536,0.10013204924846952,0.783091851446946
9u5b_chainA,4007,16,0.04403247311711311,ActiveSite,0.757012128829956,0.5707949995994568,565.0,1,7,0.4570547065894111,10,0.5362666290442133,28.319965253896562,-2.7694470758947665,12.164865216319352,27.091554641723633,2.622694730758667,10.418699264526367,14.74595064776905,14.076639606419775,0.6693110413492747,True,False,False,5,0.2947389745520379,0.5757558278231325,0.5924072295215214,0.5537769222259522,0.49087647999628087,1.0,0.7210570543488701
9u5b_chainA,4509,19,0.018930355086922646,Cryptic,0.8153330683708191,0.5554956197738647,240.0,1,6,0.4773556050223926,12,0.5645332318299584,24.696180287431517,-4.415328333482158,11.740893177879387,25.157767678876642,-3.0327221626375596,11.491460667817478,11.962805527455552,12.026736090885239,-0.06393056342968606,False,False,False,5,0.5371065001841853,0.6203672463769688,0.6357506709788988,0.5476054918766022,0.4022780231889572,0.4745938285366115,0.7210570543488701
9upz_chainA,2,2,0.00444652047008276,Allosteric,0.5855206847190857,0.5783221125602722,152.0,1,3,0.6568821525413513,4,0.48901243398253996,25.04334196333512,-0.05654742571045349,-1.4491454821644087,25.747167587280273,-6.503566741943359,1.4353852272033691,13.454545230983639,11.096703518888306,2.3578417120953326,True,False,False,2,0.3773515567554898,0.3684865181081556,0.47435373611022075,0.5401682287454604,0.6083446220559083,1.0,0.44211410869774026
9upz_chainA,504,3,0.0,Cryptic,0.5905434489250183,0.6128786206245422,162.0,1,3,0.7158680682254099,4,0.6019799213377667,38.44039120396457,-1.8301350083817176,1.4720853323072993,41.437522888183594,-1.8770517110824585,-0.12548516690731049,5.56932326446752,8.521426004634167,-2.952102740166647,False,False,False,5,0.350504288684763,0.5806841570900254,0.7869681256396996,0.5469548940658571,0.6650216225229194,1.0,0.7210570543488701
9upz_chainA,505,4,0.033740442246198654,Cryptic,0.7721987962722778,0.5342694520950317,660.0,1,12,0.37842421721879405,23,0.5186970482885289,22.614476364073248,3.0286422753689974,0.5140789180048079,25.31255325509314,3.2720493798461296,1.995873018525446,15.760882592554909,13.243456480907586,2.517426111647323,True,False,False,11,0.3286777239004803,0.5628317470599545,0.5010385853297337,0.5028863745712087,0.6281578096691541,0.6254785554680271,1.0
9upz_chainA,1,6,0.04260530695319176,ActiveSite,0.6928980350494385,0.5463347434997559,660.0,1,9,0.3965847994981009,15,0.5086471576653344,16.8607182973007,5.983887197434598,1.077510618008655,14.92314391939945,8.765392330868906,1.1475325098866749,21.837773978289786,24.830578470665856,-2.99280449237607,False,False,False,9,0.3606515661066502,0.5775820594928045,0.5587271432161889,0.49342486991757784,0.4676989397295927,0.48505986515764843,0.9266284080291269
9upz_chainA,3511,7,0.04001128301024437,Cryptic,0.6928980350494385,0.5180982947349548,660.0,1,3,0.6433989757661879,5,0.5072198304146374,15.11474233651149,8.334656263753283,-9.28204532532693,13.923853397369385,9.357994556427002,-9.143867015838623,28.3315472854845,29.58646814244512,-1.25492085696062,False,False,False,8,0.2958743376935041,0.6190590365773488,0.5052637157437828,0.41808035072242233,0.675342904015459,0.6116022261705452,0.8842282173954806
9upz_chainA,4001,8,0.07709398120641708,ActiveSite,0.6928980350494385,0.5097662210464478,660.0,1,9,0.39658479949810094,13,0.5203715523408169,16.860718297300703,5.9838871974345995,1.0775106180086553,14.80995347123476,8.807805697613603,1.091399555281034,21.837773978289782,24.95754514846056,-3.119771170170779,False,False,False,9,0.3626156657647147,0.5799931048076341,0.5587271432161889,0.49342486991757784,0.46536143453058554,0.6422677539359594,0.9266284080291269
9upz_chainA,4001,8,0.07709398120641708,ActiveSite,0.6928980350494385,0.5097662210464478,660.0,2,3,0.6433989757661879,4,0.4693333908918304,15.03173242644383,8.389387023926222,-9.23730556402003,18.219743728637695,9.002020835876465,-1.50929856300354,28.392143799866464,22.98449936126276,5.407644438603704,True,False,False,10,0.27990530752916004,0.5910476976740208,0.3181848199646371,0.2750806835014373,0.6441119829709595,1.0,0.9649840459813438
9upz_chainA,4509,9,0.013202406466007233,Cryptic,0.6928980350494385,0.5552941560745239,220.0,1,9,0.3864027161373957,17,0.5028870099097132,18.878695660906136,5.500830106333232,1.4537023744234192,25.386045301722497,3.5582144663299338,1.8403549993967405,19.803374989276676,13.392112908721762,6.4112620805549145,True,False,False,11,0.3236825735529088,0.5653179645275157,0.4941425910204547,0.5028863745712088,0.6447150064978685,0.4037230340949979,1.0
9upz_chainA,1505,10,0.006316482555121183,Cryptic,0.7721987962722778,0.5625114440917969,220.0,1,9,0.39658479949810094,14,0.5163006723542278,16.853853426996054,5.986207265409818,1.0715202919598203,15.756298325243563,6.758686438237898,0.09009197078279019,21.846039922941245,23.367844303763757,-1.5218043808225126,False,False,False,9,0.3070773239278456,0.6036908627134792,0.5689629352398156,0.4378427112061117,0.6600266917782712,0.5294527193345842,0.9266284080291269
9upz_chainA,1505,10,0.006316482555121183,Cryptic,0.7721987962722778,0.5625114440917969,220.0,2,3,0.6433989757661879,4,0.47244032178988615,15.050107186942716,8.38077034563903,-9.254607673203335,19.12060546875,10.068038940429688,-3.0104477405548096,28.384151901060207,23.467452918847442,4.916698982212765,True,False,False,9,0.32843847546024807,0.6077438312262085,0.3562897865151616,0.24125609219964467,0.530017647080563,1.0,0.9266284080291269
9upz_chainA,4507,11,0.0074990116991102695,Cryptic,0.7721987962722778,0.599315881729126,220.0,1,10,0.36473053309154657,17,0.513904559840486,17.674484791583843,5.843795572894866,1.2952290942269373,15.009720199402608,8.851382928822353,1.216136827505296,21.02723331496086,24.790302788182217,-3.763069473221357,False,False,False,9,0.35885799726258527,0.5768746655441364,0.5563448946507238,0.49342486991757784,0.46410947504147065,0.5795897037013149,0.9266284080291269
9upz_chainA,1508,12,0.004094239789992571,Cryptic,0.6928980350494385,0.5625114440917969,220.0,1,9,0.3965847994981009,13,0.5109156849909469,16.848583073670444,5.996974570028195,1.0969066345658782,14.901593195028079,8.790700861632956,1.1566972933237025,21.85011023959426,24.85997538433148,-3.009865144737219,False,False,False,9,0.36115412559745874,0.5775888690958295,0.5587271432161889,0.49342486991757784,0.46597190910104896,0.5181920678729015,0.9266284080291269
9upz_chainA,4003,13,0.0,Unknown,0.5695206522941589,0.5415858626365662,51.0,1,4,0.570015274192374,6,0.580503411523682,35.15536900068447,8.232681710648304,8.491355458592885,38.240304340221066,10.81622544245302,9.688551029896976,12.612791939471764,15.608357121812404,-2.9955651823406395,False,False,False,4,0.5595878626813986,0.46716257942169226,0.7777240450125729,0.5511913985013961,0.37217622088790686,0.7855280217947276,0.647685462377997
9xj0_chainA,0,1,0.08670583367347717,ActiveSite,0.6640522480010986,0.48529815673828125,559.0,1,3,0.4400753656967442,6,0.5240283805749099,9.780846807520604,-6.068667589052395,-9.324337871286408,12.05285237140679,-6.125690604832156,-9.63076806450393,9.588717574644674,9.014794431179247,0.5739231434654268,True,False,False,6,0.3508721843557536,0.6534858064783168,0.5691655957384699,0.4783201209130152,0.5521157276566139,0.5110671873835706,0.783091851446946
9xj0_chainA,1,2,0.011344855651259422,Cryptic,0.680921733379364,0.5335489511489868,264.0,1,4,0.4414661960804413,5,0.5553465156369332,15.81053073278609,-16.654889157583543,-7.804217935153666,15.356158256530762,-18.96817398071289,-9.200045585632324,8.05688512481364,8.017228886541764,0.03965623827187592,True,False,False,9,0.4372468240992714,0.6321148895285775,0.526010716698046,0.4084393606621702,0.47620652834340577,1.0,0.9266284080291269
9xj0_chainA,2,4,0.0,Unknown,0.43870633840560913,0.49606773257255554,62.0,1,5,0.5565923788610511,10,0.5530265779203055,18.92365973453974,-8.434267635467108,-26.244915148287213,19.529962550187406,-5.273718647688199,-26.068174408076718,14.4474674067141,16.007643319401538,-1.5601759126874377,False,False,False,6,0.493648644649937,0.47822286513370044,0.6622301499027022,0.5232116458414544,0.4461285937003616,0.7460512559725427,0.783091851446946
9xj0_chainA,2,4,0.0,Unknown,0.43870633840560913,0.49606773257255554,62.0,2,3,0.5260531547775416,6,0.526989845118261,22.509825235093064,-11.991184071329897,-22.116548963800387,22.97545065569144,-11.144814495560677,-21.146849549463653,12.78347372958879,12.760137544198914,0.023336185389876363,True,False,False,6,0.39388062796184126,0.7159962308140763,0.6004788008455427,0.5457110782464345,0.3742424180249473,0.24686367425906608,0.783091851446946
9xj0_chainA,4004,5,0.013523084111511707,Allosteric,0.5566281080245972,0.518738329410553,173.0,1,3,0.5823712818943343,4,0.5675390344943723,24.66307259357158,-10.004080866776475,-18.434092240225404,24.125717009466427,-10.735217926377569,-20.47721817367188,13.406781080187477,13.50082444405186,-0.09404336386438317,False,False,False,6,0.4543158306696687,0.8137066595145391,0.580323580764374,0.45835132968301573,0.4034376368967444,0.5495584240264599,0.783091851446946
9xj0_chainA,4000,8,0.05679988116025925,ActiveSite,0.6640522480010986,0.5327283143997192,559.0,1,5,0.45623419369450285,9,0.5189541628230623,7.782123732350838,-9.421397422879647,-7.906081778714055,9.674749374389648,-4.577610492706299,-5.189098358154297,9.11226552898816,13.315945011010134,-4.203679482021974,False,False,False,7,0.3991665750278199,0.7765002020681965,0.4495649411622153,0.2382010514352779,0.3697884491623341,1.0,0.8368288369533894
9xj0_chainA,1004,10,0.006704053375869989,Cryptic,0.6640522480010986,0.5589110851287842,186.3333282470703,1,3,0.4400753656967442,5,0.5235127793988558,9.807881701423131,-6.049272821639056,-9.273705691541455,12.023738132901439,-5.983835676308873,-9.680720639726928,9.62417312613891,9.109232329644767,0.5149407964941428,True,False,False,5,0.3615776919778364,0.626012317048228,0.6276736514748386,0.4746205420997457,0.5107997988738948,0.5068327615466606,0.7210570543488701
9xj0_chainA,3006,11,0.0,Cryptic,0.680921733379364,0.5676384568214417,264.0,1,8,0.42372159175212104,13,0.5566676546441093,13.48658050992989,-16.963694898169233,-4.492791540546228,8.217783716391153,-17.132910224738573,0.23511580787703007,10.563399265053183,15.679977345806854,-5.116578080753671,False,False,False,5,0.5146026673509976,0.7235310545879676,0.5547091127344796,0.46258209630846975,0.4010654942494756,0.5490946531189103,0.7210570543488701
9xj0_chainB,506,1,0.0,Cryptic,0.4530539810657501,0.6838276982307434,92.0,1,3,0.6341633526372733,7,0.4806806071671453,50.062600981390766,-19.157995267468117,-3.2811692495712474,54.54738998413086,-18.216197967529297,-6.286098480224609,12.219961951831646,12.595132991578526,-0.3751710397468795,False,False,False,7,0.3607369868156961,0.4743646141126852,0.4862164969951949,0.32270133867844847,0.4823818201348488,1.0,0.8368288369533894
9xj0_chainB,5,3,0.0,Unknown,0.4404709041118622,0.5044371485710144,57.0,1,8,0.43575651691388295,14,0.5395545745607939,39.245094923750685,-21.91286580390539,-25.299837137044666,37.3048803731057,-19.11539816889816,-26.70977206687333,12.69628467728208,14.506000079497896,-1.8097154022158168,False,False,False,5,0.5114140624814081,0.541110698813619,0.5976089081788402,0.5423452495332957,0.44772688004183986,0.4774667954769447,0.7210570543488701
9xj0_chainB,2,5,0.00964096374809742,Allosteric,0.5281163454055786,0.4958724081516266,168.0,1,4,0.6128515989975835,4,0.5460802910285902,36.57633550001721,-19.210020880427873,-28.23575007899866,40.659725189208984,-27.4976863861084,-27.995052337646484,16.190195795880552,16.701097888495234,-0.5109020926146819,False,False,False,6,0.4775902139964701,0.5557728434620295,0.5600485964924815,0.4212119814268596,0.42946814007739914,1.0,0.783091851446946
9xj0_chainB,1,6,0.004605331923812628,Unknown,0.5205138921737671,0.4756215810775757,72.0,1,3,0.5922511020810427,3,0.5529122241961967,32.79240780663272,-25.293773740331584,-21.61603409240802,32.712310791015625,-31.998737335205078,-18.29548454284668,15.51596030898773,18.35306953779843,-2.8371092288107,False,False,False,7,0.44076360721053154,0.43508439474533595,0.638739903525388,0.5389459904246009,0.4706609656642641,1.0,0.8368288369533894
9xj0_chainB,1,6,0.004605331923812628,Unknown,0.5205138921737671,0.4756215810775757,72.0,2,3,0.7226488412858285,5,0.5421886361380628,31.412433351026362,-24.428514440463406,-17.563905504222944,32.712310791015625,-31.998737335205078,-18.29548454284668,14.93871868121711,18.35306953779843,-3.4143508565813185,False,False,False,7,0.44076360721053154,0.43508439474533595,0.579164414313533,0.5389459904246009,0.4706609656642641,1.0,0.8368288369533894
9xj0_chainB,1507,7,0.024239037185907364,Cryptic,0.6770704388618469,0.5198767781257629,220.0,1,3,0.5529955812699509,6,0.5412176978792566,44.588639260426525,-20.594561539151805,-9.849716843835031,48.898947271213586,-20.098985465416053,-8.257967182924487,4.835551855231251,7.397213723877947,-2.561661868646696,False,True,False,4,0.3566328644984398,0.6866879872784001,0.7553171066827065,0.5820677801966667,0.48019929030720326,0.12565838228538506,0.647685462377997
9xj0_chainB,4004,11,0.010420440696179867,Cryptic,0.7889906764030457,0.6303220391273499,302.0,1,5,0.5609031378605269,6,0.5153145068247076,40.413059118268784,-16.638598728685096,-9.77793113865932,41.73601798638802,-14.031398709494713,-8.814168385474332,6.770631856584153,7.987732197919092,-1.2171003413349393,False,False,False,9,0.4422744942743131,0.5754216646674841,0.5204106402447931,0.35259358170959687,0.48263586376946865,0.7057200024196302,0.9266284080291269
9xji_chainA,8,1,0.0,Cryptic,0.6342151165008545,0.49465063214302063,387.0,1,4,0.4466463394854716,6,0.5586663016644207,-0.7566176619532159,24.70782048906968,-22.985845878665433,-2.021377936417559,25.046152971470384,-21.13794680903021,13.12409088613423,12.799690454752362,0.3244004313818678,True,False,False,4,0.5381124860153207,0.756658445477862,0.6450781864672268,0.5367940485477447,0.358031765725673,0.11427207002806083,0.647685462377997
9xji_chainA,8,1,0.0,Cryptic,0.6342151165008545,0.49465063214302063,387.0,2,4,0.6102053173529873,5,0.489602491092818,2.569252585181245,19.419898621979037,-11.250873000559066,1.1648419796167633,17.850395493205163,-12.359153300358688,4.241520871789114,4.410495750936769,-0.16897487914765463,False,True,True,7,0.374402318640649,0.5962792366901164,0.6522423335667025,0.3878432636548365,0.3855645983618486,0.29476633386291917,0.8368288369533894
9xji_chainA,1,3,0.0,Unknown,0.51119464635849,0.5530131459236145,52.0,1,3,0.5585725339602854,4,0.5523252394599915,-10.343397143955112,28.122944657744092,-1.2206621697732067,-10.146794154702807,27.851943729278652,-2.5397408224600446,22.749638588171088,21.77488728763969,0.9747513005313984,True,False,False,6,0.48078555539197065,0.5075710033415312,0.5703752616120025,0.5600105362633865,0.4050113941376712,0.9071077231313646,0.783091851446946
9xji_chainA,3,4,0.011320661753416061,Unknown,0.4952906370162964,0.5124234557151794,115.0,1,3,0.6415202338976225,4,0.522491899793191,-5.643084866364553,17.635730262494853,-24.59372335059421,-6.785812300442787,18.737336463240712,-23.07974258366284,15.329984068870118,15.252956281298435,0.0770277875716836,True,False,False,6,0.4547256672611549,0.5096941124326094,0.5960385055620544,0.5223566094521181,0.4111453683055698,0.5755114178225569,0.783091851446946
9xji_chainA,0,5,0.004114474169909954,Unknown,0.5705633759498596,0.4878850281238556,63.0,1,4,0.5411432112400855,6,0.5422497690524185,-9.650171120602828,21.336168552272646,-1.643597744924267,-9.915125424849187,21.107484441758142,-2.5746060931823926,19.68326012762872,19.28308200981684,0.40017811781187973,True,False,False,10,0.35534700733433777,0.654306792486578,0.6209211973170092,0.5410105375945569,0.43670733349026947,0.5122527373510997,0.9649840459813438
9xji_chainA,508,6,0.045501191169023514,Cryptic,0.7508273720741272,0.47069427371025085,275.0,1,7,0.46876599662472074,10,0.5665259976702793,5.855602831710402,20.121686235830285,-7.4619502552673405,4.900784435205834,20.583034942415956,-8.138042904168337,6.940779165935612,6.5177331931746965,0.4230459727609155,True,False,False,6,0.4801349329599174,0.6020526467531597,0.6833205929245579,0.5528146614631017,0.45426860131927427,0.49790827349251165,0.783091851446946
9xji_chainA,2,8,0.013404827564954758,Unknown,0.5805571675300598,0.47223320603370667,95.0,1,5,0.5235701875478502,10,0.5092920884552019,-8.63830767455774,21.95300259736816,-16.494306183551036,-9.98445987701416,15.664872169494629,-16.080883026123047,14.87148989640291,15.548884509629596,-0.6773946132266868,False,False,False,8,0.31217902234365735,0.593218777102725,0.46626124301989474,0.3537458033288116,0.6098760452621425,1.0,0.8842282173954806
9xji_chainA,5508,9,0.054581642150878906,Cryptic,0.7508273720741272,0.4918186664581299,275.0,1,3,0.47999675038632167,2,0.47535460655308964,8.364976557401377,20.457845332846745,-2.8997210689689012,8.037848573683615,20.805039857335878,-3.0255530232028196,11.760956211026274,11.656188170836591,0.10476804018968267,True,False,False,6,0.39644752946029804,0.5926172137258257,0.6121663367273106,0.36137395380064846,0.3687089465477088,0.2521213755902153,0.783091851446946
9xji_chainA,4002,10,0.013602414168417454,Unknown,0.5805571675300598,0.47733166813850403,95.0,1,4,0.5648231170818231,11,0.5188367772438209,-9.621436477256688,21.557514161757435,-14.279400086892142,-13.886740684509277,18.572322845458984,-15.027481079101562,15.471429678567384,19.25049203963112,-3.779062361063735,False,False,False,6,0.39337634418603074,0.5978477002376482,0.45083793768348873,0.378342347808732,0.5401671758687151,1.0,0.783091851446946
9xji_chainB,508,2,0.028014516457915306,Cryptic,0.6534326672554016,0.4681542217731476,167.0,1,3,0.5634128360443316,3,0.46547247633441147,-8.157284630143073,44.89598079552394,-2.861933963113115,-7.6764704527532,44.2042038368422,-2.8177264131481357,11.659704952809468,11.77290929934861,-0.11320434653914191,False,False,False,7,0.35253649991827046,0.4728123835511561,0.5323591214958484,0.46300076721236116,0.418232829465454,0.46759643180499955,0.8368288369533894
9xji_chainB,6,3,0.06011609733104706,Cryptic,0.683834433555603,0.4944288432598114,207.0,1,5,0.5157866939007093,10,0.5076591092786178,9.294331073936275,44.24734153009113,-11.933732598860324,8.276128678527975,43.960226361281116,-8.453701953856278,15.119470188605723,15.077279614066963,0.04219057453875941,True,False,False,8,0.395240343009544,0.5758489711752579,0.5840886140210726,0.5654256703717,0.44294012274347905,0.19317359705555048,0.8842282173954806
9xji_chainB,6,3,0.06011609733104706,Cryptic,0.683834433555603,0.4944288432598114,207.0,2,3,0.5179612591967357,6,0.4034246806832021,-0.8133636929018602,54.120477935195716,-14.886661284909426,-1.6746811744183798,55.9916588077248,-9.872179372793612,8.032447167471846,10.016969503377354,-1.984522335905508,False,False,False,7,0.3299539354551454,0.4965612093212381,0.41352985931882086,0.305532072982816,0.48017589794926097,0.1677708044640812,0.8368288369533894
9xji_chainB,5,4,0.0048365783877670765,Unknown,0.46596989035606384,0.507146418094635,92.0,1,4,0.5718718061628594,10,0.5256283960453397,3.4864496427588887,43.7173411201661,-24.8382614509015,4.843257427215576,48.50326919555664,-26.84202003479004,14.599354367388917,16.52459793245694,-1.9252435650680209,False,False,False,8,0.3758637599340411,0.5110598995546678,0.5847936409059074,0.4511450153540057,0.4155164506075803,1.0,0.8842282173954806
9xji_chainB,2,5,0.0,Cryptic,0.4711098074913025,0.5604100823402405,69.0,1,4,0.49957192327673366,7,0.4521955157637378,-0.17120008906798784,54.64895931282481,-15.752625892521262,-1.5253938323243887,56.220407470043874,-9.915359973850958,8.971309248696285,10.248002336000203,-1.2766930873039186,False,False,False,10,0.2774054920751937,0.600452187895274,0.422683017281302,0.248668720341978,0.5557518501298742,0.6547633487033013,0.9649840459813438
9xji_chainB,507,6,0.030405275523662567,Cryptic,0.7604807615280151,0.458919882774353,207.0,1,3,0.5179612591967357,6,0.4343168526727297,-0.8629122806042692,54.37647677379506,-14.368413996378697,5.277552604675293,50.92031478881836,-12.789399147033691,8.166986516153068,11.17998029206099,-3.012993775907921,False,False,False,5,0.2451359176492157,0.5046962644002017,0.3590522340621353,0.2336556539526819,0.6647782007582059,1.0,0.7210570543488701
9xji_chainB,507,6,0.030405275523662567,Cryptic,0.7604807615280151,0.458919882774353,207.0,2,4,0.42189858544856296,6,0.5010843614577102,10.021721870537691,43.958603880452834,-12.196613748665769,9.266343518006211,43.99115970138392,-10.622577243551017,15.857502704361549,15.372159160920178,0.48534354344137043,True,False,False,6,0.43660350957789434,0.5619879636809789,0.49665859188933886,0.5717009582138705,0.421978915144499,0.30969632116746115,0.783091851446946
9xji_chainB,4,7,0.0,Unknown,0.46683645248413086,0.5399752259254456,65.0,1,4,0.6547090795523564,4,0.5526437970408128,3.64480580493987,54.438566769330215,-23.862924133635847,2.0082136125321455,56.109628687433286,-21.24851430738989,15.100869308621924,13.47680059789966,1.6240687107222644,True,False,False,5,0.4505963354373773,0.6070732781011788,0.5890358300700926,0.5134453715384006,0.3453646983762322,0.9188427071682709,0.7210570543488701
9xji_chainB,4508,8,0.018378278240561485,Cryptic,0.6534326672554016,0.5277954936027527,167.0,1,4,0.43221198835321717,7,0.47086153493316923,-8.260745765266883,46.75026566242425,-3.760609699290877,-8.259389598445786,50.067370490428104,-4.790578782364636,10.54277604706985,9.850805981771831,0.691970065298019,True,False,False,7,0.24267515432040973,0.5212017356299203,0.5651084453713928,0.4506645541771182,0.7197864130147502,0.29618883979932464,0.8368288369533894
9xji_chainB,4507,12,0.02892894856631756,Cryptic,0.7604807615280151,0.5450688600540161,207.0,1,4,0.5560789875238931,8,0.4595506145353939,0.7026762234622754,55.076377217523486,-17.162368454425163,2.4667815897106835,55.24804705275842,-19.807016621493414,10.190452195783307,12.463613464751248,-2.2731612689679412,False,False,False,7,0.42568194664048165,0.48603638100029045,0.5201187334389971,0.3851488144889111,0.4047879618973041,0.3230607252425015,0.8368288369533894
9yc2_chainA,0,1,0.0,Unknown,0.43098658323287964,0.5702146887779236,111.0,1,7,0.43626047654998074,8,0.551723082207352,9.522026131696153,36.372536404966574,29.32773011144438,3.721271514892578,32.01735305786133,29.58983612060547,5.297268424571652,8.693542622567062,-3.3962741979954094,False,False,False,6,0.46836066614830285,0.6543472807613642,0.46289880062442285,0.47175183800670006,0.40490395413670943,1.0,0.783091851446946
9yc2_chainA,504,2,0.02178271859884262,Cryptic,0.575986385345459,0.5203273892402649,160.0,1,3,0.7854071389878579,8,0.5293249032502167,8.845403543517033,18.768518674840497,37.84333133134255,8.544057591834125,19.126560368860595,36.897866450161914,17.98835343763133,17.18854708278997,0.7998063548413583,True,False,False,8,0.22960587326414184,0.6990540529766721,0.5727005615950713,0.458135699951988,0.8132815660654618,0.46401860736767453,0.8842282173954806
9yc2_chainA,2,4,0.05745885521173477,Unknown,0.7025220990180969,0.49163296818733215,148.0,1,6,0.5377421094571171,8,0.5411745951907039,15.206861397332265,14.826322837424792,43.666261281234036,13.119624652653517,16.413875630142297,43.200532536001006,24.778919086612476,23.13470705327314,1.6442120333393362,True,False,False,8,0.404361916712514,0.5053036959222599,0.5492926343000779,0.558486148200671,0.5716124935185593,0.7637696841071044,0.8842282173954806
9yc2_chainA,4002,6,0.08486423641443253,Unknown,0.7025220990180969,0.5474435687065125,148.0,1,4,0.613419109901178,8,0.5329159225047522,15.280068618849624,15.15743808620212,43.075684171273004,13.434154987335205,16.50920009613037,44.23039627075195,24.147490581757022,23.83875060828884,0.3087399734681817,True,False,False,8,0.41928918834260814,0.5413871306950091,0.624544143510797,0.558486148200671,0.5326107089267769,0.353726855100312,0.8842282173954806
9yg3_chainB,511,2,0.017173171043395996,Cryptic,0.6511337757110596,0.45773598551750183,106.0,1,3,0.7997801265638971,3,0.49966240994956407,-17.169050640626935,41.61242854923444,73.76027936686526,-18.384276331491016,41.19491351047335,73.15960283414687,34.45554315593942,35.85231344340713,-1.3967702874677101,False,False,False,7,0.40225430229547937,0.5202236847970599,0.7115214908715763,0.5488366421844278,0.34276268746916017,0.10101712483227665,0.8368288369533894
9yg3_chainB,511,2,0.017173171043395996,Cryptic,0.6511337757110596,0.45773598551750183,106.0,2,4,0.591589159468188,11,0.5018679748685118,-12.563330342269406,43.37800098298706,81.02807185342859,-10.821624755859375,37.20176315307617,79.7351303100586,27.411952920586057,27.41338066376679,-0.0014277431807343532,False,False,False,3,0.258343623940747,0.4898237047274474,0.6236950746463739,0.3545864381105896,0.7500752607808833,1.0,0.5578858913022596
9yg3_chainB,2,3,0.023323576897382736,Unknown,0.6392613053321838,0.4750676155090332,106.0,1,3,0.6004855778805462,4,0.4842294876304092,-10.251370142256562,41.352132655967836,78.7111413883406,-10.167086503930102,41.069361073290494,79.28833438148291,26.246943463669172,26.009910568356958,0.23703289531221472,True,False,False,7,0.4377006813658161,0.5548721189991264,0.5122508106434791,0.3698982523045879,0.5704300344628547,0.25619412463246827,0.8368288369533894
9yg3_chainB,1513,9,0.03490108251571655,Cryptic,0.7236047983169556,0.6214503645896912,361.3333435058594,1,6,0.3907640410877528,12,0.5596089817402805,0.8371412299944325,49.38975835292432,84.11026256601374,-2.1004152297973633,52.262020111083984,86.30947875976562,14.066243625508738,17.229325866077197,-3.1630822405684587,False,False,False,2,0.20950938889962034,0.5959219387866324,0.7164839472731086,0.5653436914086343,0.7861453407761712,1.0,0.44211410869774026
9yg3_chainB,4006,10,0.10907726734876633,ActiveSite,0.7820571660995483,0.4614109992980957,416.0,1,3,0.6749708690555409,6,0.4833150604618066,0.1266168990278165,40.38487007757666,87.57996340459684,2.461938170611133,41.83727131419282,87.86678046082437,14.63875584890292,11.930918990540267,2.7078368583626524,True,False,False,7,0.31476777385463656,0.49602514675366,0.5168415380717657,0.4772515443685864,0.6537561057982252,0.45652841437968794,0.8368288369533894
9yg3_chainB,3516,11,0.0730336606502533,Cryptic,0.7236047983169556,0.6449509859085083,1084.0,1,9,0.40180959211120687,19,0.5354436201240488,6.270162208942711,49.74577363890797,80.01540411959193,6.3029475646844935,53.2674984257395,81.84359552945878,11.944035750605712,12.451212869322093,-0.5071771187163812,False,False,False,8,0.3103401836426517,0.7441029586680705,0.5205551946970248,0.3980025574099273,0.6259972926270545,0.6849985707523704,0.8842282173954806
9yg3_chainB,1512,12,0.0,Cryptic,0.7236047983169556,0.7038214802742004,361.3333435058594,1,5,0.4279023186931112,6,0.5320551242404745,6.617677193977124,50.907999870578784,82.34422059787649,2.2175748348236084,56.96738815307617,81.72976684570312,10.689154822735597,17.405883497112494,-6.716728674376897,False,False,False,1,0.2316141037913979,0.8885542962332799,0.72421739966013,0.5278162553906441,0.0,1.0,0.2789429456511298
9yg3_chainB,4514,13,0.01350223645567894,Cryptic,0.7236047983169556,0.7975607514381409,361.3333435058594,1,6,0.38934677941790563,10,0.5326839535125836,4.630933798154395,50.006379463562354,82.08903129344814,5.29957113417744,51.984253778276894,83.22955256259729,11.879559805083435,11.69864050039991,0.1809193046835258,True,False,False,7,0.3509532514823994,0.840192329129809,0.5108364074651761,0.36821393791053986,0.5331968727685543,0.49129706852718524,0.8368288369533894
9yg3_chainB,1514,15,0.004929841961711645,Cryptic,0.7236047983169556,0.7820496559143066,361.3333435058594,1,5,0.4325296246479879,8,0.5230526359825975,4.563115045936467,50.30561064376076,83.1781192967832,5.396888929907869,51.03742013919641,83.37408245751817,11.50113926200845,11.084221041379708,0.41691822062874273,True,False,False,7,0.37036816740889067,0.8277091629473716,0.520892194117655,0.36821393791053986,0.4981487510199266,0.3470185894066161,0.8368288369533894
9yg3_chainB,4007,16,0.04114484414458275,Cryptic,0.7121623754501343,0.5658770799636841,247.0,1,3,0.624852155192434,5,0.568595186465189,-0.10751470543867464,66.89889494412212,57.83388470726636,-1.557940032781031,65.6169538296258,57.82032271943535,39.69910101744019,39.57906789972622,0.12003311771397307,True,False,False,4,0.4909725655825449,0.5870717628858471,0.6512187870224291,0.5718579366803169,0.40471025539907,0.7396495422359164,0.647685462377997
9yg3_chainB,4002,19,0.018370872363448143,Unknown,0.6392613053321838,0.523337721824646,106.0,1,3,0.7997801265638971,3,0.5882911790824876,-17.08082508519916,41.64675320646368,73.81301024424285,-13.860939979553223,40.42529296875,70.61638641357422,34.34983204381071,33.278544440976155,1.071287602834552,True,False,False,5,0.280890792783245,0.7055136049168508,0.7535124150997814,0.5693891638517379,0.4698731417945646,1.0,0.7210570543488701
9znb_chainA,1,1,0.0036948216147720814,Cryptic,0.8376315832138062,0.6951830387115479,205.0,1,4,0.5753482540892139,8,0.5632187897142206,-29.266677397357814,31.05996030819009,48.59391321855745,-28.268550872802734,35.64733123779297,52.15709686279297,5.640247313132435,9.354575269316864,-3.7143279561844293,False,False,False,6,0.27160796750131505,0.83833095181206,0.5285673074340261,0.3705194615448515,0.6678686539384471,1.0,0.783091851446946
9znb_chainA,506,3,0.0,Cryptic,0.6763845682144165,0.484851211309433,126.0,1,3,0.7467728466947461,6,0.5145063695489226,-23.196831382787146,12.07372312670997,24.052397724942836,-19.506025314331055,17.896371841430664,23.542314529418945,32.69488306437092,32.034109940322246,0.6607731240486743,True,False,False,5,0.34065468215909217,0.603823921987429,0.4327629690274378,0.42062809404944446,0.6073377924296129,1.0,0.7210570543488701
9znb_chainA,0,6,0.08654846996068954,ActiveSite,0.7407565712928772,0.4980602562427521,1018.0,1,3,0.4611772222368602,6,0.5698276087519907,-26.698662801667314,14.80927155061944,29.29019802706334,-25.636424581702194,12.508851354774153,30.3793138980975,26.012108058049144,26.898927022781542,-0.8868189647323987,False,False,False,6,0.4614602902894179,0.643052864928424,0.6121920664144008,0.5486124262213706,0.39482708422155555,0.7693814993190173,0.783091851446946
9znb_chainA,0,6,0.08654846996068954,ActiveSite,0.7407565712928772,0.4980602562427521,1018.0,2,5,0.6278812086830378,10,0.5435506923686582,-22.240304372241678,16.587158427762187,34.010098589082965,-27.555540084838867,11.768916130065918,32.230831146240234,23.459083939358255,25.51928860845581,-2.060204669097555,False,False,False,5,0.387189362720931,0.5859759230326922,0.5606745027836768,0.5255595725774764,0.4236626587819472,1.0,0.7210570543488701
9znb_chainA,4,7,0.018298272043466568,Cryptic,0.7692350745201111,0.5603508353233337,221.0,1,3,0.862573607193915,5,0.46920737726416895,-17.313209385790493,15.737617399919795,17.44851310344174,-16.702781185383316,15.387427354567443,17.179813728007332,38.77452249210131,39.39213722572751,-0.6176147336261977,False,False,False,7,0.39431061331935263,0.48896326892304687,0.5484895583752822,0.328797155447897,0.6137824573413336,0.3174974760271114,0.8368288369533894
9znb_chainA,4,7,0.018298272043466568,Cryptic,0.7692350745201111,0.5603508353233337,221.0,2,3,0.6585119050939542,5,0.45349049196079977,-12.653781877845477,4.451266075123122,23.525989142173053,-10.435226131103,4.368619579369354,23.583966502344204,42.032237759160594,43.24217682821479,-1.2099390690541938,False,False,False,5,0.3279057578782439,0.37258888500715287,0.6763388074127046,0.4664707470964641,0.47681967075457715,0.2880601200852625,0.7210570543488701
9znb_chainA,1509,8,0.01539106946438551,Cryptic,0.7407565712928772,0.8150730729103088,339.3333435058594,1,4,0.6882122625935926,8,0.5547135710327511,-21.875975525180422,15.187720746162146,35.16894790324391,-26.643152236938477,10.308662414550781,34.47903060913086,23.716417888351735,25.411646635909623,-1.6952287475578878,False,False,False,5,0.18301519995046506,0.7033230374605874,0.6364529701657858,0.46267343258485194,0.7548317899166075,1.0,0.7210570543488701
9znb_chainA,1508,9,0.022875498980283737,Cryptic,0.7407565712928772,0.6795344948768616,339.3333435058594,1,4,0.6882122625935926,9,0.4927900654582026,-21.849609028271548,15.147004078238364,35.2115686192319,-24.268188922899846,18.416155487982778,32.131451859689605,23.729122443040964,22.868654492903044,0.8604679501379202,True,False,False,10,0.3656369377676708,0.5659561616301053,0.5052359391095985,0.46704111929975706,0.5439057747460603,0.3362448595225497,0.9649840459813438
9znb_chainA,1507,10,0.01170266605913639,Cryptic,0.7407565712928772,0.5616961717605591,339.3333435058594,1,5,0.6278812086830379,10,0.5325648574662107,-22.224227769052757,16.568589925615875,34.03107336258376,-25.088453769555223,18.539338464942993,31.258956044243256,23.46378414639272,23.13193227311847,0.3318518732742497,True,False,False,8,0.4477005109491583,0.5614748823269334,0.5835113272293563,0.5161302061751485,0.4815848797306338,0.46912839486972646,0.8842282173954806
9znb_chainA,4508,11,0.020523283630609512,Cryptic,0.7407565712928772,0.6577775478363037,339.3333435058594,1,5,0.6278812086830379,9,0.5408330203851358,-22.22498850925765,16.567835710676157,34.031256689217784,-27.835206985473633,13.818052291870117,36.033607482910156,23.46367247362816,21.528379267549433,1.935293206078729,True,False,False,4,0.29050498758788823,0.4133287473463212,0.6667325558690573,0.5499177867663918,0.7806309483682552,1.0,0.647685462377997
9znb_chainA,1512,14,0.001372895436361432,Cryptic,0.7622089982032776,1.0,197.0,1,3,0.6980219059462129,6,0.5320984072827745,-18.481765879072473,24.093580053172875,40.81130506660714,-19.635633172364898,27.33415278474337,42.85674468396035,18.955967818296646,16.41448262002913,2.541485198267516,True,False,False,5,0.5013324801940369,0.6362119708985606,0.5806759069582353,0.42934078907594087,0.3971931898096447,0.5078265236207511,0.7210570543488701
9znb_chainA,4512,15,0.0018732218304648995,Allosteric,0.7622089982032776,0.9172373414039612,197.0,1,4,0.5543587151400194,7,0.5855821784094576,-17.694030560575,23.30558209001489,40.3588431806584,-14.831331253051758,22.031051635742188,37.42724609375,20.051177710658298,24.194898892060856,-4.143721181402558,False,False,False,4,0.5000468096349044,0.5309342329976133,0.7088792645611744,0.5517793625593186,0.41116858748155694,1.0,0.647685462377997
9znb_chainA,3514,16,0.0075246794149279594,Cryptic,0.7692350745201111,0.643610417842865,221.0,1,3,0.7791591906266998,6,0.5435031624606749,-8.641962843324508,5.493903837734844,22.403351770374847,-6.7919511795043945,7.3750810623168945,14.178144454956055,44.353693911416,49.929944378428274,-5.576250467012272,False,False,False,3,0.14362192985711764,0.6466195137550496,0.5771154200852576,0.6129915128151576,0.7985628431307218,1.0,0.5578858913022596
9znb_chainA,4506,18,0.0,Cryptic,0.6763845682144165,0.555988609790802,126.0,1,3,0.5335595608346626,6,0.5637095444359672,-19.504914307192173,20.170718577139684,24.949513865079933,-19.29393003519436,21.123233302440894,26.192822444251103,30.145631610415748,28.972028668709772,1.1736029417059761,True,False,False,3,0.24647845790549097,0.5337832318601082,0.7572680122442982,0.5475286761617281,0.9459994354675973,0.73415713807007,0.5578858913022596
