target,site_id,site_rank,site_rank_score,site_classification,site_druggability,site_uv_enrichment_score,site_volume,cluster_id,seed_n,mapped_n,n_added,cluster_internal_score,raw_centroid_x,raw_centroid_y,raw_centroid_z,mapped_centroid_x,mapped_centroid_y,mapped_centroid_z,raw_dcc,mapped_dcc,dcc_gain,improved,good_raw_dcc_5,good_mapped_dcc_5
9ig2_chainA,1,1,0.15403957664966583,ActiveSite,0.6531283855438232,0.7364893555641174,1911.0,1,3,5,2,0.5723703299744148,-2.7680579698612817,5.355579054468012,18.017650650428237,-3.005526148146118,5.693560229211224,17.91607507490735,11.990336201010878,11.951034639242978,0.039301561767899784,True,False,False
9ig2_chainA,3,2,0.02568606659770012,ActiveSite,0.7228365540504456,0.7667074799537659,1035.0,1,4,7,3,0.45343425752898514,-1.7213444252186694,-0.5619212901512712,47.381661132556765,-1.7555551751112992,-0.6189901921991334,47.49767985906634,28.09119708742932,28.22436067992996,-0.1331635925006367,False,False,False
9ig2_chainA,4,3,0.036112308502197266,ActiveSite,0.6593725681304932,0.8285130858421326,1085.0,1,3,3,0,0.5821375437746046,-2.6143935112528527,28.742040182346628,16.320135240491634,-2.6143935112528527,28.742040182346628,16.320135240491634,18.207576454590136,18.207576454590136,0.0,False,False,False
9ig2_chainA,5,4,0.005324935540556908,Unknown,0.5539416074752808,0.848883867263794,135.0,1,7,9,2,0.4846708726503162,-8.63212955944978,16.522425214611843,14.06841999483788,-8.553342374573292,16.644954928922843,14.19010240066365,16.16858022833698,16.05841008712945,0.11017014120753288,True,False,False
9ig2_chainA,515,6,0.0033917324617505074,Cryptic,0.647803783416748,0.8095075488090515,148.0,1,9,11,2,0.41649060934656423,-12.612364875243111,19.245166911274186,43.56591025455789,-12.820318575878115,19.55436329715501,43.50496043675641,26.502504796258997,26.656673991819773,-0.15416919556077602,False,False,False
9ig2_chainA,517,9,0.0002499206457287073,Cryptic,0.6088988184928894,1.0,167.0,1,3,5,2,0.6804700603324759,26.62373843912663,15.868035995000417,17.69213047574533,26.85878879131234,15.822937804334488,17.524494206604977,23.56020030243299,23.824779885182267,-0.2645795827492776,False,False,False
9ig2_chainA,516,11,0.0,Cryptic,0.6285156011581421,0.8101717829704285,87.0,1,8,8,0,0.40441257714508644,21.35742297042723,16.815646377241972,19.550415530563342,21.35742297042723,16.815646377241972,19.550415530563342,18.186875290161527,18.186875290161527,0.0,False,False,False
9ig2_chainA,9,13,0.0,Cryptic,0.6758342385292053,1.0,257.0,1,3,5,2,0.471398494066278,4.573367380971999,-4.049160458889839,74.74893344529035,4.640016205084216,-4.088868503649642,74.94494155213079,53.95469258943376,54.15374678012982,-0.19905419069606012,False,False,False
9ig2_chainA,6,17,0.0014251668471843004,Unknown,0.4687826633453369,1.0,88.0,1,3,5,2,0.6588726029522837,-9.593924386386934,18.35303897685448,14.21124094603077,-9.59326522892539,18.355607397106585,14.297579575490833,17.27429955407067,17.227134228306056,0.047165325764613186,True,False,False
9ig2_chainA,6,17,0.0014251668471843004,Unknown,0.4687826633453369,1.0,88.0,2,4,5,1,0.44828386083357286,-4.565317860503703,19.38432994027117,14.311008113708898,-4.774764405636085,19.246499025975325,14.211272789105017,14.017174295933222,14.155452165171809,-0.13827786923858731,False,False,False
9ig2_chainA,4523,19,0.03213292360305786,ActiveSite,0.6531283855438232,0.7885010838508606,637.0,1,10,12,2,0.43836597464073507,-2.9593856012304416,6.326912270723826,21.379381280795055,-3.041828979221017,6.428534718008967,21.189180531071628,10.224152277164718,10.255204222421844,-0.031051945257125624,False,False,False
9ig2_chainA,1523,20,0.03225570172071457,Cryptic,0.6531283855438232,0.800568163394928,637.0,1,7,8,1,0.41389293601346355,-7.048544788143798,4.16817028000927,26.523199770769295,-7.030538163806094,4.126800995140477,26.53005647662549,14.691087615080395,14.705132718335452,-0.014045103255057256,False,False,False
9ig2_chainA,4001,21,0.06936030834913254,ActiveSite,0.6531283855438232,0.7260258793830872,1911.0,1,7,9,2,0.382048485229786,-3.7793820020577296,5.669859434340018,20.931489082446475,-3.8396292763850974,5.8339869944154845,20.712677577826874,11.344102785339905,11.329715972473327,0.014386812866577614,True,False,False
9ig2_chainA,3528,22,0.13101764023303986,Cryptic,0.6531283855438232,0.804995059967041,1911.0,1,3,5,2,0.5723703299744148,-2.797922632209194,5.386590582215322,17.864867770328473,-3.026950656981254,5.714031726484263,17.78251535921065,12.059663156066657,12.01570361394971,0.04395954211694608,True,False,False
9ig2_chainA,1524,23,0.03474137559533119,Cryptic,0.6531283855438232,1.0,637.0,1,3,6,3,0.5252286295494405,-3.5196348417969756,3.0500713018420864,23.382762965063332,-3.7400981232284094,3.6157108460473535,23.236628099741647,12.836676779497918,12.521553063138583,0.31512371635933434,True,False,False
9ig2_chainA,4524,24,0.037741709500551224,ActiveSite,0.6531283855438232,0.9570186138153076,637.0,1,3,6,3,0.6575663656529709,-1.386690359996481,6.33857329663856,19.649651513480357,-1.9513864539674715,6.626427711865556,19.5203119214102,9.80404126151844,9.977077450482762,-0.17303618896432127,False,False,False
9ig2_chainA,4522,25,0.022241974249482155,ActiveSite,0.6531283855438232,0.7407190203666687,637.0,1,3,5,2,0.5723703299744148,-2.8048389842193067,5.392079599672985,17.836778121836716,-3.0298001709190814,5.71422521625644,17.75870186485203,12.0735355774235,12.029023046682696,0.04451253074080519,True,False,False
9ig2_chainA,1520,26,0.005031939595937729,Cryptic,0.7228365540504456,1.0,345.0,1,3,7,4,0.5861110189312155,-1.612407445592867,0.6975742337008924,48.60150948226319,-1.6730051805059771,0.29696512335461844,48.418877639627674,28.519298316702866,28.55463890189868,-0.035340585195815066,False,False,False
9ig2_chainA,1521,28,0.005609449930489063,Cryptic,0.7228365540504456,1.0,345.0,1,3,7,4,0.5861110189312155,-1.6118941638985467,0.6932459774373793,48.5991654389234,-1.6708654858935148,0.3044965493813901,48.42198243969235,28.519091029972156,28.553428945934954,-0.034337915962797894,False,False,False
9ig2_chainA,4004,29,0.025832701474428177,ActiveSite,0.6593725681304932,0.8579251766204834,1085.0,1,4,7,3,0.6630793392478516,-0.005596727294984096,20.82233239180727,24.86067429587303,0.09304416395485984,20.852831509458355,25.285455722508193,8.441084332651679,8.48973132910045,-0.04864699644877213,False,False,False
9ig2_chainA,1525,32,0.003981958143413067,Cryptic,0.6593725681304932,1.0,361.6666564941406,1,3,3,0,0.5821375437746046,-2.6140072326979746,28.743112429865036,16.319565649150025,-2.6140072326979746,28.743112429865036,16.319565649150025,18.208567754376404,18.208567754376404,0.0,False,False,False
9ig2_chainA,4003,33,0.01993192546069622,ActiveSite,0.7228365540504456,0.9061646461486816,1035.0,1,4,7,3,0.45343425752898514,-1.7196347760007547,-0.5792352155389635,47.38401363723837,-1.752362669672755,-0.6320699444642741,47.49447397287419,28.101481955377356,28.22754243970091,-0.12606048432355266,False,False,False
9ig2_chainA,1519,35,0.005705908872187138,Cryptic,0.7228365540504456,1.0,345.0,1,4,7,3,0.45343425752898514,-1.7193513814580779,-0.5825113800039513,47.38384374875604,-1.7515549630124576,-0.6341729037619961,47.49249256577246,28.102919123347156,28.226760233523073,-0.12384111017591692,False,False,False
9ig2_chainA,3527,36,0.022474564611911774,Cryptic,0.7228365540504456,0.8648426532745361,1035.0,1,4,7,3,0.45343425752898514,-1.7200502242304339,-0.5746593526497307,47.38388982279208,-1.7531556255619547,-0.6285726967325548,47.49571747350233,28.099175040901365,28.22700416121645,-0.1278291203150843,False,False,False
9ig2_chainA,4515,38,0.0025298779364675283,Cryptic,0.647803783416748,0.8920257091522217,148.0,1,6,8,2,0.48615130346740454,-16.719997783846573,24.677187554958753,40.925738896151984,-16.74165671506249,24.899247905759417,40.83355071646826,29.154521144014712,29.201838936240915,-0.04731779222620247,False,False,False
9ig2_chainA,4516,40,0.0,Cryptic,0.6285156011581421,0.8837586045265198,87.0,1,3,3,0,0.5522635111860864,25.555034576304116,17.213276566434022,18.295198964728193,25.555034576304116,17.213276566434022,18.295198964728193,22.5649967876438,22.5649967876438,0.0,False,False,False
9ig2_chainB,7,1,0.020245607942342758,Allosteric,0.7401458024978638,0.7277721762657166,164.0,1,9,13,4,0.45916310909623426,3.4412619173191277,10.320927439535033,81.29195109763216,3.295634775901424,9.996099786644665,80.98959632587608,18.25151531698633,18.132419522379426,0.11909579460690267,True,False,False
9ig2_chainB,522,2,0.008245507255196571,Cryptic,0.8051583766937256,0.7481279373168945,218.0,1,7,7,0,0.43758321771692904,-4.044527440310172,14.06334690421426,68.85139052309233,-4.044527440310172,14.06334690421426,68.85139052309233,15.90776164838141,15.90776164838141,0.0,False,False,False
9ig2_chainB,521,3,0.020790228620171547,Cryptic,0.7228531837463379,0.7728230357170105,215.0,1,5,9,4,0.5328635775968981,32.383020876701046,8.527416731637931,49.61133243526397,32.346663556509995,8.634271503209646,49.79439172557671,26.877434229876847,26.718148409277468,0.15928582059937924,True,False,False
9ig2_chainB,521,3,0.020790228620171547,Cryptic,0.7228531837463379,0.7728230357170105,215.0,2,4,8,4,0.615789590620905,32.09863229153268,8.666345528837876,53.596841923634415,32.21916609434596,8.90540407459006,53.34670746777296,24.467558354789173,24.635734460419744,-0.16817610563057173,False,False,False
9ig2_chainB,519,5,0.007274954579770565,Cryptic,0.6794591546058655,0.870921790599823,184.0,1,4,5,1,0.5404852311451953,25.862063806606393,26.45152745209979,47.471234330698174,26.11139710211375,26.608072036574242,47.53747516363093,25.948497079664605,26.114297566441973,-0.1658004867773677,False,False,False
9ig2_chainB,519,5,0.007274954579770565,Cryptic,0.6794591546058655,0.870921790599823,184.0,2,3,4,1,0.44913495700968536,27.663694509873714,26.453991305103447,45.08627228635454,27.76987833195334,26.278810644051163,45.11092383501065,28.63264581417783,28.602456645040807,0.030189169137024408,True,False,False
9ig2_chainB,17,6,0.007705381605774164,Cryptic,0.6753491163253784,1.0,253.0,1,4,8,4,0.5055744631765745,28.040533032397708,31.300730650618064,47.21166739989672,28.134927496086583,31.52455450841435,47.218544584022624,29.831140874473213,30.006140305302356,-0.1749994308291427,False,False,False
9ig2_chainB,520,8,0.0,Cryptic,0.5838870406150818,0.7436869740486145,64.0,1,6,7,1,0.572635092394942,30.632340223292008,14.957186939255239,62.94388600454732,30.730978417210114,14.981604910089029,63.18807386719588,19.312523370376052,19.381030975778636,-0.0685076054025835,False,False,False
9ig2_chainB,520,8,0.0,Cryptic,0.5838870406150818,0.7436869740486145,64.0,2,3,8,5,0.6395359419162675,32.60587706060645,8.864283634952207,58.50019561782625,32.515864444361405,9.29832965622521,58.0795378545583,22.922775367015312,22.869353915998825,0.05342145101648654,True,False,False
9ig2_chainB,19,10,0.0,Unknown,0.5780856013298035,0.8005380630493164,64.0,1,3,8,5,0.6395359419162674,32.506625172285034,8.896879775483987,58.43768089441144,32.44944239990998,9.291356134112927,58.063226804762984,22.84249660358208,22.815146168112786,0.02735043546929461,True,False,False
9ig2_chainB,19,10,0.0,Unknown,0.5780856013298035,0.8005380630493164,64.0,2,5,8,3,0.6610896852279259,31.87418447631492,12.02440149137569,59.531203862253946,31.83962963717257,11.696732941794327,59.555123036281465,21.364686814235444,21.365019280812028,-0.00033246657658381196,False,False,False
9ig2_chainB,525,17,0.0019176078494638205,Cryptic,0.4487433433532715,1.0,93.0,1,3,6,3,0.7330044643442746,16.046664825916977,22.915226670190187,55.40353254567079,16.086799253163218,22.667452650757575,55.652405471291914,13.893324372019206,13.576785984881447,0.3165383871377596,True,False,False
9ig2_chainB,1527,21,0.009418183006346226,Cryptic,0.7413843870162964,1.0,289.6666564941406,1,3,6,3,0.6422424995008261,20.59799291029955,7.4880400002607965,40.11224359801161,20.632185723436923,7.244914087167502,40.07155257842281,27.806460891897228,27.91659151019664,-0.11013061829941151,False,False,False
9ig2_chainB,1527,21,0.009418183006346226,Cryptic,0.7413843870162964,1.0,289.6666564941406,2,4,8,4,0.6930385196587653,20.972371827341505,2.9355987722886256,40.45054134696854,20.93791611888438,3.12546604273178,40.325387442387814,29.109240150349542,29.131190208604135,-0.02195005825459262,False,False,False
9ig2_chainB,4009,22,0.04788060858845711,ActiveSite,0.7847995162010193,0.6558361053466797,522.0,1,4,7,3,0.5518945995371592,21.184793249763622,11.49882501230823,75.35347717212309,21.202906813997277,11.76551033516039,75.27663319926079,14.1784687400562,14.083837402367271,0.09463133768892895,True,False,False
9ig2_chainB,4528,23,0.015344182960689068,Cryptic,0.7413843870162964,1.0,289.6666564941406,1,5,8,3,0.6205058942192377,21.326596270418356,2.4022873602203623,42.21037505037757,21.32878831366902,2.2411828925666653,42.198435196551195,27.96256545833407,28.04308178076696,-0.0805163224328922,False,False,False
9ig2_chainB,4528,23,0.015344182960689068,Cryptic,0.7413843870162964,1.0,289.6666564941406,2,4,8,4,0.6119322972420236,21.131847194421287,5.096089244743512,41.386058878117574,21.290810864610272,4.876405750380544,41.77706549503089,27.55686629891731,27.349143962906773,0.20772233601053713,True,False,False
9ig2_chainB,3539,25,0.042282748967409134,Cryptic,0.762758195400238,0.8174511790275574,783.0,1,5,7,2,0.5605974779594576,11.030180355948026,22.710872978150526,66.957828685432,10.975759532805126,22.674349875114036,66.56283412864458,8.400651620008883,8.305481678550553,0.09516994145833024,True,False,False
9ig2_chainB,1532,26,0.01622464507818222,Cryptic,0.7847995162010193,0.9540567994117737,174.0,1,5,10,5,0.5854304507969046,20.57613707267892,8.794427358445866,70.21623669628845,20.34263607318476,9.540483148425352,70.33970134883552,11.725469724883348,11.251357697939435,0.47411202694391363,True,False,False
9ig2_chainB,1532,26,0.01622464507818222,Cryptic,0.7847995162010193,0.9540567994117737,174.0,2,5,9,4,0.5115477700212898,19.99978621140046,9.747710788528403,65.62477154635035,20.16752435246253,9.319082830181323,65.69964194217218,9.730823322457322,10.091057492536043,-0.36023417007872105,False,False,False
9ig2_chainB,1533,27,0.016491899266839027,Cryptic,0.7847995162010193,0.6804891228675842,174.0,1,4,7,3,0.5518945995371592,21.203017390337543,11.526651844694365,75.38540803566447,21.398109901478342,12.12612783575051,75.1917680049297,14.207485087064459,14.09642487689244,0.11106021017201861,True,False,False
9ig2_chainB,4534,28,0.013973666355013847,Allosteric,0.7847995162010193,0.9247615337371826,174.0,1,4,7,3,0.6923208051126337,21.081026591094616,9.268536075151035,72.57289928499827,21.295018018169237,9.875495128825802,72.54402636224037,13.031739785269412,12.947273865194617,0.08446592007479481,True,False,False
9ig2_chainB,4010,29,0.0506487675011158,ActiveSite,0.7413843870162964,0.8943548798561096,869.0,1,5,8,3,0.5578402184976918,22.11959711985026,4.051762711160476,40.58146298071927,22.06713193493916,4.29545882953214,40.478462338858265,28.97266432477513,28.955491793037936,0.01717253173719513,True,False,False
9ig2_chainB,4010,29,0.0506487675011158,ActiveSite,0.7413843870162964,0.8943548798561096,869.0,2,4,8,4,0.6119322972420236,21.13401000320067,5.104296893971475,41.38453415504314,21.296303410508283,4.878229646254042,41.78481962776198,27.556166283505693,27.34376499912561,0.212401284380082,True,False,False
9ig2_chainB,3540,30,0.06818269938230515,Cryptic,0.7847995162010193,0.9767225384712219,522.0,1,3,8,5,0.5350049338657099,19.932576401087818,8.597726737151195,68.2263970989943,20.651186733840795,8.927429816926123,67.62228765814196,10.650413721095092,10.923691543161402,-0.27327782206631035,False,False,False
9ig2_chainB,1526,31,0.008475732058286667,Cryptic,0.7413843870162964,1.0,289.6666564941406,1,4,8,4,0.6930385196587653,20.972130998175714,2.935696604253553,40.450223754126895,20.93735797597685,3.1274382203369,40.32385948904492,29.10939562164302,29.1315592539355,-0.022163632292478752,False,False,False
9ig2_chainB,1526,31,0.008475732058286667,Cryptic,0.7413843870162964,1.0,289.6666564941406,2,4,8,4,0.6119322972420236,21.15181422543008,5.157227973208679,41.35057334240693,21.26676124075682,4.98818230537524,41.64308810446115,27.57414645849487,27.41776281540095,0.15638364309392117,True,False,False
9ig2_chainB,3538,33,0.037578318268060684,Cryptic,0.7413843870162964,1.0,869.0,1,4,8,4,0.6930385196587653,20.971731047751778,2.9372372605278416,40.45160621759034,20.936946585643515,3.1292120964180024,40.324833738761725,29.107468439459325,29.12989570412766,-0.02242726466833389,False,False,False
9ig2_chainB,3538,33,0.037578318268060684,Cryptic,0.7413843870162964,1.0,869.0,2,4,8,4,0.6119322972420236,21.151251261279217,5.156518822079296,41.349070764722285,21.26645537028988,4.987271487993443,41.64225338640134,27.575501257416608,27.418692969074232,0.1568082883423756,True,False,False
9ig2_chainB,4521,36,0.020633261650800705,Cryptic,0.7228531837463379,0.8582187294960022,215.0,1,3,7,4,0.6628634691815993,32.07553246234446,6.935528203256621,46.17862057365654,31.866989909945417,7.385103976022164,46.07707571042444,29.181053953372825,28.98877523609191,0.19227871728091372,True,False,False
9ig2_chainB,4007,41,0.011682379990816116,Allosteric,0.7401458024978638,0.8989976048469543,164.0,1,3,5,2,0.60149156419209,-0.641786386404482,11.750902173869166,83.5846533469232,-0.6613410708085224,11.52938468562299,83.53184524248536,21.99189498819619,21.987599462359206,0.004295525836983671,True,False,False
9ig2_chainB,4519,42,0.00705250957980752,Cryptic,0.6794591546058655,0.8894567489624023,184.0,1,5,8,3,0.5470956251315475,27.577066307567584,31.774498373987388,47.799378351525355,27.763094716626274,31.704020925079057,47.74011933104592,29.493508804552082,29.589635528888547,-0.09612672433646452,False,False,False
9ig2_chainB,4525,44,0.0,Cryptic,0.4487433433532715,1.0,93.0,1,3,3,0,0.6991819109632826,27.26408783378789,35.80573540574135,49.2385635516333,27.26408783378789,35.80573540574135,49.2385635516333,31.097031509751908,31.097031509751908,0.0,False,False,False
9nmx_chainA,2,1,0.00854431465268135,Cryptic,0.7249395847320557,0.5625490546226501,247.0,1,5,6,1,0.48263232485645025,-46.429568694955606,-5.902676029237092,-4.26396086605977,-46.51879462520049,-5.860483752112361,-4.092322836802421,17.409038280381917,17.546588901762643,-0.1375506213807256,False,False,False
9nmx_chainA,1,2,0.0,Unknown,0.502488911151886,0.651981770992279,94.0,1,4,5,1,0.5012662555471343,-64.84175889706339,15.803737975762626,-37.90686161841811,-64.53779540029151,15.424289555832846,-38.002785236517845,29.65916499747655,29.348515550968365,0.3106494465081866,True,False,False
9nmx_chainA,514,3,0.005190268624573946,Cryptic,0.6710993647575378,0.5986229777336121,119.0,1,3,7,4,0.6504837282399326,-46.05237799279662,2.4090302562886694,10.246677542411764,-46.41243405436234,2.2501452228857564,10.402617221167006,30.049886655653644,30.207900332185577,-0.1580136765319331,False,False,False
9nmx_chainA,7,4,0.0,Unknown,0.5165235996246338,0.6583465933799744,56.0,1,12,13,1,0.3923770548669269,-36.95192488785922,5.628407273741689,-4.524116328144334,-37.00999663855943,5.5477185329439225,-4.560771360254738,18.075345281264685,17.99934268874596,0.07600259251872643,True,False,False
9nmx_chainA,4,5,0.0,Unknown,0.5196069478988647,0.7249687314033508,63.0,1,3,6,3,0.6689419227590943,-50.82173363649695,14.006752163145832,-33.3521039677374,-50.81268810587903,14.175110086777858,-33.47656041536148,18.8094110390109,19.00491008526751,-0.19549904625661085,False,False,False
9nmx_chainA,0,7,0.0,Cryptic,0.4613068699836731,1.0,67.0,1,5,7,2,0.47302299652744934,-63.942526802375355,15.387815461521337,-37.772499080227384,-63.75115802702978,14.868641934961893,-37.890993879538826,28.812607775866436,28.528333933075977,0.28427384279045853,True,False,False
9nmx_chainA,8,8,0.0020038015209138393,Unknown,0.5119292140007019,0.7577957510948181,92.0,1,4,5,1,0.6006626828774735,-45.17651078306101,-8.990264507640482,-6.071978199673715,-45.071842316834854,-9.186594692848876,-6.165345940792743,17.558580289955465,17.613535011136253,-0.05495472118078837,False,False,False
9nmx_chainA,3,9,0.0037704564165323973,Unknown,0.5168166756629944,0.9592686295509338,138.0,1,3,6,3,0.6802842567404692,-47.36570249662365,-5.373226355986396,5.103248164504634,-46.88525491113101,-5.080661954337139,5.493043391846326,25.994994570798205,26.26632973074253,-0.271335159944325,False,False,False
9nmx_chainA,13,10,0.0,Unknown,0.5191877484321594,0.6626598238945007,54.0,1,4,9,5,0.5129952416345257,-29.080544477692566,4.89023738027093,-19.016464696745818,-29.233324957944788,4.711006339785419,-18.622701307788375,17.077919154410115,16.920073361168644,0.15784579324147074,True,False,False
9nmx_chainA,13,10,0.0,Unknown,0.5191877484321594,0.6626598238945007,54.0,2,3,6,3,0.5708031008315035,-32.77895490103075,1.2948749584143384,-16.027987895805236,-32.68396213183105,1.4622349138434043,-15.823423343743618,13.650623951619824,13.792618157028153,-0.14199420540832897,False,False,False
9nmx_chainA,10,12,0.03287430852651596,ActiveSite,0.8242324590682983,0.4762657880783081,533.0,1,3,5,2,0.7821783433469187,-37.81258455074624,-3.2443500356258475,-13.23473918618867,-37.819190311649216,-3.30242267318684,-13.192866771234318,11.621019763609649,11.666104633791804,-0.0450848701821549,False,False,False
9nmx_chainA,4005,14,0.11477607488632202,ActiveSite,0.6263172626495361,0.49929341673851013,1831.0,1,6,10,4,0.5073529340369903,-37.72584517730841,-1.8911775135176898,-14.60535674878709,-37.632785411482175,-1.9173011546877488,-14.827498210430866,10.399637077240513,10.374091941775337,0.025545135465176116,True,False,False
9nmx_chainA,4005,14,0.11477607488632202,ActiveSite,0.6263172626495361,0.49929341673851013,1831.0,2,7,13,6,0.4740320358948656,-36.86500167846426,-3.3093849081677216,-17.7141607128862,-36.924343125587946,-3.3419472964814743,-17.63321305572733,10.638386273037339,10.620510855126,0.017875417911339397,True,False,False
9nmx_chainA,4521,15,0.02767237462103367,ActiveSite,0.6263172626495361,0.7001466155052185,610.3333129882812,1,9,12,3,0.47314331798552917,-36.584490078718744,-2.2096902636676945,-22.29606254146219,-36.57364668422378,-2.1379786365178672,-22.049145642345433,10.482150983299015,10.407483132519369,0.07466785077964566,True,False,False
9nmx_chainA,4520,16,0.021017203107476234,ActiveSite,0.6263172626495361,0.7498255372047424,610.3333129882812,1,3,7,4,0.7530706708428191,-34.791503905775045,-0.5819483594828779,-14.17103926143768,-35.1063064629749,-0.650042470520404,-14.30348806468235,12.68963339305418,12.370004697994021,0.31962869506015856,True,False,False
9nmx_chainA,4520,16,0.021017203107476234,ActiveSite,0.6263172626495361,0.7498255372047424,610.3333129882812,2,8,13,5,0.4844083488230747,-37.07751389916658,-2.551777012291945,-16.513034621518226,-37.07586256171224,-2.595646636256098,-16.37624465428052,10.414673223176978,10.478923064715584,-0.06424984153860613,False,False,False
9nmx_chainA,3522,17,0.1428401917219162,Cryptic,0.6263172626495361,0.5536805987358093,1831.0,1,5,8,3,0.590015669628447,-38.081424799702475,-3.189740501206238,-15.985135089541576,-37.89116981614974,-3.0222186241959985,-16.240841903690583,10.08337768693138,10.055095934633318,0.028281752298061846,True,False,False
9nmx_chainA,4519,18,0.030680831521749496,ActiveSite,0.6263172626495361,0.6236065030097961,610.3333129882812,1,5,8,3,0.5900156696284469,-38.08081109831901,-3.193267110458191,-15.977600564905877,-37.89288534764483,-3.027300864487669,-16.23116453780488,10.088497001410152,10.059667874344697,0.02882912706545504,True,False,False
9nmx_chainA,4514,24,0.003304682206362486,Cryptic,0.6710993647575378,0.6817136406898499,119.0,1,3,7,4,0.6504837282399326,-46.01885922790975,2.3648307891521676,10.223707481015959,-46.36177172806781,2.2227030619398933,10.373390045886705,30.026084718700563,30.177558908716897,-0.15147419001633367,False,False,False
9nmx_chainA,4014,27,0.006422535050660372,Cryptic,0.8193560838699341,0.6488892436027527,200.0,1,3,7,4,0.6597492659630776,-26.340320392290238,4.183624119206016,-16.072905330601387,-26.599158445214147,4.078518807943943,-16.458093632805102,20.021055952944327,19.687798370534214,0.3332575824101127,True,False,False
9nmx_chainD,505,2,0.0,Cryptic,0.7031404376029968,1.0,239.0,1,3,4,1,0.5733192580152872,11.617310011334053,-27.68322089784966,37.34355967597127,11.376422057300458,-27.707302959139977,37.54400814545433,48.51080863150867,48.6244527635861,-0.1136441320774324,False,False,False
9nmx_chainD,2,3,0.00810576044023037,Cryptic,0.8016400933265686,0.5940975546836853,239.0,1,6,6,0,0.46530062316169063,11.74270077767925,-27.59793442223757,36.813440135700255,11.74270077767925,-27.59793442223757,36.813440135700255,48.07802598078792,48.07802598078792,0.0,False,False,False
9nmx_chainD,3,4,0.0,Unknown,0.628083348274231,0.6514904499053955,98.0,1,4,5,1,0.4656984108251381,6.8273945740265125,-10.011673350165195,20.61303699256631,6.9009852117585035,-10.020926363864842,20.43629117645315,24.551136694766893,24.422858378630142,0.12827831613675045,True,False,False
9nmx_chainD,504,5,0.014118495397269726,Cryptic,0.835198700428009,0.5369736552238464,239.0,1,6,6,0,0.515462085793456,11.961428939658902,-27.188006245487397,35.334725406973305,11.961428939658902,-27.188006245487397,35.334725406973305,46.74953171201108,46.74953171201108,0.0,False,False,False
9nmx_chainD,1507,8,0.015406513586640358,Cryptic,0.5526803135871887,0.640897810459137,355.0,1,3,5,2,0.4562107437934524,5.515794305290109,-10.560036338141892,22.095803484399305,5.787739108532794,-10.29673613375658,22.140368807101,25.749649084735946,25.742079494819986,0.007569589915959796,True,False,False
9nmx_chainD,1506,9,0.0181934405118227,Cryptic,0.5526803135871887,0.6812899708747864,355.0,1,3,5,2,0.4562107437934524,5.514398278314542,-10.561686146868654,22.108371445536584,5.787785890163624,-10.296791506352294,22.151965785591372,25.761139785096347,25.75238889447601,0.008750890620337515,True,False,False
9nmx_chainD,4004,12,0.0,Unknown,0.47390255331993103,0.573103129863739,105.0,1,3,4,1,0.6402922812721284,16.25166648186111,-22.732850397692353,27.161243257521207,16.37150707383562,-22.62543003579635,27.147590011978007,39.525957104679854,39.504162879621894,0.021794225057959693,True,False,False
9nmx_chainD,4004,12,0.0,Unknown,0.47390255331993103,0.573103129863739,105.0,2,3,5,2,0.422415962072487,17.865326914478466,-21.792338283034738,26.51142163133429,17.894580027524444,-21.740512276905584,26.427721262105415,39.24061545304803,39.1671823244279,0.07343312862013107,True,False,False
9nmy_chainD,3,1,0.0010663446737453341,Unknown,0.5289034247398376,0.6836830973625183,104.0,1,3,5,2,0.7452929923383885,19.049933120205598,-14.385294866924166,21.904541818438954,18.995159064202685,-14.151593270891347,21.879402431221294,32.53709341498092,32.38239119968452,0.15470221529640327,True,False,False
9nmy_chainD,2,2,0.0011885147541761398,Unknown,0.5514755249023438,0.5563917756080627,87.0,1,3,4,1,0.4850943118542331,12.535131197070937,-27.734965106234046,35.802966164532904,12.412279069461075,-27.897824757431103,35.80466294505676,47.20614237422971,47.27247998908576,-0.06633761485605305,False,False,False
9nmy_chainD,4001,9,0.0,Unknown,0.5833418369293213,0.5215360522270203,61.0,1,3,7,4,0.38059767825366314,-18.507213291003573,-5.151766675526828,1.53817758058768,-18.28973695061291,-5.155135888217902,1.899107046080146,19.439123828090707,19.2642600394889,0.17486378860180807,True,False,False
9nr0_chainA,2,1,0.060135941952466965,ActiveSite,0.6071255803108215,0.5984696745872498,1212.0,1,8,12,4,0.48872055142301774,-36.064822062289565,19.004615918636485,-1.090862370554092,-36.35495136599289,19.241014671551877,-1.2343974388692447,17.188379392549297,17.27430972654305,-0.08593033399375116,False,False,False
9nr0_chainA,3,5,0.0,Unknown,0.5581868290901184,0.6087486147880554,73.0,1,3,5,2,0.6633788022560156,-40.56580042142504,-7.117776997190691,15.614933848358296,-40.50702316349873,-6.994733645954883,15.672250801949378,20.22021527505349,20.11471136302283,0.10550391203065956,True,False,False
9nr0_chainA,3,5,0.0,Unknown,0.5581868290901184,0.6087486147880554,73.0,2,3,6,3,0.6596686290291661,-43.92348509698465,-2.1847614884101714,9.455680580100758,-43.881195493067096,-1.961097194152018,9.301538366980855,15.399166201174767,15.219101413953522,0.18006478722124442,True,False,False
9nr0_chainA,4,6,0.0,Unknown,0.494550883769989,0.8436943888664246,65.0,1,3,5,2,0.7552259226973127,-37.40778174821728,12.32610914994096,25.144949708025553,-37.082697368085114,11.686403375062282,25.265815530337623,13.402740553830693,13.692731570178434,-0.2899910163477415,False,False,False
9nr0_chainA,506,7,0.12111455202102661,Cryptic,0.6936384439468384,0.5329245328903198,1212.0,1,10,12,2,0.4642506493931413,-37.0067259844004,18.791284507309932,0.1264027299370799,-37.097969475122696,18.945035341836626,0.0465639392111578,15.707774293020318,15.79703669087361,-0.08926239785329138,False,False,False
9nr0_chainA,1,8,0.039809294044971466,ActiveSite,0.8271401524543762,0.5526964068412781,575.0,1,5,8,3,0.6906316041419931,-36.33905031026948,9.089898209980433,25.51027906503996,-35.948803318097085,8.858808411396671,25.562835023516943,14.685870779543746,14.978968127385517,-0.2930973478417709,False,False,False
9nr0_chainA,1512,9,0.03532703220844269,Cryptic,0.6936384439468384,0.5596508383750916,404.0,1,4,6,2,0.514183449303871,-39.497104934877825,12.238313242155886,-0.5868179972121211,-39.54079550102871,12.367336876143302,-0.8850448509724236,14.286702836386691,14.558171244225337,-0.2714684078386451,False,False,False
9nr0_chainA,4512,10,0.03037882409989834,ActiveSite,0.6936384439468384,0.5599032044410706,404.0,1,4,9,5,0.5044667744030973,-37.28928592207883,15.8357702393174,0.6865605752799696,-37.58965479430233,16.079536305425695,0.6899793334908949,14.212032186173507,14.138281934975717,0.0737502511977901,True,False,False
9nr0_chainA,1510,11,0.014888402074575424,Cryptic,0.6936384439468384,0.5894176959991455,404.0,1,5,12,7,0.5605730276795853,-36.24227409826802,19.25073199455048,2.4868584182118583,-36.57349242864689,19.414842689111158,2.3349591786399455,14.383764701788424,14.411736738863222,-0.02797203707479845,False,False,False
9nr0_chainA,1509,18,0.005893487483263016,Cryptic,0.8271401524543762,0.6848759055137634,191.6666717529297,1,4,5,1,0.7587319953308337,-37.25037487054072,10.942007221971286,25.405966468990467,-37.03564514868232,10.89603874481291,25.432243983646003,13.819055497573407,13.944795369445758,-0.12573987187235147,False,False,False
9nr0_chainA,4507,19,0.0053767915815114975,Allosteric,0.8271401524543762,0.59223872423172,191.6666717529297,1,6,10,4,0.6446622557210033,-33.941381472271985,4.515371931399277,25.74528484135197,-33.75748719076819,4.529051926196783,25.84360382895691,17.762049409241545,17.92360072844986,-0.16155131920831423,False,False,False
9nr0_chainA,4000,20,0.014419332146644592,Cryptic,0.7431386113166809,0.5860713124275208,210.0,1,7,10,3,0.46499171777939263,-49.62929648101783,10.514433035095113,13.347704906812298,-49.887898834309155,10.124833415785087,13.361441131308865,6.643212918807887,7.023869835476261,-0.3806569166683742,False,False,False
9nr0_chainA,1508,21,0.0,Cryptic,0.8271401524543762,1.0,191.6666717529297,1,5,8,3,0.6906316041419931,-36.390214137468575,9.061092604935027,25.553384886906834,-35.938387620441205,8.800581913583205,25.608181487343266,14.704974043926327,15.036917663096727,-0.3319436191703993,False,False,False
9nr0_chainA,3517,22,0.01853286102414131,Cryptic,0.7431386113166809,0.6334259510040283,210.0,1,7,11,4,0.48989572337949383,-47.80638450398529,13.043634882353889,7.135924397807836,-47.88460041960502,12.830509616834677,7.159316107065631,7.476608621742174,7.49930314575116,-0.022694524008985972,False,False,False
9nr0_chainA,4006,23,0.011478547006845474,Cryptic,0.6526011824607849,0.6199528574943542,219.0,1,9,10,1,0.4249202085631876,-24.364692561740846,-2.8942413403942724,21.525630066017687,-24.334301491316864,-3.0160892204128675,21.371130421131426,26.009118612735968,26.055629612967103,-0.04651100023113486,False,False,False
9nr0_chainB,7,1,0.0077375490218400955,Allosteric,0.5670418739318848,0.5857018828392029,175.0,1,5,6,1,0.6196827922762574,-21.145082634385542,45.2255893659317,20.522086724643486,-21.43320703933594,45.4569864902276,20.502962546624122,10.785463742763609,10.996190040172266,-0.210726297408657,False,False,False
9nr0_chainB,508,2,0.0,Cryptic,0.6255750060081482,0.5200850367546082,66.0,1,14,16,2,0.45071791512695303,-34.04042648887309,57.798870018119445,12.92891934421693,-34.06923956732818,57.9324217634472,12.800857294927159,24.480395114971294,24.587201256548877,-0.10680614157758228,False,False,False
9nr0_chainB,6,3,0.0,Unknown,0.47936272621154785,0.5700610280036926,58.0,1,7,12,5,0.4813744844817158,-18.263262200592333,32.90602239922222,-2.577575895144154,-18.133921511168207,32.63311918278724,-2.2715530174936327,16.817020810739226,16.676279433134027,0.1407413776051989,True,False,False
9nr0_chainB,5,4,0.0033299459610134363,Unknown,0.5008711218833923,0.6020925641059875,94.0,1,4,7,3,0.4951002674018708,-25.5278332034162,47.0301384128635,19.735320120688204,-25.80365578733746,47.39536005165582,20.18282632512697,13.592238136054974,14.200387171181227,-0.6081490351262531,False,False,False
9nr0_chainB,1,5,0.0,Unknown,0.5312714576721191,0.5727500915527344,63.0,1,5,5,0,0.6388039830993939,-32.18013746413038,62.21225436028788,8.358028532152785,-32.18013746413038,62.21225436028788,8.358028532152785,26.710478825558425,26.710478825558425,0.0,False,False,False
9nr0_chainB,3,6,0.0,Unknown,0.5206393599510193,0.6138181090354919,61.0,1,4,8,4,0.4610580696845652,-25.140792274426367,20.97540912263352,2.3092328676243157,-25.12466559231078,21.091724379490884,2.0237210245162913,24.135974171772983,24.147853766823157,-0.011879595050174885,False,False,False
9nr0_chainB,3,6,0.0,Unknown,0.5206393599510193,0.6138181090354919,61.0,2,4,6,2,0.6134002060556853,-23.68498700232254,27.498454549218057,5.325767494886969,-23.592924621636318,27.273601492028657,4.930324088539637,16.981969308605652,17.27876429475526,-0.29679498614960664,False,False,False
9nr0_chainB,2,7,0.13691280782222748,ActiveSite,0.6067577600479126,0.5202417969703674,1097.0,1,3,5,2,0.6540207540725608,-15.046988843584021,40.95162279929093,-2.791209766083079,-15.034384551701107,41.08054428223085,-2.686903971459752,14.72379551878269,14.619122884452505,0.10467263433018559,True,False,False
9nr0_chainB,4,8,0.009486878290772438,ActiveSite,0.7298888564109802,0.507169783115387,480.0,1,5,8,3,0.5199098937456003,-11.446623302563788,57.06635185556137,8.086136360772079,-11.421603348207404,56.86464604015375,8.333976857155452,16.971775405659514,16.73571669518717,0.23605871047234572,True,False,False
9nr0_chainB,3511,9,0.05853477865457535,Cryptic,0.6067577600479126,0.615142822265625,1097.0,1,3,7,4,0.718789189716661,-21.74731394631917,31.452695929077585,-4.077197072749683,-21.21489384643092,30.922001928323688,-3.907357374573745,19.54419354542501,19.530771289192288,0.013422256232722418,True,False,False
9nr0_chainB,4002,10,0.08059949427843094,ActiveSite,0.6067577600479126,0.504737377166748,1097.0,1,4,5,1,0.648069947845459,-14.172242886114608,42.44207383864614,-2.148155599263396,-14.115709885857244,42.76732759001897,-1.9642565619806236,14.22694483718793,14.085957090748021,0.14098774643990808,True,False,False
9nr0_chainB,3510,13,0.015325712040066719,Cryptic,0.7298888564109802,0.5907593369483948,480.0,1,3,6,3,0.739757368336192,-26.956981988923832,55.71782081901482,21.73059679894881,-27.372387305078103,55.21691566701166,21.589069400613923,20.639456195848194,20.448124441025925,0.1913317548222686,True,False,False
9nr0_chainB,4008,14,0.0021677566692233086,Unknown,0.6270703077316284,0.5651964545249939,79.0,1,3,8,5,0.8102827021393386,-5.917535094640732,46.16151299074801,10.510131085148652,-6.636309545367942,46.45657486517447,10.596363163751105,11.401685628291936,10.894397244776881,0.5072883835150552,True,False,False
9nr0_chainB,4006,15,0.0,Unknown,0.47936272621154785,0.6495619416236877,58.0,1,8,12,4,0.48009382570926645,-19.312204750651095,31.325868623456376,-2.2873998950620096,-19.188081425795954,31.038073763158508,-2.2159630594521724,17.57406528276128,17.65791842332978,-0.08385314056850035,False,False,False
9nr0_chainB,4508,16,0.0,Cryptic,0.6255750060081482,0.560096800327301,66.0,1,8,12,4,0.49162165824516124,-34.76332331029193,59.68231522775924,11.720951548986868,-34.7417952230759,59.8331780446299,11.638579119831041,26.283805780414557,26.375595729186763,-0.09178994877220603,False,False,False
9nr0_chainB,4007,17,0.003548916894942522,Allosteric,0.5670418739318848,0.5765748620033264,175.0,1,3,5,2,0.6140675170065549,-19.025536381102825,42.936876493915086,19.81672798398032,-19.296913230192395,42.865382901539725,19.85696670628506,8.629279092064378,8.748073128675701,-0.11879403661132315,False,False,False
9nxe_chainA,4,1,0.1002068743109703,ActiveSite,0.6662980914115906,0.7564861178398132,1575.0,1,3,3,0,0.6042186591349519,18.21278411520592,17.539879817465614,-11.700497405544239,18.21278411520592,17.539879817465614,-11.700497405544239,24.08642309854947,24.08642309854947,0.0,False,False,False
9nxe_chainA,518,3,0.0766458585858345,Cryptic,0.6412981152534485,0.7969226837158203,1575.0,1,3,3,0,0.6042186591349519,18.190522854311936,17.51576246271678,-11.69638061061058,18.190522854311936,17.51576246271678,-11.69638061061058,24.077526138209876,24.077526138209876,0.0,False,False,False
9nxe_chainA,0,4,0.0,ActiveSite,0.667780876159668,0.9067985415458679,1533.0,1,3,6,3,0.7211580741366632,16.91121260773424,2.5118854315425994,-35.59556269746343,16.91490988834864,2.3304853487533888,-35.45867804423102,4.339917134906066,4.36807366566714,-0.028156530761074272,False,True,True
9nxe_chainA,14,5,0.01332537829875946,Cryptic,0.7880186438560486,0.9424121975898743,560.0,1,3,6,3,0.6692563719390503,35.09284438540246,-2.960087917566521,-18.28564783444378,35.3804915686121,-2.494636568831053,-17.675963809847584,23.845924653759717,24.264363201016135,-0.41843854725641805,False,False,False
9nxe_chainA,519,15,0.002027984941378236,Cryptic,0.5592681169509888,0.8995216488838196,145.0,1,4,7,3,0.4188524836621689,30.819538134339986,-9.722683501844944,-33.430024205510776,30.767072054521577,-9.585591513419837,-33.43243847951456,19.931760590584876,19.793832205306572,0.13792838527830398,True,False,False
9nxe_chainA,1524,20,0.011001242324709892,Cryptic,0.667780876159668,0.9927060604095459,511.0,1,4,6,2,0.7443793308020626,16.414192831490627,1.3300473045626824,-35.75284126933975,16.246889411285547,0.973885956216877,-35.740625032514515,5.408830786928438,5.719868760897265,-0.31103797396882715,False,False,False
9nxe_chainA,3531,23,0.05504396930336952,Cryptic,0.667780876159668,0.8093686103820801,1533.0,1,3,6,3,0.7211580741366632,16.92479162812158,2.5087024505131694,-35.59505516412637,16.927146398727256,2.3234628272734557,-35.45493860823027,4.3386989210880875,4.367828119625598,-0.02912919853751017,False,True,True
9nxe_chainA,4521,25,0.012427055276930332,ActiveSite,0.6662980914115906,0.9882294535636902,525.0,1,3,3,0,0.6042186591349519,18.139627068506396,17.438577035154626,-11.679538680438956,18.139627068506396,17.438577035154626,-11.679538680438956,24.052730146982015,24.052730146982015,0.0,False,False,False
9nxe_chainA,3530,26,0.08884473890066147,Cryptic,0.6662980914115906,0.7899745106697083,1575.0,1,3,3,0,0.6042186591349519,18.139797160248317,17.439563054769017,-11.679840331434876,18.139797160248317,17.439563054769017,-11.679840331434876,24.05296446585411,24.05296446585411,0.0,False,False,False
9nxe_chainA,1528,27,0.01568979024887085,Cryptic,0.6412981152534485,0.8344883918762207,525.0,1,3,3,0,0.6042186591349519,18.13599539934173,17.43626295451953,-11.679413158578473,18.13599539934173,17.43626295451953,-11.679413158578473,24.05164009061475,24.05164009061475,0.0,False,False,False
9nxe_chainA,3532,35,0.006890785414725542,Cryptic,0.7880186438560486,0.9715843200683594,560.0,1,3,5,2,0.711629100410797,36.09131624909038,-3.860534691525844,-20.44927684530566,35.994789555495046,-3.5146808576451845,-20.194360682892952,23.728766155285292,23.653100284848996,0.07566587043629625,True,False,False
9nxe_chainA,4526,36,0.004293251782655716,Allosteric,0.7880186438560486,0.9142693877220154,186.6666717529297,1,4,6,2,0.6524773994440072,34.7416087314221,-3.4732058057534623,-23.941489162166853,34.71197203071779,-3.7373814890360273,-24.168614285772502,20.896983812452486,20.895121416119657,0.0018623963328288085,True,False,False
9nxn_chainB,507,1,0.006962402258068323,Cryptic,0.7716158032417297,0.4743025600910187,354.0,1,4,9,5,0.5456128682489263,10.133019185594863,-38.925408372824236,36.609960510040366,10.345413248315367,-38.97267345650361,36.13747611292861,19.943961969420887,20.301522928833982,-0.35756095941309596,False,False,False
9nxn_chainB,507,1,0.006962402258068323,Cryptic,0.7716158032417297,0.4743025600910187,354.0,2,3,5,2,0.5970150219831715,8.006992384459029,-30.65978281715874,38.13956532208794,8.049701334109786,-31.16697654013047,37.7498627231244,17.620743208184262,17.951860612381513,-0.33111740419725066,False,False,False
9nxn_chainB,1,2,0.0,Unknown,0.4540725350379944,0.5373905301094055,58.0,1,4,6,2,0.5848639668119487,-6.492651451024115,-20.78342910431626,32.788319392426715,-6.53662005837045,-20.80093665324959,32.79829749575602,32.51495641640139,32.534407243644075,-0.019450827242685875,False,False,False
9nxn_chainB,2,4,0.09657642990350723,ActiveSite,0.5044828653335571,0.5252415537834167,1677.0,1,3,5,2,0.5757666184388212,6.719783191615437,-23.892928709309803,40.18942141826537,6.060063400986802,-23.42586237797976,40.15509272337194,17.886117545608695,18.456834293238273,-0.5707167476295787,False,False,False
9nxn_chainB,5,5,0.007554285228252411,Cryptic,0.7545499801635742,0.523149311542511,380.0,1,4,6,2,0.5774958386790444,20.634173006117532,-44.099144387437455,47.83773564729039,20.738666828039513,-44.2279851791231,47.69873193613228,15.24016755138478,15.435301215747089,-0.1951336643623094,False,False,False
9nxn_chainB,1509,9,0.01981194131076336,Cryptic,0.5044828653335571,0.5666950345039368,559.0,1,3,6,3,0.7065545094264665,15.56651637348926,-20.07307130978449,38.52575641408421,15.827320778736338,-20.165439460624384,38.71555234935807,18.39441189837105,18.174764650749097,0.2196472476219533,True,False,False
9nxn_chainB,1509,9,0.01981194131076336,Cryptic,0.5044828653335571,0.5666950345039368,559.0,2,3,4,1,0.5757666184388212,6.619788155721357,-23.873226808093907,40.15546503457374,6.1136131413275425,-23.860409025601406,40.334146909983176,17.97369860442821,18.130537653507485,-0.1568390490792737,False,False,False
9nxn_chainB,4002,10,0.07854431867599487,ActiveSite,0.5044828653335571,0.5089572668075562,1677.0,1,3,5,2,0.5757666184388212,6.615463588196616,-23.87160370241344,40.15370203496114,5.952026626189516,-23.394563820756314,40.123520649187626,17.977999700366265,18.55317860236037,-0.5751789019941036,False,False,False
9nxn_chainB,3512,11,0.09267430752515793,Cryptic,0.5044828653335571,0.5519829392433167,1677.0,1,3,5,2,0.5757666184388212,6.770217349555878,-23.911323766407307,40.20977801583436,6.109031073681421,-23.445700435614064,40.173020039602704,17.836431400300032,18.408412031674143,-0.5719806313741103,False,False,False
9nxn_chainB,1507,12,0.02562241442501545,Cryptic,0.5044828653335571,0.5315528512001038,559.0,1,3,5,2,0.5757666184388212,6.655547353083934,-23.87421089823747,40.16529328596735,5.995838484050765,-23.403360669232466,40.133832577047926,17.946355970580726,18.517403159314323,-0.5710471887335977,False,False,False
9nxn_chainB,4507,13,0.010544049553573132,Cryptic,0.7716158032417297,0.5283746123313904,354.0,1,3,3,0,0.5970150219831715,7.926939428401443,-30.641265716065178,38.16320348223296,7.926939428401443,-30.641265716065178,38.16320348223296,17.63873847154496,17.63873847154496,0.0,False,False,False
9nxn_chainB,4005,17,0.0036206513177603483,Cryptic,0.7545499801635742,0.5271989107131958,380.0,1,4,7,3,0.5202650098649184,22.016257281564766,-41.10301024343462,52.12104054580219,22.385101166853165,-41.15681170336538,52.68747778963777,11.9524884338709,12.119009090704827,-0.16652065683392614,False,False,False
9o9i_chainA,4,1,0.02992039918899536,Cryptic,0.66121506690979,0.5554456114768982,271.0,1,3,5,2,0.5560235742069711,-18.52028442965777,27.912360399686907,-13.669796439435396,-19.358006026135417,27.97561735157601,-14.078302053937193,26.314212654137986,25.456668331932253,0.8575443222057331,True,False,False
9o9i_chainA,4,1,0.02992039918899536,Cryptic,0.66121506690979,0.5554456114768982,271.0,2,7,9,2,0.44061694197684026,-27.175315697668367,25.065529006582782,-18.503620374292687,-27.24650071972055,25.16615093085778,-18.41118809450233,16.072258189665494,16.105308693217165,-0.03305050355167083,False,False,False
9o9i_chainA,507,2,0.0,Cryptic,0.5352538824081421,0.4698486328125,68.0,1,4,9,5,0.6596037832125538,-18.014466766540366,8.142004981167087,-17.07367264980412,-18.488990554095036,7.682379133431652,-16.761184879333598,26.581663133939713,26.54554195638307,0.03612117755664457,True,False,False
9o9i_chainA,508,4,0.00525282695889473,Cryptic,0.6798333525657654,0.5117351412773132,77.0,1,4,10,6,0.4979346744732534,-31.233294035020005,1.0975293940965616,-19.069519991172594,-30.874071431526588,1.00036801884896,-19.034954851301052,22.330440241037547,22.556574894335128,-0.22613465329758142,False,False,False
9o9i_chainA,1,5,0.11681929230690002,ActiveSite,0.828298032283783,0.5046496391296387,656.0,1,4,4,0,0.6095860956146658,-35.11376846852159,19.46029901446893,-12.843359682114922,-35.11376846852159,19.46029901446893,-12.843359682114922,15.595069145135263,15.595069145135263,0.0,False,False,False
9o9i_chainA,1,5,0.11681929230690002,ActiveSite,0.828298032283783,0.5046496391296387,656.0,2,3,8,5,0.7014278693613093,-43.942640403382114,17.92001641992482,-17.955724786344305,-43.52142058839327,17.784419453199153,-17.878046694013225,11.194294127042088,11.118932122623642,0.0753620044184462,True,False,False
9o9i_chainA,7,6,0.022014524787664413,Cryptic,0.7519932985305786,0.5062684416770935,238.0,1,5,7,2,0.5032560361607467,-22.442740902018333,10.11206324398377,-13.768435725184636,-22.322769504247184,9.988856408935554,-13.68024648739201,24.04231849580434,24.228480758287166,-0.1861622624828243,False,False,False
9o9i_chainA,1510,7,0.02039995975792408,Cryptic,0.828298032283783,0.6292945742607117,218.6666717529297,1,4,4,0,0.6095860956146658,-35.09055549426341,19.508575660898824,-12.827699897824646,-35.09055549426341,19.508575660898824,-12.827699897824646,15.614668229111503,15.614668229111503,0.0,False,False,False
9o9i_chainA,4001,9,0.12840285897254944,Cryptic,0.828298032283783,0.5711053609848022,656.0,1,4,4,0,0.6095860956146658,-35.10170716100997,19.501380923233835,-12.818296291745227,-35.10170716100997,19.501380923233835,-12.818296291745227,15.62103054693984,15.62103054693984,0.0,False,False,False
9o9i_chainA,4000,11,0.023745153099298477,Allosteric,0.6083232760429382,0.5607159733772278,194.0,1,7,9,2,0.47292962088431734,-42.20341263937548,14.933091033512937,-17.121060782823402,-42.17436748312277,15.13558207315379,-16.94774835931371,12.267591602236045,12.331598836570851,-0.06400723433480593,False,False,False
9o9i_chainA,3512,12,0.0,Cryptic,0.66121506690979,0.6207398176193237,271.0,1,4,7,3,0.616505536447329,-26.76549921351156,29.998532338604186,-20.160761133663513,-26.787830522186663,29.97587226423181,-20.04494599726981,17.72818012047551,17.75056924002699,-0.022389119551480263,False,False,False
9o9i_chainA,4005,13,0.0,Unknown,0.512814998626709,0.5327818393707275,57.0,1,3,6,3,0.6393015556386253,-29.244638451163244,16.304825029867196,-22.732832775070506,-28.947883479369814,17.106254483924474,-22.5426967880503,11.807569590686592,11.921721319413104,-0.11415172872651169,False,False,False
9o9i_chainA,4005,13,0.0,Unknown,0.512814998626709,0.5327818393707275,57.0,2,4,10,6,0.6090997644422793,-27.720899823002735,24.456805594988868,-20.454708959242648,-27.80021897642357,23.56653336073328,-20.167097910060544,14.384198206081512,14.223481408687173,0.16071679739433975,True,False,False
9o9i_chainA,4005,13,0.0,Unknown,0.512814998626709,0.5327818393707275,57.0,3,3,5,2,0.7101857632104007,-32.497040497451025,23.744549745364743,-24.9547508188155,-31.98203632807537,23.633840783027814,-24.806915292883975,8.220408182602599,8.649953185597278,-0.42954500299467924,False,False,False
9o9i_chainA,4507,14,0.0030009879264980555,Cryptic,0.5352538824081421,0.5034430623054504,68.0,1,3,4,1,0.706975332843737,-25.910682165509357,13.36009610127861,-20.701657736224735,-25.977711690008096,13.500518154841052,-20.655706426706377,16.506095081637607,16.416132336246505,0.0899627453911016,True,False,False
9ohy_chainB,5,2,0.054411835968494415,Allosteric,0.583448052406311,0.5461754202842712,157.0,1,3,5,2,0.6103656378858316,23.20654000256287,-28.07369886389588,-13.171362370043065,23.280066976180013,-28.463093882159082,-13.42342694801984,15.105609273461692,15.318437744511522,-0.21282847104983027,False,False,False
9ohy_chainB,1,3,0.0,Unknown,0.5884119868278503,0.4599206745624542,62.0,1,3,4,1,0.49783044525598374,12.75515455076597,-18.879325706050743,-3.6894459304711344,13.119720321869437,-19.09464316583119,-3.8049665789591436,18.3567237493744,18.172698967513604,0.18402478186079563,True,False,False
9ohy_chainB,4000,4,0.0,Unknown,0.5700869560241699,0.508777916431427,88.0,1,4,5,1,0.5209966617587282,10.754873396065568,-15.023789706565916,0.2170949387813034,10.441261291144283,-15.02380729293688,0.21524118475047854,22.48931301038067,22.59791270735408,-0.10859969697341043,False,False,False
9ohy_chainB,4002,5,0.024250710383057594,Unknown,0.49733465909957886,0.5424827337265015,85.0,1,5,8,3,0.6765282914434915,20.773870437735386,-29.738442336406493,-15.364901942334615,20.85419313703613,-29.753785628054167,-15.37841863263732,15.018343314168009,15.03970264017639,-0.02135932600838153,False,False,False
9ohy_chainB,4001,8,0.0,Unknown,0.5884119868278503,0.48587027192115784,62.0,1,4,5,1,0.5688797685243474,13.068192681648847,-19.018639654728197,-4.56660817128228,13.36808433290562,-19.19821558063335,-4.6197093806511065,17.462133974355595,17.353631191296408,0.10850278305918692,True,False,False
9pi9_chainE,3516,7,0.08429719507694244,Cryptic,0.536380410194397,0.6506621241569519,3049.0,1,3,4,1,0.5272179390955887,-3.0504874074330157,28.37167103002575,-49.438432201291924,-3.0076858233319923,28.225103637073673,-49.17309443321231,38.68885656039795,38.60286682731163,0.08598973308632196,True,False,False
9pi9_chainE,4510,8,0.03833683952689171,ActiveSite,0.536380410194397,0.5898571610450745,1016.3333129882812,1,3,4,1,0.5272179390955887,-3.0437120550562087,28.36809392776616,-49.41394433747654,-3.001042259940078,28.220977041017946,-49.14853037275758,38.67341030304694,38.58793212872212,0.08547817432481963,True,False,False
9pi9_chainE,1511,9,0.013954643160104752,Cryptic,0.536380410194397,0.6919889450073242,1016.3333129882812,1,3,4,1,0.5272179390955887,-3.050077865467317,28.369420089964308,-49.42724937613534,-3.007076773440976,28.22221279282139,-49.161115700871996,38.68261472230985,38.59657495973116,0.08603976257869306,True,False,False
9pi9_chainE,3001,10,0.05701616406440735,ActiveSite,0.536380410194397,0.5815398693084717,3049.0,1,3,4,1,0.5272179390955887,-3.051482328602134,28.36985537089039,-49.43086526027696,-3.0081144628659016,28.22161704294404,-49.16272231985926,38.685018140239535,38.59825138584869,0.08676675439084391,True,False,False
9pi9_chainE,4512,11,0.0374365858733654,ActiveSite,0.536380410194397,0.841416597366333,1016.3333129882812,1,3,4,1,0.5272179390955887,-3.040691820287517,28.369318391235495,-49.416471041831194,-2.9981025043154967,28.221884459347308,-49.1504688678086,38.67387710227527,38.58821234979071,0.08566475248456129,True,False,False
9pi9_chainE,4511,12,0.016958346590399742,ActiveSite,0.536380410194397,0.8140676617622375,1016.3333129882812,1,3,4,1,0.5272179390955887,-3.0329846623156924,28.368987212448523,-49.40643960584056,-2.9907780182303596,28.221531570387167,-49.14088033055863,38.66605923118767,38.580830200708085,0.08522903047958152,True,False,False
9pi9_chainE,1512,13,0.02880633808672428,Cryptic,0.536380410194397,1.0,1016.3333129882812,1,3,4,1,0.5272179390955887,-3.051359889750403,28.368822916759186,-49.42580768861136,-3.0084042723516644,28.222024953619073,-49.16043246163737,38.682214676308796,38.59642323266374,0.08579144364505709,True,False,False
9qng_chainA,507,1,0.03477148339152336,Cryptic,0.5869463086128235,0.5272281765937805,1840.0,1,17,20,3,0.365891760225442,27.17208912039787,10.313606841447768,-3.197810762766447,27.16981859172194,10.329934155079012,-3.190803498425977,21.62128219115653,21.618680475340433,0.002601715816098249,True,False,False
9qng_chainA,2,2,0.034839000552892685,ActiveSite,0.5194580554962158,0.5121743083000183,1840.0,1,5,12,7,0.47759298655216825,27.957483494747514,10.438698474941324,-3.7373459489416128,27.937930033705552,10.666117732361643,-3.4837175780905048,20.743852717943064,20.789216776796525,-0.04536405885346184,False,False,False
9qng_chainA,2,2,0.034839000552892685,ActiveSite,0.5194580554962158,0.5121743083000183,1840.0,2,8,13,5,0.44892139495510075,26.451373462580012,10.641571016741452,0.8443182603551107,26.42325922764171,10.614040665850363,0.7643386185670141,24.474945195292836,24.449366713716504,0.025578481576332024,True,False,False
9qng_chainA,506,4,0.01152984518557787,Cryptic,0.8254595994949341,0.4847593307495117,297.0,1,4,8,4,0.4432949403433489,24.834871928365814,25.139765353564737,11.343229730020395,25.391571586804087,24.360540849529013,11.277602587730936,31.85896102386213,31.432068865487274,0.42689215837485506,True,False,False
9qng_chainA,1,5,0.0,Cryptic,0.5157526135444641,1.0,95.0,1,4,6,2,0.48628763296019656,10.468691511988963,31.84233999217038,6.68327553999503,10.449136186556412,31.74529484594987,6.772785532882995,39.44771720997761,39.48759865386443,-0.03988144388682002,False,False,False
9qng_chainA,505,6,0.1115419790148735,Cryptic,0.5866591930389404,0.4586273431777954,1840.0,1,4,11,7,0.5338705406007633,28.830070524724494,10.774204992106501,-2.8888244336684616,28.605142721079005,11.002438814960028,-2.7665651292278546,20.54935960653771,20.647972039715597,-0.09861243317788748,False,False,False
9qng_chainA,505,6,0.1115419790148735,Cryptic,0.5866591930389404,0.4586273431777954,1840.0,2,8,12,4,0.4563422063386157,26.571944503139893,10.534577049179727,3.347248437087321,26.66665276796725,10.439926675872297,3.3460425770944378,26.214094655048168,26.19929647553362,0.014798179514546206,True,False,False
9qng_chainA,4,7,0.03248501196503639,ActiveSite,0.6610003113746643,0.4712466895580292,1367.0,1,5,9,4,0.44150760807980377,28.437435209503427,5.998141520620412,10.35279126760013,28.325901035341737,5.87973391959207,10.421554275876284,32.708505378589386,32.86127904548274,-0.1527736668933528,False,False,False
9qng_chainA,4,7,0.03248501196503639,ActiveSite,0.6610003113746643,0.4712466895580292,1367.0,2,8,15,7,0.3861162911484259,29.330431884759776,6.066888054208365,11.396615683741711,28.723396756555356,5.859382533353173,11.015819681127713,33.190723535864834,33.196184150700624,-0.005460614835790523,False,False,False
9qng_chainA,4518,8,0.026388613507151604,ActiveSite,0.5194580554962158,0.7270820140838623,613.3333129882812,1,7,10,3,0.459103741275036,25.88358732729031,10.390727959739086,2.8560988012129584,25.890715120725137,10.309824415743803,2.8123502347062637,26.30857114625584,26.306569769427224,0.0020013768286162303,True,False,False
9qng_chainA,4508,9,0.012638222426176071,ActiveSite,0.6610003113746643,0.7086837887763977,455.6666564941406,1,10,13,3,0.48785229531150226,24.670008237904813,0.03721668475850183,15.684972419592716,24.782802556768964,0.15723129511589065,15.764989758230836,41.25235826650977,41.20763212960991,0.044726136899861046,True,False,False
9qng_chainA,4510,10,0.03282015770673752,ActiveSite,0.5866591930389404,0.5004001259803772,613.3333129882812,1,15,17,2,0.3873203157679921,26.375187732753837,9.123951661582119,0.5156598581022763,26.380890753905895,9.099727990990257,0.42560149306128636,24.98961061952109,24.939305510106035,0.05030510941505639,True,False,False
9qng_chainA,4507,11,0.09085509926080704,Cryptic,0.5869463086128235,0.5031033754348755,1840.0,1,5,12,7,0.48618567146129404,26.92706894512986,8.369907546899423,-0.7005663078008173,26.83412714670608,8.63717907896799,-0.5125063121553192,24.270521599987042,24.303647803305342,-0.033126203318300185,False,False,False
9qng_chainA,4507,11,0.09085509926080704,Cryptic,0.5869463086128235,0.5031033754348755,1840.0,2,9,12,3,0.4479906829519698,25.468556476621377,9.266657513057703,4.403272878965759,25.548066270334942,9.275586587337667,4.334926071627584,28.111775279402632,28.014874126897666,0.09690115250496589,True,False,False
9qng_chainA,4511,12,0.01917206309735775,ActiveSite,0.5866591930389404,0.6180766820907593,613.3333129882812,1,9,12,3,0.44799068295196987,25.479031759151535,9.225858083545704,4.40809251688172,25.55954834200574,9.237151365327488,4.33834421959373,28.126615023462964,28.02720712938323,0.09940789407973583,True,False,False
9qng_chainA,3521,13,0.06387368589639664,Cryptic,0.5869463086128235,0.5696819424629211,1840.0,1,8,12,4,0.44892139495510075,26.456698269421484,10.650246463982922,0.8365555409573449,26.488716298796376,10.555506003340613,0.7904324350028774,24.462790106939586,24.453055302159925,0.009734804779661488,True,False,False
9qng_chainA,3521,13,0.06387368589639664,Cryptic,0.5869463086128235,0.5696819424629211,1840.0,2,5,12,7,0.47759298655216825,27.935523252097074,10.417888318665552,-3.7376117817336016,27.892552986333232,10.374433551287881,-3.719353164418364,20.76828219392513,20.82839323781666,-0.06011104389152777,False,False,False
9qng_chainA,1507,14,0.017319053411483765,Cryptic,0.6610003113746643,0.5641791224479675,455.6666564941406,1,4,7,3,0.542775416480426,32.23905492776185,10.463042122254866,8.69202334378185,32.42255754514371,10.477414179570491,8.823787375842306,28.095234501617682,28.147670298880723,-0.052435797263040484,False,False,False
9qng_chainA,1507,14,0.017319053411483765,Cryptic,0.6610003113746643,0.5641791224479675,455.6666564941406,2,4,11,7,0.44367543672391235,29.33515270560562,5.143725089717039,12.427679988894564,29.31804657779784,4.9882124547481315,12.30630961710259,34.455654305149054,34.43472756417304,0.02092674097601588,True,False,False
9qng_chainA,4509,15,0.013198171742260456,ActiveSite,0.6610003113746643,0.6911365985870361,455.6666564941406,1,12,16,4,0.41676803002819723,26.36278082247776,3.9684308621929554,12.78012600798268,26.28016679693118,3.9999280716587715,12.679994411533038,36.3961890331494,36.336415351581174,0.059773681568223935,True,False,False
9qng_chainA,3519,16,0.06411242485046387,Cryptic,0.6610003113746643,0.5339054465293884,1367.0,1,4,7,3,0.542775416480426,32.26579917750285,10.49003663580009,8.692300374359544,32.44315470501935,10.500111942277266,8.822683987224632,28.076869840024727,28.131825965241973,-0.054956125217245244,False,False,False
9qng_chainA,3518,17,0.006679813377559185,Cryptic,0.8254595994949341,0.5362755656242371,297.0,1,3,4,1,0.6033068758137233,24.030412962497174,26.579581452958152,14.673616411991606,24.274245512775565,26.53379505735709,14.276033678548831,35.31501898660255,34.847548551057066,0.4674704355454864,True,False,False
9qng_chainA,3518,17,0.006679813377559185,Cryptic,0.8254595994949341,0.5362755656242371,297.0,2,3,8,5,0.7498996178508002,13.198346465060142,21.862213270120407,16.452924369935953,13.693269052757717,21.979697348804635,15.86795002123843,42.61111262185766,41.84734938552159,0.763763236336068,True,False,False
9qnh_chainA,508,1,0.004224745556712151,Cryptic,0.8157569169998169,0.488459974527359,270.0,1,9,11,2,0.49165867125837615,-25.705632061468794,21.888039495936397,-14.499193976205577,-25.781624023678262,21.79648352053245,-14.311938507212627,29.362575925964748,29.386637471842544,-0.024061545877795965,False,False,False
9qnh_chainA,510,4,0.0021769029553979635,Cryptic,0.6898545622825623,0.6522933840751648,217.0,1,9,13,4,0.41545073768443275,-25.298590601573245,27.871157876365313,-2.1078516214768834,-25.34547596422484,27.759644806875603,-1.9596218807133479,27.711134187351853,27.76368484073215,-0.05255065338029752,False,False,False
9qnh_chainA,4,5,0.002360666636377573,Cryptic,0.6660350561141968,0.7685481905937195,217.0,1,6,7,1,0.3324773001033448,-21.41344350466866,27.529795362560144,-5.2043566795056035,-21.536549402496455,27.470062809696895,-5.148566215224085,23.61546230925808,23.731773508615902,-0.11631119935782053,False,False,False
9qnh_chainA,5,6,0.0,Unknown,0.5290133953094482,1.0,87.0,1,7,8,1,0.4802933112825647,-11.62617752054664,31.941681765568298,-4.672069510392239,-11.684770534225747,31.8109860309344,-4.723559177278527,15.40794467579959,15.398422999339598,0.009521676459991468,True,False,False
9qnh_chainA,507,7,0.0,Cryptic,0.5983368754386902,0.4363425076007843,89.0,1,9,11,2,0.3357357978658721,-30.928095051350052,16.915651196006323,-1.037295217551926,-30.788276450276403,16.79682622161282,-0.9757550488146728,34.211803066350924,34.112977642390135,0.09882542396078975,True,False,False
9qnh_chainA,4001,8,0.07259376347064972,ActiveSite,0.6243064999580383,0.4903157949447632,2896.0,1,10,11,1,0.3969106949248292,-24.870805302308806,6.273116454556646,-9.313556949705262,-24.82165445964453,6.224462601294578,-9.342289809240187,32.964832306470676,32.95565068052548,0.009181625945196004,True,False,False
9qnh_chainA,3514,9,0.06424632668495178,Cryptic,0.6243064999580383,0.6110804080963135,2896.0,1,9,11,2,0.42213007912451334,-25.15845045078119,6.906890893456175,-8.765535244521848,-25.06539104273726,6.866973226911916,-8.688635944548382,32.788395818218895,32.72537296064937,0.0630228575695213,True,False,False
9qnh_chainA,1512,10,0.028684256598353386,Cryptic,0.6243064999580383,0.4772616922855377,965.3333129882812,1,22,23,1,0.35916657505876515,-27.88513845889341,9.23963356534059,-6.538592886257898,-27.846067726000527,9.23462780309729,-6.4964605662165384,33.800421980990556,33.766759043844736,0.03366293714582014,True,False,False
9qnh_chainA,4513,11,0.025788811966776848,ActiveSite,0.6243064999580383,0.8439634442329407,965.3333129882812,1,17,20,3,0.35914186992011704,-27.009980995174555,9.105330886607568,-6.7619434092171256,-26.92714537182089,9.07004296113985,-6.699503634978988,33.09998226568499,33.04165624168678,0.058326023998212406,True,False,False
9qnh_chainA,4512,12,0.02636939100921154,ActiveSite,0.6243064999580383,0.4522961676120758,965.3333129882812,1,19,20,1,0.35797226326180315,-27.487489365201206,9.740019279224324,-7.249837227493246,-27.449654428864797,9.787010552514635,-7.169304881674976,33.24931773492005,33.189936084416615,0.05938165050343258,True,False,False
9qnh_chainA,4511,13,0.02060629241168499,ActiveSite,0.6243064999580383,0.6629576086997986,965.3333129882812,1,16,16,0,0.3527102487989682,-26.799300375101073,9.898300001105113,-8.50536832181049,-26.799300375101073,9.898300001105113,-8.50536832181049,32.66125576948309,32.66125576948309,0.0,False,False,False
9qnh_chainA,4002,14,0.0,Unknown,0.5147067308425903,0.6334999203681946,132.0,1,3,7,4,0.6793301377418139,-24.158087962146233,-4.048973530793011,-20.144002911482527,-24.135954631345708,-3.638208659949957,-20.182717143122158,41.73150232167325,41.44751078655632,0.2839915351169253,True,False,False
9qnh_chainA,4508,15,0.002682329621165991,Cryptic,0.8157569169998169,0.538357138633728,270.0,1,11,14,3,0.4299526311272182,-22.15430409104384,22.6881040083325,-14.522206839906097,-22.204670067453723,22.670682500731214,-14.4274903465651,25.959002831689,25.974422453240365,-0.015419621551366447,False,False,False
9qnh_chainA,4507,16,0.0,Cryptic,0.5983368754386902,0.49385592341423035,89.0,1,5,5,0,0.41449073066088377,-35.34392367681824,20.349730839950123,-1.1374995079595647,-35.34392367681824,20.349730839950123,-1.1374995079595647,37.91291502181855,37.91291502181855,0.0,False,False,False
9qnh_chainA,4006,17,0.0,Unknown,0.685035765171051,0.6758134961128235,104.0,1,3,3,0,0.5863311174266594,-5.269234771944108,29.93054690893399,-8.38596510085549,-5.269234771944108,29.93054690893399,-8.38596510085549,9.374896563267196,9.374896563267196,0.0,False,False,False
9qnh_chainA,3516,19,0.0,Cryptic,0.6898545622825623,1.0,217.0,1,6,9,3,0.384322044125262,-17.25135514112808,30.779074228672883,-4.8907024093641205,-17.238494080081306,30.543326685009276,-4.956297696232703,20.18962039815793,20.10818241122414,0.08143798693379267,True,False,False
9qni_chainA,509,1,0.0,Cryptic,0.49061086773872375,0.5117431879043579,2876.0,1,3,9,6,0.6900712634850629,-25.18081072689222,-5.66009133921192,9.350705139689456,-25.023689646023488,-5.377023369763057,9.321056055154916,31.6684291371602,31.952613219110255,-0.2841840819500554,False,False,False
9qni_chainA,509,1,0.0,Cryptic,0.49061086773872375,0.5117431879043579,2876.0,2,6,9,3,0.48116815851920336,-29.927778121472752,-10.133431118999145,9.101618008253505,-29.667529336050762,-9.993782226774805,8.956750965845405,26.53048667931578,26.634814667371923,-0.10432798805614496,False,False,False
9qni_chainA,509,1,0.0,Cryptic,0.49061086773872375,0.5117431879043579,2876.0,3,4,8,4,0.5307835473065448,-27.461314167029943,-13.472613515390385,7.124097040971116,-26.83296267535057,-12.465231272063827,6.615311446747846,23.30852023782091,24.173015404710462,-0.8644951668895509,False,False,False
9qni_chainA,1,2,0.11491753160953522,ActiveSite,0.5969634652137756,0.5345813632011414,2876.0,1,10,13,3,0.44878647929704263,-25.157937554497586,-6.6495163769991725,9.200318749725186,-25.169660800943706,-6.63252304540766,9.086215521296657,30.746828077455376,30.71540813337567,0.03141994407970472,True,False,False
9qni_chainA,1,2,0.11491753160953522,ActiveSite,0.5969634652137756,0.5345813632011414,2876.0,2,3,9,6,0.5730357196827982,-27.25071531513854,-7.0342395889718405,8.58390582072886,-26.629702865760517,-6.839922612914879,8.061506488888124,29.62206216756588,29.759111082962054,-0.13704891539617492,False,False,False
9qni_chainA,3,3,0.0019847543444484472,Unknown,0.5524132251739502,0.529249370098114,141.0,1,14,15,1,0.44525807033190606,-21.8755192398807,-22.181040649116863,15.360504559390256,-21.9860343930385,-22.171585871469826,15.280942517912598,24.469347435159385,24.36060193641337,0.10874549874601414,True,False,False
9qni_chainA,0,4,0.0,Unknown,0.5420923233032227,0.5096822381019592,137.0,1,5,9,4,0.5066768928027202,-35.52390950775434,-21.55527760247541,3.546565021941731,-35.719315329212,-21.57804315713224,3.790478454245202,13.55671032498387,13.666426208487342,-0.10971588350347261,False,False,False
9qni_chainA,2,5,0.003807221772149205,Cryptic,0.6702662110328674,0.6846726536750793,203.0,1,11,14,3,0.3998541780112917,-27.57438032297948,-25.760449339423015,2.5354618676258145,-27.522925358135314,-25.988861135627047,2.502479694178564,11.41479981371646,11.273835288765989,0.14096452495047096,True,False,False
9qni_chainA,508,6,0.0,Cryptic,0.6254185438156128,0.46393004059791565,137.0,1,4,8,4,0.47388925816386024,-35.79736485714013,-20.330405797840978,3.496916281473066,-35.791426065829626,-20.186917768667154,3.9054906201858963,14.668014787812131,14.965792712421427,-0.29777792460929575,False,False,False
9qni_chainA,507,7,0.0016236663796007633,Cryptic,0.6621112823486328,0.6651166677474976,128.0,1,3,9,6,0.5307893489763064,-7.497712066584283,-27.13585512473647,12.958032356858793,-7.848868052829836,-27.505654264637283,12.928375652324137,31.466311373670926,31.07936258003298,0.386948793637945,True,False,False
9qni_chainA,4,8,0.0017006800044327974,Unknown,0.5605071783065796,0.625953197479248,122.0,1,10,14,4,0.41627306882648735,-27.11251381312797,-11.038179026087962,-4.766828011212841,-26.88830498098145,-11.014801389531454,-4.759442236083372,23.80678107949684,23.895601070772706,-0.08881999127586582,False,False,False
9qni_chainA,5,9,0.0,Cryptic,0.4838300943374634,1.0,112.0,1,4,4,0,0.5240921141598115,-13.482295956572578,-33.23330552762323,6.023843092262424,-13.482295956572578,-33.23330552762323,6.023843092262424,22.344614503532288,22.344614503532288,0.0,False,False,False
9qni_chainA,7,11,0.0,Unknown,0.6595833897590637,0.712959349155426,65.0,1,3,3,0,0.706258411196296,-4.95556978126159,-31.954801673261684,1.9515791614867053,-4.95556978126159,-31.954801673261684,1.9515791614867053,29.585121501660083,29.585121501660083,0.0,False,False,False
9qni_chainA,4510,12,0.027251506224274635,ActiveSite,0.5969634652137756,0.45104101300239563,958.6666870117188,1,10,12,2,0.510817772104585,-24.416077366836618,-3.4073071725958433,11.281689258801588,-24.408867055680442,-3.4603309860790183,11.237418935302493,34.606314548106475,34.54449252112374,0.06182202698273187,True,False,False
9qni_chainA,4510,12,0.027251506224274635,ActiveSite,0.5969634652137756,0.45104101300239563,958.6666870117188,2,3,8,5,0.5730357196827982,-27.424858995422127,-7.098823252338501,8.552071797719337,-26.970970821212482,-6.95184485212428,8.367125934087607,29.511936797314306,29.683080999880186,-0.17114420256588048,False,False,False
9qni_chainA,1513,13,0.013312355615198612,Cryptic,0.49061086773872375,0.8371591567993164,958.6666870117188,1,10,12,2,0.5077471052458936,-24.0961914091096,-1.8173182967813635,13.203361112333111,-24.08099814373878,-1.8063315090334668,13.252337930212969,36.86449740368227,36.898910186158865,-0.034412782476593406,False,False,False
9qni_chainA,1513,13,0.013312355615198612,Cryptic,0.49061086773872375,0.8371591567993164,958.6666870117188,2,3,8,5,0.5730357196827982,-27.425950399561124,-7.1011505924782865,8.549855495973942,-26.971196461280055,-6.953615292329347,8.364928445396833,29.508769558280083,29.68063532182431,-0.1718657635442291,False,False,False
9qni_chainA,4514,14,0.033347148448228836,ActiveSite,0.49061086773872375,0.46615099906921387,958.6666870117188,1,12,15,3,0.4441406448282095,-26.410691850903905,-7.2412992871262185,9.323211198624072,-26.361919351933324,-7.20104371071163,9.213491623301506,29.926971681743478,29.932365689425765,-0.005394007682287594,False,False,False
9qni_chainA,4514,14,0.033347148448228836,ActiveSite,0.49061086773872375,0.46615099906921387,958.6666870117188,2,6,11,5,0.4811681585192033,-29.974431984817798,-10.162993865595796,9.10407345719461,-29.93306064847656,-9.949167107942472,9.008365237253331,26.497926888242016,26.653035768508403,-0.15510888026638625,False,False,False
9qni_chainA,1514,15,0.021844936534762383,Cryptic,0.49061086773872375,0.6145156025886536,958.6666870117188,1,11,13,2,0.45380391907862294,-25.294464959693375,-5.975075568230913,10.606291732587025,-25.267660519754884,-5.971388195419422,10.565137319599835,31.85044526051594,31.844326478867476,0.006118781648464022,True,False,False
9qni_chainA,1514,15,0.021844936534762383,Cryptic,0.49061086773872375,0.6145156025886536,958.6666870117188,2,3,8,5,0.5730357196827982,-27.281188463933763,-7.043926412710228,8.58002892807305,-26.728010284862005,-6.866090065032478,8.338503368647546,29.60481484617114,29.80958804443378,-0.2047731982626395,False,False,False
9qni_chainA,4001,16,0.05429188162088394,ActiveSite,0.5969634652137756,0.5002941489219666,2876.0,1,11,12,1,0.46245431909807144,-24.497374010616625,-4.45104904020251,11.31141597077543,-24.47045450794393,-4.439022106619039,11.312339501380597,33.68654652233645,33.705084051733515,-0.0185375293970651,False,False,False
9qni_chainA,4001,16,0.05429188162088394,ActiveSite,0.5969634652137756,0.5002941489219666,2876.0,2,3,8,5,0.5730357196827982,-27.259808934734657,-7.048037189837233,8.57130751331774,-26.877123170733718,-6.923613449955903,8.404045146966235,29.602862150053685,29.744762351939098,-0.14190020188541297,False,False,False
9qni_chainA,4511,17,0.027208931744098663,ActiveSite,0.5969634652137756,0.47495588660240173,958.6666870117188,1,10,12,2,0.49601170820133855,-24.435658775711044,-5.193458374342218,10.756624893354493,-24.4301157090425,-5.210999983632738,10.70950180794312,32.83665367360314,32.80421032947596,0.03244334412718075,True,False,False
9qni_chainA,4511,17,0.027208931744098663,ActiveSite,0.5969634652137756,0.47495588660240173,958.6666870117188,2,3,9,6,0.5730357196827982,-27.288281103210124,-7.049516332958155,8.57562783161907,-26.749749545661427,-6.880309475484987,8.13115043727835,29.5965064069298,29.7171597945084,-0.12065338757859934,False,False,False
9qni_chainA,1511,18,0.01964944414794445,Cryptic,0.5969634652137756,0.6145156025886536,958.6666870117188,1,10,12,2,0.4960117082013386,-24.405702259441355,-5.261751609999264,10.785762187040593,-24.40313531103688,-5.270477768133348,10.7582949937131,32.79810408524986,32.780265192987855,0.017838892262005857,True,False,False
9qni_chainA,1511,18,0.01964944414794445,Cryptic,0.5969634652137756,0.6145156025886536,958.6666870117188,2,3,8,5,0.5730357196827982,-27.366445546380497,-7.084604267337146,8.554940687068376,-26.992730576469913,-6.962975189919442,8.39934635259503,29.539191135101074,29.67952653923291,-0.14033540413183587,False,False,False
9qni_chainA,1510,19,0.01362534798681736,Cryptic,0.5969634652137756,0.8371591567993164,958.6666870117188,1,10,12,2,0.4960117082013386,-24.405702259441355,-5.261751609999264,10.785762187040593,-24.40313531103688,-5.270477768133348,10.7582949937131,32.79810408524986,32.780265192987855,0.017838892262005857,True,False,False
9qni_chainA,1510,19,0.01362534798681736,Cryptic,0.5969634652137756,0.8371591567993164,958.6666870117188,2,3,8,5,0.5730357196827982,-27.366445546380497,-7.084604267337146,8.554940687068376,-26.992730576469913,-6.962975189919442,8.39934635259503,29.539191135101074,29.67952653923291,-0.14033540413183587,False,False,False
9qni_chainA,3515,20,0.0,Cryptic,0.6702662110328674,1.0,203.0,1,3,5,2,0.5722142969499386,-25.71232343411236,-29.587623489453687,3.1204506854208636,-25.599990736344044,-29.131075770189945,3.6892293075684077,10.89405038783833,11.451485827995302,-0.5574354401569721,False,False,False
9qni_chainA,4007,21,0.0,Unknown,0.6595833897590637,0.7238339781761169,65.0,1,3,3,0,0.706258411196296,-4.958864839689554,-31.954813840213937,1.9416723107825817,-4.958864839689554,-31.954813840213937,1.9416723107825817,29.58040597188204,29.58040597188204,0.0,False,False,False
9qnj_chainA,507,1,0.0,Cryptic,0.5744906067848206,0.5234817266464233,1915.0,1,18,21,3,0.3644939663084194,27.16909843227544,11.434062579009412,-5.466390538686955,27.103843943163966,11.36075129189026,-5.454303717040122,23.259153893872988,23.346198925694576,-0.08704503182158874,False,False,False
9qnj_chainA,3,2,0.054525990039110184,ActiveSite,0.5225258469581604,0.5068395137786865,1915.0,1,16,18,2,0.3575827440499851,26.753775712775976,13.959469535796316,-2.2293683115679648,26.73296507655247,13.901263856744832,-2.258098078026583,20.804315533649685,20.865851924379452,-0.06153639072976702,False,False,False
9qnj_chainA,506,3,0.0069664218463003635,Cryptic,0.8263499736785889,0.4786108732223511,239.0,1,5,7,2,0.5833131239663845,26.35155840555674,22.239052866029073,11.849973867014526,26.43879052690613,22.280200432025985,11.571061788728146,19.71124819459519,19.452323468207343,0.25892472638784625,True,False,False
9qnj_chainA,506,3,0.0069664218463003635,Cryptic,0.8263499736785889,0.4786108732223511,239.0,2,4,7,3,0.6288426399149133,26.29551348392527,20.665524669179955,15.993445456664821,26.453580313910543,20.433166490080573,15.512484958019638,23.723039791950562,23.428121733862167,0.29491805808839544,True,False,False
9qnj_chainA,6,5,0.0,Unknown,0.4687628149986267,0.5044635534286499,57.0,1,6,9,3,0.3971078947877851,33.98248422927031,23.61199856026411,-1.1351884177300529,33.94638876154835,23.700417082944757,-1.0388877021610983,9.938033411548385,9.863695188265437,0.07433822328294859,True,False,False
9qnj_chainA,2,6,0.0,Cryptic,0.5031553506851196,1.0,66.0,1,5,5,0,0.48237121898911295,11.569306016912398,29.571351794187414,2.8200837632119504,11.569306016912398,29.571351794187414,2.8200837632119504,23.355167940854464,23.355167940854464,0.0,False,False,False
9qnj_chainA,1511,8,0.017295189201831818,Cryptic,0.5744906067848206,0.8003396987915039,638.3333129882812,1,3,4,1,0.6059755917345618,24.51405702141193,16.536836001711404,4.60318265103463,24.445876914952265,15.99834433082079,4.424805990236527,20.637583369384316,21.05340560228416,-0.415822232899842,False,False,False
9qnj_chainA,4515,9,0.025477195158600807,ActiveSite,0.5225258469581604,0.7643850445747375,638.3333129882812,1,13,14,1,0.3576648055723314,25.81284023410898,15.529679694287612,0.2909813736104303,25.76683140361498,15.497094157294688,0.26220618144482444,19.89843442606151,19.94281023915779,-0.04437581309628058,False,False,False
9qnj_chainA,4513,10,0.02560773305594921,ActiveSite,0.5225258469581604,0.5144375562667847,638.3333129882812,1,15,17,2,0.3555750262501137,26.46142695813022,10.727929202146782,-3.096073363523102,26.4584535465912,10.766914305071948,-3.100707182906679,23.958791778468356,23.922862765802083,0.0359290126662728,True,False,False
9qnj_chainA,4507,11,0.10744065046310425,Cryptic,0.5744906067848206,0.5092899203300476,1915.0,1,6,8,2,0.430390796247415,24.91075307689302,12.688319642700973,5.511924124248839,24.935627119514272,12.421495280319785,5.46266512752748,24.02658025569541,24.2322652987441,-0.20568504304868895,False,False,False
9qnj_chainA,4507,11,0.10744065046310425,Cryptic,0.5744906067848206,0.5092899203300476,1915.0,2,9,14,5,0.34758650751425085,25.83829223566085,10.756404617548462,-2.5064877754745347,25.999274111031035,10.498305151743795,-2.4865310454113287,24.126196255047756,24.31585953204759,-0.1896632769998341,False,False,False
9qnj_chainA,3517,12,0.0669797733426094,Cryptic,0.5744906067848206,0.5742222666740417,1915.0,1,11,19,8,0.36271034452226103,26.19078060243242,11.078019706016088,-4.253508200060735,26.25944726791609,10.691712491687396,-4.214598373995313,23.774632520544305,24.113735985705382,-0.33910346516107737,False,False,False
9qnj_chainA,4511,13,0.02582894265651703,ActiveSite,0.5744906067848206,0.63447105884552,638.3333129882812,1,5,8,3,0.44905355885671744,25.046784225058804,14.00371166965373,4.087446161221985,25.069034664437005,13.71732066152775,4.028329746890165,22.389140185667465,22.612748974828257,-0.2236087891607923,False,False,False
9qnj_chainA,4511,13,0.02582894265651703,ActiveSite,0.5744906067848206,0.63447105884552,638.3333129882812,2,8,15,7,0.3466691360325411,26.11458916884715,11.434925834009615,-1.7508669489125437,26.17921727782336,11.235485507512223,-1.6169051101145309,23.404302145344634,23.574924133665913,-0.17062198832127962,False,False,False
9qnj_chainA,1514,14,0.01238610502332449,Cryptic,0.5225258469581604,0.8003396987915039,638.3333129882812,1,7,12,5,0.38130782042759337,26.353074663268856,12.40462679417224,-2.848048486975696,26.338919235809442,11.96276292655647,-2.6389312970971854,22.40471064616082,22.822499973666897,-0.4177893275060782,False,False,False
9qnj_chainA,1514,14,0.01238610502332449,Cryptic,0.5225258469581604,0.8003396987915039,638.3333129882812,2,3,4,1,0.6059755917345618,24.51866096445815,16.538093677188364,4.6392223578541145,24.45061164512609,16.003008679646353,4.459565400405473,20.646767676530974,21.058752883595265,-0.41198520706429065,False,False,False
9qnj_chainA,4508,15,0.009503213688731194,ActiveSite,0.6173040270805359,0.5725340247154236,444.6666564941406,1,7,9,2,0.478714147142524,23.721470663147734,-1.2704124507919314,17.41354555539362,23.773445484700385,-1.2906156893609664,17.434854775799362,41.30453774229825,41.31889057234413,-0.014352830045879728,False,False,False
9qnj_chainA,1508,16,0.008068161085247993,Cryptic,0.6173040270805359,0.8478601574897766,444.6666564941406,1,6,9,3,0.48147426583468017,23.620150407286257,-1.5135775309071904,18.266664978098277,23.800102649446046,-1.5700835597944307,18.29397901162981,41.9488968427317,41.965444424543975,-0.01654758181227578,False,False,False
9qnj_chainA,4005,18,0.04337412491440773,ActiveSite,0.6173040270805359,0.5723589658737183,1334.0,1,9,11,2,0.4450572416526396,23.794579010115044,0.9908014544753687,14.973056717746308,23.830258890350986,0.9200109320167866,15.048302332289776,38.23152347672689,38.31647118218816,-0.08494770546126773,False,False,False
9qnj_chainA,3515,21,0.0029210031498223543,Cryptic,0.8263499736785889,0.5451279282569885,239.0,1,5,10,5,0.5297474227755259,21.873526184883556,21.471617986953333,16.200042325270505,21.921227244424333,21.177186043813425,16.2727538595197,25.259713181259468,25.43155704004623,-0.17184385878676167,False,False,False
9qnj_chainA,3515,21,0.0029210031498223543,Cryptic,0.8263499736785889,0.5451279282569885,239.0,2,8,13,5,0.34337716570762006,20.364500082206586,22.48248736579962,15.86690521459728,20.484253961532293,22.291973871021234,15.796764178307427,25.32515343055801,25.293712678950286,0.031440751607725304,True,False,False
9qnk_chainA,509,2,0.11402365565299988,Cryptic,0.5868663787841797,0.4665418863296509,1819.0,1,15,20,5,0.3892361434682564,27.737606523985022,13.338862878507811,-0.496346945141805,27.79224258808922,13.163139115372065,-0.4973130165623588,23.283971257966993,23.19914678398584,0.08482447398115411,True,False,False
9qnk_chainA,3,3,0.040975600481033325,ActiveSite,0.5190325379371643,0.5160654783248901,1819.0,1,16,18,2,0.37932612721000936,26.874343899021774,10.697326387663301,-3.483498399400595,27.011282595650528,10.771192206236533,-3.5427266872037455,25.374254655920495,25.40159586476172,-0.02734120884122504,False,False,False
9qnk_chainA,5,4,0.05409395322203636,ActiveSite,0.5749770998954773,0.45778533816337585,1272.0,1,3,6,3,0.749633542705352,30.925485099586048,16.38784954021315,15.857567526952922,30.689772701108776,16.663649976966532,15.906576934340896,13.411426815175533,13.725818504413088,-0.3143916892375547,False,False,False
9qnk_chainA,4,5,0.0,Cryptic,0.5792620182037354,1.0,161.0,1,7,9,2,0.42401676868657967,15.014884544392611,31.115981163895043,6.1610652093283935,15.244522414232529,31.051015318235752,6.132813494854195,36.234022947969045,36.06796969986385,0.16605324810519306,True,False,False
9qnk_chainA,9,6,0.0,Unknown,0.5028367042541504,0.527283251285553,92.0,1,5,7,2,0.42643952200475876,34.52349146148785,21.385907597359513,-0.886561165953409,34.507357261589604,21.798014920041016,-0.786317307055042,26.673443678038407,26.864138584568547,-0.19069490653014043,False,False,False
9qnk_chainA,510,7,0.03287297114729881,Cryptic,0.5803795456886292,0.5264412760734558,1819.0,1,18,21,3,0.38632442545942663,28.051760722033777,10.90931468728034,-5.131549732936374,28.033535545267696,11.066863438954584,-5.27689972795614,26.584736284036772,26.76430472447614,-0.17956844043936826,False,False,False
9qnk_chainA,512,8,0.05783680081367493,Cryptic,0.6892939805984497,0.45228704810142517,1272.0,1,3,5,2,0.6689285599795554,24.612967523923032,4.196381631106413,12.539165097700575,24.693725933878557,3.9525695048411125,12.876531995776546,12.818086220569926,12.571898611397193,0.24618760917273264,True,False,False
9qnk_chainA,6,9,0.0,Unknown,0.4948877990245819,0.5193548798561096,92.0,1,5,7,2,0.5413401147100333,26.875452949350603,20.1752523832961,14.016047607066403,27.002798308057443,20.11012064030357,13.938556609475691,18.84461230625917,18.755770314400184,0.08884199185898467,True,False,False
9qnk_chainA,6,9,0.0,Unknown,0.4948877990245819,0.5193548798561096,92.0,2,3,5,2,0.4895946527324334,24.706297530177185,26.248055882429615,9.566921406946117,25.06835587911343,25.992118398942857,9.589523347199009,26.37507714622762,26.008561188239007,0.36651595798861436,True,False,False
9qnk_chainA,6,9,0.0,Unknown,0.4948877990245819,0.5193548798561096,92.0,3,3,5,2,0.5638390931080067,15.807524587212265,23.10521626990366,13.182129991763865,16.031628798302272,22.778076663763535,13.404410715980502,27.86784923670005,27.439305339980073,0.42854389671997595,True,False,False
9qnk_chainA,1526,10,0.02161572501063347,Cryptic,0.5190325379371643,0.5352442264556885,606.3333129882812,1,18,21,3,0.35454244059306117,26.62897564271623,8.627439073278072,0.622779707204751,26.5865386005991,8.616305353233686,0.7713466111624975,21.292792739172445,21.17598454446898,0.11680819470346293,True,False,False
9qnk_chainA,4518,11,0.02355332486331463,ActiveSite,0.5803795456886292,0.5896472334861755,606.3333129882812,1,15,19,4,0.39510129905280617,26.70916949078555,10.65366434420607,-2.6208791280995505,26.84349555664602,10.652977807130423,-2.675532324036248,24.639510155002096,24.64192284330037,-0.002412688298274901,False,False,False
9qnk_chainA,1525,12,0.00915136281400919,Cryptic,0.5190325379371643,0.9137690663337708,606.3333129882812,1,8,12,4,0.3999610181836724,25.187287068223164,9.39472128778832,2.86834899576604,25.298074414550356,9.248243114919552,2.9492872534549464,20.194781342383475,20.035443754813485,0.15933758756998984,True,False,False
9qnk_chainA,4525,13,0.020868409425020218,ActiveSite,0.5190325379371643,0.6279658675193787,606.3333129882812,1,17,20,3,0.36550831382081556,26.206118773718714,9.123740511230999,0.7856636280946795,26.20473603206209,9.096295700599617,0.8220755939551725,21.43243537813968,21.39493647730618,0.03749890083349783,True,False,False
9qnk_chainA,4510,14,0.07905858755111694,Cryptic,0.5803795456886292,0.5104759335517883,1819.0,1,18,20,2,0.36386356317651836,26.28299020706504,8.77113183852684,0.2687696374664904,26.27066893720894,8.801705902612222,0.38678175539080056,21.77918438501852,21.68623228485032,0.09295210016820121,True,False,False
9qnk_chainA,4005,16,0.03597971796989441,ActiveSite,0.5749770998954773,0.5475715398788452,1272.0,1,3,7,4,0.6689285599795554,24.6179683914299,4.19552427866055,12.531322469968105,24.58406035370757,3.8315127363308896,12.756615854218964,12.818206691594003,12.732215667331293,0.08599102426271088,True,False,False
9qnk_chainA,1512,17,0.0157467108219862,Cryptic,0.6892939805984497,0.7454767823219299,424.0,1,3,6,3,0.749633542705352,30.90330956942433,16.446219885349237,15.895507189771779,30.67219316164966,16.71357347592949,15.941464680647124,13.461068696360726,13.767623421116266,-0.30655472475553935,False,False,False
9qnk_chainA,1516,18,0.00920795276761055,Cryptic,0.5868663787841797,0.9137690663337708,606.3333129882812,1,15,17,2,0.372959243369666,26.557139454682375,8.659159643816018,-0.6391850706064145,26.536315160623023,8.696180841774195,-0.4800314132927442,22.456738792064435,22.329194149404213,0.12754464266022225,True,False,False
9qnk_chainA,1519,19,0.009187613613903522,Cryptic,0.5803795456886292,0.9137690663337708,606.3333129882812,1,15,17,2,0.372959243369666,26.557139454682375,8.659159643816018,-0.6391850706064145,26.536315160623023,8.696180841774195,-0.4800314132927442,22.456738792064435,22.329194149404213,0.12754464266022225,True,False,False
9qnk_chainA,1517,20,0.01872004196047783,Cryptic,0.5868663787841797,0.5352442264556885,606.3333129882812,1,15,17,2,0.372959243369666,26.557139454682375,8.659159643816018,-0.6391850706064145,26.536315160623023,8.696180841774195,-0.4800314132927442,22.456738792064435,22.329194149404213,0.12754464266022225,True,False,False
9qnk_chainA,1520,21,0.01867869310081005,Cryptic,0.5803795456886292,0.5352442264556885,606.3333129882812,1,15,17,2,0.372959243369666,26.557139454682375,8.659159643816018,-0.6391850706064145,26.536315160623023,8.696180841774195,-0.4800314132927442,22.456738792064435,22.329194149404213,0.12754464266022225,True,False,False
9qnk_chainA,4514,23,0.030767878517508507,ActiveSite,0.6892939805984497,0.5693493485450745,424.0,1,5,7,2,0.7474791387564305,28.621512633630157,16.761251083141893,14.557978062539958,28.548496059657136,16.9808059803847,14.76603470684121,15.033279370776036,15.181501374346363,-0.14822200357032678,False,False,False
9qnk_chainA,4007,27,0.0,Unknown,0.43543869256973267,0.5748918652534485,52.0,1,3,6,3,0.5893066365720755,21.993119603970925,-2.4625451196106423,19.27795209765227,22.37662751776022,-2.457149156711385,19.32812467188798,14.951477698601442,14.60685861548295,0.34461908311849143,True,False,False
9qnl_chainA,3,1,0.0031108157709240913,Allosteric,0.5877894163131714,0.7141578197479248,193.0,1,6,11,5,0.5090324460211733,-26.75391279897644,-27.755248811041874,2.8285617042158897,-26.68753771685093,-27.975513831288946,2.7079572683539674,12.798244225486263,12.568691542110995,0.22955268337526746,True,False,False
9qnl_chainA,0,2,0.0,Unknown,0.4740293025970459,0.5236222147941589,80.0,1,8,9,1,0.475151567031586,-34.96023486774149,-21.452209757434098,-0.6374444710585455,-35.043469042359334,-21.51971530728208,-0.4244272893477421,22.86897852637425,22.866334077814685,0.002644448559564694,True,False,False
9qnl_chainA,1,3,0.12432348728179932,ActiveSite,0.5150522589683533,0.5403020977973938,2838.0,1,10,13,3,0.41827689015490166,-24.222392480577486,-9.020641906665311,7.381307455237218,-24.276803691414752,-8.923783145659007,7.251844855728682,29.884827927054907,29.959659895700224,-0.0748319686453165,False,False,False
9qnl_chainA,1,3,0.12432348728179932,ActiveSite,0.5150522589683533,0.5403020977973938,2838.0,2,7,11,4,0.4882958968750155,-28.531496052105727,-8.873562658010638,6.957664879824669,-28.345970692283444,-8.800871969158822,7.060645927449419,30.987961440525833,31.019214957962404,-0.03125351743657134,False,False,False
9qnl_chainA,508,4,0.0010478319600224495,Cryptic,0.6480921506881714,0.6626113057136536,115.0,1,7,13,6,0.47115611898528664,-9.459415276631702,-26.288014708945568,12.949453319915307,-9.47098459045777,-26.542276054170777,12.95558585331147,19.13345577845529,18.980885628643282,0.15257014981200712,True,False,False
9qnl_chainA,8,5,0.0,Unknown,0.6449326872825623,0.7388762831687927,76.0,1,3,5,2,0.4843859799364771,-4.989435146957887,-31.56790802827621,1.9528055555130068,-4.942726872818106,-31.648975956594438,1.6016307963616627,15.28846264314689,15.278307934056203,0.010154709090686609,True,False,False
9qnl_chainA,4,7,0.0,Unknown,0.4777293801307678,0.6489668488502502,60.0,1,7,8,1,0.41836931936931304,-26.48266661930648,-18.60639761276404,-2.573841184649624,-26.444925102544772,-18.541573531939825,-2.6530777823221774,20.8245149417392,20.883687070117382,-0.059172128378182975,False,False,False
9qnl_chainA,5,8,0.0,Unknown,0.5478298664093018,0.5671274065971375,64.0,1,9,12,3,0.48381082987079643,-28.11602012937081,-11.421796296348932,-8.904488244775933,-28.358550390379868,-11.709372026678288,-8.883200824582202,29.511326878591213,29.32525371593393,0.18607316265728358,True,False,False
9qnl_chainA,6,10,0.0,Unknown,0.4944443106651306,1.0,70.0,1,3,6,3,0.5788501788436147,-7.235755106136995,-32.29784112830875,1.441642958349711,-7.778656313834826,-32.485666511138575,1.851768353617255,12.915205583537228,12.369592315680912,0.5456132678563161,True,False,False
9qnl_chainA,2,11,0.007189685944467783,Cryptic,0.8140251040458679,0.4791128933429718,315.0,1,4,5,1,0.5429173613834446,-26.382547566247165,-21.81292047597407,12.321751094141819,-26.423308331940554,-21.781300500590024,12.333820937052336,20.94747996548525,20.992549923103233,-0.045069957617982936,False,False,False
9qnl_chainA,2,11,0.007189685944467783,Cryptic,0.8140251040458679,0.4791128933429718,315.0,2,6,8,2,0.5558639119620526,-22.932953322180378,-22.4637131554833,16.42216877073239,-23.27557236295836,-22.13212718013345,16.172935037444223,22.13042781706577,22.251761381585993,-0.12133356452022426,False,False,False
9qnl_chainA,509,12,0.0,Cryptic,0.5622265338897705,0.4613349735736847,80.0,1,9,10,1,0.3912393901179609,-33.1145398229741,-19.870933173474434,-1.2290851769223288,-33.06176889545971,-19.978686823603535,-1.3516778770349136,22.87706171435569,22.772087485032397,0.10497422932329314,True,False,False
9qnl_chainA,1512,13,0.019334934651851654,Cryptic,0.5150522589683533,0.6431534290313721,946.0,1,10,13,3,0.47501372045456147,-23.725523226443336,-5.842344303838601,10.512280577397359,-23.811720437473657,-5.684031201609472,10.561308621279483,33.6313312341175,33.80767708198832,-0.1763458478708131,False,False,False
9qnl_chainA,1512,13,0.019334934651851654,Cryptic,0.5150522589683533,0.6431534290313721,946.0,2,3,7,4,0.6437949507977172,-27.285605138115727,-4.061525109508569,10.735758858601425,-26.61998839267909,-4.027603628546179,10.82199075386636,36.038534935439884,35.945953158433234,0.09258177700665016,True,False,False
9qnl_chainA,4001,14,0.04126105085015297,ActiveSite,0.5150522589683533,0.48687443137168884,2838.0,1,10,13,3,0.47501372045456147,-23.725681993142057,-5.847585719252832,10.510265894891187,-23.81307761876446,-5.686824482352243,10.56006552759637,33.62581046964837,33.80487043918048,-0.179059969532112,False,False,False
9qnl_chainA,4001,14,0.04126105085015297,ActiveSite,0.5150522589683533,0.48687443137168884,2838.0,2,4,8,4,0.6248561543300671,-27.135103221595042,-4.8206333647983834,8.93449598944379,-26.784839795579625,-4.888901333564227,9.103101601276983,34.83580355460991,34.73008111286259,0.10572244174731793,True,False,False
9qnl_chainA,1511,15,0.03150995820760727,Cryptic,0.5150522589683533,0.5872660279273987,946.0,1,11,14,3,0.44131719148491205,-24.174159705230217,-7.760259927072914,8.15723941280976,-24.230461056478823,-7.720758787683742,8.005998880010452,31.260026166609414,31.272532475456163,-0.012506308846749192,False,False,False
9qnl_chainA,1511,15,0.03150995820760727,Cryptic,0.5150522589683533,0.5872660279273987,946.0,2,6,10,4,0.5232169294596949,-27.485554097903023,-8.169127361702932,6.635627083117661,-27.12377322194255,-8.020343525708617,6.777544845161299,31.282856746175945,31.353412727062878,-0.07055598088693316,False,False,False
9qnl_chainA,1513,16,0.03485848009586334,Cryptic,0.5150522589683533,0.6056780219078064,946.0,1,7,13,6,0.49071680859466155,-28.903318148565525,-9.172309661925253,9.522669901640274,-28.846103854786534,-9.150796164770645,9.753297198975538,31.434293968597597,31.49992414623192,-0.065630177634322,False,False,False
9qnl_chainA,1513,16,0.03485848009586334,Cryptic,0.5150522589683533,0.6056780219078064,946.0,2,9,12,3,0.48631811796885893,-24.512041223450385,-7.808751690802496,9.204559524186193,-24.562608347409277,-7.7564150150288205,8.974945890848785,31.531948701239834,31.530830270366128,0.0011184308737064441,True,False,False
9qnl_chainA,4513,17,0.033981382846832275,ActiveSite,0.5150522589683533,0.4596303403377533,946.0,1,9,12,3,0.45335709128599516,-24.24774096712936,-8.351875336666597,8.30152871858195,-24.31165521200436,-8.273132530661378,8.109603775705423,30.74078515385624,30.781432508149006,-0.04064735429276567,False,False,False
9qnl_chainA,4513,17,0.033981382846832275,ActiveSite,0.5150522589683533,0.4596303403377533,946.0,2,6,11,5,0.4609577222581437,-29.42538208772379,-7.864811634572595,8.378849110134313,-29.30162030545639,-7.896612604163736,8.598948773185395,32.50634727863935,32.48900198184043,0.01734529679892205,True,False,False
9qnl_chainA,3513,18,0.0035197287797927856,Cryptic,0.8140251040458679,0.5312066674232483,315.0,1,13,14,1,0.431414443081339,-20.928159603982106,-21.810157298653216,15.9487986457553,-21.00382728738733,-21.749116606471414,15.866001743823539,21.992503925264078,21.987098265454215,0.005405659809863295,True,False,False
9qwj_chainD,4,1,0.05553276464343071,ActiveSite,0.6845110654830933,0.6029224395751953,1675.0,1,6,8,2,0.4357384353022156,-14.559961753456559,12.728788246622809,-34.211979601550674,-14.62342379190359,12.713722929619273,-34.30151933331786,9.739870343896216,9.776107526450277,-0.03623718255406061,False,False,False
9qwj_chainD,509,2,0.0029175891540944576,Cryptic,0.6650000214576721,0.5480837821960449,110.0,1,5,8,3,0.5403842262998463,-6.8405876155022325,24.103092278154946,5.7481539317015296,-6.516844459995073,23.878579723961533,5.597083168270529,39.18808182445488,39.08385589018149,0.10422593427339422,True,False,False
9qwj_chainD,1,5,0.000999517273157835,Unknown,0.5266169309616089,0.5964153409004211,91.0,1,3,4,1,0.6036536261411029,-26.490370807279604,4.572053116796089,-41.672734613626226,-26.366797011920756,4.9665269825874185,-41.71259840645586,23.80459874053769,23.458149240993908,0.34644949954378035,True,False,False
9qwj_chainD,8,11,0.0,Unknown,0.5082430839538574,0.5212090611457825,67.0,1,4,7,3,0.6601767633342853,-12.459393199640537,23.449189522575054,-24.263813954348336,-12.904708336214293,23.120783888408724,-24.81578991245022,8.720078703186699,8.104586840662055,0.6154918625246442,True,False,False
9qwj_chainD,7,12,0.0028950832784175873,Unknown,0.658750057220459,0.51316899061203,110.0,1,5,7,2,0.44408893448602477,-9.68368786083225,26.677782112249762,2.377629028125051,-9.579162252983348,26.70726724983459,2.1126204025164887,35.698463491121586,35.451154678789564,0.2473088123320224,True,False,False
9qwj_chainD,1511,13,0.013059464283287525,Cryptic,0.6845110654830933,0.6603549718856812,558.3333129882812,1,7,9,2,0.43982151342024317,-13.152061571026989,12.082951896735114,-34.5287879951453,-13.318398522393807,12.097884072607577,-34.52976071567451,10.337445599163813,10.32267453387365,0.014771065290162255,True,False,False
9qwj_chainD,4512,14,0.017258942127227783,ActiveSite,0.6845110654830933,0.7367053031921387,558.3333129882812,1,7,8,1,0.39239183451396686,-15.53181875489037,13.939846543018882,-32.16051755990353,-15.577125424342755,13.785890027661573,-32.121701762247895,8.682283087010115,8.845411482098422,-0.16312839508830734,False,False,False
9qwj_chainD,1513,15,0.009850128553807735,Cryptic,0.6845110654830933,0.6288023591041565,558.3333129882812,1,7,8,1,0.45577040655495277,-14.1135039297389,13.812845858343273,-30.951468028150302,-14.188100097124684,13.690259861468217,-30.951708671562386,8.730746537125963,8.85732801372589,-0.12658147659992736,False,False,False
9qwj_chainD,4004,16,0.056556373834609985,ActiveSite,0.6845110654830933,0.6001481413841248,1675.0,1,7,8,1,0.45577040655495277,-14.1135039297389,13.812845858343273,-30.951468028150302,-14.188100097124684,13.690259861468217,-30.951708671562386,8.730746537125963,8.85732801372589,-0.12658147659992736,False,False,False
9qwj_chainD,4513,17,0.01778380014002323,ActiveSite,0.6845110654830933,0.6921597123146057,558.3333129882812,1,7,8,1,0.45577040655495277,-13.940680707085972,13.60683562055266,-30.97046011356755,-14.027135341023767,13.478922565623192,-30.970174074215027,8.911640647434043,9.043371198491645,-0.13173055105760234,False,False,False
9qwj_chainD,4009,18,0.02979939803481102,ActiveSite,0.7326076030731201,0.5369582772254944,418.0,1,5,7,2,0.4992631206154098,-4.216311817185201,23.005892525652456,-0.5798618194666049,-4.177204775443385,22.751294896041145,-0.7368814358580831,33.5369139609127,33.39184022201942,0.1450737388932808,True,False,False
9qwj_chainD,4007,19,0.0016838096780702472,Unknown,0.658750057220459,0.5658343434333801,110.0,1,3,3,0,0.6432476247585275,-8.154132902895514,23.951206883841007,4.387352104877698,-8.154132902895514,23.951206883841007,4.387352104877698,37.640676071260934,37.640676071260934,0.0,False,False,False
9qwj_chainT,3,1,0.0,Unknown,0.5135948061943054,0.5172457098960876,82.0,1,3,5,2,0.6034840285018012,58.08769818204728,27.12501576863625,78.49983732894351,58.036612693591515,27.18256557866566,78.3251251971892,42.173916748905285,42.309136910133596,-0.13522016122831104,False,False,False
9qwj_chainT,4,3,0.0024726937990635633,Unknown,0.6093999147415161,0.5513772368431091,132.0,1,7,8,1,0.598690652046008,56.13712115012671,26.667480300890144,55.20934856700053,56.226056180898226,26.638909178187088,55.148078458008484,55.72116784173231,55.71516457430641,0.0060032674259034025,True,False,False
9qwj_chainT,507,4,0.0,Cryptic,0.5496923923492432,1.0,135.0,1,3,4,1,0.739524374770193,78.39676173284907,0.18667120597443645,97.44492673980996,78.26944243734826,0.6435276343941535,97.61680059533533,8.684648834501933,9.121652043208224,-0.4370032087062903,False,False,False
9qwj_chainT,2,5,0.06175461411476135,ActiveSite,0.5277388691902161,0.5030727982521057,1844.0,1,7,9,2,0.3823796064863466,64.33823058006645,21.626311298099154,83.2416458342627,64.21476036712343,21.406596668444962,83.1903071569737,33.37673109053604,33.24541109102604,0.13131999950999784,True,False,False
9qwj_chainT,2,5,0.06175461411476135,ActiveSite,0.5277388691902161,0.5030727982521057,1844.0,2,3,4,1,0.6178068764096222,62.89712626563449,9.941409281534925,90.81083622610241,62.58926057327787,9.751044692129549,91.03561612696427,22.1689724004272,22.167588101877154,0.0013842985500467364,True,False,False
9qwj_chainT,7,6,0.0138598857447505,Cryptic,0.770350456237793,0.5267655253410339,321.0,1,6,6,0,0.594953773794105,78.38216516671298,4.1154691000708326,97.59312894372782,78.38216516671298,4.1154691000708326,97.59312894372782,12.361072336762547,12.361072336762547,0.0,False,False,False
9qwj_chainT,7,6,0.0138598857447505,Cryptic,0.770350456237793,0.5267655253410339,321.0,2,3,5,2,0.8062395799007098,86.80119787315843,13.339349238555831,85.46218192017948,86.95817565263317,12.920758110186448,85.22362243985921,25.206550212552223,25.01559523032649,0.19095498222573326,True,False,False
9qwj_chainT,1509,7,0.009986083023250103,Cryptic,0.5277388691902161,0.6217749714851379,614.6666870117188,1,7,8,1,0.3938597247141292,63.38150267666326,21.22705282671595,86.60674782384989,63.19064024070853,21.240101516498896,86.646978096529,32.405215726778906,32.481811818645404,-0.07659609186649874,False,False,False
9qwj_chainT,1509,7,0.009986083023250103,Cryptic,0.5277388691902161,0.6217749714851379,614.6666870117188,2,3,4,1,0.6178068764096222,62.91559830040353,9.95098839303169,90.80158811219606,62.608954105409325,9.761499417403806,91.02519942252975,22.16716494901971,22.1654755424334,0.0016894065863120034,True,False,False
9qwj_chainT,1508,8,0.011457016691565514,Cryptic,0.5277388691902161,0.6385589241981506,614.6666870117188,1,3,4,1,0.6178068764096222,62.90874024127955,9.940097947999716,90.81202069393684,62.600411012012046,9.750005084074907,91.03650367193359,22.16089076242007,22.159905707943057,0.0009850544770131364,True,False,False
9qwj_chainT,1508,8,0.011457016691565514,Cryptic,0.5277388691902161,0.6385589241981506,614.6666870117188,2,4,6,2,0.6458865739600975,61.88944127419676,19.493918388825936,90.9387317314425,61.770388611974795,19.58718984202818,91.606658042352,30.725984021250863,30.794599567920994,-0.06861554667013081,False,False,False
9qwj_chainT,4507,9,0.010912078432738781,ActiveSite,0.5277388691902161,0.5903339982032776,614.6666870117188,1,3,4,1,0.6178068764096222,62.91914663806009,9.948543372348277,90.80390099755398,62.61303727460728,9.759686930465596,91.02680315033952,22.16276158052356,22.161348209341377,0.001413371182184875,True,False,False
9qwj_chainT,4507,9,0.010912078432738781,ActiveSite,0.5277388691902161,0.5903339982032776,614.6666870117188,2,4,6,2,0.5240380190826478,62.64053936933618,20.458086584120405,86.75664311882434,62.64119777519535,20.691546502641902,86.96592630968188,31.988600039846954,32.14401447557421,-0.15541443572725555,False,False,False
9qwj_chainT,4508,10,0.01322268508374691,ActiveSite,0.5277388691902161,0.6297189593315125,614.6666870117188,1,5,7,2,0.4832469664814825,62.69047885984037,20.07656894259457,89.10622708090163,62.67814402699853,20.283429265734263,89.08714793261171,31.147732552230753,31.340080667005456,-0.1923481147747026,False,False,False
9qwj_chainT,4508,10,0.01322268508374691,ActiveSite,0.5277388691902161,0.6297189593315125,614.6666870117188,2,3,4,1,0.6178068764096222,62.918557807685104,9.94836406239165,90.80407551319057,62.611403254649325,9.758850759054788,91.02775536779238,22.162938190338604,22.161533343064605,0.0014048472739993656,True,False,False
9qwj_chainT,4002,11,0.04567944258451462,ActiveSite,0.5277388691902161,0.5723555088043213,1844.0,1,5,8,3,0.4832469664814825,62.69305853433391,20.075452097206977,89.11355739474949,62.44264058890005,20.55749589695364,88.93173439759178,31.144389596555268,31.710502413366147,-0.5661128168108789,False,False,False
9qwj_chainT,4002,11,0.04567944258451462,ActiveSite,0.5277388691902161,0.5723555088043213,1844.0,2,3,4,1,0.6178068764096222,62.91355607589255,9.94020602288876,90.81188978480829,62.61235800163725,9.754693255591143,91.03096428149883,22.15815760168458,22.157211782747154,0.000945818937424292,True,False,False
9qwj_chainT,4007,12,0.00627813721075654,Cryptic,0.770350456237793,0.5952170491218567,321.0,1,3,5,2,0.5500525553143134,74.2471939053895,11.475697444719424,100.21693463327557,74.00803307011931,11.742323687963621,100.32846192188879,19.999834778012595,20.30814134850871,-0.3083065704961143,False,False,False
9qwj_chainT,4007,12,0.00627813721075654,Cryptic,0.770350456237793,0.5952170491218567,321.0,2,3,6,3,0.6911792006364595,78.34819292138135,6.072458435280599,97.80615968965361,78.55357177461578,6.0079652471400244,97.62863710648453,14.271193686810136,14.20404168124545,0.06715200556468659,True,False,False
9qwj_chainT,4001,13,0.002507693599909544,Unknown,0.559978723526001,0.5167945623397827,118.0,1,3,6,3,0.5402060458377093,53.55836554574527,17.153304616820158,67.84350085208955,53.34611021552468,17.128481326140584,67.82192592572102,42.67653662643413,42.78748988953361,-0.11095326309948206,False,False,False
9qwj_chainT,3509,14,0.011980836279690266,Cryptic,0.8325151801109314,0.5414665341377258,371.0,1,4,8,4,0.6136297727133502,52.85301544137844,23.32224187612157,53.550264945647285,53.0093001969239,23.12234470472036,53.117900988288724,56.22130099410059,56.363495147954154,-0.14219415385356626,False,False,False
9qwj_chainT,4000,15,0.014580209739506245,Cryptic,0.8325151801109314,0.5310696363449097,371.0,1,5,10,5,0.6100821139121911,53.74846594137241,24.55534338678706,52.96244015235164,54.01009052207661,24.217882529996533,52.88006418884169,56.976918058922244,56.745595978640935,0.23132208028130918,True,False,False
9qwj_chainT,4005,17,0.0,Unknown,0.5142711997032166,0.5835049748420715,88.0,1,11,11,0,0.427947981004397,60.423361825705264,25.760660073517712,58.002179568661376,60.423361825705264,25.760660073517712,58.002179568661376,51.77438718710655,51.77438718710655,0.0,False,False,False
9sia_chainB,1,1,0.0,Unknown,0.4343656897544861,0.511623740196228,76.0,1,6,7,1,0.4539532797432837,10.858933781118996,21.2300711187797,-1.9927310421688458,10.700592129671678,21.117865745682195,-1.9698110061175103,10.740951651464888,10.880374581710699,-0.13942293024581076,False,False,False
9sia_chainB,4,4,0.07885060459375381,ActiveSite,0.691274106502533,0.4971524477005005,412.0,1,7,8,1,0.5284324312695841,27.08503369326636,42.79876790148579,2.947865224694269,26.914928782320736,42.79808248149955,3.019464445998398,22.558326295441137,22.51503715880058,0.043289136640556336,True,False,False
9sia_chainB,2,6,0.08234073221683502,ActiveSite,0.7945857048034668,0.45503076910972595,544.0,1,3,7,4,0.5300063708744673,16.61156676257,38.13285495588272,1.7990365791893197,16.686919188359518,38.42804095414407,1.7841928226379604,17.52427758121054,17.792854108397126,-0.2685765271865854,False,False,False
9sia_chainB,6,7,0.006782799959182739,Unknown,0.49943843483924866,0.5354127287864685,93.0,1,6,8,2,0.46516095976854244,22.691577326410023,29.974867460323004,-2.354597922627201,22.97578370751385,30.081939175505326,-2.3381812462187614,9.96013857166775,10.10343587008352,-0.143297298415769,False,False,False
9sia_chainB,4004,9,0.12865063548088074,ActiveSite,0.691274106502533,0.5471463799476624,412.0,1,4,5,1,0.6354985853433033,20.715743615172503,40.95153980220583,3.940352217162574,20.53775133245394,40.8448863342448,3.808216417373286,19.923413818297,19.806251843488702,0.11716197480829749,True,False,False
9sia_chainB,4006,10,0.024380162358283997,Allosteric,0.7945857048034668,0.5352838635444641,181.3333282470703,1,3,7,4,0.5300063708744673,16.623367151561286,38.13684317857308,1.8291360231351712,16.696074205972117,38.429027086697836,1.8076487011552274,17.52518346593333,17.791562553549763,-0.26637908761643203,False,False,False
9sia_chainB,4006,10,0.024380162358283997,Allosteric,0.7945857048034668,0.5352838635444641,181.3333282470703,2,5,6,1,0.4381749831566946,11.205545233436258,38.59963171904087,-2.524720395624012,11.284264985292698,38.532894148429314,-2.5161017727145314,20.441734061413342,20.34564404942417,0.09609001198917255,True,False,False
9sia_chainB,4006,12,0.0033068698830902576,Unknown,0.49943843483924866,0.5352838635444641,93.0,1,3,8,5,0.5260293943812693,23.885497884479605,31.743424127349126,-3.0109939084174613,24.15767603846363,31.798186221267404,-2.7912566285779294,12.054545071542309,12.086782035397052,-0.03223696385474284,False,False,False
9sic_chainB,3,4,0.0528649277985096,ActiveSite,0.8031696677207947,0.47647538781166077,761.0,1,5,6,1,0.5698218451527635,11.305344699857102,-8.597399910047692,-2.648099439338027,11.57265481799819,-8.502671203184121,-2.739478616037589,17.18241531698019,17.172274691182047,0.010140625798143788,True,False,False
9sic_chainB,3,4,0.0528649277985096,ActiveSite,0.8031696677207947,0.47647538781166077,761.0,2,3,5,2,0.5566586699257532,17.590774725831857,-9.638232535632229,0.6945230826284506,17.47448405576211,-9.342520017798655,0.16115511161547852,19.83442001842056,19.559046318329454,0.2753737000911052,True,False,False
9sic_chainB,1,6,0.01050370279699564,Unknown,0.5460951924324036,0.5092136263847351,145.0,1,8,9,1,0.43609017462552885,0.2065403844021811,-6.2364940963896345,-3.044937523098079,0.22112270613789747,-6.235064408211224,-2.959009118539679,16.603875898053886,16.570775255401504,0.033100642652382106,True,False,False
9sic_chainB,4,7,0.0,Unknown,0.5368952751159668,0.48225000500679016,73.0,1,4,6,2,0.6531541347535471,10.511106027398498,3.593232238884865,-6.664736112911308,10.062913271803657,3.582419645330237,-6.540395916354733,9.778370080020126,9.56400393024871,0.21436614977141666,True,False,False
9sic_chainB,0,8,0.0,Unknown,0.4930506944656372,0.5270441174507141,64.0,1,4,5,1,0.6543939076325509,-5.371421289508838,-13.504184231762942,-0.6595404907494967,-5.510799654761293,-13.439944363337306,-0.8319728603955615,25.089743637560026,25.127683879987558,-0.037940242427531246,False,False,False
9sic_chainB,1008,9,0.016284620389342308,Cryptic,0.8031696677207947,0.5032864809036255,253.6666717529297,1,4,7,3,0.6203870201522261,14.575230601489794,-9.482922400868746,-1.9629443649630602,15.224980905212686,-9.412232701555457,-2.059382467644464,18.760965714179925,18.957550394612603,-0.19658468043267874,False,False,False
9sic_chainB,1008,9,0.016284620389342308,Cryptic,0.8031696677207947,0.5032864809036255,253.6666717529297,2,3,6,3,0.5566586699257532,17.569391041387362,-9.63593147326263,0.7227528795270982,17.453637307550594,-9.229845334203366,0.28444071059416753,19.820358970729057,19.440768729549845,0.37959024117921203,True,False,False
9sic_chainB,4007,10,0.01369981188327074,Cryptic,0.8031696677207947,0.5388248562812805,253.6666717529297,1,7,8,1,0.4540909924813769,7.959749683233184,-7.590176997816037,-3.387965977237208,7.990814605930356,-7.561026163764462,-3.370370843337468,16.10046289091802,16.06730304783241,0.03315984308560971,True,False,False
9sic_chainB,4007,10,0.01369981188327074,Cryptic,0.8031696677207947,0.5388248562812805,253.6666717529297,2,3,5,2,0.5566586699257532,17.597255845443392,-9.65208741555637,0.6905165493337814,17.49353500563856,-9.388604827854143,0.21843666002234088,19.849882652154257,19.603511151286988,0.24637150086726933,True,False,False
9sic_chainB,1009,11,0.027638113126158714,Cryptic,0.8031696677207947,0.5300225615501404,253.6666717529297,1,4,7,3,0.6203870201522261,14.471954540151827,-9.443115591042845,-1.867667111035861,15.032319076284022,-9.38873726808786,-1.9609175514458972,18.66892429382684,18.84266366997831,-0.17373937615147028,False,False,False
9sic_chainB,1009,11,0.027638113126158714,Cryptic,0.8031696677207947,0.5300225615501404,253.6666717529297,2,3,5,2,0.5566586699257532,17.58312355353748,-9.652302127142033,0.709773462296624,17.48590064675649,-9.401701248965116,0.2588084704382705,19.842059010352283,19.607835599796445,0.23422341055583829,True,False,False
9sic_chainB,3012,12,0.09468188136816025,Cryptic,0.8031696677207947,0.5278487205505371,761.0,1,5,6,1,0.5698218451527635,11.305344699857102,-8.597399910047692,-2.648099439338027,11.57265481799819,-8.502671203184121,-2.739478616037589,17.18241531698019,17.172274691182047,0.010140625798143788,True,False,False
9sic_chainB,3012,12,0.09468188136816025,Cryptic,0.8031696677207947,0.5278487205505371,761.0,2,3,5,2,0.5566586699257532,17.590774725831857,-9.638232535632229,0.6945230826284506,17.47448405576211,-9.342520017798655,0.16115511161547852,19.83442001842056,19.559046318329454,0.2753737000911052,True,False,False
9sic_chainB,4003,13,0.05932191014289856,ActiveSite,0.8031696677207947,0.4658832550048828,761.0,1,4,7,3,0.6203870201522261,14.62270196766788,-9.500890913966987,-2.0067514841214806,15.272501211596998,-9.42660839369877,-2.0976381881054555,18.803205238933536,18.996769525287718,-0.19356428635418155,False,False,False
9sic_chainB,4003,13,0.05932191014289856,ActiveSite,0.8031696677207947,0.4658832550048828,761.0,2,3,5,2,0.5566586699257532,17.569440367811474,-9.628618130822066,0.720157135136373,17.45561309159767,-9.333855481463308,0.18320117775646896,19.814159038819717,19.540406701805505,0.2737523370142121,True,False,False
9sic_chainB,3013,18,0.023386415094137192,Cryptic,0.7397521734237671,0.5342079997062683,510.0,1,3,5,2,0.5642579670054504,2.756125017593475,-14.239249815241179,4.2145084376802275,2.24355266456183,-14.477659667892969,4.108526928596044,22.59595871387725,22.937288737178253,-0.3413300233010048,False,False,False
9sic_chainB,4001,19,0.0014564148150384426,Unknown,0.5460951924324036,0.5385386347770691,145.0,1,5,6,1,0.5144294637272171,-4.440003501158372,-10.16417397341141,-1.4765527648992411,-4.228500336555483,-9.999900828821882,-1.426978553240467,21.916785614287274,21.656835324121435,0.2599502901658397,True,False,False
9sic_chainB,4004,20,0.0,Unknown,0.5368952751159668,0.5212519764900208,73.0,1,3,4,1,0.7903102232542143,12.269261072331663,5.2198701581726255,-7.445755221167791,11.983616088583863,5.145698109937829,-7.341622029087298,10.548438612155019,10.358496142543787,0.18994246961123196,True,False,False
9sic_chainC,3,4,0.037925176322460175,Cryptic,0.6854772567749023,0.4975312650203705,353.0,1,7,8,1,0.5016735665040031,1.83871092693146,16.715639348425345,34.043751001733455,1.8129632772006883,16.888488475783912,34.07647729889467,23.560621904978785,23.5087455903621,0.05187631461668474,True,False,False
9sic_chainC,4008,5,0.025943264365196228,Allosteric,0.6751246452331543,0.4938618838787079,191.6666717529297,1,3,6,3,0.7320289240091723,-17.16613508929122,12.387640636948971,31.07814350553477,-17.030713811610607,12.578682924297201,30.519297175555003,12.565929778527567,12.952153010668438,-0.3862232321408712,False,False,False
9sic_chainC,4008,5,0.025943264365196228,Allosteric,0.6751246452331543,0.4938618838787079,191.6666717529297,2,4,10,6,0.632297168141392,-12.846885707590566,14.460126084240851,30.532725360905893,-12.650614527499323,14.223645328075841,30.629050166678258,13.879663866276136,13.998808308618134,-0.11914444234199806,False,False,False
9sic_chainC,1007,6,0.027300694957375526,Cryptic,0.6751246452331543,0.5496066808700562,191.6666717529297,1,8,11,3,0.45334684353512444,-13.367377661764015,13.774424908541185,30.544162681673985,-13.168468602279733,13.713629365361546,30.515778748682738,13.845001829628073,13.99381851719974,-0.14881668757166722,False,False,False
9sic_chainC,3009,7,0.07611554116010666,Cryptic,0.6751246452331543,0.5419709086418152,575.0,1,8,11,3,0.4399996986528212,-13.241725595721684,13.967384965255132,30.344836321500892,-13.02862972687066,13.896831979699806,30.324014024881382,13.988486104363652,14.142527080307902,-0.15404097594425004,False,False,False
9sic_chainC,4001,8,0.07767714560031891,ActiveSite,0.6751246452331543,0.4873289167881012,575.0,1,8,10,2,0.4571824584078909,-14.948513242485383,12.885310302181358,30.09177278106839,-14.846584868296997,12.812228353017785,30.08611582431575,13.849619202728482,13.928712205904084,-0.0790930031756023,False,False,False
9sic_chainC,4003,9,0.060255225747823715,Cryptic,0.6854772567749023,0.5592275261878967,353.0,1,4,4,0,0.6801635151687295,-6.3638846315745035,16.592970268508747,34.044614866227064,-6.3638846315745035,16.592970268508747,34.044614866227064,16.013961909624104,16.013961909624104,0.0,False,False,False
9sic_chainC,4000,10,0.0,Unknown,0.5036835074424744,0.535228431224823,116.0,1,3,5,2,0.6125212631764402,-17.350457802687025,-4.613245242102348,32.381275986696444,-17.397914986064485,-4.753272707304408,32.23452632024715,25.558652845932663,25.73355749076348,-0.1749046448308178,False,False,False
9sid_chainA,3,1,0.0,Unknown,0.5006803274154663,0.4848826825618744,52.0,1,5,8,3,0.4917302341120222,-18.258599704232402,5.876922472160314,-8.248075402613912,-17.79364186625162,5.448528160040804,-7.887232157380694,9.547229179853643,9.012564103012025,0.5346650768416179,True,False,False
9sid_chainA,0,2,0.03399866819381714,ActiveSite,0.7513056993484497,0.46824297308921814,669.0,1,5,7,2,0.4486152407580552,-22.74006200586529,16.331844103439728,-3.912538801434176,-22.65173662950024,16.229079317421178,-4.124913708018758,18.71254801826556,18.539494987677035,0.17305303058852672,True,False,False
9sid_chainA,2,3,0.008032063953578472,Unknown,0.5647244453430176,0.48567330837249756,129.0,1,3,6,3,0.8731326483058663,-8.855844236572935,8.702544292550856,-0.9870813339923276,-8.92432851331636,8.773111378804247,-1.6783571458851048,7.967011446981919,7.438180671887106,0.5288307750948134,True,False,False
9sid_chainA,1004,4,0.013121194206178188,Cryptic,0.7513056993484497,0.5568150877952576,223.0,1,4,6,2,0.6729608397211359,-21.294539283906357,2.262502370390766,-4.703979113912006,-21.139413431607075,2.0915290468738426,-4.6348942415780545,12.969098098787804,12.865698460598221,0.10339963818958253,True,False,False
9sid_chainA,1004,4,0.013121194206178188,Cryptic,0.7513056993484497,0.5568150877952576,223.0,2,3,5,2,0.5887480895984809,-22.94881170807237,8.145563934912985,-5.755079581152794,-22.828344900009448,8.726798911603668,-5.98065020504263,14.722473429564184,14.740299512342805,-0.017826082778620744,False,False,False
9sid_chainA,1004,4,0.013121194206178188,Cryptic,0.7513056993484497,0.5568150877952576,223.0,3,3,6,3,0.7954580139554264,-22.792431504425338,17.08774033187007,-2.849404218784426,-22.686622437138166,16.999350373009896,-3.2860901904420268,19.478145864845008,19.240445005667233,0.2377008591777745,True,False,False
9sid_chainA,3009,5,0.04125929996371269,Cryptic,0.6854075193405151,0.5310333371162415,563.0,1,3,6,3,0.49307723896083583,-28.4068130458344,6.178261004032052,-11.715634539618955,-28.35442059522253,6.129631663137955,-11.739173742059684,20.0532506725803,20.00259251805395,0.050658154526349364,True,False,False
9sid_chainA,3009,5,0.04125929996371269,Cryptic,0.6854075193405151,0.5310333371162415,563.0,2,7,7,0,0.5102467187023145,-22.751092974676222,4.1554796386867565,-11.078862119441641,-22.751092974676222,4.1554796386867565,-11.078862119441641,14.315361912932795,14.315361912932795,0.0,False,False,False
9sid_chainA,4005,7,0.013141204603016376,Cryptic,0.7513056993484497,0.5115081071853638,223.0,1,5,7,2,0.4486152407580552,-22.73857729554252,16.33713679447713,-3.9226676436058616,-22.660219678832522,16.24548012675362,-4.1106182185033395,18.71279522020281,18.559041308773285,0.15375391142952566,True,False,False
9sid_chainA,1003,8,0.006204425357282162,Cryptic,0.7513056993484497,0.5075581073760986,223.0,1,5,7,2,0.4486152407580552,-22.74089266722824,16.314975231380632,-3.926589944094795,-22.656645374170605,16.218370070882415,-4.127872163436768,18.699567295454834,18.535738320193285,0.1638289752615485,True,False,False
9sid_chainA,4004,9,0.007571806199848652,Cryptic,0.7513056993484497,0.4891084134578705,223.0,1,3,6,3,0.5887480895984809,-22.948934620099628,8.145799093821703,-5.7552270413530735,-22.96897159405682,8.609610968081318,-6.162275649281737,14.722632182304157,14.820224229622255,-0.09759204731809845,False,False,False
9sid_chainA,4004,9,0.007571806199848652,Cryptic,0.7513056993484497,0.4891084134578705,223.0,2,5,7,2,0.4486152407580552,-22.739377139256458,16.352853679495986,-3.9131867444194204,-22.661020281100328,16.260114047405168,-4.1017102397507,18.725343574339355,18.570713755071683,0.15462981926767227,True,False,False
9sid_chainA,1006,10,0.0,Cryptic,0.6854075193405151,0.5293716788291931,187.6666717529297,1,3,5,2,0.7205278870482326,-23.23577178024849,8.090774035029021,-13.811722161125383,-22.91870478554949,8.51526987513482,-13.69079583579416,16.077598684470832,15.85348328975349,0.22411539471734265,True,False,False
9sid_chainA,4000,11,0.017636045813560486,ActiveSite,0.7513056993484497,0.4660569131374359,669.0,1,5,7,2,0.4486152407580552,-22.743978919126775,16.347392002627494,-3.9079634189654313,-22.658277578361798,16.246817196672456,-4.113661338948693,18.726314601550875,18.55786719076564,0.16844741078523384,True,False,False
9sid_chainB,3,1,0.0,Unknown,0.5780863165855408,0.47306057810783386,58.0,1,4,7,3,0.6623191615238846,-6.835021235975341,0.46261162195646094,-16.00714829010877,-6.603596600480628,0.6813874369471813,-16.090767231110174,27.154564752567154,27.261116588651184,-0.10655183608403007,False,False,False
9sid_chainB,1,2,0.05489484593272209,Cryptic,0.6978216767311096,0.4859307110309601,355.0,1,9,13,4,0.3578282857556901,-14.33356758083978,-12.169214606158684,-7.566013166719245,-14.771646056443164,-12.290351099532284,-7.867796020834374,20.986399490403464,21.51376627552244,-0.527366785118975,False,False,False
9sid_chainB,1006,4,0.01770390383899212,Cryptic,0.7538539171218872,0.5253209471702576,190.0,1,4,5,1,0.5569479903510224,1.0790833385058736,-11.65278893372481,-9.132145776604737,1.1755910476484985,-11.797599046045496,-9.15781545083298,16.128665307534146,16.155733778399746,-0.027068470865600602,False,False,False
9sid_chainB,3007,5,0.07335405051708221,Cryptic,0.7538539171218872,0.5315722823143005,570.0,1,3,4,1,0.7639552843003503,-10.53658843586522,-16.065726574846536,-5.083786856642773,-10.10545270824645,-15.844857266215088,-4.722988230327136,17.088751516186765,16.493539706059842,0.5952118101269228,True,False,False
9sid_chainB,3007,5,0.07335405051708221,Cryptic,0.7538539171218872,0.5315722823143005,570.0,2,3,5,2,0.639418164476408,0.9369614236009192,-12.021112131722134,-9.520548053949227,1.1038467520376933,-12.007773661855998,-9.834562134788788,16.515776309740897,16.83199391039008,-0.3162176006491819,False,False,False
9sid_chainB,4007,6,0.0182950459420681,Allosteric,0.7538539171218872,0.5315079092979431,190.0,1,3,5,2,0.639418164476408,0.9586331962631548,-12.029648780643916,-9.49066664941076,1.1162467255086401,-12.01595195649885,-9.79659231261803,16.486239134326848,16.79438220966703,-0.30814307534018326,False,False,False
9sid_chainB,4002,7,0.056450992822647095,ActiveSite,0.7538539171218872,0.4703395664691925,570.0,1,3,5,2,0.639418164476408,0.9647453094931882,-12.03141824704174,-9.50513278073777,1.1242026228297264,-12.017161821342924,-9.81438091417976,16.500795928807996,16.812343604179564,-0.3115476753715676,False,False,False
9sid_chainB,4001,8,0.07492707669734955,Cryptic,0.6978216767311096,0.5180080533027649,355.0,1,3,4,1,0.7639552843003503,-10.473044980890556,-15.984198091812656,-5.128401720348208,-10.08068043486859,-15.787833077009127,-4.790780178598962,17.058214227089618,16.511619092053028,0.5465951350365899,True,False,False
9sid_chainB,3009,9,0.03055066242814064,Cryptic,0.6978216767311096,0.531199038028717,355.0,1,8,9,1,0.4182676168359218,-17.111698956189464,-15.194463155389377,-6.141980298564342,-17.1985599779612,-15.023124013048612,-6.234899932239875,22.45088114194011,22.549362142776246,-0.09848100083613787,False,False,False
9sid_chainB,4005,10,0.0013424165081232786,Unknown,0.45303764939308167,0.5395453572273254,75.0,1,3,5,2,0.7746978395303095,5.569533165097613,6.133542012172692,-12.511413312603272,5.2178603423106775,6.039481246146074,-12.592253539244485,26.927201489902878,26.863020117495694,0.0641813724071838,True,False,False
9sid_chainB,4003,11,0.0,Unknown,0.5780863165855408,0.5200510621070862,58.0,1,3,7,4,0.6890419571963486,-6.245379464477957,1.3136130579029803,-16.320849584411363,-6.327554132595422,1.1185888204468077,-16.238295631723695,27.65625971949777,27.515621047299266,0.14063867219850223,True,False,False
9sid_chainB,4000,12,0.0,Unknown,0.5308859944343567,0.5730155110359192,84.0,1,3,6,3,0.6491211699607587,-23.883733249252558,-14.350333484603393,-10.852831632831577,-23.54732070127145,-14.123877632881445,-10.538910014973903,30.547004347511944,30.073768671277634,0.4732356762343102,True,False,False
9t29_chainA,511,5,0.028261758387088776,Cryptic,0.8118273615837097,0.6126302480697632,634.0,1,3,5,2,0.6219756481385537,34.59495721237365,32.67945358826624,87.23416953893836,34.070985397096216,32.52448877429603,87.62384716234457,34.28926860484611,33.927437789524355,0.36183081532175265,True,False,False
9t29_chainA,1519,11,0.020416952669620514,Cryptic,0.7117264270782471,0.8023062348365784,401.0,1,3,6,3,0.5848073062144006,37.07459791901877,32.69607598915538,122.1145371204984,37.066005904032416,32.72929230822054,122.32075734849442,16.18863827519721,16.20740297873059,-0.018764703533381777,False,False,False
9t29_chainA,3532,13,0.020504286512732506,Cryptic,0.7117264270782471,0.7735278010368347,1203.0,1,4,6,2,0.5402669044617395,40.08063434181779,37.71985957085096,121.71549230697512,40.06180352849863,37.82819330009626,121.62227724854652,14.138783116984248,14.034786295842299,0.10399682114194952,True,False,False
9t29_chainA,4519,14,0.019789444282650948,ActiveSite,0.7117264270782471,0.7099535465240479,401.0,1,4,7,3,0.5360621584477681,38.30946258127335,33.44617684835378,122.05138185783599,38.23297759158939,33.45186490669355,122.00527348932243,16.17160864424282,16.114850164139888,0.05675848010293194,True,False,False
9t29_chainA,4519,14,0.019789444282650948,ActiveSite,0.7117264270782471,0.7099535465240479,401.0,2,3,6,3,0.48475817934064047,39.29238798560387,36.83309311902549,120.77267373132484,39.314376691051834,36.73283752884441,121.0339589651083,13.94903607625972,14.08397176945172,-0.13493569319200027,False,False,False
9t29_chainA,1518,15,0.016637582331895828,Cryptic,0.7117264270782471,0.714674174785614,401.0,1,4,6,2,0.5402669044617395,40.08360033580446,37.72054086816054,121.70799166424766,40.06519246046871,37.82519111360778,121.61840370246996,14.138709813199627,14.038234668037761,0.10047514516186595,True,False,False
9t29_chainA,4002,16,0.0725824236869812,ActiveSite,0.7117264270782471,0.7140123248100281,1203.0,1,4,7,3,0.5402669044617395,40.081957122441835,37.721730036501675,121.7059808725867,40.01127605393816,37.665135068810535,121.61656668835019,14.136251840425684,14.097193751635379,0.03905808879030559,True,False,False
9t29_chainA,4002,16,0.0725824236869812,ActiveSite,0.7117264270782471,0.7140123248100281,1203.0,2,3,6,3,0.48475817934064047,39.29318585997699,36.841597052008844,120.77459827885913,39.3146991364923,36.742006941003744,121.0311065553018,13.944057568776381,14.077269289203429,-0.1332117204270471,False,False,False
9t29_chainA,4520,17,0.0,ActiveSite,0.7117264270782471,0.9366199970245361,401.0,1,3,6,3,0.48475817934064047,39.29064107081809,36.8366998906407,120.77954990215723,39.313141086100195,36.73459370491547,121.04356208762901,13.946584184128694,14.08382725768312,-0.13724307355442633,False,False,False
9t29_chainA,3006,31,0.02484731934964657,ActiveSite,0.7678141593933105,0.6303882002830505,634.0,1,3,5,2,0.6219756481385537,34.55011852779453,32.66096314968185,87.21978835569162,34.03638138402762,32.509975242284796,87.60836528012375,34.303164955562735,33.94279467396648,0.3603702815962535,True,False,False
9t2f_chainA,7,3,0.04734605550765991,ActiveSite,0.7390652298927307,0.7664656639099121,870.0,1,3,5,2,0.6380878775511607,145.10283965189896,3.5213815664755264,5.4475605368101245,144.72799520876404,3.597407568912619,5.729372578726749,42.81020533240029,42.355736972471135,0.4544683599291517,True,False,False
9t2f_chainA,1517,14,0.00792897492647171,Cryptic,0.6990652680397034,1.0,290.0,1,3,5,2,0.6380878775511607,145.09067773780077,3.5159775825971753,5.445586017730387,144.7161697494004,3.5930903103861014,5.728662502535805,42.80264209497466,42.34757573771431,0.4550663572603497,True,False,False
9t2f_chainA,3524,15,0.04297688975930214,Cryptic,0.7390652298927307,0.6945397853851318,870.0,1,3,6,3,0.6380878775511607,145.08436715680145,3.5277807170555024,5.448799272504832,144.2789523500199,3.3995282968799474,5.8284542930548096,42.79176484758248,42.010930669261256,0.7808341783212214,True,False,False
9t2f_chainA,1516,16,0.008032816462218761,Cryptic,0.6990652680397034,1.0,290.0,1,5,7,2,0.5710222291182055,146.09281754478388,3.257318459968687,3.199583034333471,145.66090841997664,3.133594763491638,3.613654097211506,44.651633491787834,44.16125239670924,0.49038109507859673,True,False,False
9t2f_chainA,1518,17,0.00872842501848936,Cryptic,0.6990652680397034,0.8190905451774597,290.0,1,4,6,2,0.592687117487187,146.1913741443124,3.3914280635497764,3.8303382859028474,145.63211096936175,3.22015236897103,4.296972579052398,44.42314021940182,43.82365094075835,0.5994892786434747,True,False,False
9t2f_chainA,4514,18,0.012222475372254848,Cryptic,0.7390652298927307,0.8330225348472595,290.0,1,3,5,2,0.6380878775511607,145.01663230441406,3.4597835996702933,5.426806867168271,144.66387990686934,3.5424719433829464,5.703448513789353,42.76778412380372,42.3316199414082,0.43616418239552246,True,False,False
9t2f_chainA,4516,19,0.011450323276221752,Cryptic,0.6990652680397034,0.8956007361412048,290.0,1,4,6,2,0.592687117487187,146.1674229392405,3.397776344277984,3.8481042081049566,145.6364355620853,3.233687782194063,4.291369533708272,44.39345950982073,43.824671277916394,0.5687882319043354,True,False,False
9t2f_chainA,1514,21,0.004353655967861414,Cryptic,0.7390652298927307,1.0,290.0,1,4,6,2,0.592687117487187,146.1913741443124,3.3914280635497764,3.8303382859028474,145.63211096936175,3.22015236897103,4.296972579052398,44.42314021940182,43.82365094075835,0.5994892786434747,True,False,False
9t2f_chainA,1515,22,0.005724931135773659,Cryptic,0.7390652298927307,0.8190905451774597,290.0,1,4,6,2,0.592687117487187,146.1913741443124,3.3914280635497764,3.8303382859028474,145.63211096936175,3.22015236897103,4.296972579052398,44.42314021940182,43.82365094075835,0.5994892786434747,True,False,False
9t2f_chainA,1513,23,0.00695492047816515,Cryptic,0.7390652298927307,1.0,290.0,1,4,6,2,0.592687117487187,146.1913741443124,3.3914280635497764,3.8303382859028474,145.63211096936175,3.22015236897103,4.296972579052398,44.42314021940182,43.82365094075835,0.5994892786434747,True,False,False
9t2f_chainA,3511,38,0.015215469524264336,Allosteric,0.7144791483879089,0.859889805316925,150.0,1,4,4,0,0.4767931917681633,110.99802861901226,16.974263958420917,27.32895391639986,110.99802861901226,16.974263958420917,27.32895391639986,5.992881929827305,5.992881929827305,0.0,False,False,False
9t2g_chainA,514,2,0.07603669166564941,Cryptic,0.6210528016090393,0.7943893074989319,3598.0,1,5,7,2,0.4624949629255611,-14.709404745245804,13.991060354752927,-27.271474505475098,-14.660688175993142,13.644555334847919,-27.376984482287455,18.886860561337322,18.973660189923496,-0.0867996285861743,False,False,False
9t2g_chainA,517,5,0.006881375331431627,Cryptic,0.8175273537635803,0.678844690322876,321.0,1,3,6,3,0.5592258115449082,13.244497312791163,7.447341848148161,-10.42159034021796,12.997651520009878,7.682924345328495,-10.641329702713014,17.42704382688815,17.028511882063206,0.39853194482494203,True,False,False
9t2g_chainA,4514,13,0.0630321353673935,Cryptic,0.6210528016090393,0.7713789343833923,3598.0,1,5,7,2,0.4624949629255611,-14.712183162496945,13.982861634867657,-27.26768806837211,-14.662708482482106,13.633151456016474,-27.37467656371476,18.888700603419743,18.976468359814987,-0.08776775639524459,False,False,False
9t2g_chainA,1524,14,0.0630267783999443,Cryptic,0.6210528016090393,1.0,1199.3333740234375,1,4,6,2,0.4856985836703481,-14.65128515443802,16.19365164581954,-27.00915511513616,-14.424536195216044,16.181765483657163,-26.95878177392084,18.396942450686737,18.180481900881492,0.21646054980524454,True,False,False
9t2g_chainA,4527,15,0.046539194881916046,ActiveSite,0.5861695408821106,1.0,1199.3333740234375,1,4,6,2,0.4856985836703481,-14.650180263598498,16.19190260730614,-27.0139093709123,-14.421707067457099,16.18006968893714,-26.962672537803144,18.398700287732197,18.180347206655863,0.21835308107633367,True,False,False
9t2g_chainA,1525,16,0.06794533133506775,Cryptic,0.6210528016090393,0.9328401684761047,1199.3333740234375,1,6,9,3,0.4794009107504408,-13.998230405274853,14.959260899952849,-26.653121001485147,-13.957395884387225,14.811670682876445,-26.76414157236378,17.801028398177543,17.84950084051646,-0.04847244233891601,False,False,False
9t2g_chainA,1523,17,0.047223370522260666,Cryptic,0.6210528016090393,0.6950399279594421,1199.3333740234375,1,3,6,3,0.775132911960526,-14.926332247846142,10.95782293443191,-27.32000722535036,-14.775987614634785,11.068293671573768,-27.552602528683742,19.895133155417128,19.860222448929843,0.03491070648728467,True,False,False
9t2g_chainA,1526,18,0.0405709370970726,Cryptic,0.5861695408821106,0.6950399279594421,1199.3333740234375,1,5,7,2,0.4624949629255611,-14.711147083745615,13.982997714095053,-27.27005055539908,-14.661629411675593,13.632346495404592,-27.377142880738994,18.88908861085597,18.97708770747875,-0.08799909662277727,False,False,False
9t2g_chainA,1528,19,0.06280909478664398,Cryptic,0.5861695408821106,0.9328401684761047,1199.3333740234375,1,5,7,2,0.4624949629255611,-14.711147083745615,13.982997714095053,-27.27005055539908,-14.661629411675593,13.632346495404592,-27.377142880738994,18.88908861085597,18.97708770747875,-0.08799909662277727,False,False,False
9t2g_chainA,1527,20,0.05681263282895088,Cryptic,0.5861695408821106,1.0,1199.3333740234375,1,5,7,2,0.4624949629255611,-14.711147083745615,13.982997714095053,-27.27005055539908,-14.661629411675593,13.632346495404592,-27.377142880738994,18.88908861085597,18.97708770747875,-0.08799909662277727,False,False,False
9t7f_chainA,0,2,0.04387056827545166,ActiveSite,0.6703827381134033,0.5152878165245056,424.0,1,5,7,2,0.5224663220567918,-4.804277387560573,42.2044452473879,66.98567386167261,-4.698421739936378,42.34299828833371,67.05881257385022,23.92215083753181,23.751900789195847,0.17025004833596213,True,False,False
9t7f_chainA,2,3,0.00804583914577961,Unknown,0.5439304709434509,0.47825586795806885,90.0,1,3,4,1,0.5228313287277808,7.752341668027155,62.66052080998129,58.12820215228514,7.526671944052864,62.562806886199155,58.25338613480336,10.070102811846015,9.897802686607461,0.17230012523855365,True,False,False
9t7f_chainA,1006,4,0.0,Cryptic,0.7266920208930969,0.5912305116653442,185.6666717529297,1,4,6,2,0.5664702971974072,15.357269087043868,47.84663408867148,63.23601495156851,15.10897046746533,48.02894786937317,63.12148035850967,20.133068351010817,19.875962595991954,0.2571057550188627,True,False,False
9t7f_chainA,1006,4,0.0,Cryptic,0.7266920208930969,0.5912305116653442,185.6666717529297,2,4,7,3,0.48518908771907676,11.796557404998428,47.60560309869665,61.82110804018864,12.234043202232986,47.587889354974294,61.85564247962154,19.04467118256719,19.22195846688814,-0.17728728432095053,False,False,False
9t7f_chainA,4005,5,0.005846441723406315,Allosteric,0.7266920208930969,0.500124990940094,185.6666717529297,1,3,7,4,0.5104511073478187,15.814739280664359,47.681966578073585,63.5056847499151,15.407016530271845,47.86518248414021,63.1919981411424,20.461749004767185,20.154300510483928,0.30744849428325693,True,False,False
9t7f_chainA,4005,5,0.005846441723406315,Allosteric,0.7266920208930969,0.500124990940094,185.6666717529297,2,4,8,4,0.5722212044617065,13.27667645152962,48.68638653445457,62.31201177435017,13.576542755228486,48.56827379040386,62.425817202087934,18.611273457865334,18.821704489823517,-0.21043103195818347,False,False,False
9t7f_chainA,4000,6,0.04248758405447006,ActiveSite,0.6703827381134033,0.550126850605011,424.0,1,7,8,1,0.4084825410229636,4.280390621570226,44.34195096920274,68.86868751698172,4.283851668142031,44.39013525145684,68.83394664911201,19.946633954925442,19.896205850596328,0.050428104329114376,True,False,False
9t7f_chainA,4003,7,0.01724565215408802,ActiveSite,0.7266920208930969,0.49951913952827454,557.0,1,3,4,1,0.5749486273795404,13.701393906862766,48.73980246811398,60.00726535070411,13.972032505963522,48.635461221532786,60.06965369912664,19.537001311300852,19.724790484847404,-0.18778917354655178,False,False,False
9t7f_chainA,4003,7,0.01724565215408802,ActiveSite,0.7266920208930969,0.49951913952827454,557.0,2,3,6,3,0.5104511073478187,15.818285580190077,47.68150390075661,63.49972049146362,15.567772982487684,47.84286357251669,62.91021616109437,20.465258278303526,20.322001762460076,0.14325651584345067,True,False,False
9t7f_chainA,4001,8,0.0,Unknown,0.5189516544342041,0.5538097023963928,55.0,1,4,5,1,0.5693447443171867,-0.7896477361796886,52.81243336626517,61.05878461281157,-0.7265707284698666,53.17118212408592,61.038839037316286,14.15101261068989,13.848310519716216,0.30270209097367307,True,False,False
9t7f_chainB,0,2,0.0,Unknown,0.43456190824508667,0.528285801410675,55.0,1,4,6,2,0.4967861747609499,21.23301315819039,46.48163534001399,48.537693549344645,21.12435583227437,46.86973405496147,48.401407280476015,10.214499714457514,10.624274413430458,-0.40977469897294405,False,False,False
9t7f_chainB,6,3,0.0,Unknown,0.5003065466880798,0.5290122032165527,54.0,1,6,7,1,0.40347889103138906,42.622754384515446,26.872292996968355,49.73415277441324,42.65822861970881,26.789712927951904,49.76983049024861,23.720451121726317,23.78440144653877,-0.06395032481245266,False,False,False
9t7f_chainB,3,4,0.00903464388102293,Allosteric,0.5828148722648621,0.5032666921615601,172.0,1,6,10,4,0.5704096867073805,35.58420111154851,29.155962950118038,47.56554505610121,35.53263014429789,29.09417738876292,47.388768368202655,16.774520036878304,16.799111770023064,-0.024591733144760042,False,False,False
9t7f_chainB,1,5,0.00247964751906693,Unknown,0.5327417254447937,0.4745595455169678,72.0,1,7,10,3,0.37145605750458294,24.721825688631352,40.159318610557314,45.53241601692348,24.73579001007355,40.104294722497336,45.469167414491174,7.727571241212515,7.75772937613796,-0.030158134925445168,False,False,False
9t7f_chainB,3011,6,0.033975277096033096,Cryptic,0.8325768709182739,0.5357435941696167,774.0,1,3,7,4,0.7134791802262272,38.59503514894553,43.70139853984298,49.48176643372912,38.16807247221889,44.17689277093612,49.17922625238416,18.961750501982813,18.786593157432755,0.17515734455005827,True,False,False
9t7f_chainB,1007,7,0.01209383737295866,Cryptic,0.8325768709182739,0.5314052700996399,258.0,1,5,9,4,0.6497791944677038,38.54611431852698,42.15251004118976,50.817519832912915,38.52880756286565,42.26505253712181,50.764245230443244,18.30700189441256,18.326265601645737,-0.01926370723317561,False,False,False
9t7f_chainB,1007,7,0.01209383737295866,Cryptic,0.8325768709182739,0.5314052700996399,258.0,2,3,8,5,0.5337357076004102,37.71609326184618,47.73100953036017,50.188936611949295,37.65510888679927,47.366657724809464,49.664119204817844,20.004863591725105,19.793644005109204,0.21121958661590057,True,False,False
9t7f_chainB,4008,8,0.01611626148223877,Cryptic,0.8325768709182739,0.5164950489997864,258.0,1,4,8,4,0.6173687051942381,38.848046485323295,41.79259110105417,50.17442439707817,38.64625510688172,41.86034005143458,50.14821733154973,18.523608761568294,18.35100238951018,0.17260637205811236,True,False,False
9t7f_chainB,4009,9,0.007776044774800539,Cryptic,0.6665383577346802,0.5394003987312317,200.3333282470703,1,7,9,2,0.4117053450502112,42.30477655827055,32.71423933801664,52.545171768129,42.195817044259876,32.2446405140168,52.40559776824998,21.615098535878456,21.592600856572172,0.022497679306283658,True,False,False
9t7f_chainB,4004,10,0.024846648797392845,ActiveSite,0.8325768709182739,0.4652731716632843,774.0,1,4,8,4,0.6173687051942381,38.84797227378909,41.79569355116719,50.17371326101093,38.647596635028044,41.86254503632526,50.14776399954629,18.524441677605246,18.352939852590815,0.17150182501443112,True,False,False
9t7f_chainB,1010,11,0.013419042341411114,Cryptic,0.6665383577346802,0.5316754579544067,200.3333282470703,1,3,5,2,0.6511336697996328,38.76279988885819,39.53357880109127,52.40335161165574,38.86885047410188,39.372862858799806,52.350126210165946,17.93366753589834,18.010539737604677,-0.0768722017063368,False,False,False
9t7f_chainB,1010,11,0.013419042341411114,Cryptic,0.6665383577346802,0.5316754579544067,200.3333282470703,2,3,4,1,0.6342198953443337,34.08941320931806,45.48854182458159,55.9511229633261,34.33128921410295,45.35972816813735,55.79024237314524,16.35487386477792,16.435829373767458,-0.08095550898953618,False,False,False
9t7f_chainB,1011,12,0.011816136538982391,Cryptic,0.6665383577346802,0.5966302752494812,200.3333282470703,1,4,6,2,0.578072668054428,40.19865008526601,37.98199495904169,52.642543895669306,40.154713687297225,37.99063832665141,52.578498235348434,19.19680071226225,19.149586085963204,0.04721462629904494,True,False,False
9t7f_chainB,4010,13,0.02018439583480358,Cryptic,0.6665383577346802,0.48224982619285583,200.3333282470703,1,4,6,2,0.578072668054428,40.215991096685244,37.93859276313537,52.61906419735985,40.17073296390121,37.950943264048014,52.55747011467786,19.209653146838527,19.16156780985184,0.04808533698668782,True,False,False
9t7f_chainB,4002,14,0.06093689426779747,ActiveSite,0.6665383577346802,0.5195536017417908,601.0,1,3,7,4,0.5801611756633506,39.747106558428214,33.93736568880696,52.11012223022445,39.881342099393486,33.82784749192409,52.04327205261455,18.873555427277093,19.019976979809794,-0.14642155253270062,False,False,False
9t7f_chainB,4002,14,0.06093689426779747,ActiveSite,0.6665383577346802,0.5195536017417908,601.0,2,5,7,2,0.5553341294351372,38.917227340838316,37.44699182978078,52.186702676979664,38.998140706973274,37.48462247243724,52.17883585114414,17.864440337057964,17.94651025602093,-0.082069918962965,False,False,False
9tf5_chainA,3,2,0.0,Unknown,0.5038928389549255,0.5390859246253967,82.0,1,7,9,2,0.4706371583665525,4.777721600522634,0.5571868798923922,14.154535950042911,4.809281853770505,0.3841436014079211,14.178999239633647,19.374866895453106,19.22358514723844,0.151281748214668,True,False,False
9tf5_chainA,6,4,0.006025049369782209,Unknown,0.5784249305725098,0.5145254731178284,145.0,1,3,5,2,0.682487104552947,6.359479370397637,-2.4591128134147167,12.274652551156763,6.174146918607967,-2.333118943766852,12.16771953116313,16.894981624609233,17.139436919950715,-0.24445529534148136,False,False,False
9tf5_chainA,5,5,0.02235887013375759,ActiveSite,0.7220516204833984,0.49183714389801025,502.0,1,7,10,3,0.45400143399094184,10.737298273046607,-1.2505851886474342,18.387048668962095,10.804319527718413,-1.5905940378389247,18.03885667882101,13.822048773828039,13.51487227417236,0.3071764996556787,True,False,False
9tf5_chainA,4009,7,0.007321903016418219,Allosteric,0.7220516204833984,0.5432286262512207,167.3333282470703,1,6,9,3,0.5210384519360254,11.781669633828196,-1.6841809708662356,18.752985266564366,12.103634814930658,-2.1392593478151696,18.520287511853628,12.953936894838213,12.415516876913557,0.5384200179246559,True,False,False
9tf5_chainA,4008,8,0.009826474823057652,Cryptic,0.7421712875366211,0.548730731010437,201.6666717529297,1,8,9,1,0.46040065383474416,9.911570484859082,12.942937872815785,15.177784133440689,9.936297344132218,12.815127051601173,15.21777643553909,27.654523244927876,27.520381338193477,0.13414190673439919,True,False,False
9tf5_chainA,1010,9,0.008273215964436531,Cryptic,0.7220516204833984,0.5424269437789917,167.3333282470703,1,5,9,4,0.51774331535211,8.122546804662399,11.167544498959604,17.869116909433732,7.997886064323272,11.273276454731114,18.193038656277732,26.26068760882197,26.38961939155486,-0.12893178273288797,False,False,False
9tf5_chainA,1011,10,0.0032892723102122545,Cryptic,0.7220516204833984,0.6331864595413208,167.3333282470703,1,3,6,3,0.7418493545167131,8.060387837821208,10.25667249005324,19.65430275993494,7.746788311954695,10.31626859427937,19.41506332003304,25.40607696929567,25.5723920672856,-0.1663150979899335,False,False,False
9tf5_chainA,4002,11,0.023359423503279686,ActiveSite,0.7421712875366211,0.4846959114074707,605.0,1,7,9,2,0.4650735350138832,9.674543713591166,14.178988162798774,14.6704590276446,9.750727809788913,14.061132112652022,14.555059539050536,28.97053741085575,28.856449625340133,0.11408778551561838,True,False,False
9tf5_chainA,4007,12,0.005438119173049927,Cryptic,0.7421712875366211,0.5023831725120544,201.6666717529297,1,7,9,2,0.4650735350138832,9.65512871313853,14.193620992336609,14.594190455422858,9.729245410213958,14.080354317669354,14.486287588868782,29.001370676595155,28.891299977030123,0.11007069956503202,True,False,False
9tf5_chainA,4005,13,0.028262516483664513,ActiveSite,0.7220516204833984,0.53762286901474,502.0,1,4,8,4,0.5753261680115076,14.0121270811027,0.24163607958672434,19.786726622250626,14.10533800608872,-0.47075548442044435,19.460362494454817,14.062484258416964,13.336536446567974,0.7259478118489895,True,False,False
9tf5_chainA,4005,13,0.028262516483664513,ActiveSite,0.7220516204833984,0.53762286901474,502.0,2,3,6,3,0.7418493545167131,8.083575060843552,10.252703164152162,19.633164525369356,7.752592555846329,10.315934651850563,19.386508522485506,25.393589482885275,25.569625428605107,-0.17603594571983194,False,False,False
9tf5_chainB,6,2,0.0,Unknown,0.5095904469490051,0.5431990027427673,73.0,1,4,4,0,0.6488936635508777,31.529926099178425,41.98330412346507,1.6514991194507747,31.529926099178425,41.98330412346507,1.6514991194507747,24.026616696647682,24.026616696647682,0.0,False,False,False
9tf5_chainB,1,3,0.041269559413194656,ActiveSite,0.8268575668334961,0.47616255283355713,683.0,1,3,5,2,0.6302504156904092,9.608349193440116,37.70598705689918,-2.462536381734047,9.812535365640112,37.814418997153176,-2.674173852183399,20.41940482075366,20.404296123195454,0.015108697558204653,True,False,False
9tf5_chainB,0,4,0.0,Unknown,0.4433360695838928,0.5334113240242004,114.0,1,3,5,2,0.6228219029964385,8.335213142180477,20.289340834532226,-2.3889711899196375,8.330238228051345,20.09764101564088,-2.520527467951733,12.610500515040316,12.628939613788226,-0.018439098747910165,False,False,False
9tf5_chainB,5,5,0.003447650233283639,Unknown,0.48914235830307007,0.5218247771263123,78.0,1,3,5,2,0.6265583375985068,20.503570499492557,28.39664025799586,-1.6103552633464184,20.719625936083062,28.15284754505865,-1.7138167285883943,7.694160677826621,7.437995950062371,0.2561647277642498,True,False,False
9tf5_chainB,5,5,0.003447650233283639,Unknown,0.48914235830307007,0.5218247771263123,78.0,2,3,6,3,0.514267114554645,26.449474671953684,33.5428219927206,-2.946100763251719,26.180356122793928,33.265343295474004,-3.036306532700443,13.996219111849673,13.643624542697353,0.3525945691523198,True,False,False
9tf5_chainB,4,6,0.0,Unknown,0.5380334854125977,0.47107353806495667,56.0,1,5,7,2,0.42896972204259,15.10273065495963,22.725394779136774,-4.514018722953761,15.139411566329315,22.822786965697148,-4.344003579850601,6.6818150358572215,6.615966228277389,0.06584880757983225,True,False,False
9tf5_chainB,1008,7,0.015370341017842293,Cryptic,0.8268575668334961,0.5442851185798645,227.6666717529297,1,4,5,1,0.5879138101789347,9.98191518092513,38.808871065269855,0.2297855395332833,10.13578090815271,38.712739563510944,0.09366959424569701,21.25324998740993,21.07883168702356,0.17441830038637107,True,False,False
9tf5_chainB,3011,8,0.03459210321307182,Cryptic,0.8268575668334961,0.5440240502357483,683.0,1,3,5,2,0.6302504156904092,9.608349193440116,37.70598705689918,-2.462536381734047,9.812535365640112,37.814418997153176,-2.674173852183399,20.41940482075366,20.404296123195454,0.015108697558204653,True,False,False
9tf5_chainB,1006,9,0.014675297774374485,Cryptic,0.8268575668334961,0.5469262003898621,227.6666717529297,1,3,5,2,0.6302504156904092,9.608009276370424,37.70426627172015,-2.4650959158299726,9.812800123673583,37.81322024529419,-2.677011049775962,20.418228758866615,20.403251174511983,0.014977584354632256,True,False,False
9tf5_chainB,1007,10,0.011017490178346634,Cryptic,0.8268575668334961,0.5168114304542542,227.6666717529297,1,4,5,1,0.5879138101789347,9.979455099930728,38.80878638195272,0.2210403812699989,10.131949999962632,38.71359380903223,0.08669253159880826,21.25355799884349,21.08085384732321,0.17270415152028207,True,False,False
9tf5_chainB,4009,11,0.008290189318358898,Allosteric,0.6729654669761658,0.5524832606315613,197.3333282470703,1,6,8,2,0.49304744297734426,28.653646291074473,41.49433652583922,2.4057588410681197,28.559242016574505,41.71993947304636,2.5041736686929603,22.583040089655267,22.777874312841348,-0.19483422318608135,False,False,False
9tf5_chainB,4001,12,0.03813833370804787,ActiveSite,0.8268575668334961,0.468295693397522,683.0,1,4,5,1,0.5879138101789347,9.973070849490156,38.78968853798676,0.18275251072291146,10.131986931691472,38.69170835404178,0.04506984014026892,21.236754732506895,21.05821210317962,0.17854262932727494,True,False,False
9tf5_chainB,4003,15,0.05461916700005531,ActiveSite,0.6729654669761658,0.5609376430511475,592.0,1,3,8,5,0.6566006562826571,25.300540673133245,40.58056933061425,3.860939233212014,26.01443077649185,41.02554236885707,3.3072629395512414,21.143573015320914,21.576961689578198,-0.43338867425728367,False,False,False
9tf5_chainB,4004,17,0.0,Unknown,0.5380334854125977,0.5158666968345642,56.0,1,5,6,1,0.42896972204259,15.09603013475863,22.747403429641817,-4.518065259619378,15.118935843994159,22.781435095670282,-4.675881999706769,6.695851096443081,6.748943369224542,-0.05309227278146089,False,False,False
9tf5_chainC,7,1,0.0,Unknown,0.4207916855812073,0.5453348755836487,58.0,1,5,7,2,0.5823431498679448,48.088589541530865,34.74882381367626,32.274253878942694,47.980131162815724,34.58112238148588,32.31151610955814,33.8178664080286,33.65687777693811,0.16098863109048978,True,False,False
9tf5_chainC,5,2,0.011020592413842678,Unknown,0.5486761927604675,0.5026320815086365,105.0,1,3,5,2,0.6254861849124317,36.567924256068736,30.128138441413146,25.78227529980754,36.507830957147426,30.155395625053355,26.102343281444828,20.60929617802947,20.678877815848686,-0.06958163781921556,False,False,False
9tf5_chainC,6,3,0.0,Unknown,0.4533916413784027,0.5439485311508179,52.0,1,3,4,1,0.6447694965559789,43.865690062344946,22.629021390816177,35.547994018543115,43.774989642707084,22.20653345730987,35.547022622491866,26.98221045285509,26.808140261225805,0.1740701916292835,True,False,False
9tf5_chainC,2,4,0.03407583385705948,ActiveSite,0.6816869974136353,0.501157283782959,506.0,1,6,8,2,0.5429043361752656,32.602205909477334,11.750128267353587,33.965784776470024,32.345496302042406,11.806719668663208,33.987344130989385,17.482309278507998,17.343602292411457,0.13870698609654042,True,False,False
9tf5_chainC,2,4,0.03407583385705948,ActiveSite,0.6816869974136353,0.501157283782959,506.0,2,3,7,4,0.580730014335629,24.770004190005032,13.66678661389259,32.94186247672495,24.769720065253424,13.574026079368931,32.689255407340426,13.189070353717202,12.959215705756757,0.22985464796044575,True,False,False
9tf5_chainC,1012,5,0.013081826269626617,Cryptic,0.6816869974136353,0.6082605719566345,168.6666717529297,1,4,5,1,0.6136200102751729,36.24390031199363,12.707286821832918,34.04929846857493,36.39468837290512,12.888372360914355,33.94185023189997,19.636304151938198,19.635537941407655,0.0007662105305428213,True,False,False
9tf5_chainC,4010,6,0.008468758314847946,Allosteric,0.6816869974136353,0.5574660301208496,168.6666717529297,1,6,8,2,0.5429043361752656,32.56782261108104,11.735047807275736,33.98593627332739,32.30727462592253,11.793980233409078,34.00663595740913,17.48265086279952,17.341085510366998,0.14156535243252222,True,False,False
9tf5_chainC,4007,7,0.017242470756173134,Allosteric,0.7749369144439697,0.5449244976043701,197.3333282470703,1,4,7,3,0.5088127867122383,45.325710680999016,16.15649250413776,30.06586311011948,45.133318990564746,16.248867399087764,29.722909861409608,24.633707576312567,24.321278074956403,0.31242950135616354,True,False,False
9tf5_chainC,4007,7,0.017242470756173134,Allosteric,0.7749369144439697,0.5449244976043701,197.3333282470703,2,4,5,1,0.45455352028080914,38.994299485201445,15.85263487467865,31.476713387308372,39.166224382299,15.909864952294296,31.338565448325138,19.793534877739962,19.85581225681063,-0.062277379070668104,False,False,False
9tf5_chainC,1011,8,0.012390214949846268,Cryptic,0.6816869974136353,0.5487498044967651,168.6666717529297,1,3,5,2,0.6044509188525184,38.323720138978096,14.684764392765079,33.812842963164904,38.82335910054865,15.019461669156716,33.59475702798816,20.751296302292708,20.970115757973865,-0.21881945568115668,False,False,False
9tf5_chainC,4009,9,0.014995844103395939,Allosteric,0.7749369144439697,0.5251152515411377,197.3333282470703,1,5,7,2,0.4433217663850427,39.67849079975699,15.96420331060707,32.26394217617433,39.986116701927024,16.062592975580134,32.15207596018211,20.807684648488692,20.994063596139966,-0.18637894765127427,False,False,False
9tf5_chainC,4009,9,0.014995844103395939,Allosteric,0.7749369144439697,0.5251152515411377,197.3333282470703,2,4,8,4,0.5088127867122383,45.32807338945139,16.15722731468335,30.06810230895724,45.03352044171602,16.256441450469648,29.956620622745422,24.63678268173219,24.323661200894154,0.3131214808380349,True,False,False
9tf5_chainC,1008,10,0.013765021227300167,Cryptic,0.7749369144439697,0.5340790152549744,197.3333282470703,1,4,7,3,0.5088127867122383,45.356421071323616,16.10463153308149,30.00443922536332,45.21533131411351,16.175538405364787,29.761151287462518,24.636486754508937,24.410733973761534,0.22575278074740268,True,False,False
9tf5_chainC,1008,10,0.013765021227300167,Cryptic,0.7749369144439697,0.5340790152549744,197.3333282470703,2,3,7,4,0.42838765090031633,40.77574396623862,16.715066541850987,30.355372280636995,40.95697006966384,16.563014665384067,30.278014090709917,20.713573348051003,20.827554210190446,-0.11398086213944225,False,False,False
9tf5_chainC,4001,11,0.01595194637775421,Unknown,0.5419000387191772,0.5522380471229553,137.0,1,5,9,4,0.40919851434545373,31.277348540634232,23.34653207554331,30.6344119092903,31.298787011411786,23.521602402040322,30.432210856105765,15.449001358740444,15.409597730409917,0.03940362833052724,True,False,False
9tf5_chainC,4001,11,0.01595194637775421,Unknown,0.5419000387191772,0.5522380471229553,137.0,2,3,7,4,0.6742537963313415,31.06333700863205,25.087838387198545,28.150351875921736,31.041444425876435,24.55436381785182,28.329428931263855,14.761319766318444,14.52304680556613,0.23827296075231352,True,False,False
9tf5_chainC,4003,12,0.0,Unknown,0.4840813875198364,0.5699247121810913,53.0,1,4,5,1,0.683810105726557,29.716282305563656,23.246281781336442,27.797977825768893,29.709816817538123,23.05944714179124,27.81004652845878,12.704163170478877,12.60065339589979,0.10350977457908606,True,False,False
9tf5_chainC,4004,13,0.05282776057720184,ActiveSite,0.7749369144439697,0.48184236884117126,592.0,1,4,5,1,0.45455352028080914,38.99415748737271,15.852522853371086,31.476854750571707,39.16597656360438,15.909720716198457,31.33879057494457,19.793500230815873,19.855735393637342,-0.06223516282146946,False,False,False
9tf5_chainC,4004,13,0.05282776057720184,ActiveSite,0.7749369144439697,0.48184236884117126,592.0,2,4,7,3,0.5088127867122383,45.32615315717278,16.15671809448967,30.066326282042883,45.133888141580826,16.248980746932407,29.72364006653145,24.6343021837435,24.322091527922172,0.31221065582132823,True,False,False
9tf5_chainC,4000,14,0.0,Unknown,0.0,0.5544225573539734,56.0,1,4,8,4,0.5624179099835256,22.74677844041187,13.564553426575957,30.251835689641098,22.957706843425726,13.493977648607757,30.408163420049547,10.423339738160404,10.592465671255157,-0.16912593309475277,False,False,False
9u5b_chainA,509,2,0.02299337089061737,Cryptic,0.8153330683708191,0.5019065737724304,240.0,1,4,6,2,0.6524077943883448,23.158500201278148,-2.5485967140127737,8.419457657880981,23.4613536555307,-2.5504463177126975,8.726153676624644,11.661677135913669,11.71709238411197,-0.055415248198301015,False,False,False
9u5b_chainA,510,9,0.0,Cryptic,0.5802527070045471,0.5252192616462708,50.0,1,5,6,1,0.5479229303117985,3.038889425860137,6.730222669764873,7.638029898533837,2.8365864545786628,6.853699222552821,7.690303724725201,15.213551555266445,15.390883178936873,-0.17733162367042787,False,False,False
9u5b_chainA,3,10,0.0,Unknown,0.6510833501815796,0.5344834923744202,52.0,1,4,8,4,0.4413485548853118,13.734457350891589,-13.720035366576331,14.551049331510244,13.680748770172432,-13.763177162724759,14.481914870246053,13.74936403950724,13.799075638544005,-0.049711599036765364,False,False,False
9u5b_chainA,1515,12,0.012180141173303127,Cryptic,0.646817147731781,0.6611425876617432,264.6666564941406,1,3,3,0,0.7966243539387581,-2.1657186655460436,4.488166946268645,30.98471203396162,-2.1657186655460436,4.488166946268645,30.98471203396162,23.013006772054304,23.013006772054304,0.0,False,False,False
9u5b_chainA,1511,13,0.023778120055794716,Cryptic,0.757012128829956,0.6664085984230042,188.3333282470703,1,4,4,0,0.49988374994528156,18.88813886105988,-1.7070062260613732,7.88802632364244,18.88813886105988,-1.7070062260613732,7.88802632364244,9.057334083324944,9.057334083324944,0.0,False,False,False
9u5b_chainA,1511,13,0.023778120055794716,Cryptic,0.757012128829956,0.6664085984230042,188.3333282470703,2,3,6,3,0.7278210972890897,11.367184089230658,4.331542055539359,4.538003024184161,11.125377978005346,3.948449198626773,4.45682365553909,12.090947031458802,12.09243032299084,-0.001483291532037967,False,False,False
9u5b_chainA,4514,14,0.0077459742315113544,Cryptic,0.646817147731781,0.5669941306114197,264.6666564941406,1,3,3,0,0.7966243539387581,-2.159966322625089,4.486825724734836,30.989373048522253,-2.159966322625089,4.486825724734836,30.989373048522253,23.011796341311808,23.011796341311808,0.0,False,False,False
9u5b_chainA,4000,15,0.03561600297689438,ActiveSite,0.646817147731781,0.5566920638084412,794.0,1,3,3,0,0.7966243539387581,-2.195456824791498,4.479140396030482,30.938359236751836,-2.195456824791498,4.479140396030482,30.938359236751836,23.00119995996002,23.00119995996002,0.0,False,False,False
9u5b_chainA,4007,16,0.04403247311711311,ActiveSite,0.757012128829956,0.5707949995994568,565.0,1,7,10,3,0.4570547065894111,28.319965253896562,-2.7694470758947665,12.164865216319352,28.446833796668752,-2.928086030745539,12.262121060918526,14.74595064776905,14.876433152195942,-0.13048250442689202,False,False,False
9u5b_chainA,4509,19,0.018930355086922646,Cryptic,0.8153330683708191,0.5554956197738647,240.0,1,6,6,0,0.4773556050223926,24.696180287431517,-4.415328333482158,11.740893177879387,24.696180287431517,-4.415328333482158,11.740893177879387,11.962805527455552,11.962805527455552,0.0,False,False,False
9upz_chainA,2,2,0.00444652047008276,Allosteric,0.5855206847190857,0.5783221125602722,152.0,1,3,4,1,0.6568821525413513,25.04334196333512,-0.05654742571045349,-1.4491454821644087,25.0936166823494,-0.23977017101688708,-1.382235516655402,13.454545230983639,13.325236152610346,0.12930907837329286,True,False,False
9upz_chainA,504,3,0.0,Cryptic,0.5905434489250183,0.6128786206245422,162.0,1,3,6,3,0.7158680682254099,38.41073935334351,-1.7211497056237224,1.5257190036726256,38.56896183211799,-1.428409312972065,1.8532397868111614,5.558544827635228,5.530376159673808,0.02816866796142037,True,False,False
9upz_chainA,505,4,0.033740442246198654,Cryptic,0.7721987962722778,0.5342694520950317,660.0,1,12,12,0,0.37842421721879405,22.693916319227057,3.0551731921018725,0.5931851623823952,22.693916319227057,3.0551731921018725,0.5931851623823952,15.6809142934478,15.6809142934478,0.0,False,False,False
9upz_chainA,1,6,0.04260530695319176,ActiveSite,0.6928980350494385,0.5463347434997559,660.0,1,9,10,1,0.3965847994981009,16.87414758518155,5.983577978080521,1.0836166141239287,16.864238782170784,6.059494972332814,1.1313512902876912,21.824755240986214,21.858199906775646,-0.03344466578943184,False,False,False
9upz_chainA,3511,7,0.04001128301024437,Cryptic,0.6928980350494385,0.5180982947349548,660.0,1,3,5,2,0.6433989757661879,15.11474233651149,8.334656263753283,-9.28204532532693,14.75153840989351,8.21693692248851,-9.562481205838903,28.3315472854845,28.69406753157327,-0.36252024608877065,False,False,False
9upz_chainA,4001,8,0.07709398120641708,ActiveSite,0.6928980350494385,0.5097662210464478,660.0,1,9,10,1,0.39658479949810094,16.874147585181557,5.983577978080523,1.083616614123929,16.86423878217079,6.059494972332815,1.1313512902876914,21.82475524098621,21.85819990677564,-0.033444665789428285,False,False,False
9upz_chainA,4001,8,0.07709398120641708,ActiveSite,0.6928980350494385,0.5097662210464478,660.0,2,3,5,2,0.6433989757661879,15.03173242644383,8.389387023926222,-9.23730556402003,14.667726738150543,8.262250017643902,-9.528864012519008,28.392143799866464,28.756743752211115,-0.36459995234465126,False,False,False
9upz_chainA,4509,9,0.013202406466007233,Cryptic,0.6928980350494385,0.5552941560745239,220.0,1,9,10,1,0.3864027161373957,19.056081716699353,5.474842700824174,1.5135202789935616,18.993354266898823,5.564954875904704,1.5521172921537345,19.62750049679489,19.716228301719458,-0.08872780492456656,False,False,False
9upz_chainA,1505,10,0.006316482555121183,Cryptic,0.7721987962722778,0.5625114440917969,220.0,1,9,10,1,0.39658479949810094,16.867185033760098,5.9858958440123144,1.0775877815392736,16.85738139731244,6.0622129485760645,1.1257509518860023,21.833111562353267,21.866545627875553,-0.033434065522286005,False,False,False
9upz_chainA,1505,10,0.006316482555121183,Cryptic,0.7721987962722778,0.5625114440917969,220.0,2,3,5,2,0.6433989757661879,15.050107186942716,8.38077034563903,-9.254607673203335,14.684757925885396,8.254769329806892,-9.544117331302965,28.384151901060207,28.74921153165264,-0.36505963059243385,False,False,False
9upz_chainA,4507,11,0.0074990116991102695,Cryptic,0.7721987962722778,0.599315881729126,220.0,1,10,11,1,0.36473053309154657,17.811657219063775,5.821344519847173,1.3349142430300225,17.78190390457853,5.895632663565288,1.3738914339366257,20.890864118447045,20.94334935707167,-0.05248523862462662,False,False,False
9upz_chainA,1508,12,0.004094239789992571,Cryptic,0.6928980350494385,0.5625114440917969,220.0,1,9,10,1,0.3965847994981009,16.85093928359323,5.996915659803431,1.097968892250651,16.841598639371362,6.072333895301491,1.1452501593450826,21.847826587662496,21.880699446701826,-0.03287285903932968,False,False,False
9upz_chainA,4003,13,0.0,Unknown,0.5695206522941589,0.5415858626365662,51.0,1,4,5,1,0.570015274192374,35.278742798019415,8.330315462303874,8.554164341008526,35.38307871282061,8.603762312875661,8.663943620424504,12.71727077122828,13.005371041748228,-0.2881002705199478,False,False,False
9xj0_chainA,0,1,0.08670583367347717,ActiveSite,0.6640522480010986,0.48529815673828125,559.0,1,3,6,3,0.4400753656967442,9.780846807520604,-6.068667589052395,-9.324337871286408,9.600595910311828,-6.2900485426091866,-9.73806280154134,9.588717574644674,9.245816960397205,0.3429006142474691,True,False,False
9xj0_chainA,1,2,0.011344855651259422,Cryptic,0.680921733379364,0.5335489511489868,264.0,1,4,6,2,0.4414661960804413,15.825115876104892,-16.646558787006228,-7.868635080233528,15.589248053736966,-16.624654280540703,-7.8616862721696,8.00672246025236,7.906421202185068,0.10030125806729284,True,False,False
9xj0_chainA,2,4,0.0,Unknown,0.43870633840560913,0.49606773257255554,62.0,1,5,10,5,0.5565923788610511,18.960032477176185,-8.57326242135445,-26.171525614078437,19.23446848597026,-8.579249177724376,-25.850241124791896,14.35395728998161,14.221263351659085,0.13269393832252518,True,False,False
9xj0_chainA,2,4,0.0,Unknown,0.43870633840560913,0.49606773257255554,62.0,2,3,5,2,0.5260531547775416,22.509825235093064,-11.991184071329897,-22.116548963800387,22.1811855503001,-12.243958155626515,-22.53401894533582,12.78347372958879,12.752228031837552,0.03124569775123831,True,False,False
9xj0_chainA,4004,5,0.013523084111511707,Allosteric,0.5566281080245972,0.518738329410553,173.0,1,3,5,2,0.5823712818943343,24.66307259357158,-10.004080866776475,-18.434092240225404,25.098880693700742,-9.753052569864446,-17.94735182612831,13.406781080187477,13.7454921914436,-0.3387111112561225,False,False,False
9xj0_chainA,4000,8,0.05679988116025925,ActiveSite,0.6640522480010986,0.5327283143997192,559.0,1,5,6,1,0.45623419369450285,7.782123732350838,-9.421397422879647,-7.906081778714055,7.677462701346263,-9.403323885607197,-7.856366399624849,9.11226552898816,9.209944109949571,-0.09767858096141069,False,False,False
9xj0_chainA,1004,10,0.006704053375869989,Cryptic,0.6640522480010986,0.5589110851287842,186.3333282470703,1,3,6,3,0.4400753656967442,9.807881701423131,-6.049272821639056,-9.273705691541455,9.645032284523861,-6.2467379315138505,-9.644242202470542,9.62417312613891,9.315727881765875,0.30844524437303455,True,False,False
9xj0_chainA,3006,11,0.0,Cryptic,0.680921733379364,0.5676384568214417,264.0,1,8,9,1,0.42372159175212104,13.48658050992989,-16.963694898169233,-4.492791540546228,13.472452615683931,-16.953897531025003,-4.571903377095939,10.563399265053183,10.484110609844837,0.07928865520834627,True,False,False
9xj0_chainB,506,1,0.0,Cryptic,0.4530539810657501,0.6838276982307434,92.0,1,3,5,2,0.6341633526372733,50.062600981390766,-19.157995267468117,-3.2811692495712474,50.147811411658736,-19.054977236654075,-3.367119306678361,12.219961951831646,12.176521826009772,0.043440125821874176,True,False,False
9xj0_chainB,5,3,0.0,Unknown,0.4404709041118622,0.5044371485710144,57.0,1,8,8,0,0.43575651691388295,39.258741611706434,-22.020463993627477,-25.31317141030205,39.258741611706434,-22.020463993627477,-25.31317141030205,12.728112139930268,12.728112139930268,0.0,False,False,False
9xj0_chainB,2,5,0.00964096374809742,Allosteric,0.5281163454055786,0.4958724081516266,168.0,1,4,6,2,0.6128515989975835,36.61083638087541,-19.223234212078896,-28.27257188729694,36.4989856588407,-19.563362998510197,-27.917538742480502,16.204430759299406,15.970543128858846,0.2338876304405595,True,False,False
9xj0_chainB,1,6,0.004605331923812628,Unknown,0.5205138921737671,0.4756215810775757,72.0,1,3,7,4,0.5922511020810427,32.79240780663272,-25.293773740331584,-21.61603409240802,33.00473706811857,-25.968984060779746,-21.160229587472735,15.51596030898773,15.44001429826747,0.07594601072025853,True,False,False
9xj0_chainB,1,6,0.004605331923812628,Unknown,0.5205138921737671,0.4756215810775757,72.0,2,3,7,4,0.7226488412858285,31.412433351026362,-24.428514440463406,-17.563905504222944,31.228945746326158,-24.81074791500927,-17.300454046704008,14.93871868121711,15.196465731569225,-0.25774705035211376,False,False,False
9xj0_chainB,1507,7,0.024239037185907364,Cryptic,0.6770704388618469,0.5198767781257629,220.0,1,3,7,4,0.5529955812699509,44.588639260426525,-20.594561539151805,-9.849716843835031,44.65906939970124,-20.525980712119647,-9.970550012709129,4.835551855231251,4.694395090380047,0.1411567648512042,True,True,True
9xj0_chainB,4004,11,0.010420440696179867,Cryptic,0.7889906764030457,0.6303220391273499,302.0,1,5,7,2,0.5609031378605269,40.413059118268784,-16.638598728685096,-9.77793113865932,40.45480442403057,-16.631823923963488,-9.711935447370568,6.770631856584153,6.790209274890118,-0.019577418305964933,False,False,False
9xji_chainA,8,1,0.0,Cryptic,0.6342151165008545,0.49465063214302063,387.0,1,4,7,3,0.4466463394854716,-0.7087048095102811,24.702543328555908,-23.013529369071758,-0.7257061762319148,24.78119938800612,-23.16440837228425,13.118459000098074,13.275050606828378,-0.15659160673030392,False,False,False
9xji_chainA,8,1,0.0,Cryptic,0.6342151165008545,0.49465063214302063,387.0,2,4,5,1,0.6102053173529873,2.520554265324906,19.3479474451883,-11.305271916293453,2.789549512398008,19.64601260687141,-11.110685881698345,4.207623121501056,4.302983635693696,-0.09536051419263991,False,True,True
9xji_chainA,1,3,0.0,Unknown,0.51119464635849,0.5530131459236145,52.0,1,3,4,1,0.5585725339602854,-10.343397143955112,28.122944657744092,-1.2206621697732067,-10.316313809487312,28.14711991968567,-1.4262674671921467,22.749638588171088,22.6287707649272,0.12086782324388778,True,False,False
9xji_chainA,3,4,0.011320661753416061,Unknown,0.4952906370162964,0.5124234557151794,115.0,1,3,5,2,0.6415202338976225,-5.622974301680807,17.61107465985632,-24.602479805926123,-5.469168300199901,18.088342922476972,-24.88937315198707,15.321548470536639,15.427760177373322,-0.10621170683668346,False,False,False
9xji_chainA,0,5,0.004114474169909954,Unknown,0.5705633759498596,0.4878850281238556,63.0,1,4,10,6,0.5411432112400855,-9.591116161344912,21.468677339929705,-1.390920773985938,-9.366804566297239,22.0023416991379,-1.9806751269143288,19.822808828886373,19.40366150095513,0.4191473279312419,True,False,False
9xji_chainA,508,6,0.045501191169023514,Cryptic,0.7508273720741272,0.47069427371025085,275.0,1,7,7,0,0.46876599662472074,5.855959815350012,20.121779539836126,-7.461178164085,5.855959815350012,20.121779539836126,-7.461178164085,6.94155469080005,6.94155469080005,0.0,False,False,False
9xji_chainA,2,8,0.013404827564954758,Unknown,0.5805571675300598,0.47223320603370667,95.0,1,5,8,3,0.5235701875478502,-8.71384708466589,21.93556631260369,-16.45209204941808,-8.89024086508851,21.840544542008658,-16.486854959959228,14.929688580976874,15.073604409271887,-0.14391582829501282,False,False,False
9xji_chainA,5508,9,0.054581642150878906,Cryptic,0.7508273720741272,0.4918186664581299,275.0,1,3,4,1,0.47999675038632167,8.364976557401377,20.457845332846745,-2.8997210689689012,8.34843861576302,20.3738895352826,-3.292905318031017,11.760956211026274,11.369469799794066,0.39148641123220784,True,False,False
9xji_chainA,4002,10,0.013602414168417454,Unknown,0.5805571675300598,0.47733166813850403,95.0,1,4,10,6,0.5648231170818231,-9.712583006719768,21.526590206798385,-14.339971215902853,-9.439009885348165,21.745763909958498,-14.331603274272291,15.55302872353774,15.348385177310405,0.20464354622733438,True,False,False
9xji_chainB,508,2,0.028014516457915306,Cryptic,0.6534326672554016,0.4681542217731476,167.0,1,3,5,2,0.5634128360443316,-8.157284630143073,44.89598079552394,-2.861933963113115,-8.099066995550594,44.70053720985619,-3.5136454242313246,11.659704952809468,11.081402680933747,0.5783022718757209,True,False,False
9xji_chainB,6,3,0.06011609733104706,Cryptic,0.683834433555603,0.4944288432598114,207.0,1,5,9,4,0.5157866939007093,9.274621709692031,44.26571215609964,-11.737645928682532,9.439194289161494,44.047111973395424,-11.47859077067234,15.12260407932389,15.368169626188775,-0.24556554686488496,False,False,False
9xji_chainB,6,3,0.06011609733104706,Cryptic,0.683834433555603,0.4944288432598114,207.0,2,3,3,0,0.5179612591967357,-0.8133636929018602,54.120477935195716,-14.886661284909426,-0.8133636929018602,54.120477935195716,-14.886661284909426,8.032447167471846,8.032447167471846,0.0,False,False,False
9xji_chainB,5,4,0.0048365783877670765,Unknown,0.46596989035606384,0.507146418094635,92.0,1,4,10,6,0.5718718061628594,3.4824864180551445,43.913834735164066,-24.880282891732197,3.551426037919322,43.69261335967344,-24.779032101249705,14.5782202353207,14.600841341576551,-0.02262110625585123,False,False,False
9xji_chainB,2,5,0.0,Cryptic,0.4711098074913025,0.5604100823402405,69.0,1,4,6,2,0.49957192327673366,-0.17120008906798784,54.64895931282481,-15.752625892521262,-0.013944623455513346,54.560870026852555,-15.948149208955801,8.971309248696285,9.037199922177807,-0.06589067348152255,False,False,False
9xji_chainB,507,6,0.030405275523662567,Cryptic,0.7604807615280151,0.458919882774353,207.0,1,3,3,0,0.5179612591967357,-0.8810243235638089,54.29096866846903,-14.456350910384563,-0.8810243235638089,54.29096866846903,-14.456350910384563,8.091819628719975,8.091819628719975,0.0,False,False,False
9xji_chainB,507,6,0.030405275523662567,Cryptic,0.7604807615280151,0.458919882774353,207.0,2,4,6,2,0.42189858544856296,10.070198741878645,44.05348426769005,-12.470661791546007,10.050720910165978,43.6693290269365,-12.591468960235305,15.856939825107109,15.917426361419892,-0.060486536312783556,False,False,False
9xji_chainB,4,7,0.0,Unknown,0.46683645248413086,0.5399752259254456,65.0,1,4,6,2,0.6547090795523564,3.64480580493987,54.438566769330215,-23.862924133635847,3.5692752995068426,54.47884304371392,-23.881134614935565,15.100869308621924,15.086630341754198,0.014238966867726077,True,False,False
9xji_chainB,4508,8,0.018378278240561485,Cryptic,0.6534326672554016,0.5277954936027527,167.0,1,4,5,1,0.43221198835321717,-8.260745765266883,46.75026566242425,-3.760609699290877,-8.250258546297088,46.71944640520531,-3.979924742780932,10.54277604706985,10.332454973287469,0.21032107378238152,True,False,False
9xji_chainB,4507,12,0.02892894856631756,Cryptic,0.7604807615280151,0.5450688600540161,207.0,1,4,5,1,0.5560789875238931,0.7026762234622754,55.076377217523486,-17.162368454425163,0.7905778868712589,55.141973985798195,-17.299589816822845,10.190452195783307,10.335888947190341,-0.1454367514070345,False,False,False
9yc2_chainA,0,1,0.0,Unknown,0.43098658323287964,0.5702146887779236,111.0,1,7,7,0,0.43626047654998074,9.510062990236996,36.36784148443147,29.283231351897168,9.510062990236996,36.36784148443147,29.283231351897168,5.27642105622585,5.27642105622585,0.0,False,False,False
9yc2_chainA,504,2,0.02178271859884262,Cryptic,0.575986385345459,0.5203273892402649,160.0,1,3,5,2,0.7854071389878579,8.966639364184356,18.827753923335457,37.64179524754664,9.254579484984758,18.678784975367368,37.85960387628156,17.797495284115193,18.002949655037288,-0.2054543709220944,False,False,False
9yc2_chainA,2,4,0.05745885521173477,Unknown,0.7025220990180969,0.49163296818733215,148.0,1,6,8,2,0.5377421094571171,15.174161346215914,14.772854494889057,43.78680719630233,15.125454857788666,14.926271162533386,43.783419315052186,24.895719308103313,24.77802241293114,0.1176968951721733,True,False,False
9yc2_chainA,4002,6,0.08486423641443253,Unknown,0.7025220990180969,0.5474435687065125,148.0,1,4,8,4,0.613419109901178,15.280068618849624,15.15743808620212,43.075684171273004,15.160873472383583,15.17232672019333,43.406388959431716,24.147490581757022,24.34729583923623,-0.19980525747920908,False,False,False
9yg3_chainB,511,2,0.017173171043395996,Cryptic,0.6511337757110596,0.45773598551750183,106.0,1,3,5,2,0.7997801265638971,-17.169050640626935,41.61242854923444,73.76027936686526,-16.86164876776305,41.854574840893825,74.00871687104956,34.45554315593942,34.04546535842944,0.4100777975099774,True,False,False
9yg3_chainB,511,2,0.017173171043395996,Cryptic,0.6511337757110596,0.45773598551750183,106.0,2,4,5,1,0.591589159468188,-12.552884686676881,43.36904447180474,81.03379618041623,-12.443314363079947,43.866023302736636,81.00559109573325,27.401169416450376,27.26470877670687,0.13646063974350753,True,False,False
9yg3_chainB,2,3,0.023323576897382736,Unknown,0.6392613053321838,0.4750676155090332,106.0,1,3,6,3,0.6004855778805462,-10.251370142256562,41.352132655967836,78.7111413883406,-10.638301790139435,41.87051901038919,78.16174973239791,26.246943463669172,26.72658732140468,-0.4796438577355069,False,False,False
9yg3_chainB,1513,9,0.03490108251571655,Cryptic,0.7236047983169556,0.6214503645896912,361.3333435058594,1,6,8,2,0.3907640410877528,0.9937836679714059,49.40408042118302,83.99410261108957,1.0591147212018899,49.20561840037808,83.73707433492619,13.963547252293914,13.938630424509833,0.024916827784080553,True,False,False
9yg3_chainB,4006,10,0.10907726734876633,ActiveSite,0.7820571660995483,0.4614109992980957,416.0,1,3,5,2,0.6749708690555409,0.1266168990278165,40.38487007757666,87.57996340459684,-0.12708805135085613,40.48176583464907,87.71903048974875,14.63875584890292,14.832020609675494,-0.19326476077257482,False,False,False
9yg3_chainB,3516,11,0.0730336606502533,Cryptic,0.7236047983169556,0.6449509859085083,1084.0,1,9,11,2,0.40180959211120687,6.28660523199798,49.73052843425079,80.02881898765206,6.51413107006462,49.60634988357629,79.92152828906806,11.919221905873258,11.815024442309381,0.10419746356387627,True,False,False
9yg3_chainB,1512,12,0.0,Cryptic,0.7236047983169556,0.7038214802742004,361.3333435058594,1,5,6,1,0.4279023186931112,6.636632322163935,50.827433910890825,82.2551507927057,6.567531486853146,50.5176945804958,82.01722615141973,10.689555247001499,10.734226902236452,-0.04467165523495353,False,False,False
9yg3_chainB,4514,13,0.01350223645567894,Cryptic,0.7236047983169556,0.7975607514381409,361.3333435058594,1,6,7,1,0.38934677941790563,4.732667527569365,49.994461442116396,82.065227962817,4.758934229247537,49.733117573654226,81.84233183258344,11.81059611257154,11.822956532651999,-0.012360420080458567,False,False,False
9yg3_chainB,1514,15,0.004929841961711645,Cryptic,0.7236047983169556,0.7820496559143066,361.3333435058594,1,5,5,0,0.4325296246479879,4.692884487249068,50.2826317919493,83.11146999890087,4.692884487249068,50.2826317919493,83.11146999890087,11.420178001872797,11.420178001872797,0.0,False,False,False
9yg3_chainB,4007,16,0.04114484414458275,Cryptic,0.7121623754501343,0.5658770799636841,247.0,1,3,4,1,0.624852155192434,-0.10751470543867464,66.89889494412212,57.83388470726636,-0.18119973131540523,67.06581680739507,57.91102895323598,39.69910101744019,39.754526852480616,-0.055425835040423976,False,False,False
9yg3_chainB,4002,19,0.018370872363448143,Unknown,0.6392613053321838,0.523337721824646,106.0,1,3,4,1,0.7997801265638971,-17.08082508519916,41.64675320646368,73.81301024424285,-16.99401167172098,42.00273095912154,73.96114903566773,34.34983204381071,34.16789725423434,0.181934789576367,True,False,False
9znb_chainA,1,1,0.0036948216147720814,Cryptic,0.8376315832138062,0.6951830387115479,205.0,1,4,4,0,0.5753482540892139,-29.266677397357814,31.05996030819009,48.59391321855745,-29.266677397357814,31.05996030819009,48.59391321855745,5.640247313132435,5.640247313132435,0.0,False,False,False
9znb_chainA,506,3,0.0,Cryptic,0.6763845682144165,0.484851211309433,126.0,1,3,6,3,0.7467728466947461,-23.02924640718834,12.286807239168763,23.797395219030758,-23.581029990201245,12.374616839478573,23.53081467060244,32.84078514335191,32.8158020664144,0.024983076937509452,True,False,False
9znb_chainA,0,6,0.08654846996068954,ActiveSite,0.7407565712928772,0.4980602562427521,1018.0,1,3,6,3,0.4611772222368602,-26.698662801667314,14.80927155061944,29.29019802706334,-26.445208977928093,14.795040980897143,29.30651288050098,26.012108058049144,26.08500499667564,-0.07289693862649571,False,False,False
9znb_chainA,0,6,0.08654846996068954,ActiveSite,0.7407565712928772,0.4980602562427521,1018.0,2,5,7,2,0.6278812086830378,-22.240304372241678,16.587158427762187,34.010098589082965,-22.31070529894943,16.622373169820772,33.959259568415995,23.459083939358255,23.436722405885234,0.0223615334730205,True,False,False
9znb_chainA,4,7,0.018298272043466568,Cryptic,0.7692350745201111,0.5603508353233337,221.0,1,3,4,1,0.862573607193915,-17.313209385790493,15.737617399919795,17.44851310344174,-17.495553185684912,15.635036653924272,17.628832668560438,38.77452249210131,38.581006015871374,0.19351647622993795,True,False,False
9znb_chainA,4,7,0.018298272043466568,Cryptic,0.7692350745201111,0.5603508353233337,221.0,2,3,5,2,0.6585119050939542,-12.653781877845477,4.451266075123122,23.525989142173053,-12.54539117487333,4.366248507835561,23.543005539221106,42.032237759160594,42.128524364328385,-0.09628660516779064,False,False,False
9znb_chainA,1509,8,0.01539106946438551,Cryptic,0.7407565712928772,0.8150730729103088,339.3333435058594,1,4,7,3,0.6882122625935926,-21.875975525180422,15.187720746162146,35.16894790324391,-22.032699240164327,15.194649439767774,35.07306209658739,23.716417888351735,23.686948680029534,0.029469208322201013,True,False,False
9znb_chainA,1508,9,0.022875498980283737,Cryptic,0.7407565712928772,0.6795344948768616,339.3333435058594,1,4,7,3,0.6882122625935926,-21.849609028271548,15.147004078238364,35.2115686192319,-22.006202981552054,15.156172117542981,35.114633008202134,23.729122443040964,23.69867982132192,0.030442621719043217,True,False,False
9znb_chainA,1507,10,0.01170266605913639,Cryptic,0.7407565712928772,0.5616961717605591,339.3333435058594,1,5,7,2,0.6278812086830379,-22.224227769052757,16.568589925615875,34.03107336258376,-22.29480092515346,16.60442022676451,33.97967174602982,23.46378414639272,23.441253823291074,0.02253032310164471,True,False,False
9znb_chainA,4508,11,0.020523283630609512,Cryptic,0.7407565712928772,0.6577775478363037,339.3333435058594,1,5,7,2,0.6278812086830379,-22.22498850925765,16.567835710676157,34.031256689217784,-22.295437565564903,16.603643005667152,33.97991221283791,23.46367247362816,23.44118239422312,0.022490079405041996,True,False,False
9znb_chainA,1512,14,0.001372895436361432,Cryptic,0.7622089982032776,1.0,197.0,1,3,4,1,0.6980219059462129,-18.481765879072473,24.093580053172875,40.81130506660714,-18.5718513275304,24.17180429462406,40.88863795716184,18.955967818296646,18.8231326245999,0.1328351936967458,True,False,False
9znb_chainA,4512,15,0.0018732218304648995,Allosteric,0.7622089982032776,0.9172373414039612,197.0,1,4,6,2,0.5543587151400194,-17.694030560575,23.30558209001489,40.3588431806584,-17.68357531616308,23.41120009678496,40.40630209123014,20.051177710658298,20.00735381648938,0.04382389416891641,True,False,False
9znb_chainA,3514,16,0.0075246794149279594,Cryptic,0.7692350745201111,0.643610417842865,221.0,1,3,6,3,0.7791591906266998,-8.641962843324508,5.493903837734844,22.403351770374847,-8.567341029958804,5.11283353451729,22.231141484613488,44.353693911416,44.70713778695694,-0.3534438755409397,False,False,False
9znb_chainA,4506,18,0.0,Cryptic,0.6763845682144165,0.555988609790802,126.0,1,3,4,1,0.5335595608346626,-19.59456696624952,20.108497803074957,24.668552980361635,-19.592530856314745,19.77456579649609,24.071467955584485,30.348730873850403,30.939801003121303,-0.5910701292709,False,False,False
