target,site_id,site_rank,site_rank_score,site_classification,site_druggability,site_uv_enrichment_score,site_volume,cluster_id,seed_n,cluster_internal_score,void_score,raw_centroid_x,raw_centroid_y,raw_centroid_z,void_centroid_x,void_centroid_y,void_centroid_z,raw_dcc,void_dcc,dcc_gain,improved,good_raw_dcc_5,good_void_dcc_5,voxel_n_kept,voxel_n_blobs,voxel_peak_score,voxel_mean_score,voxel_blob_voxels
9ig2_chainA,1,1,0.15403957664966583,ActiveSite,0.6531283855438232,0.7364893555641174,1911.0,1,3,0.5723703299744148,0.5699713963316342,-2.7680579698612817,5.355579054468012,18.017650650428237,0.9013023728670942,10.485511204888864,10.886727988207754,11.990336201010878,13.528663378457994,-1.5383271774471154,False,False,False,25,6,0.560601205127033,0.5407324908171063,6
9ig2_chainA,3,2,0.02568606659770012,ActiveSite,0.7228365540504456,0.7667074799537659,1035.0,1,4,0.45343425752898514,0.5193188287776294,-1.7213444252186694,-0.5619212901512712,47.381661132556765,-8.212437608096243,2.9456176087585524,48.39422618715572,28.09119708742932,29.46238135027785,-1.37118426284853,False,False,False,28,6,0.4999713561792056,0.48451666212752104,6
9ig2_chainA,4,3,0.036112308502197266,ActiveSite,0.6593725681304932,0.8285130858421326,1085.0,1,3,0.5821375437746046,0.4902247920699139,-2.6143935112528527,28.742040182346628,16.320135240491634,-2.8749889586010964,35.398941562291036,16.41570268731183,18.207576454590136,24.11021638849841,-5.902639933908276,False,False,False,22,6,0.46356252550566057,0.4573751782779647,6
9ig2_chainA,5,4,0.005324935540556908,Unknown,0.5539416074752808,0.848883867263794,135.0,1,7,0.4846708726503162,0.5897843471789926,-8.63212955944978,16.522425214611843,14.06841999483788,-9.130577061313893,16.504588028329024,23.075343268614873,16.16858022833698,13.46822090474351,2.700359323593471,True,False,False,30,6,0.5507678052736276,0.5368147055094715,11
9ig2_chainA,515,6,0.0033917324617505074,Cryptic,0.647803783416748,0.8095075488090515,148.0,1,9,0.41649060934656423,0.5653660531061436,-12.610954781614286,19.240597683554107,43.56894038741487,-7.402413050143886,19.110682943644726,38.76878735237627,26.502895641571907,19.691641494833085,6.811254146738822,True,False,False,34,6,0.562293907757579,0.5507970619422033,5
9ig2_chainA,517,9,0.0002499206457287073,Cryptic,0.6088988184928894,1.0,167.0,1,3,0.6804700603324759,0.5184891612869491,26.62373843912663,15.868035995000417,17.69213047574533,22.174944542132152,18.348290625782465,12.059221070020767,23.56020030243299,22.159777970728488,1.400422331704501,True,False,False,24,6,0.4971840608323037,0.48942703455155107,6
9ig2_chainA,516,11,0.0,Cryptic,0.6285156011581421,0.8101717829704285,87.0,1,8,0.40441257714508644,0.5866944030075195,21.35742297042723,16.815646377241972,19.550415530563342,18.36253755834478,19.619210666761795,26.250941468374442,18.186875290161527,15.851572226779906,2.3353030633816214,True,False,False,35,6,0.5488203635090174,0.5276941703870887,11
9ig2_chainA,9,13,0.0,Cryptic,0.6758342385292053,1.0,257.0,1,3,0.471398494066278,0.6052164739505191,4.573367380971999,-4.049160458889839,74.74893344529035,9.652727921581699,-8.067791373808983,77.91754166788725,53.95469258943376,58.5947063089239,-4.640013719490135,False,False,False,23,5,0.5804344314543547,0.563204127395762,9
9ig2_chainA,6,17,0.0014251668471843004,Unknown,0.4687826633453369,1.0,88.0,1,3,0.6588726029522837,0.5137772515550946,-9.593924386386934,18.35303897685448,14.21124094603077,-4.121899254016292,24.71205298933631,12.9338165331181,17.27429955407067,17.56014224102903,-0.285842686958361,False,False,False,20,6,0.5120859654230348,0.5016741898902487,4
9ig2_chainA,6,17,0.0014251668471843004,Unknown,0.4687826633453369,1.0,88.0,2,4,0.44828386083357286,0.5572871674526604,-4.565317860503703,19.38432994027117,14.311008113708898,-13.824758484900798,14.280632529266743,18.62771236674992,14.017174295933222,18.53142576385353,-4.5142514679203085,False,False,False,27,6,0.5084276582861248,0.4918951004167293,12
9ig2_chainA,4523,19,0.03213292360305786,ActiveSite,0.6531283855438232,0.7885010838508606,637.0,1,10,0.43836597464073507,0.5996055333433958,-2.9593856012304416,6.326912270723826,21.379381280795055,-4.401944925565937,0.1661751014385407,23.4096865695512,10.224152277164718,15.721404472868715,-5.497252195703997,False,False,False,37,6,0.5578275137310359,0.5429373996744459,12
9ig2_chainA,1523,20,0.03225570172071457,Cryptic,0.6531283855438232,0.800568163394928,637.0,1,7,0.41389293601346355,0.59489542322199,-7.048544788143798,4.16817028000927,26.523199770769295,-4.73915266278731,-0.23207379760695734,23.930555879217096,14.691087615080395,16.236560755687226,-1.5454731406068305,False,False,False,35,6,0.5597798619136487,0.5330809016443894,11
9ig2_chainA,4001,21,0.06936030834913254,ActiveSite,0.6531283855438232,0.7260258793830872,1911.0,1,7,0.382048485229786,0.5638095684063368,-3.7793820020577296,5.669859434340018,20.931489082446475,-3.8994665814514904,0.2063617268183775,23.330324982942553,11.344102785339905,15.4267653139579,-4.082662528617995,False,False,False,32,6,0.5439654424189424,0.5305591745606628,7
9ig2_chainA,3528,22,0.13101764023303986,Cryptic,0.6531283855438232,0.804995059967041,1911.0,1,3,0.5723703299744148,0.542143114286377,-2.797922632209194,5.386590582215322,17.864867770328473,1.7519892307335052,9.437936964826125,11.786578229822013,12.059663156066657,12.789689998492287,-0.7300268424256302,False,False,False,25,6,0.5350091312674734,0.5233578914362134,5
9ig2_chainA,1524,23,0.03474137559533119,Cryptic,0.6531283855438232,1.0,637.0,1,3,0.5252286295494405,0.5824655388777887,-3.5196348417969756,3.0500713018420864,23.382762965063332,-1.819310634887357,9.660582845996611,14.367434544691976,12.836676779497918,11.641548820920757,1.1951279585771601,True,False,False,26,6,0.5424671295061149,0.5271978602478682,11
9ig2_chainA,4524,24,0.037741709500551224,ActiveSite,0.6531283855438232,0.9570186138153076,637.0,1,3,0.6575663656529709,0.5461271661980911,-1.386690359996481,6.33857329663856,19.649651513480357,-2.431953022640675,11.023247203458629,12.158267028555695,9.80404126151844,13.442021030120808,-3.637979768602367,False,False,False,25,6,0.5319817705988192,0.514524502366085,6
9ig2_chainA,4522,25,0.022241974249482155,ActiveSite,0.6531283855438232,0.7407190203666687,637.0,1,3,0.5723703299744148,0.5814921181743905,-2.8048389842193067,5.392079599672985,17.836778121836716,-0.7925700090526102,10.707382795924312,11.607343011752068,12.0735355774235,13.306229089531746,-1.232693512108245,False,False,False,24,6,0.5367995396036528,0.5207112397434143,12
9ig2_chainA,1520,26,0.005031939595937729,Cryptic,0.7228365540504456,1.0,345.0,1,3,0.5861110189312155,0.5468446810090878,-1.612407445592867,0.6975742337008924,48.60150948226319,-9.157411902985567,5.047252065955197,51.57227247978441,28.519298316702866,31.923099874896128,-3.403801558193262,False,False,False,24,6,0.5202745335977763,0.4932424838395387,8
9ig2_chainA,1521,28,0.005609449930489063,Cryptic,0.7228365540504456,1.0,345.0,1,3,0.5861110189312155,0.5495978053154826,-1.6118941638985467,0.6932459774373793,48.5991654389234,-9.074295700349014,5.874960834835868,50.79860746554979,28.519091029972156,31.00254615391035,-2.483455123938196,False,False,False,27,6,0.5232332386331917,0.4973923140064128,8
9ig2_chainA,4004,29,0.025832701474428177,ActiveSite,0.6593725681304932,0.8579251766204834,1085.0,1,4,0.6630793392478516,0.5808085082751073,-0.005596727294984096,20.82233239180727,24.86067429587303,-4.672253694016798,15.61353285903616,16.691622327513034,8.441084332651679,11.347998701484617,-2.906914368832938,False,False,False,26,6,0.5449930400875516,0.5324873312394905,10
9ig2_chainA,1525,32,0.003981958143413067,Cryptic,0.6593725681304932,1.0,361.6666564941406,1,3,0.5821375437746046,0.4893099795669995,-2.6140072326979746,28.743112429865036,16.319565649150025,-2.947023068541653,35.041024391220084,16.905965679863293,18.208567754376404,23.66011316992883,-5.451545415552427,False,False,False,22,6,0.46301053626926836,0.4545950807816679,6
9ig2_chainA,4003,33,0.01993192546069622,ActiveSite,0.7228365540504456,0.9061646461486816,1035.0,1,4,0.45343425752898514,0.5194691366038129,-1.7196347760007547,-0.5792352155389635,47.38401363723837,-8.829467280235649,2.317523375354507,49.65149901685194,28.101481955377356,30.994970030121035,-2.8934880747436793,False,False,False,29,6,0.47702391460056764,0.4705516204370389,9
9ig2_chainA,1519,35,0.005705908872187138,Cryptic,0.7228365540504456,1.0,345.0,1,4,0.45343425752898514,0.5256886573362658,-1.7193513814580779,-0.5825113800039513,47.38384374875604,-8.633855163386837,6.6427612316470706,51.451640566974405,28.102919123347156,31.218297872458052,-3.1153787491108957,False,False,False,29,6,0.5169470852756551,0.4997872561590667,5
9ig2_chainA,3527,36,0.022474564611911774,Cryptic,0.7228365540504456,0.8648426532745361,1035.0,1,4,0.45343425752898514,0.5085921747873073,-1.7200502242304339,-0.5746593526497307,47.38388982279208,0.5216507893040742,-7.309911907670565,37.79912139755474,28.099175040901365,25.33385619548665,2.765318845414715,True,False,False,29,6,0.49609295561282757,0.48208076481846396,5
9ig2_chainA,4515,38,0.0025298779364675283,Cryptic,0.647803783416748,0.8920257091522217,148.0,1,6,0.48615130346740454,0.6166770204462111,-16.719997783846573,24.677187554958753,40.925738896151984,-16.56347792641291,28.313662940720267,33.88560733568961,29.154521144014712,27.305552607811617,1.8489685362030954,True,False,False,24,6,0.5844589842452343,0.5617817401878414,11
9ig2_chainA,4516,40,0.0,Cryptic,0.6285156011581421,0.8837586045265198,87.0,1,3,0.5522635111860864,0.5823359769978278,25.555034576304116,17.213276566434022,18.295198964728193,18.09453683588323,20.172753149778526,26.04846698633591,22.5649967876438,15.803997070706586,6.760999716937214,True,False,False,26,6,0.5595605038039201,0.5430195606132715,8
9ig2_chainB,7,1,0.020245607942342758,Allosteric,0.7401458024978638,0.7277721762657166,164.0,1,9,0.45916310909623426,0.5487642169371515,3.4412619173191277,10.320927439535033,81.29195109763216,-0.8872736792683024,4.9674708743627285,84.0576001581008,18.25151531698633,24.286298074925813,-6.034782757939485,False,False,False,33,6,0.5182958422256577,0.5092709104392426,8
9ig2_chainB,522,2,0.008245507255196571,Cryptic,0.8051583766937256,0.7481279373168945,218.0,1,7,0.43758321771692904,0.5659261153478821,-4.044527440310172,14.06334690421426,68.85139052309233,1.7658363916369404,16.749886464383618,61.53546614101108,15.90776164838141,10.725248653042284,5.182512995339126,True,False,False,34,6,0.5080698916055366,0.5004264052544918,14
9ig2_chainB,521,3,0.020790228620171547,Cryptic,0.7228531837463379,0.7728230357170105,215.0,1,5,0.5328635775968981,0.5926208656489426,32.383020876701046,8.527416731637931,49.61133243526397,34.83644863338356,2.8415674398812425,52.89697192657237,26.877434229876847,28.93979569127853,-2.0623614614016823,False,False,False,29,6,0.5658037237644824,0.5477758858799642,9
9ig2_chainB,521,3,0.020790228620171547,Cryptic,0.7228531837463379,0.7728230357170105,215.0,2,4,0.615789590620905,0.5776397474015487,32.13373114179885,8.6594816395179,53.58079095444816,36.0612702140127,2.986605364923428,52.51081203737844,24.506520160886097,30.044875862388885,-5.5383557015027876,False,False,False,27,6,0.5478191003526803,0.5313203207313517,9
9ig2_chainB,519,5,0.007274954579770565,Cryptic,0.6794591546058655,0.870921790599823,184.0,1,4,0.5404852311451953,0.5812441039575661,25.838420005613877,26.470824127533625,47.484319130070425,29.473233239995622,25.37192356508542,40.582539723471015,25.935272993946437,32.56524658281526,-6.629973588868825,False,False,False,28,6,0.5518487986924716,0.5362455839071171,9
9ig2_chainB,519,5,0.007274954579770565,Cryptic,0.6794591546058655,0.870921790599823,184.0,2,3,0.44913495700968536,0.5846059332919893,27.663694509873714,26.453991305103447,45.08627228635454,19.26279816445027,22.33575598120899,49.72630744440708,28.63264581417783,19.22074689396118,9.41189892021665,True,False,False,28,6,0.5584343563271316,0.5580293213836414,8
9ig2_chainB,17,6,0.007705381605774164,Cryptic,0.6753491163253784,1.0,253.0,1,4,0.5055744631765745,0.620087693592607,28.040533032397708,31.300730650618064,47.21166739989672,23.429003852504504,37.688527400541645,51.39679740937461,29.831140874473213,29.65415855732901,0.17698231714420487,True,False,False,25,4,0.5691110997486675,0.5566927543005881,15
9ig2_chainB,520,8,0.0,Cryptic,0.5838870406150818,0.7436869740486145,64.0,1,6,0.572635092394942,0.6397700711109049,30.632340223292008,14.957186939255239,62.94388600454732,26.208471457597422,17.33367928589273,71.56586674136999,19.312523370376052,16.199769981258292,3.11275338911776,True,False,False,29,6,0.6084089976582158,0.5994094499191213,11
9ig2_chainB,520,8,0.0,Cryptic,0.5838870406150818,0.7436869740486145,64.0,2,3,0.6395359419162675,0.5701254246368644,32.60587706060645,8.864283634952207,58.50019561782625,34.1947810722422,3.2765375921412208,53.328485455318756,22.922775367015312,28.060664745909286,-5.1378893788939735,False,False,False,23,5,0.5451013576381862,0.5289590238470897,8
9ig2_chainB,19,10,0.0,Unknown,0.5780856013298035,0.8005380630493164,64.0,1,3,0.6395359419162674,0.5716980993701651,32.506625172285034,8.896879775483987,58.43768089441144,34.93421432429012,3.215374632516144,52.493957909915835,22.84249660358208,29.048470795114135,-6.205974191532054,False,False,False,24,6,0.5339200895815415,0.5229223758593122,10
9ig2_chainB,19,10,0.0,Unknown,0.5780856013298035,0.8005380630493164,64.0,2,5,0.6610896852279259,0.5674386558424237,31.918703207495668,12.026801516523674,59.3721918573924,38.12020699443829,14.50888421003792,59.83301137754778,21.451346924444472,27.216004109552227,-5.764657185107755,False,False,False,28,6,0.5508840834140707,0.5262190285069304,7
9ig2_chainB,525,17,0.0019176078494638205,Cryptic,0.4487433433532715,1.0,93.0,1,3,0.7330044643442746,0.5482217578063595,16.046664825916977,22.915226670190187,55.40353254567079,8.939734506805918,21.65310843999393,55.780157379049356,13.893324372019206,12.31162985072264,1.5816945212965656,True,False,False,26,6,0.5335337509337087,0.5199535243190367,6
9ig2_chainB,1527,21,0.009418183006346226,Cryptic,0.7413843870162964,1.0,289.6666564941406,1,3,0.6422424995008261,0.5767302121051823,20.59799291029955,7.4880400002607965,40.11224359801161,27.54744512585249,10.767959771380944,39.982662788571226,27.806460891897228,30.3266365583945,-2.5201756664972734,False,False,False,25,6,0.5286432860269576,0.504856146890272,13
9ig2_chainB,1527,21,0.009418183006346226,Cryptic,0.7413843870162964,1.0,289.6666564941406,2,4,0.6930385196587653,0.5261137300336459,20.972371827341505,2.9355987722886256,40.45054134696854,24.80764972039681,-3.4795616291649463,47.646938676990274,29.109240150349542,28.564343650335406,0.5448965000141364,True,False,False,25,6,0.5074145245529446,0.49430087119295224,6
9ig2_chainB,4009,22,0.04788060858845711,ActiveSite,0.7847995162010193,0.6558361053466797,522.0,1,4,0.5518945995371592,0.6193779581083326,21.285943245500444,11.630042642752082,75.51259697796876,14.332582623970893,12.333567750456297,71.64202532699598,14.3324873478178,7.145234697856887,7.187252649960913,True,False,False,25,6,0.5869106829722897,0.5673184076355196,11
9ig2_chainB,4528,23,0.015344182960689068,Cryptic,0.7413843870162964,1.0,289.6666564941406,1,5,0.6205058942192377,0.5512979109803329,21.326596270418356,2.4022873602203623,42.21037505037757,20.046481512513544,-4.148355274693748,40.591123948081005,27.96256545833407,32.20414552143077,-4.241580063096698,False,False,False,29,6,0.5089392858827537,0.502109045931211,10
9ig2_chainB,4528,23,0.015344182960689068,Cryptic,0.7413843870162964,1.0,289.6666564941406,2,4,0.6119322972420236,0.5286607174093646,21.131847194421287,5.096089244743512,41.386058878117574,24.476019700758023,-0.09326757478096617,42.76126643366926,27.55686629891731,29.91509980474798,-2.358233505830672,False,False,False,32,6,0.5187932257487549,0.5086475999869867,5
9ig2_chainB,3539,25,0.042282748967409134,Cryptic,0.762758195400238,0.8174511790275574,783.0,1,5,0.5605974779594576,0.6115791645637866,11.030180355948026,22.710872978150526,66.957828685432,2.0011640057917317,16.28640999297149,63.938795668426,8.400651620008883,9.777622291215703,-1.37697067120682,False,False,False,34,6,0.5685674108830359,0.5493475034010391,13
9ig2_chainB,1532,26,0.01622464507818222,Cryptic,0.7847995162010193,0.9540567994117737,174.0,1,5,0.5854304507969046,0.592772819193008,20.57959770897689,8.860739312282842,70.31808966905122,15.855739307924106,9.117490652185667,75.15779548693322,11.738200929418376,11.917246834934815,-0.17904590551643906,False,False,False,27,6,0.5572256392193047,0.552552938650796,10
9ig2_chainB,1532,26,0.01622464507818222,Cryptic,0.7847995162010193,0.9540567994117737,174.0,2,5,0.5115477700212898,0.5746057987176761,19.97928744245127,9.814903196538587,65.67535274985958,16.505056769696367,9.219751201397504,74.01812805203676,9.681559364830278,11.233198836583254,-1.551639471752976,False,False,False,28,6,0.5564935951768143,0.5438238296542764,7
9ig2_chainB,1533,27,0.016491899266839027,Cryptic,0.7847995162010193,0.6804891228675842,174.0,1,4,0.5518945995371592,0.6098620847687004,21.28735835232148,11.636213351462146,75.5182019761389,14.630110034652985,12.689171008554567,72.47244329551258,14.336176244549728,7.901622234344709,6.434554010205019,True,False,False,23,6,0.5850891158671472,0.5713044571450929,9
9ig2_chainB,4534,28,0.013973666355013847,Allosteric,0.7847995162010193,0.9247615337371826,174.0,1,4,0.6923208051126337,0.6193863701833839,21.115092203258968,9.380187883330718,72.87830352089357,14.955634212695085,12.106520761084662,74.76996726122314,13.182672175675643,10.226181132912709,2.9564910427629343,True,False,False,22,6,0.6050705258379891,0.5803639549303276,8
9ig2_chainB,4010,29,0.0506487675011158,ActiveSite,0.7413843870162964,0.8943548798561096,869.0,1,5,0.5578402184976918,0.5539937617682755,21.973473216747497,3.9206862261676165,40.56981920079952,20.749761302244792,-3.3433315063803395,39.87882303364437,28.97679661564961,32.49977327861485,-3.5229766629652417,False,False,False,31,6,0.5190557345318478,0.5065713314826912,9
9ig2_chainB,4010,29,0.0506487675011158,ActiveSite,0.7413843870162964,0.8943548798561096,869.0,2,4,0.6119322972420236,0.5342579849391837,21.13401000320067,5.104296893971475,41.38453415504314,20.44967309995476,-2.251416715144717,40.67040387982788,27.556166283505693,31.196696930142036,-3.6405306466363427,False,False,False,32,6,0.5160671513111305,0.5069011087565373,6
9ig2_chainB,3540,30,0.06818269938230515,Cryptic,0.7847995162010193,0.9767225384712219,522.0,1,3,0.5350049338657099,0.5982635847364691,19.993643330835273,8.605444455926191,68.03362015494079,20.66409062431999,1.8205240677786687,65.98677786470192,10.646104311493962,15.629000753594106,-4.982896442100143,False,False,False,23,5,0.5863941447460056,0.5649359736483692,7
9ig2_chainB,1526,31,0.008475732058286667,Cryptic,0.7413843870162964,1.0,289.6666564941406,1,4,0.6930385196587653,0.5462098822384737,20.972130998175714,2.935696604253553,40.450223754126895,20.25896692237818,-4.549975453527439,40.01678351829942,29.10939562164302,32.935900988259775,-3.826505366616754,False,False,False,27,6,0.5026432728105585,0.49713094470654956,10
9ig2_chainB,1526,31,0.008475732058286667,Cryptic,0.7413843870162964,1.0,289.6666564941406,2,4,0.6119322972420236,0.5580380599140337,21.15181422543008,5.157227973208679,41.35057334240693,20.368723427655173,-2.354463352918439,40.37346561104395,27.57414645849487,31.464964439547956,-3.890817981053086,False,False,False,31,6,0.531515155071984,0.5126773585730935,8
9ig2_chainB,3538,33,0.037578318268060684,Cryptic,0.7413843870162964,1.0,869.0,1,4,0.6930385196587653,0.5346196095013859,20.971731047751778,2.9372372605278416,40.45160621759034,19.95264009758874,-4.392089377100964,40.3938538049207,29.107468439459325,32.472819251295135,-3.3653508118358104,False,False,False,27,6,0.49349666775177947,0.49276753718346533,9
9ig2_chainB,3538,33,0.037578318268060684,Cryptic,0.7413843870162964,1.0,869.0,2,4,0.6119322972420236,0.5396793193174527,21.151251261279217,5.156518822079296,41.349070764722285,21.176939096240936,-1.7439065651103913,41.62049213987848,27.575501257416608,30.396112975635802,-2.820611718219194,False,False,False,30,6,0.514789330667432,0.5047302923086514,7
9ig2_chainB,4521,36,0.020633261650800705,Cryptic,0.7228531837463379,0.8582187294960022,215.0,1,3,0.6628634691815993,0.5652551843430318,32.00752362243478,7.001963624817742,46.12191317756734,34.99519089703077,4.233034693062603,53.966790423487,29.153573067001304,28.086523757477863,1.0670493095234406,True,False,False,23,6,0.5449051451742337,0.5347332202894414,7
9ig2_chainB,4007,41,0.011682379990816116,Allosteric,0.7401458024978638,0.8989976048469543,164.0,1,3,0.60149156419209,0.559593164329292,-0.641786386404482,11.750902173869166,83.5846533469232,2.5499105564457754,6.284478350362639,78.78924251118644,21.99189498819619,18.024983902916293,3.9669110852798966,True,False,False,27,6,0.5438018818034248,0.5100087261758709,7
9ig2_chainB,4519,42,0.00705250957980752,Cryptic,0.6794591546058655,0.8894567489624023,184.0,1,5,0.5470956251315475,0.603258559537775,27.577066307567584,31.774498373987388,47.799378351525355,31.28088537984273,27.45363631429349,41.95313685677634,29.493508804552082,33.35083417378567,-3.857325369233589,False,False,False,22,6,0.5839885832095694,0.5682412152446471,8
9ig2_chainB,4525,44,0.0,Cryptic,0.4487433433532715,1.0,93.0,1,3,0.6991819109632826,0.6019087602908931,27.26408783378789,35.80573540574135,49.2385635516333,24.59136845258847,36.992446477974774,50.38985758742723,31.097031509751908,30.098600362707714,0.9984311470441938,True,False,False,10,3,0.6038876196336856,0.598331034268604,5
9nmx_chainA,2,1,0.00854431465268135,Cryptic,0.7249395847320557,0.5625490546226501,247.0,1,5,0.48263232485645025,0.5969616061702199,-46.429568694955606,-5.902676029237092,-4.26396086605977,-41.59223440831996,-7.046843649137274,-9.093588528390487,17.409038280381917,14.618407334010186,2.7906309463717314,True,False,False,28,6,0.577679896656776,0.5572596797034504,8
9nmx_chainA,1,2,0.0,Unknown,0.502488911151886,0.651981770992279,94.0,1,4,0.5012662555471343,0.5188340165173753,-64.84175889706339,15.803737975762626,-37.90686161841811,-56.835633947537815,13.119989084280954,-37.73464560558895,29.65916499747655,23.806407345607393,5.852757651869158,True,False,False,22,6,0.5059478053802885,0.5012617117245554,5
9nmx_chainA,514,3,0.005190268624573946,Cryptic,0.6710993647575378,0.5986229777336121,119.0,1,3,0.6504837282399326,0.51523391965031,-46.05237799279662,2.4090302562886694,10.246677542411764,-52.44000508541369,9.727374463090014,14.532518009696036,30.049886655653644,35.810101731364,-5.760215075710356,False,False,False,23,6,0.49306411661644584,0.48654064506989286,6
9nmx_chainA,7,4,0.0,Unknown,0.5165235996246338,0.6583465933799744,56.0,1,12,0.3923770548669269,0.6241283278564307,-37.01970716608686,5.6201370770274925,-4.465304247994275,-36.797051027074595,8.664208594119012,-5.490631961537606,18.090084152248362,18.236042083716402,-0.1459579314680397,False,False,False,35,6,0.5785175762559385,0.5624824926834286,14
9nmx_chainA,4,5,0.0,Unknown,0.5196069478988647,0.7249687314033508,63.0,1,3,0.6689419227590943,0.5643132975169783,-50.82173363649695,14.006752163145832,-33.3521039677374,-51.320722124715516,13.542752560678974,-40.85838034762072,18.8094110390109,24.653520716448305,-5.844109677437405,False,False,False,32,6,0.5517983755059442,0.5410511930123652,6
9nmx_chainA,0,7,0.0,Cryptic,0.4613068699836731,1.0,67.0,1,5,0.47302299652744934,0.5728914311060631,-63.942526802375355,15.387815461521337,-37.772499080227384,-56.25245355863343,9.991326855727882,-33.51715087552012,28.812607775866436,18.98984864431562,9.822759131550814,True,False,False,27,6,0.5648432211077692,0.541546112751858,6
9nmx_chainA,8,8,0.0020038015209138393,Unknown,0.5119292140007019,0.7577957510948181,92.0,1,4,0.6006626828774735,0.554483655975126,-45.21702586224317,-9.023412262197116,-6.0493555717289835,-38.84653964319805,-4.329392075592977,-4.891540822717616,17.59531717575897,17.634904605096143,-0.03958742933717119,False,False,False,26,6,0.5268184132823747,0.5101697496947853,8
9nmx_chainA,3,9,0.0037704564165323973,Unknown,0.5168166756629944,0.9592686295509338,138.0,1,3,0.6802842567404692,0.6051309325302533,-47.44446672552665,-5.375421946231224,5.023107175274587,-51.31087485748961,-2.0080406665971,8.205732358374435,25.923477764962136,28.797257473834556,-2.8737797088724193,False,False,False,27,6,0.5893913513770368,0.5600440836627696,8
9nmx_chainA,13,10,0.0,Unknown,0.5191877484321594,0.6626598238945007,54.0,1,4,0.5129952416345257,0.5780632924104117,-29.080544477692566,4.89023738027093,-19.016464696745818,-30.564512641938258,8.345976668297475,-7.099289865335443,17.077919154410115,20.90510068001088,-3.827181525600764,False,False,False,25,6,0.5603914128514305,0.5484433906754511,7
9nmx_chainA,13,10,0.0,Unknown,0.5191877484321594,0.6626598238945007,54.0,2,3,0.5708031008315035,0.5781743680725294,-32.841731636810174,1.2110599058732863,-16.040443198696448,-34.72983200681092,-2.0289530555518813,-21.98802803349023,13.591132941155625,12.0372788139054,1.553854127250224,True,False,False,22,6,0.5465863917362432,0.5379997270896758,9
9nmx_chainA,10,12,0.03287430852651596,ActiveSite,0.8242324590682983,0.4762657880783081,533.0,1,3,0.7821783433469187,0.5971698866061539,-37.81258455074624,-3.2443500356258475,-13.23473918618867,-35.304688857334035,-2.5081180155573235,-5.73631560498949,11.621019763609649,18.149382640547103,-6.528362876937454,False,False,False,23,6,0.5753822498628955,0.5657684339632314,8
9nmx_chainA,4005,14,0.11477607488632202,ActiveSite,0.6263172626495361,0.49929341673851013,1831.0,1,6,0.5073529340369903,0.6018148730183743,-37.72584517730841,-1.8911775135176898,-14.60535674878709,-46.40530081242784,-4.92370069144354,-8.963097155040948,10.399637077240513,12.835088669725227,-2.435451592484714,False,False,False,37,6,0.5622589932890548,0.5395817894857768,12
9nmx_chainA,4005,14,0.11477607488632202,ActiveSite,0.6263172626495361,0.49929341673851013,1831.0,2,7,0.4740320358948656,0.5653117078674472,-36.86500167846426,-3.3093849081677216,-17.7141607128862,-42.013737449620685,-2.517252756341044,-18.00884378546989,10.638386273037339,6.164518168712865,4.473868104324474,True,False,False,38,6,0.5371401481933481,0.5307643706957277,8
9nmx_chainA,4521,15,0.02767237462103367,ActiveSite,0.6263172626495361,0.7001466155052185,610.3333129882812,1,9,0.47314331798552917,0.5827205716887169,-36.584490078718744,-2.2096902636676945,-22.29606254146219,-39.515350285642725,-0.7911840796290343,-16.933659862525875,10.482150983299015,7.495911820074261,2.986239163224753,True,False,False,38,6,0.5464577820389919,0.5372872369653574,10
9nmx_chainA,4520,16,0.021017203107476234,ActiveSite,0.6263172626495361,0.7498255372047424,610.3333129882812,1,3,0.7530706708428191,0.5735319523362766,-34.791503905775045,-0.5819483594828779,-14.17103926143768,-45.39219571414402,-4.299977623732012,-9.456253413996661,12.68963339305418,12.086980077547139,0.602653315507041,True,False,False,23,6,0.5580365451163164,0.5334400104438969,7
9nmx_chainA,4520,16,0.021017203107476234,ActiveSite,0.6263172626495361,0.7498255372047424,610.3333129882812,2,8,0.4844083488230747,0.5941022942554589,-37.102733844553164,-2.540071141975905,-16.48771545156566,-36.42674970598719,5.585753590660086,-9.497956503471856,10.396347355065014,14.451664024147819,-4.055316669082805,False,False,False,37,6,0.5486874338614303,0.526573077179619,13
9nmx_chainA,3522,17,0.1428401917219162,Cryptic,0.6263172626495361,0.5536805987358093,1831.0,1,5,0.590015669628447,0.5568142682578135,-38.081424799702475,-3.189740501206238,-15.985135089541576,-35.57305299710124,5.792519639281415,-9.951153404394718,10.08337768693138,14.769740957667462,-4.6863632707360825,False,False,False,32,6,0.5268026724771007,0.5218739687253635,8
9nmx_chainA,4519,18,0.030680831521749496,ActiveSite,0.6263172626495361,0.6236065030097961,610.3333129882812,1,5,0.5900156696284469,0.5687779652481747,-38.08081109831901,-3.193267110458191,-15.977600564905877,-34.23408937255461,4.918212922958977,-8.932460081484768,10.088497001410152,16.207044840198712,-6.11854783878856,False,False,False,33,6,0.5533821021214974,0.5247970147365485,7
9nmx_chainA,4514,24,0.003304682206362486,Cryptic,0.6710993647575378,0.6817136406898499,119.0,1,3,0.6504837282399326,0.6385771308269598,-46.01885922790975,2.3648307891521676,10.223707481015959,-49.615410181092805,7.31985856113638,16.540762637607248,30.026084718700563,36.92562680755624,-6.899542088855679,False,False,False,21,6,0.605318720260924,0.5834489658701288,12
9nmx_chainA,4014,27,0.006422535050660372,Cryptic,0.8193560838699341,0.6488892436027527,200.0,1,3,0.6597492659630776,0.578344095158959,-26.340320392290238,4.183624119206016,-16.072905330601387,-19.33591278561556,4.251183793785529,-14.544346553333627,20.021055952944327,27.160745817376572,-7.1396898644322455,False,False,False,26,6,0.5384877705078032,0.5195235583982327,11
9nmx_chainD,505,2,0.0,Cryptic,0.7031404376029968,1.0,239.0,1,3,0.5733192580152872,0.5407614072367295,11.617310011334053,-27.68322089784966,37.34355967597127,6.2033502720042994,-24.52881268114877,37.41172586327139,48.51080863150867,45.780260810465535,2.7305478210431318,True,False,False,21,6,0.49676518480760157,0.4889923557074387,10
9nmx_chainD,2,3,0.00810576044023037,Cryptic,0.8016400933265686,0.5940975546836853,239.0,1,6,0.46530062316169063,0.5736715672192811,11.74270077767925,-27.59793442223757,36.813440135700255,4.557629994822186,-29.004544203193262,35.235287508319274,48.07802598078792,46.44616437985282,1.6318616009351032,True,False,False,25,6,0.5363382402623049,0.5249307253924111,10
9nmx_chainD,3,4,0.0,Unknown,0.628083348274231,0.6514904499053955,98.0,1,4,0.4656984108251381,0.6334242448806746,6.8273945740265125,-10.011673350165195,20.61303699256631,12.092482847099992,-5.521582967986334,19.37009050940244,24.551136694766893,24.110522185749268,0.44061450901762456,True,False,False,26,6,0.5862016444085856,0.5678312405961922,15
9nmx_chainD,504,5,0.014118495397269726,Cryptic,0.835198700428009,0.5369736552238464,239.0,1,6,0.515462085793456,0.5434086427438695,11.995378832300855,-27.11585198173846,35.306085012107324,5.951662940536931,-25.60947245093781,33.075859324179454,46.694161231828055,42.84488605832431,3.8492751735037416,True,False,False,24,6,0.5365254603161727,0.524757464315403,5
9nmx_chainD,1507,8,0.015406513586640358,Cryptic,0.5526803135871887,0.640897810459137,355.0,1,3,0.4562107437934524,0.5551794949415203,5.515794305290109,-10.560036338141892,22.095803484399305,10.63860761216831,-6.237355049832394,19.49646036721101,25.749649084735946,23.699296830588985,2.0503522541469614,True,False,False,27,6,0.5208192413649453,0.5067686001413486,9
9nmx_chainD,1506,9,0.0181934405118227,Cryptic,0.5526803135871887,0.6812899708747864,355.0,1,3,0.4562107437934524,0.5672706462107229,5.514398278314542,-10.561686146868654,22.108371445536584,2.169812357417911,-10.453145200310567,29.02092405643437,25.761139785096347,31.587428543545347,-5.8262887584489995,False,False,False,29,6,0.5255848088947218,0.5060909388995659,11
9nmx_chainD,4004,12,0.0,Unknown,0.47390255331993103,0.573103129863739,105.0,1,3,0.6402922812721284,0.5629473211514842,16.25166648186111,-22.732850397692353,27.161243257521207,14.062683013694858,-24.113637751479065,34.498628241805896,39.525957104679854,44.97511069290081,-5.449153588220959,False,False,False,25,6,0.5525711094277419,0.531709925939052,6
9nmx_chainD,4004,12,0.0,Unknown,0.47390255331993103,0.573103129863739,105.0,2,3,0.422415962072487,0.5865404712306923,17.865326914478466,-21.792338283034738,26.51142163133429,14.098116583383655,-21.355853392963386,30.659954988534583,39.24061545304803,40.52905647956476,-1.288441026516729,False,False,False,26,6,0.5340802840356256,0.518964409270754,14
9nmy_chainD,3,1,0.0010663446737453341,Unknown,0.5289034247398376,0.6836830973625183,104.0,1,3,0.7452929923383885,0.5856693760959691,19.049933120205598,-14.385294866924166,21.904541818438954,22.2521995568703,-17.528282361822868,25.9231294090213,32.53709341498092,38.54223504265922,-6.005141627678299,False,False,False,17,5,0.5556566373484572,0.545996468967179,9
9nmy_chainD,2,2,0.0011885147541761398,Unknown,0.5514755249023438,0.5563917756080627,87.0,1,3,0.4850943118542331,0.5352132767949223,12.535131197070937,-27.734965106234046,35.802966164532904,19.063737066246922,-22.901132901014506,29.245067363485504,47.20614237422971,41.939806167449404,5.266336206780302,True,False,False,24,6,0.5179314188419271,0.5056186985601405,6
9nmy_chainD,4001,9,0.0,Unknown,0.5833418369293213,0.5215360522270203,61.0,1,3,0.38059767825366314,0.6057268769092717,-18.714436525557474,-5.165262665827177,1.2281165746559106,-14.443328510946923,-0.0266712109157366,-1.0625953986138077,19.619511663910448,14.54571388248457,5.073797781425878,True,False,False,25,6,0.5737112758729311,0.5637449081078291,10
9nr0_chainA,2,1,0.060135941952466965,ActiveSite,0.6071255803108215,0.5984696745872498,1212.0,1,8,0.48872055142301774,0.603705491945806,-36.08181221397968,19.02200773225063,-1.1845363926403782,-29.980347493550727,19.253292772368727,2.5665529552098176,17.26520277757296,18.27048877990618,-1.0052860023332215,False,False,False,33,6,0.5801452099185974,0.5565891873634077,9
9nr0_chainA,3,5,0.0,Unknown,0.5581868290901184,0.6087486147880554,73.0,1,3,0.6633788022560156,0.5629511449986706,-40.56580042142504,-7.117776997190691,15.614933848358296,-44.98559766250407,-11.224076853647546,18.73054732450054,20.22021527505349,24.67066221245307,-4.45044693739958,False,False,False,21,6,0.5624840796401417,0.5381044627865095,5
9nr0_chainA,3,5,0.0,Unknown,0.5581868290901184,0.6087486147880554,73.0,2,3,0.6596686290291661,0.5554000151098407,-44.05662469564986,-2.2643872638960665,9.326724436274073,-51.162507505286946,0.04634918300532276,11.64061672091771,15.512990433036036,14.978993610032084,0.5339968230039513,True,False,False,24,6,0.550912092788396,0.5379577706105334,5
9nr0_chainA,4,6,0.0,Unknown,0.494550883769989,0.8436943888664246,65.0,1,3,0.7552259226973127,0.5654877937246853,-37.40778174821728,12.32610914994096,25.144949708025553,-37.07517476164061,5.4196832437183025,20.221202415073044,13.402740553830693,11.978200768363292,1.4245397854674007,True,False,False,22,5,0.5346181544515982,0.5134636265255512,9
9nr0_chainA,506,7,0.12111455202102661,Cryptic,0.6936384439468384,0.5329245328903198,1212.0,1,10,0.4642506493931413,0.6290030446268601,-36.94550552317091,18.80368033615632,0.004427792990141788,-30.59383840292645,19.251721256680533,3.424360952002685,15.83857848568063,17.329211955418696,-1.490633469738066,False,False,False,35,6,0.5825414090714274,0.5576210041728837,15
9nr0_chainA,1,8,0.039809294044971466,ActiveSite,0.8271401524543762,0.5526964068412781,575.0,1,5,0.6906316041419931,0.5694567612976434,-36.33905031026948,9.089898209980433,25.51027906503996,-34.32076155085982,1.599246595482074,21.597873783512025,14.685870779543746,16.666672885121258,-1.9808021055775118,False,False,False,30,6,0.537709485704949,0.523261637816952,9
9nr0_chainA,1512,9,0.03532703220844269,Cryptic,0.6936384439468384,0.5596508383750916,404.0,1,4,0.514183449303871,0.5813002440952623,-39.587964192613974,12.10223311325724,-0.711055344839236,-32.34602674331279,14.846722951417348,-5.692576969724395,14.387536345764275,21.937176085573483,-7.5496397398092085,False,False,False,28,6,0.5578831576569617,0.5432922710780589,8
9nr0_chainA,4512,10,0.03037882409989834,ActiveSite,0.6936384439468384,0.5599032044410706,404.0,1,4,0.5044667744030973,0.5920046719402806,-37.32423578810108,15.78985429063626,0.6001847689121804,-33.87142122998403,9.779443508789804,2.6475302515173307,14.263156825649542,14.477151683470185,-0.21399485782064254,False,False,False,25,6,0.5803950193057139,0.5531385673483745,7
9nr0_chainA,1510,11,0.014888402074575424,Cryptic,0.6936384439468384,0.5894176959991455,404.0,1,5,0.5605730276795853,0.5631489637606858,-36.252624457502456,19.276665503733376,2.4460174973242905,-29.509702005371913,19.43523254739891,2.2375729440504926,14.420666288622707,18.871012305490726,-4.45034601686802,False,False,False,29,6,0.551804037427999,0.5352111229842246,6
9nr0_chainA,1509,18,0.005893487483263016,Cryptic,0.8271401524543762,0.6848759055137634,191.6666717529297,1,4,0.7587319953308337,0.5793282215376436,-37.25037487054072,10.942007221971286,25.405966468990467,-33.53212091172635,2.741712100765911,21.43916090573587,13.819055497573407,16.304836906691193,-2.485781409117786,False,False,False,26,6,0.5260909448605242,0.5088685131245894,14
9nr0_chainA,4507,19,0.0053767915815114975,Allosteric,0.8271401524543762,0.59223872423172,191.6666717529297,1,6,0.6446622557210033,0.5797075676845738,-33.941381472271985,4.515371931399277,25.74528484135197,-36.01785959554669,-2.46926615523166,26.552444944155713,17.762049409241545,21.57462917451301,-3.8125797652714652,False,False,False,31,6,0.5451011066555648,0.5266314119407796,10
9nr0_chainA,4000,20,0.014419332146644592,Cryptic,0.7431386113166809,0.5860713124275208,210.0,1,7,0.46499171777939263,0.5800069096290891,-49.65894024144705,10.488927246088808,13.170454767363347,-52.04946456685761,11.78528861467917,17.657133503226774,6.676905687969798,9.819364444667848,-3.1424587566980495,False,False,False,36,6,0.5615440850568841,0.5544152921011135,7
9nr0_chainA,1508,21,0.0,Cryptic,0.8271401524543762,1.0,191.6666717529297,1,5,0.6906316041419931,0.5550118985794623,-36.390214137468575,9.061092604935027,25.553384886906834,-33.56660199251245,2.098171675737427,21.71638322822014,14.704974043926327,16.826816111518216,-2.1218420675918885,False,False,False,30,6,0.5258062826880444,0.5161003871480399,8
9nr0_chainA,3517,22,0.01853286102414131,Cryptic,0.7431386113166809,0.6334259510040283,210.0,1,7,0.48989572337949383,0.6121415889936216,-47.89146172379225,13.0469439658064,7.158399741617358,-51.55272772241029,19.63311887964586,7.521764435060806,7.509486344420723,12.077220867553903,-4.56773452313318,False,False,False,31,6,0.5770510928049772,0.5631802301057296,11
9nr0_chainA,4006,23,0.011478547006845474,Cryptic,0.6526011824607849,0.6199528574943542,219.0,1,9,0.4249202085631876,0.5716797945660713,-24.364692561740846,-2.8942413403942724,21.525630066017687,-17.52667237040595,1.4217700175619061,26.237161285880177,26.009118612735968,31.111185338112836,-5.102066725376869,False,False,False,34,6,0.5633784705517797,0.540248369358865,6
9nr0_chainB,7,1,0.0077375490218400955,Allosteric,0.5670418739318848,0.5857018828392029,175.0,1,5,0.6196827922762574,0.5387121660303646,-21.145082634385542,45.2255893659317,20.522086724643486,-20.542284923964196,39.3385077204797,14.770203230862402,10.785463742763609,5.61886657292235,5.166597169841259,True,False,False,29,6,0.522054867089215,0.5097119379336671,6
9nr0_chainB,508,2,0.0,Cryptic,0.6255750060081482,0.5200850367546082,66.0,1,14,0.45071791512695303,0.5845853666999732,-33.989889262665756,57.794130166247555,12.864980226409092,-36.80554831120509,54.75576625221897,13.232083979187454,24.437507921753404,24.801904655281632,-0.36439673352822766,False,False,False,38,6,0.5749950423021593,0.5670223718396404,6
9nr0_chainB,6,3,0.0,Unknown,0.47936272621154785,0.5700610280036926,58.0,1,7,0.4813744844817158,0.6053077787720275,-18.332357993919434,32.927419739239674,-2.632159169517282,-11.643807374272086,28.197935006241448,-2.33595986798997,16.86258215389957,19.77462231536823,-2.91204016146866,False,False,False,28,6,0.5868013110169049,0.5693459460420693,8
9nr0_chainB,5,4,0.0033299459610134363,Unknown,0.5008711218833923,0.6020925641059875,94.0,1,4,0.4951002674018708,0.53092691471635,-25.5278332034162,47.0301384128635,19.735320120688204,-26.143336417633535,53.067689140513785,14.70553728975071,13.592238136054974,15.815518276754315,-2.223280140699341,False,False,False,25,6,0.5148398801874293,0.4942343887943967,6
9nr0_chainB,1,5,0.0,Unknown,0.5312714576721191,0.5727500915527344,63.0,1,5,0.6388039830993939,0.600257276895503,-32.18013746413038,62.21225436028788,8.358028532152785,-30.209424950322802,67.68160182872882,6.7714913439557565,26.710478825558425,30.454744463823694,-3.7442656382652686,False,False,False,22,6,0.5770935991623141,0.5756435001868674,8
9nr0_chainB,3,6,0.0,Unknown,0.5206393599510193,0.6138181090354919,61.0,1,4,0.4610580696845652,0.5800393445097671,-25.140792274426367,20.97540912263352,2.3092328676243157,-21.317861294972854,24.14632109443554,9.944040722508062,24.135974171772983,17.936171762951425,6.199802408821558,True,False,False,27,6,0.5566567031208133,0.5409737503930652,8
9nr0_chainB,3,6,0.0,Unknown,0.5206393599510193,0.6138181090354919,61.0,2,4,0.6134002060556853,0.5838479982341991,-23.647995800489163,27.53061704866257,5.170318664891124,-28.003639930170536,27.546183341157384,11.801286434080367,17.000378188484472,18.117494176728474,-1.1171159882440023,False,False,False,21,6,0.558411431475744,0.5543141518617,8
9nr0_chainB,2,7,0.13691280782222748,ActiveSite,0.6067577600479126,0.5202417969703674,1097.0,1,3,0.6540207540725608,0.5767328100471192,-15.074926319597461,40.96793408741716,-2.826375212970099,-21.222227162898186,47.15748821198164,-0.4382912885931286,14.756674884669067,14.63131890615623,0.12535597851283775,True,False,False,21,6,0.5667544809386615,0.5545414130067382,6
9nr0_chainB,4,8,0.009486878290772438,ActiveSite,0.7298888564109802,0.507169783115387,480.0,1,5,0.5199098937456003,0.5817441876087958,-11.389180614946264,57.03780067414889,8.08180213897993,-14.502787479978636,54.63834020235908,13.359692837665303,16.96185909135016,13.619200067216813,3.342659024133347,True,False,False,31,6,0.5308070626291271,0.5228937504512886,13
9nr0_chainB,3511,9,0.05853477865457535,Cryptic,0.6067577600479126,0.615142822265625,1097.0,1,3,0.718789189716661,0.5678266233787027,-21.74731394631917,31.452695929077585,-4.077197072749683,-16.158026901934132,35.91844266791277,-8.349728109409252,19.54419354542501,20.91921895091304,-1.3750254054880315,False,False,False,22,6,0.5565548113894484,0.5431594056995986,6
9nr0_chainB,4002,10,0.08059949427843094,ActiveSite,0.6067577600479126,0.504737377166748,1097.0,1,4,0.648069947845459,0.578747518500995,-14.171896010151118,42.507533168645224,-2.162746929312529,-17.76545671771596,36.08987759797503,-7.595341702548017,14.247293100615849,20.215831037561504,-5.968537936945655,False,False,False,24,6,0.5609281702572821,0.5501200595593504,7
9nr0_chainB,3510,13,0.015325712040066719,Cryptic,0.7298888564109802,0.5907593369483948,480.0,1,3,0.739757368336192,0.5638881022233366,-26.956981988923832,55.71782081901482,21.73059679894881,-23.579113413116175,52.13316187045349,16.085376500238905,20.639456195848194,13.908999935818853,6.7304562600293405,True,False,False,25,6,0.5441708819012661,0.5302841653281104,7
9nr0_chainB,4008,14,0.0021677566692233086,Unknown,0.6270703077316284,0.5651964545249939,79.0,1,3,0.8102827021393386,0.5563587352286529,-5.936840012775319,46.14677144781658,10.484741509781637,-0.3600222841433975,42.96620663507177,9.434337505426633,11.381161243983614,16.01487503381155,-4.633713789827935,False,False,False,21,6,0.5519957522652792,0.5392294779047238,5
9nr0_chainB,4006,15,0.0,Unknown,0.47936272621154785,0.6495619416236877,58.0,1,8,0.48009382570926645,0.6170502692113966,-19.550252120469132,31.24164921015601,-2.4907075273071158,-11.692747167488568,27.513373395984363,-2.2602602211543728,17.83023735242891,20.1671127549715,-2.336875402542592,False,False,False,29,6,0.588777323523746,0.5713972147533048,10
9nr0_chainB,4508,16,0.0,Cryptic,0.6255750060081482,0.560096800327301,66.0,1,8,0.49162165824516124,0.610209925868623,-34.68378397242869,59.9143223915957,11.78855269349866,-41.300292526301625,55.145215291572,12.569601961414032,26.391072084459687,28.826854486758883,-2.4357824022991963,False,False,False,26,6,0.591836060648885,0.5774937452211111,8
9nr0_chainB,4007,17,0.003548916894942522,Allosteric,0.5670418739318848,0.5765748620033264,175.0,1,3,0.6140675170065549,0.5181036208387666,-19.025536381102825,42.936876493915086,19.81672798398032,-13.537755564336466,47.8323140984321,13.578014379164527,8.629279092064378,7.309679308853752,1.3195997832106254,True,False,False,23,6,0.5200050356849574,0.49756905795736006,4
9nxe_chainA,4,1,0.1002068743109703,ActiveSite,0.6662980914115906,0.7564861178398132,1575.0,1,3,0.6042186591349519,0.5920887357246415,18.21278411520592,17.539879817465614,-11.700497405544239,13.11933731391482,13.222896384721736,-7.404315897871477,24.08642309854947,26.7133029855859,-2.6268798870364307,False,False,False,13,5,0.5768659639868917,0.5650283160563511,7
9nxe_chainA,518,3,0.0766458585858345,Cryptic,0.6412981152534485,0.7969226837158203,1575.0,1,3,0.6042186591349519,0.5680711866734476,18.190522854311936,17.51576246271678,-11.69638061061058,17.60622883247202,10.082476514976598,-4.616175905529862,24.077526138209876,28.276457518213515,-4.198931380003639,False,False,False,14,4,0.5546126759563621,0.5506941623308533,6
9nxe_chainA,0,4,0.0,ActiveSite,0.667780876159668,0.9067985415458679,1533.0,1,3,0.7211580741366632,0.585936458318915,16.91121260773424,2.5118854315425994,-35.59556269746343,22.101668608729245,10.003408043538093,-31.64082330027974,4.339917134906066,6.312428464654059,-1.9725113297479933,False,True,False,27,6,0.5619489440739069,0.5268818832241968,9
9nxe_chainA,14,5,0.01332537829875946,Cryptic,0.7880186438560486,0.9424121975898743,560.0,1,3,0.6692563719390503,0.5232061976897828,35.09284438540246,-2.960087917566521,-18.28564783444378,36.674554848639644,-3.149887659884773,-24.15489718142141,23.845924653759717,22.28019085241707,1.5657338013426454,True,False,False,19,6,0.5127599278827912,0.5009832194534596,5
9nxe_chainA,519,15,0.002027984941378236,Cryptic,0.5592681169509888,0.8995216488838196,145.0,1,4,0.4188524836621689,0.583204760562113,30.819538134339986,-9.722683501844944,-33.430024205510776,37.53295505936304,-9.36909039717801,-30.32931309882473,19.931760590584876,24.68832484664363,-4.7565642560587555,False,False,False,22,6,0.5666126248491024,0.5539317924415241,7
9nxe_chainA,1524,20,0.011001242324709892,Cryptic,0.667780876159668,0.9927060604095459,511.0,1,4,0.7443793308020626,0.5362108565280259,16.414192831490627,1.3300473045626824,-35.75284126933975,22.91162129558177,10.498465625013884,-32.33415102062771,5.408830786928438,7.172880860715628,-1.7640500737871898,False,False,False,27,6,0.5191182792505923,0.5067493008974968,6
9nxe_chainA,3531,23,0.05504396930336952,Cryptic,0.667780876159668,0.8093686103820801,1533.0,1,3,0.7211580741366632,0.5689306327163207,16.92479162812158,2.5087024505131694,-35.59505516412637,7.1446582815300195,5.562277638695769,-38.4824801142228,4.3386989210880875,12.280714298581298,-7.9420153774932105,False,True,False,28,6,0.5565999284357829,0.5485328219871016,6
9nxe_chainA,4521,25,0.012427055276930332,ActiveSite,0.6662980914115906,0.9882294535636902,525.0,1,3,0.6042186591349519,0.5502206342215933,18.139627068506396,17.438577035154626,-11.679538680438956,18.304521972214268,17.954637254869645,-5.067407738176589,24.052730146982015,30.173010794046046,-6.120280647064032,False,False,False,12,5,0.5544471316422837,0.5462173130101831,4
9nxe_chainA,3530,26,0.08884473890066147,Cryptic,0.6662980914115906,0.7899745106697083,1575.0,1,3,0.6042186591349519,0.5883837504367808,18.139797160248317,17.439563054769017,-11.679840331434876,13.222653411031095,13.40530245378549,-6.86529826902206,24.05296446585411,27.2555059986248,-3.202541532770688,False,False,False,12,3,0.5802965403749987,0.5687844217869507,6
9nxe_chainA,1528,27,0.01568979024887085,Cryptic,0.6412981152534485,0.8344883918762207,525.0,1,3,0.6042186591349519,0.5687406126476664,18.13599539934173,17.43626295451953,-11.679413158578473,12.325603905746405,13.376692147025606,-7.5576281083626435,24.05164009061475,26.76805295853119,-2.716412867916439,False,False,False,13,4,0.5659847507148369,0.5556746200387291,5
9nxe_chainA,3532,35,0.006890785414725542,Cryptic,0.7880186438560486,0.9715843200683594,560.0,1,3,0.711629100410797,0.5779210644757121,36.13123578665087,-3.872673285597748,-20.504199280458803,38.10364249378258,-3.3882388268476573,-25.407768339954814,23.736363522937836,23.172997948301205,0.5633655746366308,True,False,False,17,5,0.5681359425665766,0.555992934858979,6
9nxe_chainA,4526,36,0.004293251782655716,Allosteric,0.7880186438560486,0.9142693877220154,186.6666717529297,1,4,0.6524773994440072,0.6244141743495322,34.7416087314221,-3.4732058057534623,-23.941489162166853,38.68073421185714,-8.881142639698131,-28.824728768389345,20.896983812452486,25.50674981585771,-4.609766003405223,False,False,False,24,5,0.5829845924235191,0.5666667123231969,13
9nxn_chainB,507,1,0.006962402258068323,Cryptic,0.7716158032417297,0.4743025600910187,354.0,1,4,0.5456128682489263,0.5910537491954563,10.133019185594863,-38.925408372824236,36.609960510040366,2.6262501928269564,-34.69688757522502,34.67963108641722,19.943961969420887,23.79894429457848,-3.854982325157593,False,False,False,24,6,0.5709627290557608,0.5495511895329317,8
9nxn_chainB,507,1,0.006962402258068323,Cryptic,0.7716158032417297,0.4743025600910187,354.0,2,3,0.5970150219831715,0.5880731736714834,8.006992384459029,-30.65978281715874,38.13956532208794,3.7733772855754926,-28.679987512791485,33.65727199654546,17.620743208184262,23.717078194407428,-6.096334986223166,False,False,False,24,6,0.5683416994661292,0.5431666580793695,8
9nxn_chainB,1,2,0.0,Unknown,0.4540725350379944,0.5373905301094055,58.0,1,4,0.5848639668119487,0.6136883327532809,-6.492651451024115,-20.78342910431626,32.788319392426715,-5.298408576257124,-24.660640735623808,26.09117553560743,32.51495641640139,35.58054321323044,-3.065586796829052,False,False,False,21,5,0.5742179964443666,0.5600823279055467,12
9nxn_chainB,2,4,0.09657642990350723,ActiveSite,0.5044828653335571,0.5252415537834167,1677.0,1,3,0.5757666184388212,0.549756289927656,6.746639241971589,-23.892379725716754,40.196310771683166,13.295458554994998,-25.900264309765866,45.16026901769531,17.866495921051143,10.161105055026622,7.705390866024521,True,False,False,26,6,0.5451273051941748,0.5285397043808286,5
9nxn_chainB,5,5,0.007554285228252411,Cryptic,0.7545499801635742,0.523149311542511,380.0,1,4,0.5774958386790444,0.6176778810313572,20.630004604291454,-44.1012609117734,47.830252650338714,23.935853754473072,-40.73504982101823,42.51305587196995,15.243732049867727,16.747910203622855,-1.5041781537551273,False,False,False,23,5,0.5949633076179536,0.5782923152682566,9
9nxn_chainB,1509,9,0.01981194131076336,Cryptic,0.5044828653335571,0.5666950345039368,559.0,1,3,0.7065545094264665,0.5782271649877366,15.56651637348926,-20.07307130978449,38.52575641408421,12.991593136391328,-26.44809351515474,39.46017870053499,18.39441189837105,15.129843683696803,3.264568214674247,True,False,False,24,6,0.5712608649676678,0.5473674396155553,6
9nxn_chainB,1509,9,0.01981194131076336,Cryptic,0.5044828653335571,0.5666950345039368,559.0,2,3,0.5757666184388212,0.5593725332784876,6.682464060282442,-23.871735313638244,40.17146290603393,14.20517969622087,-25.915178007566382,45.118745078972495,17.927923623798705,9.940401175615893,7.987522448182812,True,False,False,28,6,0.5475289726339477,0.5302229311539003,6
9nxn_chainB,4002,10,0.07854431867599487,ActiveSite,0.5044828653335571,0.5089572668075562,1677.0,1,3,0.5757666184388212,0.5505073539096814,6.6833149397636795,-23.86997096659875,40.17101402128225,10.941455384254803,-27.48417344523061,36.732984714963244,17.92845599446623,18.011297632803213,-0.08284163833698344,False,False,False,26,6,0.5275565758381945,0.517376918464817,7
9nxn_chainB,3512,11,0.09267430752515793,Cryptic,0.5044828653335571,0.5519829392433167,1677.0,1,3,0.5757666184388212,0.5487845038289795,6.802412853874548,-23.91075994511445,40.2180731104262,5.0624628335559585,-27.29552060525048,34.49239445814047,17.8128830796208,22.49484677699139,-4.681963697370591,False,False,False,26,6,0.5339876917183344,0.521291946882103,6
9nxn_chainB,1507,12,0.02562241442501545,Cryptic,0.5044828653335571,0.5315528512001038,559.0,1,3,0.5757666184388212,0.54275055453814,6.718628968034215,-23.872727511610723,40.181401497492175,14.105919554322917,-25.909631311042173,45.270710640935114,17.90033770891447,9.837676517525875,8.062661191388596,True,False,False,26,6,0.549086248958276,0.5262897833159421,4
9nxn_chainB,4507,13,0.010544049553573132,Cryptic,0.7716158032417297,0.5283746123313904,354.0,1,3,0.5970150219831715,0.5692586303342965,7.926939428401443,-30.641265716065178,38.16320348223296,15.745410631873582,-34.872369007885965,31.472901353975274,17.63873847154496,22.52830993631928,-4.889571464774317,False,False,False,22,6,0.5430487591312816,0.5312959974816899,8
9nxn_chainB,4005,17,0.0036206513177603483,Cryptic,0.7545499801635742,0.5271989107131958,380.0,1,4,0.5202650098649184,0.6107063239736816,22.016257281564766,-41.10301024343462,52.12104054580219,27.806408622275722,-38.39110431613446,53.826947106681054,11.9524884338709,13.734403966198427,-1.7819155323275258,False,False,False,19,6,0.5865898756192419,0.5706481839756912,9
9o9i_chainA,4,1,0.02992039918899536,Cryptic,0.66121506690979,0.5554456114768982,271.0,1,3,0.5560235742069711,0.5585640620955394,-18.530229847606257,27.953770781215937,-13.797866159847002,-17.79690050547046,24.052317764905858,-9.261946211172276,26.249937839822753,28.66095224170503,-2.4110144018822766,False,False,False,16,6,0.5448948448652843,0.5347414904873157,6
9o9i_chainA,4,1,0.02992039918899536,Cryptic,0.66121506690979,0.5554456114768982,271.0,2,7,0.44061694197684026,0.5790575375337748,-27.175315697668367,25.065529006582782,-18.503620374292687,-20.230574367092526,16.06583264969556,-14.94442374346434,16.072258189665494,23.301246832201276,-7.228988642535782,False,False,False,30,6,0.5713343941146329,0.5512803326181088,6
9o9i_chainA,507,2,0.0,Cryptic,0.5352538824081421,0.4698486328125,68.0,1,4,0.6596037832125538,0.5915272245540941,-18.014466766540366,8.142004981167087,-17.07367264980412,-22.565191472556776,3.6677848668609454,-12.738292332856899,26.581663133939713,27.804560402325375,-1.2228972683856618,False,False,False,28,6,0.569078774890015,0.5580414173647945,8
9o9i_chainA,508,4,0.00525282695889473,Cryptic,0.6798333525657654,0.5117351412773132,77.0,1,4,0.4979346744732534,0.56175284135381,-31.233294035020005,1.0975293940965616,-19.069519991172594,-24.247403075365135,-6.333453425434018,-17.38004216857497,22.330440241037547,32.0572654997664,-9.726825258728855,False,False,False,26,6,0.558024747447361,0.5466057741887436,5
9o9i_chainA,1,5,0.11681929230690002,ActiveSite,0.828298032283783,0.5046496391296387,656.0,1,4,0.6095860956146658,0.5651764880449218,-35.11376846852159,19.46029901446893,-12.843359682114922,-37.58201282560871,18.12208038023534,-5.284114626664729,15.595069145135263,22.734307958504715,-7.139238813369452,False,False,False,29,6,0.539099146999179,0.5237215254641503,8
9o9i_chainA,1,5,0.11681929230690002,ActiveSite,0.828298032283783,0.5046496391296387,656.0,2,3,0.7014278693613093,0.6128500032736757,-43.942640403382114,17.92001641992482,-17.955724786344305,-44.50533403989523,18.16274660596123,-9.531456851583412,11.194294127042088,19.18911420141106,-7.99482007436897,False,False,False,19,6,0.6061071073787772,0.5738009377778945,7
9o9i_chainA,7,6,0.022014524787664413,Cryptic,0.7519932985305786,0.5062684416770935,238.0,1,5,0.5032560361607467,0.5820600437690541,-22.442740902018333,10.11206324398377,-13.768435725184636,-24.172205265023873,3.699734803546793,-16.98951781823585,24.04231849580434,24.70753879244926,-0.6652202966449181,False,False,False,30,6,0.5683177477112209,0.5426665591743444,7
9o9i_chainA,1510,7,0.02039995975792408,Cryptic,0.828298032283783,0.6292945742607117,218.6666717529297,1,4,0.6095860956146658,0.6081406591969434,-35.09055549426341,19.508575660898824,-12.827699897824646,-35.10668050963173,18.42850259106514,-5.3874540721055055,15.614668229111503,22.919337837000203,-7.3046696078887,False,False,False,30,6,0.5694365003230474,0.5478838225181463,12
9o9i_chainA,4001,9,0.12840285897254944,Cryptic,0.828298032283783,0.5711053609848022,656.0,1,4,0.6095860956146658,0.5785127007136278,-35.10170716100997,19.501380923233835,-12.818296291745227,-37.76364636869079,18.18091557562075,-5.051707081476193,15.62103054693984,22.948462574264084,-7.327432027324244,False,False,False,30,6,0.5557420567904222,0.53631313198614,8
9o9i_chainA,4000,11,0.023745153099298477,Allosteric,0.6083232760429382,0.5607159733772278,194.0,1,7,0.47292962088431734,0.634628879649013,-42.203298063045565,14.949162662360255,-17.126083140807825,-46.86970289763105,17.193039669543552,-22.50496511472788,12.256522261099056,9.77481783556994,2.4817044255291147,True,False,False,25,6,0.6086635644603492,0.5946599838974269,10
9o9i_chainA,3512,12,0.0,Cryptic,0.66121506690979,0.6207398176193237,271.0,1,4,0.616505536447329,0.5908479660732616,-26.76549921351156,29.998532338604186,-20.160761133663513,-28.750060107157914,35.4982074971442,-13.635155317816286,17.72818012047551,23.503106948219923,-5.774926827744412,False,False,False,22,6,0.567988632869104,0.5318104334115394,9
9o9i_chainA,4005,13,0.0,Unknown,0.512814998626709,0.5327818393707275,57.0,1,3,0.6393015556386253,0.5612996065723372,-29.235505934197793,16.22519929084922,-22.726914555943015,-24.891688137820513,23.474851580285613,-27.879756848538026,11.843015710815394,14.729092608401784,-2.88607689758639,False,False,False,17,6,0.5412968915870383,0.5266821555943535,7
9o9i_chainA,4005,13,0.0,Unknown,0.512814998626709,0.5327818393707275,57.0,2,4,0.6090997644422793,0.5715793097249768,-27.72189844241943,24.455343206245487,-20.454541383001853,-25.762091073591584,22.109611448728874,-28.665483784919243,14.383034681310688,13.630253569800038,0.7527811115106502,True,False,False,25,6,0.551534484564414,0.5448084941810803,7
9o9i_chainA,4005,13,0.0,Unknown,0.512814998626709,0.5327818393707275,57.0,3,3,0.7101857632104007,0.5514060331388844,-32.53445723273795,23.761095826048003,-24.999456231714245,-25.78434958124606,20.127633465784534,-27.439080960256252,8.181613960052074,13.429339876325297,-5.2477259162732235,False,False,False,17,6,0.5462618383421349,0.5331011877061,5
9o9i_chainA,4507,14,0.0030009879264980555,Cryptic,0.5352538824081421,0.5034430623054504,68.0,1,3,0.706975332843737,0.5711848782306832,-25.90661592712103,13.353764782784847,-20.699166860113134,-30.963497115715416,12.191905794960775,-24.086439920863523,16.51300247686567,11.973289797392002,4.539712679473666,True,False,False,21,6,0.5512143347607797,0.5438768235714236,7
9ohy_chainB,5,2,0.054411835968494415,Allosteric,0.583448052406311,0.5461754202842712,157.0,1,3,0.6103656378858316,0.6320812550345152,23.20654000256287,-28.07369886389588,-13.171362370043065,24.72338580269919,-29.682083132475586,-19.925416235809536,15.105609273461692,15.098155378052628,0.00745389540906416,True,False,False,18,4,0.6109492080962542,0.5983550087295691,9
9ohy_chainB,1,3,0.0,Unknown,0.5884119868278503,0.4599206745624542,62.0,1,3,0.49783044525598374,0.562994902800152,12.75515455076597,-18.879325706050743,-3.6894459304711344,20.617911670249054,-21.851764368372475,-1.9912370974859135,18.3567237493744,19.886956340839024,-1.5302325914646246,False,False,False,22,6,0.5363180621462369,0.5218521250123624,8
9ohy_chainB,4000,4,0.0,Unknown,0.5700869560241699,0.508777916431427,88.0,1,4,0.5209966617587282,0.571576425549716,10.754873396065568,-15.023789706565916,0.2170949387813034,15.214999092000557,-11.382637856401276,-0.7684904139281459,22.48931301038067,20.873275090545466,1.616037919835204,True,False,False,27,6,0.5503533192394957,0.5486328606107607,7
9ohy_chainB,4002,5,0.024250710383057594,Unknown,0.49733465909957886,0.5424827337265015,85.0,1,5,0.6765282914434915,0.6208444529378475,20.773870437735386,-29.738442336406493,-15.364901942334615,27.74382589727345,-31.233341684729623,-18.552597881625438,15.018343314168009,17.999628351846404,-2.9812850376783953,False,False,False,23,6,0.5975685325586034,0.5856581937435957,9
9ohy_chainB,4001,8,0.0,Unknown,0.5884119868278503,0.48587027192115784,62.0,1,4,0.5688797685243474,0.562974211982792,13.068192681648847,-19.018639654728197,-4.56660817128228,21.112212134813024,-20.86665949665697,-2.2259300199789034,17.462133974355595,19.450682938338936,-1.988548963983341,False,False,False,23,6,0.5359387998892033,0.5229812732609219,8
9pi9_chainE,3516,7,0.08429719507694244,Cryptic,0.536380410194397,0.6506621241569519,3049.0,1,3,0.5272179390955887,0.5856650981103625,-3.0504874074330157,28.37167103002575,-49.438432201291924,4.469192726439475,26.38993200110139,-54.14591727403837,38.68885656039795,43.11405144072946,-4.42519488033151,False,False,False,18,6,0.5533342893343425,0.5296612203636959,10
9pi9_chainE,4510,8,0.03833683952689171,ActiveSite,0.536380410194397,0.5898571610450745,1016.3333129882812,1,3,0.5272179390955887,0.5563479164013896,-3.0437120550562087,28.36809392776616,-49.41394433747654,4.428150818828254,26.302183224455987,-54.16416115718151,38.67341030304694,43.185054804427395,-4.511644501380452,False,False,False,16,6,0.5422958713277205,0.5321074260136486,6
9pi9_chainE,1511,9,0.013954643160104752,Cryptic,0.536380410194397,0.6919889450073242,1016.3333129882812,1,3,0.5272179390955887,0.5531020401763234,-3.050077865467317,28.369420089964308,-49.42724937613534,4.674533889025328,26.67691038956497,-54.0941034414379,38.68261472230985,42.892092369424894,-4.209477647115044,False,False,False,16,5,0.5373809856916618,0.5318514232055079,6
9pi9_chainE,3001,10,0.05701616406440735,ActiveSite,0.536380410194397,0.5815398693084717,3049.0,1,3,0.5272179390955887,0.5605740318791688,-3.051482328602134,28.36985537089039,-49.43086526027696,4.143797559443578,26.748142763488744,-54.23407546778892,38.685018140239535,42.92229657610692,-4.237278435867388,False,False,False,16,6,0.5483144717546232,0.5336775520151105,6
9pi9_chainE,4512,11,0.0374365858733654,ActiveSite,0.536380410194397,0.841416597366333,1016.3333129882812,1,3,0.5272179390955887,0.5563484343959082,-3.040691820287517,28.369318391235495,-49.416471041831194,3.8658212213985625,26.27032506266023,-54.345420250500524,38.67387710227527,43.3168047353265,-4.6429276330512295,False,False,False,17,5,0.542620386458582,0.5310553418109419,6
9pi9_chainE,4511,12,0.016958346590399742,ActiveSite,0.536380410194397,0.8140676617622375,1016.3333129882812,1,3,0.5272179390955887,0.5692317636479359,-3.0329846623156924,28.368987212448523,-49.40643960584056,4.392321876302361,26.734709713597653,-54.049326260968,38.66605923118767,42.80603565219518,-4.1399764210075105,False,False,False,16,6,0.5430501412846156,0.5311571720515519,8
9pi9_chainE,1512,13,0.02880633808672428,Cryptic,0.536380410194397,1.0,1016.3333129882812,1,3,0.5272179390955887,0.5511728826517647,-3.051359889750403,28.368822916759186,-49.42580768861136,4.54918132633616,26.92480046647881,-53.763685674969665,38.682214676308796,42.47512591881283,-3.792911242504033,False,False,False,16,6,0.5446115558394139,0.537298853404345,5
9qng_chainA,507,1,0.03477148339152336,Cryptic,0.5869463086128235,0.5272281765937805,1840.0,1,17,0.365891760225442,0.5717284458818728,27.212746074503507,10.339395323493612,-3.2771290906753845,22.35763635805989,14.22855444076917,-1.9002712823563954,21.536203434623136,24.28400317261911,-2.7477997379959724,False,False,False,41,6,0.5393244667882101,0.5293713722175002,9
9qng_chainA,2,2,0.034839000552892685,ActiveSite,0.5194580554962158,0.5121743083000183,1840.0,1,5,0.47759298655216825,0.6014743693577357,27.957483494747514,10.438698474941324,-3.7373459489416128,22.85483490964274,16.529170818701356,4.36301202215955,20.743852717943064,27.531343084618314,-6.78749036667525,False,False,False,30,6,0.5780098732808081,0.5523734184958715,9
9qng_chainA,2,2,0.034839000552892685,ActiveSite,0.5194580554962158,0.5121743083000183,1840.0,2,8,0.44892139495510075,0.6093742681401437,26.451373462580012,10.641571016741452,0.8443182603551107,21.609827361234107,16.482593937501615,2.262458654037136,24.474945195292836,26.9287947004974,-2.4538495052045626,False,False,False,33,6,0.5644773797490289,0.5516156224683477,13
9qng_chainA,506,4,0.01152984518557787,Cryptic,0.8254595994949341,0.4847593307495117,297.0,1,4,0.4432949403433489,0.5896314273849957,24.834871928365814,25.139765353564737,11.343229730020395,19.106280302950427,15.443162645069657,12.908986940577627,31.85896102386213,36.56232448062103,-4.7033634567589,False,False,False,27,6,0.5615802399843131,0.5465550168457807,9
9qng_chainA,1,5,0.0,Cryptic,0.5157526135444641,1.0,95.0,1,4,0.48628763296019656,0.5622112823848068,10.468691511988963,31.84233999217038,6.68327553999503,14.399209792396086,31.52270037578138,1.4623214495494283,39.44771720997761,33.42239791483385,6.02531929514376,True,False,False,26,6,0.5433357478909655,0.524614251668938,7
9qng_chainA,505,6,0.1115419790148735,Cryptic,0.5866591930389404,0.4586273431777954,1840.0,1,4,0.5338705406007633,0.6301311062516997,28.830070524724494,10.774204992106501,-2.8888244336684616,23.92020300500061,16.846646466499035,4.4660266994296345,20.54935960653771,26.863559325304784,-6.314199718767075,False,False,False,26,6,0.5959922400411365,0.5715299037081382,12
9qng_chainA,505,6,0.1115419790148735,Cryptic,0.5866591930389404,0.4586273431777954,1840.0,2,8,0.4563422063386157,0.6185698681393221,26.571944503139893,10.534577049179727,3.347248437087321,22.817163337445905,16.92771620936394,4.694752045893098,26.214094655048168,27.736861011959228,-1.5227663569110597,False,False,False,36,6,0.5873978067906659,0.5616948053807443,11
9qng_chainA,4,7,0.03248501196503639,ActiveSite,0.6610003113746643,0.4712466895580292,1367.0,1,5,0.44150760807980377,0.5109634572643651,28.437435209503427,5.998141520620412,10.35279126760013,38.9317953609758,15.405357519048751,4.462072604893679,32.708505378589386,21.12305725046083,11.585448128128558,True,False,False,26,6,0.5214242535360517,0.513121142590019,3
9qng_chainA,4,7,0.03248501196503639,ActiveSite,0.6610003113746643,0.4712466895580292,1367.0,2,8,0.3861162911484259,0.5302467947222074,29.295502703476636,6.035907360213024,11.43260804390114,39.360815507840876,15.430866927031923,5.008593881109523,33.246571411657364,21.602097342212453,11.644474069444911,True,False,False,34,6,0.5435934210061073,0.537488035601549,3
9qng_chainA,4518,8,0.026388613507151604,ActiveSite,0.5194580554962158,0.7270820140838623,613.3333129882812,1,7,0.459103741275036,0.6077058464690456,25.88358732729031,10.390727959739086,2.8560988012129584,21.85997779334632,16.643779641698405,3.142442998638394,26.30857114625584,27.32269245427685,-1.0141213080210107,False,False,False,30,6,0.6141717505016541,0.593893039838469,5
9qng_chainA,4508,9,0.012638222426176071,ActiveSite,0.6610003113746643,0.7086837887763977,455.6666564941406,1,10,0.48785229531150226,0.5798763120693613,24.675188146380393,0.03177316886540253,15.692358341861256,29.142893808958732,1.9021766001095786,18.782693323301842,41.25870953946371,41.284520091311585,-0.02581055184787573,False,False,False,36,6,0.5318689310378121,0.5101033004258902,13
9qng_chainA,4510,10,0.03282015770673752,ActiveSite,0.5866591930389404,0.5004001259803772,613.3333129882812,1,15,0.3873203157679921,0.5749086679654726,26.375187732753837,9.123951661582119,0.5156598581022763,27.493784200479283,20.415576648710452,4.43265625622917,24.98961061952109,24.349213345337287,0.6403972741838047,True,False,False,38,6,0.5605377723619389,0.5321946000416031,7
9qng_chainA,4507,11,0.09085509926080704,Cryptic,0.5869463086128235,0.5031033754348755,1840.0,1,5,0.48618567146129404,0.58809133168715,26.92706894512986,8.369907546899423,-0.7005663078008173,24.46954211845926,16.602918846868782,5.279935306071609,24.270521599987042,27.181539280377116,-2.9110176803900742,False,False,False,31,6,0.5646653878629293,0.5552054608681025,8
9qng_chainA,4507,11,0.09085509926080704,Cryptic,0.5869463086128235,0.5031033754348755,1840.0,2,9,0.4479906829519698,0.5921710646794262,25.468556476621377,9.266657513057703,4.403272878965759,28.17681662223983,19.220329820442796,7.044137126128387,28.111775279402632,26.271232580949274,1.8405426984533584,True,False,False,33,6,0.5975855227679461,0.5701243710249229,5
9qng_chainA,4511,12,0.01917206309735775,ActiveSite,0.5866591930389404,0.6180766820907593,613.3333129882812,1,9,0.44799068295196987,0.6080405325201503,25.479031759151535,9.225858083545704,4.40809251688172,21.2836915415315,16.446017138117025,4.073865191187864,28.126615023462964,28.405967707774163,-0.2793526843111991,False,False,False,32,6,0.5801045823198359,0.5545349402097819,10
9qng_chainA,3521,13,0.06387368589639664,Cryptic,0.5869463086128235,0.5696819424629211,1840.0,1,8,0.44892139495510075,0.6262260039119796,26.456698269421484,10.650246463982922,0.8365555409573449,19.9610816651275,14.560728462763004,0.0719305427204716,24.462790106939586,27.189972243105895,-2.7271821361663093,False,False,False,32,6,0.5788266027816691,0.5719665367525483,14
9qng_chainA,3521,13,0.06387368589639664,Cryptic,0.5869463086128235,0.5696819424629211,1840.0,2,5,0.47759298655216825,0.6102376779906487,27.935523252097074,10.417888318665552,-3.7376117817336016,22.351754315570496,14.568697407335065,0.21348740068608218,20.76828219392513,25.465009261268047,-4.696727067342916,False,False,False,29,6,0.562266266667349,0.5458459995174338,14
9qng_chainA,1507,14,0.017319053411483765,Cryptic,0.6610003113746643,0.5641791224479675,455.6666564941406,1,4,0.542775416480426,0.5198863262052807,32.23905492776185,10.463042122254866,8.69202334378185,37.47226797859723,7.923250615098281,12.828390533710765,28.095234501617682,31.68884594337287,-3.5936114417551863,False,False,False,27,6,0.4909275530828955,0.4833161038975353,7
9qng_chainA,1507,14,0.017319053411483765,Cryptic,0.6610003113746643,0.5641791224479675,455.6666564941406,2,4,0.44367543672391235,0.5431812369194989,29.33515270560562,5.143725089717039,12.427679988894564,39.766249868145515,5.676509565517776,10.758087797587178,34.455654305149054,30.70909578343033,3.746558521718722,True,False,False,29,6,0.5187691381223114,0.5093055060905245,7
9qng_chainA,4509,15,0.013198171742260456,ActiveSite,0.6610003113746643,0.6911365985870361,455.6666564941406,1,12,0.41676803002819723,0.577611730905833,26.36278082247776,3.9684308621929554,12.78012600798268,27.537832112038846,2.7259396270560687,17.978156201475144,36.3961890331494,40.73567791166431,-4.3394888785149135,False,False,False,35,6,0.524008019973466,0.5070555658484756,14
9qng_chainA,3519,16,0.06411242485046387,Cryptic,0.6610003113746643,0.5339054465293884,1367.0,1,4,0.542775416480426,0.5562297993249437,32.26579917750285,10.49003663580009,8.692300374359544,37.75791850050323,9.543492972825243,12.898408936408613,28.076869840024727,31.083047686042026,-3.006177846017298,False,False,False,29,6,0.5371021611704215,0.5149659932113905,7
9qng_chainA,3518,17,0.006679813377559185,Cryptic,0.8254595994949341,0.5362755656242371,297.0,1,3,0.6033068758137233,0.53524014372986,24.030412962497174,26.579581452958152,14.673616411991606,15.590578100916558,26.616423430856432,16.007721602925976,35.31501898660255,41.10306355543692,-5.788044568834366,False,False,False,22,6,0.5309468874628896,0.5020453310185256,5
9qng_chainA,3518,17,0.006679813377559185,Cryptic,0.8254595994949341,0.5362755656242371,297.0,2,3,0.7498996178508002,0.5837626929584436,13.198346465060142,21.862213270120407,16.452924369935953,11.11521498420584,26.928198228765932,12.324945227874528,42.61111262185766,41.48060758858365,1.1305050332740052,True,False,False,24,6,0.5688232479128764,0.5495369294659114,7
9qnh_chainA,508,1,0.004224745556712151,Cryptic,0.8157569169998169,0.488459974527359,270.0,1,9,0.49165867125837615,0.5375503938060487,-25.705632061468794,21.888039495936397,-14.499193976205577,-22.54511012811562,19.7504218076485,-16.799222152686426,29.362575925964748,27.589606538641647,1.7729693873231014,True,False,False,41,6,0.5127625070579643,0.5006728414824015,7
9qnh_chainA,510,4,0.0021769029553979635,Cryptic,0.6898545622825623,0.6522933840751648,217.0,1,9,0.41545073768443275,0.5494774540493685,-25.298590601573245,27.871157876365313,-2.1078516214768834,-27.40633927875714,23.990519216110894,7.206372371714447,27.711134187351853,32.059831413806606,-4.348697226454753,False,False,False,38,6,0.544528255599227,0.5290924361729716,5
9qnh_chainA,4,5,0.002360666636377573,Cryptic,0.6660350561141968,0.7685481905937195,217.0,1,6,0.3324773001033448,0.5358934615093799,-21.41344350466866,27.529795362560144,-5.2043566795056035,-27.9432043902017,22.198502832086337,-12.54547919987112,23.61546230925808,30.95038152012186,-7.334919210863777,False,False,False,31,6,0.4975108516598344,0.48609069952225703,9
9qnh_chainA,5,6,0.0,Unknown,0.5290133953094482,1.0,87.0,1,7,0.4802933112825647,0.534181453813403,-11.62617752054664,31.941681765568298,-4.672069510392239,-8.54342695766093,35.18147189944654,-0.3730739076356587,15.40794467579959,15.607365778051104,-0.19942110225151488,False,False,False,32,6,0.5072961989429522,0.501593642892962,7
9qnh_chainA,507,7,0.0,Cryptic,0.5983368754386902,0.4363425076007843,89.0,1,9,0.3357357978658721,0.6095769752176625,-30.928095051350052,16.915651196006323,-1.037295217551926,-29.923752182573825,18.89541541040905,-8.254499384100292,34.211803066350924,32.657723636598874,1.5540794297520506,True,False,False,43,6,0.5618902247334213,0.5437646219377685,14
9qnh_chainA,4001,8,0.07259376347064972,ActiveSite,0.6243064999580383,0.4903157949447632,2896.0,1,10,0.3969106949248292,0.5879568564069945,-24.870805302308806,6.273116454556646,-9.313556949705262,-18.519331987595493,4.705133418828967,-7.5611004814234075,32.964832306470676,28.900459284508567,4.064373021962108,True,False,False,39,6,0.5371805751225401,0.5159703891197919,14
9qnh_chainA,3514,9,0.06424632668495178,Cryptic,0.6243064999580383,0.6110804080963135,2896.0,1,9,0.42213007912451334,0.5910882547926964,-25.15845045078119,6.906890893456175,-8.765535244521848,-18.472448988073648,5.384498445512953,-7.903453172365048,32.788395818218895,28.424231665495878,4.364164152723017,True,False,False,38,6,0.5409095196123981,0.5195083114562636,14
9qnh_chainA,1512,10,0.028684256598353386,Cryptic,0.6243064999580383,0.4772616922855377,965.3333129882812,1,22,0.35916657505876515,0.5511767995223067,-27.88513845889341,9.23963356534059,-6.538592886257898,-18.17638094388164,4.822464524182163,-6.408099559505112,33.800421980990556,28.511224142530633,5.289197838459923,True,False,False,49,6,0.5283276579367467,0.5182181297076481,7
9qnh_chainA,4513,11,0.025788811966776848,ActiveSite,0.6243064999580383,0.8439634442329407,965.3333129882812,1,17,0.35914186992011704,0.5699390213088196,-27.009980995174555,9.105330886607568,-6.7619434092171256,-17.91598330028987,5.095132705038794,-6.814776110086889,33.09998226568499,28.151924844622283,4.94805742106271,True,False,False,47,6,0.5323504456194968,0.5192283284292295,10
9qnh_chainA,4512,12,0.02636939100921154,ActiveSite,0.6243064999580383,0.4522961676120758,965.3333129882812,1,19,0.35797226326180315,0.5429343782153345,-27.487489365201206,9.740019279224324,-7.249837227493246,-29.005225151642914,18.008459840057977,-9.657110799542899,33.24931773492005,32.093506081547304,1.1558116533727443,True,False,False,48,6,0.518847070231085,0.5078179332161882,7
9qnh_chainA,4511,13,0.02060629241168499,ActiveSite,0.6243064999580383,0.6629576086997986,965.3333129882812,1,16,0.3527102487989682,0.5467374636179128,-26.799300375101073,9.898300001105113,-8.50536832181049,-21.714298764463877,6.3250523458609065,-10.39406566440095,32.66125576948309,30.567066486857435,2.0941892826256563,True,False,False,45,6,0.5346547222216516,0.5088888966909882,6
9qnh_chainA,4002,14,0.0,Unknown,0.5147067308425903,0.6334999203681946,132.0,1,3,0.6793301377418139,0.5597637516356873,-24.158087962146233,-4.048973530793011,-20.144002911482527,-16.99423147358414,-3.4761354758790253,-17.79321944480966,41.73150232167325,36.34173993071296,5.389762390960286,True,False,False,22,4,0.5320510418506886,0.5195641851505707,8
9qnh_chainA,4508,15,0.002682329621165991,Cryptic,0.8157569169998169,0.538357138633728,270.0,1,11,0.4299526311272182,0.5916291644795072,-22.15430409104384,22.6881040083325,-14.522206839906097,-16.555542031312566,17.91491065664694,-12.939120355231923,25.959002831689,21.25096261405033,4.708040217638668,True,False,False,41,6,0.5529021717902258,0.5391021008331,11
9qnh_chainA,4507,16,0.0,Cryptic,0.5983368754386902,0.49385592341423035,89.0,1,5,0.41449073066088377,0.5918496371564529,-35.34392367681824,20.349730839950123,-1.1374995079595647,-39.778578275288524,21.668109570095034,-6.147969088718217,37.91291502181855,41.961883591408856,-4.048968569590308,False,False,False,31,6,0.5657435805612256,0.5441152088281004,9
9qnh_chainA,4006,17,0.0,Unknown,0.685035765171051,0.6758134961128235,104.0,1,3,0.5863311174266594,0.5260933449520512,-5.269234771944108,29.93054690893399,-8.38596510085549,-11.413996088082444,30.713105387850295,0.8769638321923693,9.374896563267196,15.96264706846924,-6.5877505052020435,False,False,False,25,6,0.5093849672231172,0.4877950071069173,6
9qnh_chainA,3516,19,0.0,Cryptic,0.6898545622825623,1.0,217.0,1,6,0.384322044125262,0.5175328149722813,-17.22201112336508,30.78554232835386,-4.887713223244927,-8.699677245947676,35.731526020257355,-4.3582162592813,20.163532644680334,15.306426346235066,4.857106298445268,True,False,False,34,6,0.5083483826725136,0.4869538277993546,5
9qni_chainA,509,1,0.0,Cryptic,0.49061086773872375,0.5117431879043579,2876.0,1,3,0.6900712634850629,0.5654102168666935,-25.18081072689222,-5.66009133921192,9.350705139689456,-30.365097959986905,-11.305675919706394,9.493063079376764,31.6684291371602,25.607648288634792,6.0607808485254075,True,False,False,23,6,0.5535952409949763,0.5406959769215866,6
9qni_chainA,509,1,0.0,Cryptic,0.49061086773872375,0.5117431879043579,2876.0,2,6,0.48116815851920336,0.5712544894259592,-29.927778121472752,-10.133431118999145,9.101618008253505,-30.307587689962716,-13.116074194230766,9.24241354147792,26.53048667931578,23.929968322447653,2.6005183568681254,True,False,False,40,6,0.5388264444147028,0.5286201626518311,9
9qni_chainA,509,1,0.0,Cryptic,0.49061086773872375,0.5117431879043579,2876.0,3,4,0.5307835473065448,0.5825550650518395,-27.461314167029943,-13.472613515390385,7.124097040971116,-25.105462593320386,-4.493684141057982,-0.4341424481676465,23.30852023782091,30.60011773240061,-7.2915974945796975,False,False,False,36,6,0.5595279645586753,0.544220753430376,8
9qni_chainA,1,2,0.11491753160953522,ActiveSite,0.5969634652137756,0.5345813632011414,2876.0,1,10,0.44878647929704263,0.5813091560500797,-25.157937554497586,-6.6495163769991725,9.200318749725186,-17.882048272188722,-0.3364076632399785,12.57508693591394,30.746828077455376,40.0003035312193,-9.253475453763926,False,False,False,40,6,0.544310037198437,0.5372103295039748,10
9qni_chainA,1,2,0.11491753160953522,ActiveSite,0.5969634652137756,0.5345813632011414,2876.0,2,3,0.5730357196827982,0.5587903038287108,-27.25071531513854,-7.0342395889718405,8.58390582072886,-30.129012749090084,-12.604413928947135,10.64263733216009,29.62206216756588,25.09869602287584,4.523366144690041,True,False,False,28,6,0.5468176618839327,0.5296235438425654,6
9qni_chainA,3,3,0.0019847543444484472,Unknown,0.5524132251739502,0.529249370098114,141.0,1,14,0.44525807033190606,0.5543844445787364,-21.882602974218628,-22.186138869754025,15.359440573403448,-15.550767440930532,-21.21311339162912,11.616626329390597,24.46262636450504,26.42503438500441,-1.9624080204993675,False,False,False,40,6,0.5333205746985256,0.518029375514016,7
9qni_chainA,0,4,0.0,Unknown,0.5420923233032227,0.5096822381019592,137.0,1,5,0.5066768928027202,0.580591296643953,-35.52390950775434,-21.55527760247541,3.546565021941731,-32.276765289796785,-12.698027799842084,7.534645381098155,13.55671032498387,23.27576000702406,-9.719049682040191,False,False,False,32,6,0.5494713247089675,0.5407083377854396,9
9qni_chainA,2,5,0.003807221772149205,Cryptic,0.6702662110328674,0.6846726536750793,203.0,1,11,0.3998541780112917,0.5945736727534583,-27.57438032297948,-25.760449339423015,2.5354618676258145,-29.745824494571274,-21.17206808428478,8.490412961463553,11.41479981371646,17.15567179419845,-5.740871980481991,False,False,False,42,6,0.5537295961073319,0.5310963290017964,12
9qni_chainA,508,6,0.0,Cryptic,0.6254185438156128,0.46393004059791565,137.0,1,4,0.47388925816386024,0.5898845200630294,-35.80482154071463,-20.320206910927055,3.4878457040619524,-30.47548504899179,-15.824308693251998,10.494493480863948,14.67445741178246,22.32110746880259,-7.64665005702013,False,False,False,30,6,0.5628061927763388,0.5438361336618649,9
9qni_chainA,507,7,0.0016236663796007633,Cryptic,0.6621112823486328,0.6651166677474976,128.0,1,3,0.5307893489763064,0.5677425753110048,-7.497712066584283,-27.13585512473647,12.958032356858793,-9.317894808633243,-31.50676784491159,20.02001948970562,31.466311373670926,33.548598753463395,-2.0822873797924686,False,False,False,27,6,0.5489216590537848,0.5341165050207654,7
9qni_chainA,4,8,0.0017006800044327974,Unknown,0.5605071783065796,0.625953197479248,122.0,1,10,0.41627306882648735,0.5729047999940918,-27.070644659739052,-10.83229857659002,-4.849117047178243,-25.0618403326621,-3.2027429619779237,-0.7476593778171666,24.022978755884925,31.82718469918877,-7.804205943303845,False,False,False,37,6,0.563928440528278,0.544585994075348,6
9qni_chainA,5,9,0.0,Cryptic,0.4838300943374634,1.0,112.0,1,4,0.5240921141598115,0.5448410462570334,-13.482295956572578,-33.23330552762323,6.023843092262424,-15.877474557669348,-30.11861971895774,14.72134801670323,22.344614503532288,25.312617947949956,-2.9680034444176684,False,False,False,27,6,0.5318946657223277,0.5083769935093946,6
9qni_chainA,7,11,0.0,Unknown,0.6595833897590637,0.712959349155426,65.0,1,3,0.706258411196296,0.5712298555439396,-4.95556978126159,-31.954801673261684,1.9515791614867053,-8.088333694581396,-36.31671526822563,0.055813389246425066,29.585121501660083,26.33062275995488,3.254498741705202,True,False,False,19,6,0.5387375106902181,0.5287860278463079,9
9qni_chainA,4510,12,0.027251506224274635,ActiveSite,0.5969634652137756,0.45104101300239563,958.6666870117188,1,10,0.510817772104585,0.6230032282884953,-24.416077366836618,-3.4073071725958433,11.281689258801588,-18.579090882512464,0.37326881213806185,12.282168192187497,34.606314548106475,40.210738354459146,-5.604423806352671,False,False,False,35,6,0.5837287903715519,0.5571933386869057,13
9qni_chainA,4510,12,0.027251506224274635,ActiveSite,0.5969634652137756,0.45104101300239563,958.6666870117188,2,3,0.5730357196827982,0.5532129899003921,-27.424858995422127,-7.098823252338501,8.552071797719337,-18.899798653996985,0.7155051853599257,12.041474968888409,29.511936797314306,40.29141126905152,-10.779474471737217,False,False,False,30,6,0.5397974411805925,0.5245526914868274,6
9qni_chainA,1513,13,0.013312355615198612,Cryptic,0.49061086773872375,0.8371591567993164,958.6666870117188,1,10,0.5077471052458936,0.6022415283222146,-24.0961914091096,-1.8173182967813635,13.203361112333111,-18.195659882642616,0.0690973163724493,12.423822389688112,36.86449740368227,40.15695465241487,-3.292457248732596,False,False,False,34,6,0.5724551489748793,0.5504005775912117,10
9qni_chainA,1513,13,0.013312355615198612,Cryptic,0.49061086773872375,0.8371591567993164,958.6666870117188,2,3,0.5730357196827982,0.5586019528361346,-27.425950399561124,-7.1011505924782865,8.549855495973942,-18.92475585926837,0.9348024983742487,11.447702579537895,29.508769558280083,40.26091457401649,-10.752145015736406,False,False,False,29,6,0.5469139675148464,0.5283687955792143,6
9qni_chainA,4514,14,0.033347148448228836,ActiveSite,0.49061086773872375,0.46615099906921387,958.6666870117188,1,12,0.4441406448282095,0.5719521349467988,-26.410691850903905,-7.2412992871262185,9.323211198624072,-24.669201256194235,-11.299632285546707,11.17916454311902,29.926971681743478,27.834899446098184,2.0920722356452934,True,False,False,43,6,0.545975818043222,0.5352505790803948,8
9qni_chainA,4514,14,0.033347148448228836,ActiveSite,0.49061086773872375,0.46615099906921387,958.6666870117188,2,6,0.4811681585192033,0.5968412738695901,-29.974431984817798,-10.162993865595796,9.10407345719461,-24.851462820634175,-10.915791709820075,12.229636531657812,26.497926888242016,28.606455755270474,-2.1085288670284577,False,False,False,37,6,0.5468052605854832,0.5291122486782048,14
9qni_chainA,1514,15,0.021844936534762383,Cryptic,0.49061086773872375,0.6145156025886536,958.6666870117188,1,11,0.45380391907862294,0.6187361710049151,-25.294464959693375,-5.975075568230913,10.606291732587025,-18.51185856149167,0.4644417391804025,12.068243720505334,31.85044526051594,40.2364735757495,-8.38602831523356,False,False,False,39,6,0.5797775142678864,0.5486996996059172,13
9qni_chainA,1514,15,0.021844936534762383,Cryptic,0.49061086773872375,0.6145156025886536,958.6666870117188,2,3,0.5730357196827982,0.567055589172209,-27.281188463933763,-7.043926412710228,8.58002892807305,-17.32954949464601,-0.41467718046810415,13.869532508040168,29.60481484617114,40.66452338533858,-11.059708539167442,False,False,False,26,6,0.5404011837206011,0.5288854117559642,8
9qni_chainA,4001,16,0.05429188162088394,ActiveSite,0.5969634652137756,0.5002941489219666,2876.0,1,11,0.46245431909807144,0.6062198744440034,-24.497374010616625,-4.45104904020251,11.31141597077543,-18.584196552192893,0.6598554307164199,11.761622647767291,33.68654652233645,40.265342144341396,-6.578795622004947,False,False,False,38,6,0.5773304547760256,0.5544475643464303,10
9qni_chainA,4001,16,0.05429188162088394,ActiveSite,0.5969634652137756,0.5002941489219666,2876.0,2,3,0.5730357196827982,0.5777959355206039,-27.259808934734657,-7.048037189837233,8.57130751331774,-24.279659078909962,-10.134120557044534,12.786655513754539,29.602862150053685,29.70009058036591,-0.09722843031222439,False,False,False,28,6,0.5541343368490517,0.5379543958304747,8
9qni_chainA,4511,17,0.027208931744098663,ActiveSite,0.5969634652137756,0.47495588660240173,958.6666870117188,1,10,0.49601170820133855,0.6112113477452797,-24.435658775711044,-5.193458374342218,10.756624893354493,-18.443584494040863,-0.16632885675790848,12.686274542984046,32.83665367360314,39.95946465722127,-7.12281098361813,False,False,False,37,6,0.5719319548362026,0.5551270380920738,12
9qni_chainA,4511,17,0.027208931744098663,ActiveSite,0.5969634652137756,0.47495588660240173,958.6666870117188,2,3,0.5730357196827982,0.5675582614426312,-27.288281103210124,-7.049516332958155,8.57562783161907,-25.809349802120305,-10.59228477666286,13.683557329839017,29.5965064069298,29.34145484129667,0.25505156563313136,True,False,False,28,6,0.5482565470304057,0.5353565497548793,7
9qni_chainA,1511,18,0.01964944414794445,Cryptic,0.5969634652137756,0.6145156025886536,958.6666870117188,1,10,0.4960117082013386,0.6150256593258431,-24.405702259441355,-5.261751609999264,10.785762187040593,-18.221479576250807,-0.3101415564037016,12.733994517921216,32.79810408524986,39.945276972038506,-7.1471728867886455,False,False,False,37,6,0.57827435379865,0.5535857993669361,12
9qni_chainA,1511,18,0.01964944414794445,Cryptic,0.5969634652137756,0.6145156025886536,958.6666870117188,2,3,0.5730357196827982,0.5740731579961548,-27.366445546380497,-7.084604267337146,8.554940687068376,-23.377738555242868,-10.547118886132164,12.194362346900657,29.539191135101074,29.390951447106495,0.14823968799457887,True,False,False,28,6,0.556904692256806,0.5398245605366959,7
9qni_chainA,1510,19,0.01362534798681736,Cryptic,0.5969634652137756,0.8371591567993164,958.6666870117188,1,10,0.4960117082013386,0.6150256593258431,-24.405702259441355,-5.261751609999264,10.785762187040593,-18.221479576250807,-0.3101415564037016,12.733994517921216,32.79810408524986,39.945276972038506,-7.1471728867886455,False,False,False,37,6,0.57827435379865,0.5535857993669361,12
9qni_chainA,1510,19,0.01362534798681736,Cryptic,0.5969634652137756,0.8371591567993164,958.6666870117188,2,3,0.5730357196827982,0.5740731579961548,-27.366445546380497,-7.084604267337146,8.554940687068376,-23.377738555242868,-10.547118886132164,12.194362346900657,29.539191135101074,29.390951447106495,0.14823968799457887,True,False,False,28,6,0.556904692256806,0.5398245605366959,7
9qni_chainA,3515,20,0.0,Cryptic,0.6702662110328674,1.0,203.0,1,3,0.5722142969499386,0.5203335658893287,-25.71232343411236,-29.587623489453687,3.1204506854208636,-29.419203644622247,-22.958787954465592,6.465800069247673,10.89405038783833,14.691265023860577,-3.7972146360222467,False,False,False,20,6,0.49872556198574475,0.4936391788147656,6
9qni_chainA,4007,21,0.0,Unknown,0.6595833897590637,0.7238339781761169,65.0,1,3,0.706258411196296,0.5455500679368862,-4.958864839689554,-31.954813840213937,1.9416723107825817,-11.476913267751664,-33.84338605336784,0.5627860826748476,29.58040597188204,22.885694835260413,6.694711136621628,True,False,False,20,6,0.5238544123114268,0.5046225200628356,7
9qnj_chainA,507,1,0.0,Cryptic,0.5744906067848206,0.5234817266464233,1915.0,1,18,0.3644939663084194,0.6063418261531077,27.183585377839613,11.360058270059982,-5.536446066270105,21.920501652899983,17.22823381862215,-1.9261901020193892,23.334221358798708,20.236421533008034,3.0977998257906734,True,False,False,46,6,0.5842170977607939,0.5565372229127774,9
9qnj_chainA,3,2,0.054525990039110184,ActiveSite,0.5225258469581604,0.5068395137786865,1915.0,1,16,0.3575827440499851,0.5839907690112327,26.763303294552774,13.888307639637068,-2.256435121408799,21.87692567337346,17.228294780862726,-0.2104036501376321,20.867489555079082,20.37821308014436,0.4892764749347229,True,False,False,43,6,0.5620407430825132,0.5432327430248686,8
9qnj_chainA,506,3,0.0069664218463003635,Cryptic,0.8263499736785889,0.4786108732223511,239.0,1,5,0.5833131239663845,0.5929776866715615,26.29176999862936,22.162375066914898,11.932171171479975,23.333995797950223,29.049530479881142,5.856178773322012,19.837675771230135,14.207154462758384,5.630521308471751,True,False,False,31,6,0.5684109439137668,0.5410865255078844,9
9qnj_chainA,506,3,0.0069664218463003635,Cryptic,0.8263499736785889,0.4786108732223511,239.0,2,4,0.6288426399149133,0.5519498633243729,26.29551348392527,20.665524669179955,15.993445456664821,20.77292342695488,21.19208504106508,13.845645050484498,23.723039791950562,24.29993439197507,-0.5768946000245094,False,False,False,32,6,0.5161529041709996,0.5057860379359352,9
9qnj_chainA,6,5,0.0,Unknown,0.4687628149986267,0.5044635534286499,57.0,1,6,0.3971078947877851,0.6072191987121561,33.98248422927031,23.61199856026411,-1.1351884177300529,30.215056140757177,29.66292642018656,-6.130437780601851,9.938033411548385,6.504624787362131,3.4334086241862547,True,False,False,34,6,0.5671480522902229,0.5507139762008892,12
9qnj_chainA,2,6,0.0,Cryptic,0.5031553506851196,1.0,66.0,1,5,0.48237121898911295,0.5135121201559103,11.569306016912398,29.571351794187414,2.8200837632119504,8.869114662990208,34.96610138264971,7.216327082398507,23.355167940854464,26.953842038391123,-3.5986740975366587,False,False,False,31,6,0.4929199018009551,0.4784003457482402,6
9qnj_chainA,1511,8,0.017295189201831818,Cryptic,0.5744906067848206,0.8003396987915039,638.3333129882812,1,3,0.6059755917345618,0.5455546516559474,24.51405702141193,16.536836001711404,4.60318265103463,19.60312134330259,16.33005772900186,1.0486406808368312,20.637583369384316,22.64279347322473,-2.0052101038404153,False,False,False,32,6,0.5299343946426702,0.5183159015128511,6
9qnj_chainA,4515,9,0.025477195158600807,ActiveSite,0.5225258469581604,0.7643850445747375,638.3333129882812,1,13,0.3576648055723314,0.6082876201014967,25.81284023410898,15.529679694287612,0.2909813736104303,20.251647969739146,17.26992762447534,0.5789455154037558,19.89843442606151,21.44940215791618,-1.5509677318546693,False,False,False,42,6,0.567958967331794,0.5534206092624863,12
9qnj_chainA,4513,10,0.02560773305594921,ActiveSite,0.5225258469581604,0.5144375562667847,638.3333129882812,1,15,0.3555750262501137,0.576309279138443,26.478770500975088,10.7726758417415,-3.1586964818618926,21.66547851377914,16.93709230739345,-0.7210268730734957,23.912679979797964,20.687260048454466,3.225419931343499,True,False,False,44,6,0.5511934029070774,0.5400791492310862,8
9qnj_chainA,4507,11,0.10744065046310425,Cryptic,0.5744906067848206,0.5092899203300476,1915.0,1,6,0.430390796247415,0.5510121352329964,24.91075307689302,12.688319642700973,5.511924124248839,28.52317119840798,12.94695292189013,8.341756115336578,24.02658025569541,23.81324778824357,0.21333246745184198,True,False,False,34,6,0.5352082283187182,0.5284633599509402,6
9qnj_chainA,4507,11,0.10744065046310425,Cryptic,0.5744906067848206,0.5092899203300476,1915.0,2,9,0.34758650751425085,0.5738379512094095,25.859540507746587,10.828513155612553,-2.60075342881542,21.567052562517002,16.79421406082176,0.2770156395271841,24.051594915587238,20.965894099299703,3.0857008162875346,True,False,False,39,6,0.5366029666909121,0.5249022844500797,10
9qnj_chainA,3517,12,0.0669797733426094,Cryptic,0.5744906067848206,0.5742222666740417,1915.0,1,11,0.36271034452226103,0.5932355537890686,26.22196315134884,11.166737318585565,-4.391580018339158,20.980235918520385,17.13545410253189,-1.4739555226588976,23.691843513333495,20.899344391284572,2.7924991220489233,True,False,False,39,6,0.5546776492273321,0.5413637457103113,11
9qnj_chainA,4511,13,0.02582894265651703,ActiveSite,0.5744906067848206,0.63447105884552,638.3333129882812,1,5,0.44905355885671744,0.5800774992792592,25.046784225058804,14.00371166965373,4.087446161221985,20.791234691978367,17.099463486456017,0.44792181861933594,22.389140185667465,21.220724701555106,1.1684154841123586,True,False,False,33,6,0.5440802987142055,0.5317986957236244,10
9qnj_chainA,4511,13,0.02582894265651703,ActiveSite,0.5744906067848206,0.63447105884552,638.3333129882812,2,8,0.3466691360325411,0.5781019492208487,26.11458916884715,11.434925834009615,-1.7508669489125437,21.135295675794936,17.50789415839467,-0.2598098615143745,23.404302145344634,20.605054174220207,2.7992479711244265,True,False,False,37,6,0.5360311039785239,0.5262969949278385,11
9qnj_chainA,1514,14,0.01238610502332449,Cryptic,0.5225258469581604,0.8003396987915039,638.3333129882812,1,7,0.38130782042759337,0.5930814387533005,26.377729804225513,12.394320229976904,-2.894578935059004,21.322517864165114,17.179064635897873,-0.3869756959617659,22.406907006827264,20.73291581768903,1.6739911891382349,True,False,False,37,6,0.5499277982486888,0.5359910020415974,12
9qnj_chainA,1514,14,0.01238610502332449,Cryptic,0.5225258469581604,0.8003396987915039,638.3333129882812,2,3,0.6059755917345618,0.5746650907827953,24.51866096445815,16.538093677188364,4.6392223578541145,20.429434687044985,16.52661359179986,-0.7322533499871986,20.646767676530974,21.763576646259356,-1.1168089697283818,False,False,False,30,6,0.5391922096894695,0.520622942571697,10
9qnj_chainA,4508,15,0.009503213688731194,ActiveSite,0.6173040270805359,0.5725340247154236,444.6666564941406,1,7,0.478714147142524,0.5688388935026754,23.721470663147734,-1.2704124507919314,17.41354555539362,24.46373652158288,6.715280296865016,15.429667881281835,41.30453774229825,33.54921281159163,7.755324930706621,True,False,False,31,6,0.5425730693691029,0.5307433050506654,8
9qnj_chainA,1508,16,0.008068161085247993,Cryptic,0.6173040270805359,0.8478601574897766,444.6666564941406,1,6,0.48147426583468017,0.5789484512906531,23.620150407286257,-1.5135775309071904,18.266664978098277,25.580918213453813,4.865107862519788,19.976549238922793,41.9488968427317,37.29737458054557,4.651522262186127,True,False,False,30,6,0.5650195067162854,0.5378278800158798,7
9qnj_chainA,4005,18,0.04337412491440773,ActiveSite,0.6173040270805359,0.5723589658737183,1334.0,1,9,0.4450572416526396,0.6130859600236959,23.794579010115044,0.9908014544753687,14.973056717746308,24.88970573495898,4.92869507518657,20.535337812377705,38.23152347672689,37.74820433963399,0.48331913709289864,True,False,False,33,6,0.5865194755908879,0.5589136745965904,10
9qnj_chainA,3515,21,0.0029210031498223543,Cryptic,0.8263499736785889,0.5451279282569885,239.0,1,5,0.5297474227755259,0.5829791612744172,21.873526184883556,21.471617986953333,16.200042325270505,17.390695064331087,19.287056803028587,12.037319439359909,25.259713181259468,26.1931713104174,-0.933458129157934,False,False,False,31,6,0.5441182056851802,0.5243999746490476,11
9qnj_chainA,3515,21,0.0029210031498223543,Cryptic,0.8263499736785889,0.5451279282569885,239.0,2,8,0.34337716570762006,0.5610425136538582,20.29323818100006,22.543245358554273,15.84380298739923,16.40172772870021,26.057487833012903,13.092404285524037,25.320628456329118,24.60536834338238,0.7152601129467371,True,False,False,35,6,0.5357782086708213,0.5138447030759944,8
9qnk_chainA,509,2,0.11402365565299988,Cryptic,0.5868663787841797,0.4665418863296509,1819.0,1,15,0.3892361434682564,0.5891221681121984,27.737606523985022,13.338862878507811,-0.496346945141805,35.003365940363594,16.282052273865204,3.5989554191010975,23.283971257966993,19.975273389918236,3.308697868048757,True,False,False,43,6,0.572215546924014,0.5358216260448191,8
9qnk_chainA,3,3,0.040975600481033325,ActiveSite,0.5190325379371643,0.5160654783248901,1819.0,1,16,0.37932612721000936,0.5750320675570596,26.904088721462898,10.641502435610185,-3.513465849258668,31.678414180318537,18.23282828746998,1.0653592178299052,25.377518400867007,23.4569828346999,1.920535566167107,True,False,False,42,6,0.5390384735815255,0.5229574687938364,10
9qnk_chainA,5,4,0.05409395322203636,ActiveSite,0.5749770998954773,0.45778533816337585,1272.0,1,3,0.749633542705352,0.5466261603669998,30.925485099586048,16.38784954021315,15.857567526952922,29.75392388095692,18.18616131955521,8.585073766833766,13.411426815175533,18.577199269817815,-5.165772454642282,False,False,False,29,6,0.5177380537194683,0.5003934402336,8
9qnk_chainA,4,5,0.0,Cryptic,0.5792620182037354,1.0,161.0,1,7,0.42401676868657967,0.5720009709011207,14.894887938446214,31.14104749235324,6.168792483360871,14.361711833313347,34.10988672060482,0.2976798339273523,36.31714692892615,41.243914565832796,-4.926767636906646,False,False,False,31,6,0.5416107378893948,0.5233036162348893,9
9qnk_chainA,9,6,0.0,Unknown,0.5028367042541504,0.527283251285553,92.0,1,5,0.42643952200475876,0.5840599709563492,34.52349146148785,21.385907597359513,-0.886561165953409,34.210300869572066,16.569624585571887,3.048290689259077,26.673443678038407,20.616478863857743,6.056964814180663,True,False,False,34,6,0.546206906021791,0.5230157469647227,11
9qnk_chainA,510,7,0.03287297114729881,Cryptic,0.5803795456886292,0.5264412760734558,1819.0,1,18,0.38632442545942663,0.5837493637986216,28.05489216061548,10.87143679882607,-5.138731486299418,29.143355512962422,16.662919510671006,-1.469416496388012,26.581125224189677,25.180019165485344,1.4011060587043325,True,False,False,45,6,0.5444633196433258,0.527129366906097,11
9qnk_chainA,512,8,0.05783680081367493,Cryptic,0.6892939805984497,0.45228704810142517,1272.0,1,3,0.6689285599795554,0.5546905782451675,24.612967523923032,4.196381631106413,12.539165097700575,21.117422451753058,1.5734412307203223,7.197318220438376,12.818086220569926,19.0351283246193,-6.217042104049375,False,False,False,24,6,0.5349123667452502,0.514386719694316,7
9qnk_chainA,6,9,0.0,Unknown,0.4948877990245819,0.5193548798561096,92.0,1,5,0.5413401147100333,0.6089956928554143,26.875452949350603,20.1752523832961,14.016047607066403,18.272128473375897,18.19720006568262,11.2586146871488,18.84461230625917,23.535561382753748,-4.690949076494579,False,False,False,30,6,0.5598921496263295,0.5473519542245759,14
9qnk_chainA,6,9,0.0,Unknown,0.4948877990245819,0.5193548798561096,92.0,2,3,0.4895946527324334,0.5476617218035461,24.706297530177185,26.248055882429615,9.566921406946117,18.250646255528654,20.612362302365092,10.092777182469874,26.37507714622762,25.464652470279432,0.9104246759481889,True,False,False,24,6,0.5250274468235481,0.5113684272317408,7
9qnk_chainA,6,9,0.0,Unknown,0.4948877990245819,0.5193548798561096,92.0,3,3,0.5638390931080067,0.5663750595341615,15.807524587212265,23.10521626990366,13.182129991763865,19.692097269582476,16.260239454897345,10.232269470416142,27.86784923670005,21.80347526402786,6.06437397267219,True,False,False,21,6,0.5543317884758722,0.5431264109460149,6
9qnk_chainA,1526,10,0.02161572501063347,Cryptic,0.5190325379371643,0.5352442264556885,606.3333129882812,1,18,0.35454244059306117,0.5753349760457533,26.638511886048196,8.588808326061594,0.6347524989796617,31.58095658901772,15.812176699737506,1.82140660565784,21.270378560354388,21.490670779725544,-0.2202922193711565,False,False,False,43,6,0.5484162846520946,0.5178556149792785,9
9qnk_chainA,4518,11,0.02355332486331463,ActiveSite,0.5803795456886292,0.5896472334861755,606.3333129882812,1,15,0.39510129905280617,0.541504450996406,26.734507884742754,10.595665072466746,-2.6353912118176552,29.412330338237798,14.748020368022338,2.0689227936880616,24.628772366215326,21.229759843824073,3.399012522391253,True,False,False,40,6,0.524651972810051,0.5152327691711561,6
9qnk_chainA,1525,12,0.00915136281400919,Cryptic,0.5190325379371643,0.9137690663337708,606.3333129882812,1,8,0.3999610181836724,0.5411485933809981,25.21645696849577,9.271248801105154,2.9169839300146396,20.193880576382664,11.101077116772784,4.199555754825431,20.108900659739263,22.623858886957123,-2.5149582272178606,False,False,False,33,6,0.5082763271688302,0.503756216593165,8
9qnk_chainA,4525,13,0.020868409425020218,ActiveSite,0.5190325379371643,0.6279658675193787,606.3333129882812,1,17,0.36550831382081556,0.5741640000643472,26.221541619577618,9.069955004650675,0.7976747724168642,22.750489304057087,13.532824181169463,8.361909559113224,21.40323419526662,19.222546005731107,2.1806881895355126,True,False,False,39,6,0.5535277092558284,0.5217662582271664,8
9qnk_chainA,4510,14,0.07905858755111694,Cryptic,0.5803795456886292,0.5104759335517883,1819.0,1,18,0.36386356317651836,0.5597606096374549,26.30024326185905,8.714583214603318,0.2752745414056816,22.025861954762345,13.06537703566785,8.808932709702875,21.754646154572363,19.23603370279319,2.5186124517791733,True,False,False,40,6,0.5417132079513091,0.5176341427360619,7
9qnk_chainA,4005,16,0.03597971796989441,ActiveSite,0.5749770998954773,0.5475715398788452,1272.0,1,3,0.6689285599795554,0.5708568697860505,24.6179683914299,4.19552427866055,12.531322469968105,25.23508039658283,5.445351249959087,21.067289571916795,12.818206691594003,10.280470994720726,2.537735696873277,True,False,False,24,6,0.5327453334001868,0.5225341855281422,10
9qnk_chainA,1512,17,0.0157467108219862,Cryptic,0.6892939805984497,0.7454767823219299,424.0,1,3,0.749633542705352,0.555775228292946,30.90330956942433,16.446219885349237,15.895507189771779,29.74697606536982,19.443457622982873,8.576365667857676,13.461068696360726,19.54329453999338,-6.082225843632653,False,False,False,29,6,0.5105037358064914,0.49762733684743077,11
9qnk_chainA,1516,18,0.00920795276761055,Cryptic,0.5868663787841797,0.9137690663337708,606.3333129882812,1,15,0.372959243369666,0.5503532271954391,26.585582886106263,8.577087541552372,-0.6409217426169397,22.85717535587665,13.353542908369116,8.656771979403112,22.431315048226285,18.89518959075246,3.536125457473826,True,False,False,40,6,0.5480933374410899,0.52188478591727,5
9qnk_chainA,1519,19,0.009187613613903522,Cryptic,0.5803795456886292,0.9137690663337708,606.3333129882812,1,15,0.372959243369666,0.5503532271954391,26.585582886106263,8.577087541552372,-0.6409217426169397,22.85717535587665,13.353542908369116,8.656771979403112,22.431315048226285,18.89518959075246,3.536125457473826,True,False,False,40,6,0.5480933374410899,0.52188478591727,5
9qnk_chainA,1517,20,0.01872004196047783,Cryptic,0.5868663787841797,0.5352442264556885,606.3333129882812,1,15,0.372959243369666,0.5503532271954391,26.585582886106263,8.577087541552372,-0.6409217426169397,22.85717535587665,13.353542908369116,8.656771979403112,22.431315048226285,18.89518959075246,3.536125457473826,True,False,False,40,6,0.5480933374410899,0.52188478591727,5
9qnk_chainA,1520,21,0.01867869310081005,Cryptic,0.5803795456886292,0.5352442264556885,606.3333129882812,1,15,0.372959243369666,0.5503532271954391,26.585582886106263,8.577087541552372,-0.6409217426169397,22.85717535587665,13.353542908369116,8.656771979403112,22.431315048226285,18.89518959075246,3.536125457473826,True,False,False,40,6,0.5480933374410899,0.52188478591727,5
9qnk_chainA,4514,23,0.030767878517508507,ActiveSite,0.6892939805984497,0.5693493485450745,424.0,1,5,0.7474791387564305,0.5211695048847218,28.621512633630157,16.761251083141893,14.557978062539958,24.742086263430238,14.819433589423232,9.731862121958727,15.033279370776036,17.888780927992894,-2.855501557216858,False,False,False,31,6,0.502419368131934,0.4858140038166161,6
9qnk_chainA,4007,27,0.0,Unknown,0.43543869256973267,0.5748918652534485,52.0,1,3,0.5893066365720755,0.5466680022766797,21.993119603970925,-2.4625451196106423,19.27795209765227,26.319487926678438,3.121293386224788,15.034261809740771,14.951477698601442,10.155352161454928,4.796125537146514,True,False,False,17,6,0.5162688002788923,0.5053777234638708,8
9qnl_chainA,3,1,0.0031108157709240913,Allosteric,0.5877894163131714,0.7141578197479248,193.0,1,6,0.5090324460211733,0.5789052229911072,-26.75391279897644,-27.755248811041874,2.8285617042158897,-22.373600212835534,-35.83103523715061,-1.3955718064030975,12.798244225486263,4.522703043350373,8.275541182135889,True,False,True,36,6,0.5489442425113366,0.5339909866635116,9
9qnl_chainA,0,2,0.0,Unknown,0.4740293025970459,0.5236222147941589,80.0,1,8,0.475151567031586,0.5774725975157102,-34.95495886558898,-21.395195843129585,-0.6712573223262882,-36.26092387665248,-13.919521895253194,3.6519838270143103,22.908129107865008,29.552517510866313,-6.6443884030013045,False,False,False,38,6,0.5533387290476045,0.5389234311607094,8
9qnl_chainA,1,3,0.12432348728179932,ActiveSite,0.5150522589683533,0.5403020977973938,2838.0,1,10,0.41827689015490166,0.6177139934778799,-24.222392480577486,-9.020641906665311,7.381307455237218,-25.919397666309795,-10.563370558894464,11.844289819796202,29.884827927054907,30.09408391317342,-0.2092559861185137,False,False,False,40,6,0.5789788894880915,0.5461843425050753,13
9qnl_chainA,1,3,0.12432348728179932,ActiveSite,0.5150522589683533,0.5403020977973938,2838.0,2,7,0.4882958968750155,0.6202500796035577,-28.531496052105727,-8.873562658010638,6.957664879824669,-26.865397925376666,-10.566660365790131,11.493880350285009,30.987961440525833,30.199334490321807,0.7886269502040264,True,False,False,39,6,0.5781220034132066,0.5443768631579426,14
9qnl_chainA,508,4,0.0010478319600224495,Cryptic,0.6480921506881714,0.6626113057136536,115.0,1,7,0.47115611898528664,0.5603827282659789,-9.459415276631702,-26.288014708945568,12.949453319915307,-9.445245728827668,-29.73225634442345,19.559056150305757,19.13345577845529,22.421495518764825,-3.288039740309536,False,False,False,35,6,0.5216936494933472,0.5060814506250124,10
9qnl_chainA,8,5,0.0,Unknown,0.6449326872825623,0.7388762831687927,76.0,1,3,0.4843859799364771,0.517050004248774,-4.989435146957887,-31.56790802827621,1.9528055555130068,-11.041672797915243,-34.534641683816176,0.6926534097139679,15.28846264314689,8.523223418085522,6.765239225061368,True,False,False,21,6,0.49695837035783275,0.48296474340270557,6
9qnl_chainA,4,7,0.0,Unknown,0.4777293801307678,0.6489668488502502,60.0,1,7,0.41836931936931304,0.5470615586905081,-26.41927332477936,-18.6431570153757,-2.5447666698559006,-27.21993938155463,-27.13353348153599,-0.6934389047403995,20.763090468991887,13.51881635971619,7.244274109275697,True,False,False,27,6,0.5242205437984561,0.5109900464980998,7
9qnl_chainA,5,8,0.0,Unknown,0.5478298664093018,0.5671274065971375,64.0,1,9,0.48381082987079643,0.5828391740312014,-28.143968741057872,-11.458407358742974,-8.861958882914836,-23.886004505426026,-13.472900592585857,-16.7955135133111,29.473331689834424,30.40355570058906,-0.9302240107546353,False,False,False,32,6,0.5663665706300522,0.552903535998879,7
9qnl_chainA,6,10,0.0,Unknown,0.4944443106651306,1.0,70.0,1,3,0.5788501788436147,0.5501531314692701,-7.235755106136995,-32.29784112830875,1.441642958349711,-10.468911096922909,-39.45476423408881,6.18156778221507,12.915205583537228,10.149893321794563,2.7653122617426646,True,False,False,26,6,0.538721082921299,0.5127515636739209,6
9qnl_chainA,2,11,0.007189685944467783,Cryptic,0.8140251040458679,0.4791128933429718,315.0,1,4,0.5429173613834446,0.5637383783634227,-26.382547566247165,-21.81292047597407,12.321751094141819,-20.458656890741807,-20.562126040412338,14.477573026806017,20.94747996548525,21.93430812441498,-0.986828158929729,False,False,False,30,6,0.5206080272942868,0.5046041398644792,11
9qnl_chainA,2,11,0.007189685944467783,Cryptic,0.8140251040458679,0.4791128933429718,315.0,2,6,0.5558639119620526,0.5823044819022434,-22.942145616002215,-22.469114970180783,16.413888860318924,-20.761769186626726,-18.923005929099794,14.488092366487203,22.12255040488377,23.266039788927085,-1.1434893840433134,False,False,False,39,6,0.5541824635303296,0.5339630629074645,9
9qnl_chainA,509,12,0.0,Cryptic,0.5622265338897705,0.4613349735736847,80.0,1,9,0.3912393901179609,0.5424005777311409,-33.04859513015914,-19.712388736371924,-1.3622766706762814,-34.14824815619328,-16.629767363024936,4.50204212499999,22.972991814570083,26.23897066122846,-3.2659788466583777,False,False,False,43,6,0.5271923123911202,0.5114572992063566,6
9qnl_chainA,1512,13,0.019334934651851654,Cryptic,0.5150522589683533,0.6431534290313721,946.0,1,10,0.47501372045456147,0.60033677102693,-23.725523226443336,-5.842344303838601,10.512280577397359,-16.544641302355878,-1.4334630946388704,13.81947169753117,33.6313312341175,38.58878721378265,-4.9574559796651485,False,False,False,37,6,0.5822747336554598,0.5592022837412782,8
9qnl_chainA,1512,13,0.019334934651851654,Cryptic,0.5150522589683533,0.6431534290313721,946.0,2,3,0.6437949507977172,0.5681572988773987,-27.285605138115727,-4.061525109508569,10.735758858601425,-27.41237988776513,-10.899193802828789,13.110950090443945,36.038534935439884,30.65854589802179,5.379989037418095,True,False,False,26,6,0.5508127526430445,0.5300440686876406,7
9qnl_chainA,4001,14,0.04126105085015297,ActiveSite,0.5150522589683533,0.48687443137168884,2838.0,1,10,0.47501372045456147,0.582422672288824,-23.725681993142057,-5.847585719252832,10.510265894891187,-26.784569363266904,-10.336374602735019,11.747555678553745,33.62581046964837,30.475044817315602,3.150765652332769,True,False,False,38,6,0.5672177568782802,0.5480546719802514,7
9qnl_chainA,4001,14,0.04126105085015297,ActiveSite,0.5150522589683533,0.48687443137168884,2838.0,2,4,0.6248561543300671,0.5948570709064646,-27.135103221595042,-4.8206333647983834,8.93449598944379,-27.719612816885697,-11.04531862630807,11.334860178333058,34.83580355460991,29.95245165944352,4.883351895166392,True,False,False,31,6,0.5592398628954858,0.5346441368757922,11
9qnl_chainA,1511,15,0.03150995820760727,Cryptic,0.5150522589683533,0.5872660279273987,946.0,1,11,0.44131719148491205,0.6103081518673543,-24.174159705230217,-7.760259927072914,8.15723941280976,-25.25838299472448,-10.945536780091068,10.948266705527509,31.260026166609414,29.281978579733405,1.9780475868760092,True,False,False,39,6,0.5579331009058143,0.5441235419135974,15
9qnl_chainA,1511,15,0.03150995820760727,Cryptic,0.5150522589683533,0.5872660279273987,946.0,2,6,0.5232169294596949,0.6029549272272311,-27.485554097903023,-8.169127361702932,6.635627083117661,-27.330511355942875,-10.312863803249373,11.53615314878777,31.282856746175945,30.5666676479189,0.7161890982570434,True,False,False,37,6,0.5760447228661925,0.5423014569695265,10
9qnl_chainA,1513,16,0.03485848009586334,Cryptic,0.5150522589683533,0.6056780219078064,946.0,1,7,0.49071680859466155,0.6201139681859826,-28.903318148565525,-9.172309661925253,9.522669901640274,-27.383672388744287,-11.031688460389505,12.260948318870618,31.434293968597597,30.204485725802595,1.2298082427950021,True,False,False,40,6,0.5663259778629873,0.5506980264511421,16
9qnl_chainA,1513,16,0.03485848009586334,Cryptic,0.5150522589683533,0.6056780219078064,946.0,2,9,0.48631811796885893,0.5881294558397429,-24.512041223450385,-7.808751690802496,9.204559524186193,-16.23883737748218,-0.8225909296583724,13.465513297880499,31.531948701239834,39.068150790995446,-7.536202089755612,False,False,False,40,6,0.571799251240593,0.5616987330573288,7
9qnl_chainA,4513,17,0.033981382846832275,ActiveSite,0.5150522589683533,0.4596303403377533,946.0,1,9,0.45335709128599516,0.595968253429778,-24.24774096712936,-8.351875336666597,8.30152871858195,-26.59834706135398,-11.34208752399145,12.274417735406304,30.74078515385624,29.724080052956232,1.0167051009000083,True,False,False,39,6,0.547019265135861,0.5413244214093149,13
9qnl_chainA,4513,17,0.033981382846832275,ActiveSite,0.5150522589683533,0.4596303403377533,946.0,2,6,0.4609577222581437,0.631850328073537,-29.42538208772379,-7.864811634572595,8.378849110134313,-27.367864946509023,-10.674230097089147,11.569397022014124,32.50634727863935,30.265291188897674,2.2410560897416794,True,False,False,35,6,0.5929239472124981,0.5542717881601418,14
9qnl_chainA,3513,18,0.0035197287797927856,Cryptic,0.8140251040458679,0.5312066674232483,315.0,1,13,0.431414443081339,0.5661188354511413,-20.948297289384893,-21.82860233992001,15.949523640171973,-17.247273102059832,-26.100985349826267,19.290866146379862,21.981491847495622,21.828371833782438,0.15312001371318473,True,False,False,42,6,0.5289766781839124,0.5110921433064874,10
9qwj_chainD,4,1,0.05553276464343071,ActiveSite,0.6845110654830933,0.6029224395751953,1675.0,1,6,0.4357384353022156,0.6636047621469247,-14.559961753456559,12.728788246622809,-34.211979601550674,-11.71646194247759,6.999703541871674,-29.406186206024532,9.739870343896216,15.748378080000677,-6.008507736104461,False,False,False,30,6,0.6380146650513245,0.602325301901152,12
9qwj_chainD,509,2,0.0029175891540944576,Cryptic,0.6650000214576721,0.5480837821960449,110.0,1,5,0.5403842262998463,0.610859872524248,-6.8405876155022325,24.103092278154946,5.7481539317015296,-2.284610551737827,18.311554595468397,5.6567843890354546,39.18808182445488,40.2527429381924,-1.0646611137375146,False,False,False,24,6,0.601610717056479,0.5784635525782251,7
9qwj_chainD,1,5,0.000999517273157835,Unknown,0.5266169309616089,0.5964153409004211,91.0,1,3,0.6036536261411029,0.5856464789995549,-26.490370807279604,4.572053116796089,-41.672734613626226,-25.097348694586007,3.3599243571340485,-36.74807195933976,23.80459874053769,22.6642128816462,1.140385858891488,True,False,False,13,3,0.5545400439841708,0.5495109119190386,9
9qwj_chainD,8,11,0.0,Unknown,0.5082430839538574,0.5212090611457825,67.0,1,4,0.6601767633342853,0.6266835106628595,-12.459393199640537,23.449189522575054,-24.263813954348336,-10.242509085530067,28.618723464685925,-20.238420535258623,8.720078703186699,14.446008165212701,-5.725929462026002,False,False,False,25,6,0.5945089370379069,0.5791518446948983,11
9qwj_chainD,7,12,0.0028950832784175873,Unknown,0.658750057220459,0.51316899061203,110.0,1,5,0.44408893448602477,0.6206012782518873,-9.6199746794781,26.69529471543641,2.554500245153649,-18.13570981969092,25.392212095895985,-7.8703220196619545,35.8816444743294,25.661877102161323,10.219767372168075,True,False,False,25,5,0.591922233758585,0.5789313016925314,10
9qwj_chainD,1511,13,0.013059464283287525,Cryptic,0.6845110654830933,0.6603549718856812,558.3333129882812,1,7,0.43982151342024317,0.6400154448904468,-13.152061571026989,12.082951896735114,-34.5287879951453,-11.34912766860395,3.927211574897618,-32.222677521707844,10.337445599163813,18.46797385245209,-8.130528253288277,False,False,False,32,6,0.6227922473433851,0.5995360804560519,9
9qwj_chainD,4512,14,0.017258942127227783,ActiveSite,0.6845110654830933,0.7367053031921387,558.3333129882812,1,7,0.39239183451396686,0.6046691131900535,-15.53181875489037,13.939846543018882,-32.16051755990353,-11.349424732783582,9.15051683387847,-30.614251246868204,8.682283087010115,13.46217338840461,-4.779890301394495,False,False,False,38,6,0.5631571573325981,0.5509339572026567,12
9qwj_chainD,1513,15,0.009850128553807735,Cryptic,0.6845110654830933,0.6288023591041565,558.3333129882812,1,7,0.45577040655495277,0.6239610731709594,-14.1135039297389,13.812845858343273,-30.951468028150302,-11.764192285254486,4.721437253656675,-29.94485243660817,8.730746537125963,17.868102066441132,-9.137355529315169,False,False,False,34,6,0.6173398692330867,0.5928498112378071,7
9qwj_chainD,4004,16,0.056556373834609985,ActiveSite,0.6845110654830933,0.6001481413841248,1675.0,1,7,0.45577040655495277,0.6443200439129235,-14.1135039297389,13.812845858343273,-30.951468028150302,-11.786626085424176,5.361252986023079,-29.336110568821358,8.730746537125963,17.35131487724462,-8.620568340118655,False,False,False,36,6,0.6188655094408415,0.5881756506356806,11
9qwj_chainD,4513,17,0.01778380014002323,ActiveSite,0.6845110654830933,0.6921597123146057,558.3333129882812,1,7,0.45577040655495277,0.6375751814016599,-13.940680707085972,13.60683562055266,-30.97046011356755,-11.711968455736201,4.780083816262982,-30.602741111247536,8.911640647434043,17.71874392112877,-8.807103273694727,False,False,False,34,6,0.6211139143369838,0.5927893452829213,9
9qwj_chainD,4009,18,0.02979939803481102,ActiveSite,0.7326076030731201,0.5369582772254944,418.0,1,5,0.4992631206154098,0.5960499621858123,-4.216311817185201,23.005892525652456,-0.5798618194666049,0.44952794814031816,18.010108959834177,-3.5261069937890133,33.5369139609127,32.66408086540194,0.8728330955107566,True,False,False,27,6,0.5584267855263485,0.5432510947222265,11
9qwj_chainD,4007,19,0.0016838096780702472,Unknown,0.658750057220459,0.5658343434333801,110.0,1,3,0.6432476247585275,0.5456531375539795,-8.154132902895514,23.951206883841007,4.387352104877698,-5.834333783487564,22.415649460058482,7.943226153734661,37.640676071260934,41.481126533591265,-3.840450462330331,False,False,False,16,6,0.5232055576124017,0.5072466459201335,7
9qwj_chainT,3,1,0.0,Unknown,0.5135948061943054,0.5172457098960876,82.0,1,3,0.6034840285018012,0.6182513010210605,58.08769818204728,27.12501576863625,78.49983732894351,56.149400286004344,30.734122480111065,76.37531273688559,42.173916748905285,46.77090026656653,-4.5969835176612435,False,False,False,22,6,0.5830952274768548,0.574085352559322,11
9qwj_chainT,4,3,0.0024726937990635633,Unknown,0.6093999147415161,0.5513772368431091,132.0,1,7,0.598690652046008,0.616635292435594,56.23280265591878,26.74229526610388,55.17040555081956,59.083321635056855,25.638587587341824,49.99062578784796,55.7606281672033,57.99746501563339,-2.2368368484300873,False,False,False,31,6,0.5942209941280199,0.5754918911317244,9
9qwj_chainT,507,4,0.0,Cryptic,0.5496923923492432,1.0,135.0,1,3,0.739524374770193,0.5909246986136512,78.39676173284907,0.18667120597443645,97.44492673980996,74.02048439320404,2.4535979550520017,103.17176233461403,8.684648834501933,13.461438082928916,-4.776789248426983,False,False,False,13,4,0.5940860441758006,0.5752658461205208,5
9qwj_chainT,2,5,0.06175461411476135,ActiveSite,0.5277388691902161,0.5030727982521057,1844.0,1,7,0.3823796064863466,0.5627652386421247,64.33823058006645,21.626311298099154,83.2416458342627,60.477218101816895,13.000604376404508,89.27599265854315,33.37673109053604,26.280935233738372,7.095795856797668,True,False,False,32,6,0.5370995967290842,0.5181638168279725,8
9qwj_chainT,2,5,0.06175461411476135,ActiveSite,0.5277388691902161,0.5030727982521057,1844.0,2,3,0.6178068764096222,0.5591465270085616,62.89712626563449,9.941409281534925,90.81083622610241,61.46822361869751,7.588495379780503,85.57342136575893,22.1689724004272,22.78604145533579,-0.6170690549085904,False,False,False,25,6,0.5496979394890272,0.5220437575252616,6
9qwj_chainT,7,6,0.0138598857447505,Cryptic,0.770350456237793,0.5267655253410339,321.0,1,6,0.594953773794105,0.6277056835145249,78.38216516671298,4.1154691000708326,97.59312894372782,75.91150092312296,1.174657800264672,102.92828086191531,12.361072336762547,12.211819290751947,0.14925304601059963,True,False,False,29,6,0.5811308846561699,0.5718760186731477,14
9qwj_chainT,7,6,0.0138598857447505,Cryptic,0.770350456237793,0.5267655253410339,321.0,2,3,0.8062395799007098,0.5648926754144998,86.80119787315843,13.339349238555831,85.46218192017948,93.6279396348214,7.775506634102451,84.4804383031991,25.206550212552223,25.4239442145465,-0.2173940019942755,False,False,False,22,6,0.5605201684727864,0.5541948261595603,5
9qwj_chainT,1509,7,0.009986083023250103,Cryptic,0.5277388691902161,0.6217749714851379,614.6666870117188,1,7,0.3938597247141292,0.5862561989651169,63.382991304498134,21.233149028745302,86.60479777502192,65.02467076146934,27.203810428259903,81.31018053435268,32.41052841940343,38.76097826785028,-6.35044984844685,False,False,False,34,6,0.5478450499843341,0.5286729191302963,11
9qwj_chainT,1509,7,0.009986083023250103,Cryptic,0.5277388691902161,0.6217749714851379,614.6666870117188,2,3,0.6178068764096222,0.5268617295616327,62.91559830040353,9.95098839303169,90.80158811219606,61.90101012092091,3.3288791681344967,90.37185061528461,22.16716494901971,18.269643158649327,3.8975217903703836,True,False,False,26,6,0.5161569679744781,0.5082204985147267,5
9qwj_chainT,1508,8,0.011457016691565514,Cryptic,0.5277388691902161,0.6385589241981506,614.6666870117188,1,3,0.6178068764096222,0.5862175731078765,62.90874024127955,9.940097947999716,90.81202069393684,59.95664953611855,9.860081378507736,85.81231873198755,22.16089076242007,25.205060802897727,-3.044170040477656,False,False,False,26,6,0.5787586675445582,0.5629516218413606,6
9qwj_chainT,1508,8,0.011457016691565514,Cryptic,0.5277388691902161,0.6385589241981506,614.6666870117188,2,4,0.6458865739600975,0.6247485709608566,61.88944127419676,19.493918388825936,90.9387317314425,60.46455919230595,12.218704226930583,89.04209146665018,30.725984021250863,25.72853634688202,4.997447674368843,True,False,False,30,6,0.5968634098966475,0.5618251093939759,11
9qwj_chainT,4507,9,0.010912078432738781,ActiveSite,0.5277388691902161,0.5903339982032776,614.6666870117188,1,3,0.6178068764096222,0.5822135948142716,62.91914663806009,9.948543372348277,90.80390099755398,61.356201052290196,7.289675668588037,86.12884258587921,22.16276158052356,22.449154317591884,-0.28639273706832213,False,False,False,26,6,0.5561514222801953,0.5271095115305421,9
9qwj_chainT,4507,9,0.010912078432738781,ActiveSite,0.5277388691902161,0.5903339982032776,614.6666870117188,2,4,0.5240380190826478,0.6004258161172915,62.64053936933618,20.458086584120405,86.75664311882434,61.026767864466485,12.527701479770421,89.9962323131926,31.988600039846954,25.452052255389567,6.536547784457387,True,False,False,29,6,0.576050899347906,0.5296358278542599,10
9qwj_chainT,4508,10,0.01322268508374691,ActiveSite,0.5277388691902161,0.6297189593315125,614.6666870117188,1,5,0.4832469664814825,0.6139305030151092,62.69047885984037,20.07656894259457,89.10622708090163,60.673660483079615,13.3031558330217,90.4568121056881,31.147732552230753,26.199703360549474,4.948029191681279,True,False,False,32,6,0.5845388427017909,0.5477896130485232,11
9qwj_chainT,4508,10,0.01322268508374691,ActiveSite,0.5277388691902161,0.6297189593315125,614.6666870117188,2,3,0.6178068764096222,0.5636238603797208,62.918557807685104,9.94836406239165,90.80407551319057,61.46345810292348,7.196948777030316,85.9056200134028,22.162938190338604,22.401817532095038,-0.23887934175643366,False,False,False,27,6,0.5532570968989801,0.5328631627987114,6
9qwj_chainT,4002,11,0.04567944258451462,ActiveSite,0.5277388691902161,0.5723555088043213,1844.0,1,5,0.4832469664814825,0.6188486791803667,62.69305853433391,20.075452097206977,89.11355739474949,60.79501495431856,12.862496777054924,90.28433116526492,31.144389596555268,25.805131273051465,5.3392583235038025,True,False,False,32,6,0.6057224262274932,0.5491791705323001,9
9qwj_chainT,4002,11,0.04567944258451462,ActiveSite,0.5277388691902161,0.5723555088043213,1844.0,2,3,0.6178068764096222,0.5609214048588183,62.91355607589255,9.94020602288876,90.81188978480829,60.954451227764416,7.609576871646054,86.57722920686054,22.15815760168458,22.76531414053751,-0.6071565388529301,False,False,False,27,6,0.5515933897999605,0.5247579332660116,6
9qwj_chainT,4007,12,0.00627813721075654,Cryptic,0.770350456237793,0.5952170491218567,321.0,1,3,0.5500525553143134,0.5803265252987491,74.2471939053895,11.475697444719424,100.21693463327557,73.56450814254099,16.64083790840513,105.4205197859343,19.999834778012595,26.71725657255104,-6.717421794538446,False,False,False,23,6,0.5610609694035721,0.557583496322678,7
9qwj_chainT,4007,12,0.00627813721075654,Cryptic,0.770350456237793,0.5952170491218567,321.0,2,3,0.6911792006364595,0.5592136457885114,78.34819292138135,6.072458435280599,97.80615968965361,76.82241628793886,4.550167915926278,103.87459034118588,14.271193686810136,15.407109766844034,-1.1359160800338977,False,False,False,26,6,0.5360598779145999,0.5332726461106492,7
9qwj_chainT,4001,13,0.002507693599909544,Unknown,0.559978723526001,0.5167945623397827,118.0,1,3,0.5402060458377093,0.5889058484004902,53.458293104692814,17.217122990560785,67.77606151779707,53.53891837579226,18.00370950108399,58.10644442109295,42.808126519569754,49.77333691450497,-6.9652103949352195,False,False,False,27,6,0.5487077499765524,0.5391173913324535,11
9qwj_chainT,3509,14,0.011980836279690266,Cryptic,0.8325151801109314,0.5414665341377258,371.0,1,4,0.6136297727133502,0.6484014054330449,52.85301544137844,23.32224187612157,53.550264945647285,50.8343808187514,17.02944034468514,49.61976261594005,56.22130099410059,56.97017046653954,-0.7488694724389546,False,False,False,23,6,0.6069264753152446,0.5915189586237551,14
9qwj_chainT,4000,15,0.014580209739506245,Cryptic,0.8325151801109314,0.5310696363449097,371.0,1,5,0.6100821139121911,0.639289296516819,53.74846594137241,24.55534338678706,52.96244015235164,54.15768145561378,14.962376847095989,51.48916333346213,56.976918058922244,53.17897864636522,3.797939412557021,True,False,False,27,5,0.6006483063000889,0.5836352530607792,13
9qwj_chainT,4005,17,0.0,Unknown,0.5142711997032166,0.5835049748420715,88.0,1,11,0.427947981004397,0.609944972364696,60.41242313778527,25.763783808142325,58.000596865317405,60.29704334746803,31.987255794667615,65.58266123443968,51.78079999862536,51.418768711216195,0.3620312874091667,True,False,False,31,6,0.5803143605758982,0.5415915267056088,11
9sia_chainB,1,1,0.0,Unknown,0.4343656897544861,0.511623740196228,76.0,1,6,0.4539532797432837,0.6006300013235741,10.858933781118996,21.2300711187797,-1.9927310421688458,5.129340321922738,21.101660274662574,-3.4548813215607117,10.740951651464888,16.62738574251181,-5.886434091046921,False,False,False,29,6,0.5626518068470356,0.5524199711188025,11
9sia_chainB,4,4,0.07885060459375381,ActiveSite,0.691274106502533,0.4971524477005005,412.0,1,7,0.5284324312695841,0.6044403729597255,27.11155749844462,42.75087208841919,2.928476871198214,27.743417791665134,41.356536796611095,7.725129425786853,22.51873856211894,22.14105694745756,0.3776816146613804,True,False,False,30,6,0.5846169690939204,0.5721080282302596,8
9sia_chainB,2,6,0.08234073221683502,ActiveSite,0.7945857048034668,0.45503076910972595,544.0,1,3,0.5300063708744673,0.5683486748623566,16.61156676257,38.13285495588272,1.7990365791893197,9.248700243583597,39.950470621021054,4.621293964178404,17.52427758121054,22.290501907130082,-4.766224325919541,False,False,False,29,6,0.5518816082466439,0.527527167900732,7
9sia_chainB,6,7,0.006782799959182739,Unknown,0.49943843483924866,0.5354127287864685,93.0,1,6,0.46516095976854244,0.5962928680161127,22.655084697907974,30.033513326499577,-2.328413982019068,20.16178110887471,22.88444572357379,2.2757246984676405,9.994662435273193,1.933736716077847,8.060925719195346,True,False,True,28,6,0.5816824362206405,0.5703954427540238,7
9sia_chainB,4004,9,0.12865063548088074,ActiveSite,0.691274106502533,0.5471463799476624,412.0,1,4,0.6354985853433033,0.5976084618189853,20.715743615172503,40.95153980220583,3.940352217162574,27.298745207355914,38.2831601244163,7.079187741927354,19.923413818297,19.035028949947684,0.8883848683493163,True,False,False,29,6,0.5864483649338719,0.5614841434503849,7
9sia_chainB,4006,10,0.024380162358283997,Allosteric,0.7945857048034668,0.5352838635444641,181.3333282470703,1,3,0.5300063708744673,0.5726757404023466,16.623367151561286,38.13684317857308,1.8291360231351712,21.141600750437767,33.466508710226506,2.8799053082185853,17.52518346593333,12.373768817486308,5.151414648447023,True,False,False,28,6,0.5410852268962308,0.5283853744688018,9
9sia_chainB,4006,10,0.024380162358283997,Allosteric,0.7945857048034668,0.5352838635444641,181.3333282470703,2,5,0.4381749831566946,0.5570097497490986,11.205545233436258,38.59963171904087,-2.524720395624012,20.529041168433295,33.71621761217752,2.6928335657985913,20.441734061413342,12.611236923858728,7.830497137554614,True,False,False,30,6,0.5378929102037706,0.5162958109737801,7
9sia_chainB,4006,12,0.0033068698830902576,Unknown,0.49943843483924866,0.5352838635444641,93.0,1,3,0.5260293943812693,0.5706844692582004,23.936624484446344,31.861149284715427,-2.9341848193077142,19.406646942877963,23.831645991916076,-3.303824713809668,12.140407089179192,6.0145832678460405,6.125823821333151,True,False,False,23,6,0.5506953441344431,0.5430614982446035,7
9sic_chainB,3,4,0.0528649277985096,ActiveSite,0.8031696677207947,0.47647538781166077,761.0,1,5,0.5698218451527635,0.5518994417006674,11.305344699857102,-8.597399910047692,-2.648099439338027,5.9790827583822646,-7.386866976229224,0.2779489335501925,17.18241531698019,15.22581738149798,1.9565979354822112,True,False,False,34,6,0.5302376264339387,0.5156239429835779,7
9sic_chainB,3,4,0.0528649277985096,ActiveSite,0.8031696677207947,0.47647538781166077,761.0,2,3,0.5566586699257532,0.5296691417163287,17.590774725831857,-9.638232535632229,0.6945230826284506,9.683200849661375,-9.626152888166455,-2.0373227629432087,19.83442001842056,17.781443144093853,2.0529768743267063,True,False,False,24,6,0.5228877808116997,0.5003824175672367,5
9sic_chainB,1,6,0.01050370279699564,Unknown,0.5460951924324036,0.5092136263847351,145.0,1,8,0.43609017462552885,0.6008886724695801,0.1970605191518922,-6.244783614164265,-3.0496504293279028,-1.4496650332884888,-4.932756677627158,2.7448651297423043,16.616588693096126,15.694170238344958,0.9224184547511687,True,False,False,30,6,0.5627810594840024,0.5532932557786908,11
9sic_chainB,4,7,0.0,Unknown,0.5368952751159668,0.48225000500679016,73.0,1,4,0.6531541347535471,0.6381729640279279,10.511106027398498,3.593232238884865,-6.664736112911308,17.156562166366157,7.432904462775194,-8.33523026721097,9.778370080020126,13.759256247797094,-3.9808861677769674,False,False,False,24,6,0.6078112100102319,0.5933667243601838,11
9sic_chainB,0,8,0.0,Unknown,0.4930506944656372,0.5270441174507141,64.0,1,4,0.6543939076325509,0.5860884986342398,-5.420512237460693,-13.609034304432264,-0.7151224667675816,-2.887986713694842,-19.83243119945734,1.0889533973319054,25.209668531385923,29.522203169053366,-4.312534637667444,False,False,False,17,5,0.577282962638325,0.5671022904184356,6
9sic_chainB,1008,9,0.016284620389342308,Cryptic,0.8031696677207947,0.5032864809036255,253.6666717529297,1,4,0.6203870201522261,0.563506891034528,14.575230601489794,-9.482922400868746,-1.9629443649630602,19.714344140421332,-14.664659876795326,-0.12781516798668327,18.760965714179925,25.308340365259753,-6.547374651079828,False,False,False,31,6,0.5193158330567865,0.5076463344918812,11
9sic_chainB,1008,9,0.016284620389342308,Cryptic,0.8031696677207947,0.5032864809036255,253.6666717529297,2,3,0.5566586699257532,0.5366779531733816,17.569391041387362,-9.63593147326263,0.7227528795270982,19.41580558575157,-16.00667805358465,0.10301882418946852,19.820358970729057,26.350401739110364,-6.530042768381307,False,False,False,25,6,0.5302626216273219,0.5114582422017292,5
9sic_chainB,4007,10,0.01369981188327074,Cryptic,0.8031696677207947,0.5388248562812805,253.6666717529297,1,7,0.4540909924813769,0.5591134728610687,7.959749683233184,-7.590176997816037,-3.387965977237208,6.797610279333566,-9.345569446977008,-0.6162617344136103,16.10046289091802,17.19384617187265,-1.0933832809546296,False,False,False,33,6,0.5482493906702937,0.5265862704486818,6
9sic_chainB,4007,10,0.01369981188327074,Cryptic,0.8031696677207947,0.5388248562812805,253.6666717529297,2,3,0.5566586699257532,0.5459041852145503,17.597255845443392,-9.65208741555637,0.6905165493337814,8.283727169491772,-7.634862578558281,1.3994534279263944,19.849882652154257,15.280133481131772,4.569749171022485,True,False,False,22,6,0.5121351812755796,0.4886152467969372,9
9sic_chainB,1009,11,0.027638113126158714,Cryptic,0.8031696677207947,0.5300225615501404,253.6666717529297,1,4,0.6203870201522261,0.5427003883355933,14.471954540151827,-9.443115591042845,-1.867667111035861,19.8753291884085,-14.07141086433207,0.9827044878705781,18.66892429382684,24.800641768535066,-6.131717474708225,False,False,False,28,6,0.5142353082540793,0.4921485028390819,8
9sic_chainB,1009,11,0.027638113126158714,Cryptic,0.8031696677207947,0.5300225615501404,253.6666717529297,2,3,0.5566586699257532,0.5294472804864447,17.58312355353748,-9.652302127142033,0.709773462296624,19.004396323507915,-15.649633308742443,1.4784836204392344,19.842059010352283,25.794847704236105,-5.9527886938838215,False,False,False,22,6,0.512063620865659,0.4958590604406243,6
9sic_chainB,3012,12,0.09468188136816025,Cryptic,0.8031696677207947,0.5278487205505371,761.0,1,5,0.5698218451527635,0.5687406999780502,11.305344699857102,-8.597399910047692,-2.648099439338027,1.6996745177323433,-11.653928508068615,-5.310819751991997,17.18241531698019,21.491197529154284,-4.308782212174094,False,False,False,33,6,0.5299527455753472,0.5210292469188693,10
9sic_chainB,3012,12,0.09468188136816025,Cryptic,0.8031696677207947,0.5278487205505371,761.0,2,3,0.5566586699257532,0.5111504810165811,17.590774725831857,-9.638232535632229,0.6945230826284506,9.578481797127267,-9.577940564441775,-1.0383040744382865,19.83442001842056,17.532431248956353,2.301988769464206,True,False,False,23,6,0.5088329457107336,0.49911265126266036,4
9sic_chainB,4003,13,0.05932191014289856,ActiveSite,0.8031696677207947,0.4658832550048828,761.0,1,4,0.6203870201522261,0.539704961868569,14.62270196766788,-9.500890913966987,-2.0067514841214806,8.064589029745187,-9.392238113094843,-2.4470058235604673,18.803205238933536,17.56103203941443,1.2421731995191045,True,False,False,31,6,0.5151690930395619,0.5036242773548103,7
9sic_chainB,4003,13,0.05932191014289856,ActiveSite,0.8031696677207947,0.4658832550048828,761.0,2,3,0.5566586699257532,0.5125034893709485,17.569440367811474,-9.628618130822066,0.720157135136373,10.212605297912393,-10.440704146391516,-2.3007696569481584,19.814159038819717,18.68792975780111,1.126229281018606,True,False,False,24,6,0.5108537422172625,0.49931010438827805,4
9sic_chainB,3013,18,0.023386415094137192,Cryptic,0.7397521734237671,0.5342079997062683,510.0,1,3,0.5642579670054504,0.5424755125831485,2.756125017593475,-14.239249815241179,4.2145084376802275,6.939066198126651,-19.68004304465628,2.923655803473733,22.59595871387725,27.352299894123686,-4.756341180246437,False,False,False,22,6,0.5099207746094068,0.5050463584220435,8
9sic_chainB,4001,19,0.0014564148150384426,Unknown,0.5460951924324036,0.5385386347770691,145.0,1,5,0.5144294637272171,0.5477225618164856,-4.440003501158372,-10.16417397341141,-1.4765527648992411,-1.7371089285460692,-7.42508311669454,-6.15446989863604,21.916785614287274,19.593645655539923,2.323139958747351,True,False,False,19,6,0.531138546669725,0.5252419582276139,6
9sic_chainB,4004,20,0.0,Unknown,0.5368952751159668,0.5212519764900208,73.0,1,3,0.7903102232542143,0.6006965799431014,12.269261072331663,5.2198701581726255,-7.445755221167791,18.61496552266946,7.064558762028219,-7.387204772041407,10.548438612155019,14.152257364330916,-3.603818752175897,False,False,False,19,6,0.5656072598624207,0.5649314753111364,10
9sic_chainC,3,4,0.037925176322460175,Cryptic,0.6854772567749023,0.4975312650203705,353.0,1,7,0.5016735665040031,0.6177959759218508,1.8532344034128283,16.702331753142005,34.04181006011289,5.343935443045619,12.620544207385652,38.97826521004042,23.576386500691562,26.758577338519213,-3.182190837827651,False,False,False,31,6,0.5819585323077832,0.5755029863627561,11
9sic_chainC,4008,5,0.025943264365196228,Allosteric,0.6751246452331543,0.4938618838787079,191.6666717529297,1,3,0.7320289240091723,0.590891724931171,-17.24899239069352,12.387302287608685,30.957739041684317,-21.83241861325158,15.497975216690069,32.2472378375019,12.640657220377827,9.680948648251823,2.9597085721260044,True,False,False,25,6,0.5639696063476103,0.5450910638959412,9
9sic_chainC,4008,5,0.025943264365196228,Allosteric,0.6751246452331543,0.4938618838787079,191.6666717529297,2,4,0.632297168141392,0.6174984895848252,-12.846885707590566,14.460126084240851,30.532725360905893,-20.704711381620232,15.869329234855622,32.13240864458284,13.879663866276136,9.561644733236156,4.31801913303998,True,False,False,27,6,0.5854723527732673,0.5625956381648052,11
9sic_chainC,1007,6,0.027300694957375526,Cryptic,0.6751246452331543,0.5496066808700562,191.6666717529297,1,8,0.45334684353512444,0.5882040048656336,-13.367377661764015,13.774424908541185,30.544162681673985,-8.952376634203178,18.869235583711617,29.796564825509428,13.845001829628073,16.159193853720513,-2.3141920240924403,False,False,False,35,6,0.5606394147811151,0.5424755861593634,9
9sic_chainC,3009,7,0.07611554116010666,Cryptic,0.6751246452331543,0.5419709086418152,575.0,1,8,0.4399996986528212,0.632704205587818,-13.241725595721684,13.967384965255132,30.344836321500892,-7.987824937834548,17.64595919535447,29.625560284521267,13.988486104363652,17.045615888025885,-3.0571297836622335,False,False,False,37,6,0.5986500691977598,0.5757574556297045,12
9sic_chainC,4001,8,0.07767714560031891,ActiveSite,0.6751246452331543,0.4873289167881012,575.0,1,8,0.4571824584078909,0.6160941688507965,-14.960932411993037,12.89137941810258,30.02100962827242,-21.007758284774294,15.418235497120662,32.16656659122635,13.89816278669369,9.70787024434357,4.190292542350122,True,False,False,34,6,0.5901259611881309,0.5622336405410538,10
9sic_chainC,4003,9,0.060255225747823715,Cryptic,0.6854772567749023,0.5592275261878967,353.0,1,4,0.6801635151687295,0.5943643806508846,-6.405363173193227,16.546483072753702,34.03804206932264,-7.140382928038993,11.133864231319091,27.87121724858386,15.987918615564306,20.458271562387203,-4.4703529468228975,False,False,False,27,6,0.5604594683875584,0.5500008011433544,10
9sic_chainC,4000,10,0.0,Unknown,0.5036835074424744,0.535228431224823,116.0,1,3,0.6125212631764402,0.5912387480249757,-17.350457802687025,-4.613245242102348,32.381275986696444,-15.42656767550102,-5.129408368548359,23.98457674113344,25.558652845932663,30.177730627682674,-4.619077781750011,False,False,False,24,6,0.5635312401600684,0.548250869474475,9
9sid_chainA,3,1,0.0,Unknown,0.5006803274154663,0.4848826825618744,52.0,1,5,0.4917302341120222,0.5933433213193515,-18.284311387834997,5.950237177658387,-8.25247874205474,-25.545902495823263,10.69803102573678,-10.705751205828141,9.58462995740041,18.111085503309358,-8.526455545908949,False,False,False,29,6,0.5502787328221376,0.5361598775081438,12
9sid_chainA,0,2,0.03399866819381714,ActiveSite,0.7513056993484497,0.46824297308921814,669.0,1,5,0.4486152407580552,0.5341327818399377,-22.74006200586529,16.331844103439728,-3.912538801434176,-28.108105807414713,20.54133959019691,-6.575671934701016,18.71254801826556,25.170923761592316,-6.458375743326755,False,False,False,31,6,0.5149269517191702,0.5099807419341778,6
9sid_chainA,2,3,0.008032063953578472,Unknown,0.5647244453430176,0.48567330837249756,129.0,1,3,0.8731326483058663,0.5778802815454464,-8.855844236572935,8.702544292550856,-0.9870813339923276,-3.4762786426750303,10.444196257940398,0.47657287892923555,7.967011446981919,11.496214800692677,-3.5292033537107574,False,False,False,19,5,0.5584541129218077,0.5538245611218985,7
9sid_chainA,1004,4,0.013121194206178188,Cryptic,0.7513056993484497,0.5568150877952576,223.0,1,4,0.6729608397211359,0.60291832209868,-21.294539283906357,2.262502370390766,-4.703979113912006,-18.811822914174954,0.3396710823735436,-0.014873671053363067,12.969098098787804,13.199357734307421,-0.2302596355196176,False,False,False,30,6,0.5704285961261395,0.5603708432319434,10
9sid_chainA,1004,4,0.013121194206178188,Cryptic,0.7513056993484497,0.5568150877952576,223.0,2,3,0.5887480895984809,0.5747497658921292,-22.94881170807237,8.145563934912985,-5.755079581152794,-27.869782253298453,2.7425762352514953,-9.884990399771237,14.722473429564184,19.219015045304424,-4.49654161574024,False,False,False,30,6,0.5681487249496324,0.5400948991961333,6
9sid_chainA,1004,4,0.013121194206178188,Cryptic,0.7513056993484497,0.5568150877952576,223.0,3,3,0.7954580139554264,0.5303163113239504,-22.792431504425338,17.08774033187007,-2.849404218784426,-19.13785098493604,21.48776085217253,-6.693539189210307,19.478145864845008,19.993982535812183,-0.5158366709671753,False,False,False,23,6,0.4961944808607404,0.48886080680921873,8
9sid_chainA,3009,5,0.04125929996371269,Cryptic,0.6854075193405151,0.5310333371162415,563.0,1,3,0.49307723896083583,0.5969173558251973,-28.4068130458344,6.178261004032052,-11.715634539618955,-29.00774283669411,5.105488614735337,-6.666551154062304,20.0532506725803,20.198236058805467,-0.14498538622516577,False,False,False,27,6,0.5615738758719551,0.5373600192959304,11
9sid_chainA,3009,5,0.04125929996371269,Cryptic,0.6854075193405151,0.5310333371162415,563.0,2,7,0.5102467187023145,0.5842388641681929,-22.751092974676222,4.1554796386867565,-11.078862119441641,-28.701114457927176,4.923044646324015,-6.730786799074879,14.315361912932795,19.883164772271744,-5.567802859338949,False,False,False,38,6,0.5642163675894601,0.537402439162092,8
9sid_chainA,4005,7,0.013141204603016376,Cryptic,0.7513056993484497,0.5115081071853638,223.0,1,5,0.4486152407580552,0.5344684863008505,-22.73857729554252,16.33713679447713,-3.9226676436058616,-18.80540133701781,20.868082689115695,-6.323034374506655,18.71279522020281,19.31490112218346,-0.6021059019806501,False,False,False,31,6,0.5020053812105089,0.49073625555697176,8
9sid_chainA,1003,8,0.006204425357282162,Cryptic,0.7513056993484497,0.5075581073760986,223.0,1,5,0.4486152407580552,0.5512630404716031,-22.74089266722824,16.314975231380632,-3.926589944094795,-28.36972216506319,19.600517663089374,-7.094231116614123,18.699567295454834,24.765141287009193,-6.065573991554359,False,False,False,30,6,0.5284374675270901,0.5182924532855147,7
9sid_chainA,4004,9,0.007571806199848652,Cryptic,0.7513056993484497,0.4891084134578705,223.0,1,3,0.5887480895984809,0.5617112296110158,-22.948934620099628,8.145799093821703,-5.7552270413530735,-18.953199856367924,0.3761147967395229,0.384813767277793,14.722632182304157,13.52962502911228,1.1930071531918767,True,False,False,29,6,0.5276885351571796,0.5171020686640647,9
9sid_chainA,4004,9,0.007571806199848652,Cryptic,0.7513056993484497,0.4891084134578705,223.0,2,5,0.4486152407580552,0.5431688721860335,-22.739377139256458,16.352853679495986,-3.9131867444194204,-27.13772605617003,20.723102351177285,-8.08431678742526,18.725343574339355,24.53584044487138,-5.810496870532024,False,False,False,32,6,0.49947108965974796,0.4922354896844833,10
9sid_chainA,1006,10,0.0,Cryptic,0.6854075193405151,0.5293716788291931,187.6666717529297,1,3,0.7205278870482326,0.5423843623001936,-23.23577178024849,8.090774035029021,-13.811722161125383,-22.172093943177543,11.030849763795555,-19.80369168869396,16.077598684470832,19.208425363972104,-3.130826679501272,False,False,False,25,6,0.5461698213987463,0.5339372116946814,4
9sid_chainA,4000,11,0.017636045813560486,ActiveSite,0.7513056993484497,0.4660569131374359,669.0,1,5,0.4486152407580552,0.5376126749425376,-22.743978919126775,16.347392002627494,-3.9079634189654313,-25.659446958529795,21.53698078060459,-7.829025928904759,18.726314601550875,24.026042309610613,-5.299727708059738,False,False,False,32,6,0.5049269902698348,0.49696196932259795,8
9sid_chainB,3,1,0.0,Unknown,0.5780863165855408,0.47306057810783386,58.0,1,4,0.6623191615238846,0.6446167668985834,-6.800538881624964,0.5036916479782977,-16.024340350694207,-0.8987676021524378,4.868224886867185,-18.505836410509428,27.17806283121291,30.510576086417494,-3.332513255204585,False,False,False,26,5,0.6293926440717422,0.6010914011295738,9
9sid_chainB,1,2,0.05489484593272209,Cryptic,0.6978216767311096,0.4859307110309601,355.0,1,9,0.3578282857556901,0.5931428673528796,-14.44180168073369,-11.962398338097112,-7.698141964957289,-8.83421677626236,-19.570125659282553,-8.227649697682281,21.1534229962646,19.60580121796268,1.5476217783019202,True,False,False,37,6,0.560656426418254,0.5432531210535686,10
9sid_chainB,1006,4,0.01770390383899212,Cryptic,0.7538539171218872,0.5253209471702576,190.0,1,4,0.5569479903510224,0.5896852022375714,1.0790833385058736,-11.65278893372481,-9.132145776604737,-7.396665542487811,-11.846977633779813,-10.729238575460348,16.128665307534146,19.516366760069044,-3.3877014525348983,False,False,False,29,6,0.5566307578837656,0.539048218214115,10
9sid_chainB,3007,5,0.07335405051708221,Cryptic,0.7538539171218872,0.5315722823143005,570.0,1,3,0.7639552843003503,0.6079973544544656,-10.551538238624413,-16.06594847342875,-5.123365826290705,-6.861351076792552,-13.069420524615248,-11.566249769266872,17.126685494996867,20.10961247653933,-2.9829269815424624,False,False,False,24,6,0.5883779853275523,0.5512919798276024,9
9sid_chainB,3007,5,0.07335405051708221,Cryptic,0.7538539171218872,0.5315722823143005,570.0,2,3,0.639418164476408,0.6248239325974047,0.9369614236009192,-12.021112131722134,-9.520548053949227,-7.151461344787993,-12.95182140581157,-11.07810239230999,16.515776309740897,19.767329871138685,-3.251553561397788,False,False,False,24,6,0.5979925695122031,0.5585321488261612,11
9sid_chainB,4007,6,0.0182950459420681,Allosteric,0.7538539171218872,0.5315079092979431,190.0,1,3,0.639418164476408,0.5886959818506398,0.9586331962631548,-12.029648780643916,-9.49066664941076,-7.340782313489545,-12.943089595503247,-11.088430786408221,16.486239134326848,19.852924581477673,-3.366685447150825,False,False,False,27,6,0.5545046968697539,0.5410118145749954,10
9sid_chainB,4002,7,0.056450992822647095,ActiveSite,0.7538539171218872,0.4703395664691925,570.0,1,3,0.639418164476408,0.5981216745974307,0.9647453094931882,-12.03141824704174,-9.50513278073777,-6.671825522657741,-12.826331966779694,-11.082826969731709,16.500795928807996,19.57727709066928,-3.0764811618612846,False,False,False,28,6,0.5697335429079631,0.5386465286847703,10
9sid_chainB,4001,8,0.07492707669734955,Cryptic,0.6978216767311096,0.5180080533027649,355.0,1,3,0.7639552843003503,0.5491555152028155,-10.473044980890556,-15.984198091812656,-5.128401720348208,-10.225822221922044,-20.076610470750417,-10.123377412964006,17.058214227089618,21.965920218212993,-4.907705991123375,False,False,False,24,6,0.5570290387452361,0.5325005198316983,4
9sid_chainB,3009,9,0.03055066242814064,Cryptic,0.6978216767311096,0.531199038028717,355.0,1,8,0.4182676168359218,0.5728677064181061,-17.096395396617282,-15.136079800708362,-6.129479901128984,-20.756347646973037,-17.670373324135124,-0.6582254887049538,22.42261871140045,23.593730477307492,-1.1711117659070425,False,False,False,31,6,0.5541070176947646,0.5428897449730881,7
9sid_chainB,4005,10,0.0013424165081232786,Unknown,0.45303764939308167,0.5395453572273254,75.0,1,3,0.7746978395303095,0.578395865073513,5.569533165097613,6.133542012172692,-12.511413312603272,0.3013633930133715,3.244322736118607,-19.069839449299575,26.927201489902878,30.098000900746076,-3.1707994108431983,False,False,False,19,6,0.5897426021728559,0.5723831880454222,4
9sid_chainB,4003,11,0.0,Unknown,0.5780863165855408,0.5200510621070862,58.0,1,3,0.6890419571963486,0.6343154225388108,-6.245379464477957,1.3136130579029803,-16.320849584411363,-2.681405889736295,6.983736195734012,-15.528948776595957,27.65625971949777,29.53138385530698,-1.8751241358092123,False,False,False,22,6,0.6366507946189393,0.6152914560042941,6
9sid_chainB,4000,12,0.0,Unknown,0.5308859944343567,0.5730155110359192,84.0,1,3,0.6491211699607587,0.5640081315373606,-23.888610784246826,-14.353695177025218,-10.857933141552138,-17.14575029779181,-10.048448279879599,-12.104434193703451,30.554202945921723,26.249036451934145,4.305166493987578,True,False,False,17,5,0.5502845570800718,0.5444452729983619,6
9t29_chainA,511,5,0.028261758387088776,Cryptic,0.8118273615837097,0.6126302480697632,634.0,1,3,0.6219756481385537,0.5744113087328521,34.59514560888398,32.67954775755817,87.23424447221004,42.750413609495695,27.592099616224434,89.74530713657559,34.28919061629579,36.62680972759798,-2.337619111302189,False,False,False,19,5,0.5558675850280922,0.5448859127135025,7
9t29_chainA,1519,11,0.020416952669620514,Cryptic,0.7117264270782471,0.8023062348365784,401.0,1,3,0.5848073062144006,0.5368150663774275,37.07459791901877,32.69607598915538,122.1145371204984,34.02226757978963,37.83180263176394,126.76308994446576,16.18863827519721,12.96434720328823,3.2242910719089792,True,False,False,23,6,0.5310305051820239,0.5096481866691768,5
9t29_chainA,3532,13,0.020504286512732506,Cryptic,0.7117264270782471,0.7735278010368347,1203.0,1,4,0.5402669044617395,0.5381889230456196,40.08063434181779,37.71985957085096,121.71549230697512,34.182048288335906,40.78086394980683,119.23530946012505,14.138783116984248,7.418636516247291,6.720146600736957,True,False,False,22,6,0.5132760826342014,0.502196367057485,7
9t29_chainA,4519,14,0.019789444282650948,ActiveSite,0.7117264270782471,0.7099535465240479,401.0,1,4,0.5360621584477681,0.550736931008256,38.30946258127335,33.44617684835378,122.05138185783599,42.44922911678762,40.01245621514249,123.59690769428015,16.17160864424282,15.397606192660138,0.7740024515826818,True,False,False,26,6,0.513255853208882,0.5091367919822332,9
9t29_chainA,4519,14,0.019789444282650948,ActiveSite,0.7117264270782471,0.7099535465240479,401.0,2,3,0.48475817934064047,0.5535771422769491,39.29238798560387,36.83309311902549,120.77267373132484,32.6544670560895,36.087458374442086,118.60649215484972,13.94903607625972,10.864184520301327,3.0848515559583927,True,False,False,20,6,0.5412782333910547,0.5215608786856097,6
9t29_chainA,1518,15,0.016637582331895828,Cryptic,0.7117264270782471,0.714674174785614,401.0,1,4,0.5402669044617395,0.5636640599192261,40.08360033580446,37.72054086816054,121.70799166424766,40.257466870608255,44.580628282672,120.60051234478388,14.138709813199627,11.124127379912434,3.0145824332871936,True,False,False,22,6,0.5430717374437641,0.5327361732944388,7
9t29_chainA,4002,16,0.0725824236869812,ActiveSite,0.7117264270782471,0.7140123248100281,1203.0,1,4,0.5402669044617395,0.5275932632664435,40.081957122441835,37.721730036501675,121.7059808725867,33.7399151628428,40.44742427320281,120.61640926692857,14.136251840425684,7.733420083660167,6.402831756765517,True,False,False,23,6,0.518388081556675,0.5046270478966404,5
9t29_chainA,4002,16,0.0725824236869812,ActiveSite,0.7117264270782471,0.7140123248100281,1203.0,2,3,0.48475817934064047,0.5339184372098098,39.29318585997699,36.841597052008844,120.77459827885913,38.69983593547246,44.5074093200718,120.72618532381269,13.944057568776381,9.682894445144026,4.261163123632356,True,False,False,22,6,0.5151791945417245,0.5080892296102366,6
9t29_chainA,4520,17,0.0,ActiveSite,0.7117264270782471,0.9366199970245361,401.0,1,3,0.48475817934064047,0.5109322624354732,39.29064107081809,36.8366998906407,120.77954990215723,33.59432193060761,36.193947386694354,117.23286870913664,13.946584184128694,11.104953051339521,2.841631132789173,True,False,False,21,6,0.5083656922673429,0.4995401320481402,4
9t29_chainA,3006,31,0.02484731934964657,ActiveSite,0.7678141593933105,0.6303882002830505,634.0,1,3,0.6219756481385537,0.5647928025738316,34.55011852779453,32.66096314968185,87.21978835569162,26.44782321627517,32.32077064818942,80.33863105528721,34.303164955562735,40.55772964055104,-6.254564684988303,False,False,False,19,6,0.5437648851218592,0.5361271566136573,7
9t2f_chainA,7,3,0.04734605550765991,ActiveSite,0.7390652298927307,0.7664656639099121,870.0,1,3,0.6380878775511607,0.6327222068253796,145.10283965189896,3.5213815664755264,5.4475605368101245,145.52101543986055,3.5013054173038762,-0.17803272548625232,42.81020533240029,45.64157628441239,-2.831370952012101,False,False,False,17,4,0.6235753994658686,0.5869022988496978,8
9t2f_chainA,1517,14,0.00792897492647171,Cryptic,0.6990652680397034,1.0,290.0,1,3,0.6380878775511607,0.5971528347648529,145.09067773780077,3.5159775825971753,5.445586017730387,145.63795459082812,2.2714948251944453,-0.31415133948105656,42.80264209497466,46.23416173489396,-3.4315196399193013,False,False,False,18,6,0.593476929271163,0.5697935795147773,6
9t2f_chainA,3524,15,0.04297688975930214,Cryptic,0.7390652298927307,0.6945397853851318,870.0,1,3,0.6380878775511607,0.6120232564004329,145.08436715680145,3.5277807170555024,5.448799272504832,145.751425194073,2.3672260460764187,-0.3094714383316876,42.79176484758248,46.287598653161005,-3.4958338055785276,False,False,False,17,4,0.61186447686774,0.5843861580038011,6
9t2f_chainA,1516,16,0.008032816462218761,Cryptic,0.6990652680397034,1.0,290.0,1,5,0.5710222291182055,0.6268162317818486,146.09281754478388,3.257318459968687,3.199583034333471,146.8536132858824,6.732297736786994,-0.3585322237743666,44.651633491787834,45.832828753666085,-1.1811952618782513,False,False,False,19,6,0.5928646552467064,0.5851593661112452,11
9t2f_chainA,1518,17,0.00872842501848936,Cryptic,0.6990652680397034,0.8190905451774597,290.0,1,4,0.592687117487187,0.5921588436561375,146.1913741443124,3.3914280635497764,3.8303382859028474,146.09188846649053,5.21138592833931,-0.5476408877069198,44.42314021940182,45.734989135053766,-1.311848915651943,False,False,False,19,6,0.5826965473116851,0.5798598653395032,6
9t2f_chainA,4514,18,0.012222475372254848,Cryptic,0.7390652298927307,0.8330225348472595,290.0,1,3,0.6380878775511607,0.6164699658513867,145.01663230441406,3.4597835996702933,5.426806867168271,145.59379111333817,3.439844909391989,-0.497256958859963,42.76778412380372,45.8775919137998,-3.1098077899960757,False,False,False,18,6,0.6080715969989827,0.5855161594007816,7
9t2f_chainA,4516,19,0.011450323276221752,Cryptic,0.6990652680397034,0.8956007361412048,290.0,1,4,0.592687117487187,0.6107392577297587,146.1674229392405,3.397776344277984,3.8481042081049566,144.85126408301062,0.44145275839518794,-0.12074813014859839,44.39345950982073,46.22217443314629,-1.8287149233255633,False,False,False,18,6,0.5902904564847764,0.5851636180601425,8
9t2f_chainA,1514,21,0.004353655967861414,Cryptic,0.7390652298927307,1.0,290.0,1,4,0.592687117487187,0.6071644643854726,146.1913741443124,3.3914280635497764,3.8303382859028474,146.67482190201824,6.946606223683645,0.6086454923261404,44.42314021940182,45.158579189928915,-0.7354389705270918,False,False,False,19,6,0.5945869084548929,0.5828138898395024,7
9t2f_chainA,1515,22,0.005724931135773659,Cryptic,0.7390652298927307,0.8190905451774597,290.0,1,4,0.592687117487187,0.6071644643854726,146.1913741443124,3.3914280635497764,3.8303382859028474,146.67482190201824,6.946606223683645,0.6086454923261404,44.42314021940182,45.158579189928915,-0.7354389705270918,False,False,False,19,6,0.5945869084548929,0.5828138898395024,7
9t2f_chainA,1513,23,0.00695492047816515,Cryptic,0.7390652298927307,1.0,290.0,1,4,0.592687117487187,0.6071644643854726,146.1913741443124,3.3914280635497764,3.8303382859028474,146.67482190201824,6.946606223683645,0.6086454923261404,44.42314021940182,45.158579189928915,-0.7354389705270918,False,False,False,19,6,0.5945869084548929,0.5828138898395024,7
9t2f_chainA,3511,38,0.015215469524264336,Allosteric,0.7144791483879089,0.859889805316925,150.0,1,4,0.4767931917681633,0.557400465390172,110.99802861901226,16.974263958420917,27.32895391639986,116.1347336855543,18.85328520753625,23.281109574814725,5.992881929827305,7.36319704742284,-1.3703151175955357,False,False,False,18,6,0.5280428096852289,0.5207745084607387,8
9t2g_chainA,514,2,0.07603669166564941,Cryptic,0.6210528016090393,0.7943893074989319,3598.0,1,5,0.4624949629255611,0.541406531182058,-14.709404745245804,13.991060354752927,-27.271474505475098,-12.11460637573414,7.843560446581212,-29.905326550755504,18.886860561337322,20.63532798478304,-1.7484674234457174,False,False,False,26,6,0.5172740733823783,0.505290937808102,7
9t2g_chainA,517,5,0.006881375331431627,Cryptic,0.8175273537635803,0.678844690322876,321.0,1,3,0.5592258115449082,0.5769387668692909,13.244497312791163,7.447341848148161,-10.42159034021796,15.946111128306395,13.67616711617875,-8.045630684828865,17.42704382688815,18.09990104736927,-0.6728572204811201,False,False,False,19,6,0.5509161284215561,0.5441277299632699,8
9t2g_chainA,4514,13,0.0630321353673935,Cryptic,0.6210528016090393,0.7713789343833923,3598.0,1,5,0.4624949629255611,0.6046194574829484,-14.712183162496945,13.982861634867657,-27.26768806837211,-11.55339658304961,8.939278908484045,-30.435510629804586,18.888700603419743,20.128674047378667,-1.2399734439589238,False,False,False,25,5,0.5532488357507613,0.5309039317454899,15
9t2g_chainA,1524,14,0.0630267783999443,Cryptic,0.6210528016090393,1.0,1199.3333740234375,1,4,0.4856985836703481,0.591384117310034,-14.65128515443802,16.19365164581954,-27.00915511513616,-12.56786397489344,9.38990259467454,-30.121583289131753,18.396942450686737,20.381332894196294,-1.9843904435095574,False,False,False,25,6,0.5477814843099873,0.5344799151260446,12
9t2g_chainA,4527,15,0.046539194881916046,ActiveSite,0.5861695408821106,1.0,1199.3333740234375,1,4,0.4856985836703481,0.5869404670295196,-14.650180263598498,16.19190260730614,-27.0139093709123,-11.807545091629015,9.820058751244126,-30.375819572505943,18.398700287732197,19.884154749358164,-1.4854544616259666,False,False,False,25,6,0.5369518074654402,0.5289047268368902,13
9t2g_chainA,1525,16,0.06794533133506775,Cryptic,0.6210528016090393,0.9328401684761047,1199.3333740234375,1,6,0.4794009107504408,0.5762916739035121,-13.998230405274853,14.959260899952849,-26.653121001485147,-11.516609640501377,10.26997494607456,-30.904726903596163,17.801028398177543,19.88867567394769,-2.0876472757701485,False,False,False,28,6,0.5331798175968665,0.5265122990815422,11
9t2g_chainA,1523,17,0.047223370522260666,Cryptic,0.6210528016090393,0.6950399279594421,1199.3333740234375,1,3,0.775132911960526,0.5446968433248114,-14.926332247846142,10.95782293443191,-27.32000722535036,-9.743769650303532,9.217068535271512,-31.61210515437736,19.895133155417128,19.788390164100466,0.10674299131666132,True,False,False,24,6,0.5193115024449227,0.5151208540686,7
9t2g_chainA,1526,18,0.0405709370970726,Cryptic,0.5861695408821106,0.6950399279594421,1199.3333740234375,1,5,0.4624949629255611,0.5736457471820593,-14.711147083745615,13.982997714095053,-27.27005055539908,-11.23679136987637,9.500841091369399,-30.70019166490124,18.88908861085597,19.876649117418328,-0.9875605065623567,False,False,False,25,6,0.5288707085251162,0.5272872699574664,11
9t2g_chainA,1528,19,0.06280909478664398,Cryptic,0.5861695408821106,0.9328401684761047,1199.3333740234375,1,5,0.4624949629255611,0.5736457471820593,-14.711147083745615,13.982997714095053,-27.27005055539908,-11.23679136987637,9.500841091369399,-30.70019166490124,18.88908861085597,19.876649117418328,-0.9875605065623567,False,False,False,25,6,0.5288707085251162,0.5272872699574664,11
9t2g_chainA,1527,20,0.05681263282895088,Cryptic,0.5861695408821106,1.0,1199.3333740234375,1,5,0.4624949629255611,0.5736457471820593,-14.711147083745615,13.982997714095053,-27.27005055539908,-11.23679136987637,9.500841091369399,-30.70019166490124,18.88908861085597,19.876649117418328,-0.9875605065623567,False,False,False,25,6,0.5288707085251162,0.5272872699574664,11
9t7f_chainA,0,2,0.04387056827545166,ActiveSite,0.6703827381134033,0.5152878165245056,424.0,1,5,0.5224663220567918,0.5676671305496239,-4.783820333919886,42.1234583259246,66.92406975237509,-12.4908680469487,42.57735374417498,61.616732641594524,23.990321299070953,28.15096949278806,-4.160648193717108,False,False,False,27,6,0.5572877655595967,0.5399798405012225,6
9t7f_chainA,2,3,0.00804583914577961,Unknown,0.5439304709434509,0.47825586795806885,90.0,1,3,0.5228313287277808,0.563204992193714,7.752341668027155,62.66052080998129,58.12820215228514,7.550341821572329,63.0857746459516,67.87779991948003,10.070102811846015,3.293556401193156,6.776546410652859,True,False,True,20,6,0.5623890478309574,0.5396825521415753,5
9t7f_chainA,1006,4,0.0,Cryptic,0.7266920208930969,0.5912305116653442,185.6666717529297,1,4,0.5664702971974072,0.5550941617003378,15.406267184733807,47.82879116667064,63.263501926396806,21.51952052710068,48.24730481236347,63.85667030282639,20.168257879672396,23.65103954249141,-3.482781662819015,False,False,False,24,6,0.5347536788763418,0.5169203725441195,7
9t7f_chainA,1006,4,0.0,Cryptic,0.7266920208930969,0.5912305116653442,185.6666717529297,2,4,0.48518908771907676,0.546977307224151,11.796557404998428,47.60560309869665,61.82110804018864,17.998184076087124,49.470755444929324,63.235725865065824,19.04467118256719,20.472271657132268,-1.4276004745650788,False,False,False,29,6,0.5338243686593359,0.512786763799706,6
9t7f_chainA,4005,5,0.005846441723406315,Allosteric,0.7266920208930969,0.500124990940094,185.6666717529297,1,3,0.5104511073478187,0.5774705198987079,15.814739280664359,47.681966578073585,63.5056847499151,20.988010352141277,48.07014942716241,64.1695146323022,20.461749004767185,23.34633272555433,-2.8845837207871448,False,False,False,23,6,0.5511740164076651,0.5195707060384475,9
9t7f_chainA,4005,5,0.005846441723406315,Allosteric,0.7266920208930969,0.500124990940094,185.6666717529297,2,4,0.5722212044617065,0.6003468085157646,13.27667645152962,48.68638653445457,62.31201177435017,19.700486545867943,46.952486616732266,63.44606470795989,18.611273457865334,23.387832187195063,-4.776558729329729,False,False,False,30,5,0.5632475652397689,0.5290286081329073,12
9t7f_chainA,4000,6,0.04248758405447006,ActiveSite,0.6703827381134033,0.550126850605011,424.0,1,7,0.4084825410229636,0.5541563824847353,4.382652740221842,44.48590762972804,68.8557126931741,-0.5803516101203343,39.524282112143034,65.16247786588671,19.801334895437606,25.3418818288154,-5.540546933377794,False,False,False,34,6,0.5321980840679935,0.5205371595932397,7
9t7f_chainA,4003,7,0.01724565215408802,ActiveSite,0.7266920208930969,0.49951913952827454,557.0,1,3,0.5749486273795404,0.5727226073579158,13.701393906862766,48.73980246811398,60.00726535070411,20.260375089534627,48.31908986783379,63.886691743153,19.537001311300852,22.705811919297073,-3.168810607996221,False,False,False,27,6,0.5357204587123237,0.5221937161230237,10
9t7f_chainA,4003,7,0.01724565215408802,ActiveSite,0.7266920208930969,0.49951913952827454,557.0,2,3,0.5104511073478187,0.5625850112330263,15.818285580190077,47.68150390075661,63.49972049146362,21.237137050388778,49.0621745520053,64.13356927150123,20.465258278303526,22.857726366378376,-2.3924680880748497,False,False,False,23,6,0.5515331480049678,0.5332717509707785,6
9t7f_chainA,4001,8,0.0,Unknown,0.5189516544342041,0.5538097023963928,55.0,1,4,0.5693447443171867,0.6395523887946775,-0.6553262506582246,52.94140177438559,61.082956133119616,0.9747570421286327,58.189160879379074,65.48243247247957,13.986004627647537,7.289207619114165,6.696797008533372,True,False,False,22,5,0.597920201642778,0.5938170545863317,13
9t7f_chainB,0,2,0.0,Unknown,0.43456190824508667,0.528285801410675,55.0,1,4,0.4967861747609499,0.5642054083242841,21.23301315819039,46.48163534001399,48.537693549344645,21.880451255849774,53.198293316064515,45.505583114350486,10.214499714457514,17.558501432937074,-7.344001718479561,False,False,False,27,6,0.5246686914635071,0.5155259645135188,10
9t7f_chainB,6,3,0.0,Unknown,0.5003065466880798,0.5290122032165527,54.0,1,6,0.40347889103138906,0.5968735938142393,42.60474914786132,26.878903737943297,49.755689113107515,36.016628813764335,22.439524287766584,45.38517436232658,23.69987265244639,21.486950956732578,2.2129216957138134,True,False,False,26,6,0.5774518327243772,0.5575608257038439,8
9t7f_chainB,3,4,0.00903464388102293,Allosteric,0.5828148722648621,0.5032666921615601,172.0,1,6,0.5704096867073805,0.5998314914713412,35.5982042643085,29.14172753027637,47.560909420847146,24.922601718573777,36.88883468442526,46.44147679711039,16.79406327895871,6.268535017688446,10.525528261270264,True,False,False,32,6,0.5705529797592447,0.5445324432876573,10
9t7f_chainB,1,5,0.00247964751906693,Unknown,0.5327417254447937,0.4745595455169678,72.0,1,7,0.37145605750458294,0.6091181361285668,24.83532800309827,39.911231620200795,45.26107302378077,22.68017401267668,44.5859519148204,54.86327560128627,7.883003653731727,8.782623661293748,-0.8996200075620209,False,False,False,32,6,0.5933371361972831,0.5671563009885368,8
9t7f_chainB,3011,6,0.033975277096033096,Cryptic,0.8325768709182739,0.5357435941696167,774.0,1,3,0.7134791802262272,0.5576179279762272,38.59503514894553,43.70139853984298,49.48176643372912,35.42395446924725,50.852022439457706,48.86417019892123,18.961750501982813,20.32026021337585,-1.3585097113930367,False,False,False,26,6,0.5290717920364352,0.518517628749595,8
9t7f_chainB,1007,7,0.01209383737295866,Cryptic,0.8325768709182739,0.5314052700996399,258.0,1,5,0.6497791944677038,0.6247409040004867,38.54611431852698,42.15251004118976,50.817519832912915,39.494324551560446,51.531481957929856,50.138891197397946,18.30700189441256,23.68739645197069,-5.38039455755813,False,False,False,32,6,0.5800212664735545,0.5606583801964564,14
9t7f_chainB,1007,7,0.01209383737295866,Cryptic,0.8325768709182739,0.5314052700996399,258.0,2,3,0.5337357076004102,0.6088165418698411,37.71609326184618,47.73100953036017,50.188936611949295,39.524761523896935,52.08927362279649,50.604563845516665,20.004863591725105,24.04464271095752,-4.0397791192324135,False,False,False,27,6,0.5740617481217267,0.5562703647073914,11
9t7f_chainB,4008,8,0.01611626148223877,Cryptic,0.8325768709182739,0.5164950489997864,258.0,1,4,0.6173687051942381,0.5876459727028797,38.848046485323295,41.79259110105417,50.17442439707817,38.37012998495921,51.530252363158766,49.94823724883269,18.523608761568294,22.83524726828175,-4.311638506713457,False,False,False,29,6,0.5611932008394214,0.537885620656098,9
9t7f_chainB,4009,9,0.007776044774800539,Cryptic,0.6665383577346802,0.5394003987312317,200.3333282470703,1,7,0.4117053450502112,0.5874704107771845,42.30477655827055,32.71423933801664,52.545171768129,49.67471080427308,31.679475963819936,51.40706264713837,21.615098535878456,29.021071775183167,-7.405973239304711,False,False,False,29,6,0.558553143075572,0.5455879987601325,9
9t7f_chainB,4004,10,0.024846648797392845,ActiveSite,0.8325768709182739,0.4652731716632843,774.0,1,4,0.6173687051942381,0.5919865665422154,38.84797227378909,41.79569355116719,50.17371326101093,39.12373866327449,51.26192939803988,50.27674416470434,18.524441677605246,23.223345455059604,-4.698903777454358,False,False,False,29,6,0.5670011519590172,0.5407127487140899,9
9t7f_chainB,1010,11,0.013419042341411114,Cryptic,0.6665383577346802,0.5316754579544067,200.3333282470703,1,3,0.6511336697996328,0.569387079734498,38.76279988885819,39.53357880109127,52.40335161165574,45.00206698431503,34.17298944575525,49.99627326557561,17.93366753589834,24.086343167374515,-6.152675631476175,False,False,False,25,6,0.5236038857870233,0.5030719224479973,12
9t7f_chainB,1010,11,0.013419042341411114,Cryptic,0.6665383577346802,0.5316754579544067,200.3333282470703,2,3,0.6342198953443337,0.556845377422634,34.03115303758338,45.405958675835954,55.901198240900676,39.59561040002785,46.11770063137704,63.18570977199408,16.25020304268469,23.890065020421382,-7.639861977736693,False,False,False,26,6,0.5353731961375277,0.5236630200567469,7
9t7f_chainB,1011,12,0.011816136538982391,Cryptic,0.6665383577346802,0.5966302752494812,200.3333282470703,1,4,0.578072668054428,0.5949248925387116,40.19865008526601,37.98199495904169,52.642543895669306,48.00718003624532,30.949074781450317,50.82797930248803,19.19680071226225,27.528444890951043,-8.331644178688794,False,False,False,28,6,0.5568709506790916,0.5426822097403078,11
9t7f_chainB,4010,13,0.02018439583480358,Cryptic,0.6665383577346802,0.48224982619285583,200.3333282470703,1,4,0.578072668054428,0.573564286339272,40.215991096685244,37.93859276313537,52.61906419735985,47.20905092881069,33.989978575935794,51.27369003033465,19.209653146838527,26.260064202637654,-7.0504110557991275,False,False,False,28,6,0.5496702192019636,0.5313045322768515,8
9t7f_chainB,4002,14,0.06093689426779747,ActiveSite,0.6665383577346802,0.5195536017417908,601.0,1,3,0.5801611756633506,0.5692074347285153,39.747106558428214,33.93736568880696,52.11012223022445,48.13049901875265,33.05524187748026,51.38976649009142,18.873555427277093,27.28480815304909,-8.411252725771998,False,False,False,28,6,0.537757214291083,0.5218598870663756,9
9t7f_chainB,4002,14,0.06093689426779747,ActiveSite,0.6665383577346802,0.5195536017417908,601.0,2,5,0.5553341294351372,0.5734314723871596,38.95780690725546,37.462006683282716,52.20084817074918,46.56088029362036,34.9731833795606,51.30173456524762,17.90622621595277,25.530900103558114,-7.6246738876053435,False,False,False,33,6,0.542373614879293,0.5279767734479149,9
9tf5_chainA,3,2,0.0,Unknown,0.5038928389549255,0.5390859246253967,82.0,1,7,0.4706371583665525,0.5737630377878254,4.781529354890294,0.5546265629815623,14.153375633664123,8.56130703221662,-2.5569530309386974,8.788986449519458,19.37086982813483,17.32692984008321,2.043939988051619,True,False,False,33,6,0.5546592557590775,0.545571628112667,7
9tf5_chainA,6,4,0.006025049369782209,Unknown,0.5784249305725098,0.5145254731178284,145.0,1,3,0.682487104552947,0.5530517684590859,6.359479370397637,-2.4591128134147167,12.274652551156763,5.0052244383351905,-5.276848129860892,7.855411860815371,16.894981624609233,18.517408762719523,-1.6224271381102895,False,False,False,24,6,0.5289866099817815,0.5254513802451813,7
9tf5_chainA,5,5,0.02235887013375759,ActiveSite,0.7220516204833984,0.49183714389801025,502.0,1,7,0.45400143399094184,0.5822421628737332,10.90453264304867,-1.3250258757540903,18.444714794092178,3.0746480921616386,-5.397437549877225,12.016312112141833,13.675410710684213,17.75850796784518,-4.083097257160967,False,False,False,36,6,0.5526599216554948,0.5385997288581267,9
9tf5_chainA,4009,7,0.007321903016418219,Allosteric,0.7220516204833984,0.5432286262512207,167.3333282470703,1,6,0.5210384519360254,0.5517299622375978,11.781669633828196,-1.6841809708662356,18.752985266564366,9.771069383607236,-0.004784181400658066,12.661535396038529,12.953936894838213,16.663741904204997,-3.709805009366784,False,False,False,34,6,0.5443700709702971,0.5408690771581404,5
9tf5_chainA,4008,8,0.009826474823057652,Cryptic,0.7421712875366211,0.548730731010437,201.6666717529297,1,8,0.46040065383474416,0.61638537828957,9.911570484859082,12.942937872815785,15.177784133440689,11.639538825012073,19.813223111855123,14.967459666859037,27.654523244927876,33.96778626174473,-6.313263016816851,False,False,False,36,6,0.603711698230665,0.5697751851850618,8
9tf5_chainA,1010,9,0.008273215964436531,Cryptic,0.7220516204833984,0.5424269437789917,167.3333282470703,1,5,0.51774331535211,0.5881145851063829,8.122546804662399,11.167544498959604,17.869116909433732,11.958788275224641,11.263182482730967,25.08157121816342,26.26068760882197,25.944003807097502,0.3166838017244693,True,False,False,30,6,0.5533848667511566,0.5417442787391519,10
9tf5_chainA,1011,10,0.0032892723102122545,Cryptic,0.7220516204833984,0.6331864595413208,167.3333282470703,1,3,0.7418493545167131,0.5262572908493252,8.060387837821208,10.25667249005324,19.65430275993494,9.616640776567197,5.187650743756434,13.187889194453257,25.40607696929567,20.973526202198673,4.432550767096995,True,False,False,25,6,0.5162472284113909,0.5049049585332223,5
9tf5_chainA,4002,11,0.023359423503279686,ActiveSite,0.7421712875366211,0.4846959114074707,605.0,1,7,0.4650735350138832,0.632018574426912,9.674543713591166,14.178988162798774,14.6704590276446,12.011416943525026,20.00888809242948,15.033704336023987,28.97053741085575,34.09246833049881,-5.121930919643059,False,False,False,34,6,0.6084886957414952,0.5821767811231973,10
9tf5_chainA,4007,12,0.005438119173049927,Cryptic,0.7421712875366211,0.5023831725120544,201.6666717529297,1,7,0.4650735350138832,0.6309145138245074,9.65512871313853,14.193620992336609,14.594190455422858,11.052317584771846,20.451340026129557,15.05999490847584,29.001370676595155,34.68127791215479,-5.679907235559636,False,False,False,32,6,0.6187273135430158,0.5936201130946084,8
9tf5_chainA,4005,13,0.028262516483664513,ActiveSite,0.7220516204833984,0.53762286901474,502.0,1,4,0.5753261680115076,0.5676871290699914,14.0121270811027,0.24163607958672434,19.786726622250626,19.712867615737245,-6.632957562699998,15.329182469253494,14.062484258416964,8.176397765480868,5.886086492936096,True,False,False,30,6,0.5414203877851411,0.528730698035121,8
9tf5_chainA,4005,13,0.028262516483664513,ActiveSite,0.7220516204833984,0.53762286901474,502.0,2,3,0.7418493545167131,0.5597370941804195,8.083575060843552,10.252703164152162,19.633164525369356,3.1820966218731086,9.448122925613587,27.87073691974621,25.393589482885275,28.234763270588626,-2.841173787703351,False,False,False,25,6,0.5273988729962457,0.5081727935341185,9
9tf5_chainB,6,2,0.0,Unknown,0.5095904469490051,0.5431990027427673,73.0,1,4,0.6488936635508777,0.5653447068271742,31.565155445539155,41.92230576463871,1.69925096015803,33.05133282919031,37.520340506737206,5.673792446619365,23.995429137863148,22.067564867322066,1.9278642705410824,True,False,False,16,6,0.552374085129693,0.5443371832861607,6
9tf5_chainB,1,3,0.041269559413194656,ActiveSite,0.8268575668334961,0.47616255283355713,683.0,1,3,0.6302504156904092,0.5198667333381841,9.608349193440116,37.70598705689918,-2.462536381734047,9.141433356969511,43.544744081556814,2.6179275278982352,20.41940482075366,26.08804973645292,-5.668644915699261,False,False,False,23,6,0.5222171522914439,0.4991952414833665,4
9tf5_chainB,0,4,0.0,Unknown,0.4433360695838928,0.5334113240242004,114.0,1,3,0.6228219029964385,0.5272614554263317,8.335213142180477,20.289340834532226,-2.3889711899196375,1.0627687962618866,16.03248810590792,2.528737592280861,12.610500515040316,20.894455697046318,-8.283955182006002,False,False,False,25,6,0.5078426653200575,0.4986480406632637,6
9tf5_chainB,5,5,0.003447650233283639,Unknown,0.48914235830307007,0.5218247771263123,78.0,1,3,0.6265583375985068,0.589772399398863,20.503570499492557,28.39664025799586,-1.6103552633464184,15.895625012634152,19.907909102603643,0.10857066083271957,7.694160677826621,5.492348932958767,2.201811744867854,True,False,False,25,6,0.5571107290057518,0.5379242978741181,10
9tf5_chainB,5,5,0.003447650233283639,Unknown,0.48914235830307007,0.5218247771263123,78.0,2,3,0.514267114554645,0.5380948351038104,26.449474671953684,33.5428219927206,-2.946100763251719,26.797005226357427,37.88647763251074,4.506810609151409,13.996219111849673,19.248916284238817,-5.252697172389144,False,False,False,21,6,0.5047105751302537,0.5000761193326,8
9tf5_chainB,4,6,0.0,Unknown,0.5380334854125977,0.47107353806495667,56.0,1,5,0.42896972204259,0.6341413075019426,15.10273065495963,22.725394779136774,-4.514018722953761,15.09730571156951,21.19588287366856,4.114525701064823,6.6818150358572215,8.413929962165641,-1.7321149263084195,False,False,False,27,6,0.6022976969918092,0.5710881748696668,12
9tf5_chainB,1008,7,0.015370341017842293,Cryptic,0.8268575668334961,0.5442851185798645,227.6666717529297,1,4,0.5879138101789347,0.5467373474833388,9.98191518092513,38.808871065269855,0.2297855395332833,5.963105733550114,34.00240533645342,-0.4063630284278775,21.25324998740993,20.068088339185387,1.1851616482245433,True,False,False,25,6,0.5251198850678849,0.5064461313366098,7
9tf5_chainB,3011,8,0.03459210321307182,Cryptic,0.8268575668334961,0.5440240502357483,683.0,1,3,0.6302504156904092,0.5163008480641459,9.608349193440116,37.70598705689918,-2.462536381734047,6.255732427992314,33.778349952459116,0.4260858053985785,20.41940482075366,19.78343676032736,0.6359680604263005,True,False,False,23,6,0.49416717568254837,0.4882903451742395,6
9tf5_chainB,1006,9,0.014675297774374485,Cryptic,0.8268575668334961,0.5469262003898621,227.6666717529297,1,3,0.6302504156904092,0.5281334927496031,9.608009276370424,37.70426627172015,-2.4650959158299726,9.656564192571611,43.82382855287018,2.0573258746387575,20.418228758866615,26.01418431029186,-5.595955551425245,False,False,False,23,6,0.5116254092647119,0.49071430945949374,6
9tf5_chainB,1007,10,0.011017490178346634,Cryptic,0.8268575668334961,0.5168114304542542,227.6666717529297,1,4,0.5879138101789347,0.5799156591565415,9.979455099930728,38.80878638195272,0.2210403812699989,6.431304564398455,33.7624164464363,0.026935251644482384,21.25355799884349,19.59908729286505,1.65447070597844,True,False,False,25,6,0.5456265765711514,0.525964092074962,10
9tf5_chainB,4009,11,0.008290189318358898,Allosteric,0.6729654669761658,0.5524832606315613,197.3333282470703,1,6,0.49304744297734426,0.6076727585049876,28.653646291074473,41.49433652583922,2.4057588410681197,35.637595970912336,39.82159225778722,5.429850952007545,22.583040089655267,25.205716228258787,-2.62267613860352,False,False,False,34,6,0.5928469067461131,0.5615226585869431,8
9tf5_chainB,4001,12,0.03813833370804787,ActiveSite,0.8268575668334961,0.468295693397522,683.0,1,4,0.5879138101789347,0.5686734392259121,9.973070849490156,38.78968853798676,0.18275251072291146,6.183194521920355,33.69830727832837,-0.39276015622967286,21.236754732506895,19.703932547119546,1.5328221853873494,True,False,False,25,6,0.5261613327368228,0.5112312014886842,11
9tf5_chainB,4003,15,0.05461916700005531,ActiveSite,0.6729654669761658,0.5609376430511475,592.0,1,3,0.6566006562826571,0.575865746227654,25.300540673133245,40.58056933061425,3.860939233212014,32.81454690788895,38.69843305503497,6.045184809478092,21.143573015320914,22.979340255303804,-1.8357672399828893,False,False,False,27,6,0.5717156087000148,0.5340824286850138,6
9tf5_chainB,4004,17,0.0,Unknown,0.5380334854125977,0.5158666968345642,56.0,1,5,0.42896972204259,0.5727150955896692,15.09603013475863,22.747403429641817,-4.518065259619378,15.71085836095959,18.888193030021643,-0.21857213296779673,6.695851096443081,5.7905984178973355,0.9052526785457458,True,False,False,25,6,0.5607383509955722,0.5540052630345279,6
9tf5_chainC,7,1,0.0,Unknown,0.4207916855812073,0.5453348755836487,58.0,1,5,0.5823431498679448,0.5976891162308802,48.017681443209796,34.76664386590044,32.26169623213951,41.31665226675313,34.1471609016353,32.71820031705481,33.77031478167725,28.909043279160993,4.8612715025162565,True,False,False,26,6,0.5838466903438986,0.5703428579272721,7
9tf5_chainC,5,2,0.011020592413842678,Unknown,0.5486761927604675,0.5026320815086365,105.0,1,3,0.6254861849124317,0.5562237631205997,36.53097784297822,30.112455442598872,25.79394970240674,30.618625164201397,25.242545708781204,32.21229269538728,20.57702376902992,17.193042907901926,3.383980861127995,True,False,False,19,6,0.5281127684772049,0.5146636310389555,8
9tf5_chainC,6,3,0.0,Unknown,0.4533916413784027,0.5439485311508179,52.0,1,3,0.6447694965559789,0.5419100880740213,43.865690062344946,22.629021390816177,35.547994018543115,41.13034058522269,13.820500128217093,33.3383403827063,26.98221045285509,22.70751668198165,4.274693770873437,True,False,False,27,6,0.5088759133720577,0.5056150348977916,8
9tf5_chainC,2,4,0.03407583385705948,ActiveSite,0.6816869974136353,0.501157283782959,506.0,1,6,0.5429043361752656,0.568681913871063,32.602205909477334,11.750128267353587,33.965784776470024,30.959132934580683,19.172953070230122,31.807721967420484,17.482309278507998,14.650201827436621,2.8321074510713764,True,False,False,32,6,0.5492021289891453,0.5379016705311346,7
9tf5_chainC,2,4,0.03407583385705948,ActiveSite,0.6816869974136353,0.501157283782959,506.0,2,3,0.580730014335629,0.5565626542080072,24.770004190005032,13.66678661389259,32.94186247672495,23.575684679038172,4.533294373338549,33.00076307615989,13.189070353717202,17.20819045326149,-4.019120099544288,False,False,False,24,6,0.5443275083833936,0.5265782946157992,6
9tf5_chainC,1012,5,0.013081826269626617,Cryptic,0.6816869974136353,0.6082605719566345,168.6666717529297,1,4,0.6136200102751729,0.5652676819285655,36.24390031199363,12.707286821832918,34.04929846857493,31.959640303034895,18.9683719025143,32.317495571383056,19.636304151938198,15.58366925148788,4.052634900450318,True,False,False,28,6,0.5321853029561959,0.5202698349050097,9
9tf5_chainC,4010,6,0.008468758314847946,Allosteric,0.6816869974136353,0.5574660301208496,168.6666717529297,1,6,0.5429043361752656,0.5461693650660746,32.56782261108104,11.735047807275736,33.98593627332739,33.60731303341062,18.653668685754607,31.429407829644585,17.48265086279952,15.904867401324488,1.5777834614750326,True,False,False,32,6,0.514307864909731,0.5092575773606203,8
9tf5_chainC,4007,7,0.017242470756173134,Allosteric,0.7749369144439697,0.5449244976043701,197.3333282470703,1,4,0.5088127867122383,0.5512830661450268,45.325710680999016,16.15649250413776,30.06586311011948,50.70652312238588,14.264441421099617,31.183347754564796,24.633707576312567,30.070519300296038,-5.436811723983471,False,False,False,27,6,0.5221897983707234,0.5092097990071554,8
9tf5_chainC,4007,7,0.017242470756173134,Allosteric,0.7749369144439697,0.5449244976043701,197.3333282470703,2,4,0.45455352028080914,0.5563960908788911,38.994299485201445,15.85263487467865,31.476713387308372,47.66438209352406,17.046069617692666,30.38719856679916,19.793534877739962,26.93364628037702,-7.140111402637057,False,False,False,28,6,0.5434053811872784,0.5287423913575927,6
9tf5_chainC,1011,8,0.012390214949846268,Cryptic,0.6816869974136353,0.5487498044967651,168.6666717529297,1,3,0.6044509188525184,0.5842452691381491,38.323720138978096,14.684764392765079,33.812842963164904,31.66400465376922,18.756531580812023,29.91635242777494,20.751296302292708,13.53914037826675,7.212155924025959,True,False,False,26,5,0.5403597665970862,0.5229062568335489,12
9tf5_chainC,4009,9,0.014995844103395939,Allosteric,0.7749369144439697,0.5251152515411377,197.3333282470703,1,5,0.4433217663850427,0.5617413133000191,39.67849079975699,15.96420331060707,32.26394217617433,48.97423013162802,16.39924880144935,30.515897830834877,20.807684648488692,28.175268801712853,-7.367584153224161,False,False,False,29,6,0.5404967374145881,0.5314911902932258,7
9tf5_chainC,4009,9,0.014995844103395939,Allosteric,0.7749369144439697,0.5251152515411377,197.3333282470703,2,4,0.5088127867122383,0.5485015233529894,45.32807338945139,16.15722731468335,30.06810230895724,50.2104143168715,12.925736663332165,30.87558856811361,24.63678268173219,29.60053696198289,-4.963754280250701,False,False,False,26,6,0.5173960058376772,0.5108819107793691,8
9tf5_chainC,1008,10,0.013765021227300167,Cryptic,0.7749369144439697,0.5340790152549744,197.3333282470703,1,4,0.5088127867122383,0.587486201234597,45.356421071323616,16.10463153308149,30.00443922536332,50.628606333052645,14.765535944141485,31.154329742540376,24.636486754508937,29.964630351220162,-5.328143596711225,False,False,False,27,6,0.5559927456784274,0.5301267528665925,10
9tf5_chainC,1008,10,0.013765021227300167,Cryptic,0.7749369144439697,0.5340790152549744,197.3333282470703,2,3,0.42838765090031633,0.5614701796307906,40.77574396623862,16.715066541850987,30.355372280636995,48.5692313611027,17.108129720595777,29.945337589761017,20.713573348051003,27.612919434064786,-6.899346086013782,False,False,False,24,6,0.5413428523060345,0.5273856485498827,7
9tf5_chainC,4001,11,0.01595194637775421,Unknown,0.5419000387191772,0.5522380471229553,137.0,1,5,0.40919851434545373,0.5337041401171174,31.277348540634232,23.34653207554331,30.6344119092903,29.936912469649,27.353110141102764,34.417902863463425,15.449001358740444,19.690295279483845,-4.2412939207434,False,False,False,31,6,0.5151714191895336,0.5070430140413952,6
9tf5_chainC,4001,11,0.01595194637775421,Unknown,0.5419000387191772,0.5522380471229553,137.0,2,3,0.6742537963313415,0.5454806568290778,31.06333700863205,25.087838387198545,28.150351875921736,30.299587554029753,26.597574158323003,34.87617081100774,14.761319766318444,19.738169907017962,-4.9768501406995185,False,False,False,20,6,0.550627398887269,0.5349315575014033,4
9tf5_chainC,4003,12,0.0,Unknown,0.4840813875198364,0.5699247121810913,53.0,1,4,0.683810105726557,0.6330440079007786,29.716282305563656,23.246281781336442,27.797977825768893,32.51400503649062,26.76845335541888,32.37455276318865,12.704163170478877,19.07002252873679,-6.365859358257913,False,False,False,24,6,0.6001154448968089,0.5927331803430623,11
9tf5_chainC,4004,13,0.05282776057720184,ActiveSite,0.7749369144439697,0.48184236884117126,592.0,1,4,0.45455352028080914,0.5851856422818777,38.99415748737271,15.852522853371086,31.476854750571707,32.57705260574932,20.613629912988156,29.934529165873855,19.793500230815873,14.65594455660627,5.137555674209603,True,False,False,28,6,0.5863723774398343,0.5330474105517193,6
9tf5_chainC,4004,13,0.05282776057720184,ActiveSite,0.7749369144439697,0.48184236884117126,592.0,2,4,0.5088127867122383,0.5574051350062578,45.32615315717278,16.15671809448967,30.066326282042883,50.40370770696776,13.580330003567504,31.221871988974893,24.6343021837435,29.849109449721322,-5.2148072659778215,False,False,False,28,6,0.5281249414496584,0.5205309283067717,8
9tf5_chainC,4000,14,0.0,Unknown,0.0,0.5544225573539734,56.0,1,4,0.5624179099835256,0.5571924173049736,22.745966845474165,13.563463763858993,30.248922607119898,24.03287107239321,6.302873274133911,34.59235736228426,10.420746845006812,17.42488113339861,-7.004134288391798,False,False,False,24,6,0.5518947366266373,0.5437261891119134,5
9u5b_chainA,509,2,0.02299337089061737,Cryptic,0.8153330683708191,0.5019065737724304,240.0,1,4,0.6524077943883448,0.5638999713501724,23.158500201278148,-2.5485967140127737,8.419457657880981,17.239029943892692,-2.5875649083538077,5.105631989776064,11.661677135913669,11.089243732876874,0.5724334030367952,True,False,False,30,6,0.5742615139095514,0.5502172562844587,4
9u5b_chainA,510,9,0.0,Cryptic,0.5802527070045471,0.5252192616462708,50.0,1,5,0.5479229303117985,0.6043649478084578,2.986883785095759,6.699421503147125,7.759969775123679,3.542819627732361,12.391246677242544,6.5104398552895715,15.175991793288565,18.646689806427986,-3.4706980131394207,False,False,False,24,6,0.5869749359657402,0.5640675101405066,8
9u5b_chainA,3,10,0.0,Unknown,0.6510833501815796,0.5344834923744202,52.0,1,4,0.4413485548853118,0.5974340849776638,13.781831458134675,-13.641656913626008,14.596607668476212,10.361698568507604,-20.83154435111274,11.074243701152236,13.666678489011915,21.624890724829637,-7.958212235817722,False,False,False,27,6,0.5539963374110464,0.5445314808857517,12
9u5b_chainA,1515,12,0.012180141173303127,Cryptic,0.646817147731781,0.6611425876617432,264.6666564941406,1,3,0.7966243539387581,0.5524366368594883,-2.1657186655460436,4.488166946268645,30.98471203396162,-4.019022891022515,1.2618261692037238,23.849598975492427,23.013006772054304,20.11161495908197,2.901391812972335,True,False,False,20,6,0.5291331969355308,0.5218993146475078,7
9u5b_chainA,1511,13,0.023778120055794716,Cryptic,0.757012128829956,0.6664085984230042,188.3333282470703,1,4,0.49988374994528156,0.5631241978521789,18.88813886105988,-1.7070062260613732,7.88802632364244,9.943259666387725,-0.7645023820629909,2.2668398618280223,9.057334083324944,13.8858457660073,-4.828511682682356,False,False,False,27,6,0.5429604222508742,0.5303986373360953,7
9u5b_chainA,1511,13,0.023778120055794716,Cryptic,0.757012128829956,0.6664085984230042,188.3333282470703,2,3,0.7278210972890897,0.564498856222518,11.367184089230658,4.331542055539359,4.538003024184161,11.268085604888897,4.560146195391868,-2.967913599449668,12.090947031458802,19.211189462200693,-7.120242430741891,False,False,False,24,6,0.5365530498514091,0.5286081820823836,8
9u5b_chainA,4514,14,0.0077459742315113544,Cryptic,0.646817147731781,0.5669941306114197,264.6666564941406,1,3,0.7966243539387581,0.534878455050528,-2.159966322625089,4.486825724734836,30.989373048522253,-4.753564708763036,9.42871922575982,31.968380672099148,23.011796341311808,26.85948110263887,-3.847684761327063,False,False,False,19,6,0.5488193591356803,0.5436620383220403,3
9u5b_chainA,4000,15,0.03561600297689438,ActiveSite,0.646817147731781,0.5566920638084412,794.0,1,3,0.7966243539387581,0.5415228379460973,-2.195456824791498,4.479140396030482,30.938359236751836,-5.265844512245679,3.1334222069543705,23.370393700630526,23.00119995996002,21.259001237635925,1.742198722324094,True,False,False,20,6,0.5240473150703095,0.517289841573773,6
9u5b_chainA,4007,16,0.04403247311711311,ActiveSite,0.757012128829956,0.5707949995994568,565.0,1,7,0.4570547065894111,0.5977869665314026,28.319965253896562,-2.7694470758947665,12.164865216319352,27.821950567076957,3.9128199231599083,9.151726747739371,14.74595064776905,15.502453756676132,-0.7565031089070828,False,False,False,26,6,0.5775264001469937,0.5618853451661561,8
9u5b_chainA,4509,19,0.018930355086922646,Cryptic,0.8153330683708191,0.5554956197738647,240.0,1,6,0.4773556050223926,0.5584077620320513,24.696180287431517,-4.415328333482158,11.740893177879387,24.926742231767204,-9.709415615932235,14.564660114792877,11.962805527455552,14.479605153339381,-2.516799625883829,False,False,False,29,6,0.5373526601156303,0.5250416851749998,7
9upz_chainA,2,2,0.00444652047008276,Allosteric,0.5855206847190857,0.5783221125602722,152.0,1,3,0.6568821525413513,0.5524230201315629,25.04334196333512,-0.05654742571045349,-1.4491454821644087,24.810902353223874,5.790429350636734,1.8772457308138635,13.454545230983639,15.17431949987609,-1.7197742688924507,False,False,False,22,6,0.5055359735888132,0.49701152324796927,11
9upz_chainA,504,3,0.0,Cryptic,0.5905434489250183,0.6128786206245422,162.0,1,3,0.7158680682254099,0.643067411100953,38.44039120396457,-1.8301350083817176,1.4720853323072993,43.45937715690258,-5.949283627348455,5.591331578016981,5.56932326446752,8.010910040918798,-2.4415867764512784,False,False,False,20,5,0.6086252337984558,0.595154198243117,12
9upz_chainA,505,4,0.033740442246198654,Cryptic,0.7721987962722778,0.5342694520950317,660.0,1,12,0.37842421721879405,0.5625833226087267,22.614476364073248,3.0286422753689974,0.5140789180048079,25.876534552139194,4.062904898356705,1.0297573572479455,15.760882592554909,13.581442338577741,2.179440253977168,True,False,False,41,6,0.5302379417766873,0.513176962139219,9
9upz_chainA,1,6,0.04260530695319176,ActiveSite,0.6928980350494385,0.5463347434997559,660.0,1,9,0.3965847994981009,0.5435688774567571,16.8607182973007,5.983887197434598,1.077510618008655,23.36780950796803,2.0625764936080686,2.6369096656576922,21.837773978289786,14.098484997932674,7.739288980357111,True,False,False,35,6,0.5194971973183247,0.5088775163897719,7
9upz_chainA,3511,7,0.04001128301024437,Cryptic,0.6928980350494385,0.5180982947349548,660.0,1,3,0.6433989757661879,0.5296510744668449,15.11474233651149,8.334656263753283,-9.28204532532693,7.880027523704374,11.471471391907905,-3.2584433360338285,28.3315472854845,33.094883981581674,-4.7633366960971735,False,False,False,24,6,0.518969802854287,0.5130255096814089,5
9upz_chainA,4001,8,0.07709398120641708,ActiveSite,0.6928980350494385,0.5097662210464478,660.0,1,9,0.39658479949810094,0.5426918545971317,16.860718297300703,5.9838871974345995,1.0775106180086553,8.926527063096023,11.027284809934088,-2.974275268767155,21.837773978289782,31.93028076671899,-10.092506788429208,False,False,False,34,6,0.5255117734978526,0.5183754349394296,6
9upz_chainA,4001,8,0.07709398120641708,ActiveSite,0.6928980350494385,0.5097662210464478,660.0,2,3,0.6433989757661879,0.5459260977124726,15.03173242644383,8.389387023926222,-9.23730556402003,11.921576667130196,14.318497898979867,-1.6978476603685237,28.392143799866464,30.948950517147235,-2.5568067172807716,False,False,False,22,6,0.5130316924755202,0.5121888010037954,8
9upz_chainA,4509,9,0.013202406466007233,Cryptic,0.6928980350494385,0.5552941560745239,220.0,1,9,0.3864027161373957,0.5356800164190609,18.878695660906136,5.500830106333232,1.4537023744234192,22.530913603197906,1.5023965122457899,2.946450870308045,19.803374989276676,14.54904620387954,5.254328785397137,True,False,False,36,6,0.5179837460072638,0.5077823333934893,6
9upz_chainA,1505,10,0.006316482555121183,Cryptic,0.7721987962722778,0.5625114440917969,220.0,1,9,0.39658479949810094,0.5193439741933558,16.853853426996054,5.986207265409818,1.0715202919598203,17.952771696747966,0.7217843374148343,2.5304088906703797,21.846039922941245,18.638615430020185,3.20742449292106,True,False,False,33,6,0.5172760176086454,0.5126401334783199,4
9upz_chainA,1505,10,0.006316482555121183,Cryptic,0.7721987962722778,0.5625114440917969,220.0,2,3,0.6433989757661879,0.5564399804265902,15.050107186942716,8.38077034563903,-9.254607673203335,11.514395378705384,14.228466248076902,-1.521619212097443,28.384151901060207,31.16805268144103,-2.7839007803808222,False,False,False,23,6,0.5214197524405803,0.5111193665708842,9
9upz_chainA,4507,11,0.0074990116991102695,Cryptic,0.7721987962722778,0.599315881729126,220.0,1,10,0.36473053309154657,0.5572210330571886,17.674484791583843,5.843795572894866,1.2952290942269373,21.0376366888704,1.7239675694325978,3.5731978946455385,21.02723331496086,15.891703158158295,5.135530156802565,True,False,False,38,6,0.5286514091067329,0.5178993986759342,8
9upz_chainA,1508,12,0.004094239789992571,Cryptic,0.6928980350494385,0.5625114440917969,220.0,1,9,0.3965847994981009,0.5475963103370532,16.848583073670444,5.996974570028195,1.0969066345658782,21.7479805438033,1.4442382671290792,3.955022759643203,21.85011023959426,15.08553390188059,6.764576337713672,True,False,False,34,6,0.5171627606287961,0.5071138926285519,8
9upz_chainA,4003,13,0.0,Unknown,0.5695206522941589,0.5415858626365662,51.0,1,4,0.570015274192374,0.6186251646118033,35.15536900068447,8.232681710648304,8.491355458592885,37.95817417145513,15.69951794501531,10.583438488139459,12.612791939471764,20.477204783483153,-7.8644128440113885,False,False,False,17,3,0.5946831294433325,0.5839393122380052,9
9xj0_chainA,0,1,0.08670583367347717,ActiveSite,0.6640522480010986,0.48529815673828125,559.0,1,3,0.4400753656967442,0.5520547927352099,9.780846807520604,-6.068667589052395,-9.324337871286408,16.655359160016854,-6.2273202426836605,-11.311867284940465,9.588717574644674,9.177539245175184,0.4111783294694895,True,False,False,28,6,0.5241653796602516,0.5066477927671045,8
9xj0_chainA,1,2,0.011344855651259422,Cryptic,0.680921733379364,0.5335489511489868,264.0,1,4,0.4414661960804413,0.5194270391160805,15.81053073278609,-16.654889157583543,-7.804217935153666,20.959581174552536,-20.49101390106203,-5.00216370163561,8.05688512481364,14.460931213463377,-6.4040460886497375,False,False,False,29,6,0.5177045287678022,0.5116627968246839,4
9xj0_chainA,2,4,0.0,Unknown,0.43870633840560913,0.49606773257255554,62.0,1,5,0.5565923788610511,0.6059326143141156,18.92365973453974,-8.434267635467108,-26.244915148287213,24.06365519343948,0.2616643742455657,-23.641622635235912,14.4474674067141,20.376549886011592,-5.929082479297492,False,False,False,27,6,0.5710220170289698,0.5517298529802236,11
9xj0_chainA,2,4,0.0,Unknown,0.43870633840560913,0.49606773257255554,62.0,2,3,0.5260531547775416,0.5800428644627007,22.509825235093064,-11.991184071329897,-22.116548963800387,27.819190476781515,-7.934289909424771,-23.35226571064482,12.78347372958879,18.702536856628413,-5.919063127039623,False,False,False,21,5,0.550445369910417,0.5348005299744671,9
9xj0_chainA,4004,5,0.013523084111511707,Allosteric,0.5566281080245972,0.518738329410553,173.0,1,3,0.5823712818943343,0.5787653622611475,24.66307259357158,-10.004080866776475,-18.434092240225404,27.975519629414126,-8.52051690239077,-23.195547270416505,13.406781080187477,18.58608921106261,-5.179308130875134,False,False,False,22,6,0.5538384016734432,0.5437633188539197,8
9xj0_chainA,4000,8,0.05679988116025925,ActiveSite,0.6640522480010986,0.5327283143997192,559.0,1,5,0.45623419369450285,0.5576117137566861,7.782123732350838,-9.421397422879647,-7.906081778714055,5.221697572561366,-16.49593671889996,1.8466560242056143,9.11226552898816,18.055198313524745,-8.942932784536584,False,False,False,35,6,0.5291731003651992,0.5181573055834059,8
9xj0_chainA,1004,10,0.006704053375869989,Cryptic,0.6640522480010986,0.5589110851287842,186.3333282470703,1,3,0.4400753656967442,0.5493780393436147,9.807881701423131,-6.049272821639056,-9.273705691541455,4.946584772931209,-3.371897977240789,-5.289752501048362,9.62417312613891,15.718303005198667,-6.094129879059757,False,False,False,28,6,0.535828269712571,0.5182777459740102,6
9xj0_chainA,3006,11,0.0,Cryptic,0.680921733379364,0.5676384568214417,264.0,1,8,0.42372159175212104,0.621887518467124,13.48658050992989,-16.963694898169233,-4.492791540546228,6.798989897178203,-17.447937588168347,3.4800186670230886,10.563399265053183,19.184772602007467,-8.621373336954283,False,False,False,29,6,0.5662579163774293,0.5454770172260285,17
9xj0_chainB,506,1,0.0,Cryptic,0.4530539810657501,0.6838276982307434,92.0,1,3,0.6341633526372733,0.5906119875939573,50.062600981390766,-19.157995267468117,-3.2811692495712474,54.50812243153953,-14.712600462932937,-0.782903777940267,12.219961951831646,17.13530211157042,-4.915340159738776,False,False,False,29,6,0.5584370789614808,0.5378116014934706,10
9xj0_chainB,5,3,0.0,Unknown,0.4404709041118622,0.5044371485710144,57.0,1,8,0.43575651691388295,0.6042578043015552,39.245094923750685,-21.91286580390539,-25.299837137044666,41.016683712910215,-18.10983432332011,-27.788643749847385,12.69628467728208,14.006729323627871,-1.3104446463457915,False,False,False,35,6,0.5633929272510481,0.5481111605252029,12
9xj0_chainB,2,5,0.00964096374809742,Allosteric,0.5281163454055786,0.4958724081516266,168.0,1,4,0.6128515989975835,0.5655144797132793,36.57633550001721,-19.210020880427873,-28.23575007899866,41.36854318942314,-25.761978057757677,-29.633822007313228,16.190195795880552,17.141464269959155,-0.9512684740786028,False,False,False,20,6,0.5455828931520342,0.533827016212827,7
9xj0_chainB,1,6,0.004605331923812628,Unknown,0.5205138921737671,0.4756215810775757,72.0,1,3,0.5922511020810427,0.5687670608376172,32.79240780663272,-25.293773740331584,-21.61603409240802,29.38168394507437,-32.50729491587644,-19.60768548133284,15.51596030898773,21.325400280518085,-5.809439971530356,False,False,False,23,6,0.5568313530099004,0.5469628327277022,6
9xj0_chainB,1,6,0.004605331923812628,Unknown,0.5205138921737671,0.4756215810775757,72.0,2,3,0.7226488412858285,0.569042480447968,31.412433351026362,-24.428514440463406,-17.563905504222944,26.633923561502908,-31.387384754965268,-15.949320843680736,14.93871868121711,22.20651873437769,-7.2678000531605775,False,False,False,24,6,0.54874855528758,0.541178617945747,7
9xj0_chainB,1507,7,0.024239037185907364,Cryptic,0.6770704388618469,0.5198767781257629,220.0,1,3,0.5529955812699509,0.5764980957802829,44.588639260426525,-20.594561539151805,-9.849716843835031,38.131424854603374,-24.763057678053816,-13.521843682696911,4.835551855231251,9.020290576758399,-4.184738721527148,False,True,False,24,6,0.5533540972896486,0.5340009756969297,8
9xj0_chainB,4004,11,0.010420440696179867,Cryptic,0.7889906764030457,0.6303220391273499,302.0,1,5,0.5609031378605269,0.5618079461696632,40.413059118268784,-16.638598728685096,-9.77793113865932,45.590586318967304,-23.749019062261223,-10.85793848709537,6.770631856584153,6.056873792845249,0.7137580637389034,True,False,False,31,6,0.5436964256945999,0.5214253677314084,7
9xji_chainA,8,1,0.0,Cryptic,0.6342151165008545,0.49465063214302063,387.0,1,4,0.4466463394854716,0.6080260162147758,-0.7566176619532159,24.70782048906968,-22.985845878665433,-6.663510587356089,27.82492937311586,-22.143722421012797,13.12409088613423,17.853787278131513,-4.729696391997283,False,False,False,26,5,0.5751430107967452,0.5488036327382547,11
9xji_chainA,8,1,0.0,Cryptic,0.6342151165008545,0.49465063214302063,387.0,2,4,0.6102053173529873,0.5780988154341328,2.569252585181245,19.419898621979037,-11.250873000559066,-1.2282680320432453,16.368249347800248,-7.645429540591991,4.241520871789114,9.07668980597792,-4.835168934188807,False,True,False,27,6,0.5335348504593818,0.534394149931471,11
9xji_chainA,1,3,0.0,Unknown,0.51119464635849,0.5530131459236145,52.0,1,3,0.5585725339602854,0.5499723775493442,-10.343397143955112,28.122944657744092,-1.2206621697732067,-10.203812020186405,21.31576073127654,-6.1354505703450934,22.749638588171088,17.736829400107087,5.012809188064001,True,False,False,15,6,0.5425410060587051,0.5380256146795465,5
9xji_chainA,3,4,0.011320661753416061,Unknown,0.4952906370162964,0.5124234557151794,115.0,1,3,0.6415202338976225,0.5600843869697196,-5.643084866364553,17.635730262494853,-24.59372335059421,-10.758175906752392,22.60269605974411,-26.655199490734706,15.329984068870118,21.161998864022838,-5.83201479515272,False,False,False,22,6,0.5572172147126295,0.5408879836561689,5
9xji_chainA,0,5,0.004114474169909954,Unknown,0.5705633759498596,0.4878850281238556,63.0,1,4,0.5411432112400855,0.5644430395550117,-9.650171120602828,21.336168552272646,-1.643597744924267,-14.390156115264952,21.840252917069453,-7.382001774599311,19.68326012762872,21.17802102251573,-1.4947608948870084,False,False,False,22,6,0.5454300069748048,0.528966695497485,7
9xji_chainA,508,6,0.045501191169023514,Cryptic,0.7508273720741272,0.47069427371025085,275.0,1,7,0.46876599662472074,0.6055687521890875,5.855602831710402,20.121686235830285,-7.4619502552673405,7.197922001581287,24.314992426223633,-1.4060128826599385,6.940779165935612,14.329438409950464,-7.388659244014852,False,False,False,32,6,0.580585428223538,0.564474779088758,9
9xji_chainA,2,8,0.013404827564954758,Unknown,0.5805571675300598,0.47223320603370667,95.0,1,5,0.5235701875478502,0.5781547150960142,-8.63830767455774,21.95300259736816,-16.494306183551036,-0.6211742288683956,24.26016942429148,-26.099941693382075,14.87148989640291,15.195709651618083,-0.3242197552151733,False,False,False,29,6,0.5606320761280592,0.5481183484544204,7
9xji_chainA,5508,9,0.054581642150878906,Cryptic,0.7508273720741272,0.4918186664581299,275.0,1,3,0.47999675038632167,0.5309263543402544,8.364976557401377,20.457845332846745,-2.8997210689689012,2.3790450005175603,20.528090181430404,-9.17726039313342,11.760956211026274,6.300469779468753,5.460486431557521,True,False,False,19,6,0.5214654845144884,0.5112909436528017,5
9xji_chainA,4002,10,0.013602414168417454,Unknown,0.5805571675300598,0.47733166813850403,95.0,1,4,0.5648231170818231,0.5667597626738059,-9.621436477256688,21.557514161757435,-14.279400086892142,-6.891091818636023,27.98788549916813,-21.969485275624425,15.471429678567384,18.022038818094487,-2.5506091395271024,False,False,False,28,6,0.5408463442664587,0.5259595074899117,8
9xji_chainB,508,2,0.028014516457915306,Cryptic,0.6534326672554016,0.4681542217731476,167.0,1,3,0.5634128360443316,0.5462199733641814,-8.157284630143073,44.89598079552394,-2.861933963113115,-9.164561692197225,42.155986184905565,-10.314021357366133,11.659704952809468,7.512490076073555,4.147214876735913,True,False,False,19,6,0.522253911794076,0.5131736738807018,7
9xji_chainB,6,3,0.06011609733104706,Cryptic,0.683834433555603,0.4944288432598114,207.0,1,5,0.5157866939007093,0.5656051764082712,9.294331073936275,44.24734153009113,-11.933732598860324,8.840026669883319,50.726876210498794,-2.406172017519485,15.119470188605723,18.492539189978782,-3.373069001373059,False,False,False,28,6,0.5394442784063311,0.5247432902076528,8
9xji_chainB,6,3,0.06011609733104706,Cryptic,0.683834433555603,0.4944288432598114,207.0,2,3,0.5179612591967357,0.5695587279980451,-0.8133636929018602,54.120477935195716,-14.886661284909426,-1.530794333235355,57.44794927991572,-22.768639460009368,8.032447167471846,13.843982361565818,-5.811535194093972,False,False,False,21,6,0.5389785619374968,0.5196469735631801,9
9xji_chainB,5,4,0.0048365783877670765,Unknown,0.46596989035606384,0.507146418094635,92.0,1,4,0.5718718061628594,0.6031109008365294,3.4864496427588887,43.7173411201661,-24.8382614509015,11.131178002161214,49.84496636500931,-22.46600498214965,14.599354367388917,18.718693517783514,-4.119339150394596,False,False,False,30,6,0.5860514461153556,0.5607986172946138,8
9xji_chainB,2,5,0.0,Cryptic,0.4711098074913025,0.5604100823402405,69.0,1,4,0.49957192327673366,0.5490520012735192,-0.17120008906798784,54.64895931282481,-15.752625892521262,4.803361840295469,53.054469433664195,-23.097978393833248,8.971309248696285,14.775957451998442,-5.804648203302158,False,False,False,28,6,0.5275638605417312,0.510076479997511,7
9xji_chainB,507,6,0.030405275523662567,Cryptic,0.7604807615280151,0.458919882774353,207.0,1,3,0.5179612591967357,0.5625678102134591,-0.8629122806042692,54.37647677379506,-14.368413996378697,-1.1210469415926794,56.59605313845245,-23.485950389852274,8.166986516153068,13.860675542413588,-5.69368902626052,False,False,False,22,6,0.5430234733744237,0.5274117829909607,7
9xji_chainB,507,6,0.030405275523662567,Cryptic,0.7604807615280151,0.458919882774353,207.0,2,4,0.42189858544856296,0.5454676497020258,10.021721870537691,43.958603880452834,-12.196613748665769,8.998619332174325,47.9974230974054,-3.3713322268861585,15.857502704361549,17.761932544698062,-1.9044298403365136,False,False,False,27,6,0.5212436147707313,0.5126955208957937,7
9xji_chainB,4,7,0.0,Unknown,0.46683645248413086,0.5399752259254456,65.0,1,4,0.6547090795523564,0.6028305914487526,3.64480580493987,54.438566769330215,-23.862924133635847,-0.6646438879358988,57.80665520364948,-19.84155025058372,15.100869308621924,12.75166529287692,2.349204015745004,True,False,False,24,5,0.5903717672904025,0.5748437339404969,7
9xji_chainB,4508,8,0.018378278240561485,Cryptic,0.6534326672554016,0.5277954936027527,167.0,1,4,0.43221198835321717,0.521469141621169,-8.260745765266883,46.75026566242425,-3.760609699290877,-10.910039717648806,39.7619119818672,-3.1300666632970375,10.54277604706985,14.386464116439797,-3.8436880693699464,False,False,False,24,6,0.5103530087331534,0.5001204263467132,5
9xji_chainB,4507,12,0.02892894856631756,Cryptic,0.7604807615280151,0.5450688600540161,207.0,1,4,0.5560789875238931,0.5863077252892198,0.7026762234622754,55.076377217523486,-17.162368454425163,0.44104293776803255,56.5454377804019,-23.80420212880164,10.190452195783307,14.59564464017539,-4.405192444392084,False,False,False,25,6,0.542248770860292,0.5270792737334832,12
9yc2_chainA,0,1,0.0,Unknown,0.43098658323287964,0.5702146887779236,111.0,1,7,0.43626047654998074,0.5776839036669971,9.522026131696153,36.372536404966574,29.32773011144438,2.2121628847977046,31.256432982123922,30.796054052471796,5.297268424571652,10.602057754067728,-5.304789329496075,False,False,False,24,6,0.5544518868560605,0.5363621990396612,8
9yc2_chainA,504,2,0.02178271859884262,Cryptic,0.575986385345459,0.5203273892402649,160.0,1,3,0.7854071389878579,0.6149823996207588,8.845403543517033,18.768518674840497,37.84333133134255,5.906536191257987,20.03506801920324,43.047043948016,17.98835343763133,21.468940519551076,-3.4805870819197473,False,False,False,28,6,0.5683049789105503,0.5499437928775809,14
9yc2_chainA,2,4,0.05745885521173477,Unknown,0.7025220990180969,0.49163296818733215,148.0,1,6,0.5377421094571171,0.5898056985378232,15.206861397332265,14.826322837424792,43.666261281234036,12.3333945046058,18.736833858778724,49.732223950179836,24.778919086612476,26.908456433916527,-2.1295373473040513,False,False,False,26,6,0.5452723715707322,0.5347424376675695,12
9yc2_chainA,4002,6,0.08486423641443253,Unknown,0.7025220990180969,0.5474435687065125,148.0,1,4,0.613419109901178,0.579222961989466,15.280068618849624,15.15743808620212,43.075684171273004,12.309777554515312,18.84676046330733,48.335231998224884,24.147490581757022,25.65868390058108,-1.5111933188240592,False,False,False,24,6,0.5622780758827716,0.5481100837188642,7
9yg3_chainB,511,2,0.017173171043395996,Cryptic,0.6511337757110596,0.45773598551750183,106.0,1,3,0.7997801265638971,0.5809172435841429,-17.169050640626935,41.61242854923444,73.76027936686526,-12.004463127707744,37.938036556556526,72.44666278323832,34.45554315593942,31.29365754204671,3.161885613892707,True,False,False,17,5,0.5576074972444002,0.5422731648632865,8
9yg3_chainB,511,2,0.017173171043395996,Cryptic,0.6511337757110596,0.45773598551750183,106.0,2,4,0.591589159468188,0.5773610707655022,-12.563330342269406,43.37800098298706,81.02807185342859,-11.409343157293195,39.366212880755434,72.69820143841801,27.411952920586057,30.34336506315756,-2.931412142571503,False,False,False,24,6,0.570888424213929,0.5442474009540341,6
9yg3_chainB,2,3,0.023323576897382736,Unknown,0.6392613053321838,0.4750676155090332,106.0,1,3,0.6004855778805462,0.5773256684995423,-10.251370142256562,41.352132655967836,78.7111413883406,-10.195541674477633,39.30231187347637,71.54034450390554,26.246943463669172,29.99823835348003,-3.7512948898108576,False,False,False,22,5,0.5460830271125322,0.5353921642518006,9
9yg3_chainB,1513,9,0.03490108251571655,Cryptic,0.7236047983169556,0.6214503645896912,361.3333435058594,1,6,0.3907640410877528,0.6046435269674917,0.8371412299944325,49.38975835292432,84.11026256601374,-2.8410303279517772,51.61537497319512,83.69924207597782,14.066243625508738,18.191310795495266,-4.125067169986528,False,False,False,30,6,0.5684688634794898,0.5535821652829146,11
9yg3_chainB,4006,10,0.10907726734876633,ActiveSite,0.7820571660995483,0.4614109992980957,416.0,1,3,0.6749708690555409,0.5732098947218228,0.1266168990278165,40.38487007757666,87.57996340459684,-4.331717081479571,29.74910044156176,85.55906770868648,14.63875584890292,24.301861078661442,-9.663105229758523,False,False,False,30,6,0.5375796039643187,0.5185879308735746,10
9yg3_chainB,3516,11,0.0730336606502533,Cryptic,0.7236047983169556,0.6449509859085083,1084.0,1,9,0.40180959211120687,0.6156470923876742,6.270162208942711,49.74577363890797,80.01540411959193,3.5010200596489343,53.141182063362535,83.25846542719353,11.944035750605712,13.629817387639509,-1.6857816370337968,False,False,False,34,6,0.5671499378968536,0.5408635242943196,15
9yg3_chainB,1512,12,0.0,Cryptic,0.7236047983169556,0.7038214802742004,361.3333435058594,1,5,0.4279023186931112,0.6121902498694297,6.617677193977124,50.907999870578784,82.34422059787649,2.938483335672185,55.51143039191614,80.97611068609378,10.689154822735597,16.344553503126644,-5.6553986803910465,False,False,False,26,6,0.6020069613389636,0.5543399379823898,8
9yg3_chainB,4514,13,0.01350223645567894,Cryptic,0.7236047983169556,0.7975607514381409,361.3333435058594,1,6,0.38934677941790563,0.5929990964335955,4.630933798154395,50.006379463562354,82.08903129344814,2.555748862973019,53.62108804863965,83.5345679796393,11.879559805083435,14.507754697729306,-2.6281948926458707,False,False,False,33,6,0.5452594807302533,0.5321979357466272,13
9yg3_chainB,1514,15,0.004929841961711645,Cryptic,0.7236047983169556,0.7820496559143066,361.3333435058594,1,5,0.4325296246479879,0.5929196982349347,4.563115045936467,50.30561064376076,83.1781192967832,1.658676012103549,53.0899872772969,84.00015707464681,11.50113926200845,14.793755887676248,-3.2926166256677973,False,False,False,28,6,0.5558955461777864,0.535826302850666,11
9yg3_chainB,4007,16,0.04114484414458275,Cryptic,0.7121623754501343,0.5658770799636841,247.0,1,3,0.624852155192434,0.5639864262311212,-0.10751470543867464,66.89889494412212,57.83388470726636,-2.7080527068708466,63.92189133091168,60.82356297157239,39.69910101744019,36.92499911335098,2.774101904089214,True,False,False,17,5,0.523624133524498,0.5178258673494837,10
9yg3_chainB,4002,19,0.018370872363448143,Unknown,0.6392613053321838,0.523337721824646,106.0,1,3,0.7997801265638971,0.5753660396629517,-17.08082508519916,41.64675320646368,73.81301024424285,-11.97088253237619,40.26363420794266,70.49999313358077,34.34983204381071,31.823439996539932,2.5263920472707753,True,False,False,17,6,0.5736123473004795,0.5640120662118171,5
9znb_chainA,1,1,0.0036948216147720814,Cryptic,0.8376315832138062,0.6951830387115479,205.0,1,4,0.5753482540892139,0.636026896278492,-29.266677397357814,31.05996030819009,48.59391321855745,-31.695573763336462,37.15094821116202,52.00756774886713,5.640247313132435,8.767218570052007,-3.126971256919572,False,False,False,22,6,0.6160234490546878,0.6015919318345437,9
9znb_chainA,506,3,0.0,Cryptic,0.6763845682144165,0.484851211309433,126.0,1,3,0.7467728466947461,0.6384985238376436,-23.196831382787146,12.07372312670997,24.052397724942836,-16.003650699892123,17.38320048727188,23.25959950609991,32.69488306437092,34.212187498612366,-1.5173044342414457,False,False,False,26,6,0.6074298768044458,0.5761946721571026,12
9znb_chainA,0,6,0.08654846996068954,ActiveSite,0.7407565712928772,0.4980602562427521,1018.0,1,3,0.4611772222368602,0.5469942777810256,-26.698662801667314,14.80927155061944,29.29019802706334,-27.494234377786785,7.29285266884437,31.543153233757668,26.012108058049144,29.205003026212296,-3.192894968163152,False,False,False,22,6,0.507015973120788,0.5107031361323859,9
9znb_chainA,0,6,0.08654846996068954,ActiveSite,0.7407565712928772,0.4980602562427521,1018.0,2,5,0.6278812086830378,0.6107257013896353,-22.240304372241678,16.587158427762187,34.010098589082965,-27.821397371749516,9.724429218215265,31.97359414701577,23.459083939358255,27.059987098303093,-3.6009031589448384,False,False,False,27,6,0.5902061479278108,0.5589921860526107,9
9znb_chainA,4,7,0.018298272043466568,Cryptic,0.7692350745201111,0.5603508353233337,221.0,1,3,0.862573607193915,0.5594691813484686,-17.313209385790493,15.737617399919795,17.44851310344174,-18.441158631487035,22.106156779641292,22.680889444822554,38.77452249210131,32.04184181865749,6.732680673443824,True,False,False,23,6,0.5474166082605488,0.5310713557173516,6
9znb_chainA,4,7,0.018298272043466568,Cryptic,0.7692350745201111,0.5603508353233337,221.0,2,3,0.6585119050939542,0.6130828175241233,-12.653781877845477,4.451266075123122,23.525989142173053,-7.803697953801498,-0.35115494727298424,22.411248181477863,42.032237759160594,48.19809731616745,-6.165859557006854,False,False,False,18,6,0.5864950787912462,0.5828387414188856,9
9znb_chainA,1509,8,0.01539106946438551,Cryptic,0.7407565712928772,0.8150730729103088,339.3333435058594,1,4,0.6882122625935926,0.6270623631937948,-21.875975525180422,15.187720746162146,35.16894790324391,-26.863899862292634,10.013679213119838,32.63527464509199,23.716417888351735,26.686032917697645,-2.96961502934591,False,False,False,26,6,0.6108445913850802,0.5497390641159601,10
9znb_chainA,1508,9,0.022875498980283737,Cryptic,0.7407565712928772,0.6795344948768616,339.3333435058594,1,4,0.6882122625935926,0.581518815824731,-21.849609028271548,15.147004078238364,35.2115686192319,-26.781933809719312,9.427990411921916,31.30869082569016,23.729122443040964,27.975869900393484,-4.2467474573525195,False,False,False,27,6,0.5852040281119291,0.5571029843835023,5
9znb_chainA,1507,10,0.01170266605913639,Cryptic,0.7407565712928772,0.5616961717605591,339.3333435058594,1,5,0.6278812086830379,0.6214089976470075,-22.224227769052757,16.568589925615875,34.03107336258376,-26.94839474491531,9.529343405477965,31.584827843666222,23.46378414639272,27.679302710625855,-4.215518564233136,False,False,False,28,6,0.6147917369546558,0.5588831561192789,8
9znb_chainA,4508,11,0.020523283630609512,Cryptic,0.7407565712928772,0.6577775478363037,339.3333435058594,1,5,0.6278812086830379,0.6154679987183203,-22.22498850925765,16.567835710676157,34.031256689217784,-27.5982629465969,9.831728734867934,32.296812197147034,23.46367247362816,26.831449432307007,-3.3677769586788457,False,False,False,28,6,0.5815696456113523,0.5450877979380394,12
9znb_chainA,1512,14,0.001372895436361432,Cryptic,0.7622089982032776,1.0,197.0,1,3,0.6980219059462129,0.593497212015716,-18.481765879072473,24.093580053172875,40.81130506660714,-15.679043842116297,25.30610697075755,37.58508934616137,18.955967818296646,22.632576490917625,-3.6766086726209792,False,False,False,25,6,0.578354225389287,0.567233847953939,7
9znb_chainA,4512,15,0.0018732218304648995,Allosteric,0.7622089982032776,0.9172373414039612,197.0,1,4,0.5543587151400194,0.6144293556435595,-17.694030560575,23.30558209001489,40.3588431806584,-12.262434672348176,21.99413997942666,42.24610361239988,20.051177710658298,24.521284304496557,-4.47010659383826,False,False,False,24,6,0.5797178024606073,0.5659522569746215,11
9znb_chainA,3514,16,0.0075246794149279594,Cryptic,0.7692350745201111,0.643610417842865,221.0,1,3,0.7791591906266998,0.6364583813814475,-8.641962843324508,5.493903837734844,22.403351770374847,-5.961013787782861,5.721657597953115,15.722573402529116,44.353693911416,50.08416022602531,-5.730466314609309,False,False,False,20,4,0.5936026310537855,0.5751063322155096,14
9znb_chainA,4506,18,0.0,Cryptic,0.6763845682144165,0.555988609790802,126.0,1,3,0.5335595608346626,0.5367814559191707,-19.504914307192173,20.170718577139684,24.949513865079933,-16.98901808877507,19.10752907944418,27.023103452010183,30.145631610415748,30.23244820197517,-0.08681659155942256,False,False,False,17,6,0.5375740974227385,0.5338587827115919,4
